Index,Anomaly_Score,Is_Outlier
0,0.10513898963924466,0
1,0.12435700332204654,0
2,0.027102252658725685,0
3,0.01575248610345521,0
4,0.15028462385097693,0
5,0.040080135589830035,0
6,0.024580594600605486,0
7,0.09007154186170206,0
8,0.09535353739828012,0
9,0.07522585139210596,0
10,0.14109844186118625,0
11,0.21844357148315902,1
12,0.08981883147326215,0
13,0.0684441405526207,0
14,0.04032606100597444,0
15,0.10587640904142007,0
16,0.03314968470012122,0
17,0.08076643639029045,0
18,0.014134162965765803,0
19,0.0010006549338156554,0
20,0.19517608303293082,1
21,0.005468392160872678,0
22,0.04986029236267374,0
23,0.026406922470766238,0
24,0.05708711228172346,0
25,0.016135383693063738,0
26,0.04957160960791567,0
27,0.01919087873396558,0
28,0.10025339700907568,0
29,0.003994490476030806,0
30,0.10620093416274048,0
31,0.04209115632645959,0
32,0.016452480636761784,0
33,0.12781116352706096,0
34,0.04098506954436454,0
35,0.03434099546621242,0
36,0.0065315675235261125,0
37,0.07341348052726164,0
38,0.025302692048179778,0
39,0.11665393475709693,0
40,0.1090214522546226,0
41,0.00545290644100993,0
42,0.0019703493178932457,0
43,0.04504424958388241,0
44,0.029686783639304125,0
45,0.0011148151651579822,0
46,0.07415026923444387,0
47,0.1153942799318441,0
48,0.11352669809238519,0
49,0.001979728508955995,0
50,0.07525548658728959,0
51,0.03756514676142057,0
52,0.01611080654044216,0
53,0.06860998321749792,0
54,0.05027266494426651,0
55,0.011046785745416562,0
56,0.11576072949558944,0
57,0.00889751666455499,0
58,0.06597310804995657,0
59,0.007463053589577255,0
60,0.09133791718131828,0
61,0.11897694897439966,0
62,0.010438148898367213,0
63,0.037582147835909505,0
64,0.04038154367002923,0
65,0.329829645286134,1
66,0.040223152944240614,0
67,0.02583199090716533,0
68,0.22214824879589337,1
69,0.09132130090920315,0
70,0.008954230513299015,0
71,0.0560122623292368,0
72,0.15883316934887093,0
73,0.043063330352730404,0
74,0.09811314882860575,0
75,0.007314991877356876,0
76,0.04974494363300959,0
77,0.012241627653443403,0
78,0.007634250106089106,0
79,0.022941008637426267,0
80,0.14073640303858087,0
81,0.0492972128432138,0
82,0.014010666478703082,0
83,0.10550259181528145,0
84,0.01547955912784828,0
85,0.04475405287600947,0
86,0.09441951204798059,0
87,0.08969426375293282,0
88,0.22032335301357955,1
89,0.08532299924997244,0
90,0.031361832681231876,0
91,0.08442120096708418,0
92,0.004937474888695056,0
93,0.043095337804367216,0
94,0.007644432892539702,0
95,0.05606072670306834,0
96,0.1331248242957265,0
97,0.04544320916148167,0
98,0.02099423688114969,0
99,0.046451865780224665,0
100,0.010896504906517553,0
101,0.12069337365618547,0
102,0.024417699968027562,0
103,0.0070507064403631855,0
104,0.03516633438194043,0
105,0.08847451895148892,0
106,0.006408393804724518,0
107,0.05202396225671836,0
108,0.13179049208649593,0
109,0.006964181045116343,0
110,0.12680258780867046,0
111,0.05271046336446443,0
112,0.04179831862852032,0
113,0.015968649529805732,0
114,0.007647525656247164,0
115,0.10426751556357039,0
116,0.009576112247913764,0
117,0.021208404968838565,0
118,0.06527843315886464,0
119,0.2251031746574391,1
120,0.032253763598373224,0
121,0.0062970379969284375,0
122,0.012367470864213097,0
123,0.022957740467787528,0
124,0.003609494191851052,0
125,0.010139102117457381,0
126,0.0687513903112956,0
127,0.04846074724879199,0
128,0.012612925047282042,0
129,0.05146100028444054,0
130,0.05062251705696739,0
131,0.1125150559782207,0
132,0.01205932117681608,0
133,0.00961869751085537,0
134,0.006218253731231948,0
135,0.09232501605589004,0
136,0.022822637804122643,0
137,0.02014659947776653,0
138,0.040966769216213755,0
139,0.016514253767707588,0
140,0.03411440845124584,0
141,0.009070130742098044,0
142,0.01356014158063074,0
143,0.04325268203777311,0
144,0.0740490502081399,0
145,0.05350416173431664,0
146,0.023309786433919233,0
147,0.16949390146438634,0
148,0.038199881370640974,0
149,0.07335319430072053,0
150,0.159536062411285,0
151,0.1264154035184992,0
152,0.05873290680643139,0
153,0.07019643937815205,0
154,0.01069576431357624,0
155,0.09637135307269702,0
156,0.028045850804558858,0
157,0.017334022384880902,0
158,0.06263084565969067,0
159,0.06502650870266505,0
160,0.05656764044730874,0
161,0.13884517640973507,0
162,0.051596384526606906,0
163,0.0609561883106151,0
164,0.008502324390101805,0
165,0.015274724497728716,0
166,0.06430615678076199,0
167,0.2723547032799443,1
168,0.061812543958427106,0
169,0.0027032083947899615,0
170,0.06680084223822048,0
171,0.009241267297056367,0
172,0.08244267766039894,0
173,0.0037316503928845374,0
174,0.03499258582642053,0
175,0.040212886920530815,0
176,0.09086000314095607,0
177,0.061797866681795564,0
178,0.002051342096886318,0
179,0.15290234445046186,0
180,0.17070195487032408,1
181,0.1281467450699226,0
182,0.15771698499344994,0
183,0.020734467970725024,0
184,0.03819051202736325,0
185,0.056664015810488404,0
186,0.16691108507964275,0
187,0.05515836993081409,0
188,0.11465786132881295,0
189,0.03935577324622808,0
190,0.07079516447507418,0
191,0.09967302354025488,0
192,0.08449015791459423,0
193,0.1685601981050395,0
194,0.12375098432950396,0
195,0.00898779396739752,0
196,0.0036933903662555926,0
197,0.10995924623860988,0
198,0.05536259809695956,0
199,0.053836628047872606,0
200,0.0017117597608999001,0
201,0.1420288214739301,0
202,0.0789210229161581,0
203,0.011274947370017137,0
204,0.014787100232311993,0
205,0.12093277651531757,0
206,0.014721814660455738,0
207,0.006482796592942967,0
208,0.018627839456152494,0
209,0.03707621525418556,0
210,0.0930083695991895,0
211,0.07111395354220894,0
212,0.011075714453875193,0
213,0.05179864417601034,0
214,0.05449083263516488,0
215,0.13512003804929099,0
216,0.004979072427651691,0
217,0.09252612942427678,0
218,0.12512059576248527,0
219,0.031998717948880005,0
220,0.10042358228281598,0
221,0.011440095148013236,0
222,0.01253594090472181,0
223,0.1285938278461898,0
224,0.15688634217754766,0
225,0.03087270421716123,0
226,0.04175382051561645,0
227,0.006657441923440525,0
228,0.019231517520010732,0
229,0.04506440857656413,0
230,0.009797693846834769,0
231,0.07966009738458209,0
232,0.16868860802103708,0
233,0.10324897918864331,0
234,0.019442405991191382,0
235,0.06266525173809877,0
236,0.07951737591398689,0
237,0.02973892891844814,0
238,0.016139823437591957,0
239,0.06413682804076387,0
240,0.10165554136906534,0
241,0.03990664894125676,0
242,0.0043785160526773025,0
243,0.10757920621356516,0
244,0.0817823092197134,0
245,0.09810261093384635,0
246,0.09446612496145411,0
247,0.0166179994453856,0
248,0.19342052154295947,1
249,0.008131556849020583,0
250,0.0289237522299776,0
251,0.014274588990806721,0
252,0.007503621092751275,0
253,0.03840043561710501,0
254,0.06108070685141144,0
255,0.011024258442216557,0
256,0.11193822503391179,0
257,0.12586021445040904,0
258,0.036435255099610646,0
259,0.04229584096070376,0
260,0.14769179889651457,0
261,0.023095297642346302,0
262,0.1908725133003595,1
263,0.062000841339598926,0
264,0.0649259101741368,0
265,0.036316606623980584,0
266,0.04063538002409913,0
267,0.04189047179645011,0
268,0.05328335140995131,0
269,0.037597861440249875,0
270,0.03786092851294649,0
271,0.1348839588311245,0
272,0.05067368278209039,0
273,0.033790655400111454,0
274,0.0037522034912667035,0
275,0.09209265581178941,0
276,0.10717460552649977,0
277,0.00249222945372752,0
278,0.03379091949400127,0
279,0.01959896854431026,0
280,0.07184035155217554,0
281,0.19007101030480525,1
282,0.042938116602041713,0
283,0.013484301707206344,0
284,0.07248343660310388,0
285,0.1717558922642139,1
286,0.13287445800426256,0
287,0.040640471330898036,0
288,0.027873549470558697,0
289,0.04017686963050551,0
290,0.05008899719440433,0
291,0.00337684882958047,0
292,0.021029481040615496,0
293,0.01136107082213537,0
294,0.002161527513641211,0
295,0.012308065379260732,0
296,0.013003141846576183,0
297,0.006574014788151938,0
298,0.10473405256041782,0
299,0.12006287506744721,0
300,0.04482841742045673,0
301,0.051954355677234346,0
302,0.02188502494845349,0
303,0.024969113459413366,0
304,0.05218316444907134,0
305,0.005116391519270732,0
306,0.07615419405479322,0
307,0.05910321395094111,0
308,0.03150333456663535,0
309,0.060049423914766094,0
310,0.08439793714357342,0
311,0.0070611316670490774,0
312,0.07467823511327522,0
313,0.14900435996688619,0
314,0.024932089027904912,0
315,0.007807777706799679,0
316,0.07773781080682972,0
317,0.04901470178642672,0
318,0.046843705042550136,0
319,0.012905094915911453,0
320,0.043047061345083855,0
321,0.08170878722540255,0
322,0.03386327132856667,0
323,0.09895710322655063,0
324,0.06371820404136917,0
325,0.24048084112509077,1
326,0.1591236925303066,0
327,0.019096638329734725,0
328,0.14791833792619738,0
329,0.028156716880511905,0
330,0.2417517069977657,1
331,0.07697668890138326,0
332,0.0621713758185589,0
333,0.1046207845091343,0
334,0.0033068599365958444,0
335,0.003927333570650108,0
336,0.005090005348048828,0
337,0.002696270492699123,0
338,0.014771283824570106,0
339,0.056709568164818605,0
340,0.0024354158960877706,0
341,0.06760146937028601,0
342,0.18530585660993218,1
343,0.2136937838064918,1
344,0.012853728055837193,0
345,0.06019540850287022,0
346,0.04676393885613268,0
347,0.014455023377034764,0
348,0.00469124199498346,0
349,0.002674261233626648,0
350,0.1449719618830073,0
351,0.13362415926029653,0
352,0.0078023950741940165,0
353,0.06218618137404566,0
354,0.06784880083542158,0
355,0.09817856424798134,0
356,0.010870794710286862,0
357,0.03000837911404548,0
358,0.04353671140592336,0
359,0.19110775818032025,1
360,0.023075757231086045,0
361,0.04851214147577549,0
362,0.04226783055152683,0
363,0.07604829184089557,0
364,0.0012094101566206235,0
365,0.06700477025162598,0
366,0.016203881237736795,0
367,0.07242501817113538,0
368,0.004649117960399515,0
369,0.03698219000662166,0
370,0.09977642227707637,0
371,0.15512782350343995,0
372,0.043266312196149334,0
373,0.03984297995539142,0
374,0.03575569197357549,0
375,0.010728177779180396,0
376,0.06577818580392897,0
377,0.09179993538098108,0
378,0.05550612242460843,0
379,0.016182758690541983,0
380,0.022826223043727938,0
381,0.03559658448695902,0
382,0.1069633486298251,0
383,0.09452606538503255,0
384,0.054051763473359306,0
385,0.02668382948798236,0
386,0.1321550841545899,0
387,0.14672115488109436,0
388,0.010787648906160375,0
389,0.06779063458560969,0
390,0.004397091484875615,0
391,0.18398853520906963,1
392,0.03943581907990495,0
393,0.023775664597469583,0
394,0.07087263496995679,0
395,0.006810373708679155,0
396,0.04056527668559711,0
397,0.003250288996320472,0
398,0.03283218885813076,0
399,0.01644028065991784,0
400,0.025133047554617427,0
401,0.02722528478577817,0
402,0.08112552776613165,0
403,0.00900198610928095,0
404,0.021696869507997835,0
405,0.08561845894577393,0
406,0.044709386536409386,0
407,0.020286410054364816,0
408,0.09190790674432989,0
409,0.008789564864203132,0
410,0.009561704935526594,0
411,0.04205222516362428,0
412,0.0460591936750987,0
413,0.10631988174496089,0
414,0.10457098788304098,0
415,0.04862932479252845,0
416,0.015812127128445316,0
417,0.019149019720168484,0
418,0.010613612100335823,0
419,0.009223019318043212,0
420,0.09548406854832711,0
421,0.01447721879897635,0
422,0.017373710433643174,0
423,0.07697478719802003,0
424,0.015483772089764657,0
425,0.019471113449960678,0
426,0.054044434319939556,0
427,0.033752673913173596,0
428,0.16366178152078498,0
429,0.046021136015793274,0
430,0.010842670222234573,0
431,0.004768702196681263,0
432,0.011352758475794252,0
433,0.034769639374476205,0
434,0.0914904186336401,0
435,0.028606837296760404,0
436,0.1195171337506259,0
437,0.03207998041151119,0
438,0.04032789693892163,0
439,0.13964854497440018,0
440,0.06721776229101607,0
441,0.10061069589481392,0
442,0.03028116234581116,0
443,0.012836468346788013,0
444,0.011114676679307146,0
445,0.044128735380437226,0
446,0.02223968737182934,0
447,0.11467295634358612,0
448,0.06645390705901473,0
449,0.13728610153384452,0
450,0.01732578114168635,0
451,0.015847150194481248,0
452,0.052132526972100156,0
453,0.08390736219807017,0
454,0.1801689104045647,1
455,0.08387692716015477,0
456,0.043243499099370225,0
457,0.11262834474941735,0
458,0.06414556134921766,0
459,0.059789226581496116,0
460,0.010485641911745436,0
461,0.026292503468386186,0
462,0.11977780740484019,0
463,0.02374165956548432,0
464,0.11399945882523564,0
465,0.027096814422867176,0
466,0.011166526375877532,0
467,0.03376389040761683,0
468,0.18568539743276896,1
469,0.017259924410262584,0
470,0.015007064541520418,0
471,0.033175775080271475,0
472,0.009269072215311718,0
473,0.08731100113371631,0
474,0.022192302594311566,0
475,0.009121981961665122,0
476,0.036045078521457566,0
477,0.05389949767318247,0
478,0.14988019762399973,0
479,0.0011924728828167197,0
480,0.12289893820768952,0
481,0.05875839050475624,0
482,0.08149869944661135,0
483,0.025868571898189658,0
484,0.0047592854131527805,0
485,0.022195447377270527,0
486,0.0473352765539854,0
487,0.03598798355373979,0
488,0.037734792033631635,0
489,0.02526487844139697,0
490,0.003979065553268554,0
491,0.020919158764076816,0
492,0.18090069766218425,1
493,0.055227188681036196,0
494,0.05001915833146053,0
495,0.023524587710174124,0
496,0.015858748684430417,0
497,0.013601791244015882,0
498,0.02971868114224636,0
499,0.11409760532256401,0
500,0.0754424732680489,0
501,0.011308121000607185,0
502,0.04350017473613284,0
503,0.04511280832247385,0
504,0.061303962493270844,0
505,0.006325045002556507,0
506,0.07738341948084589,0
507,0.06262837671838117,0
508,0.045589996546696036,0
509,0.04414149894873178,0
510,0.13334552522472898,0
511,0.01998337795280129,0
512,0.14690992625854213,0
513,0.00972866876571367,0
514,0.007701641212867997,0
515,0.13906671084567446,0
516,0.036090200592059925,0
517,0.009054085759805612,0
518,0.021549525742165843,0
519,0.0362020513849147,0
520,0.031171064967620645,0
521,0.2413692434917647,1
522,0.11557761865872986,0
523,0.0425433375365573,0
524,0.029347297873116053,0
525,0.0384062375211824,0
526,0.04501188000394107,0
527,0.09783220826247359,0
528,0.04036457470190726,0
529,0.1711261351537878,1
530,0.04638249068973169,0
531,0.08762022650845104,0
532,0.08591436733227326,0
533,0.09099740781587595,0
534,0.008152538088645755,0
535,0.06506974124015831,0
536,0.013084149012242226,0
537,0.046231612691276174,0
538,0.14655101361383682,0
539,0.02792040579529008,0
540,0.039267631750079975,0
541,0.01483714911928995,0
542,0.02376878895142138,0
543,0.17669003020994145,1
544,0.12583229755889389,0
545,0.035632781600872215,0
546,0.0022670279229956456,0
547,0.00279949117026869,0
548,0.08845891805154388,0
549,0.02972254558633069,0
550,0.09029752159961865,0
551,0.10633406373600378,0
552,0.02798797268241587,0
553,0.030497410773151313,0
554,0.04344785285770647,0
555,0.16691458241112517,0
556,0.005255800215991487,0
557,0.04998594348606965,0
558,0.01718040984808906,0
559,0.0456621908174443,0
560,0.0888183100526246,0
561,0.027095365467221903,0
562,0.008101693339153811,0
563,0.06751457284228936,0
564,0.18169931286302482,1
565,0.0390576565171944,0
566,0.0126169728032047,0
567,0.052332211338675313,0
568,0.007958240225327614,0
569,0.0663260727577543,0
570,0.11838701025377946,0
571,0.006906218720826255,0
572,0.04394476170388815,0
573,0.10033050042900804,0
574,0.02590414695949853,0
575,0.02645066439563315,0
576,0.1559675322497244,0
577,0.1347851434192088,0
578,0.01517150969841002,0
579,0.06841690043595598,0
580,0.03322734005761247,0
581,0.1724725311076796,1
582,0.10658578703861761,0
583,0.031004658706803852,0
584,0.04610162544399066,0
585,0.013477779762590606,0
586,0.004078359377200765,0
587,0.19707123307156388,1
588,0.0645114387251063,0
589,0.1947923872453944,1
590,0.10449982172082815,0
591,0.024435684411962873,0
592,0.03345411230293605,0
593,0.035535185737191645,0
594,0.047546776020528966,0
595,0.0134486591624704,0
596,0.0047848211878251945,0
597,0.030242130944222796,0
598,0.030178844814061013,0
599,0.13692759901985152,0
600,0.04036224393111952,0
601,0.022524130283160863,0
602,0.04851676186082781,0
603,0.04153008111463921,0
604,0.003830069420607751,0
605,0.009800504884883553,0
606,0.04902737689777772,0
607,0.058700979202725725,0
608,0.026108473359853054,0
609,0.005661915923966847,0
610,0.2343477345810602,1
611,0.06424852767695291,0
612,0.019218434794346283,0
613,0.0269225384209851,0
614,0.0264559404470477,0
615,0.04308159877878778,0
616,0.029755508134971773,0
617,0.0413939840267492,0
618,0.013497481094339488,0
619,0.033745155687085075,0
620,0.035705710307009024,0
621,0.005267519321309533,0
622,0.026534518980176204,0
623,0.037328202474346095,0
624,0.004875926409160303,0
625,0.010157671804168274,0
626,0.028777416200970674,0
627,0.003234068758537082,0
628,0.014346652651962725,0
629,0.11321889879124525,0
630,0.05438445704169599,0
631,0.02426936970047504,0
632,0.07440383989231694,0
633,0.0034184739842892794,0
634,0.020456955691483685,0
635,0.03295227130194566,0
636,0.007867653866582607,0
637,0.005411386636286827,0
638,0.1189390550989312,0
639,0.044398419247237836,0
640,0.010908104012073353,0
641,0.1322428721245643,0
642,0.05847955790302676,0
643,0.09729535989860562,0
644,0.05030725374719394,0
645,0.21547451282387667,1
646,0.11633255040268325,0
647,0.01289281019550194,0
648,0.034920539209780034,0
649,0.024567618147877314,0
650,0.001508643227778461,0
651,0.12671868299946537,0
652,0.0014654160191612364,0
653,0.14014217273490173,0
654,0.007224523814912846,0
655,0.00821203549546033,0
656,0.12082756031902038,0
657,0.023837733632161278,0
658,0.05540578369628119,0
659,0.10447977966553398,0
660,0.028979604064660498,0
661,0.0781759592337407,0
662,0.0953461486443258,0
663,0.03966166723241281,0
664,0.029407186159890554,0
665,0.020910466377789823,0
666,0.10576417531126978,0
667,0.007696588198631978,0
668,0.036828393165660854,0
669,0.06602139642184897,0
670,0.2018162704711286,1
671,0.0056834300427883585,0
672,0.056247285299444366,0
673,0.010727538676180547,0
674,0.03395091976661161,0
675,0.037338642921322204,0
676,0.03120291352380377,0
677,0.11892176527587764,0
678,0.0571408702406997,0
679,0.1461546058279965,0
680,0.0461380750525401,0
681,0.001119702860661757,0
682,0.09050523856120456,0
683,0.08079209519550716,0
684,0.010035837013867559,0
685,0.08921244572815264,0
686,0.09175589300063308,0
687,0.011507400091205123,0
688,0.018647495120589268,0
689,0.019526731424636627,0
690,0.19232316512425965,1
691,0.06272051643306746,0
692,0.052716500537282336,0
693,0.0892221459700234,0
694,0.024712175838335463,0
695,0.0010748438186606165,0
696,0.0970278574521214,0
697,0.06801373346416571,0
698,0.1641501941540018,0
699,0.1887809819418652,1
700,0.045071291521861,0
701,0.03703681829268333,0
702,0.07230853289466088,0
703,0.11035569722939531,0
704,0.05973151827027084,0
705,0.037671580224303725,0
706,0.04854828314705527,0
707,0.014896828199457332,0
708,0.04082394872675398,0
709,0.010321326437174887,0
710,0.0587141043295428,0
711,0.0259111003293894,0
712,0.14666853209029831,0
713,0.06005696718698868,0
714,0.002873362852920199,0
715,0.009870755950836174,0
716,0.01831870580415463,0
717,0.053968946468608635,0
718,0.0026871826247848525,0
719,0.12232933978476425,0
720,0.009426836395793092,0
721,0.0022095214292879193,0
722,0.020687179712250727,0
723,0.04072064251789174,0
724,0.03816481731001305,0
725,0.05936202444825037,0
726,0.10215133438689081,0
727,0.024250625222326468,0
728,0.12854422878863905,0
729,0.1345830725540012,0
730,0.010326020266723445,0
731,0.009162824868663858,0
732,0.09797305186380033,0
733,0.0074131213408308305,0
734,0.021894847315321844,0
735,0.13446696337623132,0
736,0.02192218901416847,0
737,0.1632679308358783,0
738,0.010298023707147497,0
739,0.08943352426241938,0
740,0.03252989304781979,0
741,0.02789467489140855,0
742,0.06023486769733041,0
743,0.13153548685998243,0
744,0.03269511353523602,0
745,0.06796341891843602,0
746,0.013485015372042105,0
747,0.018079490055955803,0
748,0.03199817505133807,0
749,0.02143350502893248,0
750,0.12277272618720722,0
751,0.10777593039803435,0
752,0.09457308124771074,0
753,0.1186570942491569,0
754,0.0700593044552165,0
755,0.08690004674123201,0
756,0.1446796281462898,0
757,0.13636407352863406,0
758,0.08010931675320672,0
759,0.0034427839717912595,0
760,0.11722125720442947,0
761,0.04447490370792482,0
762,0.13275414434827196,0
763,0.14096270699756167,0
764,0.0034048242246979368,0
765,0.08061090815973768,0
766,0.06137105592856238,0
767,0.13029950257088777,0
768,0.023976882798816247,0
769,0.003122285518983651,0
770,0.11054718414745496,0
771,0.02327613161923093,0
772,0.0045061035290858325,0
773,0.006910861830887553,0
774,0.13831490331523752,0
775,0.07671028889667092,0
776,0.052514625445799996,0
777,0.03251385319255372,0
778,0.19455408548638106,1
779,0.18285964254067882,1
780,0.08404943644012818,0
781,0.14694354859761033,0
782,0.014364306145081293,0
783,0.026917486499636004,0
784,0.12217391116294281,0
785,0.06040498061086486,0
786,0.020108205295178056,0
787,0.1366929879108726,0
788,0.013696042885501065,0
789,0.07283448166211416,0
790,0.08914740790021464,0
791,0.04706997860414241,0
792,0.0295112437342881,0
793,0.026494938033608428,0
794,0.04829789631798931,0
795,0.02170725707581654,0
796,0.001138453174208435,0
797,0.05767480012150462,0
798,0.07983396651359535,0
799,0.04501140145055423,0
800,0.04615027669393741,0
801,0.03159854725915057,0
802,0.07485751951753902,0
803,0.023434862178011214,0
804,0.04571538065477628,0
805,0.10165911585639748,0
806,0.12487847364316615,0
807,0.06507037789390155,0
808,0.06250668288711202,0
809,0.22940818175542219,1
810,0.1844289731385641,1
811,0.19255579269450016,1
812,0.023454961222415607,0
813,0.14839984097594808,0
814,0.03626533084990151,0
815,0.052851740683512734,0
816,0.05608224716586645,0
817,0.12191711811554808,0
818,0.021804808157085957,0
819,0.0895659789256516,0
820,0.10133814447876789,0
821,0.02255467482090258,0
822,0.24714955125167454,1
823,0.0017179529690146468,0
824,0.004222920400420642,0
825,0.04796142183885273,0
826,0.07184235236429247,0
827,0.05368097506048022,0
828,0.11087123962040811,0
829,0.1633555425417219,0
830,0.09705277601311116,0
831,0.02523759492737768,0
832,0.07309836067035039,0
833,0.11988347190514866,0
834,0.04689300287658043,0
835,0.051127932372761295,0
836,0.0034498347547191016,0
837,0.02222580418636815,0
838,0.1546093792589599,0
839,0.012579720635599792,0
840,0.04774273231824231,0
841,0.054782725391711126,0
842,0.015336950956718269,0
843,0.025728037774916043,0
844,0.021654780010839862,0
845,0.05792186529765116,0
846,0.1361032967138076,0
847,0.15374230855005433,0
848,0.06250884116449923,0
849,0.12442785215473294,0
850,0.12109549325032336,0
851,0.02786765116759601,0
852,0.05997134409254182,0
853,0.016789730016725502,0
854,0.016253641232566243,0
855,0.056932644318647446,0
856,0.016335762703875125,0
857,0.01436509754784873,0
858,0.014310605514300538,0
859,0.005852100519697978,0
860,0.007506163484473831,0
861,0.2057892464504255,1
862,0.023617670520786206,0
863,0.006368442236874375,0
864,0.0334850267510236,0
865,0.008943187249807435,0
866,0.14482646622436865,0
867,0.1622283824615343,0
868,0.025629087605855368,0
869,0.003918704597521609,0
870,0.047267315531552626,0
871,0.01582584506350999,0
872,0.030772356795517545,0
873,0.011395414076708616,0
874,0.01848815795695474,0
875,0.022839976398050073,0
876,0.05624305760732735,0
877,0.028462848724340423,0
878,0.0962244816492454,0
879,0.10780706011890559,0
880,0.06872189731006575,0
881,0.0033833272185431083,0
882,0.026146959194536395,0
883,0.018509014156637874,0
884,0.014171065828245611,0
885,0.012397744574751927,0
886,0.05969499510198636,0
887,0.05589696044810793,0
888,0.019546860989881978,0
889,0.08140629725120391,0
890,0.021560145903369646,0
891,0.17527714332712502,1
892,0.05120363200708152,0
893,0.047600264302479774,0
894,0.021322468257592306,0
895,0.0011669568646565172,0
896,0.11453240401585589,0
897,0.022046998229331108,0
898,0.10292466915502928,0
899,0.05847624257056091,0
900,0.02794007941623815,0
901,0.0731174911499587,0
902,0.07897909624761225,0
903,0.08715136576627834,0
904,0.11225728032118777,0
905,0.1837830313218947,1
906,0.10229543384166506,0
907,0.01844698201629323,0
908,0.007975223450206655,0
909,0.14005914390496174,0
910,0.05175560668507339,0
911,0.07250064218608923,0
912,0.026250748797006892,0
913,0.06130054522014708,0
914,0.02999712704701294,0
915,0.0027122954835133717,0
916,0.05841852411918466,0
917,0.004880850207414052,0
918,0.01297162527631852,0
919,0.03688262017816517,0
920,0.034499707174990304,0
921,0.026949986688419074,0
922,0.061397619314707545,0
923,0.06178056953941253,0
924,0.008146107279195876,0
925,0.1469037847026888,0
926,0.008232892688860797,0
927,0.006994210199433256,0
928,0.08305575131959325,0
929,0.004408279263953248,0
930,0.05592365200441147,0
931,0.1776502124887669,1
932,0.08359158315761575,0
933,0.041440352659495604,0
934,0.009982305451839727,0
935,0.03160712152757736,0
936,0.050976717261297926,0
937,0.2648530369311028,1
938,0.04039396410042241,0
939,0.06715044589466973,0
940,0.016420496420752474,0
941,0.018481944280246514,0
942,0.04447748942596331,0
943,0.019217848829850656,0
944,0.004870194746415205,0
945,0.06389751807573442,0
946,0.005244682820987571,0
947,0.013487717639880584,0
948,0.11872642066734666,0
949,0.12036556557813417,0
950,0.1578174399560882,0
951,0.016765065148400423,0
952,0.17898940341987654,1
953,0.06893291962206057,0
954,0.044326940555884105,0
955,0.19958539437322548,1
956,0.03450317981871339,0
957,0.11171078621290793,0
958,0.1649927893910886,0
959,0.12741145560556755,0
960,0.1502497858923906,0
961,0.07110686951590685,0
962,0.037630264396729035,0
963,0.05929515612573792,0
964,0.07112025060107403,0
965,0.011055840343755381,0
966,0.04482170841825026,0
967,0.0391739582373481,0
968,0.1228638598342894,0
969,0.0904449618572922,0
970,0.18766838073482126,1
971,0.0151481094008543,0
972,0.044944759004317714,0
973,0.06486951992787764,0
974,0.050964227780395645,0
975,0.016087532955616556,0
976,0.030956073460202252,0
977,0.09919832628057058,0
978,0.03129089892980549,0
979,0.08128822769427566,0
980,0.005378937185041876,0
981,0.01583233287576506,0
982,0.11881090512225552,0
983,0.01508957772228358,0
984,0.037222090479633166,0
985,0.10974804212033326,0
986,0.2874796421864504,1
987,0.015051370051062022,0
988,0.0805447677219315,0
989,0.07523209540914026,0
990,0.14793034258463938,0
991,0.10231800676638816,0
992,0.013010819557525513,0
993,0.1596681881022631,0
994,0.0040344999531504245,0
995,0.11300966426194924,0
996,0.11456100788440006,0
997,0.004557793511160775,0
998,0.0785008583920488,0
999,0.08493742405782685,0
1000,0.058647836814749506,0
1001,0.08713572215887053,0
1002,0.006833930905097785,0
1003,0.008380966038807796,0
1004,0.017070684788259075,0
1005,0.006987737684673653,0
1006,0.04718448461300462,0
1007,0.009551538293460374,0
1008,0.08009347774776461,0
1009,0.04423670416327075,0
1010,0.07076454485537192,0
1011,0.13260583228463688,0
1012,0.16447900850469255,0
1013,0.03656679982766341,0
1014,0.1768637792299337,1
1015,0.026668468236461615,0
1016,0.10783654221623025,0
1017,0.09277248173108474,0
1018,0.06069049801881325,0
1019,0.06616190933646303,0
1020,0.10418114718925504,0
1021,0.13740747266283077,0
1022,0.20618194392382255,1
1023,0.08130744796159943,0
1024,0.012411786651277571,0
1025,0.05055691673103488,0
1026,0.1499744516776498,0
1027,0.1170483390717024,0
1028,0.09572787274432122,0
1029,0.11308763672773638,0
1030,0.1164189938811156,0
1031,0.005439383043759912,0
1032,0.03036962888659011,0
1033,0.04011285812116469,0
1034,0.08118880805667926,0
1035,0.06745369623269319,0
1036,0.05875652722660691,0
1037,0.032860314072889606,0
1038,0.009861064296601215,0
1039,0.11240255310346914,0
1040,0.02533008871115221,0
1041,0.22988748262578815,1
1042,0.02793668910870491,0
1043,0.04406042652558948,0
1044,0.009694835127176312,0
1045,0.005290080518222521,0
1046,0.05927659986223444,0
1047,0.0771338124362798,0
1048,0.004578673522834017,0
1049,0.06721260265006727,0
1050,0.05608713705883619,0
1051,0.04289717451962265,0
1052,0.20419143642360876,1
1053,0.04217423290688836,0
1054,0.09662033247967487,0
1055,0.004480071398191931,0
1056,0.07828946476341488,0
1057,0.005940199479291963,0
1058,0.06118087157560451,0
1059,0.13250421184822014,0
1060,0.03574855269894309,0
1061,0.012340988735760498,0
1062,0.01133596817799279,0
1063,0.06241380422082201,0
1064,0.03325570740847845,0
1065,0.019441823188162965,0
1066,0.05450441165911964,0
1067,0.055672132484388355,0
1068,0.08809825601167183,0
1069,0.10420289463092063,0
1070,0.030678259385138774,0
1071,0.10819978561180287,0
1072,0.1861239197255507,1
1073,0.19333448726922733,1
1074,0.07809294012662932,0
1075,0.09829181986406163,0
1076,0.015583384372567462,0
1077,0.1787326096291219,1
1078,0.012114987846667166,0
1079,0.07740131059950468,0
1080,0.07634085417894727,0
1081,0.01548490907909211,0
1082,0.0050875783669877515,0
1083,0.007889723029125295,0
1084,0.062255588338603327,0
1085,0.05304409399984433,0
1086,0.005125347297891277,0
1087,0.039164253224260974,0
1088,0.010032991787967223,0
1089,0.11577209864884574,0
1090,0.018251027036582754,0
1091,0.00687303971012588,0
1092,0.048537814997078606,0
1093,0.004635093036198031,0
1094,0.08110526070438136,0
1095,0.019907100173929736,0
1096,0.09816797488523996,0
1097,0.0242562951349169,0
1098,0.04618686820323586,0
1099,0.0337468692044676,0
1100,0.17614593112758578,1
1101,0.05106148243043872,0
1102,0.13024059729528317,0
1103,0.047945644988803805,0
1104,0.03772392459214703,0
1105,0.11108834390312919,0
1106,0.0020410874420362674,0
1107,0.007115878297300767,0
1108,0.024223618913529636,0
1109,0.03246551940781509,0
1110,0.04640262489699023,0
1111,0.00972969907229342,0
1112,0.0219513844692677,0
1113,0.07214940740396228,0
1114,0.016983850792049886,0
1115,0.04376754754360281,0
1116,0.10976906843914332,0
1117,0.09651190301673127,0
1118,0.01560083073791499,0
1119,0.05485800821485281,0
1120,0.03851126789661275,0
1121,0.03172596243302421,0
1122,0.15406657772814292,0
1123,0.0949618136364104,0
1124,0.2281579755761499,1
1125,0.01937683194147221,0
1126,0.11521910937669765,0
1127,0.034165971720024,0
1128,0.0008780800292204368,0
1129,0.03685178340753405,0
1130,0.016054831205353382,0
1131,0.06967236562970364,0
1132,0.028736840465866286,0
1133,0.04758544514421279,0
1134,0.011622061626926184,0
1135,0.07375902419041432,0
1136,0.13158284845963358,0
1137,0.005006527917890173,0
1138,0.07724333029607103,0
1139,0.04623442190759119,0
1140,0.10554075199773491,0
1141,0.08962492357821855,0
1142,0.11621283840839114,0
1143,0.05782308249942863,0
1144,0.13279316509016295,0
1145,0.06226143157274586,0
1146,0.01354796359400891,0
1147,0.27362624367993454,1
1148,0.044504684725674266,0
1149,0.09967002288613583,0
1150,0.03661510879597242,0
1151,0.06890550709103739,0
1152,0.03636136636117093,0
1153,0.07078342093177549,0
1154,0.08391707583474614,0
1155,0.04395890849326942,0
1156,0.11060046329586785,0
1157,0.04201122563385548,0
1158,0.07555479527287406,0
1159,0.045955135203975636,0
1160,0.07995199807614468,0
1161,0.004528693059781608,0
1162,0.16252762022996106,0
1163,0.2189322374902812,1
1164,0.006439464465184175,0
1165,0.09222426531285871,0
1166,0.06715583808343999,0
1167,0.014861153130513172,0
1168,0.06254399441693438,0
1169,0.014734684072070991,0
1170,0.03711900804387891,0
1171,0.05445586791548371,0
1172,0.15638451302906736,0
1173,0.003567351444601689,0
1174,0.2896075454201246,1
1175,0.053827316698002996,0
1176,0.010033244296003267,0
1177,0.02746194729109152,0
1178,0.025998663887333975,0
1179,0.00826457130392407,0
1180,0.04116910701167908,0
1181,0.018577873060947752,0
1182,0.08638144269810724,0
1183,0.005676720247371662,0
1184,0.006943454192526466,0
1185,0.024974443167897393,0
1186,0.08253589033722844,0
1187,0.039128614786673586,0
1188,0.1568619478117318,0
1189,0.006007870181487399,0
1190,0.08061992834167388,0
1191,0.013781801977230194,0
1192,0.022419360439542617,0
1193,0.13768763135657391,0
1194,0.02792665584602601,0
1195,0.0026227486687303053,0
1196,0.034699011687421386,0
1197,0.110619049675476,0
1198,0.03817755254297747,0
1199,0.040856674613960774,0
1200,0.06665366820503692,0
1201,0.015474092639146697,0
1202,0.01782703937193808,0
1203,0.13872589663990523,0
1204,0.029339569827554177,0
1205,0.1088369487523662,0
1206,0.007818815182494913,0
1207,0.1929203779220856,1
1208,0.060707800286453194,0
1209,0.1542519843455519,0
1210,0.06388033258493023,0
1211,0.013172657946588114,0
1212,0.10442622345647176,0
1213,0.02331701031883641,0
1214,0.0354616894875638,0
1215,0.039729561416705104,0
1216,0.1060430064322256,0
1217,0.025807754459234,0
1218,0.003813515594021973,0
1219,0.12966571723613854,0
1220,0.1649119649314334,0
1221,0.06822673915433854,0
1222,0.056851427834379506,0
1223,0.01359971066522289,0
1224,0.0558049449413288,0
1225,0.0508588563659972,0
1226,0.02925683147022385,0
1227,0.12470175672257564,0
1228,0.050959908364896424,0
1229,0.01551778832257705,0
1230,0.007030277819205074,0
1231,0.045414453593298036,0
1232,0.05987021732640662,0
1233,0.03851195131849758,0
1234,0.03560926165208263,0
1235,0.01523390478756396,0
1236,0.1865506082661909,1
1237,0.06375758995363563,0
1238,0.03530613599618877,0
1239,0.06674373501282495,0
1240,0.03064399663307739,0
1241,0.11250641866768597,0
1242,0.0029892429709099813,0
1243,0.1557442076559404,0
1244,0.007218657001839168,0
1245,0.08704193542120511,0
1246,0.05140773540452606,0
1247,0.03148932299160274,0
1248,0.22911094419360298,1
1249,0.033604045806641294,0
1250,0.1144195741034846,0
1251,0.183519938992359,1
1252,0.006078830241246528,0
1253,0.021820765603812898,0
1254,0.0674893978251243,0
1255,0.10624565700530585,0
1256,0.003655642603385904,0
1257,0.08414552121458045,0
1258,0.004490738344098817,0
1259,0.044953877753737916,0
1260,0.05208714310879837,0
1261,0.02479839327513568,0
1262,0.01363728792957426,0
1263,0.0716724473838993,0
1264,0.013047626186031147,0
1265,0.020947847291697252,0
1266,0.004681146917901432,0
1267,0.032153349488965394,0
1268,0.17866566629125794,1
1269,0.20246041951263863,1
1270,0.012424205977489552,0
1271,0.10090672781719603,0
1272,0.13477097626966952,0
1273,0.03585603278887205,0
1274,0.014814962622150074,0
1275,0.010025466800907656,0
1276,0.02572448620365153,0
1277,0.07231959967157102,0
1278,0.03531632930460892,0
1279,0.007330494713428052,0
1280,0.0633543205944749,0
1281,0.023056654914195108,0
1282,0.13472734623415578,0
1283,0.014598740580693525,0
1284,0.09593058103228165,0
1285,0.18297310719272553,1
1286,0.19005442987532947,1
1287,0.11427845291594799,0
1288,0.02452242348238282,0
1289,0.018795948391305658,0
1290,0.12165774699746133,0
1291,0.00405497362346543,0
1292,0.15528742399515053,0
1293,0.2593281079475393,1
1294,0.2290633294110953,1
1295,0.050824085610890184,0
1296,0.024705697969997754,0
1297,0.05214169151189287,0
1298,0.008232447995052435,0
1299,0.11748252362437771,0
1300,0.08902817745608615,0
1301,0.058815485453976746,0
1302,0.08814635427275329,0
1303,0.08536023334551948,0
1304,0.0017567396453315029,0
1305,0.03735750778971422,0
1306,0.017145317571489353,0
1307,0.03386554203385402,0
1308,0.02786055360891908,0
1309,0.014606042901541778,0
1310,0.09480251662965783,0
1311,0.08944312095321809,0
1312,0.04073265029698703,0
1313,0.0547516194654798,0
1314,0.16438217244388698,0
1315,0.12654487605341927,0
1316,0.10367230896421362,0
1317,0.018218852793201307,0
1318,0.037614907582220296,0
1319,0.1686699696057698,0
1320,0.07387323003333039,0
1321,0.039095693716556496,0
1322,0.022745266244030584,0
1323,0.11716356821492736,0
1324,0.01656668674036074,0
1325,0.09812296702919619,0
1326,0.014466491640103392,0
1327,0.07394573282264032,0
1328,0.013881506497631904,0
1329,0.13216078730596922,0
1330,0.0023278414517862315,0
1331,0.02608455231501859,0
1332,0.004217941134360692,0
1333,0.031122953558449375,0
1334,0.06297951403992479,0
1335,0.039790667015787054,0
1336,0.015287294962672338,0
1337,0.05846886480831288,0
1338,0.034727653281361896,0
1339,0.016242494199015963,0
1340,0.2307895288457154,1
1341,0.010992530176254655,0
1342,0.009297571672506473,0
1343,0.0602152288305065,0
1344,0.03579126977344435,0
1345,0.05834885533925238,0
1346,0.010134908139052068,0
1347,0.01031195474496597,0
1348,0.03425072443145321,0
1349,0.07517445476892153,0
1350,0.004986320840919256,0
1351,0.04121578903702568,0
1352,0.02572199951486199,0
1353,0.037995961093060845,0
1354,0.03380624871819972,0
1355,0.013215907568648795,0
1356,0.010854039687127186,0
1357,0.04042665985211951,0
1358,0.045652755570441746,0
1359,0.1594684020347469,0
1360,0.06328035691122084,0
1361,0.020327003315691334,0
1362,0.06398636516816185,0
1363,0.035004850192794666,0
1364,0.05175996926339173,0
1365,0.04482957344938961,0
1366,0.06553432009292373,0
1367,0.01393484456969826,0
1368,0.03350333034260555,0
1369,0.07557209790374267,0
1370,0.059868103006670566,0
1371,0.09096903945799334,0
1372,0.052841477769569045,0
1373,0.06176760716943689,0
1374,0.12237547225099617,0
1375,0.15640417851094976,0
1376,0.05485784176432491,0
1377,0.030392394296825453,0
1378,0.03403835204755598,0
1379,0.03936896478597939,0
1380,0.051769082377935476,0
1381,0.10001082832547663,0
1382,0.08379821077029748,0
1383,0.1562861527499362,0
1384,0.14861100231758934,0
1385,0.08309887725815071,0
1386,0.16076259588533065,0
1387,0.07249969184733512,0
1388,0.034436804326351884,0
1389,0.0875544825502031,0
1390,0.030829784714529743,0
1391,0.03188125135256292,0
1392,0.04700560796902418,0
1393,0.001626883479213655,0
1394,0.05877513935685775,0
1395,0.04497235110303273,0
1396,0.027670484251265712,0
1397,0.11076929388120291,0
1398,0.04086079922695765,0
1399,0.020839222991178775,0
1400,0.03205400786760723,0
1401,0.0375282868700679,0
1402,0.010410150447990178,0
1403,0.028882899766420698,0
1404,0.013173435831762352,0
1405,0.09890865755810437,0
1406,0.005114190931323718,0
1407,0.042862869195224654,0
1408,0.010097938316809659,0
1409,0.0072911275944358344,0
1410,0.009693418816427882,0
1411,0.049634376095191376,0
1412,0.028724740998551268,0
1413,0.08089548829022446,0
1414,0.05220631553239786,0
1415,0.013545051374227604,0
1416,0.06036587718336108,0
1417,0.11961760817949818,0
1418,0.023332034948609203,0
1419,0.06033053107193291,0
1420,0.0788122262030006,0
1421,0.14969444112550556,0
1422,0.062413429658438185,0
1423,0.030872261316299787,0
1424,0.1190885407848531,0
1425,0.042595424064417096,0
1426,0.008223101619607634,0
1427,0.04201063283259434,0
1428,0.028457561232370303,0
1429,0.09321068234446234,0
1430,0.04833272054401485,0
1431,0.009808812841829358,0
1432,0.027221063471827015,0
1433,0.012220610881104096,0
1434,0.09910817567197773,0
1435,0.013879628005815058,0
1436,0.08671135715174891,0
1437,0.007156161704465462,0
1438,0.06757671126342316,0
1439,0.027664752454946172,0
1440,0.03415667693100266,0
1441,0.03772942562226271,0
1442,0.017067906719432126,0
1443,0.12161551755341721,0
1444,0.08413818189013347,0
1445,0.021166799395296747,0
1446,0.03808464814233798,0
1447,0.14641699721738927,0
1448,0.007607319297129108,0
1449,0.0918913631052424,0
1450,0.006546789911895708,0
1451,0.010959074983053759,0
1452,0.021847529243466276,0
1453,0.038873034807558556,0
1454,0.006671505879388339,0
1455,0.07200096953395625,0
1456,0.02524720135365722,0
1457,0.19387756182094068,1
1458,0.051764858759282245,0
1459,0.0036848704843982652,0
1460,0.01682696600685236,0
1461,0.09436222928070356,0
1462,0.005227589520118303,0
1463,0.07726156009306631,0
1464,0.06927244882505232,0
1465,0.029795631873587396,0
1466,0.005128048422327036,0
1467,0.043007259734839445,0
1468,0.02143454303195595,0
1469,0.02864460287808456,0
1470,0.0402050709177115,0
1471,0.09071705338923275,0
1472,0.07954968766425177,0
1473,0.037044746904384335,0
1474,0.025600002790149217,0
1475,0.03436079808944536,0
1476,0.12090572430374615,0
1477,0.012578302628009623,0
1478,0.12299525588295679,0
1479,0.06593053791164642,0
1480,0.03067681217751989,0
1481,0.048261396953323515,0
1482,0.01765668122136484,0
1483,0.01860074114700676,0
1484,0.025137477275310422,0
1485,0.027468760134817503,0
1486,0.10635097429797545,0
1487,0.07638195153348205,0
1488,0.06679240534401432,0
1489,0.017119299337411565,0
1490,0.02920270039044104,0
1491,0.08883326103899884,0
1492,0.11708157105295114,0
1493,0.15584687619880638,0
1494,0.048879039915548074,0
1495,0.07655374974922455,0
1496,0.03239464733414322,0
1497,0.0691178269598676,0
1498,0.07717935031718207,0
1499,0.11126671140243433,0
1500,0.04609408912302762,0
1501,0.008600600991140262,0
1502,0.006359849323352362,0
1503,0.1152659293118469,0
1504,0.04534429423596971,0
1505,0.0769475150141632,0
1506,0.00251255707647006,0
1507,0.18836380665064165,1
1508,0.04357805578952871,0
1509,0.0778332133716461,0
1510,0.0048839337573044405,0
1511,0.07298479187442455,0
1512,0.1247832879654371,0
1513,0.053654557114842724,0
1514,0.0017255149174998004,0
1515,0.05970716560753278,0
1516,0.1646710150753018,0
1517,0.03501007591557183,0
1518,0.04329157012668504,0
1519,0.028309709836101083,0
1520,0.1295504952221179,0
1521,0.04007264791229627,0
1522,0.014125873302338136,0
1523,0.006643566569709073,0
1524,0.04766027948104391,0
1525,0.05991114544638649,0
1526,0.020546818815065586,0
1527,0.014014370846625712,0
1528,0.012026166124281224,0
1529,0.03336004029491761,0
1530,0.0023232135800253925,0
1531,0.14237940053529827,0
1532,0.04168467079152851,0
1533,0.028682768356278,0
1534,0.004952188660686711,0
1535,0.14645606263320485,0
1536,0.19223905955405735,1
1537,0.18594962175917748,1
1538,0.023389078569537536,0
1539,0.15271121567008691,0
1540,0.006386057804988421,0
1541,0.021001747415280343,0
1542,0.023453560874874085,0
1543,0.0620123825586941,0
1544,0.04777906414917781,0
1545,0.016302448126260576,0
1546,0.13757555437455818,0
1547,0.018382863452497445,0
1548,0.14680486948453955,0
1549,0.007081630339987891,0
1550,0.03543175042646389,0
1551,0.05514038103060397,0
1552,0.03238247549838824,0
1553,0.058169222717967435,0
1554,0.07097522291925813,0
1555,0.10788700290645468,0
1556,0.02491579486545436,0
1557,0.022457683406546896,0
1558,0.01846533539735765,0
1559,0.08640124923264597,0
1560,0.006316383961891226,0
1561,0.12114740366750856,0
1562,0.027090596896340805,0
1563,0.08697228504377914,0
1564,0.0813292866678592,0
1565,0.01035661267132572,0
1566,0.0712096280991612,0
1567,0.01821940562912056,0
1568,0.13000050594438345,0
1569,0.11201797414381272,0
1570,0.060383917052899035,0
1571,0.09505879090584539,0
1572,0.07500765195897946,0
1573,0.03395921424552597,0
1574,0.15491050598741074,0
1575,0.07682376380768284,0
1576,0.01282496683386436,0
1577,0.026866687132297104,0
1578,0.04070911718732029,0
1579,0.013854686033452619,0
1580,0.29747989767033184,1
1581,0.04643606130847736,0
1582,0.023364014031271196,0
1583,0.14826295234255868,0
1584,0.024073695961984127,0
1585,0.08412232306146591,0
1586,0.09469599180023197,0
1587,0.0461459791155906,0
1588,0.05378381157377172,0
1589,0.17130435896688384,1
1590,0.007912512818714827,0
1591,0.05482253607274794,0
1592,0.040351935906244286,0
1593,0.07606786704227594,0
1594,0.05371353502299436,0
1595,0.10066644542312658,0
1596,0.079157593441293,0
1597,0.05759345710927011,0
1598,0.07849879849521538,0
1599,0.04169724091551189,0
1600,0.008890759292032773,0
1601,0.0019479996323338447,0
1602,0.15683887387962717,0
1603,0.004147650135199221,0
1604,0.008080530860089152,0
1605,0.0808681151870199,0
1606,0.10544133746734288,0
1607,0.07932326585576994,0
1608,0.1858486810305467,1
1609,0.12838074886027848,0
1610,0.01628477005217947,0
1611,0.1545460206213976,0
1612,0.1535348916400992,0
1613,0.009459149514855766,0
1614,0.08365481035720138,0
1615,0.008367925989586245,0
1616,0.0779974228403439,0
1617,0.00825733723950622,0
1618,0.027158499505531997,0
1619,0.09394952422643389,0
1620,0.06934898977054302,0
1621,0.005795044302007124,0
1622,0.0035975327393176584,0
1623,0.14810678482123996,0
1624,0.07678540265012292,0
1625,0.04854134643927829,0
1626,0.0851831480795908,0
1627,0.023644672608822356,0
1628,0.0256411544613428,0
1629,0.087785479972484,0
1630,0.06360799903079009,0
1631,0.13782111740928016,0
1632,0.07474833873275308,0
1633,0.011722805745212435,0
1634,0.1533374248642705,0
1635,0.018799195088863407,0
1636,0.016407927407524548,0
1637,0.05290737458734012,0
1638,0.09651119374210432,0
1639,0.015048433883484343,0
1640,0.009426620829379602,0
1641,0.019456922972253047,0
1642,0.008720848288007883,0
1643,0.017027708454690017,0
1644,0.13240285339933283,0
1645,0.02680367746594987,0
1646,0.00976858889877062,0
1647,0.08565740351118614,0
1648,0.006021588141924565,0
1649,0.035907761369573375,0
1650,0.15583774974492956,0
1651,0.021425345218883285,0
1652,0.06070881663115133,0
1653,0.005880262177493623,0
1654,0.01321657996320434,0
1655,0.04953397013790263,0
1656,0.066871596906965,0
1657,0.011445265995235262,0
1658,0.06185512700746123,0
1659,0.06799687744156596,0
1660,0.04411055418670471,0
1661,0.022401978011010536,0
1662,0.14043665625725907,0
1663,0.017677446623837936,0
1664,0.06191754484430082,0
1665,0.07898978153929608,0
1666,0.007856117989212137,0
1667,0.09383551971471363,0
1668,0.007226838005416466,0
1669,0.05799309828277377,0
1670,0.01092449933982568,0
1671,0.1176421341896992,0
1672,0.04260010284821225,0
1673,0.001412987270892104,0
1674,0.031159101583760215,0
1675,0.05318323586511827,0
1676,0.020736418249258447,0
1677,0.0740373684019228,0
1678,0.05829247265594181,0
1679,0.0025092992478301657,0
1680,0.08498953726612894,0
1681,0.08919473051448126,0
1682,0.04510488919757961,0
1683,0.02392062221721427,0
1684,0.02395445916054075,0
1685,0.01440724274607635,0
1686,0.0354378309932857,0
1687,0.00922628195012171,0
1688,0.013872457647866281,0
1689,0.1004714603425489,0
1690,0.06102744681163776,0
1691,0.023676919240317472,0
1692,0.001023782343263376,0
1693,0.028392671856094752,0
1694,0.08791103223080922,0
1695,0.03384060202697654,0
1696,0.030622938697246044,0
1697,0.010787594509219038,0
1698,0.0896140144316297,0
1699,0.08403497498537513,0
1700,0.11210594374914977,0
1701,0.04940988335557186,0
1702,0.22504372634339667,1
1703,0.02876011792349326,0
1704,0.01044185080991898,0
1705,0.0868293848827291,0
1706,0.02144726094032745,0
1707,0.09326639964790417,0
1708,0.0736171389288223,0
1709,0.03577406597954163,0
1710,0.08776554611938714,0
1711,0.060494388940825636,0
1712,0.0893892209808326,0
1713,0.02769520888407504,0
1714,0.030173615728202163,0
1715,0.010942392718561315,0
1716,0.06235030129896291,0
1717,0.026173504665845677,0
1718,0.05763124938338096,0
1719,0.05768973751148398,0
1720,0.01060172450803094,0
1721,0.06717078340102732,0
1722,0.078571362247857,0
1723,0.11375323249418053,0
1724,0.06171458515070443,0
1725,0.09686231093136095,0
1726,0.04005666298605006,0
1727,0.11885137491683156,0
1728,0.09122649735786051,0
1729,0.0360480876356133,0
1730,0.006159106740392639,0
1731,0.08419191710419674,0
1732,0.08577429401448565,0
1733,0.04988919145449899,0
1734,0.004953331988954453,0
1735,0.0672340493529228,0
1736,0.03442142715058503,0
1737,0.01680887613299764,0
1738,0.0016253942919236023,0
1739,0.12522774919713295,0
1740,0.1374147323058144,0
1741,0.012815411398023809,0
1742,0.0021737061118581127,0
1743,0.10623858319551041,0
1744,0.043962799798248756,0
1745,0.014115464519967362,0
1746,0.002775551577771999,0
1747,0.06810744472834633,0
1748,0.10443376609273895,0
1749,0.009695234247581896,0
1750,0.05019941775737759,0
1751,0.020464211899419806,0
1752,0.1608021175749844,0
1753,0.2066105119808476,1
1754,0.0045088342753039,0
1755,0.04781946616080966,0
1756,0.036971758970393474,0
1757,0.001186127974483949,0
1758,0.01497838659846488,0
1759,0.004649232199416945,0
1760,0.19417196956670824,1
1761,0.15115120722408998,0
1762,0.021993435233659576,0
1763,0.05070622874479524,0
1764,0.015121944112015055,0
1765,0.006486318845879202,0
1766,0.019344991027342787,0
1767,0.012406272726225017,0
1768,0.028965900986779588,0
1769,0.018702790954121685,0
1770,0.040600813763513904,0
1771,0.008306897720733319,0
1772,0.0849762571807975,0
1773,0.057070637813360144,0
1774,0.0015258875798175309,0
1775,0.007788572412290148,0
1776,0.06458497406300588,0
1777,0.0165483895250394,0
1778,0.011923735373331527,0
1779,0.0235358249771924,0
1780,0.028454464700212557,0
1781,0.006383471263901012,0
1782,0.14415939994963478,0
1783,0.08889885187608955,0
1784,0.19243997415392813,1
1785,0.03825907488505474,0
1786,0.041594946658120246,0
1787,0.2056679415782458,1
1788,0.03448375456987062,0
1789,0.05157156350342553,0
1790,0.21048407091608282,1
1791,0.03960244215140017,0
1792,0.048443605421015064,0
1793,0.055960787364550756,0
1794,0.0316856168087349,0
1795,0.007702096345433344,0
1796,0.011031216430151931,0
1797,0.045675819275069994,0
1798,0.11401622598409003,0
1799,0.034267504585624706,0
1800,0.004661216269221513,0
1801,0.015890671682336606,0
1802,0.038750244369078,0
1803,0.00817951951243919,0
1804,0.024139380661488123,0
1805,0.14070668747852552,0
1806,0.037563578867830565,0
1807,0.021755924857786737,0
1808,0.05723965342019962,0
1809,0.11226923674583768,0
1810,0.11007856860046837,0
1811,0.010458581468661632,0
1812,0.055082917531043774,0
1813,0.044635619656372826,0
1814,0.027289883922623392,0
1815,0.10629444836966752,0
1816,0.038322874821507785,0
1817,0.007775504890045222,0
1818,0.10653731450614415,0
1819,0.1889614230993063,1
1820,0.03984202736788923,0
1821,0.026757865685530322,0
1822,0.11674160250192298,0
1823,0.10358001351206617,0
1824,0.20579468945267737,1
1825,0.037500070100817025,0
1826,0.02008102362895418,0
1827,0.024486741503428534,0
1828,0.09051265433269809,0
1829,0.02509201486680735,0
1830,0.06789211284880195,0
1831,0.21356631315663396,1
1832,0.005281597975399185,0
1833,0.09305709904918431,0
1834,0.049036172431767416,0
1835,0.019881931295359333,0
1836,0.003448727635181048,0
1837,0.04689171764630254,0
1838,0.05238894066472581,0
1839,0.046366421604727585,0
1840,0.01930359372833791,0
1841,0.027416567902500955,0
1842,0.05078267747634926,0
1843,0.15115600461173334,0
1844,0.01678033421665947,0
1845,0.1845310579652751,1
1846,0.03543942793325624,0
1847,0.019938356782056393,0
1848,0.02522030286441686,0
1849,0.049833808577305315,0
1850,0.051277658931586895,0
1851,0.011581430988002373,0
1852,0.054872056250827,0
1853,0.0416214329988021,0
1854,0.05610009642222374,0
1855,0.04505357351479121,0
1856,0.020504879464925223,0
1857,0.006060926932529391,0
1858,0.05964590889208733,0
1859,0.05005904073207897,0
1860,0.03658742445271736,0
1861,0.03923783547221284,0
1862,0.00432954180395082,0
1863,0.00916545226972191,0
1864,0.0915862292031172,0
1865,0.11837100743499071,0
1866,0.0019687615131458005,0
1867,0.056849267092620726,0
1868,0.08810213023420826,0
1869,0.00827382404729642,0
1870,0.23523987687548734,1
1871,0.007922230280101179,0
1872,0.26464290054289324,1
1873,0.006816510175058059,0
1874,0.008134112796586431,0
1875,0.07153923437373041,0
1876,0.01893416229094241,0
1877,0.205270513827233,1
1878,0.08516862452683899,0
1879,0.0174377223900787,0
1880,0.025275056376869613,0
1881,0.053311254011651266,0
1882,0.013259989941101129,0
1883,0.05709240150084003,0
1884,0.0027355270720150833,0
1885,0.014520877608049572,0
1886,0.028563712003492312,0
1887,0.12025990023873077,0
1888,0.027250573450716138,0
1889,0.0744107093743069,0
1890,0.1334935636202926,0
1891,0.3103124736026687,1
1892,0.033686358045828715,0
1893,0.07548619075790271,0
1894,0.05237948102068271,0
1895,0.1932794658617731,1
1896,0.03304708933325196,0
1897,0.15690011223456313,0
1898,0.07123445842341368,0
1899,0.006150793006433944,0
1900,0.007944075502452744,0
1901,0.08076992491278835,0
1902,0.02791656328436099,0
1903,0.0373435187112811,0
1904,0.0199568449929133,0
1905,0.04662650946465482,0
1906,0.07739127113500513,0
1907,0.018784715003972118,0
1908,0.02294781024916864,0
1909,0.007433013017678084,0
1910,0.010922582974184854,0
1911,0.025582081681527046,0
1912,0.1367019541716217,0
1913,0.2059625135658946,1
1914,0.05041397035327209,0
1915,0.07131149893580882,0
1916,0.03203427252766032,0
1917,0.008520699270968176,0
1918,0.05508790738294113,0
1919,0.039470168567734706,0
1920,0.17313036813525,1
1921,0.0025150845634501467,0
1922,0.06764685764925585,0
1923,0.011543431741006123,0
1924,0.006795230950011481,0
1925,0.02334136137543216,0
1926,0.025118947616258082,0
1927,0.019301361075545444,0
1928,0.007254032928794481,0
1929,0.03240951924405723,0
1930,0.08847735348118985,0
1931,0.06470350203826254,0
1932,0.028401635453752346,0
1933,0.03849605448511274,0
1934,0.09947309334235653,0
1935,0.004324868459713012,0
1936,0.1497182628948425,0
1937,0.005767318829249798,0
1938,0.041581357251091154,0
1939,0.11141823321226958,0
1940,0.027945238696965826,0
1941,0.01393321721821177,0
1942,0.0398424176268126,0
1943,0.051759434406571714,0
1944,0.12438966475305589,0
1945,0.010943289982940866,0
1946,0.04555161244642717,0
1947,0.16930802568232226,0
1948,0.1029470025024333,0
1949,0.025147955436965495,0
1950,0.0929653227097146,0
1951,0.04563364199320014,0
1952,0.007540647877353009,0
1953,0.07247867195659549,0
1954,0.106954878983857,0
1955,0.02130239294331915,0
1956,0.03476871451892695,0
1957,0.08259241127664936,0
1958,0.006246020713676437,0
1959,0.010078098027458515,0
1960,0.04936769094635892,0
1961,0.175412940178348,1
1962,0.02204420374266016,0
1963,0.06750593600663238,0
1964,0.0028651867031718255,0
1965,0.03271593866124171,0
1966,0.1910265326524792,1
1967,0.10015352399434378,0
1968,0.0486135927625859,0
1969,0.00400289876754217,0
1970,0.1510494123408673,0
1971,0.019746050399252552,0
1972,0.03230701721852886,0
1973,0.005809474131325095,0
1974,0.0044837556586086276,0
1975,0.1026449988150004,0
1976,0.10445559363093505,0
1977,0.143794499977432,0
1978,0.1074477421236925,0
1979,0.09403171161746662,0
1980,0.0028651867031718255,0
1981,0.037660453674786425,0
1982,0.11376828800212134,0
1983,0.013406340952763532,0
1984,0.037455006899753354,0
1985,0.24032358430218054,1
1986,0.08844472511557665,0
1987,0.034451749952322544,0
1988,0.03204710589599821,0
1989,0.040817299498335305,0
1990,0.07509422023977644,0
1991,0.07697140209694639,0
1992,0.04562019977153065,0
1993,0.03445948888175642,0
1994,0.0800024341777715,0
1995,0.14614003851475024,0
1996,0.003674077197104471,0
1997,0.062039953829184834,0
1998,0.06144680168246034,0
1999,0.07426058656975795,0
2000,0.0012365151815469711,0
2001,0.09438560193048856,0
2002,0.028668279712272423,0
2003,0.040448181703421814,0
2004,0.027852224631810075,0
2005,0.016059849348879888,0
2006,0.017421444984098543,0
2007,0.11319728832811778,0
2008,0.017274718276766056,0
2009,0.010933456232988898,0
2010,0.026536151347429964,0
2011,0.11795043773196846,0
2012,0.08847309509847558,0
2013,0.1364296633505792,0
2014,0.0035259249872187535,0
2015,0.04213757008216783,0
2016,0.007140008145814739,0
2017,0.040119352801043805,0
2018,0.023059808373789493,0
2019,0.06980405774320403,0
2020,0.02848636360404481,0
2021,0.005104829307289719,0
2022,0.11231876745434687,0
2023,0.13360054837416366,0
2024,0.04156069552286978,0
2025,0.03867956768684804,0
2026,0.030570226427063783,0
2027,0.08221162949317497,0
2028,0.04899748001066837,0
2029,0.02856690182485598,0
2030,0.021358987629666527,0
2031,0.08768837553391758,0
2032,0.17929947757249803,1
2033,0.11384195027555757,0
2034,0.008858137472282427,0
2035,0.02353718567199116,0
2036,0.04360927176668716,0
2037,0.04665652487912876,0
2038,0.06005214273180816,0
2039,0.20214125309231876,1
2040,0.00230114022073189,0
2041,0.01123489951343836,0
2042,0.14118521358909814,0
2043,0.006867877618348883,0
2044,0.02836643270828015,0
2045,0.014293879429685453,0
2046,0.1579461179004019,0
2047,0.081683520424199,0
2048,0.05608734374169637,0
2049,0.10596553371990401,0
2050,0.07123166134676356,0
2051,0.02836031688123548,0
2052,0.07357094389482421,0
2053,0.03120479730980837,0
2054,0.0085927180586903,0
2055,0.03525151605181679,0
2056,0.0327347022658763,0
2057,0.05909513939456256,0
2058,0.055130671929517344,0
2059,0.13823350152090216,0
2060,0.06855584809715917,0
2061,0.007455441151590329,0
2062,0.010202365945574606,0
2063,0.0929265563482471,0
2064,0.04294016578136706,0
2065,0.13886822117730407,0
2066,0.0283793495779581,0
2067,0.07794873845537564,0
2068,0.055262161068600504,0
2069,0.04423724094852651,0
2070,0.01332524296806114,0
2071,0.04903069569682225,0
2072,0.15550780034048284,0
2073,0.07534370787808499,0
2074,0.03236645823780153,0
2075,0.14395150557845254,0
2076,0.01640493581226995,0
2077,0.1098012371195473,0
2078,0.03153133288359733,0
2079,0.037905575810234744,0
2080,0.011084792153704066,0
2081,0.05747667784761889,0
2082,0.011271292014612707,0
2083,0.04093290661845021,0
2084,0.06745102958049566,0
2085,0.006050741527586016,0
2086,0.01924996033590558,0
2087,0.1393980937153625,0
2088,0.037458896934049926,0
2089,0.025488459842954416,0
2090,0.16682488450403568,0
2091,0.08844387135538344,0
2092,0.0015818136229572546,0
2093,0.13815910948529905,0
2094,0.03619959144438169,0
2095,0.1030078226109017,0
2096,0.08723705485161855,0
2097,0.025163271784834795,0
2098,0.09137497077514779,0
2099,0.03430114975891996,0
2100,0.017260991255397505,0
2101,0.017899065596194377,0
2102,0.04075565399819356,0
2103,0.08497873713039646,0
2104,0.03542875657203762,0
2105,0.06826384045284926,0
2106,0.013916366502424789,0
2107,0.08881812727959713,0
2108,0.027964013479354986,0
2109,0.17264737174157363,1
2110,0.017501321011228907,0
2111,0.006424527829943049,0
2112,0.009492982744893349,0
2113,0.015068479796195234,0
2114,0.01054497345378865,0
2115,0.15769847323553735,0
2116,0.10420627047181394,0
2117,0.1144935449998742,0
2118,0.06889173868840989,0
2119,0.11367355729538688,0
2120,0.15310157191893078,0
2121,0.07041864193394867,0
2122,0.040147588277371075,0
2123,0.00643521112510251,0
2124,0.07136905640554424,0
2125,0.04834670673394963,0
2126,0.06252848946893601,0
2127,0.06330229183158498,0
2128,0.00974005868965746,0
2129,0.17583879992345222,1
2130,0.04312858846503261,0
2131,0.023139319597044,0
2132,0.06941095293934278,0
2133,0.008990282589882725,0
2134,0.04576166870998038,0
2135,0.06085721242593397,0
2136,0.05410392166929041,0
2137,0.23692947524586516,1
2138,0.06201958336030823,0
2139,0.09994300987271633,0
2140,0.20127822654180663,1
2141,0.04692309965476235,0
2142,0.1333912338965884,0
2143,0.05203849289583262,0
2144,0.06825263320240459,0
2145,0.1791293711168548,1
2146,0.10465140736234461,0
2147,0.008665437269264638,0
2148,0.09494330000634689,0
2149,0.028893020061270938,0
2150,0.08453908007815618,0
2151,0.012798349994962602,0
2152,0.02345065939542627,0
2153,0.11593447753684635,0
2154,0.007258960008184416,0
2155,0.022803786469944378,0
2156,0.01059104177002288,0
2157,0.05790884159111304,0
2158,0.032526064190821755,0
2159,0.01058782200215506,0
2160,0.027524003956853896,0
2161,0.02207189753969113,0
2162,0.06698327300155776,0
2163,0.037766082652012485,0
2164,0.11914461998745256,0
2165,0.011233389509520878,0
2166,0.13573177044078905,0
2167,0.04034684487831748,0
2168,0.08251614697389681,0
2169,0.0020295209697467342,0
2170,0.018505429981139347,0
2171,0.05792088858504853,0
2172,0.007330984245911461,0
2173,0.008457666135663256,0
2174,0.04479285768363646,0
2175,0.04222707976589301,0
2176,0.05881364564669035,0
2177,0.14378711064702182,0
2178,0.15124837435108582,0
2179,0.03590902693636441,0
2180,0.053596971198391415,0
2181,0.0653647813951352,0
2182,0.01204702404278463,0
2183,0.040290335506027265,0
2184,0.07464901420483934,0
2185,0.07283059836317031,0
2186,0.110080776020205,0
2187,0.10612442578949281,0
2188,0.03369458788491095,0
2189,0.0034800458912248957,0
2190,0.1299798917045805,0
2191,0.05355312766143745,0
2192,0.01599177408100935,0
2193,0.11610192188737645,0
2194,0.09467706006920831,0
2195,0.0734128600653443,0
2196,0.001825909432936501,0
2197,0.03492980052843039,0
2198,0.13225730855175136,0
2199,0.16370099538576083,0
2200,0.033432897060088874,0
2201,0.0023631059796007953,0
2202,0.08752052603936082,0
2203,0.06990060606120253,0
2204,0.008728589358523543,0
2205,0.16756849315736783,0
2206,0.03712183130769613,0
2207,0.040870068541663286,0
2208,0.05777268564617285,0
2209,0.007414645463616972,0
2210,0.0404669320545095,0
2211,0.024770363110444286,0
2212,0.0017982444633518465,0
2213,0.04714904806696349,0
2214,0.07730466198989436,0
2215,0.11992781931403419,0
2216,0.0216972479794481,0
2217,0.023071378927241086,0
2218,0.06823959628454264,0
2219,0.23752016767017606,1
2220,0.03478520052041875,0
2221,0.10372172264512051,0
2222,0.019239580420123244,0
2223,0.04737651006746301,0
2224,0.10801076827897645,0
2225,0.12648055867885905,0
2226,0.034298506526232925,0
2227,0.10528576516519253,0
2228,0.01566265945253394,0
2229,0.15081366921678446,0
2230,0.060604603663704175,0
2231,0.15813730012366697,0
2232,0.055099850762469926,0
2233,0.09610540029142704,0
2234,0.01598505975016519,0
2235,0.179885579332847,1
2236,0.005817645518252908,0
2237,0.024516450855445775,0
2238,0.013550262614766276,0
2239,0.008989539458522247,0
2240,0.09627010205202792,0
2241,0.07833895765964101,0
2242,0.026240260193644026,0
2243,0.1546198806181785,0
2244,0.18829578309053469,1
2245,0.056486605113786434,0
2246,0.02458528743798997,0
2247,0.051431123426588905,0
2248,0.002066392832288851,0
2249,0.1387143456297775,0
2250,0.05364712408445062,0
2251,0.05326530374571665,0
2252,0.04949703813495852,0
2253,0.013959236932054126,0
2254,0.14088651374401454,0
2255,0.03131844889570889,0
2256,0.004030046611402072,0
2257,0.06582516877091761,0
2258,0.12782847710906972,0
2259,0.06750359790206929,0
2260,0.016664457435624058,0
2261,0.023586722938476523,0
2262,0.06718936098692015,0
2263,0.09956024536749743,0
2264,0.00732076489132556,0
2265,0.0335291698933116,0
2266,0.11848802901846552,0
2267,0.07577599218064589,0
2268,0.030270324821398836,0
2269,0.028457167530120946,0
2270,0.06071815205888641,0
2271,0.029857709079468157,0
2272,0.18023517115145862,1
2273,0.12730654602761288,0
2274,0.025518030999414194,0
2275,0.17393313010121408,1
2276,0.07751778911376499,0
2277,0.02257080810105201,0
2278,0.06205394996573765,0
2279,0.022198531234110738,0
2280,0.019401632775808673,0
2281,0.05377325437827984,0
2282,0.016870867031390534,0
2283,0.08941581357856453,0
2284,0.1390882473062513,0
2285,0.11642938244339457,0
2286,0.0648500417353384,0
2287,0.009270243370741272,0
2288,0.0159432799861592,0
2289,0.008634684132102983,0
2290,0.08207837426283596,0
2291,0.17964738448847398,1
2292,0.02836019064806655,0
2293,0.26691527061468057,1
2294,0.1622335395063013,0
2295,0.09524445197440866,0
2296,0.28613405274323755,1
2297,0.013697800995742781,0
2298,0.08044613388527727,0
2299,0.10087225364491897,0
2300,0.0804474342691914,0
2301,0.15325277227059153,0
2302,0.08486535575990682,0
2303,0.050999654049372435,0
2304,0.022094884235784533,0
2305,0.0020881555049476236,0
2306,0.1340114400024907,0
2307,0.0429368243040146,0
2308,0.002216241933805859,0
2309,0.04654635342556688,0
2310,0.014099439695175419,0
2311,0.05654052943518451,0
2312,0.10753789181033792,0
2313,0.010100646340209204,0
2314,0.03694240566443126,0
2315,0.09679328222205466,0
2316,0.03876587276579536,0
2317,0.022683116465464066,0
2318,0.035016651808793875,0
2319,0.10727946275347008,0
2320,0.15145672392162926,0
2321,0.14611520696420002,0
2322,0.07160579057715741,0
2323,0.11320632614111824,0
2324,0.04043310591396017,0
2325,0.12826129014670087,0
2326,0.20478906527313728,1
2327,0.07613945112653614,0
2328,0.09420716639472113,0
2329,0.0595523431876167,0
2330,0.005479287622555214,0
2331,0.004230766831546802,0
2332,0.10408431670254972,0
2333,0.12317304967744562,0
2334,0.05996835689180586,0
2335,0.02701386606970156,0
2336,0.15497617026192304,0
2337,0.07588532878351932,0
2338,0.07281222259450354,0
2339,0.021269243184466304,0
2340,0.040934934260038476,0
2341,0.04965572236190321,0
2342,0.038694170584299234,0
2343,0.07306246292172075,0
2344,0.04011093901830362,0
2345,0.11181745845326353,0
2346,0.011955575474301356,0
2347,0.1003377286757393,0
2348,0.04770665759661644,0
2349,0.08497274805560893,0
2350,0.031419883474511266,0
2351,0.014169474222621018,0
2352,0.0486547359143691,0
2353,0.16423541927679056,0
2354,0.008465819700497194,0
2355,0.07473857968142032,0
2356,0.05289701128956357,0
2357,0.05352170281106708,0
2358,0.1374922429972817,0
2359,0.045184296691588445,0
2360,0.13500029712820483,0
2361,0.08926341619305307,0
2362,0.017461110689243792,0
2363,0.030009849936457292,0
2364,0.04883608482601791,0
2365,0.11182564944922005,0
2366,0.2148682865000952,1
2367,0.035004574212734924,0
2368,0.07708471198387473,0
2369,0.013263924684441345,0
2370,0.005204101930314531,0
2371,0.00394119388069775,0
2372,0.02126802364938498,0
2373,0.06527261412278298,0
2374,0.01582449549379985,0
2375,0.009437803446838377,0
2376,0.1536324607789114,0
2377,0.02399610524573246,0
2378,0.04055233222237856,0
2379,0.02161014749676493,0
2380,0.01612913292853556,0
2381,0.1201032129567943,0
2382,0.05327845741785251,0
2383,0.12719081662290715,0
2384,0.05598378447180139,0
2385,0.1540704314540938,0
2386,0.06798438901987286,0
2387,0.02319308650579836,0
2388,0.07098222221313404,0
2389,0.09368950073185259,0
2390,0.14525811184532214,0
2391,0.051694585551477386,0
2392,0.03670054919835897,0
2393,0.09856629525339601,0
2394,0.04426877640192007,0
2395,0.024048672349408853,0
2396,0.08510043809826179,0
2397,0.010886541324658805,0
2398,0.018449252578286224,0
2399,0.11726696797650356,0
2400,0.023991743480670576,0
2401,0.08845492391745226,0
2402,0.032049910691169615,0
2403,0.11928638574011137,0
2404,0.13093491300683052,0
2405,0.017567337578521462,0
2406,0.02456226462148418,0
2407,0.20377946136207256,1
2408,0.0186101072945346,0
2409,0.027050273524061516,0
2410,0.0012240263464791642,0
2411,0.03428639031415803,0
2412,0.08835369131419842,0
2413,0.11047844458961403,0
2414,0.06560972903159436,0
2415,0.003011541004570077,0
2416,0.08697063579851642,0
2417,0.1049603941999377,0
2418,0.04277883686225463,0
2419,0.13542807726719988,0
2420,0.16062957468106287,0
2421,0.03269820311843949,0
2422,0.08216060580976334,0
2423,0.01383399751385539,0
2424,0.06455870105869234,0
2425,0.05753356170413102,0
2426,0.047291701100884806,0
2427,0.054013041692223096,0
2428,0.20288875300724937,1
2429,0.1044394010797042,0
2430,0.009649637434666292,0
2431,0.14009976782016503,0
2432,0.018043388245517204,0
2433,0.03867677912129218,0
2434,0.024764697325754658,0
2435,0.10459668768720144,0
2436,0.12141749420022573,0
2437,0.06730416941591641,0
2438,0.010812428035113805,0
2439,0.008926227348980654,0
2440,0.31342670347161705,1
2441,0.05271832943892479,0
2442,0.05262479406316968,0
2443,0.03113098946941937,0
2444,0.09394384364855728,0
2445,0.15908481954496984,0
2446,0.13734364739486277,0
2447,0.07528069879730515,0
2448,0.01236073645307496,0
2449,0.019436460454140558,0
2450,0.010652901717075914,0
2451,0.08317503304464546,0
2452,0.0388083885528638,0
2453,0.05926901856611537,0
2454,0.08468777766594231,0
2455,0.006652947324076219,0
2456,0.012637475694314873,0
2457,0.05832906330276555,0
2458,0.010622187414603568,0
2459,0.10989536101833113,0
2460,0.017397827325433025,0
2461,0.00427098525902773,0
2462,0.055287158378284934,0
2463,0.010996922437815344,0
2464,0.03347914884993721,0
2465,0.14135821263577897,0
2466,0.020284275483813678,0
2467,0.007520363432706797,0
2468,0.005995080066001187,0
2469,0.008661282471482339,0
2470,0.018961518352157203,0
2471,0.017291298329032527,0
2472,0.024093233755325218,0
2473,0.009022781608736501,0
2474,0.16759943955297693,0
2475,0.07235687277743764,0
2476,0.012047189931669866,0
2477,0.1035612965575063,0
2478,0.04465763545159918,0
2479,0.013095362146081884,0
2480,0.004469228483897081,0
2481,0.08336941965307251,0
2482,0.15635634011396823,0
2483,0.0091752229406118,0
2484,0.057129128936708566,0
2485,0.026335897002984807,0
2486,0.14326876103582598,0
2487,0.053869030787016804,0
2488,0.04960729443432954,0
2489,0.04590831433896489,0
2490,0.1347396239401798,0
2491,0.009186875093186504,0
2492,0.03375767323093141,0
2493,0.017911443586154138,0
2494,0.07529675128924142,0
2495,0.06622459863658195,0
2496,0.06190790610209471,0
2497,0.048485641497620545,0
2498,0.026822378925795132,0
2499,0.05911984774716199,0
2500,0.03710835277772702,0
2501,0.14285090951076446,0
2502,0.03814691069996091,0
2503,0.0065055923459858295,0
2504,0.1143342535993846,0
2505,0.11063522237105848,0
2506,0.06269669102382064,0
2507,0.06910178801810901,0
2508,0.004383529392716771,0
2509,0.054074160996195046,0
2510,0.025028367795875354,0
2511,0.09812410277022679,0
2512,0.06369708396851229,0
2513,0.010933072139787817,0
2514,0.20841386159900638,1
2515,0.009864560509067663,0
2516,0.018372905062161167,0
2517,0.0017917038447815856,0
2518,0.0021344882309007884,0
2519,0.011138725824127893,0
2520,0.010835248043594311,0
2521,0.16019470423453852,0
2522,0.019310233287844085,0
2523,0.035142815539599165,0
2524,0.06343434642508974,0
2525,0.005165813428338639,0
2526,0.13394173316756525,0
2527,0.03983122651810979,0
2528,0.001513787118950908,0
2529,0.05406631284050161,0
2530,0.06682314376281434,0
2531,0.070932574908029,0
2532,0.08833835969810132,0
2533,0.022295563101294644,0
2534,0.004812496172276459,0
2535,0.0048137353246001735,0
2536,0.003583641882850978,0
2537,0.025997669590683548,0
2538,0.042664901066603415,0
2539,0.055871986973242034,0
2540,0.028317511463268632,0
2541,0.08364866706518621,0
2542,0.13657007890355596,0
2543,0.0024276277155356927,0
2544,0.004259995690646731,0
2545,0.00893239115538864,0
2546,0.21496952722376697,1
2547,0.0051516668223834305,0
2548,0.05224234851476074,0
2549,0.04407338246775631,0
2550,0.13200446985005157,0
2551,0.014318447368508114,0
2552,0.014441801059116617,0
2553,0.08971355072380509,0
2554,0.09853104878836204,0
2555,0.09027360321374552,0
2556,0.021264921904629416,0
2557,0.07640728065552285,0
2558,0.015547305154066734,0
2559,0.06363880814012493,0
2560,0.07489369362589539,0
2561,0.06278551252814743,0
2562,0.09586797949564868,0
2563,0.007870444080698702,0
2564,0.00866858133735863,0
2565,0.1717277789122855,1
2566,0.1001710447340037,0
2567,0.10986180294473401,0
2568,0.09897208869270648,0
2569,0.14662406631895467,0
2570,0.11753914281134756,0
2571,0.009594144838554008,0
2572,0.08922713236875951,0
2573,0.02610136924355218,0
2574,0.04352594199293142,0
2575,0.013708257815511963,0
2576,0.018474467447693876,0
2577,0.03191200751220576,0
2578,0.05053553790583463,0
2579,0.06593815484428232,0
2580,0.05993838362132451,0
2581,0.06438605303080565,0
2582,0.12390399302009626,0
2583,0.09783740646414568,0
2584,0.0578616471108449,0
2585,0.19855838706193957,1
2586,0.020253319465500033,0
2587,0.045314290519071584,0
2588,0.07667271837176418,0
2589,0.08877829799540722,0
2590,0.08300129206097664,0
2591,0.08917014230620433,0
2592,0.08137315428082065,0
2593,0.08385268669411337,0
2594,0.06507077845471106,0
2595,0.006750269587243074,0
2596,0.05347637778320577,0
2597,0.007143975953560621,0
2598,0.029837131979983923,0
2599,0.01996808364114002,0
2600,0.03150406011037743,0
2601,0.06995602060570312,0
2602,0.09909121577161246,0
2603,0.13350601755550637,0
2604,0.05809243729240527,0
2605,0.04954901076401961,0
2606,0.11057317579916966,0
2607,0.042361943524709345,0
2608,0.06954376287853563,0
2609,0.1741116929026628,1
2610,0.08570925079116921,0
2611,0.007793299700937658,0
2612,0.028166702496746198,0
2613,0.0175306934336919,0
2614,0.19650274830993783,1
2615,0.0963688226477219,0
2616,0.012168463956290803,0
2617,0.030497764802129047,0
2618,0.020342437721607917,0
2619,0.05330790149583872,0
2620,0.1347596728348614,0
2621,0.008534015440217738,0
2622,0.05381720716328593,0
2623,0.19108251696023576,1
2624,0.06126481307157429,0
2625,0.00523439160372643,0
2626,0.16249166406003054,0
2627,0.0029569310914593066,0
2628,0.026082202690777618,0
2629,0.06036002403963048,0
2630,0.026269746394496293,0
2631,0.009602671167984137,0
2632,0.009735065666402217,0
2633,0.05794143579245806,0
2634,0.002072180277363637,0
2635,0.16921098997194864,0
2636,0.04211725880740287,0
2637,0.12588301748492317,0
2638,0.18618480408399485,1
2639,0.0874979086426598,0
2640,0.04977472844807214,0
2641,0.055187560770509785,0
2642,0.023908413294210087,0
2643,0.03734552725198136,0
2644,0.15990933502553045,0
2645,0.07378337276649291,0
2646,0.060977668119142986,0
2647,0.004877190771183338,0
2648,0.06562337896602592,0
2649,0.02317980209337429,0
2650,0.03732788007829962,0
2651,0.12103441299439961,0
2652,0.0950336852831733,0
2653,0.09619499261738883,0
2654,0.07041626670911633,0
2655,0.1540781378177615,0
2656,0.03140151481325678,0
2657,0.07231681978983087,0
2658,0.062496107436838234,0
2659,0.02457424103511781,0
2660,0.02993893478037032,0
2661,0.08702006440577073,0
2662,0.06801112149092298,0
2663,0.1162072994124717,0
2664,0.10311117241525211,0
2665,0.0703957868778517,0
2666,0.0721161850639617,0
2667,0.15292948200692083,0
2668,0.014361979646223677,0
2669,0.1141942003160079,0
2670,0.025429088864438176,0
2671,0.007405820782023661,0
2672,0.16913542572566814,0
2673,0.10002016118831464,0
2674,0.04631504531826715,0
2675,0.10306061989181596,0
2676,0.0864357701376744,0
2677,0.11988839564125846,0
2678,0.009070864881403755,0
2679,0.0853366489575927,0
2680,0.031491007193574026,0
2681,0.051712406809301496,0
2682,0.007326419116308418,0
2683,0.06781923950693634,0
2684,0.12663234165023576,0
2685,0.024617234260359333,0
2686,0.2576970298119009,1
2687,0.12237964204460079,0
2688,0.006157928348756036,0
2689,0.0344484184879793,0
2690,0.008147726614491686,0
2691,0.14819374756814224,0
2692,0.024783484181224922,0
2693,0.02752154696610267,0
2694,0.024190844572190975,0
2695,0.03999468033737284,0
2696,0.0990131574002211,0
2697,0.006345702874090442,0
2698,0.13902885241768065,0
2699,0.042282227091837724,0
2700,0.002454596878661845,0
2701,0.11795261378724439,0
2702,0.03927948741666624,0
2703,0.033313105873193936,0
2704,0.009719640705186501,0
2705,0.05095154547596391,0
2706,0.03641620351881048,0
2707,0.005838551654339345,0
2708,0.05436747150829081,0
2709,0.10526954928167945,0
2710,0.04316938548930448,0
2711,0.10452319848303514,0
2712,0.15827857313636187,0
2713,0.08791828926707239,0
2714,0.01102559712385803,0
2715,0.023572304530952277,0
2716,0.005204616480306323,0
2717,0.05054731548793926,0
2718,0.0703993721169351,0
2719,0.14084186132277018,0
2720,0.0028297783797522976,0
2721,0.051732144987396735,0
2722,0.12421674065044654,0
2723,0.09592261356475294,0
2724,0.09611869729217802,0
2725,0.001971805379552105,0
2726,0.07940654876010793,0
2727,0.08534730232334818,0
2728,0.13675237130738183,0
2729,0.0062640906182023,0
2730,0.0327538615090271,0
2731,0.002681295634346492,0
2732,0.01559933737190069,0
2733,0.132446483170285,0
2734,0.09176085863228405,0
2735,0.02375302454703936,0
2736,0.01312170536245653,0
2737,0.03671643323596108,0
2738,0.04068307982398681,0
2739,0.01213759286463727,0
2740,0.016131475762447098,0
2741,0.015830306498879065,0
2742,0.009944579530188695,0
2743,0.0176144272404524,0
2744,0.017798883700399348,0
2745,0.17427761371189643,1
2746,0.061553089088633585,0
2747,0.008468055310519395,0
2748,0.06205758175676281,0
2749,0.008476265427430081,0
2750,0.061420922397358864,0
2751,0.07580316644246592,0
2752,0.016147547380328576,0
2753,0.00942761292315389,0
2754,0.005195493283492144,0
2755,0.00918703997243627,0
2756,0.040782868484364763,0
2757,0.04584495194835371,0
2758,0.0037722908678915036,0
2759,0.04794563761083758,0
2760,0.025804047477085017,0
2761,0.03978926552673457,0
2762,0.008402693411822041,0
2763,0.0074903442208816545,0
2764,0.019189827266580264,0
2765,0.04037861227071818,0
2766,0.04096364066651051,0
2767,0.062190614563871184,0
2768,0.04640194359043577,0
2769,0.05913452809136126,0
2770,0.09080022303028494,0
2771,0.03906750823741683,0
2772,0.012820013188642225,0
2773,0.1053696109747039,0
2774,0.26985303810605543,1
2775,0.10219241582052081,0
2776,0.05780121898000757,0
2777,0.08760579036001404,0
2778,0.050130626234575544,0
2779,0.07012777806924664,0
2780,0.04377018386174637,0
2781,0.0017581982298515856,0
2782,0.037792955529226124,0
2783,0.09946207263655543,0
2784,0.03746562031816197,0
2785,0.08962859504887503,0
2786,0.07449406150174619,0
2787,0.015665791845823375,0
2788,0.04108475756103877,0
2789,0.16051096189456873,0
2790,0.10548325675463793,0
2791,0.04573042888263801,0
2792,0.1543039856465745,0
2793,0.1986556508594446,1
2794,0.0016914744003276416,0
2795,0.005242241861782711,0
2796,0.15763637407963363,0
2797,0.01574241688444582,0
2798,0.01589929941530249,0
2799,0.03400704489184313,0
2800,0.10354656975300174,0
2801,0.06543597103587934,0
2802,0.0440548483294956,0
2803,0.007135523606801039,0
2804,0.047937662157136775,0
2805,0.03530034172476426,0
2806,0.010902655376955058,0
2807,0.027810219608124746,0
2808,0.12998693680078005,0
2809,0.04370956915050859,0
2810,0.06733856966676119,0
2811,0.00817242780779824,0
2812,0.02750091304368662,0
2813,0.06835854523264534,0
2814,0.00788186406894138,0
2815,0.0229072753984659,0
2816,0.036080017493243126,0
2817,0.027300774856745914,0
2818,0.009058438355939773,0
2819,0.16481036821463224,0
2820,0.15135829906353176,0
2821,0.12010189395746754,0
2822,0.06031924876945171,0
2823,0.027452945427893137,0
2824,0.013961106675317454,0
2825,0.0968731119525566,0
2826,0.050626687476629365,0
2827,0.059076300369821165,0
2828,0.0231272082321911,0
2829,0.10608572723584538,0
2830,0.055694094501049535,0
2831,0.004319019077414824,0
2832,0.010826204436230991,0
2833,0.015658784174198415,0
2834,0.1442378816632555,0
2835,0.10168396194799546,0
2836,0.14344126874694585,0
2837,0.09686915026861848,0
2838,0.04796363409999289,0
2839,0.010352297192643568,0
2840,0.040472458832324185,0
2841,0.03259917000726489,0
2842,0.05538244212552117,0
2843,0.02119166566175934,0
2844,0.024293955550048266,0
2845,0.044197460759079356,0
2846,0.12657628643424818,0
2847,0.006115726099921274,0
2848,0.04446762069912164,0
2849,0.1588175014892617,0
2850,0.045553211651217534,0
2851,0.068725390872815,0
2852,0.026031396693224428,0
2853,0.1918300047329323,1
2854,0.0029821547347370415,0
2855,0.19715330820614463,1
2856,0.004773003403852856,0
2857,0.032755071331399765,0
2858,0.02291833241504399,0
2859,0.0032329005774883513,0
2860,0.028615615086962944,0
2861,0.025060701110760027,0
2862,0.022139544914046454,0
2863,0.006247573307146892,0
2864,0.009248988687703134,0
2865,0.0629469328099296,0
2866,0.005143288958131423,0
2867,0.022815749118424343,0
2868,0.051367828631943356,0
2869,0.024291875786526904,0
2870,0.0037674634305351635,0
2871,0.06735147257614683,0
2872,0.0033143592137850897,0
2873,0.05533988691786099,0
2874,0.0040031187658217705,0
2875,0.10138197250848416,0
2876,0.056458744879518526,0
2877,0.11131306195431276,0
2878,0.009946854460966208,0
2879,0.021609337136354222,0
2880,0.04756825881534037,0
2881,0.09932406952681576,0
2882,0.12658477306245272,0
2883,0.15154388652964929,0
2884,0.18509987405489575,1
2885,0.022213807401043565,0
2886,0.02633899735437885,0
2887,0.18716542979473955,1
2888,0.14991903489306987,0
2889,0.049681745623298856,0
2890,0.08526269824662727,0
2891,0.2562073990381962,1
2892,0.037527530860321526,0
2893,0.09879513997121386,0
2894,0.03366108386719965,0
2895,0.07031395140633055,0
2896,0.01180932007052639,0
2897,0.21287599027862888,1
2898,0.058260867236646904,0
2899,0.07203224936925415,0
2900,0.1838035387817986,1
2901,0.1631037778807861,0
2902,0.009191027842403813,0
2903,0.06762526522947505,0
2904,0.020934700807115,0
2905,0.11978583597253864,0
2906,0.04060195889347686,0
2907,0.10779465140660242,0
2908,0.2544030486239068,1
2909,0.13315679185896642,0
2910,0.12957228748331542,0
2911,0.02288014953490419,0
2912,0.03258757637333489,0
2913,0.014377452836179942,0
2914,0.09501696699037347,0
2915,0.17665605945009707,1
2916,0.01883522076967144,0
2917,0.01959684142891427,0
2918,0.037165497635936455,0
2919,0.038497337999096055,0
2920,0.014280612376548475,0
2921,0.20584685308151818,1
2922,0.08192913468096978,0
2923,0.08524263956045992,0
2924,0.2625869254515104,1
2925,0.0370636283235962,0
2926,0.006633525668536522,0
2927,0.005382034282174667,0
2928,0.07234608290609203,0
2929,0.09072795934446702,0
2930,0.01053432962241585,0
2931,0.13257869728228192,0
2932,0.034416222384294315,0
2933,0.010479226412429037,0
2934,0.016851167094506292,0
2935,0.07150814844229848,0
2936,0.0200622724210716,0
2937,0.07047229713561419,0
2938,0.07910040537461244,0
2939,0.038539906296187074,0
2940,0.196056564534984,1
2941,0.22175939279475246,1
2942,0.032808989026907605,0
2943,0.008421940951677032,0
2944,0.05362424283379581,0
2945,0.028375028623067584,0
2946,0.009984177829474191,0
2947,0.16377967453961798,0
2948,0.017770162791714127,0
2949,0.01758660699891609,0
2950,0.08370131213683125,0
2951,0.022348688389533685,0
2952,0.024897759213672172,0
2953,0.03745944344828338,0
2954,0.02070521053205025,0
2955,0.16339154631968883,0
2956,0.011316250534722953,0
2957,0.15569430343536697,0
2958,0.01503191772502325,0
2959,0.06391916314518904,0
2960,0.11966623656376575,0
2961,0.10213664161273907,0
2962,0.1099910138203625,0
2963,0.044178124572188164,0
2964,0.014157074988606551,0
2965,0.08457807511596213,0
2966,0.015436541193014238,0
2967,0.07574499034596907,0
2968,0.11159493994949284,0
2969,0.12277853209701205,0
2970,0.0851010021029144,0
2971,0.012560133884646578,0
2972,0.08773994703162993,0
2973,0.01702000802984611,0
2974,0.036738372465705306,0
2975,0.031254420888044,0
2976,0.049987277775228815,0
2977,0.11666761873129028,0
2978,0.003692561486720695,0
2979,0.07020403251158237,0
2980,0.06948946046006847,0
2981,0.08129652758919992,0
2982,0.003144611822058474,0
2983,0.07481244245164377,0
2984,0.08410279159745768,0
2985,0.022207659724271144,0
2986,0.060994404032381024,0
2987,0.011752558339457668,0
2988,0.17036296862723876,1
2989,0.11551770031858043,0
2990,0.07538993274308682,0
2991,0.018729848540446688,0
2992,0.025602040874836772,0
2993,0.12096623507992378,0
2994,0.07261235468484951,0
2995,0.17168552210644034,1
2996,0.04476570684244816,0
2997,0.17907437040132662,1
2998,0.06085178587469075,0
2999,0.04670132280210042,0
3000,0.06226101076780017,0
3001,0.22446510812630993,1
3002,0.11098792314436537,0
3003,0.09183177963353954,0
3004,0.045182998662352744,0
3005,0.13131287689589952,0
3006,0.010548108435779292,0
3007,0.015626998313198824,0
3008,0.005283493533149882,0
3009,0.04906372798529791,0
3010,0.06730499011098005,0
3011,0.08579149711370236,0
3012,0.006450980062032012,0
3013,0.0007818489369214514,0
3014,0.15342777814951422,0
3015,0.15918876113176147,0
3016,0.0028995604016511874,0
3017,0.060381757505686855,0
3018,0.09458748210787468,0
3019,0.104631656913033,0
3020,0.023564753467326546,0
3021,0.09029770968482952,0
3022,0.021341488395000947,0
3023,0.012496354289443417,0
3024,0.13031683059427968,0
3025,0.035268658368812954,0
3026,0.17970600669967032,1
3027,0.031206423911881487,0
3028,0.0196173373569461,0
3029,0.13923430333270717,0
3030,0.13740758682372847,0
3031,0.016310926639154774,0
3032,0.054930723243600266,0
3033,0.08028068746990884,0
3034,0.09129445849484913,0
3035,0.03323304835892578,0
3036,0.08222239709575249,0
3037,0.005168356170082311,0
3038,0.04587792350102644,0
3039,0.025592623963874548,0
3040,0.10911892196612263,0
3041,0.005953216819208773,0
3042,0.04032660359832405,0
3043,0.07853286435804682,0
3044,0.13339171684318754,0
3045,0.00585820080645807,0
3046,0.029636604236091386,0
3047,0.039304546059898096,0
3048,0.008545278005245486,0
3049,0.1366318222460026,0
3050,0.10160351720519152,0
3051,0.07627688630631022,0
3052,0.023992817257115988,0
3053,0.02526494330123573,0
3054,0.06254707281515694,0
3055,0.0023133849650961804,0
3056,0.16252799086393283,0
3057,0.014775109966705006,0
3058,0.10574693553452527,0
3059,0.0876903341487472,0
3060,0.013605656466835108,0
3061,0.029537411281692613,0
3062,0.022790807303175672,0
3063,0.07278185773681613,0
3064,0.04453407798658873,0
3065,0.09847467876054432,0
3066,0.07212833079781454,0
3067,0.003219327974229539,0
3068,0.12466189257545292,0
3069,0.05125667802690804,0
3070,0.16139312650199447,0
3071,0.08819875830118655,0
3072,0.1428604796890938,0
3073,0.06245768032267022,0
3074,0.10326682399967109,0
3075,0.08415783201824155,0
3076,0.05581589789258628,0
3077,0.16147540527780874,0
3078,0.02194173784352112,0
3079,0.059833879218713325,0
3080,0.018272940661283384,0
3081,0.1445010824630591,0
3082,0.07467665815278683,0
3083,0.04668690023287069,0
3084,0.023034599342224606,0
3085,0.03303612287921095,0
3086,0.011543338539638374,0
3087,0.26056449830556594,1
3088,0.04174982096088996,0
3089,0.21348170421639953,1
3090,0.012332269909229103,0
3091,0.049527477713379064,0
3092,0.07365624296189703,0
3093,0.04141233958381491,0
3094,0.02464696719947652,0
3095,0.01838739872536618,0
3096,0.04431745084907948,0
3097,0.09558614736755038,0
3098,0.014107854767858852,0
3099,0.0781682736950783,0
3100,0.09541448095057395,0
3101,0.007657194959885238,0
3102,0.20781937078017995,1
3103,0.17812099819744015,1
3104,0.13638820847382893,0
3105,0.03872182387280964,0
3106,0.1452715139918815,0
3107,0.04294264719439049,0
3108,0.00443210819152402,0
3109,0.1829366009619258,1
3110,0.07682020754617812,0
3111,0.026417359280522253,0
3112,0.08717174837259718,0
3113,0.016580723854558783,0
3114,0.013420411751434129,0
3115,0.18679792270331613,1
3116,0.0070396607367191775,0
3117,0.00590960080269934,0
3118,0.02035866133933971,0
3119,0.13286846762162238,0
3120,0.030881233956484493,0
3121,0.10530008490081635,0
3122,0.0063326986279039765,0
3123,0.029952982041232555,0
3124,0.15902413889653297,0
3125,0.1745442313337354,1
3126,0.08382278887399683,0
3127,0.043281606722999605,0
3128,0.05034753199658225,0
3129,0.10245870484124912,0
3130,0.052577633222515976,0
3131,0.17088627060212297,1
3132,0.22282756623683136,1
3133,0.1440410284424093,0
3134,0.08806049906745714,0
3135,0.008868167843276643,0
3136,0.019202600909616008,0
3137,0.058606861197762726,0
3138,0.02489512561777929,0
3139,0.021042509441098135,0
3140,0.058514598198205085,0
3141,0.002652608962647496,0
3142,0.10307654796505138,0
3143,0.009373788849885453,0
3144,0.11921462802878567,0
3145,0.0061924758278943575,0
3146,0.04769872113449217,0
3147,0.012290858908011234,0
3148,0.01134611612228098,0
3149,0.13441644706841605,0
3150,0.03629063993341598,0
3151,0.13557298750974597,0
3152,0.08760856230220311,0
3153,0.015085441276188005,0
3154,0.17072410671080204,1
3155,0.021428736185259718,0
3156,0.03404359187037368,0
3157,0.12124176458684209,0
3158,0.01718436762453067,0
3159,0.02302497765937952,0
3160,0.00940810898764412,0
3161,0.0824727469849786,0
3162,0.08818396325643718,0
3163,0.011770337334732843,0
3164,0.04954406966902773,0
3165,0.0009666871544886361,0
3166,0.05299769099355892,0
3167,0.18861308707167337,1
3168,0.0961847821605479,0
3169,0.08147390206618137,0
3170,0.02724466730603198,0
3171,0.055549426677924764,0
3172,0.028362754153740188,0
3173,0.11855422085762553,0
3174,0.035454140251076745,0
3175,0.0058199483842292345,0
3176,0.006968373777281463,0
3177,0.01453809821135538,0
3178,0.0921899670371368,0
3179,0.0626895958845266,0
3180,0.13863875740241247,0
3181,0.03536831891634114,0
3182,0.07556145245598592,0
3183,0.03825581363894332,0
3184,0.07494733466324209,0
3185,0.0867356025912081,0
3186,0.03371950086009376,0
3187,0.016359446349952952,0
3188,0.04258271206808308,0
3189,0.04454377148800137,0
3190,0.09514627121925599,0
3191,0.035142213143325954,0
3192,0.023854736840147096,0
3193,0.02738618134660681,0
3194,0.08133559128586375,0
3195,0.0658652572796908,0
3196,0.018031310648205238,0
3197,0.01615822447818218,0
3198,0.01106850211365921,0
3199,0.32613241348485217,1
3200,0.10739834275930712,0
3201,0.06329180366252735,0
3202,0.010951766118335518,0
3203,0.12502732911394085,0
3204,0.10890029187369837,0
3205,0.09320319871312538,0
3206,0.04664560270387214,0
3207,0.08390217147963484,0
3208,0.02738856606278594,0
3209,0.04725961078417055,0
3210,0.047419425043449766,0
3211,0.02623187310281169,0
3212,0.10798397212588205,0
3213,0.045139213046309884,0
3214,0.05407865145770216,0
3215,0.13416229114340003,0
3216,0.01081559914536118,0
3217,0.1410746206955583,0
3218,0.004228591813376004,0
3219,0.04740928759080421,0
3220,0.09391749681639547,0
3221,0.02318012733738332,0
3222,0.06399787132549714,0
3223,0.04397897668542191,0
3224,0.031794630446410156,0
3225,0.13216063116537388,0
3226,0.061885578850844565,0
3227,0.01691290131924538,0
3228,0.00939127948054037,0
3229,0.07019699774796813,0
3230,0.04857987266283361,0
3231,0.058494371737662684,0
3232,0.007710623953166565,0
3233,0.005263206382881025,0
3234,0.003576808665410969,0
3235,0.08777567722950048,0
3236,0.016961623656040762,0
3237,0.10842915645252717,0
3238,0.08211604714444434,0
3239,0.11895975874755992,0
3240,0.028539660367747348,0
3241,0.11215837069435172,0
3242,0.07877070502169593,0
3243,0.07059693781332568,0
3244,0.006181702288020011,0
3245,0.06128259516693133,0
3246,0.007071234086585387,0
3247,0.030383584781489007,0
3248,0.031000491868938673,0
3249,0.01654851649228113,0
3250,0.1201702245097506,0
3251,0.0950737552012531,0
3252,0.034284935076623495,0
3253,0.06760747678453022,0
3254,0.019781819761713344,0
3255,0.001762950480834872,0
3256,0.027256045395551976,0
3257,0.0436698653864764,0
3258,0.12790607761641043,0
3259,0.08669067026998739,0
3260,0.009184275771555384,0
3261,0.15531138450746595,0
3262,0.04321509152030283,0
3263,0.0417098575406519,0
3264,0.06973613563896022,0
3265,0.0270614080212569,0
3266,0.016930357264873064,0
3267,0.026195556484945825,0
3268,0.18770910981096853,1
3269,0.08355469892209408,0
3270,0.1406619709565117,0
3271,0.1093937504666901,0
3272,0.0365447712523742,0
3273,0.06701549135429623,0
3274,0.0203475685313522,0
3275,0.0683886211953497,0
3276,0.005329790152463273,0
3277,0.002025176390101987,0
3278,0.06745224496561966,0
3279,0.1573287367220595,0
3280,0.02396652176357862,0
3281,0.02330515813049568,0
3282,0.03628445583708961,0
3283,0.020717018329786837,0
3284,0.006658239120312892,0
3285,0.17874205536594082,1
3286,0.06389753107286308,0
3287,0.03509951053023198,0
3288,0.09320488235777087,0
3289,0.09118085040564945,0
3290,0.013458427332846367,0
3291,0.10971242087612713,0
3292,0.014632587486923487,0
3293,0.006105863911966014,0
3294,0.0532231846042186,0
3295,0.1394928721382028,0
3296,0.006838746771470479,0
3297,0.14491035006311875,0
3298,0.10155322237128513,0
3299,0.01655969364750577,0
3300,0.06607949844267731,0
3301,0.0014859744109202285,0
3302,0.014464755193101982,0
3303,0.04645404654627715,0
3304,0.0688762642551201,0
3305,0.02922174235317023,0
3306,0.0024188675400738102,0
3307,0.17626393540833027,1
3308,0.003065814916340718,0
3309,0.005695025014837155,0
3310,0.10237823788789394,0
3311,0.019164668317971388,0
3312,0.12532833457177603,0
3313,0.09399242809244361,0
3314,0.026902979969453632,0
3315,0.1046521622152105,0
3316,0.08024762098893762,0
3317,0.1020882571832459,0
3318,0.06594241014595047,0
3319,0.14508004885465248,0
3320,0.017639586255579827,0
3321,0.041960694441817936,0
3322,0.032721896109656264,0
3323,0.019240700391221787,0
3324,0.05380956129717503,0
3325,0.004449013674098534,0
3326,0.07921496533302091,0
3327,0.11297714468965998,0
3328,0.0652257454282635,0
3329,0.143881443332441,0
3330,0.049363710055510004,0
3331,0.05685195287843724,0
3332,0.01856823309816896,0
3333,0.12001282031733859,0
3334,0.0748643277148069,0
3335,0.012254026914220461,0
3336,0.01098915346009861,0
3337,0.05782694884628836,0
3338,0.022280408759297644,0
3339,0.07590472997042491,0
3340,0.10820389268225995,0
3341,0.049777833278921706,0
3342,0.011450077581601104,0
3343,0.05112696374821882,0
3344,0.035234204855742676,0
3345,0.006081532793350323,0
3346,0.06660233971153326,0
3347,0.04511327251725152,0
3348,0.1509182790807625,0
3349,0.023006249893129806,0
3350,0.023082461006526365,0
3351,0.003901887831335752,0
3352,0.048077927589051904,0
3353,0.05491678286811647,0
3354,0.09276036491370356,0
3355,0.005515554298093902,0
3356,0.04486206768779767,0
3357,0.060400061658596384,0
3358,0.06597600170351964,0
3359,0.12063328584210183,0
3360,0.05338253336790273,0
3361,0.11208679152175136,0
3362,0.10821743892021354,0
3363,0.005963397063618518,0
3364,0.17670447131224823,1
3365,0.021341895694893382,0
3366,0.05375055019442258,0
3367,0.00809307110287311,0
3368,0.12963967240239332,0
3369,0.11631138115062571,0
3370,0.018285862232670466,0
3371,0.04190999420350541,0
3372,0.04456476401704872,0
3373,0.001779647033708446,0
3374,0.1086713028344686,0
3375,0.016619738944733356,0
3376,0.13283451992486936,0
3377,0.034703239089334544,0
3378,0.022580747653593445,0
3379,0.08215660105804233,0
3380,0.09755695849708393,0
3381,0.10735295642909826,0
3382,0.04375915419763735,0
3383,0.07718058102554064,0
3384,0.10405821867535572,0
3385,0.0522934162183848,0
3386,0.015819278687097663,0
3387,0.02537467450525377,0
3388,0.11492243990390553,0
3389,0.08555261581921497,0
3390,0.04457168402472932,0
3391,0.0706471094262716,0
3392,0.16430530973974808,0
3393,0.22188660966152726,1
3394,0.14889993011209085,0
3395,0.036052898519003715,0
3396,0.025945371976320068,0
3397,0.019676953295254814,0
3398,0.05839017308102556,0
3399,0.04807187802150356,0
3400,0.0794857932018341,0
3401,0.012922808497952925,0
3402,0.1442505165323992,0
3403,0.17067420290406773,1
3404,0.04775913198774431,0
3405,0.05563080970428428,0
3406,0.03051537535821874,0
3407,0.07257522620392072,0
3408,0.13751540468791068,0
3409,0.047947725931958854,0
3410,0.003545448476850943,0
3411,0.014141672927139474,0
3412,0.07714772259066915,0
3413,0.07425620193791062,0
3414,0.06920041069745597,0
3415,0.007606605162312567,0
3416,0.010608742492337326,0
3417,0.11801049207451193,0
3418,0.1921916223431987,1
3419,0.1698253913262174,0
3420,0.08551619642839058,0
3421,0.10744798497142163,0
3422,0.1301703716651253,0
3423,0.02120628238207171,0
3424,0.009055944824325006,0
3425,0.08174073649994115,0
3426,0.21552345379238141,1
3427,0.06372710740241809,0
3428,0.03373909353862607,0
3429,0.056063027675850016,0
3430,0.10750505316078168,0
3431,0.022727649490243942,0
3432,0.07584353224617416,0
3433,0.004942898154346335,0
3434,0.019756366998597678,0
3435,0.006910154590354134,0
3436,0.13757601800731178,0
3437,0.042428996351750306,0
3438,0.1306349260363205,0
3439,0.08054032848707629,0
3440,0.03134392315395562,0
3441,0.038602180705896036,0
3442,0.03302788297509499,0
3443,0.057455494953963224,0
3444,0.02254227018633175,0
3445,0.12561814199169336,0
3446,0.0059834798028955746,0
3447,0.0782506394341134,0
3448,0.07499476071633478,0
3449,0.06001922551310081,0
3450,0.035454698634393454,0
3451,0.05165272158249284,0
3452,0.038320013408679604,0
3453,0.0867907358072087,0
3454,0.0392513995541203,0
3455,0.011153645843918298,0
3456,0.013840082434049727,0
3457,0.02908621258894958,0
3458,0.09391320464001827,0
3459,0.1521387911034988,0
3460,0.037385078669907416,0
3461,0.12091628444711855,0
3462,0.008199539652582058,0
3463,0.21471634712050525,1
3464,0.13635260982285208,0
3465,0.01178097646926836,0
3466,0.009668017624049821,0
3467,0.036010775683857736,0
3468,0.013892138980793823,0
3469,0.03429843577837592,0
3470,0.09223353520402598,0
3471,0.15292425805232654,0
3472,0.0030356437578906046,0
3473,0.029203760940578024,0
3474,0.006675097545970776,0
3475,0.0033500386842718905,0
3476,0.007509067785640688,0
3477,0.18777007584779773,1
3478,0.08677253161472756,0
3479,0.0873087688337336,0
3480,0.04163763145439989,0
3481,0.020243095464378223,0
3482,0.03684758928437958,0
3483,0.060308214092731835,0
3484,0.017194753218348454,0
3485,0.07559946409954614,0
3486,0.12090664738742417,0
3487,0.0030863152611808166,0
3488,0.08127508752177555,0
3489,0.011787975805191161,0
3490,0.1282187287881035,0
3491,0.24640910013350556,1
3492,0.018286619169324874,0
3493,0.04810956221321086,0
3494,0.05132584703369121,0
3495,0.16802335096081794,0
3496,0.009701736293138929,0
3497,0.19614526225839993,1
3498,0.09248826142559678,0
3499,0.002802329750935913,0
3500,0.014192890034276024,0
3501,0.09967896356321464,0
3502,0.018121568305420586,0
3503,0.1290552605068874,0
3504,0.01578397439122266,0
3505,0.044920680454874636,0
3506,0.07762978214169186,0
3507,0.01998816569973038,0
3508,0.054052413060982754,0
3509,0.02078986888558456,0
3510,0.003234110808280969,0
3511,0.043302997891566525,0
3512,0.0060142570777900195,0
3513,0.06852614584997489,0
3514,0.044446163867450976,0
3515,0.04322691944726541,0
3516,0.05750566615742022,0
3517,0.05133016988023153,0
3518,0.013191083647587743,0
3519,0.007194621780100152,0
3520,0.00572192996860692,0
3521,0.19881760686451272,1
3522,0.013348489595933755,0
3523,0.0023097810160517705,0
3524,0.017181835901650795,0
3525,0.08975531752898487,0
3526,0.031523932369825175,0
3527,0.02051829626151273,0
3528,0.025199375488921646,0
3529,0.006470453342880426,0
3530,0.05359814329019915,0
3531,0.1914315127248733,1
3532,0.00432456261959544,0
3533,0.07373681707798288,0
3534,0.019674338709958886,0
3535,0.050438857276042984,0
3536,0.025006383367374218,0
3537,0.037827473927395806,0
3538,0.004169186694962646,0
3539,0.03761189335152256,0
3540,0.08679395096510535,0
3541,0.021901395084958305,0
3542,0.07584954774798743,0
3543,0.05458004325471378,0
3544,0.004677895252225313,0
3545,0.014179333994766527,0
3546,0.028635575891939023,0
3547,0.0994140408253453,0
3548,0.02371412541351549,0
3549,0.14645973555422537,0
3550,0.1267187271184009,0
3551,0.09083503538983288,0
3552,0.18075329212829558,1
3553,0.06817508950798308,0
3554,0.13452816054400554,0
3555,0.10150014869014523,0
3556,0.0982400813658724,0
3557,0.019549819333092612,0
3558,0.01685337263281396,0
3559,0.026635650722868096,0
3560,0.02135941678893448,0
3561,0.011124602240573433,0
3562,0.03029888266396963,0
3563,0.12365467862351612,0
3564,0.04292128127065149,0
3565,0.030171011604817975,0
3566,0.010642427313114221,0
3567,0.05041504779079588,0
3568,0.07842743850052898,0
3569,0.01717508922563153,0
3570,0.0403004642131174,0
3571,0.012088840726425494,0
3572,0.06759071012781818,0
3573,0.030279030650929132,0
3574,0.04921469372579039,0
3575,0.028528316512859045,0
3576,0.11967532885256285,0
3577,0.14913320829526505,0
3578,0.05053620159066128,0
3579,0.07423064272626001,0
3580,0.017549934033994873,0
3581,0.05354340287980866,0
3582,0.10327130751172063,0
3583,0.0425301603367385,0
3584,0.050353007501325105,0
3585,0.006858391449857708,0
3586,0.09047728159444822,0
3587,0.009723544515518897,0
3588,0.002024698757903165,0
3589,0.0160252270462275,0
3590,0.007266942302145588,0
3591,0.003825235599769483,0
3592,0.11845707147340716,0
3593,0.1055213079562856,0
3594,0.007456835947023214,0
3595,0.056511568358040616,0
3596,0.08003983466632823,0
3597,0.03020455556749654,0
3598,0.1487782542082533,0
3599,0.10302072067431695,0
3600,0.0033833272185431083,0
3601,0.02404964611866697,0
3602,0.08139109540180565,0
3603,0.08733420395784126,0
3604,0.13413676874866493,0
3605,0.05142096541105994,0
3606,0.05389801658112063,0
3607,0.11362933653789649,0
3608,0.07071384004966251,0
3609,0.11825350803026809,0
3610,0.00897860879803641,0
3611,0.09356735604934617,0
3612,0.05904235238907295,0
3613,0.10275083302769167,0
3614,0.22319510140701307,1
3615,0.08834219620703564,0
3616,0.009026200219101404,0
3617,0.04154641638086606,0
3618,0.1587575009005522,0
3619,0.0055600582256667645,0
3620,0.05921333606324216,0
3621,0.04527668868617459,0
3622,0.03176057919526804,0
3623,0.14679052283887734,0
3624,0.10608144873616841,0
3625,0.0844731633437941,0
3626,0.018019574104711333,0
3627,0.03256814903798936,0
3628,0.06244761164545308,0
3629,0.07074486860907356,0
3630,0.06412301307692385,0
3631,0.17774021980218446,1
3632,0.08943523534199269,0
3633,0.22530813769605298,1
3634,0.15709362735571647,0
3635,0.08075829737469693,0
3636,0.07531701221876363,0
3637,0.00966360558729166,0
3638,0.00991045127745389,0
3639,0.06679438569680828,0
3640,0.031783430741315954,0
3641,0.08972418579909099,0
3642,0.056165829517336244,0
3643,0.07075083057170865,0
3644,0.1128746160349093,0
3645,0.015448437240761422,0
3646,0.1410274832051813,0
3647,0.1838594322654035,1
3648,0.2784608793603875,1
3649,0.14366533949366153,0
3650,0.02859197626146486,0
3651,0.020196312310017225,0
3652,0.11101244272112284,0
3653,0.046422235334033356,0
3654,0.24576659134534082,1
3655,0.03985695263761406,0
3656,0.0479305602310547,0
3657,0.03656296087120052,0
3658,0.05430778200956894,0
3659,0.17122563741260594,1
3660,0.04158178140725052,0
3661,0.11253973492329784,0
3662,0.050338661450624746,0
3663,0.013465520850423296,0
3664,0.08032224573432274,0
3665,0.062019731716003536,0
3666,0.022798128542872918,0
3667,0.07804928733931359,0
3668,0.14656997486146786,0
3669,0.035636142781239284,0
3670,0.023132277092987184,0
3671,0.10271338306819171,0
3672,0.005613271773471869,0
3673,0.03809561651233077,0
3674,0.05313441426803116,0
3675,0.04549165223714616,0
3676,0.06291925942905581,0
3677,0.03869666848650344,0
3678,0.11200660688283073,0
3679,0.07961297775041681,0
3680,0.02708231192274541,0
3681,0.04700741488213549,0
3682,0.10009843552762569,0
3683,0.053759194325970636,0
3684,0.07157934645717677,0
3685,0.11271568395572845,0
3686,0.06623826387245851,0
3687,0.0036840077987988717,0
3688,0.0350250856689606,0
3689,0.0702656018597852,0
3690,0.09800439574936688,0
3691,0.1137032647996242,0
3692,0.029816223795579726,0
3693,0.06486537256438553,0
3694,0.14216304814686456,0
3695,0.07320094678153997,0
3696,0.003624335442685633,0
3697,0.08011713124780971,0
3698,0.03106344061754766,0
3699,0.015106925817139794,0
3700,0.19548113252751909,1
3701,0.0022930724744350426,0
3702,0.1505166056717616,0
3703,0.006988849387629188,0
3704,0.10994967650025368,0
3705,0.030081894210307884,0
3706,0.07168902992515619,0
3707,0.031152031314077563,0
3708,0.16917966697999842,0
3709,0.03625114943417048,0
3710,0.12041652010269882,0
3711,0.007240870943401327,0
3712,0.14506708380986327,0
3713,0.05641864521235669,0
3714,0.040231934565267385,0
3715,0.06505449742636843,0
3716,0.002365587073488536,0
3717,0.018511193343223414,0
3718,0.1328189185594117,0
3719,0.10389195992285351,0
3720,0.02477044725488602,0
3721,0.03262870969602563,0
3722,0.14254947321060427,0
3723,0.061686172562699336,0
3724,0.005650534063312796,0
3725,0.1672626231660904,0
3726,0.005607250194612331,0
3727,0.007727713630912721,0
3728,0.0979380601223232,0
3729,0.017731500904582382,0
3730,0.20001041693233515,1
3731,0.028621960812309735,0
3732,0.17646360991481175,1
3733,0.10985511417668574,0
3734,0.014106419016151424,0
3735,0.21978671801841781,1
3736,0.1660178814779008,0
3737,0.007040574186533913,0
3738,0.04405886942049067,0
3739,0.13663485738297018,0
3740,0.020627947706375008,0
3741,0.049440491674428926,0
3742,0.08591184650699303,0
3743,0.035553459305054484,0
3744,0.06690465706498164,0
3745,0.024059439492866663,0
3746,0.0465174694845983,0
3747,0.06994264977908565,0
3748,0.0963172026241676,0
3749,0.018784264528263074,0
3750,0.06022676695149161,0
3751,0.02418118011953115,0
3752,0.07414889470895354,0
3753,0.1616562502024738,0
3754,0.11490507616859123,0
3755,0.009648251877119913,0
3756,0.002995052966425778,0
3757,0.001350724001947771,0
3758,0.09246296324658558,0
3759,0.03095465273710473,0
3760,0.045036211885134896,0
3761,0.013819022635003437,0
3762,0.00486636445872266,0
3763,0.10910229660457851,0
3764,0.03842610083217077,0
3765,0.00590016587305208,0
3766,0.008347285925297439,0
3767,0.005266560345896217,0
3768,0.0008118962969314358,0
3769,0.10026823905482521,0
3770,0.1962652561077516,1
3771,0.21141326754971915,1
3772,0.07379819870273718,0
3773,0.17239232683078118,1
3774,0.12931975136017684,0
3775,0.007541395584104138,0
3776,0.08000898679610892,0
3777,0.009837373835888468,0
3778,0.013227213789722336,0
3779,0.023928401885515784,0
3780,0.02739303325535202,0
3781,0.0912226799377214,0
3782,0.059275313219680534,0
3783,0.014250184179183964,0
3784,0.0457019949010402,0
3785,0.027793670765358644,0
3786,0.006321727019416031,0
3787,0.0013426769539499617,0
3788,0.13504040720132424,0
3789,0.06298374766461354,0
3790,0.041309186915999656,0
3791,0.11561147499159198,0
3792,0.20194946797358423,1
3793,0.07152346884138296,0
3794,0.027830790181701055,0
3795,0.005463076866303096,0
3796,0.04308484239665257,0
3797,0.05926133296345674,0
3798,0.12783968351632768,0
3799,0.0015427368214537237,0
3800,0.05148757390562512,0
3801,0.13297871671131833,0
3802,0.22866405721648517,1
3803,0.0672312374556136,0
3804,0.0799238165835814,0
3805,0.06299746443552112,0
3806,0.0027499018501816463,0
3807,0.03280040410685328,0
3808,0.07210372301426844,0
3809,0.06237891006311972,0
3810,0.029223099802219547,0
3811,0.062422121067289726,0
3812,0.007505630255624999,0
3813,0.030519095170305533,0
3814,0.0733845033730973,0
3815,0.007811153481043731,0
3816,0.05171513836494343,0
3817,0.010526842796945846,0
3818,0.06982710430209688,0
3819,0.017690130220632105,0
3820,0.15066708308229276,0
3821,0.022806369025806246,0
3822,0.0840243308789588,0
3823,0.016729929524028984,0
3824,0.06906552630873017,0
3825,0.1546571774351854,0
3826,0.1873181042133308,1
3827,0.0029828257525914927,0
3828,0.0352265818653477,0
3829,0.015824439478281833,0
3830,0.003301978350782105,0
3831,0.022494226753744677,0
3832,0.09434547464292785,0
3833,0.08901687086318265,0
3834,0.06480382545368875,0
3835,0.03545836926633628,0
3836,0.1320230493057166,0
3837,0.01680565835064262,0
3838,0.008587788666568693,0
3839,0.05127580255567568,0
3840,0.16525901075365212,0
3841,0.04128824588437628,0
3842,0.002820545725597157,0
3843,0.010940332880944684,0
3844,0.20399292332166175,1
3845,0.05059893132382563,0
3846,0.004267219578020128,0
3847,0.023079920675143757,0
3848,0.02681013882952575,0
3849,0.013745949602711523,0
3850,0.07012694103276228,0
3851,0.08691075760422082,0
3852,0.013052834960772771,0
3853,0.11610249927818561,0
3854,0.051023655787163766,0
3855,0.02566649900153463,0
3856,0.02941808100091027,0
3857,0.03620123347530095,0
3858,0.05786668543062587,0
3859,0.029968090380312406,0
3860,0.08883671625569413,0
3861,0.07987085343776788,0
3862,0.020542370165953623,0
3863,0.049860724916296326,0
3864,0.001881587790853508,0
3865,0.03671651613604979,0
3866,0.11393251646873281,0
3867,0.2154247263204966,1
3868,0.0035041032674342147,0
3869,0.16471093117413993,0
3870,0.02438356591261032,0
3871,0.021527266455816093,0
3872,0.015329103552902911,0
3873,0.02270095017289461,0
3874,0.14026694563330236,0
3875,0.019775706686022673,0
3876,0.07536068641479457,0
3877,0.014712919876878587,0
3878,0.020127453227437794,0
3879,0.03422586948269091,0
3880,0.1340584564797633,0
3881,0.1388020120737659,0
3882,0.08957063377223508,0
3883,0.010811009283326782,0
3884,0.08851319233276958,0
3885,0.06660685828242974,0
3886,0.058880169359500883,0
3887,0.03725159675407393,0
3888,0.014646089351753674,0
3889,0.18303388462787185,1
3890,0.02026880347747934,0
3891,0.03799552014288576,0
3892,0.008148047776458826,0
3893,0.09152036271057552,0
3894,0.01246774894602424,0
3895,0.09244967677172392,0
3896,0.03418407754586783,0
3897,0.21795773755656,1
3898,0.024128797563589446,0
3899,0.01638509203487486,0
3900,0.031609129001951196,0
3901,0.005431779515844474,0
3902,0.006809508678586754,0
3903,0.08391663596110242,0
3904,0.14235309898410325,0
3905,0.10553870140225596,0
3906,0.07116533695729983,0
3907,0.028793663294985953,0
3908,0.005272952075899395,0
3909,0.050039724068261654,0
3910,0.12823896750257516,0
3911,0.0023245690734111867,0
3912,0.03799890639482539,0
3913,0.1613877193816747,0
3914,0.03591224312149542,0
3915,0.13952823631029684,0
3916,0.05434076723044245,0
3917,0.02617241747460474,0
3918,0.11465973368118189,0
3919,0.061328106840476515,0
3920,0.009280156997021716,0
3921,0.1355530202757697,0
3922,0.007402943965549902,0
3923,0.027147353852695635,0
3924,0.1400984648019936,0
3925,0.003546281383778179,0
3926,0.0010873046441576939,0
3927,0.011561918752560903,0
3928,0.04526453181141722,0
3929,0.011836132336302659,0
3930,0.04041675365387598,0
3931,0.09509341078709728,0
3932,0.04386616989890006,0
3933,0.008531257526676909,0
3934,0.04609340037228261,0
3935,0.028546945398206163,0
3936,0.0033133478623850704,0
3937,0.009877603557550622,0
3938,0.09801871615258434,0
3939,0.14031027522764877,0
3940,0.023322753475197425,0
3941,0.06723545281088542,0
3942,0.17509168030851363,1
3943,0.0256885645074804,0
3944,0.11616899753864568,0
3945,0.00787258321625739,0
3946,0.03153708616262047,0
3947,0.02357889739061628,0
3948,0.043953524138856,0
3949,0.011780976593521923,0
3950,0.11615423111499723,0
3951,0.007075699361239196,0
3952,0.11690463119562367,0
3953,0.08539302552529925,0
3954,0.09559964436254804,0
3955,0.12311580206005608,0
3956,0.06334864276854386,0
3957,0.0028693273869557336,0
3958,0.06012642757457225,0
3959,0.09937055560605638,0
3960,0.03954140107335134,0
3961,0.0064712786230204005,0
3962,0.04364432298270473,0
3963,0.005360674044291769,0
3964,0.0102226631644521,0
3965,0.09043080971602697,0
3966,0.06082207137676129,0
3967,0.07866235393076042,0
3968,0.12469665123110024,0
3969,0.01108554131366927,0
3970,0.08326059776669939,0
3971,0.10421880594613117,0
3972,0.12339382896756002,0
3973,0.04606917731327257,0
3974,0.0768514681032256,0
3975,0.1976115202676289,1
3976,0.07413015863320724,0
3977,0.02775959433756705,0
3978,0.001610357894601629,0
3979,0.003944037445693597,0
3980,0.0667624488600561,0
3981,0.040673902951809164,0
3982,0.00219431079362112,0
3983,0.08885924179528572,0
3984,0.06921249517496461,0
3985,0.0020521543531531942,0
3986,0.03291725173633946,0
3987,0.010781852665833787,0
3988,0.09130070340179144,0
3989,0.05762159790915785,0
3990,0.03459469669710153,0
3991,0.1223336298940401,0
3992,0.016206580210150735,0
3993,0.06614991522528758,0
3994,0.13376839233606522,0
3995,0.1458612292501839,0
3996,0.02213545413027059,0
3997,0.009166943142390808,0
3998,0.009082476088119629,0
3999,0.14178503418188745,0
4000,0.15144712544578745,0
4001,0.03823676845383764,0
4002,0.1659185420371296,0
4003,0.23912513332095361,1
4004,0.0434442156448827,0
4005,0.024828304987828932,0
4006,0.03050701797124722,0
4007,0.04655666938310572,0
4008,0.0027237547623524556,0
4009,0.036522391724260604,0
4010,0.029473930785245326,0
4011,0.046572364612220855,0
4012,0.020303792684739155,0
4013,0.02030309725736942,0
4014,0.07336459270884148,0
4015,0.03809133218975174,0
4016,0.03778781659172473,0
4017,0.008452498949551957,0
4018,0.010432227710841164,0
4019,0.004891429313306653,0
4020,0.010517376666610612,0
4021,0.0028392744528354347,0
4022,0.03269179600825394,0
4023,0.08186706536836467,0
4024,0.07982889906841738,0
4025,0.21256212054530235,1
4026,0.03439469637458641,0
4027,0.023844245918215625,0
4028,0.007502461459499769,0
4029,0.03663253133608586,0
4030,0.015849465778899792,0
4031,0.03880900063852117,0
4032,0.015586963001936953,0
4033,0.041334314656787566,0
4034,0.08354886906586509,0
4035,0.13659723210693617,0
4036,0.022391230980549123,0
4037,0.10715300689703294,0
4038,0.01808464028174112,0
4039,0.09185473576617742,0
4040,0.1577689131634819,0
4041,0.04116377451418153,0
4042,0.006560180287250694,0
4043,0.006322417475388043,0
4044,0.043779370237505714,0
4045,0.005147391135397387,0
4046,0.05723336981561533,0
4047,0.09707842254335207,0
4048,0.09992054887270974,0
4049,0.04070006192998903,0
4050,0.057798428657780655,0
4051,0.026448996986320743,0
4052,0.07607017835400791,0
4053,0.12069622226175494,0
4054,0.03541224854354059,0
4055,0.01585284466758966,0
4056,0.03821613889008764,0
4057,0.0175553690969441,0
4058,0.13838916109927019,0
4059,0.09668379830495093,0
4060,0.15449637948594688,0
4061,0.027879624457794173,0
4062,0.03230605742964839,0
4063,0.005003352179533442,0
4064,0.05343058500233252,0
4065,0.1878249889731786,1
4066,0.049641503468733195,0
4067,0.08326068343567238,0
4068,0.16381219681008832,0
4069,0.048839403633339794,0
4070,0.0030102674053849848,0
4071,0.015282536401245194,0
4072,0.05993951765792651,0
4073,0.03616082755517009,0
4074,0.13250396039422133,0
4075,0.03226352212497856,0
4076,0.02838842089523202,0
4077,0.031073675483459857,0
4078,0.015333547249123317,0
4079,0.04262062724609094,0
4080,0.012822599611643056,0
4081,0.049854217765839655,0
4082,0.07261053187432805,0
4083,0.03706057535999655,0
4084,0.04942872135400606,0
4085,0.024124008530157837,0
4086,0.09619270060614567,0
4087,0.01308294597604848,0
4088,0.07815416501356744,0
4089,0.0013426769539499617,0
4090,0.007744771220701015,0
4091,0.031052721015692373,0
4092,0.05019882518657696,0
4093,0.022300636153331214,0
4094,0.018450146322922,0
4095,0.07400585458516176,0
4096,0.022548888131885172,0
4097,0.034720193531149274,0
4098,0.12618508023487784,0
4099,0.15836995907189888,0
4100,0.013160667295942941,0
4101,0.10577188895696835,0
4102,0.15053358177380988,0
4103,0.05321694291573491,0
4104,0.15902779087613286,0
4105,0.07698816229719606,0
4106,0.08460573097079752,0
4107,0.054234534598603584,0
4108,0.17009039410415963,1
4109,0.0013938165965270866,0
4110,0.010842076448445629,0
4111,0.0406687232445662,0
4112,0.03751536781847151,0
4113,0.23523293561087583,1
4114,0.05736867629370367,0
4115,0.14134086609515578,0
4116,0.013081746132398023,0
4117,0.011301999023149205,0
4118,0.03275620902353163,0
4119,0.06647523343512499,0
4120,0.035034266943192935,0
4121,0.1343033202333668,0
4122,0.005446460896619479,0
4123,0.12306295683651515,0
4124,0.10946138327419555,0
4125,0.037549316094074754,0
4126,0.10835494893663702,0
4127,0.10996651183635056,0
4128,0.004143285202326689,0
4129,0.08993265749936316,0
4130,0.014509079273026922,0
4131,0.10561035216056075,0
4132,0.04279303544335003,0
4133,0.049110290396005264,0
4134,0.024193629988917536,0
4135,0.05098420627872938,0
4136,0.06953640602605887,0
4137,0.13762679843829526,0
4138,0.006580850557165434,0
4139,0.10801512234114652,0
4140,0.013040817289958132,0
4141,0.04414980005348867,0
4142,0.028441522484926183,0
4143,0.11022418047834104,0
4144,0.17082892636336497,1
4145,0.016478707257736192,0
4146,0.023683903340016577,0
4147,0.0765533355073622,0
4148,0.03846259695633165,0
4149,0.03894548294783158,0
4150,0.03448792996511382,0
4151,0.02085794619387884,0
4152,0.03633438908951298,0
4153,0.08233569855133406,0
4154,0.0639433663795939,0
4155,0.03957464918671956,0
4156,0.04040297593322895,0
4157,0.024574454237948077,0
4158,0.050723200347314354,0
4159,0.23767054335881285,1
4160,0.03499995078240067,0
4161,0.05518830935645269,0
4162,0.009909306829111057,0
4163,0.04312393331415252,0
4164,0.16888245790383666,0
4165,0.12826640660988356,0
4166,0.07935166318945411,0
4167,0.05394794755347931,0
4168,0.02657417577302556,0
4169,0.10800085470600079,0
4170,0.060758097792953186,0
4171,0.06440547386947361,0
4172,0.02947864436289295,0
4173,0.10320666618719651,0
4174,0.07794723695853735,0
4175,0.10424490036363458,0
4176,0.12461515020936459,0
4177,0.05880941703562985,0
4178,0.0885538033449981,0
4179,0.07975741657236093,0
4180,0.02179476160916043,0
4181,0.09533745310405346,0
4182,0.015593964666618665,0
4183,0.0663015551933463,0
4184,0.14119891536112436,0
4185,0.022744357565581012,0
4186,0.18258187431055703,1
4187,0.020325236904528567,0
4188,0.0285857354845145,0
4189,0.05584193017013706,0
4190,0.06121245403341601,0
4191,0.014172877178447344,0
4192,0.08649809480996534,0
4193,0.01832736012058603,0
4194,0.010530772142496722,0
4195,0.1367700777745438,0
4196,0.02904418231134116,0
4197,0.11803496264053355,0
4198,0.05353181020663369,0
4199,0.003396585332020356,0
4200,0.06503221318716447,0
4201,0.1284776259924977,0
4202,0.12091406748324723,0
4203,0.19226854384215775,1
4204,0.04122299292184896,0
4205,0.14421507616082072,0
4206,0.004504994691738254,0
4207,0.022905694362209558,0
4208,0.034587974942937486,0
4209,0.025881283066364037,0
4210,0.05293490642717468,0
4211,0.14800643397836075,0
4212,0.02033838875289765,0
4213,0.09073827064888754,0
4214,0.020519950295452852,0
4215,0.009607266786945323,0
4216,0.12757383526256288,0
4217,0.018276383834159343,0
4218,0.09446187644811373,0
4219,0.0029893080547737537,0
4220,0.022548456108282697,0
4221,0.11503032685223637,0
4222,0.25318366131195486,1
4223,0.10765902979585797,0
4224,0.0978943861629362,0
4225,0.014011304283222696,0
4226,0.1012729681931931,0
4227,0.0973823279805907,0
4228,0.04071878628108146,0
4229,0.0684529147877049,0
4230,0.010178397309911902,0
4231,0.04478114538295229,0
4232,0.08912228579734062,0
4233,0.0890126789078165,0
4234,0.051407223672227643,0
4235,0.01798976056355411,0
4236,0.018689401650430263,0
4237,0.0024749228104939736,0
4238,0.010524791084478295,0
4239,0.031720486205420804,0
4240,0.03914347208697834,0
4241,0.03999711623635989,0
4242,0.0230321597431388,0
4243,0.04115146837943749,0
4244,0.006809538975531782,0
4245,0.03568241483415303,0
4246,0.10261169695738373,0
4247,0.11620433132463187,0
4248,0.030531643892582762,0
4249,0.01857305047781393,0
4250,0.015770975854065238,0
4251,0.07109344014834167,0
4252,0.11306144212062025,0
4253,0.019037476949665275,0
4254,0.009410015964169667,0
4255,0.016972998792464684,0
4256,0.05384161373052918,0
4257,0.03133707372885128,0
4258,0.12653635855768722,0
4259,0.03252102689809456,0
4260,0.011200947000660322,0
4261,0.09074321580269708,0
4262,0.06499555558735955,0
4263,0.11836808838823644,0
4264,0.005255411140610196,0
4265,0.09940292244068555,0
4266,0.04029987662894495,0
4267,0.13207157591566554,0
4268,0.02803559170514117,0
4269,0.038247402527082267,0
4270,0.058765414748272383,0
4271,0.05063941167745287,0
4272,0.007680216565865313,0
4273,0.029966335528928422,0
4274,0.05801339773541365,0
4275,0.05889779035348883,0
4276,0.011994714108238514,0
4277,0.027064936193101442,0
4278,0.0104047140102002,0
4279,0.027835806210344892,0
4280,0.06450332552321443,0
4281,0.0024300381654930683,0
4282,0.10601471140506513,0
4283,0.07065705893701191,0
4284,0.02217096949450532,0
4285,0.04296421407177246,0
4286,0.009403681967340182,0
4287,0.07593611677959765,0
4288,0.01290158279971488,0
4289,0.029644992802914903,0
4290,0.02977636894580375,0
4291,0.01170295256010161,0
4292,0.004044604373447143,0
4293,0.04890185506330011,0
4294,0.005360210708314991,0
4295,0.16299081382880384,0
4296,0.08491985101072477,0
4297,0.023559447224233095,0
4298,0.05440508620246085,0
4299,0.11777334521135178,0
4300,0.03844598812854324,0
4301,0.11825824548192472,0
4302,0.10498924729348762,0
4303,0.1064679868273861,0
4304,0.02411128650825002,0
4305,0.017228629434960382,0
4306,0.0018777346334594676,0
4307,0.1034200014425448,0
4308,0.040530246661531315,0
4309,0.008707108966922845,0
4310,0.03699059225263525,0
4311,0.03839411244491225,0
4312,0.0867926106398773,0
4313,0.1874262822339497,1
4314,0.04676764804554171,0
4315,0.004390979015027926,0
4316,0.0034230519664868084,0
4317,0.07939996220710238,0
4318,0.05378635103794081,0
4319,0.1064477209255186,0
4320,0.02696165550645411,0
4321,0.008059857239716561,0
4322,0.11185898222785141,0
4323,0.08691088950980068,0
4324,0.08628365377278006,0
4325,0.015070751818439221,0
4326,0.07921682558269012,0
4327,0.00945684670342893,0
4328,0.046784920234320425,0
4329,0.05893454353205092,0
4330,0.037335134083568595,0
4331,0.04276201802198428,0
4332,0.10836234724063099,0
4333,0.19629907357845403,1
4334,0.014362067966063097,0
4335,0.05135357168091368,0
4336,0.03585620910422566,0
4337,0.10287311056383212,0
4338,0.14056421322765958,0
4339,0.033569487642206026,0
4340,0.025326129767630927,0
4341,0.018105881971545907,0
4342,0.009055423674428627,0
4343,0.1558874637348803,0
4344,0.024645784389442878,0
4345,0.11461256638701017,0
4346,0.07915482903633521,0
4347,0.20925655181972236,1
4348,0.013855375023608363,0
4349,0.054187348736307754,0
4350,0.007644424505425292,0
4351,0.06345372330516136,0
4352,0.128874709650857,0
4353,0.022421008472989185,0
4354,0.055647378294604734,0
4355,0.0853465520056664,0
4356,0.11662886929865322,0
4357,0.07649150421283143,0
4358,0.01477282734005158,0
4359,0.009643106620767084,0
4360,0.08394812875779138,0
4361,0.07345648964323953,0
4362,0.036242892440220435,0
4363,0.0355725564611049,0
4364,0.0049302275941351505,0
4365,0.09985466126906258,0
4366,0.06177653291025515,0
4367,0.011277284004746228,0
4368,0.07801041691342109,0
4369,0.024984212528888345,0
4370,0.050992048745689626,0
4371,0.04331187819838998,0
4372,0.24859040725472195,1
4373,0.02956850111555974,0
4374,0.06308355327407754,0
4375,0.08841241085064035,0
4376,0.016006859980315126,0
4377,0.06672099613609014,0
4378,0.016725752982030148,0
4379,0.09032952906959038,0
4380,0.1340013254949099,0
4381,0.018112965621344478,0
4382,0.20182408443439187,1
4383,0.14370025873171827,0
4384,0.2099127613580309,1
4385,0.13217318499246314,0
4386,0.18393872292065408,1
4387,0.0264699622304869,0
4388,0.2805882664629148,1
4389,0.10130568456438119,0
4390,0.06430658128586621,0
4391,0.048415431231733676,0
4392,0.00261613613791832,0
4393,0.009941513136483697,0
4394,0.12097069601958214,0
4395,0.04308466811092672,0
4396,0.04242955663800147,0
4397,0.022552638637771395,0
4398,0.1882761827520946,1
4399,0.13158513061481358,0
4400,0.05223051863719782,0
4401,0.12546368757182086,0
4402,0.2121773942944307,1
4403,0.009565842365647155,0
4404,0.03799569084839435,0
4405,0.08986355491165918,0
4406,0.004562534009945307,0
4407,0.00628989734058197,0
4408,0.025931103159780512,0
4409,0.0935267589848577,0
4410,0.06257624913534769,0
4411,0.17352645414430007,1
4412,0.03028097549666363,0
4413,0.08026933290510586,0
4414,0.12440911329737317,0
4415,0.08893102045120269,0
4416,0.20777946668732225,1
4417,0.14341632616985792,0
4418,0.018650270665935262,0
4419,0.03291718769226198,0
4420,0.025305845485566913,0
4421,0.05121980524713846,0
4422,0.05333473050542163,0
4423,0.01539609885329017,0
4424,0.07869506742654865,0
4425,0.03653431523690411,0
4426,0.020427830730663513,0
4427,0.057298208095770645,0
4428,0.21353656976647456,1
4429,0.13426815707548492,0
4430,0.10369652142218803,0
4431,0.08569048980312768,0
4432,0.05293098500747841,0
4433,0.06345931647870938,0
4434,0.008010822563535632,0
4435,0.001092530315370303,0
4436,0.011156152158963572,0
4437,0.015736231837597595,0
4438,0.1711920904514109,1
4439,0.10924934866747216,0
4440,0.039692551035936344,0
4441,0.01050141815996047,0
4442,0.018510207648209365,0
4443,0.1599199695574574,0
4444,0.02411887627791321,0
4445,0.00920517675551169,0
4446,0.06756348085586232,0
4447,0.03282331526722569,0
4448,0.028788521262989194,0
4449,0.053511290994671126,0
4450,0.01332587885856277,0
4451,0.007992833981327418,0
4452,0.006058413013822025,0
4453,0.0345145738740851,0
4454,0.03847184479987878,0
4455,0.040880713923175535,0
4456,0.018121794325447856,0
4457,0.07847915998895665,0
4458,0.010979157332009545,0
4459,0.06365410812518231,0
4460,0.14210036568249942,0
4461,0.10233779845269089,0
4462,0.06421062518150532,0
4463,0.03026075503032884,0
4464,0.007346174967184379,0
4465,0.15842218647941078,0
4466,0.03311197354133569,0
4467,0.06957196268001427,0
4468,0.009814197327702648,0
4469,0.1520808827807158,0
4470,0.07051260330480372,0
4471,0.03184863923989501,0
4472,0.07994029808152332,0
4473,0.052845057367519814,0
4474,0.030948173812483146,0
4475,0.010093202808274098,0
4476,0.11084280027002057,0
4477,0.027890764075789016,0
4478,0.07397676417293794,0
4479,0.029779499464515583,0
4480,0.16468416812497635,0
4481,0.1463091780492499,0
4482,0.10256459537169138,0
4483,0.021888010538111697,0
4484,0.17558405610392255,1
4485,0.0057706446570178795,0
4486,0.07270657022371045,0
4487,0.021942465223354798,0
4488,0.10246648801127141,0
4489,0.03686104133749062,0
4490,0.024140736692572794,0
4491,0.012692091358346274,0
4492,0.007471904835665148,0
4493,0.04283671351115203,0
4494,0.12395011240077398,0
4495,0.028964486045659037,0
4496,0.024278054146359855,0
4497,0.07021905291497964,0
4498,0.058930133999601876,0
4499,0.006646991890625646,0
4500,0.024594365256678005,0
4501,0.2053751544231633,1
4502,0.05160671387498853,0
4503,0.09161748063898446,0
4504,0.004717553012508454,0
4505,0.05402912716928318,0
4506,0.060839471802898656,0
4507,0.04625962942019171,0
4508,0.03402857954105407,0
4509,0.03130983481034919,0
4510,0.007476337273030572,0
4511,0.022075393711698466,0
4512,0.019292531987689536,0
4513,0.17129624498892768,1
4514,0.04150687916988097,0
4515,0.11179933138404416,0
4516,0.07619939852751895,0
4517,0.02909602440130758,0
4518,0.008681799135931272,0
4519,0.1394446179103918,0
4520,0.029687285248501668,0
4521,0.013077828250295168,0
4522,0.18710101784560954,1
4523,0.03656756415508715,0
4524,0.11817738604354192,0
4525,0.055544179163048636,0
4526,0.06430087263769814,0
4527,0.030054118716380255,0
4528,0.07908377038169488,0
4529,0.008115252625350629,0
4530,0.04906483726881441,0
4531,0.05891274165059953,0
4532,0.0070551315755299345,0
4533,0.16998509392552483,0
4534,0.08400793709897031,0
4535,0.01746995033251566,0
4536,0.11383070002398486,0
4537,0.2034076798845819,1
4538,0.0021490548201569927,0
4539,0.0860521703449589,0
4540,0.0101411034493368,0
4541,0.0723744404396262,0
4542,0.015516260929637723,0
4543,0.028974514756191047,0
4544,0.053187337935226224,0
4545,0.007305125202005687,0
4546,0.05732204067442266,0
4547,0.12022561967738805,0
4548,0.048085224127267824,0
4549,0.08926126383107062,0
4550,0.05138981374355549,0
4551,0.08323731708076668,0
4552,0.05864850728457333,0
4553,0.1245900647142807,0
4554,0.10875362609478725,0
4555,0.0689406434786041,0
4556,0.015653407443274252,0
4557,0.1645365482326801,0
4558,0.02100213654873464,0
4559,0.03288842245059619,0
4560,0.03616728081646841,0
4561,0.04612185821753985,0
4562,0.08566734795934076,0
4563,0.09684855183341617,0
4564,0.042727908641667756,0
4565,0.05365286899035349,0
4566,0.06647597743183474,0
4567,0.013606445062949443,0
4568,0.005736745772776763,0
4569,0.009234208576117913,0
4570,0.012787122991735234,0
4571,0.08231686651179541,0
4572,0.023205903572008763,0
4573,0.04117007616588955,0
4574,0.07561252725488693,0
4575,0.0376746579761621,0
4576,0.026049387570292144,0
4577,0.0070221701666141135,0
4578,0.1745826068570391,1
4579,0.04165350231311742,0
4580,0.028929046057389017,0
4581,0.030636903630954414,0
4582,0.1313225619658194,0
4583,0.021281116347909922,0
4584,0.00583513376214609,0
4585,0.0019479996323338447,0
4586,0.013695028641937952,0
4587,0.09528993896705493,0
4588,0.028118349540917513,0
4589,0.030138962590404952,0
4590,0.031455850517606056,0
4591,0.01780584000626817,0
4592,0.03473394789826497,0
4593,0.09455913646936329,0
4594,0.10012201061082979,0
4595,0.0397002601849964,0
4596,0.008852018117476585,0
4597,0.051778629089092545,0
4598,0.09197514892885758,0
4599,0.0620498266348776,0
4600,0.15121186465499983,0
4601,0.02248053978028263,0
4602,0.04772083243737794,0
4603,0.1640654629566939,0
4604,0.01188784377761265,0
4605,0.05065095025863428,0
4606,0.11450218652765942,0
4607,0.2687164867776556,1
4608,0.01484913661575665,0
4609,0.023611582936050375,0
4610,0.026749115435447758,0
4611,0.23277825497642712,1
4612,0.0015391405549676589,0
4613,0.023144458658306596,0
4614,0.1838028101034227,1
4615,0.03524519709667407,0
4616,0.04067719373991201,0
4617,0.003956093795476316,0
4618,0.022908769853820673,0
4619,0.02716530095418166,0
4620,0.008701790128982511,0
4621,0.12228614242172356,0
4622,0.05819689869853296,0
4623,0.05157275503254295,0
4624,0.09944977613926595,0
4625,0.11487643770020514,0
4626,0.04432510641046987,0
4627,0.0028967613054709258,0
4628,0.023389487188734164,0
4629,0.1120694239124697,0
4630,0.022465747729950993,0
4631,0.006252384741721347,0
4632,0.04049447812767313,0
4633,0.10612053605062491,0
4634,0.17955114405565265,1
4635,0.11868355354490853,0
4636,0.06841986800461244,0
4637,0.0027735915886814974,0
4638,0.0808780155037813,0
4639,0.1926617526847713,1
4640,0.08384902459565606,0
4641,0.03062092832001253,0
4642,0.027047614821005053,0
4643,0.011746068407301065,0
4644,0.12085989328313285,0
4645,0.15365409070591754,0
4646,0.16021395365276214,0
4647,0.041453484884623845,0
4648,0.01511683120656891,0
4649,0.02147260231092891,0
4650,0.013072882666703634,0
4651,0.029571593691691742,0
4652,0.0598547767796526,0
4653,0.11956192948578777,0
4654,0.011408980665770467,0
4655,0.13697160747669612,0
4656,0.027816431321652922,0
4657,0.01822272511139403,0
4658,0.12803185867124006,0
4659,0.012001316147021091,0
4660,0.18034260013530515,1
4661,0.034308549200296926,0
4662,0.005101154096643682,0
4663,0.21189448905958544,1
4664,0.012206377828191917,0
4665,0.19490413889488906,1
4666,0.00998260796052451,0
4667,0.07377992328774005,0
4668,0.05845425873114925,0
4669,0.07686618553975008,0
4670,0.005347039694884785,0
4671,0.041523647254890314,0
4672,0.04003960476858182,0
4673,0.015118049028479085,0
4674,0.11753145387001498,0
4675,0.011209284114113031,0
4676,0.05156223513063642,0
4677,0.018416201018472706,0
4678,0.10403354660995286,0
4679,0.18693387838780484,1
4680,0.008592405328669738,0
4681,0.024581991110546472,0
4682,0.08281326048462105,0
4683,0.024009202451066844,0
4684,0.004717040438003961,0
4685,0.05148353374735785,0
4686,0.01947367669554063,0
4687,0.0027338769341464842,0
4688,0.02304577102704992,0
4689,0.05937033104679587,0
4690,0.11709149229653017,0
4691,0.004180487448291833,0
4692,0.04492783930940248,0
4693,0.026765326891729644,0
4694,0.017037907333009753,0
4695,0.010637619041949101,0
4696,0.10885128475736333,0
4697,0.061419651723700036,0
4698,0.011327667391949955,0
4699,0.02639703117486889,0
4700,0.10129375593906877,0
4701,0.0298640858101299,0
4702,0.0901079367735548,0
4703,0.03502639797009828,0
4704,0.10877435405938249,0
4705,0.10761977326555099,0
4706,0.009642973949730904,0
4707,0.056565108152055364,0
4708,0.009790371904551447,0
4709,0.08086595950248515,0
4710,0.24115558515181199,1
4711,0.016720838621514914,0
4712,0.13349287499068996,0
4713,0.033932014878910295,0
4714,0.01253285835091511,0
4715,0.1393000722429969,0
4716,0.014112123899223545,0
4717,0.016171848983441862,0
4718,0.06287818871590281,0
4719,0.02705862835742182,0
4720,0.02557935805568908,0
4721,0.07369567599707343,0
4722,0.07145775131906332,0
4723,0.08228153484887969,0
4724,0.11121306301149332,0
4725,0.07729081510753849,0
4726,0.04832237935356113,0
4727,0.02977334982146204,0
4728,0.019446559326735238,0
4729,0.029253538234798017,0
4730,0.05432058727693821,0
4731,0.16300156246232567,0
4732,0.07845837393346318,0
4733,0.16228018423949042,0
4734,0.19015731699174926,1
4735,0.13534808298855067,0
4736,0.023371443714417506,0
4737,0.01419494035703041,0
4738,0.12918490034528618,0
4739,0.013795728609526433,0
4740,0.07078903549784783,0
4741,0.04887948356650249,0
4742,0.0019632780056765054,0
4743,0.0621289992767436,0
4744,0.1614968110018208,0
4745,0.03027073142519102,0
4746,0.030523567902548066,0
4747,0.050784713044724726,0
4748,0.11717219482972795,0
4749,0.031402406369827454,0
4750,0.007653020716962952,0
4751,0.020972465393226666,0
4752,0.07932950214729413,0
4753,0.22727517062868213,1
4754,0.0384110118435694,0
4755,0.17549110249378258,1
4756,0.0100629617968469,0
4757,0.06872333534626456,0
4758,0.10230247421896035,0
4759,0.1459785061527901,0
4760,0.07783348334808368,0
4761,0.04813374486445559,0
4762,0.040434955208135,0
4763,0.03768127990656963,0
4764,0.03659834533925389,0
4765,0.12033746034266916,0
4766,0.038156055681111016,0
4767,0.09152395365095899,0
4768,0.17491060090452404,1
4769,0.11586958241653697,0
4770,0.03514611053467024,0
4771,0.09479946483832673,0
4772,0.011850055707464299,0
4773,0.014197595956427526,0
4774,0.009015354197608134,0
4775,0.07605209620859747,0
4776,0.020303834646922012,0
4777,0.0066719094257065015,0
4778,0.15755944160098775,0
4779,0.01112306911157867,0
4780,0.018258544554546088,0
4781,0.0574336434250562,0
4782,0.006566251178628324,0
4783,0.11180393522560962,0
4784,0.015100759370390748,0
4785,0.14412851330010393,0
4786,0.1631928363321775,0
4787,0.01918823909121202,0
4788,0.09913283165363145,0
4789,0.056599356571540145,0
4790,0.11660040608067804,0
4791,0.18528769633046213,1
4792,0.031192903253722593,0
4793,0.045339392883144286,0
4794,0.052619031441931925,0
4795,0.014906183628067044,0
4796,0.010646587178849913,0
4797,0.06573723366985773,0
4798,0.013006267889291363,0
4799,0.04604323656723144,0
4800,0.0652781333855137,0
4801,0.1567664378173513,0
4802,0.014773040461813618,0
4803,0.023758746547315024,0
4804,0.005628834276343309,0
4805,0.1572379172798697,0
4806,0.018949270412969486,0
4807,0.16605272076653205,0
4808,0.06183962607872597,0
4809,0.07897933761809345,0
4810,0.13762911145656834,0
4811,0.01066450203190766,0
4812,0.10052585031400738,0
4813,0.045382723613043005,0
4814,0.039163924967358876,0
4815,0.043553236696264826,0
4816,0.016209810701895984,0
4817,0.015238298799485742,0
4818,0.06144612287259523,0
4819,0.05405264306096853,0
4820,0.017316481051469976,0
4821,0.06211425240159189,0
4822,0.116707845228531,0
4823,0.0321348549424292,0
4824,0.09159531690736657,0
4825,0.03359448460136742,0
4826,0.07554745366653419,0
4827,0.030588723504449432,0
4828,0.05832414340857843,0
4829,0.03517118928586645,0
4830,0.03077831543334904,0
4831,0.04289153116640186,0
4832,0.1576700625256039,0
4833,0.016817804392836408,0
4834,0.08380766794334545,0
4835,0.0067364613757824095,0
4836,0.07645758843290668,0
4837,0.01519407429188088,0
4838,0.004313620750805769,0
4839,0.010458622253895097,0
4840,0.04053618090688431,0
4841,0.19375406168529968,1
4842,0.15854244439244464,0
4843,0.006174942291453774,0
4844,0.03370468087254989,0
4845,0.011529308973004119,0
4846,0.0011056635638120095,0
4847,0.07792809614635392,0
4848,0.021939163787844076,0
4849,0.0038968543199493426,0
4850,0.01516023770863654,0
4851,0.12695255478998577,0
4852,0.049181099139461414,0
4853,0.015324671013186337,0
4854,0.06434146852407131,0
4855,0.061622978886473945,0
4856,0.02444378164615736,0
4857,0.05517897563437351,0
4858,0.10715938123199349,0
4859,0.04830854809226866,0
4860,0.0237616089421988,0
4861,0.007138603555666526,0
4862,0.05670927173127267,0
4863,0.010991237423162532,0
4864,0.000888364526347396,0
4865,0.20455343679749907,1
4866,0.01817480471044459,0
4867,0.03380332854445119,0
4868,0.04608667811058465,0
4869,0.13688748572385892,0
4870,0.007246098647336896,0
4871,0.02096135669215945,0
4872,0.00981342627459923,0
4873,0.08055490478920578,0
4874,0.1867622159363397,1
4875,0.034066611033301934,0
4876,0.06989357067764,0
4877,0.029869190604514508,0
4878,0.029548095274345765,0
4879,0.031220418806360603,0
4880,0.08419084379150651,0
4881,0.00878625156268035,0
4882,0.010608841028090692,0
4883,0.07882450165653979,0
4884,0.02854560587416144,0
4885,0.04508665644589794,0
4886,0.07493965130503653,0
4887,0.13154353848561418,0
4888,0.012047795023373475,0
4889,0.05186611153805841,0
4890,0.00749620369602689,0
4891,0.02606235884560381,0
4892,0.020146846396113135,0
4893,0.02270627833486424,0
4894,0.045163821411950814,0
4895,0.06863015522317933,0
4896,0.15229073567171675,0
4897,0.018354833313574185,0
4898,0.02642550887873889,0
4899,0.014342118549487363,0
4900,0.03692058500483379,0
4901,0.0484669366455042,0
4902,0.048979436084152166,0
4903,0.013801784324266271,0
4904,0.015591589582709068,0
4905,0.083834925275824,0
4906,0.003225817418810813,0
4907,0.00790770016026164,0
4908,0.05110508897050412,0
4909,0.07120694981340829,0
4910,0.06999287684138175,0
4911,0.13621124929342524,0
4912,0.019614422373351433,0
4913,0.14383132395956358,0
4914,0.07064255275874641,0
4915,0.08056339516095681,0
4916,0.004207409840940442,0
4917,0.018971529317311792,0
4918,0.18153409330450962,1
4919,0.20337898534703716,1
4920,0.01160996173563292,0
4921,0.06290655638555974,0
4922,0.0024801032871452078,0
4923,0.0038276371532060577,0
4924,0.01475635195429738,0
4925,0.06413014434080434,0
4926,0.11029597961097531,0
4927,0.04961849451672958,0
4928,0.16452561190225,0
4929,0.10488512412991698,0
4930,0.022199610717694843,0
4931,0.007480585170340507,0
4932,0.021589228466165192,0
4933,0.1431529543247178,0
4934,0.07954534336683539,0
4935,0.08490341967825112,0
4936,0.027958793288455415,0
4937,0.13757153242236458,0
4938,0.08405197740840054,0
4939,0.08727356301198493,0
4940,0.013525603512644277,0
4941,0.00910950613670336,0
4942,0.004126603200916445,0
4943,0.004673532499444881,0
4944,0.09944685779388139,0
4945,0.026013724019076888,0
4946,0.010286732081623496,0
4947,0.08767423112034842,0
4948,0.013167744131872494,0
4949,0.07782878555618088,0
4950,0.04115106459903195,0
4951,0.04660205234173449,0
4952,0.03549621005635389,0
4953,0.0668695005633305,0
4954,0.04897195117633976,0
4955,0.10569370006655009,0
4956,0.02400151357835274,0
4957,0.06749397084284413,0
4958,0.13626246275923803,0
4959,0.04192756428613354,0
4960,0.034212070962856174,0
4961,0.007736041890802088,0
4962,0.0030304464878551465,0
4963,0.18054340195124088,1
4964,0.12119273815861713,0
4965,0.06153158640343818,0
4966,0.013826149749488866,0
4967,0.006077910382161507,0
4968,0.02993398174237516,0
4969,0.0219892637873813,0
4970,0.046782554485355086,0
4971,0.06024987265332613,0
4972,0.018518636883066843,0
4973,0.2236477893067095,1
4974,0.042759111864245414,0
4975,0.03908801815072544,0
4976,0.000905025476658176,0
4977,0.03269207083794011,0
4978,0.13075995400921803,0
4979,0.13363029588026218,0
4980,0.008352164690198756,0
4981,0.10535064122805801,0
4982,0.06981199882808019,0
4983,0.15222196720268766,0
4984,0.04105998570248197,0
4985,0.022421390761926265,0
4986,0.0874458072882802,0
4987,0.00646393493562621,0
4988,0.08323897422617525,0
4989,0.03244024848823746,0
4990,0.07471697934950688,0
4991,0.008418915269323434,0
4992,0.01875814918306178,0
4993,0.16101827050272485,0
4994,0.08416477572699327,0
4995,0.0095295752719,0
4996,0.07017812122008207,0
4997,0.05512265689874059,0
4998,0.01347212360717213,0
4999,0.010783226413406847,0
5000,0.0462729980275453,0
5001,0.12443077433253344,0
5002,0.10549105032735892,0
5003,0.01813373480371283,0
5004,0.08925145484938915,0
5005,0.17293506706122622,1
5006,0.0014568367670344676,0
5007,0.040109310854722774,0
5008,0.12422399157974875,0
5009,0.004153671934388625,0
5010,0.0320626743601525,0
5011,0.06212724230648162,0
5012,0.04361550506893917,0
5013,0.034168679872836415,0
5014,0.1384818349663948,0
5015,0.0674194034654634,0
5016,0.08871077190463694,0
5017,0.10611258118515154,0
5018,0.026546982698839313,0
5019,0.06511682434482786,0
5020,0.029023126160263382,0
5021,0.009756446771587608,0
5022,0.07469880660793936,0
5023,0.008519567104919967,0
5024,0.11794608650855111,0
5025,0.05402964535004025,0
5026,0.02430585185304813,0
5027,0.026050148045403464,0
5028,0.005935643273739484,0
5029,0.1276620203173639,0
5030,0.04281835016077893,0
5031,0.024190889046215684,0
5032,0.0015558598094939904,0
5033,0.011869694906445087,0
5034,0.013781984125918653,0
5035,0.08208451186899116,0
5036,0.13260921715678967,0
5037,0.010610977132988501,0
5038,0.0857175037960238,0
5039,0.06903875597569077,0
5040,0.030699491437960587,0
5041,0.053120838268987586,0
5042,0.011711041722070048,0
5043,0.18098348657224755,1
5044,0.12027881380631482,0
5045,0.1738995860503031,1
5046,0.08858092627157849,0
5047,0.026956061123696987,0
5048,0.0825637979482912,0
5049,0.134963097539575,0
5050,0.025371764093048945,0
5051,0.061552056381691214,0
5052,0.1267477219473349,0
5053,0.06159768079658207,0
5054,0.04755427909042533,0
5055,0.0033554912772740066,0
5056,0.014299682324554157,0
5057,0.012354135028863112,0
5058,0.04685024751692376,0
5059,0.014832522264375281,0
5060,0.08154124461310044,0
5061,0.1093174634711745,0
5062,0.011603296127470323,0
5063,0.0047396116728242845,0
5064,0.050343623605950426,0
5065,0.01648528030202327,0
5066,0.12202906192717353,0
5067,0.05336827546664616,0
5068,0.08943571060925651,0
5069,0.011946943302164881,0
5070,0.1426128066130993,0
5071,0.029255264973333358,0
5072,0.09585407671455351,0
5073,0.039573248398994225,0
5074,0.10142577513302083,0
5075,0.047557627714288966,0
5076,0.026403697587652243,0
5077,0.06298585346714,0
5078,0.10718982885809075,0
5079,0.029775011074319895,0
5080,0.0699406538055378,0
5081,0.003049296556750214,0
5082,0.04811788149176322,0
5083,0.04292732950384782,0
5084,0.038249058482463,0
5085,0.005525026054507598,0
5086,0.056543495368843316,0
5087,0.0153929760303729,0
5088,0.004669036712725634,0
5089,0.014428134115251198,0
5090,0.022376767682461367,0
5091,0.08052480352274327,0
5092,0.029637303444486635,0
5093,0.004443689396953758,0
5094,0.09757607856726146,0
5095,0.23561958891939472,1
5096,0.0249506463828832,0
5097,0.11161334947950914,0
5098,0.027342313223954744,0
5099,0.047541579538995134,0
5100,0.035736097909585395,0
5101,0.016204621133390527,0
5102,0.004453183177759586,0
5103,0.1414434585623658,0
5104,0.12725144539552288,0
5105,0.03012982697462657,0
5106,0.078309739938585,0
5107,0.051703077999132575,0
5108,0.01718199034428308,0
5109,0.06143922192858188,0
5110,0.06088443578814511,0
5111,0.002270021378182707,0
5112,0.08275744072278274,0
5113,0.02281269461563178,0
5114,0.01568907164298555,0
5115,0.024229947289122925,0
5116,0.018412885536103363,0
5117,0.04767500144295355,0
5118,0.03325539159467361,0
5119,0.07701755531136453,0
5120,0.13645524161897776,0
5121,0.08796484406155167,0
5122,0.008850896048878166,0
5123,0.030298581855093168,0
5124,0.18235639676147766,1
5125,0.05730679020619749,0
5126,0.16305364131398334,0
5127,0.031935062446100206,0
5128,0.016830807740001816,0
5129,0.09632624048821364,0
5130,0.17557074498122824,1
5131,0.050580878561146174,0
5132,0.04522887039068202,0
5133,0.04802130125341046,0
5134,0.06770411078878953,0
5135,0.021250880833945537,0
5136,0.11686721163462946,0
5137,0.013328131217057811,0
5138,0.044783631756946204,0
5139,0.12107282237862636,0
5140,0.07242112064109846,0
5141,0.014353917688490451,0
5142,0.022721823577607287,0
5143,0.09048030904487905,0
5144,0.030518014251175382,0
5145,0.05203249701811556,0
5146,0.06971472316070752,0
5147,0.004196722392776827,0
5148,0.11982389890103873,0
5149,0.03997632723588629,0
5150,0.0323053781228198,0
5151,0.21754619412002485,1
5152,0.07244793425278954,0
5153,0.026547642815967835,0
5154,0.049850102243795866,0
5155,0.1338393020252717,0
5156,0.05009711357311404,0
5157,0.01259325363012651,0
5158,0.08752850262566202,0
5159,0.11196617033078264,0
5160,0.1318350231885186,0
5161,0.03234214054356719,0
5162,0.013225911092287752,0
5163,0.020258877105088387,0
5164,0.010162488791680017,0
5165,0.033034811325669225,0
5166,0.02306070104049004,0
5167,0.060048921114131786,0
5168,0.154980643081107,0
5169,0.1456656889945878,0
5170,0.008987324105406636,0
5171,0.015982850185522278,0
5172,0.07742855553778559,0
5173,0.0038805806887667843,0
5174,0.14653652334199296,0
5175,0.1143572757892107,0
5176,0.15180950573450136,0
5177,0.028707073077163227,0
5178,0.008197010458093497,0
5179,0.047490954843303325,0
5180,0.012890884559491715,0
5181,0.12428381828811427,0
5182,0.10237148265482841,0
5183,0.21729014270128935,1
5184,0.0784987605610822,0
5185,0.06688839229804605,0
5186,0.1139997460059496,0
5187,0.0681271604584987,0
5188,0.019181535914365142,0
5189,0.0071192321013768154,0
5190,0.15471527651660313,0
5191,0.050173702680517906,0
5192,0.01989043698350505,0
5193,0.05721277826320144,0
5194,0.1174363476472093,0
5195,0.016777520251853455,0
5196,0.0632871377736463,0
5197,0.01695843121960138,0
5198,0.055196936180596644,0
5199,0.06988292391345055,0
5200,0.040099005927086796,0
5201,0.06317419300069292,0
5202,0.07785938234538234,0
5203,0.18634056655462067,1
5204,0.0314519607577736,0
5205,0.010489809942709672,0
5206,0.06784507509865018,0
5207,0.07241099137310011,0
5208,0.06439518899780579,0
5209,0.006652802310822792,0
5210,0.004898387553319772,0
5211,0.17306038072925697,1
5212,0.028954549768117437,0
5213,0.02112995188179852,0
5214,0.17687920871681065,1
5215,0.08745347642991262,0
5216,0.011517834881505255,0
5217,0.15074037225310224,0
5218,0.04479745678918663,0
5219,0.08785059369129504,0
5220,0.14742328187356182,0
5221,0.031095324501825054,0
5222,0.21162557792319855,1
5223,0.15714050648057368,0
5224,0.022959276320750226,0
5225,0.0727005883233928,0
5226,0.06603145341333809,0
5227,0.10617860534760452,0
5228,0.17758475033963647,1
5229,0.05791057702364126,0
5230,0.0011653000264506255,0
5231,0.002472750118428609,0
5232,0.08254629885492425,0
5233,0.07955067004061532,0
5234,0.02010686554061456,0
5235,0.07126780245957114,0
5236,0.06247227513374582,0
5237,0.11025920939710528,0
5238,0.16293111358823745,0
5239,0.004190121856515276,0
5240,0.03621488729432109,0
5241,0.036255794361474594,0
5242,0.03041208284791186,0
5243,0.009379861902613513,0
5244,0.00700171422173949,0
5245,0.0019083643201813624,0
5246,0.0029174537326066194,0
5247,0.021141067292183933,0
5248,0.04812167241320262,0
5249,0.030187064273687707,0
5250,0.018035305278337833,0
5251,0.011344788623079645,0
5252,0.0068002227178716994,0
5253,0.029205598030599647,0
5254,0.10345550431480376,0
5255,0.038703136743165584,0
5256,0.049027155707005145,0
5257,0.02263596694732118,0
5258,0.005874185152667311,0
5259,0.01846109668041179,0
5260,0.030402866149825635,0
5261,0.08907220042581818,0
5262,0.028443027696088627,0
5263,0.19079642802749022,1
5264,0.009800882660291525,0
5265,0.09459790025177281,0
5266,0.029216378554160247,0
5267,0.006230766975946304,0
5268,0.01799454250239762,0
5269,0.07788306583804573,0
5270,0.05970547442593036,0
5271,0.013602668859253897,0
5272,0.065888014815778,0
5273,0.059388173912156825,0
5274,0.034736111778915606,0
5275,0.013571524159237576,0
5276,0.0978489728417494,0
5277,0.11618367719411316,0
5278,0.022720325469883805,0
5279,0.010701203496208194,0
5280,0.12429642791024251,0
5281,0.012815205864047977,0
5282,0.006726106035017028,0
5283,0.0045116646995122444,0
5284,0.04093219060179547,0
5285,0.004440598804338217,0
5286,0.051402595402942244,0
5287,0.10471630453029394,0
5288,0.05011168057600328,0
5289,0.028424669023026074,0
5290,0.09690526883727225,0
5291,0.022100125146483993,0
5292,0.022115036786193146,0
5293,0.021328630571182675,0
5294,0.01616376027462268,0
5295,0.05899908132186253,0
5296,0.0866721511945677,0
5297,0.009580146707398566,0
5298,0.18487699943820962,1
5299,0.06616952429378566,0
5300,0.11722975524838535,0
5301,0.07073276891880428,0
5302,0.10793574985097719,0
5303,0.20617063135678487,1
5304,0.05277288399485499,0
5305,0.009127703288004814,0
5306,0.02666930869023004,0
5307,0.02475325175063765,0
5308,0.039173076104571616,0
5309,0.08259076562742161,0
5310,0.16815030527983257,0
5311,0.06566856562276825,0
5312,0.03186271875757532,0
5313,0.020212944222981165,0
5314,0.10345623352052238,0
5315,0.04134392105077667,0
5316,0.07273074095091525,0
5317,0.014622188775696935,0
5318,0.06311747158785909,0
5319,0.06364993070340234,0
5320,0.07498415390843653,0
5321,0.07271187261309432,0
5322,0.021572516406313844,0
5323,0.002867969169663483,0
5324,0.034248625824185114,0
5325,0.007936926070884446,0
5326,0.008091237069110671,0
5327,0.08614159607748256,0
5328,0.003159132357929728,0
5329,0.055656478289299094,0
5330,0.027919524968585074,0
5331,0.09833060830236225,0
5332,0.0058485598085580145,0
5333,0.006948426443868446,0
5334,0.023613228810500424,0
5335,0.09852283158873601,0
5336,0.05924182117043696,0
5337,0.014556032987725735,0
5338,0.01845903190602073,0
5339,0.0993333092348025,0
5340,0.048674257209082056,0
5341,0.1254845080066633,0
5342,0.08625687551563992,0
5343,0.06388223749239712,0
5344,0.14889936956654173,0
5345,0.12919285651003865,0
5346,0.05424626833507486,0
5347,0.19200941264018645,1
5348,0.10625261892845925,0
5349,0.07750200203642611,0
5350,0.04007273282910255,0
5351,0.11436565980177273,0
5352,0.06643246840151945,0
5353,0.04961504587394835,0
5354,0.0156152755904906,0
5355,0.028662348278921498,0
5356,0.026664883581672065,0
5357,0.04459669293892312,0
5358,0.18242634368250663,1
5359,0.00494921714224265,0
5360,0.002665213615694317,0
5361,0.014736416567231547,0
5362,0.020990985713585552,0
5363,0.08509475910304753,0
5364,0.11340080798855655,0
5365,0.04121841429805864,0
5366,0.014996792920639209,0
5367,0.030220868371878682,0
5368,0.054579213677896185,0
5369,0.012995612420135739,0
5370,0.07672928904518476,0
5371,0.029993549428167246,0
5372,0.12745566564488606,0
5373,0.015229373745394978,0
5374,0.013639914281264653,0
5375,0.018404726236828983,0
5376,0.10612054652715877,0
5377,0.09404367872240295,0
5378,0.033385584229488834,0
5379,0.16556708533931844,0
5380,0.004362580313418688,0
5381,0.008568157032919473,0
5382,0.015552511294446592,0
5383,0.03164257208367012,0
5384,0.00092461390155818,0
5385,0.09124792399888457,0
5386,0.18996569073991412,1
5387,0.12935952319440916,0
5388,0.045526157419903034,0
5389,0.03417553508846956,0
5390,0.022576638912043905,0
5391,0.012450636337002875,0
5392,0.06590904077286452,0
5393,0.036059927036128044,0
5394,0.1373780463858649,0
5395,0.06915789101884157,0
5396,0.04269183275526624,0
5397,0.07572981554398141,0
5398,0.05822692640115231,0
5399,0.05707084752825319,0
5400,0.06555256092736528,0
5401,0.089035788969425,0
5402,0.03218357749834201,0
5403,0.04664365178499172,0
5404,0.04892501730006845,0
5405,0.08944678278898574,0
5406,0.0065432200013738695,0
5407,0.10783976402150458,0
5408,0.029021470758841043,0
5409,0.09651357678570367,0
5410,0.0035610031268569283,0
5411,0.0024755475051919883,0
5412,0.09805495992477858,0
5413,0.03480974844070486,0
5414,0.010001856547727443,0
5415,0.11346045535176195,0
5416,0.013177694919721457,0
5417,0.004344190189477426,0
5418,0.01787532387846918,0
5419,0.05727973035415236,0
5420,0.16828223123196287,0
5421,0.09592821727405078,0
5422,0.014520429035669783,0
5423,0.007554339258877955,0
5424,0.0068477358366650695,0
5425,0.0625965116238383,0
5426,0.09937136461070556,0
5427,0.04759795063570668,0
5428,0.07894950629696483,0
5429,0.06424725913470426,0
5430,0.03170338753491752,0
5431,0.0470902882593048,0
5432,0.16531323571822287,0
5433,0.03812177701178005,0
5434,0.1393519390639509,0
5435,0.007628955347139973,0
5436,0.05204071703640337,0
5437,0.020590271740462848,0
5438,0.04352607953210538,0
5439,0.02360731743463799,0
5440,0.05941654665172313,0
5441,0.01840320582279083,0
5442,0.10874214731590447,0
5443,0.08986609341507193,0
5444,0.04810691019711974,0
5445,0.004914412569840206,0
5446,0.044400556531045555,0
5447,0.038304690872316055,0
5448,0.03800936990195796,0
5449,0.08101978752622936,0
5450,0.054761424473972926,0
5451,0.01546581391018765,0
5452,0.008843950575557705,0
5453,0.14323613904713745,0
5454,0.06419097606761574,0
5455,0.049636401786023326,0
5456,0.014638368673066478,0
5457,0.0894635408041306,0
5458,0.13061752287984055,0
5459,0.1229193259246187,0
5460,0.14186544245142316,0
5461,0.009238835798599417,0
5462,0.014616342772703272,0
5463,0.10828110637962676,0
5464,0.0487298771863452,0
5465,0.04393630972228833,0
5466,0.052144923716538095,0
5467,0.0029874744025663183,0
5468,0.0015961427948824269,0
5469,0.0903627427637601,0
5470,0.08036160517973413,0
5471,0.05445861830607485,0
5472,0.07293824763661183,0
5473,0.18882734911032975,1
5474,0.05747926516984734,0
5475,0.015753151774937562,0
5476,0.03635687002926508,0
5477,0.017245386303209775,0
5478,0.04559144811052884,0
5479,0.05085425156324263,0
5480,0.029794179746959873,0
5481,0.13919010190340309,0
5482,0.0648546916156876,0
5483,0.040744817759150266,0
5484,0.06214218676206733,0
5485,0.02669830977416522,0
5486,0.024161215578717657,0
5487,0.011911083445944855,0
5488,0.0573707705548407,0
5489,0.007696721910261828,0
5490,0.006385199882857965,0
5491,0.12180446923311396,0
5492,0.031670271054546985,0
5493,0.010811272759365465,0
5494,0.15069456549042506,0
5495,0.125465494019646,0
5496,0.1872383562293724,1
5497,0.06075896044294935,0
5498,0.13194651493487927,0
5499,0.20403264480438596,1
5500,0.009145512161856306,0
5501,0.15924896253510107,0
5502,0.03646604358843272,0
5503,0.08731155490741385,0
5504,0.06347201333787252,0
5505,0.006132388101240852,0
5506,0.012950759154207498,0
5507,0.016688719950567844,0
5508,0.028890620253360637,0
5509,0.014180597456263166,0
5510,0.04551975289708015,0
5511,0.0675389488583105,0
5512,0.12397049771870233,0
5513,0.027831926434055573,0
5514,0.20720758403925402,1
5515,0.03343312788388472,0
5516,0.06661225504437278,0
5517,0.10902529343664615,0
5518,0.03406837433892162,0
5519,0.05936934732673179,0
5520,0.007429699980741278,0
5521,0.0017310796181203643,0
5522,0.012281677275307193,0
5523,0.14318429501855132,0
5524,0.03643326703129371,0
5525,0.08579114480753566,0
5526,0.061142220773559776,0
5527,0.010499431546346302,0
5528,0.13851672263225948,0
5529,0.1894297207201989,1
5530,0.020831433646645473,0
5531,0.10800922950504915,0
5532,0.09309857302774759,0
5533,0.19629249242827873,1
5534,0.01945799741768918,0
5535,0.07925061217916281,0
5536,0.08763714577020523,0
5537,0.24856433893958088,1
5538,0.0359290083144762,0
5539,0.10787389038583504,0
5540,0.025346154442554652,0
5541,0.06841338440556416,0
5542,0.06364222025149088,0
5543,0.06269531994440049,0
5544,0.0667599949579351,0
5545,0.012298860817903937,0
5546,0.012657974846342953,0
5547,0.023703241627297252,0
5548,0.16829358005959297,0
5549,0.06287843830022527,0
5550,0.04823656300651288,0
5551,0.024324452593006966,0
5552,0.06633731454122936,0
5553,0.0449729186721072,0
5554,0.042080059105484,0
5555,0.10715475872250153,0
5556,0.03163359345836176,0
5557,0.05092932552132577,0
5558,0.019202229249736934,0
5559,0.03479931850810749,0
5560,0.16282618261629775,0
5561,0.031573168264342394,0
5562,0.03944563946416972,0
5563,0.045409165016423066,0
5564,0.015767629281311465,0
5565,0.03794172250824482,0
5566,0.20185541662042433,1
5567,0.026771299792729446,0
5568,0.006729936557895111,0
5569,0.026151535082714623,0
5570,0.12321467878873626,0
5571,0.00847428608482072,0
5572,0.03291435669247531,0
5573,0.01777174460665898,0
5574,0.009103193481720461,0
5575,0.1997716689678876,1
5576,0.005713865194410491,0
5577,0.03859160738333767,0
5578,0.0337605257619601,0
5579,0.027987835908290667,0
5580,0.11234840609893343,0
5581,0.07622198718903567,0
5582,0.03408997160187056,0
5583,0.06647391336466064,0
5584,0.040498050658512766,0
5585,0.20980205839758623,1
5586,0.0071270014595917015,0
5587,0.011444557900666822,0
5588,0.12309466377639794,0
5589,0.019622860265632123,0
5590,0.010320734596427565,0
5591,0.06793362343565096,0
5592,0.021605870637087677,0
5593,0.0026841122449445215,0
5594,0.03672407192648828,0
5595,0.0035820370331142233,0
5596,0.20240516161254643,1
5597,0.15958802050678678,0
5598,0.07856065815575652,0
5599,0.04608229376729767,0
5600,0.10709353430023599,0
5601,0.03596794148825116,0
5602,0.016659512532968903,0
5603,0.010938754000344001,0
5604,0.11307239086595307,0
5605,0.006153874486157747,0
5606,0.03918597431824691,0
5607,0.034794347110755894,0
5608,0.0008155531501787013,0
5609,0.0680534658859057,0
5610,0.03102786014265789,0
5611,0.049970833938629,0
5612,0.008629078597670807,0
5613,0.04224547886950982,0
5614,0.006196678519087369,0
5615,0.17983573844607026,1
5616,0.014440917222792223,0
5617,0.06737521858144649,0
5618,0.009369833386679056,0
5619,0.007385319918300596,0
5620,0.04632585531285746,0
5621,0.0581888020975477,0
5622,0.10827163443164686,0
5623,0.007150636871491741,0
5624,0.04106100706621228,0
5625,0.006744909667075075,0
5626,0.1536978669405124,0
5627,0.07552928479940751,0
5628,0.03448829088347353,0
5629,0.00803911365492817,0
5630,0.01847835644805851,0
5631,0.09392940176778954,0
5632,0.08043831410212669,0
5633,0.007989178640547408,0
5634,0.10435994179276169,0
5635,0.04096997182379147,0
5636,0.06794946958093837,0
5637,0.24109119206627005,1
5638,0.036970756340968254,0
5639,0.03469536743424606,0
5640,0.2711003596633045,1
5641,0.060898773274294195,0
5642,0.11187787445675583,0
5643,0.02486304368382429,0
5644,0.13733441007474662,0
5645,0.023427353487538202,0
5646,0.0646476195559155,0
5647,0.025900556662188913,0
5648,0.07279057655900294,0
5649,0.11274411547163223,0
5650,0.16850820819809012,0
5651,0.14575849937285393,0
5652,0.11506952753015469,0
5653,0.00967347232415307,0
5654,0.07442792399979978,0
5655,0.07353980425954659,0
5656,0.06363765620246041,0
5657,0.17011518259835878,1
5658,0.0322066695616624,0
5659,0.01767036083476777,0
5660,0.05419681919486352,0
5661,0.12637259060404338,0
5662,0.09109717506496522,0
5663,0.07057864998926773,0
5664,0.023895986529241155,0
5665,0.033442468610643365,0
5666,0.17758379343256223,1
5667,0.1910059879876938,1
5668,0.015490345279225496,0
5669,0.03959184918841729,0
5670,0.002682304203956935,0
5671,0.04708979205422375,0
5672,0.12490397367973365,0
5673,0.05809571411344349,0
5674,0.05500101384985494,0
5675,0.055470299736774295,0
5676,0.07088158249136954,0
5677,0.03813025798367495,0
5678,0.03132945168177783,0
5679,0.007808075616191501,0
5680,0.018262059136733875,0
5681,0.008956028637099966,0
5682,0.10457679799649557,0
5683,0.009326476685174109,0
5684,0.06649362700609765,0
5685,0.11578170115794606,0
5686,0.1584575713758526,0
5687,0.0537738164863578,0
5688,0.16494142059099642,0
5689,0.012107816351269592,0
5690,0.05493474867768181,0
5691,0.0803745546341172,0
5692,0.08467008958399731,0
5693,0.021394507319034643,0
5694,0.03334394432106773,0
5695,0.004109486079674947,0
5696,0.006809975216047611,0
5697,0.0949489851339394,0
5698,0.018683653204718927,0
5699,0.017158961385473747,0
5700,0.014812230985076417,0
5701,0.06950488531832853,0
5702,0.05730630741326348,0
5703,0.007947879734140514,0
5704,0.03481554351785398,0
5705,0.018091176161414358,0
5706,0.1826673921192535,1
5707,0.08715496972487662,0
5708,0.03877931404444243,0
5709,0.14330792014384244,0
5710,0.19902046452978822,1
5711,0.09701204654996266,0
5712,0.11413002725442248,0
5713,0.0623103911157168,0
5714,0.059439807563951286,0
5715,0.02450563322891454,0
5716,0.0612702599185773,0
5717,0.16017073987367486,0
5718,0.07377675480930061,0
5719,0.006537196328102457,0
5720,0.10163437227541368,0
5721,0.020150118450143806,0
5722,0.022092854329500235,0
5723,0.08352088679571766,0
5724,0.00814645628428204,0
5725,0.05010972275323324,0
5726,0.058669265664841576,0
5727,0.023017761175488698,0
5728,0.1300971298402905,0
5729,0.032457234340332784,0
5730,0.14402583099659985,0
5731,0.18020856568131738,1
5732,0.07650477812541796,0
5733,0.2539333408880711,1
5734,0.02492588846611225,0
5735,0.008218735639529988,0
5736,0.12012179688445661,0
5737,0.007969388777546205,0
5738,0.028952302197406365,0
5739,0.024060487336014794,0
5740,0.05425762016195032,0
5741,0.0463392234411705,0
5742,0.04241886733372066,0
5743,0.06167528952144445,0
5744,0.03508570484429268,0
5745,0.0140593695263543,0
5746,0.026539458714893206,0
5747,0.09581884479231334,0
5748,0.03885685474779983,0
5749,0.07685172067321082,0
5750,0.029467239396559063,0
5751,0.07055682434670446,0
5752,0.028891967108954926,0
5753,0.0026967983734505225,0
5754,0.047908619880652537,0
5755,0.02475851696387547,0
5756,0.08477769184545846,0
5757,0.005038362628175778,0
5758,0.06807447880166312,0
5759,0.06173963263927473,0
5760,0.0108559863026033,0
5761,0.10283039211599453,0
5762,0.06745228457909822,0
5763,0.04500081272566743,0
5764,0.10249471949695275,0
5765,0.008401273183721953,0
5766,0.014732998903061501,0
5767,0.05845189305587063,0
5768,0.09555211385102863,0
5769,0.07882541307858046,0
5770,0.06810441300985517,0
5771,0.009180194605634972,0
5772,0.022077377322309463,0
5773,0.02501498185765941,0
5774,0.009003783521536569,0
5775,0.05473816352390834,0
5776,0.035021028375823986,0
5777,0.03008693885206221,0
5778,0.02337300995208815,0
5779,0.02500235810580266,0
5780,0.016078375933842478,0
5781,0.05775161439742736,0
5782,0.039867662530026174,0
5783,0.0704781302578325,0
5784,0.00484275941368979,0
5785,0.057050141241203924,0
5786,0.14004354901452837,0
5787,0.08428359743962742,0
5788,0.06247279068566971,0
5789,0.04357067815652691,0
5790,0.005772770381499029,0
5791,0.0260052454925769,0
5792,0.061015013719018754,0
5793,0.03154013037375138,0
5794,0.12130885290342057,0
5795,0.013855123806980226,0
5796,0.0023670429111800543,0
5797,0.00223441189967617,0
5798,0.10434967689885144,0
5799,0.06792194346685404,0
5800,0.093812396564803,0
5801,0.14580329185980562,0
5802,0.1117843789327846,0
5803,0.022738923360286045,0
5804,0.07676204273560357,0
5805,0.008400155349549958,0
5806,0.1294592751083878,0
5807,0.009269110917633354,0
5808,0.12104744598589295,0
5809,0.1453561792554586,0
5810,0.010109987527796667,0
5811,0.03928448710692978,0
5812,0.019174994938383934,0
5813,0.0680698539273135,0
5814,0.05202361505501042,0
5815,0.06773226225493655,0
5816,0.03716062582656375,0
5817,0.2019692776585325,1
5818,0.07186480832842429,0
5819,0.05269850412036978,0
5820,0.03836847290441237,0
5821,0.018641530126635053,0
5822,0.14197942385069587,0
5823,0.08617661139899636,0
5824,0.05323814215585555,0
5825,0.041204260806642294,0
5826,0.004087851840396491,0
5827,0.2022900188840612,1
5828,0.04231165422981759,0
5829,0.002799375584440537,0
5830,0.02617440323046495,0
5831,0.07645068417495887,0
5832,0.019774147114469755,0
5833,0.061115506129136736,0
5834,0.13386512581438723,0
5835,0.17443297146678974,1
5836,0.08321410293905114,0
5837,0.010154494562294196,0
5838,0.042442505611842596,0
5839,0.0017883580391905075,0
5840,0.021047747681304543,0
5841,0.041479727447038775,0
5842,0.036731486558466656,0
5843,0.14835630637226782,0
5844,0.14582321843973964,0
5845,0.03711049602250512,0
5846,0.15261936059764952,0
5847,0.016667829182309357,0
5848,0.04827841866338849,0
5849,0.02493948932061174,0
5850,0.043626726282814936,0
5851,0.02579378475081804,0
5852,0.07903431805154554,0
5853,0.007420794528643756,0
5854,0.042175941377348036,0
5855,0.11143093007261208,0
5856,0.06869083817366979,0
5857,0.06561383650264907,0
5858,0.09190452990588828,0
5859,0.004668037628317623,0
5860,0.0844649762004988,0
5861,0.14380807924110853,0
5862,0.03476976409127468,0
5863,0.11299298123863068,0
5864,0.07855864090047368,0
5865,0.0228257241452063,0
5866,0.005971651933294941,0
5867,0.02827843289585624,0
5868,0.015781675649541065,0
5869,0.06522062543935439,0
5870,0.06780526162371453,0
5871,0.006447950914776938,0
5872,0.15731537764166875,0
5873,0.07512637410413851,0
5874,0.11290511623075178,0
5875,0.0037437809778877156,0
5876,0.04349394899581929,0
5877,0.04183601062244286,0
5878,0.11933092344436762,0
5879,0.004081222114949937,0
5880,0.042100419811860364,0
5881,0.03622485131064434,0
5882,0.005478898166468064,0
5883,0.11290029712698121,0
5884,0.02581495959754961,0
5885,0.009027524228950486,0
5886,0.026286312385024456,0
5887,0.1275965224099303,0
5888,0.16759109125827823,0
5889,0.03918058034094783,0
5890,0.015342369936065081,0
5891,0.011654492701554105,0
5892,0.03442804363189652,0
5893,0.046543649297764285,0
5894,0.25872011354732366,1
5895,0.005647222996866833,0
5896,0.0648319062443131,0
5897,0.03268153521400667,0
5898,0.06689178970314485,0
5899,0.06136600299476231,0
5900,0.06245412226867143,0
5901,0.03426794640149285,0
5902,0.11292959054829003,0
5903,0.04196726240874582,0
5904,0.01944384229619026,0
5905,0.017905414360492127,0
5906,0.012374470213600615,0
5907,0.13110171136293078,0
5908,0.04434033275967523,0
5909,0.008655494206527514,0
5910,0.04136729687783568,0
5911,0.00739296971970446,0
5912,0.05587630957109379,0
5913,0.01065889752545243,0
5914,0.1149670021059889,0
5915,0.0203332384405663,0
5916,0.029487154752724544,0
5917,0.044561448987675716,0
5918,0.16728367055297563,0
5919,0.04450607820044775,0
5920,0.0024802241640740296,0
5921,0.06940110870482424,0
5922,0.04733634473413828,0
5923,0.010405214991662278,0
5924,0.06182370826494176,0
5925,0.030559203474981835,0
5926,0.02105196244381167,0
5927,0.11516600769853064,0
5928,0.1455673142024014,0
5929,0.003987925532865688,0
5930,0.0481252445015001,0
5931,0.031635539501622185,0
5932,0.0988419804144899,0
5933,0.017604893864117743,0
5934,0.09034974765286335,0
5935,0.08187413026057055,0
5936,0.06578631862892133,0
5937,0.0070672699684894095,0
5938,0.016041952113310196,0
5939,0.2279177040597764,1
5940,0.014838246682755522,0
5941,0.04413583447855188,0
5942,0.11112496215815684,0
5943,0.053604429659221006,0
5944,0.08553383153978865,0
5945,0.23707775892905153,1
5946,0.16670964052541812,0
5947,0.20766009228134824,1
5948,0.017258433916108464,0
5949,0.019437314758203962,0
5950,0.018472412397615344,0
5951,0.005537029297309999,0
5952,0.036981421329648635,0
5953,0.0015667852079305285,0
5954,0.019631921124520568,0
5955,0.003216481130871281,0
5956,0.07783247484848767,0
5957,0.010591735394956666,0
5958,0.04518422124942781,0
5959,0.015416544873864065,0
5960,0.014998802990811659,0
5961,0.029719143918707773,0
5962,0.028033661987934732,0
5963,0.12603674161730372,0
5964,0.018974885011022645,0
5965,0.01402630608205974,0
5966,0.0192817885574989,0
5967,0.15873416619401587,0
5968,0.056269939305331564,0
5969,0.04321213098184565,0
5970,0.031171954801003078,0
5971,0.028301130270197716,0
5972,0.013485717262912648,0
5973,0.14459649785110815,0
5974,0.09561169776139151,0
5975,0.18409000494423428,1
5976,0.03918288422364233,0
5977,0.09106489758025066,0
5978,0.09903146613052274,0
5979,0.010037060610440785,0
5980,0.047095607673797696,0
5981,0.04034989952655163,0
5982,0.06649938769959905,0
5983,0.035283222357759304,0
5984,0.07107143646464541,0
5985,0.018644320865935135,0
5986,0.028746757995088693,0
5987,0.03674409718854325,0
5988,0.061567386611262195,0
5989,0.03457015861301969,0
5990,0.05614788709160069,0
5991,0.0271255569200614,0
5992,0.05650257518341239,0
5993,0.004889701874135133,0
5994,0.05920707351147157,0
5995,0.05467526444336637,0
5996,0.012827773372173949,0
5997,0.12206855776705332,0
5998,0.03497806674883435,0
5999,0.21354801788205563,1
6000,0.008398203489662233,0
6001,0.017602262307621623,0
6002,0.06149306413615152,0
6003,0.10520429702016545,0
6004,0.0403622700855443,0
6005,0.133134349069564,0
6006,0.0021636767034368233,0
6007,0.03341499293376503,0
6008,0.05923590262631981,0
6009,0.009308068701464552,0
6010,0.0932469792069106,0
6011,0.009454811773438187,0
6012,0.017473990816980593,0
6013,0.00247672491944481,0
6014,0.08984186885267373,0
6015,0.014571979256885153,0
6016,0.05949508254228511,0
6017,0.04876378552405055,0
6018,0.07857030736549454,0
6019,0.15885705078837892,0
6020,0.002010166098421536,0
6021,0.036216118190512694,0
6022,0.008534015440217738,0
6023,0.07343248721189045,0
6024,0.14256474734265284,0
6025,0.16449618370291316,0
6026,0.09780013023956888,0
6027,0.09461306923247191,0
6028,0.06910193478288477,0
6029,0.12264236618954169,0
6030,0.06597985400005653,0
6031,0.17460737372542484,1
6032,0.19519606015488947,1
6033,0.14760809717675313,0
6034,0.03965964690562975,0
6035,0.09059840531985539,0
6036,0.04424194909830641,0
6037,0.022350676952798732,0
6038,0.039683851478791964,0
6039,0.0726379325878546,0
6040,0.010819201517398657,0
6041,0.13174694283625288,0
6042,0.024355106811089426,0
6043,0.024546474355345294,0
6044,0.07547695012528753,0
6045,0.03822395316241813,0
6046,0.061161139142978826,0
6047,0.019873289168932072,0
6048,0.17180866257955082,1
6049,0.08167767957603571,0
6050,0.05557917222759632,0
6051,0.03876173715421998,0
6052,0.09909161129340968,0
6053,0.013781527150719897,0
6054,0.05143935193089673,0
6055,0.039784498309737064,0
6056,0.08171032224582339,0
6057,0.0349879970836501,0
6058,0.02344753777824049,0
6059,0.0048751545256031205,0
6060,0.06729842680488687,0
6061,0.02207312372498891,0
6062,0.15126617934937367,0
6063,0.029608202408276774,0
6064,0.15411579323155264,0
6065,0.03989764121704016,0
6066,0.07019732809511382,0
6067,0.0713729523147874,0
6068,0.07179774923879399,0
6069,0.13182707777394725,0
6070,0.05776587318438506,0
6071,0.006490007345785657,0
6072,0.17509971198330918,1
6073,0.23389835046223728,1
6074,0.1301380299252925,0
6075,0.03072178519725411,0
6076,0.12700767538966468,0
6077,0.08822792840030567,0
6078,0.025866453965090228,0
6079,0.08092872517111764,0
6080,0.16081666355817217,0
6081,0.021131011980358036,0
6082,0.02704956049555731,0
6083,0.12491611154949336,0
6084,0.01669774524770457,0
6085,0.0766810226384488,0
6086,0.004187278707937995,0
6087,0.026908734297448764,0
6088,0.02176827512047105,0
6089,0.08755077947069982,0
6090,0.04099093651904894,0
6091,0.10703899665103199,0
6092,0.10438252122963172,0
6093,0.0921234955438926,0
6094,0.027332294654371148,0
6095,0.23790496702837538,1
6096,0.1980525753723379,1
6097,0.020080324805294994,0
6098,0.017800026443812542,0
6099,0.03232839571021515,0
6100,0.241679624564836,1
6101,0.048041186255485445,0
6102,0.05735252958020598,0
6103,0.025123273887375747,0
6104,0.00952105260752858,0
6105,0.011411969165768284,0
6106,0.05053717274124849,0
6107,0.004804964830115018,0
6108,0.038377986826722735,0
6109,0.013246365339964379,0
6110,0.17632780633770834,1
6111,0.06718839520223638,0
6112,0.1409653943758521,0
6113,0.016708068031659442,0
6114,0.13300220917113642,0
6115,0.0792348681560787,0
6116,0.0038456357984242,0
6117,0.07331813213779075,0
6118,0.057879697706672895,0
6119,0.03945592652844932,0
6120,0.06495812980885099,0
6121,0.10793677333103444,0
6122,0.044888867780966485,0
6123,0.03542479093108287,0
6124,0.0032164115970203374,0
6125,0.10958416119053013,0
6126,0.0546496114022701,0
6127,0.06933371617691195,0
6128,0.06363028492962332,0
6129,0.09288126651738692,0
6130,0.044699267755897276,0
6131,0.150631756601578,0
6132,0.02801098249654981,0
6133,0.01385224137181924,0
6134,0.017428244689196216,0
6135,0.03688518572701538,0
6136,0.04192761740560872,0
6137,0.0713562601614228,0
6138,0.08071888664438383,0
6139,0.120740137407522,0
6140,0.017969693896683438,0
6141,0.07966551353412107,0
6142,0.04609937417267884,0
6143,0.009787306254129935,0
6144,0.15100992757449208,0
6145,0.09526901693284848,0
6146,0.02113453900719704,0
6147,0.18365159088604532,1
6148,0.12634640411692508,0
6149,0.035071678071572195,0
6150,0.10321421938483984,0
6151,0.17534887778539288,1
6152,0.014242550182376265,0
6153,0.09085716257934093,0
6154,0.016487762497846455,0
6155,0.1315630675605865,0
6156,0.005142744702172426,0
6157,0.11145879725227988,0
6158,0.06649742424699853,0
6159,0.08382776410107175,0
6160,0.004536765956893444,0
6161,0.12946651279007368,0
6162,0.041861140600527875,0
6163,0.008405695526506296,0
6164,0.005000279754844509,0
6165,0.029697941567310662,0
6166,0.09219671977546166,0
6167,0.12933532570481035,0
6168,0.06084078284871546,0
6169,0.0028733569767183924,0
6170,0.007214157574908205,0
6171,0.07648953134208142,0
6172,0.11819815507061666,0
6173,0.00767509186127775,0
6174,0.09295506779513414,0
6175,0.029311586926819715,0
6176,0.038523338180956004,0
6177,0.09853872708243798,0
6178,0.05320260311060094,0
6179,0.029295695489509454,0
6180,0.1319859247446885,0
6181,0.03713082557842558,0
6182,0.022764322418698628,0
6183,0.04347893030647561,0
6184,0.1105805843149721,0
6185,0.21745153226030317,1
6186,0.0019399698462529461,0
6187,0.01651964721893179,0
6188,0.10430283884664587,0
6189,0.19573200320037254,1
6190,0.0221537527052871,0
6191,0.0065140837323507395,0
6192,0.049806392414475,0
6193,0.11378301929370783,0
6194,0.10998630956170666,0
6195,0.02361241291375269,0
6196,0.06876681844465105,0
6197,0.017698897028534052,0
6198,0.07677717325272156,0
6199,0.09545172042605916,0
6200,0.013059812439691409,0
6201,0.014524018282727372,0
6202,0.15144859412669867,0
6203,0.01931051927697319,0
6204,0.05678355754168426,0
6205,0.10417582576014957,0
6206,0.01644972024933083,0
6207,0.0644129237285323,0
6208,0.044310792166044305,0
6209,0.012219365342625762,0
6210,0.01057212035460046,0
6211,0.008134455727440678,0
6212,0.012108755714353674,0
6213,0.040661366588786226,0
6214,0.16612915852820315,0
6215,0.06594686461470257,0
6216,0.05979801137657362,0
6217,0.11668417990321858,0
6218,0.012573546544310437,0
6219,0.00749278757188457,0
6220,0.06354822448516392,0
6221,0.03729651839174137,0
6222,0.03728077622101449,0
6223,0.09505805547498443,0
6224,0.08542656350731583,0
6225,0.0037262441944149625,0
6226,0.07470277290260062,0
6227,0.014178475422568242,0
6228,0.05776911694204984,0
6229,0.029741753360569848,0
6230,0.09252774594700827,0
6231,0.038796739405044536,0
6232,0.022294887451173938,0
6233,0.0265080709458594,0
6234,0.05320177637874712,0
6235,0.003895498315813158,0
6236,0.029751072605959255,0
6237,0.07362517150190448,0
6238,0.004327425487981063,0
6239,0.051709687012178325,0
6240,0.21414484287346802,1
6241,0.007628659624698267,0
6242,0.00606015269916047,0
6243,0.09996913496170348,0
6244,0.17028283439453998,1
6245,0.008666152167230672,0
6246,0.01761860375321719,0
6247,0.022728327217409826,0
6248,0.0789210104744396,0
6249,0.09059944475616595,0
6250,0.0055191791588763564,0
6251,0.002646729968134894,0
6252,0.06479626478907079,0
6253,0.0066777153215171825,0
6254,0.01405181771538396,0
6255,0.05983224236766178,0
6256,0.0749037511977897,0
6257,0.1100982937495533,0
6258,0.06804702827099796,0
6259,0.11549091212047125,0
6260,0.01706751931968827,0
6261,0.004753570988944363,0
6262,0.07507929807047359,0
6263,0.008750552903860998,0
6264,0.07024013872120331,0
6265,0.05197230196932953,0
6266,0.006076278854399401,0
6267,0.0418774412853301,0
6268,0.11387227559628374,0
6269,0.08403716598347873,0
6270,0.04676242771484993,0
6271,0.01308401198291455,0
6272,0.02590071858010755,0
6273,0.18986010694401276,1
6274,0.0749806552373311,0
6275,0.04513234783495941,0
6276,0.061327573848737785,0
6277,0.09495018765462844,0
6278,0.10573982759754105,0
6279,0.006007877382922388,0
6280,0.03280980473745123,0
6281,0.08251459753674821,0
6282,0.008327642660599828,0
6283,0.07383260049620734,0
6284,0.1755505630913366,1
6285,0.07373495970527101,0
6286,0.03624902421085705,0
6287,0.15992765219375288,0
6288,0.0161840112262316,0
6289,0.054464141827158294,0
6290,0.004076554189960187,0
6291,0.20247174531951434,1
6292,0.05956659336011179,0
6293,0.15836663045115398,0
6294,0.08472755986685986,0
6295,0.03935633377330669,0
6296,0.00932880504035049,0
6297,0.09257960383746025,0
6298,0.07039950683039856,0
6299,0.18062915834861243,1
6300,0.004818319012970451,0
6301,0.11291016488915014,0
6302,0.16850549771843543,0
6303,0.010996947214292,0
6304,0.055912143011912024,0
6305,0.06482472998353396,0
6306,0.12133931131234259,0
6307,0.09037089893229049,0
6308,0.015405963469352968,0
6309,0.121065844106034,0
6310,0.019432609694944092,0
6311,0.16403600167565274,0
6312,0.03358623618280036,0
6313,0.0074695621789383935,0
6314,0.011156294237709379,0
6315,0.032151050058874454,0
6316,0.015464255876735092,0
6317,0.060880601022346395,0
6318,0.07908369790275745,0
6319,0.008105841187133866,0
6320,0.046635180777632367,0
6321,0.02426691824576904,0
6322,0.1958001718568431,1
6323,0.028784524520940085,0
6324,0.10526912571278497,0
6325,0.06200892939282559,0
6326,0.11916640560824923,0
6327,0.0252512613472719,0
6328,0.04329879578827888,0
6329,0.03476114784038842,0
6330,0.035068054678255474,0
6331,0.01987233200703166,0
6332,0.05628319600715913,0
6333,0.0735210755596781,0
6334,0.022819143669299335,0
6335,0.034584864074511584,0
6336,0.14488825766531116,0
6337,0.1350391081828139,0
6338,0.12600708202476124,0
6339,0.15319014386382523,0
6340,0.013118137936733087,0
6341,0.12057158994743791,0
6342,0.0210017031381148,0
6343,0.04730456104259482,0
6344,0.05960255286704693,0
6345,0.02653258028461598,0
6346,0.0502275066067014,0
6347,0.16758606967548698,0
6348,0.014117548807192019,0
6349,0.011416381205597145,0
6350,0.007261037556962191,0
6351,0.08736608120794843,0
6352,0.048766987769863754,0
6353,0.03285925193117312,0
6354,0.017119696915430575,0
6355,0.046165984846436386,0
6356,0.10405389274614697,0
6357,0.19591723620358856,1
6358,0.13084946115667798,0
6359,0.010271970343555144,0
6360,0.08036025919344851,0
6361,0.1196408314855286,0
6362,0.03257772528935226,0
6363,0.03381509020678896,0
6364,0.011666288135933622,0
6365,0.09755840017400301,0
6366,0.04516339957888394,0
6367,0.10914923393103688,0
6368,0.02947827755651366,0
6369,0.054496861359278566,0
6370,0.1744113075557709,1
6371,0.03721589085933266,0
6372,0.031665167835861534,0
6373,0.06712255728972766,0
6374,0.21137012642668118,1
6375,0.020987822793742207,0
6376,0.03197184495591104,0
6377,0.1198543828002738,0
6378,0.10414022349818457,0
6379,0.049916169196819425,0
6380,0.014638081853243239,0
6381,0.08087042355633196,0
6382,0.04673598826755498,0
6383,0.030948172087264792,0
6384,0.010572419935100542,0
6385,0.16559964895053808,0
6386,0.051563102670094,0
6387,0.13167855159577846,0
6388,0.039954800875237464,0
6389,0.11041462238345247,0
6390,0.1722185432604162,1
6391,0.041800593929470845,0
6392,0.08781141899742471,0
6393,0.07697664570237214,0
6394,0.04562971609693136,0
6395,0.12495864687551954,0
6396,0.03588935892193528,0
6397,0.012800368636749708,0
6398,0.008746537925036124,0
6399,0.08059260302284034,0
6400,0.009277704795881326,0
6401,0.02675644863663571,0
6402,0.007338560698887172,0
6403,0.08412022815423259,0
6404,0.043142754959603104,0
6405,0.014315024260675761,0
6406,0.024533223901676803,0
6407,0.04758939289158191,0
6408,0.007497746358135493,0
6409,0.041145084348679035,0
6410,0.037374996495953994,0
6411,0.015805143669820117,0
6412,0.04478275935534599,0
6413,0.11236097886350116,0
6414,0.02855850004834765,0
6415,0.016069082379433067,0
6416,0.0733969745739079,0
6417,0.08730988582579467,0
6418,0.10159284891586653,0
6419,0.01795040060231406,0
6420,0.10182893233068449,0
6421,0.013439305383377616,0
6422,0.04652805312979954,0
6423,0.18499650171462323,1
6424,0.07867669583014135,0
6425,0.0329714356300264,0
6426,0.05748539091444,0
6427,0.006678959809684026,0
6428,0.06711799973964419,0
6429,0.0025663380280948798,0
6430,0.12483666032668968,0
6431,0.01590630389160522,0
6432,0.050201836728682885,0
6433,0.06539721060250005,0
6434,0.13145206537832416,0
6435,0.141690850867958,0
6436,0.06913507032149134,0
6437,0.11963029285793109,0
6438,0.13938110481336677,0
6439,0.001405169146266716,0
6440,0.22772418348921103,1
6441,0.01013475949937604,0
6442,0.013838413951027518,0
6443,0.006358897316950089,0
6444,0.14786338532800153,0
6445,0.047538327911858726,0
6446,0.050172149999360045,0
6447,0.03902129320334364,0
6448,0.002758170975178949,0
6449,0.01593228746712992,0
6450,0.011279707067665012,0
6451,0.048102229571855525,0
6452,0.1042862996707168,0
6453,0.11314639700131339,0
6454,0.018436607162954654,0
6455,0.0090958880908598,0
6456,0.10815783106575406,0
6457,0.02047521334259205,0
6458,0.1041611236646124,0
6459,0.18675443532408784,1
6460,0.16589891764875622,0
6461,0.007864685097709271,0
6462,0.05463299575423434,0
6463,0.11093871854675498,0
6464,0.015671924661884978,0
6465,0.041551312457369434,0
6466,0.0033833272185431083,0
6467,0.07538881465033281,0
6468,0.029325347808335504,0
6469,0.026977590124333102,0
6470,0.13038273860319982,0
6471,0.15558043334387073,0
6472,0.011744288054479883,0
6473,0.09266475460743123,0
6474,0.04111300084749479,0
6475,0.014603412225871758,0
6476,0.062296490896005495,0
6477,0.12216218035523531,0
6478,0.07697553487107198,0
6479,0.013050751791320647,0
6480,0.10681261176796492,0
6481,0.06149681562175094,0
6482,0.015233728341136973,0
6483,0.03962543110944808,0
6484,0.1918072230845789,1
6485,0.05583509660326407,0
6486,0.03724758138208704,0
6487,0.058224320422000576,0
6488,0.09512865902804953,0
6489,0.10151236907834148,0
6490,0.05912317821754555,0
6491,0.07524388813631279,0
6492,0.021807063186480253,0
6493,0.1319384304205292,0
6494,0.00422003274171728,0
6495,0.0822347841403668,0
6496,0.005845540806912219,0
6497,0.06902070376599262,0
6498,0.08053881082673389,0
6499,0.0880208058638312,0
6500,0.07705659198279416,0
6501,0.05533717568361787,0
6502,0.04147796246252452,0
6503,0.03404071445936482,0
6504,0.0918411372213536,0
6505,0.006806979653755955,0
6506,0.1022789112389048,0
6507,0.07622069132745105,0
6508,0.10059772949326234,0
6509,0.011271378300405033,0
6510,0.03500077530223036,0
6511,0.03633199728286527,0
6512,0.04809332919591402,0
6513,0.09684477530985651,0
6514,0.05395668855244633,0
6515,0.016431580545854023,0
6516,0.0924712352368713,0
6517,0.1967354133309506,1
6518,0.01543194387719901,0
6519,0.00697462875196968,0
6520,0.1598747905173795,0
6521,0.014012366390859794,0
6522,0.04123914210036204,0
6523,0.095115684979106,0
6524,0.008206107495314334,0
6525,0.19119269075566747,1
6526,0.06990131255247288,0
6527,0.0164034221410463,0
6528,0.02293343544610362,0
6529,0.0009595469193272698,0
6530,0.04773508539888118,0
6531,0.11196791394742653,0
6532,0.007162492702727374,0
6533,0.06441731537436071,0
6534,0.09202726379107297,0
6535,0.018507655334015934,0
6536,0.053099880210319444,0
6537,0.12849849484661305,0
6538,0.04294679613631398,0
6539,0.04998805150635189,0
6540,0.13911855435463627,0
6541,0.013811451594958469,0
6542,0.014712375174354057,0
6543,0.03131584711738855,0
6544,0.07838170148715505,0
6545,0.03332022008309554,0
6546,0.02016677306171101,0
6547,0.13396129827429532,0
6548,0.06391824838722304,0
6549,0.004484427424848566,0
6550,0.11177478497175942,0
6551,0.153313861982339,0
6552,0.04666412851130175,0
6553,0.04981665255558369,0
6554,0.05998587869700064,0
6555,0.09534090188298154,0
6556,0.017716203186398563,0
6557,0.1288580492442886,0
6558,0.04998721982335384,0
6559,0.06762897500928959,0
6560,0.05201393009066189,0
6561,0.018813103917240434,0
6562,0.011228242251768135,0
6563,0.07019464218046532,0
6564,0.04378714226545673,0
6565,0.030228811691799747,0
6566,0.08788778757877108,0
6567,0.05097458895144595,0
6568,0.21713382969051084,1
6569,0.06708587253327288,0
6570,0.05371763715267794,0
6571,0.008915608912746809,0
6572,0.00856606490678824,0
6573,0.12238464584183917,0
6574,0.003166707070930134,0
6575,0.03572982706912598,0
6576,0.05107859058112531,0
6577,0.021102325561758225,0
6578,0.09711977510177186,0
6579,0.0158156354670333,0
6580,0.023200456693747026,0
6581,0.03417419438489253,0
6582,0.02305353395457488,0
6583,0.08040684861123762,0
6584,0.042596080885534036,0
6585,0.25792975521446504,1
6586,0.15182830082014612,0
6587,0.126816966783531,0
6588,0.12005152289176685,0
6589,0.13602115791511143,0
6590,0.0949853142593693,0
6591,0.21011041230918515,1
6592,0.09160189954725251,0
6593,0.022326580277543757,0
6594,0.1472403569407292,0
6595,0.039078054974933996,0
6596,0.014534777694287253,0
6597,0.058730949256905175,0
6598,0.09483194863837635,0
6599,0.05209770415176857,0
6600,0.013973780022753046,0
6601,0.09122967801321817,0
6602,0.015950525384110993,0
6603,0.03893436061563237,0
6604,0.16336516602403955,0
6605,0.028338638987804643,0
6606,0.019556435430926142,0
6607,0.038967631657118404,0
6608,0.022685398834496124,0
6609,0.13263757139416354,0
6610,0.03912053088067425,0
6611,0.0398221364106083,0
6612,0.008128668185877623,0
6613,0.0027676713116860487,0
6614,0.06844194977110228,0
6615,0.043610228265418764,0
6616,0.03794797781969104,0
6617,0.09538676793436777,0
6618,0.09333557877440493,0
6619,0.035884618220176114,0
6620,0.026562560647958602,0
6621,0.025205602352585132,0
6622,0.030424243961224198,0
6623,0.07312145651048439,0
6624,0.1651040821972879,0
6625,0.1210621716112929,0
6626,0.07914935895911089,0
6627,0.02630142862647135,0
6628,0.06668044500775962,0
6629,0.007608938386474251,0
6630,0.07282755766388045,0
6631,0.012814645916256962,0
6632,0.02485672516724615,0
6633,0.18940320461106966,1
6634,0.11552806588658665,0
6635,0.07782752834856617,0
6636,0.01501702197944265,0
6637,0.09032710156538902,0
6638,0.053844125709405964,0
6639,0.10376988078724926,0
6640,0.011266293876976922,0
6641,0.18123190434825467,1
6642,0.06678200051855665,0
6643,0.029047455332388224,0
6644,0.028107854487808268,0
6645,0.011432061125850868,0
6646,0.015856992116306933,0
6647,0.02688835133075531,0
6648,0.03854689933087056,0
6649,0.10807791386499158,0
6650,0.08886897150144443,0
6651,0.008717359047492193,0
6652,0.04110898534208858,0
6653,0.030432318953808622,0
6654,0.07682058334122642,0
6655,0.0758360742966046,0
6656,0.07647402463232282,0
6657,0.03094972026223377,0
6658,0.07746874836142516,0
6659,0.06253170041289433,0
6660,0.030754128768245355,0
6661,0.1216109854566428,0
6662,0.13240945926970646,0
6663,0.01083689398253221,0
6664,0.03589216157080814,0
6665,0.1336069127696798,0
6666,0.21004145793743215,1
6667,0.019610462547843977,0
6668,0.013907532898930675,0
6669,0.1413352134654607,0
6670,0.03371913960544974,0
6671,0.13044031823991037,0
6672,0.017918563014641224,0
6673,0.048858741048302505,0
6674,0.1235139163315764,0
6675,0.04460354804660295,0
6676,0.11226554940736039,0
6677,0.03332948616627976,0
6678,0.005944168919957719,0
6679,0.08114337278716904,0
6680,0.021000115121187955,0
6681,0.019020485731456923,0
6682,0.03014719775513587,0
6683,0.1571846173218976,0
6684,0.09706017051956607,0
6685,0.09907840081153044,0
6686,0.05727139467236486,0
6687,0.041718328224740676,0
6688,0.0881276248957701,0
6689,0.14599094241416158,0
6690,0.01588251314503689,0
6691,0.0492314380185497,0
6692,0.09186632126989994,0
6693,0.03694558565717115,0
6694,0.002562491230623672,0
6695,0.04754765115055155,0
6696,0.22040533422492542,1
6697,0.021220090175296004,0
6698,0.035987584995455645,0
6699,0.06748092044049722,0
6700,0.03046907599535676,0
6701,0.007053070579975943,0
6702,0.04606154134513945,0
6703,0.10712989983061562,0
6704,0.21813092950133398,1
6705,0.03140050717647111,0
6706,0.04143983290533548,0
6707,0.1094563311066034,0
6708,0.010772878455271988,0
6709,0.016251527007058134,0
6710,0.17896752712133093,1
6711,0.08438354539625008,0
6712,0.04014311694663997,0
6713,0.10659236534976105,0
6714,0.04771998747975216,0
6715,0.08899292668836473,0
6716,0.007535570383561563,0
6717,0.06292566065674228,0
6718,0.25132224292806543,1
6719,0.12031418287936173,0
6720,0.006138373003001322,0
6721,0.10660873863455192,0
6722,0.11639131810271929,0
6723,0.11393993529780021,0
6724,0.015586408324787733,0
6725,0.10865725116370088,0
6726,0.01880446996572449,0
6727,0.008000752769569368,0
6728,0.014753570073953977,0
6729,0.1482371385024086,0
6730,0.00462856000216465,0
6731,0.1211595584714413,0
6732,0.05099456163781192,0
6733,0.01168210923226051,0
6734,0.18134344024573376,1
6735,0.04462690704484944,0
6736,0.031070168104446894,0
6737,0.08572781636836471,0
6738,0.014361219735985652,0
6739,0.009913462644570832,0
6740,0.0015539305174526064,0
6741,0.029573348175184696,0
6742,0.0915558681733112,0
6743,0.014819130689612063,0
6744,0.07638029107463963,0
6745,0.04743503967578111,0
6746,0.1003113411969157,0
6747,0.06618372309226646,0
6748,0.006409483504046265,0
6749,0.13093043486986014,0
6750,0.014776558741513002,0
6751,0.02692951711107455,0
6752,0.008813157559190935,0
6753,0.01945024684937342,0
6754,0.001114905420542948,0
6755,0.06368261814529703,0
6756,0.05421996344177541,0
6757,0.14921856374062548,0
6758,0.06648659060434724,0
6759,0.11923547382538628,0
6760,0.08544484316536492,0
6761,0.09624259619344716,0
6762,0.007327940366460436,0
6763,0.01599253032599579,0
6764,0.04362017855506326,0
6765,0.09601875892549055,0
6766,0.006496936438967737,0
6767,0.10487703940943266,0
6768,0.1805526558906264,1
6769,0.04492550988004918,0
6770,0.13025147348122992,0
6771,0.14167870783493217,0
6772,0.060818853174929494,0
6773,0.14254854459220448,0
6774,0.16550643575835372,0
6775,0.02130877475374216,0
6776,0.05064248703418635,0
6777,0.006631904982224768,0
6778,0.20303763157207275,1
6779,0.011298989975661249,0
6780,0.10458475009804774,0
6781,0.10657195427342693,0
6782,0.22592787300617517,1
6783,0.009654341550385996,0
6784,0.0784172303715544,0
6785,0.00575091100655735,0
6786,0.016697197926063796,0
6787,0.030050715908756884,0
6788,0.06950295336112079,0
6789,0.018401140400852136,0
6790,0.04636905710070302,0
6791,0.09333516084540094,0
6792,0.035204960662182525,0
6793,0.03236354769877606,0
6794,0.1511722001832131,0
6795,0.003129916725923554,0
6796,0.12581177581854683,0
6797,0.13237297067963816,0
6798,0.01821775424778161,0
6799,0.013064534695911926,0
6800,0.02841937957929169,0
6801,0.00806642224391437,0
6802,0.015376572455846857,0
6803,0.00988275352754837,0
6804,0.0023256890820400203,0
6805,0.013045473187318768,0
6806,0.13987623801139198,0
6807,0.16332371861202669,0
6808,0.017456978001028203,0
6809,0.01498447122389784,0
6810,0.008816316889592368,0
6811,0.15039126611115636,0
6812,0.13089913581603338,0
6813,0.013390359331960977,0
6814,0.029337205099086373,0
6815,0.13138256829537986,0
6816,0.15263411843459426,0
6817,0.03552602371927432,0
6818,0.06823448493216781,0
6819,0.026184310927709942,0
6820,0.07277915547820706,0
6821,0.007649615407340712,0
6822,0.014573844350101561,0
6823,0.02346904202011643,0
6824,0.0030524982534282153,0
6825,0.06439555124730824,0
6826,0.13013352322239805,0
6827,0.01581696978895682,0
6828,0.04674753846735416,0
6829,0.014156341122695312,0
6830,0.04918099958482967,0
6831,0.034723739024037366,0
6832,0.05998477950486296,0
6833,0.12011017060705635,0
6834,0.0018597264481275521,0
6835,0.15308515861883773,0
6836,0.023388796194643936,0
6837,0.036444609744431984,0
6838,0.03378240153513341,0
6839,0.16780513224205915,0
6840,0.030927355559405022,0
6841,0.0035490485311684564,0
6842,0.019320637606243547,0
6843,0.08579632777251953,0
6844,0.011658051274536984,0
6845,0.10503348639024462,0
6846,0.0597330692686385,0
6847,0.11642919533975632,0
6848,0.03722144000923114,0
6849,0.026662382180807232,0
6850,0.011335549470449553,0
6851,0.015395265391052662,0
6852,0.016118341156533513,0
6853,0.05445964308368808,0
6854,0.036076434136020366,0
6855,0.023366389076281073,0
6856,0.005645761235865436,0
6857,0.07722895956275755,0
6858,0.00872180875974562,0
6859,0.019782749368886767,0
6860,0.039498780803342196,0
6861,0.05482895005297229,0
6862,0.01089540873785797,0
6863,0.16892855893881478,0
6864,0.055304665523172036,0
6865,0.022647953946387554,0
6866,0.05346669328637504,0
6867,0.013996219946595249,0
6868,0.14633098957301888,0
6869,0.05207759733558494,0
6870,0.11708498577491286,0
6871,0.1056657933297513,0
6872,0.07419188540353484,0
6873,0.0858817344224904,0
6874,0.05735451757045655,0
6875,0.007418570994832548,0
6876,0.20618722650952198,1
6877,0.03929403123359245,0
6878,0.01825424927822563,0
6879,0.04430692210737439,0
6880,0.038435300057510585,0
6881,0.13512761912347157,0
6882,0.046385254510214906,0
6883,0.11437441123716918,0
6884,0.08085019904345374,0
6885,0.04132207536352187,0
6886,0.11373095194271134,0
6887,0.009784917891287045,0
6888,0.10879456892803162,0
6889,0.011806904608096946,0
6890,0.028523936096202022,0
6891,0.0343134335678515,0
6892,0.03899483386193957,0
6893,0.030591533081135373,0
6894,0.019216287602954716,0
6895,0.22801369810946293,1
6896,0.030103208817303537,0
6897,0.017739424455894062,0
6898,0.08831729638757148,0
6899,0.0049225959855671315,0
6900,0.0885949870638598,0
6901,0.14521849016761595,0
6902,0.05778378940762104,0
6903,0.04008167021612504,0
6904,0.17861839272482005,1
6905,0.03926821911996917,0
6906,0.036281857226738594,0
6907,0.14911395779825382,0
6908,0.26313022513722506,1
6909,0.0600000498448723,0
6910,0.011659483288080908,0
6911,0.006204512667433604,0
6912,0.08293953459981204,0
6913,0.021187113895819693,0
6914,0.13854499946419238,0
6915,0.0204164569596493,0
6916,0.05201245404610145,0
6917,0.04803394587621737,0
6918,0.04861558271395591,0
6919,0.054173945433462815,0
6920,0.002624683425038706,0
6921,0.13384981293270623,0
6922,0.07749550150457209,0
6923,0.022071020480901527,0
6924,0.09324132671598259,0
6925,0.023330680439232327,0
6926,0.06555998451704804,0
6927,0.01872767413083066,0
6928,0.012610798193405026,0
6929,0.08829764935520765,0
6930,0.03866549134085923,0
6931,0.08661618602338002,0
6932,0.12484953075290882,0
6933,0.04734193294630026,0
6934,0.07554953833814007,0
6935,0.16288978390518147,0
6936,0.13047391318434157,0
6937,0.028585268042815654,0
6938,0.015093722758796805,0
6939,0.04371489687686738,0
6940,0.041460640554252484,0
6941,0.13864948049540346,0
6942,0.005955008803044907,0
6943,0.0830355395769896,0
6944,0.013809519332457791,0
6945,0.045323225074111684,0
6946,0.14338030837104532,0
6947,0.05574455715180112,0
6948,0.16947965102026746,0
6949,0.03153957120437751,0
6950,0.062224216723343044,0
6951,0.022506474554402075,0
6952,0.006803241303298709,0
6953,0.03392920550122794,0
6954,0.0017480206945065617,0
6955,0.054383021968670224,0
6956,0.11733339321480608,0
6957,0.046779488253401696,0
6958,0.02002086448850894,0
6959,0.07468695965047858,0
6960,0.0462638741331409,0
6961,0.13339039830791447,0
6962,0.02651582382030829,0
6963,0.07835518356414056,0
6964,0.025913267528884912,0
6965,0.008899037074579175,0
6966,0.010256012416401773,0
6967,0.06757723562832378,0
6968,0.011029459952958964,0
6969,0.06416392101442987,0
6970,0.07577486143960235,0
6971,0.14787758561091735,0
6972,0.004320402240205623,0
6973,0.04628118462205117,0
6974,0.09473990021084393,0
6975,0.021073494554900648,0
6976,0.011698063004208,0
6977,0.13449541917315405,0
6978,0.04707032554324613,0
6979,0.23346315012502006,1
6980,0.0397521931054788,0
6981,0.004120979167228859,0
6982,0.05427113496397245,0
6983,0.03502292496628651,0
6984,0.09289319314971278,0
6985,0.03943657999302214,0
6986,0.06377797586598265,0
6987,0.1239286488763351,0
6988,0.026069677453890962,0
6989,0.021164366758537605,0
6990,0.06694956781327573,0
6991,0.006458109700495377,0
6992,0.017262845115551696,0
6993,0.0009553159074084272,0
6994,0.031945229800608474,0
6995,0.1006673275884109,0
6996,0.0299972349467466,0
6997,0.07393231777352233,0
6998,0.12485614039231153,0
6999,0.04535432462962797,0
7000,0.013100382203490236,0
7001,0.07256486742421568,0
7002,0.012611600697341307,0
7003,0.07971504117613118,0
7004,0.118034778857931,0
7005,0.019432567431119076,0
7006,0.03961586518099537,0
7007,0.06489555081343956,0
7008,0.054014604221839985,0
7009,0.011990108486661955,0
7010,0.05757215531501419,0
7011,0.09633246260544398,0
7012,0.055623148440303284,0
7013,0.012562677518213517,0
7014,0.13907947917075666,0
7015,0.17883518443175664,1
7016,0.0661851510948162,0
7017,0.012256664454881612,0
7018,0.03960985268706985,0
7019,0.009554585142966329,0
7020,0.051261376545181925,0
7021,0.07807158708170918,0
7022,0.024346415778058014,0
7023,0.17837149036209837,1
7024,0.057067064192586094,0
7025,0.13438254376623923,0
7026,0.01437357068372868,0
7027,0.17705529566250167,1
7028,0.10348128466075227,0
7029,0.07963493943751179,0
7030,0.017530562924786837,0
7031,0.03525130131904521,0
7032,0.0354420259491308,0
7033,0.029918063735208705,0
7034,0.013231363716646741,0
7035,0.01180342841106919,0
7036,0.0093466314672137,0
7037,0.03640179158785193,0
7038,0.06988794684932108,0
7039,0.12454749634348176,0
7040,0.1857566997914071,1
7041,0.009278723999760818,0
7042,0.14893101002747258,0
7043,0.03802051061926838,0
7044,0.0054324004113211295,0
7045,0.1288785473361319,0
7046,0.03389482761361597,0
7047,0.0502966336070707,0
7048,0.02862123992774189,0
7049,0.024455446140236863,0
7050,0.022013453020800475,0
7051,0.06967939098697652,0
7052,0.14779185385150467,0
7053,0.11253938085259294,0
7054,0.008107237681127184,0
7055,0.08671611656716047,0
7056,0.050499674442767636,0
7057,0.05621583780322659,0
7058,0.12198267446952148,0
7059,0.11223272702342453,0
7060,0.060821537843285894,0
7061,0.038761438135351496,0
7062,0.005441597964082301,0
7063,0.08518050991851914,0
7064,0.020534601101901476,0
7065,0.0038543788667450823,0
7066,0.052982386836090314,0
7067,0.021748801688196248,0
7068,0.026103499296063246,0
7069,0.14645349682050876,0
7070,0.04145881864335947,0
7071,0.09130486984832556,0
7072,0.07931384297795345,0
7073,0.02639275617409569,0
7074,0.14966849073793634,0
7075,0.05214789469626416,0
7076,0.02416280867832201,0
7077,0.11085902164222469,0
7078,0.007743925143908966,0
7079,0.07336987065583113,0
7080,0.045511803624342644,0
7081,0.08185763709573603,0
7082,0.09746326034345655,0
7083,0.037336414970220506,0
7084,0.016957142269736318,0
7085,0.0013189692011697544,0
7086,0.024299615807279552,0
7087,0.07946778960339838,0
7088,0.03259019121513653,0
7089,0.02435361327181383,0
7090,0.0036790938498430996,0
7091,0.007763657085405755,0
7092,0.08646565576414396,0
7093,0.017052474070718963,0
7094,0.05771975685566409,0
7095,0.014493959456855469,0
7096,0.016545733612688126,0
7097,0.11814881168985064,0
7098,0.05056439597917097,0
7099,0.06964848603673014,0
7100,0.009824029586043817,0
7101,0.001405888861064978,0
7102,0.09180674632332257,0
7103,0.07231379320463686,0
7104,0.0930591351474782,0
7105,0.02095755859470144,0
7106,0.005383462546004873,0
7107,0.025605213974571984,0
7108,0.0271710518244191,0
7109,0.03022165113828616,0
7110,0.1845458209975567,1
7111,0.05208298706130995,0
7112,0.19225058025768885,1
7113,0.05357362048955601,0
7114,0.10400204066830697,0
7115,0.07696656512755315,0
7116,0.20304184746982365,1
7117,0.17859202448545608,1
7118,0.04473846425571173,0
7119,0.231315361043622,1
7120,0.04738806543419186,0
7121,0.01216626106243374,0
7122,0.09304430725622138,0
7123,0.12162947627256945,0
7124,0.1999793088898286,1
7125,0.009057391069474903,0
7126,0.023119770667848975,0
7127,0.15905981076417217,0
7128,0.11784018356665799,0
7129,0.006551427859734341,0
7130,0.12274451602682242,0
7131,0.1100295569375059,0
7132,0.06933919225346992,0
7133,0.089202762433752,0
7134,0.03491564726907585,0
7135,0.0922980972668723,0
7136,0.0254490329744229,0
7137,0.03027605939489019,0
7138,0.010646755686147686,0
7139,0.00787003728613554,0
7140,0.010963685717019533,0
7141,0.00673239866458768,0
7142,0.009664287317321925,0
7143,0.08325490955689133,0
7144,0.014988849157853234,0
7145,0.04261003263932854,0
7146,0.08970102917100077,0
7147,0.12334064646377568,0
7148,0.0028430022505249028,0
7149,0.09447082264542778,0
7150,0.02421587719125277,0
7151,0.02524304686182437,0
7152,0.036437175434876935,0
7153,0.1851420868679944,1
7154,0.011446166482142132,0
7155,0.030463579162932897,0
7156,0.03813646629836471,0
7157,0.003109335167556219,0
7158,0.031094462649829926,0
7159,0.02118931096645215,0
7160,0.010171966145350993,0
7161,0.19987967514475102,1
7162,0.07878035936796286,0
7163,0.004934394671404707,0
7164,0.0035137798311210516,0
7165,0.13357445091610887,0
7166,0.08931185993798127,0
7167,0.005828668311990937,0
7168,0.08639728001106713,0
7169,0.05611347957467496,0
7170,0.004682628250551716,0
7171,0.052320561341998535,0
7172,0.08081634432088804,0
7173,0.01040567018101522,0
7174,0.008272158056198868,0
7175,0.009500238750243565,0
7176,0.014556790337787,0
7177,0.04443758932381349,0
7178,0.11551528163843902,0
7179,0.02853882489249205,0
7180,0.028085441758533714,0
7181,0.16049895424531524,0
7182,0.07016358795847001,0
7183,0.0353915857668104,0
7184,0.12344194481368902,0
7185,0.04016109073271635,0
7186,0.11993367858680522,0
7187,0.01977817895596392,0
7188,0.021555916597108257,0
7189,0.03465792526965601,0
7190,0.2199180993760872,1
7191,0.007568469131126728,0
7192,0.02550952151442461,0
7193,0.042656296547438605,0
7194,0.11636374671108123,0
7195,0.07171896360295354,0
7196,0.13950671497951916,0
7197,0.02209562548850368,0
7198,0.028604180084288503,0
7199,0.03827600043144203,0
7200,0.16086784845455154,0
7201,0.11084397119706606,0
7202,0.0678230616660901,0
7203,0.007853433063922884,0
7204,0.09335374360907894,0
7205,0.09501011654685824,0
7206,0.14958087377837223,0
7207,0.2801716988023306,1
7208,0.15409070280952009,0
7209,0.1608696940528999,0
7210,0.2020307347797506,1
7211,0.09461722886966924,0
7212,0.08887365814881498,0
7213,0.12560310917348455,0
7214,0.018765015688836307,0
7215,0.017558300485129127,0
7216,0.16302120835044084,0
7217,0.0658503787478873,0
7218,0.053164514292679904,0
7219,0.012762441700365586,0
7220,0.033194045618516195,0
7221,0.02407005395463076,0
7222,0.0789555609580226,0
7223,0.18356063100470715,1
7224,0.0051297808066209875,0
7225,0.08016109599606708,0
7226,0.030775946373986566,0
7227,0.18297921433809117,1
7228,0.009444002474964071,0
7229,0.0018970305079748359,0
7230,0.03532496185221912,0
7231,0.015026725254861255,0
7232,0.0958778160806986,0
7233,0.0998591440610532,0
7234,0.06854693464230514,0
7235,0.01568538348697764,0
7236,0.18358480000623897,1
7237,0.01280785161222513,0
7238,0.10011783093181123,0
7239,0.13720055774338233,0
7240,0.006253446018560853,0
7241,0.006551131830135974,0
7242,0.29328568039470304,1
7243,0.04900865668054413,0
7244,0.14578787762710446,0
7245,0.021213844316901743,0
7246,0.0016270529576689321,0
7247,0.026368103344764596,0
7248,0.023497771299312735,0
7249,0.004308229218264888,0
7250,0.3229217292107721,1
7251,0.0043288067195510855,0
7252,0.0896688112165834,0
7253,0.05095471083730776,0
7254,0.07756623106233358,0
7255,0.10389385873604225,0
7256,0.10364002303333034,0
7257,0.02648418544507524,0
7258,0.12999991096475322,0
7259,0.2161170469014527,1
7260,0.0798929003177913,0
7261,0.06076146771674472,0
7262,0.14191935604297443,0
7263,0.06039205886999044,0
7264,0.05453710027315603,0
7265,0.019342206788434967,0
7266,0.005411727056684216,0
7267,0.03665022518264275,0
7268,0.026485748138319425,0
7269,0.14074368622171576,0
7270,0.017101860638607,0
7271,0.10823159577155156,0
7272,0.1385978454276164,0
7273,0.10428414341897804,0
7274,0.07823838880127947,0
7275,0.027215581556926344,0
7276,0.09102459733513513,0
7277,0.19642542242026514,1
7278,0.14952511968563661,0
7279,0.16107922625640916,0
7280,0.12200820557714327,0
7281,0.04377601839184539,0
7282,0.04028573435640354,0
7283,0.0842858152069998,0
7284,0.20837088595546663,1
7285,0.09005202757287822,0
7286,0.01238793949568054,0
7287,0.09964861824050043,0
7288,0.05348576937187056,0
7289,0.01698953944963455,0
7290,0.04423153451009314,0
7291,0.09672235812980498,0
7292,0.1744909781212358,1
7293,0.004773532851445883,0
7294,0.037975216261301875,0
7295,0.00859753513857618,0
7296,0.015638422790578536,0
7297,0.04964646560759501,0
7298,0.05165970106905837,0
7299,0.045429571693601054,0
7300,0.07534276074924205,0
7301,0.01728689961050412,0
7302,0.12234677557473397,0
7303,0.0815905556569423,0
7304,0.030703435771089204,0
7305,0.05533942562853547,0
7306,0.05633314558086187,0
7307,0.08186705886397046,0
7308,0.08296799836247487,0
7309,0.10614116098612383,0
7310,0.02379847303021115,0
7311,0.07005733396121801,0
7312,0.11151749709861183,0
7313,0.04053983477668699,0
7314,0.10510168691157001,0
7315,0.05846706681636509,0
7316,0.06491046600728748,0
7317,0.05698059152459704,0
7318,0.051819987887077576,0
7319,0.012579720635599792,0
7320,0.055664541696130374,0
7321,0.1303050143488906,0
7322,0.15091858008238315,0
7323,0.034776438382321424,0
7324,0.07021433642138424,0
7325,0.04310548405446788,0
7326,0.0737486220308381,0
7327,0.058338403109799916,0
7328,0.028887411519296347,0
7329,0.09841088770688082,0
7330,0.009434776174538724,0
7331,0.031874546194707226,0
7332,0.0438915579850058,0
7333,0.014948033704090835,0
7334,0.08491716190505204,0
7335,0.04466470237443488,0
7336,0.032659709990141166,0
7337,0.05806631138800244,0
7338,0.03453628259293678,0
7339,0.13693026693377056,0
7340,0.1370112158695211,0
7341,0.028671366699078406,0
7342,0.12752941611346544,0
7343,0.016288230535509783,0
7344,0.13794390662739672,0
7345,0.03697795925684545,0
7346,0.007629035667741587,0
7347,0.033700163849082886,0
7348,0.018282784822500217,0
7349,0.11614931750164123,0
7350,0.13714305384243536,0
7351,0.1172370771876845,0
7352,0.008190539843304031,0
7353,0.007429089885386308,0
7354,0.00206853821631728,0
7355,0.02532738194524032,0
7356,0.027580171625408594,0
7357,0.015766916995663984,0
7358,0.02836006537074133,0
7359,0.06139793779452626,0
7360,0.12511193449849897,0
7361,0.009402333353807002,0
7362,0.0337233163059741,0
7363,0.1444020821959274,0
7364,0.08004015691392041,0
7365,0.12319079844846108,0
7366,0.003300959086730167,0
7367,0.08723925795871254,0
7368,0.004361663251971648,0
7369,0.04177520929192547,0
7370,0.04205460254126365,0
7371,0.0793937349736243,0
7372,0.04787531196597451,0
7373,0.004558725133582064,0
7374,0.20517975937363417,1
7375,0.11662347148619737,0
7376,0.06860397087923716,0
7377,0.06264769695271823,0
7378,0.07150302241431121,0
7379,0.020559688017994578,0
7380,0.10205295946943384,0
7381,0.01824351095880777,0
7382,0.04313574892370315,0
7383,0.06842167165747223,0
7384,0.03816613687232554,0
7385,0.007366968549504116,0
7386,0.06668482822980724,0
7387,0.019141884271754665,0
7388,0.040205122700946894,0
7389,0.12558808158478682,0
7390,0.0072838508198369645,0
7391,0.01535783185794152,0
7392,0.010707411079713455,0
7393,0.028053076263055043,0
7394,0.017696821865940564,0
7395,0.02838353060367699,0
7396,0.04613948852627781,0
7397,0.006099886950023637,0
7398,0.04723153548141235,0
7399,0.02519903458272032,0
7400,0.012554953998478658,0
7401,0.003566581051011027,0
7402,0.07015038649161531,0
7403,0.21654262742911393,1
7404,0.03006148188973968,0
7405,0.0403334638083663,0
7406,0.031189574716691298,0
7407,0.006191626260427515,0
7408,0.017126921952750097,0
7409,0.1427675635243632,0
7410,0.0059984677374649445,0
7411,0.045350557243901246,0
7412,0.0029767465700540896,0
7413,0.006984060771244775,0
7414,0.005563413146808764,0
7415,0.08040143841407812,0
7416,0.15518359210863844,0
7417,0.025602349569513416,0
7418,0.25556053607628154,1
7419,0.06569469369489377,0
7420,0.0437367874071989,0
7421,0.1794426489139028,1
7422,0.02072457307331132,0
7423,0.14703776307520008,0
7424,0.07471354378221913,0
7425,0.07669921617544614,0
7426,0.009334591478713301,0
7427,0.07698127975970384,0
7428,0.007725872097782364,0
7429,0.06270640903422778,0
7430,0.002404888942644005,0
7431,0.17587258030079483,1
7432,0.07794056605408937,0
7433,0.01030076781802299,0
7434,0.12768696587566503,0
7435,0.030347381978460274,0
7436,0.018120982669913983,0
7437,0.0025771405079567213,0
7438,0.07289956160030582,0
7439,0.03108432308864551,0
7440,0.1266878576473565,0
7441,0.07335068002865963,0
7442,0.07709747516744656,0
7443,0.11756885911244727,0
7444,0.006173895589513622,0
7445,0.008244815103803127,0
7446,0.05943528935205771,0
7447,0.12310651487133246,0
7448,0.07422465674231771,0
7449,0.016766278175357526,0
7450,0.0577206958320658,0
7451,0.02637742557837186,0
7452,0.0012430150851523807,0
7453,0.039271823752207384,0
7454,0.008328896717334647,0
7455,0.005298046761222267,0
7456,0.12267323104224195,0
7457,0.01078730975826047,0
7458,0.07968165847603931,0
7459,0.17145997378373407,1
7460,0.06865826221074825,0
7461,0.05340433962984515,0
7462,0.02144728994821466,0
7463,0.05899108982248608,0
7464,0.05506282942876144,0
7465,0.006887865331994258,0
7466,0.1170577953451209,0
7467,0.03500459190919858,0
7468,0.021758540912116153,0
7469,0.048115752955602324,0
7470,0.004390335712912149,0
7471,0.019215137057782505,0
7472,0.16786549166768502,0
7473,0.033153845784575475,0
7474,0.018220934869738015,0
7475,0.06545899395856102,0
7476,0.014870351870509994,0
7477,0.06621213926684266,0
7478,0.020262121090267725,0
7479,0.018916166835101902,0
7480,0.052730116750103355,0
7481,0.024166639917479596,0
7482,0.021917966874463006,0
7483,0.13951173545142184,0
7484,0.021496782847408864,0
7485,0.03769524240765999,0
7486,0.06850960813947263,0
7487,0.004032834192344526,0
7488,0.03532440302693373,0
7489,0.06373746839056174,0
7490,0.03004682395683053,0
7491,0.03365107587773899,0
7492,0.006034445967771007,0
7493,0.07015403558746161,0
7494,0.022700934750016645,0
7495,0.051644970318687644,0
7496,0.09617368093998262,0
7497,0.05502029655500053,0
7498,0.10842302776814705,0
7499,0.09261332011422141,0
7500,0.17327587832115446,1
7501,0.19363053161406307,1
7502,0.06691090165381533,0
7503,0.03545206868684487,0
7504,0.020955063500155694,0
7505,0.05936037399597532,0
7506,0.0024855474527506766,0
7507,0.14393563599867756,0
7508,0.029852988478408494,0
7509,0.07084896060748903,0
7510,0.1088639387533092,0
7511,0.02283262005035179,0
7512,0.026283407084327467,0
7513,0.12541658033782876,0
7514,0.0846596372095653,0
7515,0.009380301310086247,0
7516,0.053508571716995995,0
7517,0.002034479349150294,0
7518,0.011263713350378634,0
7519,0.04537772135541387,0
7520,0.2202885480862596,1
7521,0.004981155296736306,0
7522,0.023837622266312728,0
7523,0.06207452234025206,0
7524,0.12165007283490234,0
7525,0.1278943308851993,0
7526,0.2593892047718052,1
7527,0.08739273390962159,0
7528,0.004279948836959532,0
7529,0.019576424864012742,0
7530,0.039567893858419294,0
7531,0.016998587541484325,0
7532,0.010199057875140178,0
7533,0.010304569765188143,0
7534,0.06738804633211548,0
7535,0.0331399708527857,0
7536,0.044726362666826135,0
7537,0.11723828027019033,0
7538,0.09284415267191062,0
7539,0.05589065805998795,0
7540,0.043616758436369175,0
7541,0.07510080911615002,0
7542,0.019962824685925886,0
7543,0.17417470474470673,1
7544,0.009648105617189132,0
7545,0.022419923550726913,0
7546,0.175989803432228,1
7547,0.012499659952171439,0
7548,0.03398377076599505,0
7549,0.0407141968705721,0
7550,0.09254804273685864,0
7551,0.05747793606643105,0
7552,0.0032738601817575486,0
7553,0.03428038756890913,0
7554,0.017535235612635126,0
7555,0.038042208427216326,0
7556,0.0536824100505017,0
7557,0.01354502618353312,0
7558,0.13527523135984343,0
7559,0.037444431541162615,0
7560,0.011757261146210984,0
7561,0.11778159948589119,0
7562,0.038754899876113316,0
7563,0.043308169710253065,0
7564,0.015194794361644304,0
7565,0.025833062726901047,0
7566,0.027640376509140183,0
7567,0.10737285698622627,0
7568,0.007552058276518126,0
7569,0.0389152741414025,0
7570,0.016764789829353026,0
7571,0.07347341564151225,0
7572,0.026667387933133724,0
7573,0.04240353375765537,0
7574,0.019080676548676557,0
7575,0.02873195962726088,0
7576,0.010213927504593868,0
7577,0.01603606298785173,0
7578,0.01882464773274736,0
7579,0.054228397780298074,0
7580,0.17822242815790593,1
7581,0.06599718900244264,0
7582,0.050771995965111,0
7583,0.006512270537815571,0
7584,0.041883807834381136,0
7585,0.05093511316002484,0
7586,0.003527486203816288,0
7587,0.02348457589242731,0
7588,0.1012861125785918,0
7589,0.05314559533009553,0
7590,0.01135970346433249,0
7591,0.015481444732775063,0
7592,0.023973329153931053,0
7593,0.04633769455053774,0
7594,0.01410173069223614,0
7595,0.006076170064767513,0
7596,0.0480884802959569,0
7597,0.05153413111410231,0
7598,0.07788340107060651,0
7599,0.006424128371065933,0
7600,0.14643860922745383,0
7601,0.0058773966683857886,0
7602,0.00866045808964299,0
7603,0.03503039222319982,0
7604,0.1171679740778543,0
7605,0.06890148649883554,0
7606,0.008289716409680119,0
7607,0.06696681523135538,0
7608,0.15939611070775814,0
7609,0.042285012125821184,0
7610,0.20870646292978012,1
7611,0.033868819211894566,0
7612,0.08872247623858029,0
7613,0.007913713132287186,0
7614,0.02562353878753832,0
7615,0.06864381788026663,0
7616,0.04440670786296264,0
7617,0.07107329845760181,0
7618,0.17416030685630493,1
7619,0.06439642009749763,0
7620,0.16673157016909157,0
7621,0.08518379228056226,0
7622,0.0017254780900795537,0
7623,0.011176486096174505,0
7624,0.03752637739006871,0
7625,0.02609435718040506,0
7626,0.03946818224332147,0
7627,0.005060241915435985,0
7628,0.04399892147147029,0
7629,0.02816643479813923,0
7630,0.07955949902353736,0
7631,0.024199951919210917,0
7632,0.051349634543690216,0
7633,0.11467418755542512,0
7634,0.017165464015679865,0
7635,0.012275120995273192,0
7636,0.05214599239486877,0
7637,0.01369287392395347,0
7638,0.04716749389761028,0
7639,0.1641128121317662,0
7640,0.0015642803547002426,0
7641,0.03730696635082262,0
7642,0.01827868982753116,0
7643,0.042721949859354,0
7644,0.19805603828313245,1
7645,0.01693701861323676,0
7646,0.2807885997100331,1
7647,0.11261122414439832,0
7648,0.009752709283527531,0
7649,0.11869772267919684,0
7650,0.09855034196273754,0
7651,0.011920502923737971,0
7652,0.05567039548624901,0
7653,0.008495663690273133,0
7654,0.0035961833728360036,0
7655,0.05770427652511769,0
7656,0.00962476578129893,0
7657,0.14579370640925735,0
7658,0.04820545077661192,0
7659,0.16562906326751695,0
7660,0.18150691849084208,1
7661,0.00947333382779425,0
7662,0.02752702290453773,0
7663,0.15315383658698745,0
7664,0.003971686446585084,0
7665,0.13741815546425737,0
7666,0.13620892582618185,0
7667,0.0874629979051838,0
7668,0.01170373676534311,0
7669,0.11439019030522495,0
7670,0.018717103362013064,0
7671,0.33817259166038455,1
7672,0.13314880966253584,0
7673,0.07856783083399378,0
7674,0.01857551576877939,0
7675,0.03768480323449326,0
7676,0.04280239496834381,0
7677,0.08813775846683347,0
7678,0.012240157687488318,0
7679,0.022616543773268567,0
7680,0.07746433430401355,0
7681,0.11364811302999876,0
7682,0.03224827537022389,0
7683,0.027790217044245082,0
7684,0.08515764050624743,0
7685,0.032474637705436495,0
7686,0.02832815292265042,0
7687,0.10943839821837201,0
7688,0.12818767998701683,0
7689,0.1637916654641659,0
7690,0.04341445085628478,0
7691,0.09109311766307059,0
7692,0.08417900244447722,0
7693,0.031276673156147114,0
7694,0.0067848623224909515,0
7695,0.06776856543233165,0
7696,0.05038355956398326,0
7697,0.01828423803124819,0
7698,0.032607619292684756,0
7699,0.12650714672668203,0
7700,0.07252629390337523,0
7701,0.040345604484477667,0
7702,0.0733260713569375,0
7703,0.03302013148419589,0
7704,0.06952795584573299,0
7705,0.028938396817625073,0
7706,0.03359482474802062,0
7707,0.09359068352477458,0
7708,0.04792282576995709,0
7709,0.1600570736761469,0
7710,0.030264528779612544,0
7711,0.06157864169347411,0
7712,0.021858744011727826,0
7713,0.09210227633249729,0
7714,0.1087909020665918,0
7715,0.07607740330839238,0
7716,0.022274068003455837,0
7717,0.0898569121655961,0
7718,0.07434229682394866,0
7719,0.08968511753669892,0
7720,0.001708300457939623,0
7721,0.00828289332675755,0
7722,0.03287745750282019,0
7723,0.006180590252366813,0
7724,0.04576531362012671,0
7725,0.10052355093517897,0
7726,0.004282654719822187,0
7727,0.020526209930062378,0
7728,0.14618713252609875,0
7729,0.1278262407520455,0
7730,0.023805728982539506,0
7731,0.10374839899536864,0
7732,0.028533881875660676,0
7733,0.0571934360797791,0
7734,0.01165921035116535,0
7735,0.06150038138396716,0
7736,0.0373525339410626,0
7737,0.07711031405969973,0
7738,0.02530785680418491,0
7739,0.016904967244148635,0
7740,0.011153086542908556,0
7741,0.17993428512673085,1
7742,0.16130443463956615,0
7743,0.015537729675791648,0
7744,0.006375003690120658,0
7745,0.009835057339470625,0
7746,0.0015478529712797877,0
7747,0.0927937921936833,0
7748,0.0628183652200918,0
7749,0.18936641257611786,1
7750,0.023406517571718907,0
7751,0.19587554037411567,1
7752,0.113167592827467,0
7753,0.051872125524490484,0
7754,0.06260920959061708,0
7755,0.15566462938493394,0
7756,0.01662825089835544,0
7757,0.03187337571407321,0
7758,0.04946175275755158,0
7759,0.07961896491642446,0
7760,0.15971716626137303,0
7761,0.015408883875867673,0
7762,0.007068205675010112,0
7763,0.0108124386961398,0
7764,0.04114447030379491,0
7765,0.06782930306382173,0
7766,0.03261505599848854,0
7767,0.031123836821432257,0
7768,0.08763836077165135,0
7769,0.013213402938436107,0
7770,0.10766483714083022,0
7771,0.018930737705777873,0
7772,0.013813907595957065,0
7773,0.03743290655003129,0
7774,0.15852986100249516,0
7775,0.031623563080753495,0
7776,0.011041294923575633,0
7777,0.01980741724890581,0
7778,0.049911299184207315,0
7779,0.04909982283661996,0
7780,0.011610661663823747,0
7781,0.019714749571981403,0
7782,0.1620834641958375,0
7783,0.0027870362107577096,0
7784,0.09383936609519787,0
7785,0.12448670411691533,0
7786,0.01943809560713526,0
7787,0.041137789068789815,0
7788,0.029167521028931335,0
7789,0.08492017789313039,0
7790,0.001961998893161258,0
7791,0.053770294495500276,0
7792,0.008269926493120068,0
7793,0.012434935841289962,0
7794,0.08450467975279174,0
7795,0.2176572644412717,1
7796,0.08241719545764864,0
7797,0.13934816397786515,0
7798,0.12994953234083753,0
7799,0.12915627674201494,0
7800,0.020940872408091046,0
7801,0.029548011043985665,0
7802,0.007566614042074867,0
7803,0.05383183759601654,0
7804,0.028614829202095602,0
7805,0.03840286566287468,0
7806,0.10763874868775365,0
7807,0.048465786126691154,0
7808,0.015055478511455545,0
7809,0.018415896776354055,0
7810,0.031407805873422,0
7811,0.003746007625901145,0
7812,0.17332864011620758,1
7813,0.048143244516646935,0
7814,0.018308901406496925,0
7815,0.03747064934934848,0
7816,0.07943595990656008,0
7817,0.004308168421277658,0
7818,0.07240433831866151,0
7819,0.023336489575941942,0
7820,0.04791998291613122,0
7821,0.14508243872089416,0
7822,0.007708752453893878,0
7823,0.13008705209080038,0
7824,0.06646368524829233,0
7825,0.18019407335010643,1
7826,0.05558176750463028,0
7827,0.12741793604314416,0
7828,0.11446056696044,0
7829,0.03214282200490714,0
7830,0.0237568405866947,0
7831,0.011799147824094214,0
7832,0.041647949846096814,0
7833,0.020421115810367742,0
7834,0.046853759286879564,0
7835,0.08296238688343707,0
7836,0.08685410067360963,0
7837,0.04972104759446917,0
7838,0.06083904277752484,0
7839,0.01877739240131097,0
7840,0.09859949400469063,0
7841,0.030717575198937024,0
7842,0.0025221381959616316,0
7843,0.0655072410662096,0
7844,0.026222690013674735,0
7845,0.05486007026898451,0
7846,0.013084060268046368,0
7847,0.1765531175567347,1
7848,0.013987014290208795,0
7849,0.01707010540812431,0
7850,0.11415761557736906,0
7851,0.030755095911848905,0
7852,0.04571140320224787,0
7853,0.03385923875231999,0
7854,0.01597888216496896,0
7855,0.0015996854319525985,0
7856,0.04829623773750443,0
7857,0.003281098971933072,0
7858,0.008029295945263885,0
7859,0.017629509525897185,0
7860,0.02778126771612917,0
7861,0.14843771336375183,0
7862,0.02143173093781147,0
7863,0.06874276651545452,0
7864,0.04728145898726369,0
7865,0.02767463484058373,0
7866,0.04332841234501964,0
7867,0.13255953222055913,0
7868,0.06109711023665668,0
7869,0.11069090296669332,0
7870,0.020563713625677365,0
7871,0.0692429673563967,0
7872,0.051162590342754236,0
7873,0.018972892028361204,0
7874,0.06068162776052859,0
7875,0.18207786298127152,1
7876,0.003970785963938842,0
7877,0.0861353092498249,0
7878,0.01234884701907193,0
7879,0.029719624498330485,0
7880,0.011608777508861209,0
7881,0.02651094076815835,0
7882,0.12096794298278477,0
7883,0.06687491672427044,0
7884,0.013725282972743565,0
7885,0.03326807353973257,0
7886,0.0574239011834375,0
7887,0.054376005080105747,0
7888,0.054152314525365584,0
7889,0.04959056340244315,0
7890,0.09828790994431093,0
7891,0.08059806682313075,0
7892,0.005672822013879886,0
7893,0.1844794516783016,1
7894,0.09545797914678414,0
7895,0.01591660700195173,0
7896,0.012368891611467533,0
7897,0.20433050228314004,1
7898,0.03152940119330372,0
7899,0.018132044420180814,0
7900,0.008444365895644916,0
7901,0.019045586607814517,0
7902,0.00835647157888888,0
7903,0.04665006460873256,0
7904,0.05780534569518991,0
7905,0.007231015941191369,0
7906,0.008868904503777161,0
7907,0.05178488889566503,0
7908,0.03570873099650941,0
7909,0.014755301685198563,0
7910,0.069822471172816,0
7911,0.08505739778978255,0
7912,0.015180655271943677,0
7913,0.008892091827559182,0
7914,0.17666680610943014,1
7915,0.11059128309948102,0
7916,0.22402470608211905,1
7917,0.01693982178647592,0
7918,0.019424708664239555,0
7919,0.0038208448090682654,0
7920,0.06886178090128768,0
7921,0.008687061572952603,0
7922,0.060666025331028946,0
7923,0.10019374475490898,0
7924,0.00913869815631579,0
7925,0.011016821751110044,0
7926,0.1241959191262212,0
7927,0.04522662146467741,0
7928,0.0335388915284025,0
7929,0.03773071686858883,0
7930,0.05123875489053694,0
7931,0.12608649855692647,0
7932,0.05015164214098406,0
7933,0.13193982467556656,0
7934,0.16542546815780093,0
7935,0.016179908809010938,0
7936,0.05862744756476586,0
7937,0.06012439462451659,0
7938,0.03524163071829226,0
7939,0.07776324891822203,0
7940,0.08470355055374751,0
7941,0.01967926570786953,0
7942,0.11228529982208578,0
7943,0.01133775775176018,0
7944,0.04188946414868608,0
7945,0.06050425380642271,0
7946,0.02519885118347541,0
7947,0.0037349190034834242,0
7948,0.2442693601787602,1
7949,0.1390044153285184,0
7950,0.021835894864694363,0
7951,0.037599409057855394,0
7952,0.031383640417463866,0
7953,0.15186222207791047,0
7954,0.09023471037465507,0
7955,0.1812886061787687,1
7956,0.02279653812951529,0
7957,0.06302653363340811,0
7958,0.030654600474894055,0
7959,0.024036059535038786,0
7960,0.00280297490670726,0
7961,0.03296535027130792,0
7962,0.013156222303656836,0
7963,0.021761364934090775,0
7964,0.015093355620522542,0
7965,0.16817870526859116,0
7966,0.05217743904441953,0
7967,0.01465957291188557,0
7968,0.038241621112518824,0
7969,0.06069525667979171,0
7970,0.038126367149672116,0
7971,0.1500287602635181,0
7972,0.08625197427503621,0
7973,0.0996704020315431,0
7974,0.007297833146730729,0
7975,0.011916532214473374,0
7976,0.0039050384015517857,0
7977,0.00558805472009342,0
7978,0.005845737228137763,0
7979,0.1455270369389116,0
7980,0.13813903262308233,0
7981,0.14847727505469313,0
7982,0.06705563001568057,0
7983,0.014450742829662204,0
7984,0.036270732086267306,0
7985,0.15823624512227638,0
7986,0.026910532801841205,0
7987,0.0028530706127257127,0
7988,0.001967277447122358,0
7989,0.013108610500985773,0
7990,0.044408764411610936,0
7991,0.08446385703063287,0
7992,0.011693468730510486,0
7993,0.12485064332214386,0
7994,0.009261691134694853,0
7995,0.009795129767454114,0
7996,0.043063135238413056,0
7997,0.01998908533738061,0
7998,0.03849056507747414,0
7999,0.10990742190895414,0
8000,0.07171311087387369,0
8001,0.034957485154316285,0
8002,0.12783457394532513,0
8003,0.09038894152535286,0
8004,0.04340318941998169,0
8005,0.0062879143320475174,0
8006,0.024668471313714347,0
8007,0.12433979335343269,0
8008,0.02347193054710645,0
8009,0.040694101961342856,0
8010,0.0346881891011614,0
8011,0.1685864110219838,0
8012,0.09558714896324186,0
8013,0.0015587938196510423,0
8014,0.01582169435273894,0
8015,0.02238126733356137,0
8016,0.032622216443009985,0
8017,0.05859721179064377,0
8018,0.01543983532123511,0
8019,0.3053855579429097,1
8020,0.010242988320803007,0
8021,0.042699494447015165,0
8022,0.046401280272458274,0
8023,0.11872453982162566,0
8024,0.09538928772045957,0
8025,0.00850246762118696,0
8026,0.09240126949496438,0
8027,0.055139370027285514,0
8028,0.02975592488484234,0
8029,0.09175418223132815,0
8030,0.008577897134126622,0
8031,0.13138483365273484,0
8032,0.1104034953277393,0
8033,0.07745833321552847,0
8034,0.04113774185031157,0
8035,0.022318437917038737,0
8036,0.002707059701992054,0
8037,0.029355305560981388,0
8038,0.010529906899099295,0
8039,0.004917716808385582,0
8040,0.02278938481961597,0
8041,0.10132698320240291,0
8042,0.0991244811228644,0
8043,0.19058430743483107,1
8044,0.007155365528621423,0
8045,0.06958273306102994,0
8046,0.0225047178837488,0
8047,0.005337244672884456,0
8048,0.026777070718605068,0
8049,0.022085926342757817,0
8050,0.11256265016481738,0
8051,0.02758921691218213,0
8052,0.21419141264050243,1
8053,0.14087573610472534,0
8054,0.026230610298844895,0
8055,0.0043774219606005655,0
8056,0.2004846000322663,1
8057,0.05358496799629677,0
8058,0.01594392654946061,0
8059,0.1339213953591821,0
8060,0.07357007846466021,0
8061,0.007091103061802199,0
8062,0.06996079884425492,0
8063,0.15592654642794423,0
8064,0.037565088693840336,0
8065,0.04311459688792052,0
8066,0.007603718808651043,0
8067,0.04386496575067192,0
8068,0.09245897100469541,0
8069,0.012773787307584146,0
8070,0.06376020944720118,0
8071,0.122156468673019,0
8072,0.15284159461292834,0
8073,0.09879291790074753,0
8074,0.040363384627749375,0
8075,0.18546788132507128,1
8076,0.0017411601658833783,0
8077,0.13338111230057217,0
8078,0.04927424227576247,0
8079,0.04106872066472375,0
8080,0.1310868852955561,0
8081,0.08759898601268744,0
8082,0.03536936341318823,0
8083,0.03476966178987141,0
8084,0.06994396156426658,0
8085,0.040447554401831474,0
8086,0.0041124530739047906,0
8087,0.06150916850321363,0
8088,0.06795920431593112,0
8089,0.01710336747835027,0
8090,0.06955857923788021,0
8091,0.006802398965508664,0
8092,0.044387918366122034,0
8093,0.015229150227590785,0
8094,0.0058435177714789045,0
8095,0.02167843960507571,0
8096,0.014365173466069773,0
8097,0.07907450794241058,0
8098,0.009039832407898867,0
8099,0.031158560303670067,0
8100,0.03477134564886041,0
8101,0.01648326231346849,0
8102,0.049655475939123894,0
8103,0.25022417230155686,1
8104,0.08612142771917429,0
8105,0.1543328992219196,0
8106,0.013993002979339994,0
8107,0.007493248305369541,0
8108,0.010508686644571911,0
8109,0.025436008187169963,0
8110,0.019384714837552285,0
8111,0.07467917987020442,0
8112,0.03832603455495056,0
8113,0.12021061637743566,0
8114,0.1190627852576486,0
8115,0.02851325849868652,0
8116,0.10298847865185139,0
8117,0.18682143428631234,1
8118,0.11152906830325307,0
8119,0.17071289937477957,1
8120,0.14729766519759496,0
8121,0.1232902998154373,0
8122,0.06579467513496505,0
8123,0.04888205907697064,0
8124,0.021238577619301903,0
8125,0.051743135409864055,0
8126,0.040741986684308965,0
8127,0.010298626834978442,0
8128,0.011899141749522942,0
8129,0.09326837014601246,0
8130,0.02035649675807693,0
8131,0.1883053474380271,1
8132,0.021749888096683583,0
8133,0.11426124179289684,0
8134,0.03527978101113683,0
8135,0.09235987140466069,0
8136,0.021879402141607694,0
8137,0.03881695220449399,0
8138,0.07743621172630143,0
8139,0.06914064785885625,0
8140,0.006040987613800956,0
8141,0.05387511731076738,0
8142,0.010256949620051548,0
8143,0.10001340265253592,0
8144,0.0620179453663844,0
8145,0.05158347788791146,0
8146,0.0021591644765381964,0
8147,0.002433698021781875,0
8148,0.12225553445690467,0
8149,0.13156448938367177,0
8150,0.11394493977923895,0
8151,0.011972038970783827,0
8152,0.0825621733217677,0
8153,0.15065596834915038,0
8154,0.03065363147525275,0
8155,0.21440638606293919,1
8156,0.012851904037367527,0
8157,0.08434312456917457,0
8158,0.07922236638523973,0
8159,0.04971318921220739,0
8160,0.037817013940224534,0
8161,0.0638551249178076,0
8162,0.0080867280905202,0
8163,0.03330961698144777,0
8164,0.04568984635869246,0
8165,0.040414367894193705,0
8166,0.025548581736663776,0
8167,0.08943256801664416,0
8168,0.08073301543280971,0
8169,0.006013408389988466,0
8170,0.05376882789446179,0
8171,0.02771693491601605,0
8172,0.10347945561251078,0
8173,0.09967513193288792,0
8174,0.028766540681768184,0
8175,0.1317909664622145,0
8176,0.012924234271104163,0
8177,0.0356800164489102,0
8178,0.007760504988146851,0
8179,0.08245003971618085,0
8180,0.0351393212596569,0
8181,0.08811054288885344,0
8182,0.11955281045468734,0
8183,0.06553160015732294,0
8184,0.1164055622110311,0
8185,0.05942539836384182,0
8186,0.027665186395972936,0
8187,0.12252441543082346,0
8188,0.14271964857793776,0
8189,0.0716938026716965,0
8190,0.030535288542906665,0
8191,0.009425939222694198,0
8192,0.11834652238783899,0
8193,0.11956951734326283,0
8194,0.01646852806253125,0
8195,0.22727259032381547,1
8196,0.0060159577311569516,0
8197,0.05301717482819827,0
8198,0.06069395876337949,0
8199,0.035731097656470555,0
8200,0.08060265688155785,0
8201,0.10918848628718433,0
8202,0.02349125569618858,0
8203,0.025370063798541304,0
8204,0.09367041065519087,0
8205,0.17849875660018658,1
8206,0.00799459793798516,0
8207,0.01434096550644725,0
8208,0.04456378679128711,0
8209,0.005650850286769371,0
8210,0.07818666011637733,0
8211,0.12954058349498612,0
8212,0.12618145899488323,0
8213,0.028578267755836797,0
8214,0.005192973719557204,0
8215,0.19724499902074394,1
8216,0.0432845148668733,0
8217,0.0634297801406729,0
8218,0.04058765906793951,0
8219,0.08286471234618605,0
8220,0.12732054366015655,0
8221,0.031346410602289175,0
8222,0.0698489352030937,0
8223,0.06174767004267854,0
8224,0.03541467807593251,0
8225,0.010919427048598036,0
8226,0.11785482252758034,0
8227,0.05159441869490185,0
8228,0.13852809006099914,0
8229,0.00524908660041763,0
8230,0.050307767702355476,0
8231,0.06891961152726636,0
8232,0.025820386794800965,0
8233,0.13635735573227298,0
8234,0.004445035319750342,0
8235,0.04166328516493078,0
8236,0.03129904731474912,0
8237,0.059373427841351405,0
8238,0.05822247960048656,0
8239,0.013342553232995063,0
8240,0.0229933674920217,0
8241,0.1167235673482261,0
8242,0.004479153038497012,0
8243,0.16733671195179747,0
8244,0.017463643247868563,0
8245,0.0010176495148713697,0
8246,0.09403117650237545,0
8247,0.07016841261874356,0
8248,0.0448734571156923,0
8249,0.09017587688268432,0
8250,0.08970085561941171,0
8251,0.026270372816646837,0
8252,0.04155512630665487,0
8253,0.04529508056606998,0
8254,0.10566312405483765,0
8255,0.04339707351070738,0
8256,0.011180836388194625,0
8257,0.10189301390638658,0
8258,0.021255431085407683,0
8259,0.022730049896381832,0
8260,0.037620183802130995,0
8261,0.13019653622734717,0
8262,0.01719444178279735,0
8263,0.06934235275801083,0
8264,0.09269169701457795,0
8265,0.05418736878764977,0
8266,0.19157659013811834,1
8267,0.04576368267391374,0
8268,0.1095562153927891,0
8269,0.02790514826725406,0
8270,0.0804965783367127,0
8271,0.019930878235616376,0
8272,0.0035157898662671197,0
8273,0.04208128465633941,0
8274,0.07280244406304864,0
8275,0.06387219012586785,0
8276,0.0011202498208690607,0
8277,0.009936437537243707,0
8278,0.042795762364418774,0
8279,0.016733250285655008,0
8280,0.04029135651407116,0
8281,0.055275586802754864,0
8282,0.057343477792765225,0
8283,0.07684159216475292,0
8284,0.05771097808658963,0
8285,0.23787006868013721,1
8286,0.006984506467346252,0
8287,0.15841593812416932,0
8288,0.01121507598439461,0
8289,0.0023220705899866727,0
8290,0.20098088123571028,1
8291,0.011125864905538936,0
8292,0.04274478955255132,0
8293,0.023711819584601224,0
8294,0.020348213603736308,0
8295,0.015046239438750098,0
8296,0.006377309896634971,0
8297,0.00337684882958047,0
8298,0.10099580417269897,0
8299,0.060135974959279546,0
8300,0.006817211603453847,0
8301,0.06875049016946638,0
8302,0.0513762264233837,0
8303,0.07093056187441345,0
8304,0.01989245894925685,0
8305,0.08193434590506579,0
8306,0.0260870458254917,0
8307,0.012769851929701622,0
8308,0.005792627034848359,0
8309,0.04229218649398122,0
8310,0.02518612451033449,0
8311,0.004566383640338804,0
8312,0.012497899196568955,0
8313,0.028885439954517835,0
8314,0.05782578760052136,0
8315,0.051986936784701315,0
8316,0.059697061752599166,0
8317,0.03353069451570548,0
8318,0.08828604589111481,0
8319,0.10357562730266914,0
8320,0.004635093036198031,0
8321,0.04307838485911772,0
8322,0.13335965853889736,0
8323,0.0069210044021157085,0
8324,0.18293824265567543,1
8325,0.04079871289469296,0
8326,0.031320956640569414,0
8327,0.09831111668262403,0
8328,0.04799266542583217,0
8329,0.037905529862430246,0
8330,0.03391375246810761,0
8331,0.07612596643353031,0
8332,0.013155598544403357,0
8333,0.037157316761829276,0
8334,0.0323006111007525,0
8335,0.02627678795686539,0
8336,0.01944307037008638,0
8337,0.008732627114446874,0
8338,0.1254538282544933,0
8339,0.010820445468819913,0
8340,0.10511819505154785,0
8341,0.005004484197594546,0
8342,0.0041521338883985905,0
8343,0.02488619921565609,0
8344,0.13733361877025274,0
8345,0.10225207233175189,0
8346,0.0263076020791296,0
8347,0.1673011597683681,0
8348,0.0668965671898652,0
8349,0.062326904522877404,0
8350,0.0011456807638460242,0
8351,0.01003023555138017,0
8352,0.034571473996568104,0
8353,0.03606053784742799,0
8354,0.016803633462986294,0
8355,0.04783972421268215,0
8356,0.06526286606586408,0
8357,0.0736236595621763,0
8358,0.011739969063753526,0
8359,0.006073325320024484,0
8360,0.15125451429481931,0
8361,0.051475331323902765,0
8362,0.09225164459398222,0
8363,0.11771643109087056,0
8364,0.13774836143140046,0
8365,0.04813328274916094,0
8366,0.03853551392190715,0
8367,0.00553454633486817,0
8368,0.02127463435114679,0
8369,0.03511913607474897,0
8370,0.07925979477785969,0
8371,0.07315824673100255,0
8372,0.22848049941827403,1
8373,0.09939754723410253,0
8374,0.14955976965059278,0
8375,0.05999368965117859,0
8376,0.018960811613077395,0
8377,0.013892138980793823,0
8378,0.06529606904777739,0
8379,0.03007583674807465,0
8380,0.027220265469711923,0
8381,0.12251325687043112,0
8382,0.030993561264196553,0
8383,0.06686923847466811,0
8384,0.12407304661153604,0
8385,0.0760403323390503,0
8386,0.025063156476809442,0
8387,0.022756772472169014,0
8388,0.05358906471922202,0
8389,0.012872523271968757,0
8390,0.03539472777155799,0
8391,0.0953290352094574,0
8392,0.08143594308607122,0
8393,0.0029537392487879234,0
8394,0.002438599549691441,0
8395,0.15190151547498776,0
8396,0.036865006197439425,0
8397,0.05377190298730668,0
8398,0.011822664640507081,0
8399,0.0029111354819764865,0
8400,0.08202449373975886,0
8401,0.07150941361679714,0
8402,0.012748135940100247,0
8403,0.02500442917870615,0
8404,0.07136659691473875,0
8405,0.03950981425918175,0
8406,0.043757166281974035,0
8407,0.004517808120030368,0
8408,0.035907469512687314,0
8409,0.0042878927172391645,0
8410,0.034085020230134856,0
8411,0.006485212819089536,0
8412,0.002975189104027831,0
8413,0.000811899234173515,0
8414,0.004365360361031456,0
8415,0.03488183547369303,0
8416,0.06790979717530113,0
8417,0.0689704980087357,0
8418,0.015125069346205226,0
8419,0.12173335759092933,0
8420,0.0073636720592658985,0
8421,0.08727095240617502,0
8422,0.10079312871663389,0
8423,0.09952777322657567,0
8424,0.03980506805321254,0
8425,0.04428997412672315,0
8426,0.0028316556399177405,0
8427,0.010153217677287489,0
8428,0.02414991560413787,0
8429,0.009267985051862555,0
8430,0.016350686099535182,0
8431,0.07159068406144158,0
8432,0.08292014758289133,0
8433,0.030111118351999488,0
8434,0.021114858171301033,0
8435,0.05999932856701035,0
8436,0.04484681176971886,0
8437,0.052595939523724,0
8438,0.053513678459030524,0
8439,0.04159355973492455,0
8440,0.07214951134050933,0
8441,0.09204896293822043,0
8442,0.020551682893585613,0
8443,0.02096569981873741,0
8444,0.005423884970206908,0
8445,0.03861044275227694,0
8446,0.11610195770920399,0
8447,0.014739585572955205,0
8448,0.055732492712573904,0
8449,0.10290698687779125,0
8450,0.13086516373917798,0
8451,0.11309384621105804,0
8452,0.11493105990990454,0
8453,0.07038809781608943,0
8454,0.07196806149835609,0
8455,0.0761115958185855,0
8456,0.10034993016016523,0
8457,0.04207706976979112,0
8458,0.00316218081499704,0
8459,0.05784243210265219,0
8460,0.1167418681804758,0
8461,0.0520117811114781,0
8462,0.1433561245535933,0
8463,0.027871701982769448,0
8464,0.08383387472485712,0
8465,0.08905766596086567,0
8466,0.052931726315610175,0
8467,0.02563821763844066,0
8468,0.04075555410103723,0
8469,0.15656450720282375,0
8470,0.021891416542989945,0
8471,0.08165968411715771,0
8472,0.028385069763748386,0
8473,0.1154271174232943,0
8474,0.06155931312301454,0
8475,0.04742798265246828,0
8476,0.14142909369397583,0
8477,0.19573614270215725,1
8478,0.0027980967236881297,0
8479,0.04138217517269897,0
8480,0.018682338717232076,0
8481,0.02121608946186874,0
8482,0.05146387825320541,0
8483,0.02632573267756389,0
8484,0.11869683101918485,0
8485,0.017007873499811275,0
8486,0.09271974829143263,0
8487,0.1333960329495371,0
8488,0.00834285729235391,0
8489,0.011076140094910232,0
8490,0.054606722855119603,0
8491,0.013213785136023315,0
8492,0.06904597170670514,0
8493,0.07766373969109204,0
8494,0.09953550381022461,0
8495,0.14463982531166125,0
8496,0.07892569791914812,0
8497,0.00806411042798502,0
8498,0.0062121653417829045,0
8499,0.015773635263106288,0
8500,0.017383898877836163,0
8501,0.017350908216574923,0
8502,0.016731227198844435,0
8503,0.11069199711442616,0
8504,0.004326667132685021,0
8505,0.04718161323618699,0
8506,0.01450099862786925,0
8507,0.03792617710957328,0
8508,0.007171090664697558,0
8509,0.034925769087376754,0
8510,0.055762181386481764,0
8511,0.06200813418929686,0
8512,0.05742432232812995,0
8513,0.08314626614722785,0
8514,0.0452859052288391,0
8515,0.051102165783591606,0
8516,0.003417292204875618,0
8517,0.020101129086734774,0
8518,0.036955293071705905,0
8519,0.1583778454813146,0
8520,0.01881246750639618,0
8521,0.07352312070483186,0
8522,0.0017807618936189614,0
8523,0.016703218204378242,0
8524,0.1561499646125649,0
8525,0.05036084296420581,0
8526,0.01907170170388315,0
8527,0.0377955731502279,0
8528,0.030960790987694806,0
8529,0.14971740678376577,0
8530,0.002726488953339342,0
8531,0.020940769906648563,0
8532,0.09108101808076571,0
8533,0.140570127325696,0
8534,0.07514382602679129,0
8535,0.06743984500979416,0
8536,0.1267344583144774,0
8537,0.037514003559195,0
8538,0.03449407828083152,0
8539,0.10691750937169406,0
8540,0.07720148599476191,0
8541,0.02839478101836622,0
8542,0.12703709123085344,0
8543,0.07958468116245389,0
8544,0.009361818335582887,0
8545,0.009269483363726046,0
8546,0.021550250350238824,0
8547,0.04502285820007545,0
8548,0.12413135156102333,0
8549,0.07465962333450611,0
8550,0.007761169787032659,0
8551,0.01561692348797076,0
8552,0.01658134292849139,0
8553,0.0030607048571217915,0
8554,0.11765770550592845,0
8555,0.11564901424256051,0
8556,0.1282928650331999,0
8557,0.11529918819362643,0
8558,0.026001448482160926,0
8559,0.04560770958638815,0
8560,0.017398773361992907,0
8561,0.13297885858707292,0
8562,0.007705394958854472,0
8563,0.08901879732162933,0
8564,0.07592867569985844,0
8565,0.04469037665875348,0
8566,0.031471579680090435,0
8567,0.014905619091801355,0
8568,0.01501259984758078,0
8569,0.08328890781132907,0
8570,0.010056652616694564,0
8571,0.1839226482109417,1
8572,0.02813943890919115,0
8573,0.02071087108555804,0
8574,0.0015539305174526064,0
8575,0.0217108600511672,0
8576,0.05550745141185816,0
8577,0.1479284944219981,0
8578,0.11763761659712779,0
8579,0.026478806706600057,0
8580,0.12278167223053506,0
8581,0.00851767855307423,0
8582,0.10119443645905825,0
8583,0.04175078892698996,0
8584,0.04550493760298762,0
8585,0.04005266297687497,0
8586,0.07956678073924675,0
8587,0.06583920813998641,0
8588,0.0768909889674185,0
8589,0.0035566439088614934,0
8590,0.0475923032295327,0
8591,0.05218399115366705,0
8592,0.13555941859851736,0
8593,0.16830041015889233,0
8594,0.0014520572162629438,0
8595,0.1049605177837217,0
8596,0.08239740334032584,0
8597,0.07282205681377775,0
8598,0.02526084329828473,0
8599,0.05469525218335691,0
8600,0.07218532610229943,0
8601,0.008568444081708397,0
8602,0.13757171543279256,0
8603,0.011714222874937723,0
8604,0.008993824337363754,0
8605,0.1680625918655797,0
8606,0.03647939918597814,0
8607,0.04485073944944021,0
8608,0.030746052616243,0
8609,0.04562747820959883,0
8610,0.010548443434463357,0
8611,0.0027273392238149987,0
8612,0.08186545379107131,0
8613,0.012927184259355387,0
8614,0.03883290795991722,0
8615,0.17183743541006902,1
8616,0.008151246293138681,0
8617,0.016002497766273598,0
8618,0.01603335064497413,0
8619,0.11512174904125476,0
8620,0.008607835050540214,0
8621,0.014813875734723259,0
8622,0.018737537253497544,0
8623,0.01462533259880546,0
8624,0.031373239861805,0
8625,0.048648316992046824,0
8626,0.018088299821337386,0
8627,0.08365338389937896,0
8628,0.12741731364162445,0
8629,0.07122043721143093,0
8630,0.13742582991780825,0
8631,0.005464285696411582,0
8632,0.10028132893172716,0
8633,0.007255549738986537,0
8634,0.010501813759788491,0
8635,0.0442234843783775,0
8636,0.00946083944404926,0
8637,0.1011397035694956,0
8638,0.019696594940912478,0
8639,0.00896222048626134,0
8640,0.045062703096183584,0
8641,0.0344574528929324,0
8642,0.1653138174034086,0
8643,0.01250675567483351,0
8644,0.028250185731144448,0
8645,0.010250040351485785,0
8646,0.16423109722798113,0
8647,0.057480996480629876,0
8648,0.019067158701907273,0
8649,0.048762292503848094,0
8650,0.007218656334836389,0
8651,0.025686443654092908,0
8652,0.030820692456972963,0
8653,0.13945268385535392,0
8654,0.019828366749162017,0
8655,0.055737893241407446,0
8656,0.038612705787090244,0
8657,0.009270373389723386,0
8658,0.1772717841830458,1
8659,0.0022903830432641067,0
8660,0.01616855800384293,0
8661,0.04456272033466713,0
8662,0.0969682179025714,0
8663,0.06681903280950847,0
8664,0.07649203617610136,0
8665,0.007125743494118297,0
8666,0.05465874177553929,0
8667,0.1224412694068123,0
8668,0.05724159463253266,0
8669,0.007619551649337756,0
8670,0.14590188433986934,0
8671,0.11170613413528434,0
8672,0.01766639615741689,0
8673,0.01860378137992209,0
8674,0.21497939474019342,1
8675,0.029454465778106738,0
8676,0.1523279964608756,0
8677,0.22666723931780108,1
8678,0.1154476957545348,0
8679,0.0019107602430899892,0
8680,0.010839351213606404,0
8681,0.00613793960986048,0
8682,0.012588766110578235,0
8683,0.04103991468988286,0
8684,0.028274113126313546,0
8685,0.003597978446357216,0
8686,0.002314419269375641,0
8687,0.018356814050291326,0
8688,0.012540958861706955,0
8689,0.01456141354749599,0
8690,0.030289937378719337,0
8691,0.026277953988844006,0
8692,0.01473324940702223,0
8693,0.01254835631891155,0
8694,0.040179805367540504,0
8695,0.07964016560151536,0
8696,0.02725972440376858,0
8697,0.005085129402735667,0
8698,0.167302042934501,0
8699,0.07070077490945434,0
8700,0.2023889474254781,1
8701,0.22088118760265452,1
8702,0.014092386716105488,0
8703,0.15510960321438336,0
8704,0.24356461419231046,1
8705,0.11746618897405743,0
8706,0.12409393057180683,0
8707,0.035754483395661,0
8708,0.04745642310477222,0
8709,0.008033283804559373,0
8710,0.11844767278624065,0
8711,0.012305840981207876,0
8712,0.0342720264360001,0
8713,0.0626085874976682,0
8714,0.19741936146138514,1
8715,0.25363242330512276,1
8716,0.17421866925425278,1
8717,0.03763769433362378,0
8718,0.020499405756030264,0
8719,0.016408015304259466,0
8720,0.11045407057837293,0
8721,0.03992865329938424,0
8722,0.07852718156769382,0
8723,0.01963109753038646,0
8724,0.11481214535349107,0
8725,0.17739793546399454,1
8726,0.00946192256821674,0
8727,0.0690080727570505,0
8728,0.0799740495875523,0
8729,0.007687250197039316,0
8730,0.08035119249146229,0
8731,0.025855890051305515,0
8732,0.09713447685518904,0
8733,0.037279938239949115,0
8734,0.006725873888849768,0
8735,0.04444968587993602,0
8736,0.039554939376089525,0
8737,0.026448727178717837,0
8738,0.057534170839412,0
8739,0.09124161740848562,0
8740,0.039934592735475796,0
8741,0.0062810888829408105,0
8742,0.18036999099060183,1
8743,0.012756372819026144,0
8744,0.08516002192414093,0
8745,0.06092136959698501,0
8746,0.017933585888055197,0
8747,0.06241268887756215,0
8748,0.0059008342215113975,0
8749,0.0027621403588341236,0
8750,0.023654205744841686,0
8751,0.2117649133254088,1
8752,0.03728626019467931,0
8753,0.058914262028464136,0
8754,0.032976284896813673,0
8755,0.004372304037304886,0
8756,0.08211299990792854,0
8757,0.013611117880705948,0
8758,0.022302296672021733,0
8759,0.03854398878870662,0
8760,0.10213002266585021,0
8761,0.031132597958789303,0
8762,0.037902720478796545,0
8763,0.12277270997708464,0
8764,0.006234193098865104,0
8765,0.12628724836253968,0
8766,0.0034222692569790382,0
8767,0.011013138630790105,0
8768,0.026199653110983902,0
8769,0.07675875466136993,0
8770,0.1351137287122413,0
8771,0.03250831970685135,0
8772,0.03932725270472335,0
8773,0.05066206860133181,0
8774,0.04275150841164341,0
8775,0.14551293052041991,0
8776,0.03882415008920012,0
8777,0.03349027847236972,0
8778,0.013202497706304233,0
8779,0.09529707399220574,0
8780,0.07388632669598992,0
8781,0.0479289506059248,0
8782,0.13898451220223554,0
8783,0.10688146737956557,0
8784,0.003088928122236808,0
8785,0.06122986370143653,0
8786,0.07915226914572618,0
8787,0.16087821957706325,0
8788,0.0350440939091724,0
8789,0.015595420343492735,0
8790,0.17283088105702668,1
8791,0.21310187172661527,1
8792,0.03253595171772639,0
8793,0.15616403855566136,0
8794,0.057768969276857894,0
8795,0.11367899533793631,0
8796,0.0240142090961832,0
8797,0.0099928328846989,0
8798,0.30663339797218725,1
8799,0.09498426781121853,0
8800,0.009649666410831256,0
8801,0.13632811812494341,0
8802,0.032326198204193766,0
8803,0.014988963940920938,0
8804,0.006215292783160908,0
8805,0.05631011769399467,0
8806,0.006516735396685691,0
8807,0.044522815915410054,0
8808,0.054149510473921705,0
8809,0.011989776801825868,0
8810,0.051873252255981724,0
8811,0.10241923885146412,0
8812,0.02240441026245201,0
8813,0.10055742077212984,0
8814,0.015378154019383162,0
8815,0.030316037691521188,0
8816,0.04010990035269078,0
8817,0.036855975938618335,0
8818,0.21391280044505023,1
8819,0.0399850451191639,0
8820,0.1482438242675551,0
8821,0.016224688707433484,0
8822,0.11117214323049181,0
8823,0.03707824948681773,0
8824,0.005358805696381896,0
8825,0.047757526724079354,0
8826,0.022834162789511996,0
8827,0.05106448286457307,0
8828,0.1644669074590683,0
8829,0.016526290750622456,0
8830,0.14955061746049686,0
8831,0.04160961756344737,0
8832,0.020157347163563412,0
8833,0.20945309993339387,1
8834,0.05312352624690656,0
8835,0.11605444831821772,0
8836,0.18147084576174907,1
8837,0.043537590012272954,0
8838,0.087885178362045,0
8839,0.011335745671509983,0
8840,0.010371805240802634,0
8841,0.011984630738519342,0
8842,0.17983101100003798,1
8843,0.047871442528742134,0
8844,0.19073461676488193,1
8845,0.05617680049549475,0
8846,0.02260890339969547,0
8847,0.04094811889638683,0
8848,0.08352653939719798,0
8849,0.029954756514519287,0
8850,0.0035220775485716336,0
8851,0.0709472909225716,0
8852,0.019301718170580847,0
8853,0.017018846116085715,0
8854,0.013069254464833424,0
8855,0.02084624057541189,0
8856,0.023547146395625183,0
8857,0.1330369583205285,0
8858,0.0017092546812564964,0
8859,0.006481263195508317,0
8860,0.03413103949182776,0
8861,0.07914814874747264,0
8862,0.006464155926913495,0
8863,0.004497522193164054,0
8864,0.12221668105219337,0
8865,0.021422918021361308,0
8866,0.04924366360491585,0
8867,0.09314760965975817,0
8868,0.07671734618561059,0
8869,0.007455519591357285,0
8870,0.036342401488966704,0
8871,0.013406340952763532,0
8872,0.06026988619565656,0
8873,0.10020676317293452,0
8874,0.08171238650724048,0
8875,0.004609429960680685,0
8876,0.00927665161136657,0
8877,0.02303480866890779,0
8878,0.14318229529717938,0
8879,0.13691994963668877,0
8880,0.013470022327690685,0
8881,0.07725001809516213,0
8882,0.10591335264530644,0
8883,0.023718515675256655,0
8884,0.02691120005092098,0
8885,0.150320602082716,0
8886,0.14240648801850647,0
8887,0.12868797823999564,0
8888,0.28154455321096705,1
8889,0.04284940861747304,0
8890,0.10802229394188742,0
8891,0.024621709824592147,0
8892,0.01551393553094748,0
8893,0.06129066730691899,0
8894,0.015239411809406007,0
8895,0.02082705948736343,0
8896,0.020891113504668768,0
8897,0.12954601944110136,0
8898,0.02737471636744267,0
8899,0.030513945238616835,0
8900,0.15354982125150982,0
8901,0.06710927633133826,0
8902,0.10926316013722157,0
8903,0.07087023902875456,0
8904,0.024275018124837143,0
8905,0.03509431008077225,0
8906,0.22246590434947494,1
8907,0.00907276164203333,0
8908,0.05239067565162201,0
8909,0.054787586281902584,0
8910,0.05570128429329333,0
8911,0.007127663626910145,0
8912,0.0928247760190299,0
8913,0.14531163522021862,0
8914,0.04609048129265595,0
8915,0.00823682278237856,0
8916,0.12034687168804585,0
8917,0.005779686451292358,0
8918,0.06012470587977602,0
8919,0.045987971855985625,0
8920,0.006248359123410189,0
8921,0.020145752934288018,0
8922,0.05521765714640749,0
8923,0.06321652658643123,0
8924,0.07242451233172588,0
8925,0.07767030283792149,0
8926,0.008222327452556584,0
8927,0.007014131231250031,0
8928,0.13706321594438464,0
8929,0.015213743256869965,0
8930,0.008251844574920349,0
8931,0.007814737748383031,0
8932,0.056464152887024395,0
8933,0.13719506572241105,0
8934,0.028788509360900737,0
8935,0.02911931715642114,0
8936,0.12543321823754283,0
8937,0.05981699596764359,0
8938,0.03561719343995844,0
8939,0.09875681542098481,0
8940,0.034565440119070145,0
8941,0.06912584796593908,0
8942,0.10080081066150456,0
8943,0.04325182842645691,0
8944,0.04288415034911712,0
8945,0.04765663372156728,0
8946,0.009795874548033212,0
8947,0.017373654050082614,0
8948,0.009383974543702418,0
8949,0.06727794235921511,0
8950,0.12016620563746529,0
8951,0.03645455427114583,0
8952,0.1161945389272525,0
8953,0.04437217013325602,0
8954,0.2594365964106437,1
8955,0.05960575371216162,0
8956,0.041310435341519486,0
8957,0.03855743777528396,0
8958,0.055453410672961854,0
8959,0.006947625907249651,0
8960,0.02784034481708808,0
8961,0.021059438339863273,0
8962,0.048322641961447275,0
8963,0.06254994956102451,0
8964,0.02704338365843182,0
8965,0.0996484181038186,0
8966,0.037814475302016544,0
8967,0.07226335621755137,0
8968,0.0064367907975930285,0
8969,0.0878484126541547,0
8970,0.010429178724183993,0
8971,0.02489749864479025,0
8972,0.04384904099362241,0
8973,0.12388708250035357,0
8974,0.09129339055913238,0
8975,0.0312054674004501,0
8976,0.05528467558068255,0
8977,0.16798528547449842,0
8978,0.11284536034474968,0
8979,0.209953862693325,1
8980,0.13868917304506084,0
8981,0.08024381173105116,0
8982,0.17614736610971493,1
8983,0.06410207746049387,0
8984,0.1448062209572342,0
8985,0.02958089978854388,0
8986,0.13621349263833796,0
8987,0.08759672283408301,0
8988,0.14488427571020168,0
8989,0.21913262061001254,1
8990,0.12936081035037458,0
8991,0.11267302108915095,0
8992,0.026020133365737528,0
8993,0.019537867358716307,0
8994,0.06307797591773204,0
8995,0.010438839696873817,0
8996,0.04103175250676147,0
8997,0.02411849692095567,0
8998,0.08087224867042542,0
8999,0.14896297816631335,0
9000,0.0720002025573036,0
9001,0.06286875632960658,0
9002,0.044266708874492515,0
9003,0.02484691682127498,0
9004,0.10523267391959273,0
9005,0.10458300474164833,0
9006,0.025017121278594494,0
9007,0.03657977735178612,0
9008,0.19180459268068673,1
9009,0.10865319692074467,0
9010,0.014059395732582991,0
9011,0.02390345965464272,0
9012,0.05431514305422253,0
9013,0.00829972319113154,0
9014,0.03057166631148979,0
9015,0.01679805864955927,0
9016,0.0645908880525431,0
9017,0.08582662659049607,0
9018,0.01661296143987722,0
9019,0.030553398791052618,0
9020,0.027091044090323355,0
9021,0.010673410915775065,0
9022,0.04914469774642094,0
9023,0.14580007209607027,0
9024,0.07202894070175675,0
9025,0.002341019773210706,0
9026,0.05756281579594965,0
9027,0.10985265999353906,0
9028,0.09906058311587905,0
9029,0.10180187074181586,0
9030,0.012968743621723873,0
9031,0.04581918703574172,0
9032,0.042852151942995034,0
9033,0.01875258498639872,0
9034,0.13621890777093043,0
9035,0.1895479254284507,1
9036,0.012114675648325987,0
9037,0.03099480466644462,0
9038,0.048660055826387986,0
9039,0.08453144552199446,0
9040,0.0900577817973795,0
9041,0.04324975346956876,0
9042,0.04392925074683653,0
9043,0.06173032853084864,0
9044,0.053323823487517824,0
9045,0.10004760000865047,0
9046,0.04839846754617082,0
9047,0.06916077827094001,0
9048,0.013056002674266617,0
9049,0.0657016557062258,0
9050,0.0057444966133774885,0
9051,0.012474771666479034,0
9052,0.13350549251742377,0
9053,0.014654300357228634,0
9054,0.11331948612628304,0
9055,0.11396490989107297,0
9056,0.005106725369644694,0
9057,0.06024668346942927,0
9058,0.08761928094799173,0
9059,0.0076616034992349775,0
9060,0.026438102330655674,0
9061,0.0415100824119635,0
9062,0.008504833283011675,0
9063,0.058454643492382274,0
9064,0.04069847663545709,0
9065,0.013435757644035987,0
9066,0.07873103875417349,0
9067,0.026560111224930332,0
9068,0.23151749079077355,1
9069,0.020077425672418443,0
9070,0.046873051004964486,0
9071,0.011518288888321042,0
9072,0.09519083105261189,0
9073,0.06966836208326477,0
9074,0.008889657234193948,0
9075,0.021371821595162658,0
9076,0.027933100115359655,0
9077,0.040870068264547234,0
9078,0.05321844516564912,0
9079,0.05039210247923208,0
9080,0.024657265919270407,0
9081,0.10034719143184591,0
9082,0.029941184231104073,0
9083,0.08367588625272765,0
9084,0.00556572450206115,0
9085,0.06532170104827299,0
9086,0.024785101084605448,0
9087,0.04930394497371317,0
9088,0.12359465452525008,0
9089,0.18024756318534696,1
9090,0.04115657342334132,0
9091,0.017256096335066914,0
9092,0.05004463651045083,0
9093,0.11066971698196344,0
9094,0.09707364649258225,0
9095,0.014835533954128725,0
9096,0.10681800076616497,0
9097,0.009569157755359041,0
9098,0.019284277155245506,0
9099,0.13184111461424972,0
9100,0.004459869412928819,0
9101,0.1235014742052015,0
9102,0.030830261757456283,0
9103,0.22930310286500094,1
9104,0.1122025357318865,0
9105,0.009516943733054872,0
9106,0.023722833820551553,0
9107,0.03624684655040021,0
9108,0.012181450948911854,0
9109,0.06725709922546251,0
9110,0.053952981182863416,0
9111,0.014360205455304965,0
9112,0.034161594157768996,0
9113,0.09505703482606936,0
9114,0.007932297765885525,0
9115,0.10132901842974311,0
9116,0.19984900579624648,1
9117,0.021363165512906884,0
9118,0.12122942270027438,0
9119,0.24613341686841356,1
9120,0.007149392747569109,0
9121,0.012046864413907033,0
9122,0.08732408796105524,0
9123,0.059162526062438096,0
9124,0.07204592546473013,0
9125,0.020303589800523564,0
9126,0.1312199551253062,0
9127,0.1958138195933168,1
9128,0.007819752153127846,0
9129,0.03787513053382661,0
9130,0.038663638023415624,0
9131,0.020211032167756274,0
9132,0.014689625184448695,0
9133,0.0922267214635975,0
9134,0.1098712958337756,0
9135,0.023954445961383488,0
9136,0.1487279738896624,0
9137,0.12718507660082592,0
9138,0.12003728751821843,0
9139,0.10816427584207094,0
9140,0.005477865963744496,0
9141,0.163621791755495,0
9142,0.016125061672976965,0
9143,0.024039894504009354,0
9144,0.017612936984501896,0
9145,0.05546503230097988,0
9146,0.049485246646948214,0
9147,0.11471025742786506,0
9148,0.07341891141801936,0
9149,0.0373313039793493,0
9150,0.01973459739621491,0
9151,0.22721105086719626,1
9152,0.05172810731885344,0
9153,0.07054853659948866,0
9154,0.19963292396727284,1
9155,0.03345301232504796,0
9156,0.060649506948545547,0
9157,0.023655227342601576,0
9158,0.03044545751876476,0
9159,0.013599823148759937,0
9160,0.01089910052964409,0
9161,0.1479983557203407,0
9162,0.05639942715336497,0
9163,0.04558469581241003,0
9164,0.042054509506414796,0
9165,0.03792777805103424,0
9166,0.028135248457222366,0
9167,0.1376164461833947,0
9168,0.022537224971238896,0
9169,0.03966655907428746,0
9170,0.08884194975486177,0
9171,0.02170915695114788,0
9172,0.21463417228870577,1
9173,0.010993603520632767,0
9174,0.007681372826081826,0
9175,0.13107612789646692,0
9176,0.03640022417694998,0
9177,0.07687706821438121,0
9178,0.0030702626753798274,0
9179,0.02849809115902621,0
9180,0.0212622001444178,0
9181,0.020807975211816425,0
9182,0.008403283901717651,0
9183,0.01768675783965361,0
9184,0.011660348908393226,0
9185,0.11237294413368974,0
9186,0.013476828914272784,0
9187,0.08442551026987694,0
9188,0.06630772596838146,0
9189,0.09585292391706483,0
9190,0.04627457969126137,0
9191,0.03296290624752312,0
9192,0.04741732475489904,0
9193,0.08032112062188325,0
9194,0.05224350841195312,0
9195,0.07449159054165497,0
9196,0.04784399656997504,0
9197,0.0827808351143586,0
9198,0.11884506404634107,0
9199,0.005553011776241131,0
9200,0.016662338429477553,0
9201,0.051590837965737685,0
9202,0.01622900961067051,0
9203,0.15554069612059437,0
9204,0.045169576708596275,0
9205,0.005628876230359673,0
9206,0.023717178471159107,0
9207,0.04826929795420251,0
9208,0.05721328364689745,0
9209,0.10278153914542111,0
9210,0.19679357895924735,1
9211,0.058579623048453364,0
9212,0.0965890988815354,0
9213,0.186352315151261,1
9214,0.032582451296362835,0
9215,0.20745971075410666,1
9216,0.1438154554608239,0
9217,0.0321842850801388,0
9218,0.040635013365376865,0
9219,0.052453247859433685,0
9220,0.1525274334219925,0
9221,0.0038850625041101667,0
9222,0.01876261160393468,0
9223,0.005165057614416479,0
9224,0.014966442165891514,0
9225,0.11483097340426521,0
9226,0.0923115715169889,0
9227,0.07874093699393685,0
9228,0.06484120504134706,0
9229,0.01289902933246913,0
9230,0.0056463654714652345,0
9231,0.17701495572622433,1
9232,0.12940182353311375,0
9233,0.06422702671368721,0
9234,0.0595904050263496,0
9235,0.012275848919452725,0
9236,0.032979545288184885,0
9237,0.08079182232025668,0
9238,0.13742772578132983,0
9239,0.10296049882951706,0
9240,0.047681768624554574,0
9241,0.052711710901553466,0
9242,0.146503032135052,0
9243,0.0408852353290565,0
9244,0.04357498844241401,0
9245,0.09332693197427512,0
9246,0.06356960509896194,0
9247,0.07647791921763862,0
9248,0.07966554407058338,0
9249,0.03510194906933203,0
9250,0.16978245273400458,0
9251,0.017554454277973596,0
9252,0.052650791190270545,0
9253,0.05085594374694164,0
9254,0.035609986120906975,0
9255,0.12789153318258958,0
9256,0.12894632005178927,0
9257,0.03454115339826742,0
9258,0.003951685464305362,0
9259,0.12161417284949678,0
9260,0.029870508904300756,0
9261,0.05459361537086725,0
9262,0.015278583020195106,0
9263,0.22357638622740295,1
9264,0.08070710359246286,0
9265,0.0034585822009999784,0
9266,0.05686928832768157,0
9267,0.015335844736686558,0
9268,0.09834849002871428,0
9269,0.005744431520005914,0
9270,0.02367238569128314,0
9271,0.016833162636266087,0
9272,0.008182194226432774,0
9273,0.07424321219069793,0
9274,0.0456496030866366,0
9275,0.04180489442003951,0
9276,0.08091988972360802,0
9277,0.006540117743035622,0
9278,0.12849122581321792,0
9279,0.15505336431492026,0
9280,0.16754705210618462,0
9281,0.09640278668654051,0
9282,0.056657385558369217,0
9283,0.07672821669931659,0
9284,0.0010068311657433235,0
9285,0.012814493203755103,0
9286,0.018365861349794527,0
9287,0.15713991079224138,0
9288,0.03353492957589372,0
9289,0.13832767268615628,0
9290,0.02137514180906306,0
9291,0.06557940392480294,0
9292,0.07049274173497583,0
9293,0.05946829979973025,0
9294,0.1246813744776067,0
9295,0.061618901576336614,0
9296,0.022829342427625205,0
9297,0.05805340022002962,0
9298,0.007853006851488754,0
9299,0.02950977962048958,0
9300,0.03498581002088603,0
9301,0.10598460917716487,0
9302,0.021765820740213146,0
9303,0.1547110424662957,0
9304,0.010675684635895936,0
9305,0.10574656450933399,0
9306,0.07101168440604098,0
9307,0.02871043692967122,0
9308,0.17961612616985748,1
9309,0.04927779792036827,0
9310,0.10545764824965659,0
9311,0.10700317396810337,0
9312,0.06683901088340001,0
9313,0.1443157958456919,0
9314,0.05357260319464595,0
9315,0.05890333671953222,0
9316,0.10117808439143466,0
9317,0.1254682337454248,0
9318,0.10434479327386752,0
9319,0.1932878749293213,1
9320,0.022854073171913205,0
9321,0.1512429633197438,0
9322,0.0019271752828452875,0
9323,0.04059490758250468,0
9324,0.13390266899504438,0
9325,0.07273508292756213,0
9326,0.0390110024964655,0
9327,0.08249834301275057,0
9328,0.0839372329664516,0
9329,0.16478267370873306,0
9330,0.0038349391263982663,0
9331,0.0655331813411759,0
9332,0.13771567762517495,0
9333,0.08575781290685527,0
9334,0.004055663514831139,0
9335,0.011293314240164361,0
9336,0.052013601059852484,0
9337,0.05182384937001016,0
9338,0.00825617439057668,0
9339,0.11806224773867233,0
9340,0.02718033271291343,0
9341,0.03542615753919945,0
9342,0.009408324393122352,0
9343,0.09143434347226158,0
9344,0.04098309048872008,0
9345,0.11882675145142932,0
9346,0.0024260118669921543,0
9347,0.0025856523713574386,0
9348,0.08216823183797356,0
9349,0.021059286816186948,0
9350,0.1509364796677693,0
9351,0.020826102010086906,0
9352,0.07571125044132487,0
9353,0.07209640946878675,0
9354,0.1583217115574635,0
9355,0.08876145211567993,0
9356,0.0014705851203508536,0
9357,0.17509142708818742,1
9358,0.09267262645232828,0
9359,0.10121606394436869,0
9360,0.013240126187089267,0
9361,0.028119908458012443,0
9362,0.05406425103888769,0
9363,0.08733146994062656,0
9364,0.022366182294768715,0
9365,0.03706837176651569,0
9366,0.011513506039271962,0
9367,0.012903328309965404,0
9368,0.04779741796550869,0
9369,0.050773155879397354,0
9370,0.04865018468055993,0
9371,0.11689094204589136,0
9372,0.04441231538283516,0
9373,0.026788895300957145,0
9374,0.013645468361212646,0
9375,0.014117499732255031,0
9376,0.06689929567515988,0
9377,0.028322725465313597,0
9378,0.05389523805365386,0
9379,0.18396317251236044,1
9380,0.08243038297991359,0
9381,0.12748983755320775,0
9382,0.03729327998429017,0
9383,0.015607217765358812,0
9384,0.027086726158735235,0
9385,0.03628091612459645,0
9386,0.14691207199257422,0
9387,0.10869480492374395,0
9388,0.0549023462780772,0
9389,0.011952457914374848,0
9390,0.13802532637055437,0
9391,0.10330105675448757,0
9392,0.10517342053996438,0
9393,0.01720473528262664,0
9394,0.10901701380658636,0
9395,0.09455610923870847,0
9396,0.015968805760937857,0
9397,0.005307712537179455,0
9398,0.030722446591983532,0
9399,0.06232395412191016,0
9400,0.013211336932135727,0
9401,0.021718340386628225,0
9402,0.003034022490031685,0
9403,0.16632843620193558,0
9404,0.015059771464211943,0
9405,0.04499195230274374,0
9406,0.050399233737340975,0
9407,0.004473187098099829,0
9408,0.04533195976560083,0
9409,0.10224778073891283,0
9410,0.1579237348533017,0
9411,0.03455125925684366,0
9412,0.01973654064622857,0
9413,0.02611893791555331,0
9414,0.03474431584122617,0
9415,0.060500195928149404,0
9416,0.08435173430336738,0
9417,0.17899203855718854,1
9418,0.2229528716456926,1
9419,0.06572091715103709,0
9420,0.008830315507285923,0
9421,0.027187166637219286,0
9422,0.16872947052779444,0
9423,0.005102111303240068,0
9424,0.06436390832361957,0
9425,0.07555898038887818,0
9426,0.08532514164522158,0
9427,0.06536834538518074,0
9428,0.09038873208826353,0
9429,0.18793767880737447,1
9430,0.09391370081117037,0
9431,0.13694999408320035,0
9432,0.018393836889888857,0
9433,0.018049704330068524,0
9434,0.05679095879406689,0
9435,0.2536024152550134,1
9436,0.009699620099918583,0
9437,0.07049048562421983,0
9438,0.12445345631949228,0
9439,0.04622966053650428,0
9440,0.2445248131591927,1
9441,0.040735855356330015,0
9442,0.01038754602550575,0
9443,0.04580533276560946,0
9444,0.1378190890301418,0
9445,0.10683236163069407,0
9446,0.17211319079711487,1
9447,0.005332163612440036,0
9448,0.08152332578216813,0
9449,0.03589385287469758,0
9450,0.13441295291312266,0
9451,0.010870677471401009,0
9452,0.015145791199307835,0
9453,0.05804819581670991,0
9454,0.007694377659782973,0
9455,0.029516144601619502,0
9456,0.12839979667592008,0
9457,0.20350541923119028,1
9458,0.023437219365210853,0
9459,0.08823736175380051,0
9460,0.0876176761908705,0
9461,0.10305364762462217,0
9462,0.05520916675671935,0
9463,0.01409613844975408,0
9464,0.017435531141079985,0
9465,0.06356841039413455,0
9466,0.13990477316258856,0
9467,0.04631288477289986,0
9468,0.010411914341172042,0
9469,0.004642902621120622,0
9470,0.013664882118695255,0
9471,0.12173841989960707,0
9472,0.0425500893231104,0
9473,0.02317495363613446,0
9474,0.006651259980395382,0
9475,0.005094048910773623,0
9476,0.050177564658205616,0
9477,0.0462828103327886,0
9478,0.042987878455564475,0
9479,0.009108803586804977,0
9480,0.09033729182563906,0
9481,0.07512659805635925,0
9482,0.04615498598577953,0
9483,0.0313343666326111,0
9484,0.15701902818585764,0
9485,0.05951127704019232,0
9486,0.08474051745048777,0
9487,0.22883110990105954,1
9488,0.06736152038416199,0
9489,0.06615022461044667,0
9490,0.14730312939600762,0
9491,0.007986287446191861,0
9492,0.07527367416924184,0
9493,0.005377216192598811,0
9494,0.10066749829496696,0
9495,0.008917874909846857,0
9496,0.013822310343665456,0
9497,0.06967398685251819,0
9498,0.048677906661578924,0
9499,0.05249227486500931,0
9500,0.12199702311491745,0
9501,0.007829085471911516,0
9502,0.05279201378188667,0
9503,0.14858850995586645,0
9504,0.04779920245634237,0
9505,0.21855003599056372,1
9506,0.0023070719076450307,0
9507,0.17724818949882498,1
9508,0.017930915869735085,0
9509,0.028373157713866302,0
9510,0.14037344008749494,0
9511,0.008878255697464603,0
9512,0.06639462993132052,0
9513,0.10408707397865627,0
9514,0.10414169825016632,0
9515,0.02819724700116899,0
9516,0.1840598245055141,1
9517,0.009135748369661193,0
9518,0.073441804844499,0
9519,0.05309078623025225,0
9520,0.03387958793190337,0
9521,0.09116249553754141,0
9522,0.012747102586577793,0
9523,0.009006179858354339,0
9524,0.016448251406704185,0
9525,0.08639803711069723,0
9526,0.053227049774416973,0
9527,0.1321666060031572,0
9528,0.014085553219717753,0
9529,0.09848417490032933,0
9530,0.12777872591887127,0
9531,0.004858621056892165,0
9532,0.04338617631729935,0
9533,0.06724948609784898,0
9534,0.02083191461224249,0
9535,0.09152865019182997,0
9536,0.010102092368643893,0
9537,0.029845450422986357,0
9538,0.05677391878623792,0
9539,0.01992370077534685,0
9540,0.08619166142288247,0
9541,0.04269683432145968,0
9542,0.06096288893689195,0
9543,0.01582414652302103,0
9544,0.0034992812943041834,0
9545,0.015814813118026644,0
9546,0.05987526825253611,0
9547,0.13031796883594599,0
9548,0.06030448483569047,0
9549,0.03644573007437692,0
9550,0.013545178131043856,0
9551,0.02145045593670867,0
9552,0.011116224044060149,0
9553,0.06471640522154855,0
9554,0.005727191563280402,0
9555,0.12240946594275073,0
9556,0.04321742418017583,0
9557,0.015548359331411566,0
9558,0.04349956593538003,0
9559,0.04572529287966476,0
9560,0.11536629290076834,0
9561,0.02343407721402136,0
9562,0.08274654852729132,0
9563,0.04591420962144513,0
9564,0.13312898424101985,0
9565,0.09389681583208802,0
9566,0.031964576234899414,0
9567,0.001111908191623745,0
9568,0.011482856305466223,0
9569,0.09257550376149618,0
9570,0.05421433867548128,0
9571,0.006422438801523845,0
9572,0.12255635850639261,0
9573,0.11489951026432026,0
9574,0.06876937307938619,0
9575,0.17244500428628767,1
9576,0.019600946288844835,0
9577,0.026362146020364744,0
9578,0.04671924549222572,0
9579,0.10391351003865826,0
9580,0.01574194884223049,0
9581,0.008859792152111405,0
9582,0.07430994680736618,0
9583,0.01732282667801725,0
9584,0.03210108989959563,0
9585,0.08576405261204208,0
9586,0.045017040523886304,0
9587,0.11225732898348895,0
9588,0.15957238176818547,0
9589,0.030076092827825935,0
9590,0.028250005623958355,0
9591,0.022161884939413276,0
9592,0.028973731439014678,0
9593,0.015108426089312177,0
9594,0.01989010415576691,0
9595,0.19850183289363568,1
9596,0.0879364605852571,0
9597,0.014210618929321924,0
9598,0.10532382272736814,0
9599,0.01659811403481865,0
9600,0.004391064240701103,0
9601,0.10949949563000701,0
9602,0.08201218862511776,0
9603,0.0262847607607733,0
9604,0.18411309158705477,1
9605,0.07008448343564545,0
9606,0.027629878273623346,0
9607,0.07883801203174436,0
9608,0.024625335995075437,0
9609,0.018847809796077676,0
9610,0.045104460351698725,0
9611,0.09758512220325814,0
9612,0.0446154237173192,0
9613,0.03285589801740343,0
9614,0.008399999071190274,0
9615,0.042512434467669495,0
9616,0.08194339985969222,0
9617,0.009518116905658196,0
9618,0.06345983010084473,0
9619,0.0036758384470393,0
9620,0.05136129564346787,0
9621,0.09491979508001819,0
9622,0.02030849223702181,0
9623,0.03951719830433409,0
9624,0.06168311276697761,0
9625,0.04293229677401013,0
9626,0.07480611411374062,0
9627,0.13038330576318283,0
9628,0.12884426604502208,0
9629,0.1815266406554617,1
9630,0.1275312247035262,0
9631,0.068343810227462,0
9632,0.10914554590238239,0
9633,0.022715181119205615,0
9634,0.010474812580872609,0
9635,0.1751573072748622,1
9636,0.08924120795633587,0
9637,0.016837323230001835,0
9638,0.17411404083241566,1
9639,0.113220087335304,0
9640,0.12474624748704694,0
9641,0.025861198450762304,0
9642,0.0457501296375473,0
9643,0.03395891760734102,0
9644,0.009083328424535816,0
9645,0.056473286145401216,0
9646,0.017836733511108194,0
9647,0.23247857483241766,1
9648,0.07552910845934241,0
9649,0.017248447843425756,0
9650,0.025990343655802394,0
9651,0.062082208974153376,0
9652,0.036253195625535466,0
9653,0.17074019591256945,1
9654,0.07867872851560768,0
9655,0.006702051317400685,0
9656,0.14998043263956126,0
9657,0.02827723581328688,0
9658,0.038711019331401114,0
9659,0.050346591901876465,0
9660,0.010100286020435563,0
9661,0.007465180572168673,0
9662,0.010921003314745421,0
9663,0.1679934417204732,0
9664,0.08602571080592322,0
9665,0.1374853367315182,0
9666,0.009374665257624367,0
9667,0.12071305114665593,0
9668,0.12347961410954594,0
9669,0.034689371290416195,0
9670,0.03923369576677163,0
9671,0.022458588922156707,0
9672,0.03788355968521825,0
9673,0.09375403348744318,0
9674,0.0811883495270623,0
9675,0.11498527193725468,0
9676,0.009982627054721017,0
9677,0.16383003697010656,0
9678,0.020151576122420377,0
9679,0.025638099993193813,0
9680,0.030513221116311176,0
9681,0.18523136573171547,1
9682,0.023675687456032893,0
9683,0.010796848782807622,0
9684,0.05756005918945521,0
9685,0.1676746905572874,0
9686,0.011491387648334203,0
9687,0.006448798608392448,0
9688,0.0708862785254499,0
9689,0.0053253739607703665,0
9690,0.017263983138834947,0
9691,0.05520101657900671,0
9692,0.0030508777875052277,0
9693,0.10399001250778203,0
9694,0.027189001580053128,0
9695,0.010448082151002125,0
9696,0.013310935814758063,0
9697,0.053970191526059426,0
9698,0.026686743585951505,0
9699,0.02669039717365344,0
9700,0.09188507898754933,0
9701,0.04133627560553026,0
9702,0.011738507180608796,0
9703,0.012386331247779481,0
9704,0.03282969538511039,0
9705,0.08212111714373277,0
9706,0.042259767398228204,0
9707,0.06017497607653699,0
9708,0.044882672159883716,0
9709,0.17529453808661574,1
9710,0.03280343320181214,0
9711,0.010153537209182965,0
9712,0.07743204686344707,0
9713,0.15869241426072472,0
9714,0.05877405494482432,0
9715,0.08325035074202143,0
9716,0.006122449795572556,0
9717,0.09490911320036632,0
9718,0.08877072261199989,0
9719,0.03916670089535599,0
9720,0.20712618344736775,1
9721,0.08806094248992098,0
9722,0.028286216462675862,0
9723,0.05788491289730644,0
9724,0.061054320283396336,0
9725,0.007458868344643288,0
9726,0.007864913399275442,0
9727,0.007088316706006359,0
9728,0.01788328128193511,0
9729,0.14432703216293322,0
9730,0.01907327848047152,0
9731,0.04411745425905508,0
9732,0.06583289181004282,0
9733,0.02350392449330839,0
9734,0.0035922703326568255,0
9735,0.07352225785507317,0
9736,0.04513956357502049,0
9737,0.01602897040652013,0
9738,0.08676867655113864,0
9739,0.06017774924641199,0
9740,0.016597267807027336,0
9741,0.016871217467912217,0
9742,0.2313078252285164,1
9743,0.06289787798885021,0
9744,0.006594148912094407,0
9745,0.11219520557500777,0
9746,0.05174016878397624,0
9747,0.047442895058400755,0
9748,0.07691076271060533,0
9749,0.11539697350979831,0
9750,0.010581384161300396,0
9751,0.06022776121995874,0
9752,0.02558651412943339,0
9753,0.013946387177149704,0
9754,0.003686102538539249,0
9755,0.1030116087271614,0
9756,0.1864054750640064,1
9757,0.06386848259148678,0
9758,0.01105269008136845,0
9759,0.07920603337399769,0
9760,0.08989323365156272,0
9761,0.07554208259238136,0
9762,0.03219227262512514,0
9763,0.17829944362330385,1
9764,0.03940224180451609,0
9765,0.008863381746662465,0
9766,0.044858478840538715,0
9767,0.032448803360348756,0
9768,0.1381882888146683,0
9769,0.102966152587022,0
9770,0.1088071605095906,0
9771,0.06617440235624708,0
9772,0.11745403289062084,0
9773,0.02811641816688586,0
9774,0.03345076932875811,0
9775,0.00854866161326746,0
9776,0.024269364697777497,0
9777,0.1332422193530876,0
9778,0.07158638333580854,0
9779,0.13281965817899016,0
9780,0.006787195343231452,0
9781,0.03994651654212396,0
9782,0.006895887244161014,0
9783,0.012721076984279172,0
9784,0.01974317537266202,0
9785,0.0717563179010794,0
9786,0.08053511094925868,0
9787,0.08521479872682172,0
9788,0.11648421343267851,0
9789,0.05229261973711722,0
9790,0.1293209220984662,0
9791,0.02309914606920728,0
9792,0.028480838107240832,0
9793,0.1413957850701623,0
9794,0.05190506846233576,0
9795,0.08207013831548794,0
9796,0.006820657608080646,0
9797,0.012551713463844701,0
9798,0.04672770100017613,0
9799,0.10324472678322646,0
9800,0.004149402012775531,0
9801,0.03531721431852109,0
9802,0.03285596540526281,0
9803,0.1470737352070236,0
9804,0.10819527396838385,0
9805,0.02332486724664551,0
9806,0.007553061797534011,0
9807,0.04346051638511365,0
9808,0.10264361908319013,0
9809,0.01691042916155543,0
9810,0.0708897985739493,0
9811,0.024543218347680206,0
9812,0.18948012379362833,1
9813,0.011208732232148888,0
9814,0.04922226276750576,0
9815,0.08047854868327248,0
9816,0.17434342221133692,1
9817,0.004914355684241759,0
9818,0.044286240772065805,0
9819,0.010570486350901631,0
9820,0.01604726114112285,0
9821,0.02141210161187744,0
9822,0.1305764747238608,0
9823,0.011961329447198625,0
9824,0.004680080159846437,0
9825,0.17491377537534902,1
9826,0.13567024735169234,0
9827,0.03106817120619326,0
9828,0.03677291531497494,0
9829,0.03655429460639937,0
9830,0.22710638451979903,1
9831,0.02571124894665205,0
9832,0.03166180367283157,0
9833,0.0514955008921878,0
9834,0.20226897445923203,1
9835,0.06997001245546713,0
9836,0.08442209677254002,0
9837,0.0859972022022703,0
9838,0.015162868036778531,0
9839,0.007203471771482743,0
9840,0.13476134896697284,0
9841,0.06957532303028309,0
9842,0.08937504959297522,0
9843,0.10372106805641185,0
9844,0.146541460303052,0
9845,0.10623140136552699,0
9846,0.16616008164548052,0
9847,0.0478182073150187,0
9848,0.06818058178787655,0
9849,0.007638917040052462,0
9850,0.04690414494934269,0
9851,0.11392939218464057,0
9852,0.01115034126833967,0
9853,0.019660427993606625,0
9854,0.008503174963717086,0
9855,0.10705497403234246,0
9856,0.1443489327961728,0
9857,0.05267098713958425,0
9858,0.012534952797482698,0
9859,0.019569932963674173,0
9860,0.0818500808335352,0
9861,0.19809558370343225,1
9862,0.10765578384039408,0
9863,0.013103364544468884,0
9864,0.0047636341197211905,0
9865,0.06964357288513723,0
9866,0.10106741110836684,0
9867,0.01885091256371408,0
9868,0.06823333911706486,0
9869,0.04567082601053214,0
9870,0.027605501284189548,0
9871,0.11302577283618816,0
9872,0.004326569768365444,0
9873,0.029596625109922847,0
9874,0.01031621043696221,0
9875,0.0057661802019129665,0
9876,0.06796056414428862,0
9877,0.07727671686242808,0
9878,0.05204811878016189,0
9879,0.0056932170069040385,0
9880,0.027075987862291165,0
9881,0.07365121292198691,0
9882,0.22284123896947725,1
9883,0.0366586501895653,0
9884,0.027302285558459392,0
9885,0.2228122706114658,1
9886,0.008269469404549609,0
9887,0.0783759695138813,0
9888,0.09096900775734558,0
9889,0.016983284020894395,0
9890,0.13381880197941806,0
9891,0.02794094139706537,0
9892,0.06511005969078025,0
9893,0.043666312631218465,0
9894,0.11381820676183459,0
9895,0.05330750382069475,0
9896,0.09434819334414918,0
9897,0.11309078702097519,0
9898,0.2104131100004268,1
9899,0.006546608479812121,0
9900,0.035606984295801225,0
9901,0.14807049408366527,0
9902,0.026133197699933417,0
9903,0.013969235463406116,0
9904,0.06225867430415458,0
9905,0.029052364909881463,0
9906,0.2588401808339412,1
9907,0.011765146257965483,0
9908,0.040321732699997864,0
9909,0.06018591153851957,0
9910,0.030039191800343475,0
9911,0.1676323575629402,0
9912,0.04988005941596852,0
9913,0.10645568304076282,0
9914,0.09903388754527628,0
9915,0.008636161930667349,0
9916,0.11941992558605015,0
9917,0.09338557292026153,0
9918,0.07307413289847974,0
9919,0.06542793246455395,0
9920,0.07490698954376075,0
9921,0.004018572834210817,0
9922,0.09557683215653204,0
9923,0.009578252574874576,0
9924,0.003938277089524648,0
9925,0.07442981407102615,0
9926,0.003187849296360327,0
9927,0.23168320677910034,1
9928,0.05070048389598977,0
9929,0.0020516367452109163,0
9930,0.04138805550437152,0
9931,0.06761042996933066,0
9932,0.015854504342510043,0
9933,0.06303942257302451,0
9934,0.07708824498944056,0
9935,0.010843057974334106,0
9936,0.006728447348336116,0
9937,0.07039112821847524,0
9938,0.02486021826727886,0
9939,0.05033830386045265,0
9940,0.10235001482219183,0
9941,0.010661198312471165,0
9942,0.09819888738814311,0
9943,0.006985948001656446,0
9944,0.031310668370570664,0
9945,0.03223336339699065,0
9946,0.031410318454243066,0
9947,0.052405065086366574,0
9948,0.015513449623045898,0
9949,0.013416139344334855,0
9950,0.052938569682314335,0
9951,0.057128684106061665,0
9952,0.047959584737745746,0
9953,0.03424543756189223,0
9954,0.14043930848962335,0
9955,0.06796741160458589,0
9956,0.0483476210903482,0
9957,0.09986214665693757,0
9958,0.14574977498996064,0
9959,0.09128390172063335,0
9960,0.004519528018805893,0
9961,0.0148194021182484,0
9962,0.14384529856996242,0
9963,0.1423426314000184,0
9964,0.08687873452032896,0
9965,0.024257862735337463,0
9966,0.014897025794353598,0
9967,0.006978897975449253,0
9968,0.07526874327541196,0
9969,0.014068657363053886,0
9970,0.007431114708474877,0
9971,0.030930138706608278,0
9972,0.01859585407884802,0
9973,0.11373951245215679,0
9974,0.02174780159236247,0
9975,0.01699413809224528,0
9976,0.1254756380325347,0
9977,0.15901914908930995,0
9978,0.060993743903961145,0
9979,0.02577682700736376,0
9980,0.022945658605081496,0
9981,0.02330092797742135,0
9982,0.03235739662325613,0
9983,0.029250195534505665,0
9984,0.15114930849546832,0
9985,0.08628850889701356,0
9986,0.01714675055364574,0
9987,0.03934609979487801,0
9988,0.030702198894272014,0
9989,0.11896792270268118,0
9990,0.05228061091559066,0
9991,0.0727202138236658,0
9992,0.13487575252039574,0
9993,0.016206236838110066,0
9994,0.07612791983998432,0
9995,0.0013560277196655941,0
9996,0.00743077829549259,0
9997,0.050162442803837165,0
9998,0.06495468588588561,0
9999,0.028702287624702245,0
10000,0.002408890345508404,0
10001,0.009973894518396424,0
10002,0.007023574911260614,0
10003,0.03086915311644772,0
10004,0.09246690320443891,0
10005,0.03359839799410964,0
10006,0.06955490138253882,0
10007,0.04555499835436376,0
10008,0.03561766302138726,0
10009,0.04481958458437764,0
10010,0.028288932536153617,0
10011,0.025810128371708575,0
10012,0.08525853825811985,0
10013,0.07763895609645038,0
10014,0.04785539627494231,0
10015,0.08215902998659631,0
10016,0.04328712652105926,0
10017,0.064819653743574,0
10018,0.0629291706056708,0
10019,0.035504940055899194,0
10020,0.039756031689849404,0
10021,0.16650783968275468,0
10022,0.03473509529407441,0
10023,0.07619583189173978,0
10024,0.03375642663676907,0
10025,0.006872482459001309,0
10026,0.03404612938746986,0
10027,0.06837277943388415,0
10028,0.11348390509566088,0
10029,0.14251907854508283,0
10030,0.052280962370001766,0
10031,0.06736486492300912,0
10032,0.09839090979324713,0
10033,0.15108072678877235,0
10034,0.06425134121076828,0
10035,0.03381141078181442,0
10036,0.08799051409193762,0
10037,0.028995171745597594,0
10038,0.1375619807723437,0
10039,0.0654864387385643,0
10040,0.16334884389771293,0
10041,0.17275972145890342,1
10042,0.07327281961866577,0
10043,0.009523907205441835,0
10044,0.004018051744800966,0
10045,0.01338018310195966,0
10046,0.030832462869994273,0
10047,0.05046365719996833,0
10048,0.10888424484488812,0
10049,0.036679812626628346,0
10050,0.041076366582286986,0
10051,0.13445258504596116,0
10052,0.033795023603071836,0
10053,0.2545496858040615,1
10054,0.03066150970246825,0
10055,0.059431312114270975,0
10056,0.012919697493470527,0
10057,0.12113506128114822,0
10058,0.018872906490010003,0
10059,0.018290653608126227,0
10060,0.056152301063306445,0
10061,0.06687080287835041,0
10062,0.0920821956047882,0
10063,0.08318236036331202,0
10064,0.14245764285548793,0
10065,0.06869304360853729,0
10066,0.029176998507459775,0
10067,0.0907326560288006,0
10068,0.0483271628567923,0
10069,0.08507220143832275,0
10070,0.08514682560967078,0
10071,0.15581230382270483,0
10072,0.012991254238404519,0
10073,0.05412096945904964,0
10074,0.11533229317511327,0
10075,0.059056785888328946,0
10076,0.09912408983751914,0
10077,0.09633044048163518,0
10078,0.016997604349727444,0
10079,0.050173684240597115,0
10080,0.012818869796921373,0
10081,0.08162664952453724,0
10082,0.14621683874241917,0
10083,0.03333717858883228,0
10084,0.10482323379877491,0
10085,0.01882860693193451,0
10086,0.10350445235705431,0
10087,0.11269183529601291,0
10088,0.12932185344654157,0
10089,0.19943883676419488,1
10090,0.07969714488003392,0
10091,0.047704085373345764,0
10092,0.1169889588775659,0
10093,0.06572096974061353,0
10094,0.19850369308960764,1
10095,0.14440203983108088,0
10096,0.011453144893883004,0
10097,0.05914209778107385,0
10098,0.026916458266881042,0
10099,0.0620124073984878,0
10100,0.01785739809482565,0
10101,0.023977272810796594,0
10102,0.06446809980565128,0
10103,0.005080048496688979,0
10104,0.005621431556589318,0
10105,0.06001195468480581,0
10106,0.0049810701787470265,0
10107,0.012811199788542867,0
10108,0.014663471315590471,0
10109,0.0369954119211142,0
10110,0.0037946688850790888,0
10111,0.1174932974787583,0
10112,0.07851465834729825,0
10113,0.05992507357640323,0
10114,0.01980328194083978,0
10115,0.006001300630813841,0
10116,0.09707360263987562,0
10117,0.02268339729528054,0
10118,0.1552116289481745,0
10119,0.05462781576989643,0
10120,0.053892711063371436,0
10121,0.06809657737845042,0
10122,0.05337536458538747,0
10123,0.016815712839876373,0
10124,0.010863599190577954,0
10125,0.038015902115511056,0
10126,0.027346416409460443,0
10127,0.03128961492575352,0
10128,0.04722620519548718,0
10129,0.1756505810690225,1
10130,0.030638698203465882,0
10131,0.08518170168136013,0
10132,0.1275544907152922,0
10133,0.026260493676278023,0
10134,0.12843679205695788,0
10135,0.05878082965026466,0
10136,0.01434687135059376,0
10137,0.014627981239840052,0
10138,0.0756699426396676,0
10139,0.12341251693671298,0
10140,0.15215812013547178,0
10141,0.0023266621617668015,0
10142,0.086474199367516,0
10143,0.15371706515893047,0
10144,0.075741266648155,0
10145,0.15986010663015449,0
10146,0.029899772885640347,0
10147,0.10129090478296573,0
10148,0.08559898820602095,0
10149,0.00396120149357088,0
10150,0.019488480018882422,0
10151,0.04196447742560298,0
10152,0.01699740415098121,0
10153,0.016287666511369116,0
10154,0.041623649541963036,0
10155,0.03624502935038774,0
10156,0.009765279394205217,0
10157,0.004564644325496163,0
10158,0.05105710579274612,0
10159,0.055303532917214335,0
10160,0.07028875549450554,0
10161,0.011913087230405621,0
10162,0.02757157254314838,0
10163,0.09760403868082347,0
10164,0.05716698832295831,0
10165,0.03640082729478643,0
10166,0.02456026843978256,0
10167,0.01659293351377953,0
10168,0.1839446792155723,1
10169,0.0139240016206718,0
10170,0.004072574898648022,0
10171,0.07213095700268571,0
10172,0.13341947527503237,0
10173,0.02708336424518339,0
10174,0.0014427458964492378,0
10175,0.04105343251887375,0
10176,0.15628774015505772,0
10177,0.01809254428180836,0
10178,0.1308624135477307,0
10179,0.05422719252990775,0
10180,0.057476713695629525,0
10181,0.0505975532392866,0
10182,0.014336726639036032,0
10183,0.07286605103947504,0
10184,0.02819393502775928,0
10185,0.03256500941717127,0
10186,0.030506342227014184,0
10187,0.03599104278073235,0
10188,0.03415924507927969,0
10189,0.10965111537860155,0
10190,0.03995489333229707,0
10191,0.11695001904883982,0
10192,0.006109849099500327,0
10193,0.059028721531746924,0
10194,0.06769516082321436,0
10195,0.009424058637417843,0
10196,0.0155789520708427,0
10197,0.0508915077968917,0
10198,0.008177867689992187,0
10199,0.007242068275788801,0
10200,0.014815061128460443,0
10201,0.19153463234983115,1
10202,0.1434718961207538,0
10203,0.032521929319435254,0
10204,0.15949731314772186,0
10205,0.044061283013081404,0
10206,0.007619948341725524,0
10207,0.03955695759003348,0
10208,0.16369813736805305,0
10209,0.0837723788391323,0
10210,0.029182330365969993,0
10211,0.021090898010165757,0
10212,0.04060288995831962,0
10213,0.13982452775382262,0
10214,0.05931306606420779,0
10215,0.037306861081378866,0
10216,0.11745940214155047,0
10217,0.06994589364150915,0
10218,0.07137682903664745,0
10219,0.08536130916993345,0
10220,0.20875851709034018,1
10221,0.016515975577434103,0
10222,0.02848936613608902,0
10223,0.06078425213507884,0
10224,0.08899865012816216,0
10225,0.07082057703224112,0
10226,0.019540932185557695,0
10227,0.045028792433337905,0
10228,0.022071228354033367,0
10229,0.0758267310046193,0
10230,0.02801227022790896,0
10231,0.0528944621417171,0
10232,0.005157765890715423,0
10233,0.06037311443986461,0
10234,0.028603701821810823,0
10235,0.107737864833883,0
10236,0.01994128077302344,0
10237,0.07166540857605182,0
10238,0.029592745140038342,0
10239,0.07513821813291074,0
10240,0.09281558732467722,0
10241,0.13527035917997898,0
10242,0.02061588852901617,0
10243,0.014293813981815284,0
10244,0.02257986154164928,0
10245,0.13818803319738657,0
10246,0.03974318094845534,0
10247,0.19247845874008238,1
10248,0.13901674654186086,0
10249,0.02418825122149415,0
10250,0.004649232199416945,0
10251,0.02062663045341017,0
10252,0.11496268417699304,0
10253,0.03246745601594956,0
10254,0.05873498530861967,0
10255,0.060516826735106985,0
10256,0.12145940015068198,0
10257,0.02373323671831724,0
10258,0.027038799108667223,0
10259,0.1296350228191362,0
10260,0.04951704519924702,0
10261,0.10830693475142338,0
10262,0.013109862122146761,0
10263,0.016373429245690446,0
10264,0.12403073768114907,0
10265,0.0030751440754864506,0
10266,0.0033040388929494865,0
10267,0.0727001880371771,0
10268,0.028288544643756082,0
10269,0.20679061367396512,1
10270,0.048250901005180744,0
10271,0.021057075589226662,0
10272,0.004256905396300015,0
10273,0.019234872304679056,0
10274,0.06883431903041326,0
10275,0.1032661768191765,0
10276,0.05554605062599639,0
10277,0.015049030945657689,0
10278,0.04981812900140329,0
10279,0.015033780558737468,0
10280,0.10643952871939043,0
10281,0.04030434825778771,0
10282,0.025210208399418357,0
10283,0.05828994274169743,0
10284,0.08936443379955865,0
10285,0.1671800175004458,0
10286,0.010176796041244685,0
10287,0.08971781182249726,0
10288,0.12474812039527373,0
10289,0.004328985552797046,0
10290,0.011061430081195393,0
10291,0.09767613631777582,0
10292,0.040352385720513646,0
10293,0.10773158927775912,0
10294,0.0126287282119982,0
10295,0.0478011988033997,0
10296,0.007631155753381536,0
10297,0.08537846765783004,0
10298,0.05799789018048771,0
10299,0.1070797876669334,0
10300,0.22497333760416965,1
10301,0.009398067831577255,0
10302,0.07064596517975022,0
10303,0.022285569167611447,0
10304,0.05198204179507344,0
10305,0.04155537397392518,0
10306,0.03188137327348179,0
10307,0.07765756192913263,0
10308,0.17959060746279676,1
10309,0.14027628282826352,0
10310,0.0559363993616869,0
10311,0.04321846090477379,0
10312,0.13795149665208284,0
10313,0.09238460156242947,0
10314,0.0756085488826884,0
10315,0.006399846412225329,0
10316,0.046907524603202834,0
10317,0.05965062755666602,0
10318,0.06959862241083771,0
10319,0.02058359629649053,0
10320,0.009320702452869097,0
10321,0.061028683355791244,0
10322,0.004947198329670107,0
10323,0.023344383019567472,0
10324,0.12800020062331927,0
10325,0.0743189301513746,0
10326,0.038720715998758044,0
10327,0.09207526910158093,0
10328,0.03499401075695132,0
10329,0.07527534228678807,0
10330,0.04853279169925431,0
10331,0.006664297908552119,0
10332,0.014562781132047564,0
10333,0.1310917821568152,0
10334,0.16761630689835064,0
10335,0.022066944084545327,0
10336,0.014907436170342892,0
10337,0.014727815986633079,0
10338,0.02801592538228698,0
10339,0.0917021264573625,0
10340,0.11587521575891345,0
10341,0.07414743269158104,0
10342,0.07368613470615713,0
10343,0.037057664177448275,0
10344,0.03442382112163622,0
10345,0.013988310972340937,0
10346,0.01809601149658823,0
10347,0.24228337839667194,1
10348,0.07740538241869933,0
10349,0.03944646132774845,0
10350,0.0051251744758366545,0
10351,0.005459878469482867,0
10352,0.05297417659012935,0
10353,0.0697515492105623,0
10354,0.024848654910665093,0
10355,0.05837799696142311,0
10356,0.04052966848873496,0
10357,0.118466929720258,0
10358,0.04049751419698686,0
10359,0.13626824012778854,0
10360,0.14000891975073723,0
10361,0.08360420649252162,0
10362,0.02354604355681438,0
10363,0.03131542612498009,0
10364,0.1440637786254134,0
10365,0.034653535568372675,0
10366,0.029242931351749758,0
10367,0.00995671003261617,0
10368,0.01361517901645614,0
10369,0.08126956797142723,0
10370,0.06562418025770483,0
10371,0.019231995013378585,0
10372,0.019639946898999467,0
10373,0.010123175977698184,0
10374,0.002115382141330735,0
10375,0.005649014470332051,0
10376,0.11298484839912006,0
10377,0.050885809121048016,0
10378,0.020215249993613363,0
10379,0.02971528230060936,0
10380,0.02377014676246838,0
10381,0.016921217545827642,0
10382,0.11196683835760837,0
10383,0.008725017177856165,0
10384,0.03683609718356314,0
10385,0.039781009784003146,0
10386,0.007825753871708608,0
10387,0.007623745256194595,0
10388,0.0011335046990059716,0
10389,0.02564184316951866,0
10390,0.05205104623294832,0
10391,0.0618685900610147,0
10392,0.05487439879710181,0
10393,0.01808777777602581,0
10394,0.006080567826354429,0
10395,0.11367697685001854,0
10396,0.001114021924463408,0
10397,0.07601692553933485,0
10398,0.01970093267549614,0
10399,0.13882613237363348,0
10400,0.030267539634143296,0
10401,0.03593768164497419,0
10402,0.026497154777761052,0
10403,0.06568059282907122,0
10404,0.06295088335908676,0
10405,0.16146485203441382,0
10406,0.11809899600193345,0
10407,0.20593714901763288,1
10408,0.04571712595477969,0
10409,0.04389226206702847,0
10410,0.03504410870172771,0
10411,0.03505885147787342,0
10412,0.010889613485576237,0
10413,0.16963505085950112,0
10414,0.01951639811565235,0
10415,0.05720158327644057,0
10416,0.005932163467651315,0
10417,0.014842907455122727,0
10418,0.022390507781907744,0
10419,0.03825511320752831,0
10420,0.12015185644709604,0
10421,0.011372239669169634,0
10422,0.1501608932793878,0
10423,0.02667003522390436,0
10424,0.02919181218451595,0
10425,0.02511110713481576,0
10426,0.010056638534859512,0
10427,0.005474385994102741,0
10428,0.03875110802422949,0
10429,0.012618600613539033,0
10430,0.009367952969092192,0
10431,0.05203990833501363,0
10432,0.11012187231320313,0
10433,0.01797464759502038,0
10434,0.011205554993137105,0
10435,0.05062906785416179,0
10436,0.08408314849463672,0
10437,0.05755418896562733,0
10438,0.03192934510666596,0
10439,0.026294411804124698,0
10440,0.10200622076478806,0
10441,0.06459353087530212,0
10442,0.14413185995930036,0
10443,0.07316841700888466,0
10444,0.10477980066279725,0
10445,0.011810693420875292,0
10446,0.09352382861531919,0
10447,0.17362849557504317,1
10448,0.019522661125117913,0
10449,0.03060126547743449,0
10450,0.1589156058537381,0
10451,0.11889911630774373,0
10452,0.010704060275352296,0
10453,0.011180279298695568,0
10454,0.2293246901080526,1
10455,0.03928090723345043,0
10456,0.11339092785535489,0
10457,0.0676288651987896,0
10458,0.15199771241881005,0
10459,0.017338841858962433,0
10460,0.1509201581281079,0
10461,0.06695667132141188,0
10462,0.03593873879979647,0
10463,0.05603192263968191,0
10464,0.08813928132226787,0
10465,0.057519859525787156,0
10466,0.08936076136477335,0
10467,0.026164070358378533,0
10468,0.02073213909794156,0
10469,0.09121816667304697,0
10470,0.027186046874446767,0
10471,0.07555263674634492,0
10472,0.2585957854633612,1
10473,0.1435592471097695,0
10474,0.06985707530269665,0
10475,0.008638767794522365,0
10476,0.035936018901531835,0
10477,0.03468419853075547,0
10478,0.007285213671412557,0
10479,0.08743291054554743,0
10480,0.03851478786431394,0
10481,0.15903839845528733,0
10482,0.036017932304213414,0
10483,0.17427189349767994,1
10484,0.0026932346018483304,0
10485,0.005632906510977246,0
10486,0.0019444301384549778,0
10487,0.046121290621007366,0
10488,0.0488672625493213,0
10489,0.03675661082669022,0
10490,0.07071489253681129,0
10491,0.0061802881461001215,0
10492,0.038340016336197005,0
10493,0.009839605418804406,0
10494,0.03021306856706775,0
10495,0.079093706562133,0
10496,0.005869831257969308,0
10497,0.030186159719398517,0
10498,0.03609047166037482,0
10499,0.020465050291542337,0
10500,0.03201259157751794,0
10501,0.03130311867886486,0
10502,0.003789910710201753,0
10503,0.04076061018557587,0
10504,0.18690642286983622,1
10505,0.004519084614300387,0
10506,0.018986599191367973,0
10507,0.00876246797466717,0
10508,0.028932146184653815,0
10509,0.09399622336666086,0
10510,0.10566469663949568,0
10511,0.04623157239096039,0
10512,0.049940391991088386,0
10513,0.12089097069328315,0
10514,0.09150608768006713,0
10515,0.137653466886812,0
10516,0.06777625628880458,0
10517,0.24278355965454085,1
10518,0.06126333090351085,0
10519,0.19490570947022634,1
10520,0.03833103396440697,0
10521,0.04132102301687602,0
10522,0.00632646897764532,0
10523,0.0393312163524691,0
10524,0.05424146546983324,0
10525,0.08511205986386002,0
10526,0.028643486811412194,0
10527,0.021486684729060457,0
10528,0.033018555387487505,0
10529,0.026838111920189218,0
10530,0.02313732007046656,0
10531,0.12745040487761505,0
10532,0.10350967542180463,0
10533,0.01497222916114899,0
10534,0.18827879694021432,1
10535,0.07574901957634302,0
10536,0.056181205975109685,0
10537,0.05512213462491464,0
10538,0.019607425703397928,0
10539,0.04782842550370071,0
10540,0.08346795855829402,0
10541,0.1449976289742683,0
10542,0.04227940609762292,0
10543,0.09920897879594086,0
10544,0.04125102325988863,0
10545,0.1663939366678963,0
10546,0.06029710072059289,0
10547,0.04017625562758264,0
10548,0.034060902674268916,0
10549,0.01862434194062592,0
10550,0.025615745192553895,0
10551,0.023062345538080176,0
10552,0.004716719948619131,0
10553,0.10306021335131026,0
10554,0.010843370438008442,0
10555,0.1598832654619585,0
10556,0.025718861699363296,0
10557,0.012760659290094067,0
10558,0.03303985016396313,0
10559,0.07427809795488133,0
10560,0.006444664396858623,0
10561,0.018993364204519993,0
10562,0.03881360438196323,0
10563,0.03782404023097282,0
10564,0.07891240387200207,0
10565,0.05756279849920729,0
10566,0.04764868243016426,0
10567,0.23474061628107562,1
10568,0.07099736207443004,0
10569,0.13419345490241064,0
10570,0.12142229747331333,0
10571,0.0608244655339703,0
10572,0.034514227990047344,0
10573,0.06480865645037526,0
10574,0.047565024487990035,0
10575,0.01485068466897638,0
10576,0.10684852124409883,0
10577,0.061508519734546026,0
10578,0.006371231433387455,0
10579,0.09653497441747903,0
10580,0.09347394181587294,0
10581,0.04691516823981803,0
10582,0.10372451356595089,0
10583,0.07457058399723453,0
10584,0.02081440472634095,0
10585,0.114959453637195,0
10586,0.152460541636877,0
10587,0.039305767169564305,0
10588,0.12213936035899366,0
10589,0.013358362167456244,0
10590,0.03160027756125334,0
10591,0.043912200632103215,0
10592,0.014859787431371795,0
10593,0.05067027510449811,0
10594,0.04553667451054765,0
10595,0.13839004277603453,0
10596,0.015164535323219982,0
10597,0.08128619170026584,0
10598,0.10744582952585008,0
10599,0.01162555044546189,0
10600,0.13601810583934348,0
10601,0.024282853072947055,0
10602,0.028686560922237633,0
10603,0.009823358168058016,0
10604,0.004403592585586114,0
10605,0.059961697070980126,0
10606,0.14701837608224902,0
10607,0.08475198320914125,0
10608,0.05136300016369106,0
10609,0.12165540332531911,0
10610,0.07083498043849816,0
10611,0.008152621642352012,0
10612,0.05518049402333313,0
10613,0.05376284398878747,0
10614,0.1162579004283142,0
10615,0.10898086708965865,0
10616,0.06438758433304621,0
10617,0.02540665829808091,0
10618,0.03602894281063489,0
10619,0.037196800278928834,0
10620,0.008154225289154512,0
10621,0.001916274485441812,0
10622,0.009217985677589675,0
10623,0.04428795865844912,0
10624,0.027665244785881126,0
10625,0.019186379206127275,0
10626,0.1217391201548434,0
10627,0.08599836173852163,0
10628,0.12043744773730838,0
10629,0.13621741821006667,0
10630,0.09845056030720217,0
10631,0.12711974624818542,0
10632,0.0747817622023861,0
10633,0.10201999847176754,0
10634,0.0453284842761457,0
10635,0.05759479719656957,0
10636,0.12308555292239373,0
10637,0.006013850463845905,0
10638,0.01928815755327114,0
10639,0.010188094933321911,0
10640,0.0514526438337353,0
10641,0.04340108561583675,0
10642,0.02884490822846968,0
10643,0.17384664371092548,1
10644,0.1043817311034605,0
10645,0.016867620695047436,0
10646,0.11265852055703542,0
10647,0.08179633823459828,0
10648,0.04228101453746898,0
10649,0.06102922182112496,0
10650,0.1447728212124411,0
10651,0.11114859442117601,0
10652,0.012882068514205924,0
10653,0.021757616445802215,0
10654,0.041858440721890225,0
10655,0.13987816756444965,0
10656,0.00502065310314345,0
10657,0.04827166863221313,0
10658,0.05011305752022301,0
10659,0.002552282215324094,0
10660,0.040878968684724196,0
10661,0.10366130410022256,0
10662,0.11380642721841719,0
10663,0.07456263408313732,0
10664,0.2123330393956223,1
10665,0.036539611844788586,0
10666,0.09029426356088448,0
10667,0.09761154791079078,0
10668,0.11210991525160034,0
10669,0.13192387242359718,0
10670,0.1853246148160445,1
10671,0.004266986063788051,0
10672,0.07656319838277752,0
10673,0.03901928599455549,0
10674,0.034971291003538685,0
10675,0.005395587648442065,0
10676,0.22163572845339038,1
10677,0.08414681618815384,0
10678,0.09282351753621741,0
10679,0.04899035364810369,0
10680,0.1341814765027186,0
10681,0.03355133203636394,0
10682,0.15167182595516604,0
10683,0.00874880279482036,0
10684,0.034255509854007875,0
10685,0.0432025301244039,0
10686,0.026509168307107773,0
10687,0.09888602440473312,0
10688,0.0026998689389387655,0
10689,0.006013272128499707,0
10690,0.0352632651602548,0
10691,0.04587666610946439,0
10692,0.0551087044645368,0
10693,0.1340879961317139,0
10694,0.04845869741562445,0
10695,0.11523449080609126,0
10696,0.04683739244966667,0
10697,0.12511822124048272,0
10698,0.0013716336820669196,0
10699,0.04242404837178131,0
10700,0.08705461911679861,0
10701,0.005458425306319237,0
10702,0.030605294924354598,0
10703,0.025067858231335668,0
10704,0.007765439510469085,0
10705,0.002123743251438877,0
10706,0.0037278719326927353,0
10707,0.025576017421147013,0
10708,0.015171996918950614,0
10709,0.001588767783915072,0
10710,0.13876734280560832,0
10711,0.017605968128702507,0
10712,0.04658965738667944,0
10713,0.011022417957110927,0
10714,0.06346819187764557,0
10715,0.08938281456839085,0
10716,0.12268537805932729,0
10717,0.015778978911792082,0
10718,0.01956409165272115,0
10719,0.07979960198277697,0
10720,0.11026679342384206,0
10721,0.009144659324518075,0
10722,0.116374508757528,0
10723,0.10055955415431668,0
10724,0.02682646764500556,0
10725,0.026496439170995076,0
10726,0.022364122942163892,0
10727,0.006828367235556872,0
10728,0.029579979425732063,0
10729,0.1175671788834304,0
10730,0.06118951722548004,0
10731,0.0738559893248136,0
10732,0.04813400976787559,0
10733,0.06321251773906647,0
10734,0.04067721654306992,0
10735,0.03367992269626662,0
10736,0.13799354042943493,0
10737,0.002663519557152916,0
10738,0.0761899727435603,0
10739,0.14963212005221918,0
10740,0.07040872978651827,0
10741,0.005411727056684216,0
10742,0.01615569897645192,0
10743,0.04246456510592046,0
10744,0.03664898397325971,0
10745,0.09405256116957136,0
10746,0.07340392300522193,0
10747,0.10542998607647001,0
10748,0.12164104083214869,0
10749,0.003303656999216457,0
10750,0.040453972691000484,0
10751,0.008814937941065656,0
10752,0.029176363764294118,0
10753,0.21643689439964273,1
10754,0.002616085251440799,0
10755,0.00633006525309355,0
10756,0.018954049387456862,0
10757,0.02453796391686002,0
10758,0.01153813572685561,0
10759,0.0484839500469026,0
10760,0.013251486326956023,0
10761,0.00604641702122557,0
10762,0.00826146956000926,0
10763,0.0016858273595227477,0
10764,0.048113121447178164,0
10765,0.021424519439044037,0
10766,0.05508550730185134,0
10767,0.05112732292969073,0
10768,0.013159123282500528,0
10769,0.01952126070340338,0
10770,0.09924420724383046,0
10771,0.04649954674391284,0
10772,0.015152941254318623,0
10773,0.039919061385590995,0
10774,0.1159644507766296,0
10775,0.05460971925196812,0
10776,0.044492366507956294,0
10777,0.0323028577583382,0
10778,0.03737807778633584,0
10779,0.0945917738306318,0
10780,0.020419618527336647,0
10781,0.038251347151289174,0
10782,0.05090000485036837,0
10783,0.02545804511514545,0
10784,0.011061335376766561,0
10785,0.14078503988815727,0
10786,0.014691494008043475,0
10787,0.004596745706728292,0
10788,0.010477341398566323,0
10789,0.040772379467256474,0
10790,0.16464340451975662,0
10791,0.040021413952196806,0
10792,0.11102588088570746,0
10793,0.18773282833000104,1
10794,0.048878541465746585,0
10795,0.03597574211779785,0
10796,0.05606990176284952,0
10797,0.11275354771332176,0
10798,0.024641698340163772,0
10799,0.0317342835412264,0
10800,0.08001290292493252,0
10801,0.014174352655172202,0
10802,0.030304155710005214,0
10803,0.015813036235268176,0
10804,0.009737075908534882,0
10805,0.08268429294461506,0
10806,0.016134104734158713,0
10807,0.11401455111533387,0
10808,0.028016544748828205,0
10809,0.06548561430577285,0
10810,0.21454188417240055,1
10811,0.020607208576389587,0
10812,0.0304683340792554,0
10813,0.021291982513626486,0
10814,0.009593161548694858,0
10815,0.0603543886885661,0
10816,0.08042394407826021,0
10817,0.09024506379635078,0
10818,0.05529086032567202,0
10819,0.012554316522557304,0
10820,0.005745448125283503,0
10821,0.011146235872878447,0
10822,0.018675210717208457,0
10823,0.0520860075026902,0
10824,0.05381382416277476,0
10825,0.07463688019422277,0
10826,0.0030301738559727954,0
10827,0.05983621983193045,0
10828,0.17748689952025815,1
10829,0.017045651018277885,0
10830,0.09606564565527333,0
10831,0.013751937439073643,0
10832,0.006108609241939196,0
10833,0.07427704296999242,0
10834,0.17675024252146967,1
10835,0.054250218157806646,0
10836,0.009204126248288435,0
10837,0.018628495282735927,0
10838,0.07494666146487745,0
10839,0.004652433457347108,0
10840,0.06536089328486944,0
10841,0.037115526953160984,0
10842,0.11204934706502895,0
10843,0.012657475172203503,0
10844,0.07117217332752786,0
10845,0.03656703392108053,0
10846,0.12074714229035464,0
10847,0.02434069987186247,0
10848,0.06657296853916118,0
10849,0.1481518599325754,0
10850,0.04740263095027007,0
10851,0.0031124037961862325,0
10852,0.01691421958066436,0
10853,0.07060529438170701,0
10854,0.1405733421907017,0
10855,0.04735838375955324,0
10856,0.1954057401236589,1
10857,0.08625181961069608,0
10858,0.06679942626647263,0
10859,0.2006822275221714,1
10860,0.09632557342302854,0
10861,0.029282505226980074,0
10862,0.03445374587308798,0
10863,0.00582076479744332,0
10864,0.025506495619985695,0
10865,0.05142835467945527,0
10866,0.11082480580850171,0
10867,0.04085930984999282,0
10868,0.02621604656442357,0
10869,0.012737474958159578,0
10870,0.012013322828195257,0
10871,0.03896229981181141,0
10872,0.021554743444817937,0
10873,0.04638618807899486,0
10874,0.036903892038071574,0
10875,0.03875356258609975,0
10876,0.15699323720957345,0
10877,0.08208017879638634,0
10878,0.031862601002412796,0
10879,0.023934826790432306,0
10880,0.1369731426011055,0
10881,0.17645854145880405,1
10882,0.12773001180276972,0
10883,0.053156448497102216,0
10884,0.05174341937222031,0
10885,0.025769989152021236,0
10886,0.01677574561469452,0
10887,0.012804337815153333,0
10888,0.00835198034786046,0
10889,0.025786782547258694,0
10890,0.10242409642678355,0
10891,0.041748405341637575,0
10892,0.025054510226506923,0
10893,0.05428226347545089,0
10894,0.09004559471854448,0
10895,0.011869593042412323,0
10896,0.13604665460331,0
10897,0.20924756917615828,1
10898,0.03188049489342537,0
10899,0.13768518346458355,0
10900,0.00643567250799942,0
10901,0.015589883202487302,0
10902,0.009211840867870377,0
10903,0.06351558279182255,0
10904,0.07195831940684716,0
10905,0.0071137857412830515,0
10906,0.13245317798902193,0
10907,0.018411908462591907,0
10908,0.14501739407188358,0
10909,0.06768169425682403,0
10910,0.01181059688417252,0
10911,0.06148685909096822,0
10912,0.01611025865320525,0
10913,0.17652199339615882,1
10914,0.05365311496306038,0
10915,0.06762991790053144,0
10916,0.1097074491039615,0
10917,0.06219101646384184,0
10918,0.0237066610446391,0
10919,0.2090807688780116,1
10920,0.0109623969672422,0
10921,0.015107065681855292,0
10922,0.019753799489423914,0
10923,0.12576799311679684,0
10924,0.013067098970471269,0
10925,0.1371111325879646,0
10926,0.0206585380012952,0
10927,0.046658579074662414,0
10928,0.008793792700875805,0
10929,0.0045226177508465104,0
10930,0.16249681458063625,0
10931,0.025771792906190517,0
10932,0.09091209206254855,0
10933,0.00697417060216079,0
10934,0.003433243395261824,0
10935,0.06938994728983282,0
10936,0.020484003387530373,0
10937,0.18953950229842767,1
10938,0.1390866811165667,0
10939,0.02820618976161269,0
10940,0.0022521741973701233,0
10941,0.12393800378748553,0
10942,0.13132042695997911,0
10943,0.009742732176872493,0
10944,0.11717522473838592,0
10945,0.01755090712224995,0
10946,0.06654197060346528,0
10947,0.047686097521807594,0
10948,0.0967878726231999,0
10949,0.011806303314233602,0
10950,0.018796289565839296,0
10951,0.07957848049779853,0
10952,0.009231260389156226,0
10953,0.018142745494706736,0
10954,0.041684075644466176,0
10955,0.07032776348992019,0
10956,0.14199759752013644,0
10957,0.0877516431933356,0
10958,0.029436279331025682,0
10959,0.020219884164267662,0
10960,0.0462756757650568,0
10961,0.04417219133986079,0
10962,0.010545443390389927,0
10963,0.005950221435624877,0
10964,0.12980260837436206,0
10965,0.028410485511018338,0
10966,0.06607034724842273,0
10967,0.082942722294565,0
10968,0.11947196539387468,0
10969,0.01082105599537077,0
10970,0.03006877424947884,0
10971,0.18150896507124495,1
10972,0.01384112072773327,0
10973,0.13616957266976198,0
10974,0.00690904926717492,0
10975,0.02720003677638838,0
10976,0.008308474299648613,0
10977,0.1789259416939042,1
10978,0.13097407392431407,0
10979,0.04066799141431215,0
10980,0.0020330853801290147,0
10981,0.020629812957572092,0
10982,0.15965966394266853,0
10983,0.0751509827438244,0
10984,0.026803593046767146,0
10985,0.0049933873455720494,0
10986,0.007431501463611926,0
10987,0.10149915598314176,0
10988,0.005743608384447134,0
10989,0.06373381036698729,0
10990,0.08821552337385545,0
10991,0.13119285994185378,0
10992,0.04663005075403488,0
10993,0.07251756731061217,0
10994,0.052447597320422236,0
10995,0.01830495033156095,0
10996,0.07750387092743419,0
10997,0.009472212481407142,0
10998,0.11595665579085411,0
10999,0.003620401111941248,0
11000,0.021977822729824455,0
11001,0.08422490419530763,0
11002,0.055381037309163876,0
11003,0.08420802861224845,0
11004,0.012932806353948067,0
11005,0.05198523514284996,0
11006,0.03322634463951721,0
11007,0.01573842294237385,0
11008,0.03406385601460833,0
11009,0.0752121813017515,0
11010,0.05516041013885003,0
11011,0.09071959165047454,0
11012,0.1846848632334172,1
11013,0.14588778377503828,0
11014,0.034035222939939526,0
11015,0.01929486867626882,0
11016,0.05196593861486233,0
11017,0.02952590533923843,0
11018,0.003512685312706291,0
11019,0.060246183786329253,0
11020,0.09090535738497628,0
11021,0.12871357246545675,0
11022,0.06588222183865186,0
11023,0.0503507865376234,0
11024,0.04427141461705445,0
11025,0.03665928016067873,0
11026,0.03942052552997724,0
11027,0.1628296311204632,0
11028,0.07438750853137042,0
11029,0.10284994647238023,0
11030,0.03755480510830855,0
11031,0.052583875911076716,0
11032,0.0844072296854629,0
11033,0.02986950564315905,0
11034,0.07426007825545386,0
11035,0.045927189386688466,0
11036,0.08861726806577166,0
11037,0.06991208842015695,0
11038,0.027766827601418163,0
11039,0.009423815625210804,0
11040,0.0935169146831306,0
11041,0.04578071204430129,0
11042,0.04830202397670087,0
11043,0.05675625670616486,0
11044,0.09638851385533023,0
11045,0.023265028863212762,0
11046,0.10341946264672851,0
11047,0.07222168129275987,0
11048,0.015114705421572583,0
11049,0.01826512383013925,0
11050,0.0018685188884125811,0
11051,0.020457872040168624,0
11052,0.09666530324830204,0
11053,0.11001692612572646,0
11054,0.06487967972431637,0
11055,0.02764982472573747,0
11056,0.009692393534258525,0
11057,0.1269851227289921,0
11058,0.06988385239390874,0
11059,0.045279084910496085,0
11060,0.005107167106188111,0
11061,0.03821127422676118,0
11062,0.1256615332256501,0
11063,0.08215526285495195,0
11064,0.04367695746272377,0
11065,0.06264051115688847,0
11066,0.030112496544570783,0
11067,0.055195609756192886,0
11068,0.07424142519859499,0
11069,0.023015763268698666,0
11070,0.028189087840615395,0
11071,0.05511461842252959,0
11072,0.10743307047310643,0
11073,0.06157572104436715,0
11074,0.03810062995898978,0
11075,0.12314185184907403,0
11076,0.16277362006848753,0
11077,0.002625176833901377,0
11078,0.014764296487005264,0
11079,0.1340902603913322,0
11080,0.035212557889265715,0
11081,0.012630629855759483,0
11082,0.006455713360642235,0
11083,0.01960615703635836,0
11084,0.03338757639976453,0
11085,0.12777417295458957,0
11086,0.10779049859186028,0
11087,0.0776649927972835,0
11088,0.049273104861659686,0
11089,0.0250986210198587,0
11090,0.017820524808971692,0
11091,0.07148830128936463,0
11092,0.059447454494003224,0
11093,0.16259530936167152,0
11094,0.1937360266346986,1
11095,0.07335123947903582,0
11096,0.07300677975964084,0
11097,0.01690438781632102,0
11098,0.11728583615737334,0
11099,0.02990653234530866,0
11100,0.06032251215889199,0
11101,0.04837098806710048,0
11102,0.039514718279638074,0
11103,0.010776002293105706,0
11104,0.01921007921073948,0
11105,0.029299388140185866,0
11106,0.11307714676234835,0
11107,0.06402286826751967,0
11108,0.03691681750122309,0
11109,0.0587954378566898,0
11110,0.04085800200136623,0
11111,0.03212380225923106,0
11112,0.035290162908618104,0
11113,0.023060525791759056,0
11114,0.010610576260404847,0
11115,0.028942137550254335,0
11116,0.12443512578586023,0
11117,0.05072435677999904,0
11118,0.12879190042662017,0
11119,0.08229111773896691,0
11120,0.013103336431728126,0
11121,0.005364583411940334,0
11122,0.04717654274683948,0
11123,0.047627310265717204,0
11124,0.013872009177298932,0
11125,0.030482449960020194,0
11126,0.01742636910724827,0
11127,0.07872299387815908,0
11128,0.10026027757341992,0
11129,0.08878747060858413,0
11130,0.09636945373923028,0
11131,0.015617348469273044,0
11132,0.04682308121769708,0
11133,0.18893927996830345,1
11134,0.004011853675525412,0
11135,0.008987652715775337,0
11136,0.018518217758443645,0
11137,0.033766784045413355,0
11138,0.10902170146339649,0
11139,0.08012392636518927,0
11140,0.06385843053259926,0
11141,0.08083501944487934,0
11142,0.06478186308203317,0
11143,0.009537027918504267,0
11144,0.09200216945986961,0
11145,0.02169495152587618,0
11146,0.06423262460608434,0
11147,0.025508020641385857,0
11148,0.13173900930957452,0
11149,0.11752532455795711,0
11150,0.021277677888820578,0
11151,0.04644496110580836,0
11152,0.16561377596494045,0
11153,0.005949683511791852,0
11154,0.07154008032351158,0
11155,0.11536852383176849,0
11156,0.010691465835198111,0
11157,0.017008467374553436,0
11158,0.035845205563679046,0
11159,0.12355552318554196,0
11160,0.005675764681902162,0
11161,0.08324836292645979,0
11162,0.027058406727754534,0
11163,0.010505158483294993,0
11164,0.010903181258575827,0
11165,0.03649289911381959,0
11166,0.11043233460931053,0
11167,0.09581869161846032,0
11168,0.0015892084074550007,0
11169,0.11648462868667134,0
11170,0.11399649932881302,0
11171,0.07751915494124076,0
11172,0.01494536436921797,0
11173,0.12604175085506428,0
11174,0.021686667434391706,0
11175,0.04541766352413428,0
11176,0.08756913458048277,0
11177,0.028781470674976405,0
11178,0.0625026018882446,0
11179,0.05711667100663929,0
11180,0.06903316347469331,0
11181,0.013131570657602303,0
11182,0.07510686413549035,0
11183,0.04969471917709658,0
11184,0.10694388001493028,0
11185,0.04434443538993504,0
11186,0.0864810904643841,0
11187,0.05883549245447174,0
11188,0.14375696249206,0
11189,0.05896734417815012,0
11190,0.09565000187835118,0
11191,0.1515016685039915,0
11192,0.05616310099158601,0
11193,0.1365276762399219,0
11194,0.004463003767014651,0
11195,0.06992616860708005,0
11196,0.051432529188928856,0
11197,0.10967050886482062,0
11198,0.09372884696016485,0
11199,0.04685275782148178,0
11200,0.03965788145650283,0
11201,0.08336605094205357,0
11202,0.170250260087505,1
11203,0.013046841090384705,0
11204,0.026681240486405893,0
11205,0.08503123226093987,0
11206,0.01963288594221031,0
11207,0.22914929077480142,1
11208,0.03709306708941786,0
11209,0.09988132863227163,0
11210,0.10289486027246729,0
11211,0.15173852992571923,0
11212,0.03981804977457349,0
11213,0.05433133688919444,0
11214,0.00998812644550621,0
11215,0.1321841277031123,0
11216,0.010194809256323885,0
11217,0.06387975213563694,0
11218,0.2111674458600607,1
11219,0.07123673076710331,0
11220,0.09853239987963383,0
11221,0.005828400847262009,0
11222,0.050257142752510746,0
11223,0.028593452777374278,0
11224,0.01643056370195335,0
11225,0.039331204521888166,0
11226,0.1335938338118838,0
11227,0.1254772305470722,0
11228,0.10085693230376824,0
11229,0.16344680787532737,0
11230,0.002139305990375284,0
11231,0.014884439516125147,0
11232,0.10030199018133734,0
11233,0.1387514083183308,0
11234,0.0014622960945528175,0
11235,0.05785643754114974,0
11236,0.020209665152362534,0
11237,0.2009552812887962,1
11238,0.004706414335773138,0
11239,0.08267611602713991,0
11240,0.058937487102059594,0
11241,0.014099923341515478,0
11242,0.05499472030081558,0
11243,0.027860911982473868,0
11244,0.09509983007514394,0
11245,0.046682541756714595,0
11246,0.07697847148308914,0
11247,0.08833806005104256,0
11248,0.013592805146245309,0
11249,0.01946749861705934,0
11250,0.046738541820037754,0
11251,0.08034288695379903,0
11252,0.027237062701421698,0
11253,0.0158899663770712,0
11254,0.0260025266770737,0
11255,0.034433001413553876,0
11256,0.041946514755512004,0
11257,0.07259744753737654,0
11258,0.22637160010276755,1
11259,0.14656327011607928,0
11260,0.07297700550755377,0
11261,0.040425412817089786,0
11262,0.031264100306360856,0
11263,0.033961729088154424,0
11264,0.06351833846689137,0
11265,0.10822296840724072,0
11266,0.006331873136040881,0
11267,0.050569882828530276,0
11268,0.016481767510974046,0
11269,0.03570752153315422,0
11270,0.037281453589561434,0
11271,0.08632302936713818,0
11272,0.050623318294630744,0
11273,0.016269412799450638,0
11274,0.02406914643291719,0
11275,0.06123917425178054,0
11276,0.03442041111339524,0
11277,0.045488560820783,0
11278,0.02612577109813642,0
11279,0.014970170787224898,0
11280,0.0021536380947311546,0
11281,0.014008512142819752,0
11282,0.04881854321148397,0
11283,0.007523041217914288,0
11284,0.09705344841748507,0
11285,0.033773310703894534,0
11286,0.14166219423492699,0
11287,0.16208718304007794,0
11288,0.11936905956271687,0
11289,0.001469050956215434,0
11290,0.046093023827270464,0
11291,0.008652119413483835,0
11292,0.11131201037171103,0
11293,0.05116390459431177,0
11294,0.004412668117474591,0
11295,0.0492465980411512,0
11296,0.05742268336919716,0
11297,0.07562220603328242,0
11298,0.03415132808487261,0
11299,0.14805238676484775,0
11300,0.013833797973474511,0
11301,0.04466570655147579,0
11302,0.136209915895282,0
11303,0.0953869568507441,0
11304,0.10051059884380151,0
11305,0.025315775529636323,0
11306,0.08661349839114797,0
11307,0.07852101993988156,0
11308,0.021610085678355657,0
11309,0.03414565054363339,0
11310,0.00268179446711659,0
11311,0.16948012778788357,0
11312,0.08780141091395294,0
11313,0.03853895147199423,0
11314,0.038412298077204955,0
11315,0.06688249156845853,0
11316,0.1669493019812562,0
11317,0.013560138515533993,0
11318,0.11855159253547347,0
11319,0.00991302836104518,0
11320,0.07441332492106922,0
11321,0.03237676702156275,0
11322,0.0454617643884649,0
11323,0.0675505354524831,0
11324,0.017581196255878395,0
11325,0.0070484159129875264,0
11326,0.030208912268655814,0
11327,0.017373503643035117,0
11328,0.05529326496602669,0
11329,0.15303610974319112,0
11330,0.0335648803403174,0
11331,0.07773147574270306,0
11332,0.08030848377893905,0
11333,0.05652683699900852,0
11334,0.13872201106602317,0
11335,0.0013417466475794078,0
11336,0.04372680281177381,0
11337,0.16165775488200326,0
11338,0.17682476208678394,1
11339,0.02277705881416296,0
11340,0.05278469959086108,0
11341,0.0046568645066166646,0
11342,0.014400694141251025,0
11343,0.0776576654568062,0
11344,0.05700825475577281,0
11345,0.022878595204604172,0
11346,0.07823296285393458,0
11347,0.14430168047458747,0
11348,0.013371309217230672,0
11349,0.03198780492922999,0
11350,0.0033660782608577076,0
11351,0.013798873850705825,0
11352,0.12694438786791165,0
11353,0.10461104833961656,0
11354,0.10336127898567928,0
11355,0.04775615973231331,0
11356,0.0157326387841235,0
11357,0.06201437723875703,0
11358,0.006208166460071437,0
11359,0.1604862320760399,0
11360,0.01055111847500559,0
11361,0.08567863078056862,0
11362,0.028056960251829133,0
11363,0.17177401174009385,1
11364,0.15215338707216267,0
11365,0.12028468124585398,0
11366,0.01774628151355025,0
11367,0.00129842715841512,0
11368,0.032787346421576546,0
11369,0.06481638344424988,0
11370,0.08616619905218297,0
11371,0.09914769320842434,0
11372,0.03343805301086479,0
11373,0.06521451767444165,0
11374,0.013517986535489064,0
11375,0.08342425016388283,0
11376,0.11824642773396357,0
11377,0.015113474649201267,0
11378,0.12424007099846414,0
11379,0.003780109272010083,0
11380,0.04424154132739865,0
11381,0.06533660146926712,0
11382,0.03333966444101514,0
11383,0.04127547249449432,0
11384,0.06143208975348706,0
11385,0.005715894318388075,0
11386,0.005459045665736117,0
11387,0.062440990385405744,0
11388,0.07711078626697994,0
11389,0.12753078797717995,0
11390,0.06917840139757532,0
11391,0.03642345059344046,0
11392,0.10399173255484116,0
11393,0.036979562753680174,0
11394,0.07274267036035979,0
11395,0.022677705571594306,0
11396,0.048476165464750025,0
11397,0.04084622857163552,0
11398,0.02758991950484658,0
11399,0.025931787253861093,0
11400,0.015334123608217983,0
11401,0.20752439920284604,1
11402,0.008911175062345808,0
11403,0.048751858158435,0
11404,0.04482951688803874,0
11405,0.07289850766007172,0
11406,0.0030660508958747427,0
11407,0.03328132915023556,0
11408,0.07396595095503723,0
11409,0.010627657510912792,0
11410,0.04479233248255748,0
11411,0.02001578732796346,0
11412,0.014217742832225426,0
11413,0.09229396542954932,0
11414,0.1761354429111721,1
11415,0.05275751094349656,0
11416,0.1376171887382488,0
11417,0.08348198794705149,0
11418,0.002419447543032797,0
11419,0.04351322619980002,0
11420,0.07712042564811018,0
11421,0.1301966601166085,0
11422,0.11414093850518964,0
11423,0.044330077759419405,0
11424,0.04425462482158831,0
11425,0.08606849908889477,0
11426,0.05018490431137157,0
11427,0.10191338447479899,0
11428,0.029767563748835112,0
11429,0.021607802620585502,0
11430,0.04170622943619985,0
11431,0.03448248825954644,0
11432,0.11062975824317896,0
11433,0.09729661300199019,0
11434,0.11903595128423998,0
11435,0.005715708043883113,0
11436,0.07948162236187147,0
11437,0.006033447349037043,0
11438,0.00479315839103381,0
11439,0.12226090551643795,0
11440,0.03518702843994173,0
11441,0.031934222450613545,0
11442,0.032590900912738335,0
11443,0.07030536816776098,0
11444,0.07146905895785892,0
11445,0.14982666061326794,0
11446,0.046143243757771395,0
11447,0.11760178346133277,0
11448,0.06146618887328304,0
11449,0.025426858986533813,0
11450,0.06694058987173669,0
11451,0.0706907976920749,0
11452,0.046774624619302575,0
11453,0.05860112806226466,0
11454,0.051720661673864306,0
11455,0.012953619814265816,0
11456,0.07617434953890874,0
11457,0.10827144566054005,0
11458,0.009957498469552118,0
11459,0.018102621334832335,0
11460,0.03717808970720584,0
11461,0.16224354262375887,0
11462,0.10059828383070439,0
11463,0.011431726328986222,0
11464,0.0737268945851218,0
11465,0.0023456219268348437,0
11466,0.19726363700354663,1
11467,0.1065064448260487,0
11468,0.03413951543825744,0
11469,0.03872366557352544,0
11470,0.006839659027231293,0
11471,0.006326693781576946,0
11472,0.039983737284790426,0
11473,0.03104686103265706,0
11474,0.023216088639137246,0
11475,0.06364875295439033,0
11476,0.09531620000693145,0
11477,0.013791881104722492,0
11478,0.13975453151678002,0
11479,0.0945011181043544,0
11480,0.004863824304273923,0
11481,0.11730658917462028,0
11482,0.03243470533840801,0
11483,0.01063719043963082,0
11484,0.007391833105744931,0
11485,0.08212578700804193,0
11486,0.0037784308213510607,0
11487,0.039870861199715564,0
11488,0.03131184589980436,0
11489,0.030900730526586047,0
11490,0.16362462891586643,0
11491,0.04938973426349413,0
11492,0.007708198972586344,0
11493,0.037258486130800704,0
11494,0.0777772081044789,0
11495,0.005110975583296799,0
11496,0.038394693925342734,0
11497,0.04340962829816583,0
11498,0.004163335010047279,0
11499,0.03365188167293524,0
11500,0.07264633822083472,0
11501,0.02703555837549595,0
11502,0.07063916360234478,0
11503,0.004438384565386233,0
11504,0.051236485758723256,0
11505,0.0726611184543103,0
11506,0.026171475029365534,0
11507,0.028388903310535844,0
11508,0.0936033043764858,0
11509,0.01280052812487967,0
11510,0.048921984275818835,0
11511,0.0809939233880504,0
11512,0.03128569953739894,0
11513,0.025906503915361333,0
11514,0.08594080718455267,0
11515,0.12107007857134601,0
11516,0.04129662397296786,0
11517,0.23606649307266894,1
11518,0.01481390896170367,0
11519,0.06402751909720461,0
11520,0.06768055719952976,0
11521,0.006283828672051262,0
11522,0.00933408597606824,0
11523,0.00909687047171092,0
11524,0.04659997832663522,0
11525,0.08285321016667749,0
11526,0.04525077377723519,0
11527,0.11719982781850688,0
11528,0.03970367891037179,0
11529,0.034626649721303075,0
11530,0.10611273520824736,0
11531,0.10501453468364388,0
11532,0.05084863936397248,0
11533,0.11091641492851775,0
11534,0.007910239598088165,0
11535,0.05654800480304337,0
11536,0.14011881564102932,0
11537,0.03354798264618801,0
11538,0.045903928497799874,0
11539,0.005058010878782326,0
11540,0.06625523386070215,0
11541,0.06021549792539229,0
11542,0.08710141812306668,0
11543,0.009508103400046382,0
11544,0.018496993843079537,0
11545,0.03588072600548271,0
11546,0.0017827127027336316,0
11547,0.08988234812687107,0
11548,0.009081602710814322,0
11549,0.043146315134486156,0
11550,0.004536765956893444,0
11551,0.10947257156633126,0
11552,0.00607824552610207,0
11553,0.18223941187078527,1
11554,0.03712770301837141,0
11555,0.02953472765414978,0
11556,0.07623111675695599,0
11557,0.02961802518842791,0
11558,0.01476375474249044,0
11559,0.05590970192228061,0
11560,0.047083466237657294,0
11561,0.00528029024262456,0
11562,0.06205178726901606,0
11563,0.030817950844787268,0
11564,0.07426182630367553,0
11565,0.0704914651140121,0
11566,0.033177364711020965,0
11567,0.0961221672972851,0
11568,0.025029217651567372,0
11569,0.07487930751149316,0
11570,0.12505261728953468,0
11571,0.02854346835302529,0
11572,0.20981790761007846,1
11573,0.02303733380788527,0
11574,0.006481327144108192,0
11575,0.07893272684429344,0
11576,0.051605306509142294,0
11577,0.009425770344091089,0
11578,0.021767187823972474,0
11579,0.07088753479915991,0
11580,0.018957218770181698,0
11581,0.13763031289411148,0
11582,0.13675585790237196,0
11583,0.12300350434524403,0
11584,0.032900061018377266,0
11585,0.08705666663172754,0
11586,0.13894554884858365,0
11587,0.03395810120422969,0
11588,0.019947185405199443,0
11589,0.0046710235430772315,0
11590,0.10068033500498733,0
11591,0.1836732200380433,1
11592,0.03354931683091574,0
11593,0.18186681653769368,1
11594,0.03871591048885328,0
11595,0.05018173392865423,0
11596,0.0035352990885027785,0
11597,0.0746240019332373,0
11598,0.13596725994211942,0
11599,0.1689240394418852,0
11600,0.10659471230600728,0
11601,0.029164994168999907,0
11602,0.03499906314653552,0
11603,0.054867308380614065,0
11604,0.12634589632052368,0
11605,0.0442111307591094,0
11606,0.058233577192642015,0
11607,0.03387784667783331,0
11608,0.0700768191370026,0
11609,0.047412934605428135,0
11610,0.007723633773483959,0
11611,0.007570932253364582,0
11612,0.09270768762146568,0
11613,0.03914530716469921,0
11614,0.06638167245540175,0
11615,0.030952229715929074,0
11616,0.032121111306678725,0
11617,0.07860435653721892,0
11618,0.006694002287873935,0
11619,0.06240360239945407,0
11620,0.005665446457110727,0
11621,0.06023372569022268,0
11622,0.050260145689236854,0
11623,0.06350285393363536,0
11624,0.09249294979870104,0
11625,0.016530957973777217,0
11626,0.30470227924903565,1
11627,0.0632420350776849,0
11628,0.019252448172497716,0
11629,0.11264926275476685,0
11630,0.07893298532058439,0
11631,0.010696748773708771,0
11632,0.21859015950350077,1
11633,0.12804814791858266,0
11634,0.06297053514858325,0
11635,0.03808186040004135,0
11636,0.006052305906848717,0
11637,0.08552305132593065,0
11638,0.03402125523610736,0
11639,0.04207149491249376,0
11640,0.012742967670357156,0
11641,0.0871446814721262,0
11642,0.06170153831086595,0
11643,0.08278324211035902,0
11644,0.01880075318078745,0
11645,0.15502150699224188,0
11646,0.08597591768116467,0
11647,0.21085228388799482,1
11648,0.0793700360014314,0
11649,0.007598066335676575,0
11650,0.015458178375381675,0
11651,0.0012129239331244582,0
11652,0.05130100036848751,0
11653,0.01570651260675804,0
11654,0.02366096233573629,0
11655,0.07374759237437141,0
11656,0.00436491372835451,0
11657,0.1024341619616471,0
11658,0.04827638220179513,0
11659,0.027409475314666896,0
11660,0.08655219216528429,0
11661,0.04211923977492379,0
11662,0.026852304111052973,0
11663,0.011308979866325574,0
11664,0.13527265610794012,0
11665,0.15019650647143595,0
11666,0.08656511246362251,0
11667,0.02364622509404463,0
11668,0.003813487211253985,0
11669,0.045702556391057775,0
11670,0.08721021350786488,0
11671,0.04232984852473286,0
11672,0.06013941807985456,0
11673,0.008615330593010385,0
11674,0.22316568376642312,1
11675,0.0348755953828817,0
11676,0.046375360591480556,0
11677,0.08998655650845958,0
11678,0.0191963092135079,0
11679,0.21057852513403894,1
11680,0.20157336738847798,1
11681,0.02757867083349824,0
11682,0.021281706636317885,0
11683,0.019800860377831974,0
11684,0.023773082666950714,0
11685,0.009968410397847889,0
11686,0.03672167522074428,0
11687,0.05426628429006133,0
11688,0.11642496445114782,0
11689,0.013855820049306728,0
11690,0.03220862715774624,0
11691,0.0786740422610454,0
11692,0.15337021189207126,0
11693,0.0025814473799239033,0
11694,0.07109586834199365,0
11695,0.05820978558846825,0
11696,0.1174132001496547,0
11697,0.008542896243879694,0
11698,0.04512519611092692,0
11699,0.050870009544991435,0
11700,0.01717552641261324,0
11701,0.035609698642519255,0
11702,0.08854889388106538,0
11703,0.0029502972009568455,0
11704,0.08065663735467843,0
11705,0.010525891665113484,0
11706,0.1256157008923233,0
11707,0.07259603355397606,0
11708,0.029871729773394657,0
11709,0.10514747732356719,0
11710,0.1365845042730124,0
11711,0.13121354757165862,0
11712,0.06836375328067122,0
11713,0.034185344057824536,0
11714,0.11142334707740842,0
11715,0.05993383669982875,0
11716,0.0140207312181209,0
11717,0.01502766615894388,0
11718,0.017593124925356578,0
11719,0.005562311601344298,0
11720,0.08180434859608444,0
11721,0.017289118218946388,0
11722,0.10796417357857573,0
11723,0.03606809002760871,0
11724,0.050064220682128534,0
11725,0.17559428722134432,1
11726,0.036193997760278644,0
11727,0.03971085306192011,0
11728,0.1043095653026617,0
11729,0.001182868869330241,0
11730,0.14991823449407374,0
11731,0.006990321078156233,0
11732,0.0483623405236285,0
11733,0.13835706193788297,0
11734,0.033558323276897076,0
11735,0.003746653889306876,0
11736,0.09191770951739399,0
11737,0.014343398042606403,0
11738,0.10595894007882355,0
11739,0.047705771179787845,0
11740,0.042622041742538835,0
11741,0.02646618118536382,0
11742,0.0898723789006177,0
11743,0.03699808726889474,0
11744,0.22434313942523912,1
11745,0.14543156918751304,0
11746,0.20914496804204327,1
11747,0.023119478106523202,0
11748,0.0307462478598153,0
11749,0.04606148768253405,0
11750,0.1343859664211221,0
11751,0.025269781307628286,0
11752,0.09719456242055635,0
11753,0.013252011596608855,0
11754,0.09948161939459815,0
11755,0.09916564869523649,0
11756,0.12573527731325393,0
11757,0.009406646371834977,0
11758,0.022176160068881914,0
11759,0.020237152383618687,0
11760,0.03355794139162151,0
11761,0.04708789311066476,0
11762,0.12565622884904323,0
11763,0.005698482870062279,0
11764,0.003445610611826881,0
11765,0.11216470751988193,0
11766,0.13896862736012358,0
11767,0.13658385648491833,0
11768,0.03883599096368951,0
11769,0.0703979650618989,0
11770,0.10106024654908267,0
11771,0.06510467207468824,0
11772,0.13774308066604948,0
11773,0.012556714460119271,0
11774,0.044083872590292075,0
11775,0.023975580857260585,0
11776,0.08068974905814702,0
11777,0.18487705793313117,1
11778,0.012277202108146179,0
11779,0.14399947865393584,0
11780,0.011728316423830609,0
11781,0.018094218909721568,0
11782,0.03432181124403178,0
11783,0.05742698741256364,0
11784,0.06472710798688569,0
11785,0.05575600596016043,0
11786,0.00861976910661837,0
11787,0.15504556545833406,0
11788,0.05309277353158537,0
11789,0.22270299346262262,1
11790,0.02181041802105047,0
11791,0.08243281765862379,0
11792,0.10025490904709916,0
11793,0.10528643892117191,0
11794,0.0425268484071213,0
11795,0.16126387873705342,0
11796,0.005789129040347762,0
11797,0.04598180062695989,0
11798,0.03491510843232846,0
11799,0.023934371339553864,0
11800,0.006082793016239204,0
11801,0.1114829251647662,0
11802,0.07814178068188213,0
11803,0.19400851029880853,1
11804,0.049514597242406914,0
11805,0.011873779454975164,0
11806,0.06542570037695788,0
11807,0.05159002642829336,0
11808,0.0776184973242042,0
11809,0.041169792917322735,0
11810,0.008474730858972287,0
11811,0.10649200596036748,0
11812,0.005730947927871395,0
11813,0.05764700996133375,0
11814,0.13765932420848154,0
11815,0.014439085529569844,0
11816,0.16269060923136724,0
11817,0.010656998802584113,0
11818,0.059161524838940854,0
11819,0.021033656162656976,0
11820,0.09964707328096868,0
11821,0.004474637249280389,0
11822,0.01051548416569752,0
11823,0.013055135411920457,0
11824,0.07891789377679238,0
11825,0.004600820025428528,0
11826,0.015353087779566336,0
11827,0.027062863294090394,0
11828,0.10014872741833068,0
11829,0.023753439066353115,0
11830,0.059961098502750027,0
11831,0.12901358625819034,0
11832,0.04136168299886585,0
11833,0.1604741485116224,0
11834,0.02921515687923093,0
11835,0.10696081046365427,0
11836,0.11964515376287478,0
11837,0.02496955360714572,0
11838,0.14968779486220155,0
11839,0.07052913639966037,0
11840,0.09898542897333248,0
11841,0.11768710491691271,0
11842,0.04142465950073596,0
11843,0.11084602155404112,0
11844,0.018203150422778463,0
11845,0.008440776380432953,0
11846,0.07646957122069441,0
11847,0.010480525282345613,0
11848,0.05536938992541092,0
11849,0.0923721141056025,0
11850,0.017562451734506827,0
11851,0.013091799674145406,0
11852,0.1078163853917513,0
11853,0.07921894386840138,0
11854,0.022484492911836105,0
11855,0.017641857280181063,0
11856,0.0894233688282829,0
11857,0.13297437480823246,0
11858,0.11193105383759751,0
11859,0.036978724220437575,0
11860,0.1040943797765339,0
11861,0.0039808235268269454,0
11862,0.03445646306902838,0
11863,0.08555096557266685,0
11864,0.0356355961658574,0
11865,0.06063927235971814,0
11866,0.15735545818224497,0
11867,0.06898882751598677,0
11868,0.10792900320566746,0
11869,0.007569667884471443,0
11870,0.1037741931494586,0
11871,0.07883720745207208,0
11872,0.10828200502696678,0
11873,0.03511574502825651,0
11874,0.03804113539000801,0
11875,0.03823407346697162,0
11876,0.04552279026046,0
11877,0.06889430061694038,0
11878,0.06271063162919568,0
11879,0.07384727185862999,0
11880,0.13428519607031605,0
11881,0.08905037986186647,0
11882,0.0269735274540201,0
11883,0.11674792821466701,0
11884,0.014006069275552917,0
11885,0.021383447237958167,0
11886,0.05095875244904322,0
11887,0.16711401294291986,0
11888,0.16624113205770896,0
11889,0.004359188339923577,0
11890,0.00339523965855435,0
11891,0.05571458927972215,0
11892,0.1136021363210558,0
11893,0.007562085579240407,0
11894,0.02962464922547048,0
11895,0.058823825770029294,0
11896,0.025367177120907674,0
11897,0.07754927225246185,0
11898,0.1761265929125987,1
11899,0.01253660459514879,0
11900,0.012545116637740095,0
11901,0.057828854084865405,0
11902,0.016963095081510785,0
11903,0.0642930675339438,0
11904,0.030219323251147394,0
11905,0.04621911455539219,0
11906,0.06195011648344855,0
11907,0.024495976228018943,0
11908,0.08780859041510955,0
11909,0.11841927124397482,0
11910,0.03032602055241583,0
11911,0.03494225733487679,0
11912,0.027071440263245313,0
11913,0.045900774592410966,0
11914,0.006963028281811863,0
11915,0.07396924834795407,0
11916,0.12814317247275248,0
11917,0.046857440362231856,0
11918,0.03749644130499527,0
11919,0.008841526597759164,0
11920,0.10739291770737423,0
11921,0.10730162869289492,0
11922,0.016188301146214626,0
11923,0.00936048763930107,0
11924,0.019956028232436872,0
11925,0.14267453062589824,0
11926,0.033694581944367426,0
11927,0.04475792237297936,0
11928,0.052404658866062784,0
11929,0.09435634733460614,0
11930,0.057530151798421664,0
11931,0.1522005039914637,0
11932,0.008896823568550942,0
11933,0.14113504177896374,0
11934,0.005317478703057099,0
11935,0.045960294809252615,0
11936,0.19026135448693582,1
11937,0.14320597373147192,0
11938,0.05040215936022773,0
11939,0.06727567377868839,0
11940,0.057661768140846885,0
11941,0.11970510143676595,0
11942,0.08252670425720635,0
11943,0.011705408611380985,0
11944,0.034051414275182615,0
11945,0.009290807679226883,0
11946,0.04582535613376082,0
11947,0.028238036683646432,0
11948,0.17810647297029308,1
11949,0.138151570375483,0
11950,0.0771811113981117,0
11951,0.10517230472111816,0
11952,0.14202833317994337,0
11953,0.049983076188367614,0
11954,0.03665185639593907,0
11955,0.1194227448705741,0
11956,0.02782801246884648,0
11957,0.1344003258200253,0
11958,0.02106690703108107,0
11959,0.04934427567510898,0
11960,0.10773661922642325,0
11961,0.08370042296331265,0
11962,0.004640003786547742,0
11963,0.029131348065593123,0
11964,0.016589974130415845,0
11965,0.05155745618365315,0
11966,0.016222488765832068,0
11967,0.07701435253414562,0
11968,0.06930609382620793,0
11969,0.0927917068301307,0
11970,0.08129483010041977,0
11971,0.02772066804830282,0
11972,0.03224114135838904,0
11973,0.001185963062929581,0
11974,0.03242096033503316,0
11975,0.1329270904948737,0
11976,0.003612401163285672,0
11977,0.04543280847934035,0
11978,0.04230978630141176,0
11979,0.0610873299515812,0
11980,0.32415929242238906,1
11981,0.15347392116859424,0
11982,0.20150654721658892,1
11983,0.14249375189297916,0
11984,0.09680267886709644,0
11985,0.013135180687852658,0
11986,0.027358404966601586,0
11987,0.02756053729443837,0
11988,0.042140962025895345,0
11989,0.024370600467110665,0
11990,0.11217669714950125,0
11991,0.02274427284220334,0
11992,0.1243116588602798,0
11993,0.08543340580095464,0
11994,0.07041774420356077,0
11995,0.005528100051707,0
11996,0.13187943282980685,0
11997,0.12152257181857391,0
11998,0.008635043605923013,0
11999,0.0729009102048372,0
12000,0.1950640260824706,1
12001,0.007190096754312954,0
12002,0.039712221954399766,0
12003,0.21454790681931624,1
12004,0.11512655080858716,0
12005,0.10887410880534501,0
12006,0.04682677361152406,0
12007,0.03944596596996839,0
12008,0.0015807829703247788,0
12009,0.0031370575898778488,0
12010,0.02739162252760156,0
12011,0.007427306445460154,0
12012,0.027057122197080705,0
12013,0.2048985208327424,1
12014,0.04251211704622748,0
12015,0.051487678621392266,0
12016,0.05703418544267525,0
12017,0.06415795615539048,0
12018,0.04819728953911248,0
12019,0.01445888930324779,0
12020,0.007429595341191416,0
12021,0.02266808290215012,0
12022,0.046699457571735076,0
12023,0.009875556069668686,0
12024,0.11095251529494617,0
12025,0.07844557958072565,0
12026,0.04563496615171417,0
12027,0.12053876279710365,0
12028,0.05776269667184938,0
12029,0.05209860991498619,0
12030,0.019101950412726353,0
12031,0.004199058247761877,0
12032,0.019755713798342962,0
12033,0.04299981815668544,0
12034,0.035355384071409236,0
12035,0.02054563945013448,0
12036,0.07059343886022498,0
12037,0.06965047309638714,0
12038,0.010672565079843887,0
12039,0.06589352281124192,0
12040,0.013517084063964561,0
12041,0.07602190849675698,0
12042,0.004744024705859417,0
12043,0.05162066572251386,0
12044,0.058716319347923915,0
12045,0.030080378739829574,0
12046,0.007053496077113326,0
12047,0.1341295527993782,0
12048,0.06453568461694208,0
12049,0.01178012066744701,0
12050,0.059070808335168166,0
12051,0.009470940319538428,0
12052,0.0203206243653959,0
12053,0.055498728445292037,0
12054,0.058601378977002024,0
12055,0.06760238176838257,0
12056,0.05833612055002737,0
12057,0.10832378989146324,0
12058,0.03259472167854579,0
12059,0.17105436699513626,1
12060,0.028759058599283235,0
12061,0.14315263142135573,0
12062,0.02017202299565785,0
12063,0.12251678598103052,0
12064,0.09427047800516346,0
12065,0.18594501345261324,1
12066,0.02065283066139231,0
12067,0.06217262421558557,0
12068,0.16875640377270623,0
12069,0.016069154143883147,0
12070,0.0626596762653188,0
12071,0.08139710250427165,0
12072,0.1701989948363556,1
12073,0.08427556933429683,0
12074,0.010153775676875166,0
12075,0.005255458848827899,0
12076,0.014898212154609285,0
12077,0.17110090272457779,1
12078,0.05587214014856113,0
12079,0.048193755389829944,0
12080,0.024166782458516577,0
12081,0.09020447094726228,0
12082,0.06746767775164002,0
12083,0.1069579690995735,0
12084,0.03397232892612002,0
12085,0.010908300088431118,0
12086,0.029583937728604556,0
12087,0.01960615703635836,0
12088,0.1026888941513519,0
12089,0.0832509534356083,0
12090,0.16041141732958092,0
12091,0.1645649976125344,0
12092,0.09339769360788559,0
12093,0.008136223576889211,0
12094,0.08646961043485338,0
12095,0.025435691435063263,0
12096,0.08089979818210834,0
12097,0.00992700320966935,0
12098,0.14869443143559843,0
12099,0.011257017131953373,0
12100,0.022831355400170065,0
12101,0.035057536284316584,0
12102,0.11473303535163731,0
12103,0.07378475470425787,0
12104,0.06388502199316656,0
12105,0.1542866744484474,0
12106,0.018889991713281193,0
12107,0.014893907681592423,0
12108,0.008608630570124435,0
12109,0.06717594729039901,0
12110,0.13699436989449007,0
12111,0.11847270921979385,0
12112,0.0068811404280192615,0
12113,0.13882768141242502,0
12114,0.2600101004690444,1
12115,0.001484152127750038,0
12116,0.053370404173724253,0
12117,0.06629351313174413,0
12118,0.021309882476323653,0
12119,0.06035042406585545,0
12120,0.11302485389297487,0
12121,0.026218623236769933,0
12122,0.024704510153244996,0
12123,0.13889760713213248,0
12124,0.06247087391191843,0
12125,0.05274252149114514,0
12126,0.01619058212169969,0
12127,0.03667155451548107,0
12128,0.033818356309415085,0
12129,0.02172917385256403,0
12130,0.03411198194267298,0
12131,0.12528011119030233,0
12132,0.006489131233084781,0
12133,0.019114750967288704,0
12134,0.016345634640501774,0
12135,0.06050607123711072,0
12136,0.08082388772317188,0
12137,0.02539858199746093,0
12138,0.009471727411156029,0
12139,0.005385056735386769,0
12140,0.01697119983987488,0
12141,0.012009087768489782,0
12142,0.04293668601642215,0
12143,0.07694721799563456,0
12144,0.05177063891688593,0
12145,0.005895087594668102,0
12146,0.013335770438563118,0
12147,0.01883828939921277,0
12148,0.020288596127794826,0
12149,0.050576802374436715,0
12150,0.0050815483122104155,0
12151,0.07138708498077785,0
12152,0.0032855232565112283,0
12153,0.04487149229488858,0
12154,0.06500667787028361,0
12155,0.08106646764505107,0
12156,0.10549927591017814,0
12157,0.03939725967163075,0
12158,0.10415949391600529,0
12159,0.026694073882495045,0
12160,0.10411956575307671,0
12161,0.021430698176520234,0
12162,0.017640759423844857,0
12163,0.02852841273519089,0
12164,0.009312554139659139,0
12165,0.04662418379027089,0
12166,0.03643260612529928,0
12167,0.1629675097270366,0
12168,0.01397488061791375,0
12169,0.04318694945819678,0
12170,0.1257256723389828,0
12171,0.11391394526940722,0
12172,0.00660291132796873,0
12173,0.05942713084674216,0
12174,0.052029046751300205,0
12175,0.08408217019999868,0
12176,0.020478129651073998,0
12177,0.08864193883431666,0
12178,0.05348272724178014,0
12179,0.1052214932269211,0
12180,0.03311978888139943,0
12181,0.09970963908718898,0
12182,0.1264610045262343,0
12183,0.03499872105630078,0
12184,0.019269710569284098,0
12185,0.03132053704329282,0
12186,0.02441120525456051,0
12187,0.04572458530593882,0
12188,0.04737078279675425,0
12189,0.09457965794008354,0
12190,0.13384146918838927,0
12191,0.03081920807227869,0
12192,0.09676810855829547,0
12193,0.04717795459195716,0
12194,0.11559377358243511,0
12195,0.09265449086687154,0
12196,0.02818873284371015,0
12197,0.1288961448960425,0
12198,0.009983253792544937,0
12199,0.02698459554760051,0
12200,0.10082725575198595,0
12201,0.07156040661605295,0
12202,0.017167451467185072,0
12203,0.08450987681453294,0
12204,0.039343984641898345,0
12205,0.062015738506766754,0
12206,0.04296773073587602,0
12207,0.012045691067106045,0
12208,0.11347402000449562,0
12209,0.15526011278592247,0
12210,0.013336988893757073,0
12211,0.009121485396633407,0
12212,0.009774436720511304,0
12213,0.004340410556082852,0
12214,0.06750172323895473,0
12215,0.019093095158496554,0
12216,0.02890748025518604,0
12217,0.06923929854906473,0
12218,0.11743489533042584,0
12219,0.00820996112512402,0
12220,0.0811351038386947,0
12221,0.1382035445820495,0
12222,0.1794385772378963,1
12223,0.03460993792435928,0
12224,0.08693267590666888,0
12225,0.006986208213639296,0
12226,0.05101046895062466,0
12227,0.1892897973249946,1
12228,0.014756802009896685,0
12229,0.14184847844772394,0
12230,0.054616161332595,0
12231,0.03883854797171692,0
12232,0.011132152042673668,0
12233,0.16051883034943218,0
12234,0.15150850460035695,0
12235,0.10505432362554042,0
12236,0.11962892960625868,0
12237,0.03504307882359301,0
12238,0.08569513966364167,0
12239,0.014990390983115031,0
12240,0.022059364404604986,0
12241,0.1073182239150538,0
12242,0.006667003915701956,0
12243,0.05166261660779596,0
12244,0.10582244127600013,0
12245,0.024911355306692463,0
12246,0.02841512867503839,0
12247,0.06805613698775431,0
12248,0.13273389075093595,0
12249,0.07035251338327564,0
12250,0.10915313501661432,0
12251,0.0023926278497937935,0
12252,0.04095022439906965,0
12253,0.0957734107544337,0
12254,0.09073508656941248,0
12255,0.08434518467688278,0
12256,0.050061068524653085,0
12257,0.0029197061765024496,0
12258,0.0067244647897109966,0
12259,0.0471200039684942,0
12260,0.026741629180450695,0
12261,0.14067832092489943,0
12262,0.027704329223164362,0
12263,0.026990450071265822,0
12264,0.025844690875805928,0
12265,0.012178150097119422,0
12266,0.04341048809296706,0
12267,0.08345574047991099,0
12268,0.0535571455399385,0
12269,0.005722314204726316,0
12270,0.009734343196892562,0
12271,0.10665121808198726,0
12272,0.02466382485960405,0
12273,0.02395570831972665,0
12274,0.012198462790991202,0
12275,0.21829227036527377,1
12276,0.09694260739688507,0
12277,0.02367191809352603,0
12278,0.04045602687311484,0
12279,0.02170048890184822,0
12280,0.04239134732796091,0
12281,0.1599442374420996,0
12282,0.11221872852619216,0
12283,0.1221914567580056,0
12284,0.06001478888498408,0
12285,0.013137319551404165,0
12286,0.054131855327019265,0
12287,0.03051122912030464,0
12288,0.10594346139167765,0
12289,0.020514953251690126,0
12290,0.006909923521361068,0
12291,0.11627914063516448,0
12292,0.1642665997262579,0
12293,0.17925282320653227,1
12294,0.04760343059144978,0
12295,0.018998359202924416,0
12296,0.06142949071459756,0
12297,0.10958319115581444,0
12298,0.020980369666411015,0
12299,0.06115598349843452,0
12300,0.004364091116149245,0
12301,0.05464895614473427,0
12302,0.1372243252068728,0
12303,0.1304822011301329,0
12304,0.07695958738551842,0
12305,0.11828511012832292,0
12306,0.11648954675856676,0
12307,0.04445560849510465,0
12308,0.019119359008770945,0
12309,0.017013878188873965,0
12310,0.026168067615644296,0
12311,0.14217006004507476,0
12312,0.13221981714659675,0
12313,0.04691383615922015,0
12314,0.01994779099987701,0
12315,0.048112315574057415,0
12316,0.10702607167322939,0
12317,0.024278231647372424,0
12318,0.0605951519722182,0
12319,0.053473655062117015,0
12320,0.0854459043878396,0
12321,0.09657941956480205,0
12322,0.04866393452072033,0
12323,0.035584807846955196,0
12324,0.004010995959387231,0
12325,0.0048180315773695154,0
12326,0.01257388399414107,0
12327,0.0028102738075102217,0
12328,0.027056088033701155,0
12329,0.08296791291997471,0
12330,0.04448420000618333,0
12331,0.056402581775106694,0
12332,0.006798504864380295,0
12333,0.06419198767100312,0
12334,0.0029146303560980617,0
12335,0.023010584957838698,0
12336,0.005560036817147429,0
12337,0.1537974877006144,0
12338,0.0036782344066890256,0
12339,0.10001087108471526,0
12340,0.08809505196150656,0
12341,0.2075118340001284,1
12342,0.030610402091027174,0
12343,0.05500046607349034,0
12344,0.04954145446516848,0
12345,0.03916863535647118,0
12346,0.020040157807758932,0
12347,0.1159069434596734,0
12348,0.01341520527296384,0
12349,0.06208104124158564,0
12350,0.02182322567144248,0
12351,0.006464528515482004,0
12352,0.17658492178853524,1
12353,0.09866756148323942,0
12354,0.017712667039213852,0
12355,0.018303965202464474,0
12356,0.13031291993373326,0
12357,0.004178671565273073,0
12358,0.02886082577937506,0
12359,0.03404105146989061,0
12360,0.08515624701100623,0
12361,0.031011622755817845,0
12362,0.034879441087724894,0
12363,0.23671121874032638,1
12364,0.14325570086249637,0
12365,0.07475509906696726,0
12366,0.04538160965693795,0
12367,0.09943905469181455,0
12368,0.06623943762867082,0
12369,0.017746840954676026,0
12370,0.05354159675189119,0
12371,0.025574184937918704,0
12372,0.14036291362939698,0
12373,0.09331909984801919,0
12374,0.05528401649497284,0
12375,0.033916466250458924,0
12376,0.15288535641947607,0
12377,0.04408250306400825,0
12378,0.09255356308271555,0
12379,0.026237018590001805,0
12380,0.09841235868611586,0
12381,0.1959212729066812,1
12382,0.004499914199110785,0
12383,0.024299766943719863,0
12384,0.025695410714338864,0
12385,0.047024771764086905,0
12386,0.19336517889949975,1
12387,0.03882920166060613,0
12388,0.1126194039199319,0
12389,0.007211541499546874,0
12390,0.03778982428472268,0
12391,0.0859742767795054,0
12392,0.007602259225225438,0
12393,0.02033330155954644,0
12394,0.036569063384153236,0
12395,0.047273853729283354,0
12396,0.134700929844766,0
12397,0.16510122986690356,0
12398,0.1562388800394154,0
12399,0.01512019209578163,0
12400,0.10211258473499368,0
12401,0.08609651821614402,0
12402,0.03583438304023975,0
12403,0.2539948059241717,1
12404,0.05354964016252446,0
12405,0.0018672285557713646,0
12406,0.02199573145455671,0
12407,0.1629516760526289,0
12408,0.1414893650266935,0
12409,0.1150998793021521,0
12410,0.11112835388115316,0
12411,0.007900043151002982,0
12412,0.03285086121368608,0
12413,0.07989376964041267,0
12414,0.012046683023606179,0
12415,0.022592801431571698,0
12416,0.005321087998569296,0
12417,0.006758254491380715,0
12418,0.2684957567809363,1
12419,0.026263883139162014,0
12420,0.10771530241645012,0
12421,0.06941929801569466,0
12422,0.12129175957583407,0
12423,0.07306890083757699,0
12424,0.09486266212559435,0
12425,0.09874884148163862,0
12426,0.05304629017000278,0
12427,0.014418324061371772,0
12428,0.03588223879910866,0
12429,0.02088751380860072,0
12430,0.012443115416264935,0
12431,0.07767434587136916,0
12432,0.012443115416264935,0
12433,0.021777246491697856,0
12434,0.08164767532892116,0
12435,0.05251302735511346,0
12436,0.035337428669521366,0
12437,0.002217875270087951,0
12438,0.006342488744156239,0
12439,0.005969992425146457,0
12440,0.043747155069792314,0
12441,0.011040028137660503,0
12442,0.10366726607555259,0
12443,0.10313829738356994,0
12444,0.0012314576303176672,0
12445,0.06324175149746752,0
12446,0.021788606665376565,0
12447,0.04443100274792011,0
12448,0.03188573734405621,0
12449,0.0729565575935228,0
12450,0.0704712532460868,0
12451,0.14513547799466486,0
12452,0.006870548578687533,0
12453,0.029882881150174685,0
12454,0.07491156547003504,0
12455,0.0008298247907196836,0
12456,0.015617504876947597,0
12457,0.0061936464073492365,0
12458,0.021578470833668838,0
12459,0.22185533957166853,1
12460,0.01702309479092019,0
12461,0.0764987431800483,0
12462,0.08241272765156055,0
12463,0.22570242864759787,1
12464,0.12351948700522654,0
12465,0.1198344502607819,0
12466,0.005962427494351681,0
12467,0.07186231517605185,0
12468,0.04738030365347965,0
12469,0.008781284342734796,0
12470,0.023249070548808832,0
12471,0.10666128101891845,0
12472,0.07761035239147894,0
12473,0.022370845456749847,0
12474,0.03162055372473196,0
12475,0.0274345226191928,0
12476,0.011256907637399527,0
12477,0.042301852629768114,0
12478,0.003040763043037857,0
12479,0.016190114978919215,0
12480,0.07022809339768907,0
12481,0.051500135604467215,0
12482,0.06555900097207734,0
12483,0.04822535394003018,0
12484,0.02681085072201237,0
12485,0.018977545005321037,0
12486,0.016966188672542595,0
12487,0.005653407233340521,0
12488,0.17427225202080562,1
12489,0.1233128224243162,0
12490,0.009322355463080712,0
12491,0.14795123932932716,0
12492,0.023313955585575814,0
12493,0.04936559564667536,0
12494,0.04259564583847652,0
12495,0.059575039422709176,0
12496,0.04412417565670517,0
12497,0.075956879486853,0
12498,0.06969199344723771,0
12499,0.014757116863599174,0
12500,0.010926533330304734,0
12501,0.19068051505009823,1
12502,0.12907687610148583,0
12503,0.06388674847835486,0
12504,0.048155412225664766,0
12505,0.05037324460100198,0
12506,0.03568368227546837,0
12507,0.059312890132843216,0
12508,0.08576334427194544,0
12509,0.049212780952226226,0
12510,0.007398132842917808,0
12511,0.06363265192809,0
12512,0.031325163175842115,0
12513,0.045995709709901314,0
12514,0.034920424592174544,0
12515,0.09143318946194909,0
12516,0.07427095118254937,0
12517,0.003577529075007894,0
12518,0.15876908400565853,0
12519,0.023567603697767264,0
12520,0.041645589252622364,0
12521,0.12898112666612374,0
12522,0.042721715861178,0
12523,0.16424339961097523,0
12524,0.027887989422310536,0
12525,0.014428694554760235,0
12526,0.09212490598652844,0
12527,0.003075431601545331,0
12528,0.04570809731470275,0
12529,0.05465837939972142,0
12530,0.03355166192571875,0
12531,0.08031561911410416,0
12532,0.03332696063142194,0
12533,0.04122710049314513,0
12534,0.029243960893726266,0
12535,0.047197060714635135,0
12536,0.023641003378825413,0
12537,0.07280817638459026,0
12538,0.04508974513303903,0
12539,0.0066444412232189295,0
12540,0.09163579559211804,0
12541,0.09174787273881352,0
12542,0.0969047389709752,0
12543,0.018864247269363785,0
12544,0.006253713421485796,0
12545,0.005084979164060003,0
12546,0.07656965593302846,0
12547,0.1852368171133042,1
12548,0.013165162229875885,0
12549,0.003064688982028918,0
12550,0.164281342772004,0
12551,0.05972917519011277,0
12552,0.04928410654402411,0
12553,0.05193673945223231,0
12554,0.010676456394507183,0
12555,0.006479181092083208,0
12556,0.06453370648305769,0
12557,0.0012091532064375373,0
12558,0.052204645513148365,0
12559,0.02490037294163654,0
12560,0.04929922119747827,0
12561,0.17163842718286365,1
12562,0.02710965275826754,0
12563,0.06976822030490207,0
12564,0.04426264077064858,0
12565,0.10782581854463315,0
12566,0.022473243993071587,0
12567,0.16735769490517,0
12568,0.009507556082730729,0
12569,0.07498564500926269,0
12570,0.0025375062399118392,0
12571,0.003788373764754353,0
12572,0.05464148154467969,0
12573,0.1680809298904367,0
12574,0.009250637946619926,0
12575,0.16607641671780662,0
12576,0.027018631071591435,0
12577,0.02293659661015274,0
12578,0.1178169889247834,0
12579,0.06959535835011779,0
12580,0.11571220869422655,0
12581,0.04513508754000904,0
12582,0.2660134049033614,1
12583,0.1305461912725218,0
12584,0.06052620023519219,0
12585,0.04916818359510768,0
12586,0.1586631379702254,0
12587,0.02727567452021739,0
12588,0.02663711594344224,0
12589,0.0730709272854313,0
12590,0.06178780425473196,0
12591,0.023204197601960765,0
12592,0.050680368805652694,0
12593,0.03132458031140731,0
12594,0.012372770206408205,0
12595,0.006965124339659923,0
12596,0.015727714048355025,0
12597,0.08179075468774255,0
12598,0.08573985906115235,0
12599,0.03936062787977769,0
12600,0.10593407261346392,0
12601,0.03288191771182992,0
12602,0.015396276697246762,0
12603,0.12818765437849997,0
12604,0.08370899987404369,0
12605,0.021360667603149718,0
12606,0.024596081576322558,0
12607,0.008475505061768255,0
12608,0.055562815155658134,0
12609,0.08203363706190817,0
12610,0.03144420361221958,0
12611,0.04707701645029653,0
12612,0.010540677838458794,0
12613,0.08914532970153084,0
12614,0.007601932806096808,0
12615,0.11683324547776296,0
12616,0.07918368870977718,0
12617,0.025864764581799884,0
12618,0.1024235436449992,0
12619,0.06390964354945365,0
12620,0.05186597729235822,0
12621,0.018156146548697218,0
12622,0.08077534601413627,0
12623,0.030973279575388993,0
12624,0.04870669060816733,0
12625,0.047172365067386667,0
12626,0.040893040595151,0
12627,0.0042884421423742495,0
12628,0.10523901320443858,0
12629,0.03495659521919285,0
12630,0.01973405238642671,0
12631,0.07071387160969227,0
12632,0.06606336949974971,0
12633,0.031134342143160146,0
12634,0.15312067321266098,0
12635,0.02188061324568961,0
12636,0.19810763629186715,1
12637,0.13154093310264436,0
12638,0.09403036578152608,0
12639,0.01540497731824236,0
12640,0.0018585677216194974,0
12641,0.15003510240634918,0
12642,0.23626906547426418,1
12643,0.0073706085531990055,0
12644,0.04116367020145682,0
12645,0.009136066176553529,0
12646,0.13843738751707654,0
12647,0.005938462793244629,0
12648,0.00450837807650896,0
12649,0.1837403959807616,1
12650,0.07679866634896211,0
12651,0.0059517357423984375,0
12652,0.10827016396293757,0
12653,0.05467014171901475,0
12654,0.06896427858304595,0
12655,0.12800215607520218,0
12656,0.2073813636065053,1
12657,0.03982954528378683,0
12658,0.043119034661967016,0
12659,0.043995984919804436,0
12660,0.0064037138376018465,0
12661,0.017233066267552135,0
12662,0.022087128133194245,0
12663,0.10550477337006754,0
12664,0.033919428834983764,0
12665,0.05627586756856327,0
12666,0.12531576541156095,0
12667,0.10398132250655442,0
12668,0.02059827344921005,0
12669,0.025754672538460057,0
12670,0.01837375486902714,0
12671,0.22443984123119803,1
12672,0.21796344695040454,1
12673,0.027208498828242153,0
12674,0.07550506127795922,0
12675,0.003714105329284571,0
12676,0.08847683619852059,0
12677,0.007106338485135311,0
12678,0.03571644086377191,0
12679,0.11777983614033456,0
12680,0.06598505025510998,0
12681,0.04268372159148829,0
12682,0.19119493184749511,1
12683,0.08976178152938784,0
12684,0.03436021463096827,0
12685,0.1416503101769986,0
12686,0.009996918940368285,0
12687,0.07551821739707029,0
12688,0.1282233583260914,0
12689,0.008426947853322646,0
12690,0.02191890299694644,0
12691,0.010766859760740077,0
12692,0.021110547197604648,0
12693,0.007093395171845107,0
12694,0.06314393808438111,0
12695,0.13672337633183634,0
12696,0.03477227578705551,0
12697,0.015501321437031867,0
12698,0.1419611404578026,0
12699,0.031350713052410925,0
12700,0.025817514043507163,0
12701,0.04952070982683711,0
12702,0.008185668476126591,0
12703,0.0610306291083822,0
12704,0.08614939963302366,0
12705,0.012400126520548553,0
12706,0.07193135628081446,0
12707,0.10798617162390327,0
12708,0.14882382072537995,0
12709,0.012658198538392037,0
12710,0.014585778557551587,0
12711,0.03837570046655229,0
12712,0.2042787212003296,1
12713,0.0031631873331258017,0
12714,0.052631734752594556,0
12715,0.028266445874253147,0
12716,0.0830713636507148,0
12717,0.01082305130123186,0
12718,0.04881630410444626,0
12719,0.10233826002384791,0
12720,0.005644147809158495,0
12721,0.10766415006813208,0
12722,0.22959128842519688,1
12723,0.012698159367578166,0
12724,0.06732949543669807,0
12725,0.16623711287061063,0
12726,0.12649649428969237,0
12727,0.018560109155432564,0
12728,0.002547471346036249,0
12729,0.12000698225246707,0
12730,0.08965268768961879,0
12731,0.08049143535807986,0
12732,0.06376044679833288,0
12733,0.022037485473296824,0
12734,0.006088439725617441,0
12735,0.0018809002368143683,0
12736,0.014054459818808906,0
12737,0.014249959915065924,0
12738,0.04362572241750678,0
12739,0.035738845108083755,0
12740,0.0014054511558741082,0
12741,0.07759726520876224,0
12742,0.0443543674184884,0
12743,0.10757962551627191,0
12744,0.12052075750156711,0
12745,0.03173958936926074,0
12746,0.025491579187946964,0
12747,0.022158670164157297,0
12748,0.0018831413099260322,0
12749,0.024619841672402113,0
12750,0.07077103976386688,0
12751,0.07580922340616633,0
12752,0.0856156422227662,0
12753,0.07368406396429973,0
12754,0.04269549118520396,0
12755,0.023642980168118544,0
12756,0.011667121758488467,0
12757,0.0067396416760751995,0
12758,0.045824846715098476,0
12759,0.10892965947414959,0
12760,0.03386642928742359,0
12761,0.03254630312909189,0
12762,0.12239494983195101,0
12763,0.012787778962881842,0
12764,0.22920999678975076,1
12765,0.08798295963347622,0
12766,0.12157147709277734,0
12767,0.0823684113711041,0
12768,0.05627093747080147,0
12769,0.06173087906122569,0
12770,0.08913342881645857,0
12771,0.02901056464393372,0
12772,0.06826640241460821,0
12773,0.006400620476721563,0
12774,0.0325317434102468,0
12775,0.0065440435071609055,0
12776,0.013791533856941044,0
12777,0.030143431748302443,0
12778,0.03390167952053706,0
12779,0.022745353106133053,0
12780,0.1716960050046962,1
12781,0.12720286000791067,0
12782,0.012021564542298207,0
12783,0.035933239370380184,0
12784,0.10997881725274297,0
12785,0.022879053258806792,0
12786,0.13073712998211331,0
12787,0.056208346837453065,0
12788,0.11927986155691714,0
12789,0.12318301794050615,0
12790,0.010134406845705464,0
12791,0.01746553234050933,0
12792,0.06601862763922642,0
12793,0.06508873413298291,0
12794,0.07353598680299597,0
12795,0.12746535894629776,0
12796,0.040118037014124905,0
12797,0.16381968616552947,0
12798,0.04656096126002112,0
12799,0.07230192415776825,0
12800,0.0878747087205464,0
12801,0.0026777887037494545,0
12802,0.05366020778524135,0
12803,0.036127443947382785,0
12804,0.07726224637392375,0
12805,0.05402949584118892,0
12806,0.027965660193757378,0
12807,0.023029793112471546,0
12808,0.12844863666092005,0
12809,0.0555802763142153,0
12810,0.0147533325358255,0
12811,0.10497209202504389,0
12812,0.032100166049613015,0
12813,0.01887085257721268,0
12814,0.010814614738090615,0
12815,0.004550640846378255,0
12816,0.010495625279459892,0
12817,0.12551953086458284,0
12818,0.08257496576492249,0
12819,0.08352966390323818,0
12820,0.013628964320040179,0
12821,0.13835515047638108,0
12822,0.03345302893805794,0
12823,0.02284015972797474,0
12824,0.014637705132231409,0
12825,0.1445244063601524,0
12826,0.035222091653074,0
12827,0.03559192036413321,0
12828,0.11924143951593517,0
12829,0.06086409313539446,0
12830,0.06445034533510118,0
12831,0.046275544300084695,0
12832,0.0458064633303665,0
12833,0.005424061445919685,0
12834,0.007970766221926783,0
12835,0.15994956507832356,0
12836,0.022058842068929836,0
12837,0.015159120452296941,0
12838,0.09729855514430735,0
12839,0.07406079770148838,0
12840,0.06326405834502295,0
12841,0.10360371466411866,0
12842,0.27111623887993747,1
12843,0.03873714423580367,0
12844,0.07219092126514388,0
12845,0.0570785137515583,0
12846,0.0038809846830275404,0
12847,0.026414740032371632,0
12848,0.0060475593977689975,0
12849,0.0559517042208356,0
12850,0.09353082324487001,0
12851,0.15091795535727262,0
12852,0.038870670654123626,0
12853,0.22846799732712367,1
12854,0.16155451045696825,0
12855,0.11629487952896903,0
12856,0.06182263391106269,0
12857,0.08092534102194994,0
12858,0.06294593714017412,0
12859,0.08933655133801942,0
12860,0.030993906533160965,0
12861,0.05246447304014255,0
12862,0.005946781588654974,0
12863,0.10587798496388265,0
12864,0.09833549369049382,0
12865,0.05744125758929962,0
12866,0.010843210507040084,0
12867,0.11268968529535034,0
12868,0.05998281565233865,0
12869,0.02022535740204221,0
12870,0.015430481115859073,0
12871,0.09193138315697462,0
12872,0.05823754004101316,0
12873,0.0026534513704370875,0
12874,0.027104176658147284,0
12875,0.10108565547357741,0
12876,0.040531059373876514,0
12877,0.13260860218373022,0
12878,0.01567965889442645,0
12879,0.2361275842489624,1
12880,0.06757494668683864,0
12881,0.08932974463069225,0
12882,0.006529342665289794,0
12883,0.16673855711086485,0
12884,0.1728365219453324,1
12885,0.04246207376357867,0
12886,0.05101154724829385,0
12887,0.03778064732964042,0
12888,0.056934511980349684,0
12889,0.1167038694982723,0
12890,0.0052649744573282755,0
12891,0.018382811884152715,0
12892,0.047117242476136134,0
12893,0.01669764619389708,0
12894,0.2002934023890581,1
12895,0.029781164039120973,0
12896,0.07333047744412238,0
12897,0.060986435491174835,0
12898,0.10579960426520639,0
12899,0.07308818983886838,0
12900,0.014388347335694895,0
12901,0.008365811448902501,0
12902,0.2158799869113272,1
12903,0.043699638326004646,0
12904,0.056628148741132506,0
12905,0.146162385671856,0
12906,0.10635328099791179,0
12907,0.12491529542108189,0
12908,0.050744082923616846,0
12909,0.014070064647729546,0
12910,0.10318288976615576,0
12911,0.05575670716028007,0
12912,0.030407370257207987,0
12913,0.047681703858598795,0
12914,0.05003897138982343,0
12915,0.03601372986518222,0
12916,0.12203245249984442,0
12917,0.1213505468217642,0
12918,0.2648029152418108,1
12919,0.017409929426952082,0
12920,0.023513391218322195,0
12921,0.04974936326602768,0
12922,0.06301458558973572,0
12923,0.04594156085489445,0
12924,0.06648668653273572,0
12925,0.017434218452980765,0
12926,0.11522212487356193,0
12927,0.04818848199882934,0
12928,0.08851636259587663,0
12929,0.05692597884759913,0
12930,0.0315425448812874,0
12931,0.007073798117426544,0
12932,0.0162541178788593,0
12933,0.0690434471547489,0
12934,0.01592860070562278,0
12935,0.05195208914776901,0
12936,0.031592156903069886,0
12937,0.08032259127269341,0
12938,0.011083614900301676,0
12939,0.17199818421343985,1
12940,0.01695796218086591,0
12941,0.11708105084713746,0
12942,0.01953287845631486,0
12943,0.013864082270386439,0
12944,0.18861076792746595,1
12945,0.09718939125720333,0
12946,0.021017466708836485,0
12947,0.03365035373209969,0
12948,0.058580206642773656,0
12949,0.020823347031301922,0
12950,0.01364662785320067,0
12951,0.002081256637872856,0
12952,0.028820345253807323,0
12953,0.0015330714354979235,0
12954,0.06706014990535332,0
12955,0.09237424026076178,0
12956,0.2644850163380316,1
12957,0.1235197064704671,0
12958,0.03875117658795988,0
12959,0.14543639633064095,0
12960,0.07122737315923763,0
12961,0.029637602722411775,0
12962,0.07695834748447282,0
12963,0.030944341153728978,0
12964,0.06508408791490519,0
12965,0.16073087973740224,0
12966,0.04344968296585604,0
12967,0.0639901326395123,0
12968,0.04177630589726286,0
12969,0.13924286796400498,0
12970,0.010510215562487487,0
12971,0.0037338433760031914,0
12972,0.021956184912923647,0
12973,0.006625147897973956,0
12974,0.16730794932701423,0
12975,0.0033492941016200596,0
12976,0.055495512770739455,0
12977,0.11140692481293636,0
12978,0.09075355631277121,0
12979,0.06164493803998421,0
12980,0.03652515553171949,0
12981,0.11888308270281284,0
12982,0.05863222716984562,0
12983,0.014378540546665933,0
12984,0.01833399290761421,0
12985,0.02929183522087923,0
12986,0.08722588522088624,0
12987,0.06450226697487672,0
12988,0.008179448267476267,0
12989,0.02701911408814447,0
12990,0.05419236487771358,0
12991,0.008621520583191345,0
12992,0.029044413553515214,0
12993,0.006756298886396424,0
12994,0.08164022149470121,0
12995,0.0032793757563839435,0
12996,0.035477351698511565,0
12997,0.07432511669821053,0
12998,0.06977839052682677,0
12999,0.11676111968373586,0
13000,0.07279269569190001,0
13001,0.0017122816807866315,0
13002,0.027904200717632822,0
13003,0.07983019773473551,0
13004,0.001484717111802869,0
13005,0.12840051559027232,0
13006,0.003125123371416949,0
13007,0.02215153403921554,0
13008,0.03774172084721995,0
13009,0.1915864094893802,1
13010,0.16102374527946522,0
13011,0.020208549001687323,0
13012,0.10921099944510247,0
13013,0.08486771491173864,0
13014,0.00641744858142684,0
13015,0.024537275335507504,0
13016,0.05311422530137162,0
13017,0.005302706974811537,0
13018,0.10299564666986433,0
13019,0.10232764321430803,0
13020,0.025289870553823465,0
13021,0.008771017578276585,0
13022,0.009348641785791785,0
13023,0.07685835086669224,0
13024,0.004257361346453329,0
13025,0.060780590366202536,0
13026,0.057298731603831254,0
13027,0.026783586204191523,0
13028,0.14500258557788565,0
13029,0.03897893801503523,0
13030,0.007272833175477452,0
13031,0.009559977237311116,0
13032,0.019727328471034866,0
13033,0.05185709707140085,0
13034,0.021973280858661993,0
13035,0.010338432818176908,0
13036,0.06203759594446537,0
13037,0.025587226205644673,0
13038,0.006636997263799627,0
13039,0.012394125215200884,0
13040,0.06818460079261043,0
13041,0.0023599244025626076,0
13042,0.15485344135268592,0
13043,0.1983269187335551,1
13044,0.003989333064571358,0
13045,0.07449635133359858,0
13046,0.121533527783154,0
13047,0.10223597956581698,0
13048,0.04315632796378992,0
13049,0.045272953365921326,0
13050,0.026163543160609072,0
13051,0.033136908372625805,0
13052,0.05189272002362097,0
13053,0.052157117757289026,0
13054,0.07219115385629457,0
13055,0.04491174493551854,0
13056,0.02508840436464518,0
13057,0.08308129060588146,0
13058,0.09335646918899779,0
13059,0.06457653380821797,0
13060,0.012889947078313287,0
13061,0.0793786988261686,0
13062,0.013453667025007372,0
13063,0.020069669925402045,0
13064,0.012923910544300525,0
13065,0.02965552663839586,0
13066,0.0851054219777718,0
13067,0.0907208609932364,0
13068,0.017834871460116832,0
13069,0.05484494769846201,0
13070,0.05300674898828918,0
13071,0.0778140694540548,0
13072,0.12510927335319968,0
13073,0.06941352307567625,0
13074,0.10867641524488134,0
13075,0.1189510389778697,0
13076,0.009943504553425075,0
13077,0.08976629870110392,0
13078,0.04208878986746869,0
13079,0.06152354781693448,0
13080,0.07054616034954438,0
13081,0.07190188773707956,0
13082,0.04427863662583963,0
13083,0.04899855736265205,0
13084,0.16525928351080987,0
13085,0.14793640822909648,0
13086,0.058860937306573685,0
13087,0.057318482872802085,0
13088,0.09113508181290246,0
13089,0.005061536686968493,0
13090,0.07189800281768673,0
13091,0.09716582600858926,0
13092,0.03881587309174799,0
13093,0.09532333612602048,0
13094,0.025765005610697625,0
13095,0.008250967140203768,0
13096,0.016402917326388308,0
13097,0.017160594752400202,0
13098,0.028568490228109773,0
13099,0.035963719031867854,0
13100,0.019116931841002938,0
13101,0.012610481355224261,0
13102,0.15589470107352174,0
13103,0.009992394543934132,0
13104,0.013588147113738762,0
13105,0.05190133184356758,0
13106,0.014134162965765803,0
13107,0.23958243804257545,1
13108,0.20498858579812348,1
13109,0.02704767283369452,0
13110,0.00508394392419503,0
13111,0.055464190758836726,0
13112,0.03981218307414857,0
13113,0.008625479385573431,0
13114,0.061796678883267724,0
13115,0.04061886584833094,0
13116,0.08895555599239482,0
13117,0.08684077019573794,0
13118,0.013634300882408001,0
13119,0.11727251415880274,0
13120,0.03520565304761821,0
13121,0.04993261720697715,0
13122,0.029505317801906423,0
13123,0.017808076323982343,0
13124,0.24575001464207832,1
13125,0.006407576689140404,0
13126,0.05766124715359004,0
13127,0.06455812578298875,0
13128,0.025242489701526382,0
13129,0.06043475256708415,0
13130,0.01667567009178413,0
13131,0.011824109322033757,0
13132,0.0014849525204116679,0
13133,0.03902519733206343,0
13134,0.03246814538470753,0
13135,0.050237593875694014,0
13136,0.07268109739975,0
13137,0.03613924738179393,0
13138,0.1665032644062257,0
13139,0.05577378981307049,0
13140,0.01187978882406604,0
13141,0.03468388000124188,0
13142,0.11884870949613952,0
13143,0.012287961234773234,0
13144,0.1116025661210497,0
13145,0.03991530838855075,0
13146,0.03845377633680639,0
13147,0.145603340542725,0
13148,0.06716316002910346,0
13149,0.02453507026304474,0
13150,0.027545866602867376,0
13151,0.03248721374013693,0
13152,0.09846940398689936,0
13153,0.041745995949783385,0
13154,0.13228566086758875,0
13155,0.025561666633180734,0
13156,0.030704284177698275,0
13157,0.11752074429764005,0
13158,0.07436726547708726,0
13159,0.013826382566383274,0
13160,0.005790327918670712,0
13161,0.06042543234309763,0
13162,0.08032161909820677,0
13163,0.11918686992920385,0
13164,0.03682914735027246,0
13165,0.015783260497304868,0
13166,0.1745492109332192,1
13167,0.10787037124805479,0
13168,0.056398558204338194,0
13169,0.10876604119305082,0
13170,0.045963597649183084,0
13171,0.041164135806695444,0
13172,0.030939549299715853,0
13173,0.16749174772646852,0
13174,0.017456488763581184,0
13175,0.13593022564549942,0
13176,0.006259840915856948,0
13177,0.13796456842944363,0
13178,0.054237534880089915,0
13179,0.05365188584349972,0
13180,0.10879495374707175,0
13181,0.006668229937499589,0
13182,0.15014154622586026,0
13183,0.10496304978995828,0
13184,0.039621894614251744,0
13185,0.1254978114040502,0
13186,0.14504581247830037,0
13187,0.14008410438186328,0
13188,0.05291311669208217,0
13189,0.03581182187447559,0
13190,0.02144110655191286,0
13191,0.02799119454039311,0
13192,0.05493639536507322,0
13193,0.040690419310160535,0
13194,0.031761897740196235,0
13195,0.0036766811095998515,0
13196,0.06401003895242442,0
13197,0.041468710960013165,0
13198,0.09919231949791872,0
13199,0.03326618641688941,0
13200,0.06192952016916726,0
13201,0.1329764561967563,0
13202,0.006784684784981968,0
13203,0.025934481088767756,0
13204,0.1946513264063942,1
13205,0.0062746069451612135,0
13206,0.010176507517504466,0
13207,0.017446752643671022,0
13208,0.011273323279214242,0
13209,0.010595558731818996,0
13210,0.053376304994354744,0
13211,0.0970151770643976,0
13212,0.2508615414432713,1
13213,0.016562816285510054,0
13214,0.13894986794665465,0
13215,0.020171903412218226,0
13216,0.038944194191388594,0
13217,0.03614243302723564,0
13218,0.06485290788285385,0
13219,0.01332594786178117,0
13220,0.007739840899232697,0
13221,0.01266899448976615,0
13222,0.016765148524869884,0
13223,0.007554661124815939,0
13224,0.03046526989124667,0
13225,0.05506065920555773,0
13226,0.10357981437209314,0
13227,0.0025598147446387848,0
13228,0.03556772036822547,0
13229,0.05827600330032782,0
13230,0.010024031024117567,0
13231,0.0147596646939213,0
13232,0.009999974015240746,0
13233,0.026575340910587376,0
13234,0.07969418448010135,0
13235,0.07679738141232602,0
13236,0.004332028935897703,0
13237,0.07011590095163547,0
13238,0.04000691120246865,0
13239,0.11229264346079937,0
13240,0.16858945991590193,0
13241,0.027821903430475272,0
13242,0.052600767608561715,0
13243,0.13886389129466511,0
13244,0.08706459801232622,0
13245,0.1184118893141905,0
13246,0.07318391423009614,0
13247,0.0344843432484582,0
13248,0.031236840787518257,0
13249,0.24057270427234675,1
13250,0.07562906015307953,0
13251,0.08547089144357448,0
13252,0.13089342225587322,0
13253,0.0656290490758252,0
13254,0.036450841995920615,0
13255,0.003607802247243804,0
13256,0.07141201711266477,0
13257,0.02985579640635955,0
13258,0.05255171778764059,0
13259,0.009569824286707303,0
13260,0.003493550622680286,0
13261,0.030445617546815445,0
13262,0.07140335562011721,0
13263,0.10111565156510753,0
13264,0.03470379932482122,0
13265,0.06627044635371877,0
13266,0.15915119814951964,0
13267,0.04567389136137654,0
13268,0.14319303507428363,0
13269,0.07060113048472928,0
13270,0.0340765052933062,0
13271,0.16470928490000497,0
13272,0.07758226549564577,0
13273,0.05327812818705605,0
13274,0.006270419304110349,0
13275,0.009979270470555853,0
13276,0.030772486707687768,0
13277,0.12317716175734593,0
13278,0.17915262737973778,1
13279,0.11259125658903373,0
13280,0.0935242778298943,0
13281,0.014327751445088629,0
13282,0.05535100231983609,0
13283,0.0344871865033115,0
13284,0.07303186998161566,0
13285,0.048891218599302594,0
13286,0.003462659927848984,0
13287,0.04496405132290778,0
13288,0.06588518475733404,0
13289,0.026845331604161877,0
13290,0.04803338829113756,0
13291,0.009716169391908454,0
13292,0.01204752557994068,0
13293,0.06477790228171441,0
13294,0.054924593565147097,0
13295,0.011698360977528003,0
13296,0.042334616860778454,0
13297,0.048587064434672624,0
13298,0.09833463176647493,0
13299,0.004757664898932789,0
13300,0.035225687730100666,0
13301,0.016600278313317916,0
13302,0.053786596790319254,0
13303,0.022894440544236245,0
13304,0.0820681374082591,0
13305,0.04089990590195989,0
13306,0.04807348778068662,0
13307,0.11456212607781056,0
13308,0.008676712511021733,0
13309,0.03427313523405611,0
13310,0.07410266310544218,0
13311,0.12928710532397003,0
13312,0.05469811607408599,0
13313,0.023826312124210682,0
13314,0.006371091312238319,0
13315,0.0019549693326447776,0
13316,0.11746483776687387,0
13317,0.17193051041656154,1
13318,0.06593823370116066,0
13319,0.013141315084958756,0
13320,0.03777144902127004,0
13321,0.07314699887213845,0
13322,0.027532930472125336,0
13323,0.02172955024952227,0
13324,0.046221195783938636,0
13325,0.05023839234720993,0
13326,0.006103733938728043,0
13327,0.059652796193356096,0
13328,0.05133064931680721,0
13329,0.1609088085881864,0
13330,0.03597034825504759,0
13331,0.01692275634027083,0
13332,0.014905429085584239,0
13333,0.12255313412176738,0
13334,0.08008343601772303,0
13335,0.2356055836535379,1
13336,0.02216316788487903,0
13337,0.0849735054371255,0
13338,0.1793675891098835,1
13339,0.16022030693210876,0
13340,0.04442078404440939,0
13341,0.021547248870433452,0
13342,0.0008694330590069077,0
13343,0.09377623754705437,0
13344,0.006518151345183261,0
13345,0.014807026627529463,0
13346,0.15035482118160165,0
13347,0.05480354727874975,0
13348,0.03862298403827762,0
13349,0.05722367752452274,0
13350,0.05616433572937007,0
13351,0.01757840846282126,0
13352,0.013991380814887726,0
13353,0.0579642807766663,0
13354,0.0177806740254333,0
13355,0.028439248624008425,0
13356,0.11493469927692983,0
13357,0.03510912994967642,0
13358,0.0596936022994893,0
13359,0.13905830952404932,0
13360,0.06011019568000688,0
13361,0.013550431568243664,0
13362,0.10903592614714541,0
13363,0.030825664051533353,0
13364,0.05355500423432673,0
13365,0.06470891739584582,0
13366,0.05173250396796574,0
13367,0.22185579789436508,1
13368,0.008951119450584067,0
13369,0.038859499480745525,0
13370,0.015313725022884018,0
13371,0.05559952231114933,0
13372,0.13773320092598443,0
13373,0.031210182083888854,0
13374,0.10031731442905643,0
13375,0.005570946085262859,0
13376,0.08635990742042017,0
13377,0.13997302714838186,0
13378,0.1537657118941979,0
13379,0.011894513063536697,0
13380,0.049470686662759236,0
13381,0.057484869823428646,0
13382,0.01717273530066214,0
13383,0.02343189953405267,0
13384,0.06138452169029622,0
13385,0.046885792958615675,0
13386,0.013077613723100946,0
13387,0.023718647687425338,0
13388,0.1448453321054947,0
13389,0.3238815284516442,1
13390,0.019389199203747407,0
13391,0.03266543038276754,0
13392,0.005989277395615048,0
13393,0.02942922553523745,0
13394,0.15984066084992155,0
13395,0.08304122416690753,0
13396,0.13383382074668934,0
13397,0.10290787697590058,0
13398,0.1562715998744543,0
13399,0.029415040074386903,0
13400,0.009333089277595004,0
13401,0.0934746871939263,0
13402,0.15302464666851828,0
13403,0.1090387730099011,0
13404,0.015420406181087812,0
13405,0.06938070544503772,0
13406,0.010629292274012658,0
13407,0.01530629014394705,0
13408,0.2306593788613935,1
13409,0.04826816449673548,0
13410,0.07542071259323496,0
13411,0.21652655743210816,1
13412,0.013016788587531228,0
13413,0.02228283951777199,0
13414,0.17925818215001593,1
13415,0.11299552832972057,0
13416,0.20490411334502842,1
13417,0.019634456624013204,0
13418,0.16671309963727865,0
13419,0.006501667681475509,0
13420,0.04719852089033402,0
13421,0.015460657993873328,0
13422,0.10678486977604991,0
13423,0.10608036064539676,0
13424,0.11188240360303427,0
13425,0.004340522494474127,0
13426,0.011373148619364122,0
13427,0.006982040501757503,0
13428,0.04634718137943599,0
13429,0.14588278906136815,0
13430,0.07564041116023718,0
13431,0.01290516984956361,0
13432,0.13097989870472015,0
13433,0.0039728849870408105,0
13434,0.0195505649369509,0
13435,0.14217562392507815,0
13436,0.0852392673539634,0
13437,0.19089967662666568,1
13438,0.046386818967851226,0
13439,0.21771140484142143,1
13440,0.003698955861691644,0
13441,0.05483559245717389,0
13442,0.008274966419119126,0
13443,0.028208159803120355,0
13444,0.02527062470474019,0
13445,0.12413024355402555,0
13446,0.007789281392051528,0
13447,0.07180018699465827,0
13448,0.014753615817600537,0
13449,0.016969411706116957,0
13450,0.10399021120838785,0
13451,0.012939949308958476,0
13452,0.06024490461039216,0
13453,0.0335905136875856,0
13454,0.056394729828179765,0
13455,0.06270938186911838,0
13456,0.02106182501438035,0
13457,0.149483738199288,0
13458,0.15085839840281626,0
13459,0.19582724987922973,1
13460,0.04278422002113073,0
13461,0.008630809218857217,0
13462,0.015569358432130365,0
13463,0.13079791767109766,0
13464,0.016812576523684137,0
13465,0.10818528685535446,0
13466,0.153067100071033,0
13467,0.1342977956628123,0
13468,0.11923391767432244,0
13469,0.17854496249314092,1
13470,0.0025811093554083914,0
13471,0.012317650130428463,0
13472,0.03742151506956029,0
13473,0.07575167965460862,0
13474,0.02029400770256029,0
13475,0.0816678720105572,0
13476,0.16276559904738563,0
13477,0.022969419703976056,0
13478,0.06327952285150402,0
13479,0.03505367501935741,0
13480,0.040105211551997214,0
13481,0.08285141204722797,0
13482,0.017928452820517204,0
13483,0.032088374278346994,0
13484,0.10140446081988658,0
13485,0.04579662850977928,0
13486,0.044911626815098825,0
13487,0.03840136454790774,0
13488,0.02771230443555543,0
13489,0.0035176386035101165,0
13490,0.12034407422272295,0
13491,0.057254691378875726,0
13492,0.05246596037728804,0
13493,0.057651198922037225,0
13494,0.021570022978567797,0
13495,0.01988055283599793,0
13496,0.15325577287246656,0
13497,0.03702351158469974,0
13498,0.07140163872968747,0
13499,0.15358147884963871,0
13500,0.023063587818343455,0
13501,0.058150012061242616,0
13502,0.054797592417889444,0
13503,0.006700950427726752,0
13504,0.12957227887136127,0
13505,0.03626266297345752,0
13506,0.029978525086246256,0
13507,0.06629585482682622,0
13508,0.015915197943153585,0
13509,0.09605912942388602,0
13510,0.013395758124853607,0
13511,0.031223754282710892,0
13512,0.01908126449169878,0
13513,0.02152362114948104,0
13514,0.012561953139606204,0
13515,0.0753106800595133,0
13516,0.07383891671233316,0
13517,0.08243943725331113,0
13518,0.18850693783264447,1
13519,0.07505809276343232,0
13520,0.06632548936515376,0
13521,0.13067493487809406,0
13522,0.09139577729058695,0
13523,0.023705360651107673,0
13524,0.030228238741579413,0
13525,0.012792631039552393,0
13526,0.13839597522246674,0
13527,0.03555251238371952,0
13528,0.021427666726448455,0
13529,0.034752832189827804,0
13530,0.039760641452644935,0
13531,0.1528728067838942,0
13532,0.0035410327471762167,0
13533,0.008722845260403145,0
13534,0.009759029192557896,0
13535,0.016507667911781147,0
13536,0.04337705791164715,0
13537,0.10666952300988,0
13538,0.09093129671148104,0
13539,0.06297222293249691,0
13540,0.04581008974654288,0
13541,0.0891538491217304,0
13542,0.029780334638892462,0
13543,0.051040124301392424,0
13544,0.1666556849089316,0
13545,0.06553701340151202,0
13546,0.10314519081872553,0
13547,0.04865209104459502,0
13548,0.06052362848968819,0
13549,0.019013254666353566,0
13550,0.004044860605324282,0
13551,0.032158891391585294,0
13552,0.04988212662013969,0
13553,0.11016077810481552,0
13554,0.14291433624235986,0
13555,0.07009921609508227,0
13556,0.0010655318996964998,0
13557,0.015623344444576921,0
13558,0.021348938336949248,0
13559,0.08092758733242084,0
13560,0.025416849739015288,0
13561,0.035627645041318955,0
13562,0.2213858615049938,1
13563,0.002272555766632937,0
13564,0.12405819243753696,0
13565,0.0875086940415543,0
13566,0.16244221175481008,0
13567,0.039335700246637566,0
13568,0.10252151532002346,0
13569,0.034975702186291015,0
13570,0.09626550370028203,0
13571,0.0872186311012296,0
13572,0.03538356900061392,0
13573,0.14256608359553286,0
13574,0.02417804669828368,0
13575,0.007006238561576161,0
13576,0.0482928273806376,0
13577,0.10332845656637062,0
13578,0.08289923259422972,0
13579,0.07215721432441491,0
13580,0.05072439691783106,0
13581,0.0021433839103305245,0
13582,0.04462597230845909,0
13583,0.09747870783239938,0
13584,0.050795621689453264,0
13585,0.07626340148351218,0
13586,0.12371823171769343,0
13587,0.03704981742264614,0
13588,0.007157946493876673,0
13589,0.0624731853363759,0
13590,0.035160260884582954,0
13591,0.012555821318060352,0
13592,0.08846795654114785,0
13593,0.16966333129616062,0
13594,0.03127299544072669,0
13595,0.013480301164185741,0
13596,0.141065950491721,0
13597,0.008564694727914124,0
13598,0.003849778571730404,0
13599,0.13910806508638332,0
13600,0.10908772775222078,0
13601,0.10214443131384214,0
13602,0.1456531879945285,0
13603,0.016164810141285804,0
13604,0.025904401273308775,0
13605,0.013258489176851225,0
13606,0.21894643510641928,1
13607,0.038018419008882386,0
13608,0.14118195661135388,0
13609,0.03422962385764709,0
13610,0.06797336948254631,0
13611,0.033549441762485636,0
13612,0.010944818776249294,0
13613,0.06057355429827635,0
13614,0.09431073795944078,0
13615,0.08745488376541714,0
13616,0.0463958075306702,0
13617,0.011831253761081644,0
13618,0.007858416706881683,0
13619,0.17669091589865354,1
13620,0.007792388290054701,0
13621,0.03624171372270836,0
13622,0.11193763427528243,0
13623,0.06590761789031058,0
13624,0.17180067528486656,1
13625,0.058389538238161766,0
13626,0.05385599477842256,0
13627,0.029135667167224304,0
13628,0.030869523243521317,0
13629,0.12310047458641296,0
13630,0.07926050047743424,0
13631,0.01473046442635031,0
13632,0.04193476976236107,0
13633,0.06499641953080175,0
13634,0.0063520768656267915,0
13635,0.021256989556070152,0
13636,0.006823449461219592,0
13637,0.0830630774094739,0
13638,0.008312252745361877,0
13639,0.00979521855815552,0
13640,0.10521413787610175,0
13641,0.004279685885970304,0
13642,0.07077736603671395,0
13643,0.03282889590792516,0
13644,0.058617438132180975,0
13645,0.016817662086101463,0
13646,0.17100011220253564,1
13647,0.029937809277524874,0
13648,0.05510422661060152,0
13649,0.1351558060257438,0
13650,0.011290714562375063,0
13651,0.0036835458761863044,0
13652,0.0605188507368956,0
13653,0.0313585174260791,0
13654,0.0225081178447399,0
13655,0.04064196631483906,0
13656,0.06626213762371672,0
13657,0.0915185779485091,0
13658,0.045541891456479196,0
13659,0.14993615945950173,0
13660,0.06045184738333318,0
13661,0.04054813302174716,0
13662,0.03444301661233202,0
13663,0.007340756598185738,0
13664,0.05300534867868658,0
13665,0.05889714824740156,0
13666,0.1106696947532584,0
13667,0.020620602914912432,0
13668,0.020368426974123815,0
13669,0.11383613365926652,0
13670,0.00958070561659885,0
13671,0.01098778433771935,0
13672,0.08030138053929507,0
13673,0.005302933321350575,0
13674,0.01654863730659064,0
13675,0.01956324339717633,0
13676,0.060629753162454864,0
13677,0.03861903572344572,0
13678,0.015091091623722892,0
13679,0.03649755660566209,0
13680,0.03299784380959654,0
13681,0.0466981321803305,0
13682,0.1857053309558579,1
13683,0.027048716730271604,0
13684,0.007040173264347827,0
13685,0.030167271167715802,0
13686,0.08422717802435775,0
13687,0.017621098647195188,0
13688,0.006711614963004616,0
13689,0.15195841832926493,0
13690,0.038070009364710757,0
13691,0.06704512045939565,0
13692,0.03308954056068509,0
13693,0.010915603721994545,0
13694,0.14676294967192358,0
13695,0.04193011500738111,0
13696,0.019208726515693837,0
13697,0.08422990170810336,0
13698,0.07943971538793539,0
13699,0.020269352701715006,0
13700,0.05332696548494408,0
13701,0.027213063602534483,0
13702,0.05531271533677894,0
13703,0.16911279317855332,0
13704,0.14311977892511638,0
13705,0.08337665882842259,0
13706,0.004576047881496377,0
13707,0.061530132142537296,0
13708,0.028320180562789198,0
13709,0.03341409456722953,0
13710,0.10636420110786196,0
13711,0.04979365343714201,0
13712,0.017515553571940293,0
13713,0.03898714622497633,0
13714,0.07244686695484169,0
13715,0.047352112895698434,0
13716,0.2160613909639037,1
13717,0.013921054892573862,0
13718,0.020339236293637594,0
13719,0.02765331656894095,0
13720,0.04604542825567866,0
13721,0.018538004016382576,0
13722,0.04884582963775839,0
13723,0.005504694025492207,0
13724,0.07735454934070378,0
13725,0.0064040510247683384,0
13726,0.13567362015590387,0
13727,0.012516692505328823,0
13728,0.06690835531183283,0
13729,0.1151464650735408,0
13730,0.24317020104426304,1
13731,0.004750510523505806,0
13732,0.030951119570077908,0
13733,0.038992835112656866,0
13734,0.007440786350167279,0
13735,0.046815473001148585,0
13736,0.02102553568550222,0
13737,0.03533400950200102,0
13738,0.0038225149942568834,0
13739,0.015771114568670256,0
13740,0.015519246957208403,0
13741,0.027846417338987257,0
13742,0.1928960053210563,1
13743,0.04125766549829869,0
13744,0.04688594028383507,0
13745,0.00446794808758424,0
13746,0.08424796671930324,0
13747,0.00837159056803339,0
13748,0.24488069177971028,1
13749,0.14732982434249262,0
13750,0.18442054425901763,1
13751,0.11255485261726644,0
13752,0.22363693458169426,1
13753,0.022310687878073228,0
13754,0.05428471075856037,0
13755,0.04540163040289454,0
13756,0.017088153949380385,0
13757,0.10172900665655883,0
13758,0.014794403352364016,0
13759,0.0810446154407373,0
13760,0.09461623620464833,0
13761,0.03030715173549616,0
13762,0.14428898987132968,0
13763,0.035692223236012385,0
13764,0.05836086116066079,0
13765,0.03130829360177472,0
13766,0.013284887938424831,0
13767,0.004394412291071537,0
13768,0.062057566193100884,0
13769,0.075944135712897,0
13770,0.01326787502362808,0
13771,0.12998890636753024,0
13772,0.040807499564593695,0
13773,0.005270543859396781,0
13774,0.09763388091705023,0
13775,0.2178294671303337,1
13776,0.05014775686937175,0
13777,0.01489356475959495,0
13778,0.0026872603433620856,0
13779,0.0734640818264771,0
13780,0.04334340564211036,0
13781,0.008554064747566422,0
13782,0.036614696593326584,0
13783,0.030484238426908263,0
13784,0.01500319804871452,0
13785,0.029090839395487542,0
13786,0.03987894259404445,0
13787,0.11654978056453909,0
13788,0.03634423372548989,0
13789,0.05671559726416799,0
13790,0.039449433414254206,0
13791,0.010717607286514216,0
13792,0.009776978533435399,0
13793,0.025774784934824626,0
13794,0.04690263806308463,0
13795,0.13524428622921641,0
13796,0.04234948104758508,0
13797,0.042002025383226234,0
13798,0.010457350938172082,0
13799,0.008699413343307342,0
13800,0.08400661641029526,0
13801,0.044831121915685196,0
13802,0.08688161034953336,0
13803,0.028686014800850933,0
13804,0.1263119607504689,0
13805,0.03365853652725297,0
13806,0.05101435987530192,0
13807,0.028267101462217108,0
13808,0.030210242736230467,0
13809,0.040355170742537,0
13810,0.030515048906750622,0
13811,0.00797814664203372,0
13812,0.015585788582287296,0
13813,0.13758990326802134,0
13814,0.10111075761752983,0
13815,0.036976139479298675,0
13816,0.07087763258511753,0
13817,0.038372445376844984,0
13818,0.09089746713413367,0
13819,0.056553036854207164,0
13820,0.011576586172372894,0
13821,0.007702975707864083,0
13822,0.10556398413953123,0
13823,0.031603109688211346,0
13824,0.1165727031300274,0
13825,0.1188248173175557,0
13826,0.11410224526638772,0
13827,0.05219777868189915,0
13828,0.0601267762862363,0
13829,0.052505640928069315,0
13830,0.01570802369545726,0
13831,0.03205967993486233,0
13832,0.018782431277198815,0
13833,0.0681290817511838,0
13834,0.02764238929461953,0
13835,0.005443797071967375,0
13836,0.03701626254774574,0
13837,0.019038047486076272,0
13838,0.14952449677893254,0
13839,0.16748552379889334,0
13840,0.010401956608056562,0
13841,0.038339378817335096,0
13842,0.02509177868239895,0
13843,0.014629657395843676,0
13844,0.024761163509088878,0
13845,0.08143907999840322,0
13846,0.010162756901900197,0
13847,0.0904874475676543,0
13848,0.06542595731776393,0
13849,0.08922494100171997,0
13850,0.08811046349608773,0
13851,0.049980586485045365,0
13852,0.14498497082272457,0
13853,0.05955950519139955,0
13854,0.012069764526298784,0
13855,0.12816535563347936,0
13856,0.0017324232992215046,0
13857,0.1433580361365226,0
13858,0.03487750846434701,0
13859,0.008090148992778764,0
13860,0.0704741522556079,0
13861,0.09649937325275415,0
13862,0.04443683213543581,0
13863,0.02531739459865657,0
13864,0.03787862090188767,0
13865,0.06001603842284545,0
13866,0.05551679350420071,0
13867,0.04766625666755721,0
13868,0.02189658991458195,0
13869,0.051738504242209014,0
13870,0.030322453587100357,0
13871,0.07713168443032813,0
13872,0.11227292653539521,0
13873,0.16356754582559824,0
13874,0.019634772799233202,0
13875,0.019008082465871365,0
13876,0.06105311105142828,0
13877,0.006634883165174591,0
13878,0.014696308743940093,0
13879,0.12183486716086661,0
13880,0.006988526267026995,0
13881,0.028379580208057465,0
13882,0.018483545004201143,0
13883,0.18231132212044782,1
13884,0.004803226285464161,0
13885,0.012828604918216743,0
13886,0.09787912730608164,0
13887,0.13679141744377318,0
13888,0.05270357774342906,0
13889,0.0348520874429379,0
13890,0.10808229939510647,0
13891,0.025640379716402983,0
13892,0.01336625407103688,0
13893,0.012512616471307436,0
13894,0.01916210610367465,0
13895,0.09134869071326467,0
13896,0.14420185664479387,0
13897,0.0650276178148814,0
13898,0.01650753057458605,0
13899,0.14553828984399464,0
13900,0.003187790471473558,0
13901,0.07064467864227324,0
13902,0.061196927306785824,0
13903,0.01887820365859027,0
13904,0.0332318827798056,0
13905,0.09770116481113471,0
13906,0.15784660509938706,0
13907,0.007957461997435456,0
13908,0.017848084258764614,0
13909,0.020698696563400863,0
13910,0.03544394647518776,0
13911,0.1222314791636177,0
13912,0.002171823560373398,0
13913,0.11043900441405317,0
13914,0.07111114019045708,0
13915,0.11817839260344538,0
13916,0.006441165515540807,0
13917,0.06898516927575751,0
13918,0.04114900813871972,0
13919,0.017885468314660483,0
13920,0.021393567240245593,0
13921,0.043960562979936904,0
13922,0.045991898014098184,0
13923,0.15167351265705975,0
13924,0.055635247079693466,0
13925,0.06291271555046765,0
13926,0.016412959374505605,0
13927,0.021994972700360178,0
13928,0.07187309720970528,0
13929,0.08834811801352523,0
13930,0.051649661492617766,0
13931,0.007824675033256175,0
13932,0.00842862119487533,0
13933,0.09939687797936637,0
13934,0.031114529694529613,0
13935,0.05040917592535295,0
13936,0.10375310386129571,0
13937,0.06495779446458144,0
13938,0.022230528759433425,0
13939,0.004321165933740967,0
13940,0.07904492337051897,0
13941,0.07148196698160834,0
13942,0.045914117921814206,0
13943,0.11356278856327741,0
13944,0.028440911795470147,0
13945,0.0020597417372070657,0
13946,0.10908955834220499,0
13947,0.04984495400595553,0
13948,0.10004020926328008,0
13949,0.1124674316066507,0
13950,0.10442567862189892,0
13951,0.07242561324245833,0
13952,0.0810586432828524,0
13953,0.06375754958985724,0
13954,0.16311040344644379,0
13955,0.07919639231404138,0
13956,0.04121874883408917,0
13957,0.02694723713726625,0
13958,0.08836298359655818,0
13959,0.06181839953892176,0
13960,0.04224946302807074,0
13961,0.16233312936529712,0
13962,0.07949090468423646,0
13963,0.0674781773566074,0
13964,0.017048278417628578,0
13965,0.017684115615085063,0
13966,0.025628495270944594,0
13967,0.03356624382062222,0
13968,0.0741099981755749,0
13969,0.07344235481587764,0
13970,0.20524009198830698,1
13971,0.017461961458218798,0
13972,0.014871976091112838,0
13973,0.1406268362370356,0
13974,0.004185163472326329,0
13975,0.03996611997274746,0
13976,0.02487455335053402,0
13977,0.00587248105492324,0
13978,0.02004158661127727,0
13979,0.06135982940816373,0
13980,0.0013347011306946784,0
13981,0.006805743118358391,0
13982,0.006449588893371779,0
13983,0.19504615989529547,1
13984,0.01538988818822166,0
13985,0.004733353335324386,0
13986,0.10556445309144614,0
13987,0.08374771197353932,0
13988,0.02468491899071994,0
13989,0.2796141582893739,1
13990,0.07070987834536115,0
13991,0.045030766781756014,0
13992,0.06734130574271482,0
13993,0.00805351985981874,0
13994,0.15252697366962337,0
13995,0.07052888808756107,0
13996,0.041091080789799804,0
13997,0.07111006044481745,0
13998,0.08994276887742615,0
13999,0.0074058943345896395,0
14000,0.12730326606177575,0
14001,0.14104712642653092,0
14002,0.018560276839620894,0
14003,0.005222749160895786,0
14004,0.12185311676527583,0
14005,0.10628225292323897,0
14006,0.044764649818252095,0
14007,0.050954613629252674,0
14008,0.17975960916313713,1
14009,0.006508872308668701,0
14010,0.05842287559225182,0
14011,0.04591596607971605,0
14012,0.23025784099328217,1
14013,0.044955676064295944,0
14014,0.029889878384444967,0
14015,0.07397339639935009,0
14016,0.16325046313091932,0
14017,0.033800529861892865,0
14018,0.010573708189770378,0
14019,0.1387836224158988,0
14020,0.06384170852982377,0
14021,0.11365482505822538,0
14022,0.05061708275935174,0
14023,0.012925642214672723,0
14024,0.11797892817566988,0
14025,0.06840384541915948,0
14026,0.040705481231697684,0
14027,0.005756245618408662,0
14028,0.11592787206634106,0
14029,0.006670368027847092,0
14030,0.0577628759835421,0
14031,0.004788024390047337,0
14032,0.10444971590046327,0
14033,0.0411117376724651,0
14034,0.045360725250231916,0
14035,0.040365861625605216,0
14036,0.14527790159544976,0
14037,0.020935101307487748,0
14038,0.017461094421635955,0
14039,0.10471917163515396,0
14040,0.059322112178239024,0
14041,0.004442531504026618,0
14042,0.1310955910125386,0
14043,0.19954947041980092,1
14044,0.13344529304091984,0
14045,0.0016627250055949747,0
14046,0.04470425935596258,0
14047,0.027532853200396105,0
14048,0.14344880907254162,0
14049,0.03796622035886711,0
14050,0.2169301634412019,1
14051,0.013487983731831747,0
14052,0.10280889590376703,0
14053,0.07729290150362807,0
14054,0.0053232578323827665,0
14055,0.047606812737017744,0
14056,0.10463572819332814,0
14057,0.20127101021703228,1
14058,0.017049712409210094,0
14059,0.0648685461901103,0
14060,0.0018479536312215883,0
14061,0.08545645991840667,0
14062,0.016357380724272085,0
14063,0.024768024747835148,0
14064,0.008806626051891005,0
14065,0.10319906126211273,0
14066,0.05387521247850801,0
14067,0.09840415163376741,0
14068,0.1432868071573507,0
14069,0.02677377000557226,0
14070,0.13853172887102214,0
14071,0.1626646258189443,0
14072,0.10830169354585599,0
14073,0.024349535477432904,0
14074,0.05503653168990398,0
14075,0.008581158273720739,0
14076,0.03701157141493066,0
14077,0.051255144236770175,0
14078,0.19031782976787726,1
14079,0.0608452950805722,0
14080,0.08697332524792609,0
14081,0.027940824784482232,0
14082,0.04141825552146365,0
14083,0.01669348398814993,0
14084,0.026958054766006257,0
14085,0.04220208492000678,0
14086,0.08492975511539876,0
14087,0.07460732777831272,0
14088,0.11868225482428212,0
14089,0.04695137236739567,0
14090,0.18422976429060625,1
14091,0.08286951696488178,0
14092,0.028279231100025216,0
14093,0.03383781222376525,0
14094,0.11282882394492753,0
14095,0.003987182535661134,0
14096,0.03900619889805543,0
14097,0.08114384118385796,0
14098,0.039480452072261266,0
14099,0.028751505524100197,0
14100,0.010828685223613717,0
14101,0.11354998036137003,0
14102,0.041845730705719626,0
14103,0.04435916839575853,0
14104,0.04932441170302868,0
14105,0.19546786649219422,1
14106,0.16030036642583667,0
14107,0.13394834922982166,0
14108,0.0719784905719781,0
14109,0.08576886882962868,0
14110,0.07165289676283004,0
14111,0.03651340268449662,0
14112,0.06858012323562712,0
14113,0.08064428102519576,0
14114,0.011813092318472251,0
14115,0.005342912790348065,0
14116,0.012612438291244477,0
14117,0.18457385843929536,1
14118,0.05878959102377702,0
14119,0.0958184140015321,0
14120,0.1448016551553102,0
14121,0.03784850396739318,0
14122,0.00825108725910222,0
14123,0.01897155210557482,0
14124,0.06961413599774498,0
14125,0.18401079453899247,1
14126,0.07693894227085242,0
14127,0.14686377250758378,0
14128,0.09958501598343758,0
14129,0.009452940516126166,0
14130,0.06459655883129385,0
14131,0.022401279899702798,0
14132,0.02797887544416962,0
14133,0.1682881197504432,0
14134,0.03589065510274052,0
14135,0.11325149841752744,0
14136,0.07669287764322992,0
14137,0.0965482329303692,0
14138,0.14719379539242589,0
14139,0.179363231322008,1
14140,0.1134506092786579,0
14141,0.06095740780284583,0
14142,0.022210347977172768,0
14143,0.1472589079213549,0
14144,0.18498354177487006,1
14145,0.0896939461073465,0
14146,0.04543392855034887,0
14147,0.010739030028939271,0
14148,0.09021719964785521,0
14149,0.26203415593687046,1
14150,0.07517738440016462,0
14151,0.1424110164407639,0
14152,0.0654029132548695,0
14153,0.05871952473119758,0
14154,0.030922469182710778,0
14155,0.06366272493881037,0
14156,0.0842372541645793,0
14157,0.011750983802453142,0
14158,0.01164442675049792,0
14159,0.01735001669368763,0
14160,0.05897103121556177,0
14161,0.09015150175847249,0
14162,0.11602090734777398,0
14163,0.04269858249326778,0
14164,0.01144039273097585,0
14165,0.03073008963461056,0
14166,0.09671495679729886,0
14167,0.005740175252619191,0
14168,0.005802876401353707,0
14169,0.10400528389095358,0
14170,0.02611582631281994,0
14171,0.16586710621221093,0
14172,0.061045382032745885,0
14173,0.032882851866005355,0
14174,0.10741394331676506,0
14175,0.11622686514256433,0
14176,0.02237575836187251,0
14177,0.028140873099092367,0
14178,0.06078684248881276,0
14179,0.2330015622283959,1
14180,0.17994356850912077,1
14181,0.027840056894312407,0
14182,0.010193300085286827,0
14183,0.0801763527078644,0
14184,0.09848757845247201,0
14185,0.2078461352348347,1
14186,0.1201832568844423,0
14187,0.1898925798927767,1
14188,0.016832789178315988,0
14189,0.11614720028324263,0
14190,0.038643717806522856,0
14191,0.14533889505216785,0
14192,0.06700985602954752,0
14193,0.02873161150479703,0
14194,0.03596416770943574,0
14195,0.001857902935119619,0
14196,0.04038150063648583,0
14197,0.1033068486351406,0
14198,0.14537519761966958,0
14199,0.08905000921843235,0
14200,0.11559879183091777,0
14201,0.11118671240673803,0
14202,0.12502261675630605,0
14203,0.010681310986908514,0
14204,0.06131562836519901,0
14205,0.015771860901392244,0
14206,0.059937774568331444,0
14207,0.06101695900312089,0
14208,0.016908546428071165,0
14209,0.0679766331578498,0
14210,0.0647044585102632,0
14211,0.17097454878687077,1
14212,0.02889457605895162,0
14213,0.12470542649332277,0
14214,0.04491547646801346,0
14215,0.02750476891596061,0
14216,0.0795121264981575,0
14217,0.13362440606692086,0
14218,0.011267867922769511,0
14219,0.009952415322002476,0
14220,0.024189194169736476,0
14221,0.00784869116791364,0
14222,0.14088917037210524,0
14223,0.10133912752173102,0
14224,0.08543491171692112,0
14225,0.019461360221006942,0
14226,0.046455259020808465,0
14227,0.03268048827712024,0
14228,0.0034576215742870694,0
14229,0.015750175790513833,0
14230,0.020123352256412493,0
14231,0.11255761618693604,0
14232,0.09564644784283398,0
14233,0.04225814539879089,0
14234,0.08127849243242317,0
14235,0.04599020621534201,0
14236,0.0821757928390108,0
14237,0.09748263831148764,0
14238,0.13002952256652917,0
14239,0.008565539602546416,0
14240,0.036402510935392735,0
14241,0.10026132566117389,0
14242,0.034797537450063386,0
14243,0.12241031635392284,0
14244,0.01895890779484252,0
14245,0.054452875156242926,0
14246,0.10612356659285069,0
14247,0.0338204790036332,0
14248,0.043186214984855906,0
14249,0.05536073399399915,0
14250,0.03149170735802092,0
14251,0.0904998359295723,0
14252,0.015133568671366948,0
14253,0.03462649738764138,0
14254,0.021921924676763453,0
14255,0.09130054572440983,0
14256,0.04171539397394585,0
14257,0.021147234875344128,0
14258,0.012016172098355453,0
14259,0.052124654590610026,0
14260,0.097408848229759,0
14261,0.06528674432555681,0
14262,0.0386623316596173,0
14263,0.144778178714061,0
14264,0.15441736521772517,0
14265,0.03361839116775703,0
14266,0.075199298643196,0
14267,0.036272269746511585,0
14268,0.09502897636338101,0
14269,0.17639580701288365,1
14270,0.04049563082729983,0
14271,0.05245748627802495,0
14272,0.15841427558452623,0
14273,0.060763407291283385,0
14274,0.15275155232467158,0
14275,0.055813850383475264,0
14276,0.00805303191504927,0
14277,0.10364378780785509,0
14278,0.1554716239403131,0
14279,0.04742025136353291,0
14280,0.046388660777680585,0
14281,0.05568282649480048,0
14282,0.010174302708349825,0
14283,0.17179514999909543,1
14284,0.05128441898097268,0
14285,0.06997847206828973,0
14286,0.0497582202248518,0
14287,0.12491526000846379,0
14288,0.03845883875590006,0
14289,0.018226231769826733,0
14290,0.009806991886582945,0
14291,0.09177502526364073,0
14292,0.11271072680150553,0
14293,0.004690950029814626,0
14294,0.012443115416264935,0
14295,0.11191761321836442,0
14296,0.026522610680142358,0
14297,0.05107775003525641,0
14298,0.029490632971085392,0
14299,0.2293388562119128,1
14300,0.02330867022777079,0
14301,0.04470647794031269,0
14302,0.22217285249434404,1
14303,0.10367056241560592,0
14304,0.08761746164236642,0
14305,0.09894397904919093,0
14306,0.09535270374770784,0
14307,0.05372674903414297,0
14308,0.02933048858387918,0
14309,0.03970269234044652,0
14310,0.03795652319730766,0
14311,0.016113747646860126,0
14312,0.020202648964565532,0
14313,0.011328866222639638,0
14314,0.02236600471706759,0
14315,0.06462713623271633,0
14316,0.0351091579951628,0
14317,0.14249862736838298,0
14318,0.012939918772877982,0
14319,0.08450494431373935,0
14320,0.008392164436922886,0
14321,0.04436594415857188,0
14322,0.13437711381963485,0
14323,0.04321875531133527,0
14324,0.006697310189269083,0
14325,0.0823487377485151,0
14326,0.02857571277178906,0
14327,0.0034581429728935075,0
14328,0.08164504346909822,0
14329,0.01082387966306655,0
14330,0.038186021145615506,0
14331,0.09846001654800948,0
14332,0.09176980261222659,0
14333,0.08376541490007942,0
14334,0.09398702901776206,0
14335,0.036104886226516246,0
14336,0.04935628699298526,0
14337,0.15390543514920996,0
14338,0.15777346612719337,0
14339,0.05314192794264513,0
14340,0.004363292863548906,0
14341,0.03947320845695379,0
14342,0.08352584151584817,0
14343,0.06947606851162756,0
14344,0.12211786909227858,0
14345,0.039320846480302735,0
14346,0.08761600252148552,0
14347,0.06369761633467738,0
14348,0.011979948822624225,0
14349,0.006094062541058495,0
14350,0.005203438188871087,0
14351,0.21275442419785892,1
14352,0.05692853238369089,0
14353,0.09011577195498967,0
14354,0.03429198143718991,0
14355,0.045067557306731766,0
14356,0.0425920197853021,0
14357,0.15607507828903913,0
14358,0.07030182671235487,0
14359,0.01994398333498213,0
14360,0.0541290857894299,0
14361,0.06141709421445582,0
14362,0.04169417728927131,0
14363,0.07304883084578613,0
14364,0.24177742519473538,1
14365,0.05436817373395542,0
14366,0.03829465232834795,0
14367,0.027770173719292763,0
14368,0.1432722927923642,0
14369,0.11352138210287502,0
14370,0.02767089198527765,0
14371,0.2097630850132189,1
14372,0.03228015038873782,0
14373,0.025002522782729977,0
14374,0.0840716524285238,0
14375,0.07979351487388178,0
14376,0.018542402711069297,0
14377,0.06463158453395203,0
14378,0.08354833109315617,0
14379,0.05112510827981749,0
14380,0.04380444248482292,0
14381,0.10771767815853098,0
14382,0.058021829875758615,0
14383,0.19312448085122436,1
14384,0.19273301399617396,1
14385,0.05635882560107837,0
14386,0.020176315036238054,0
14387,0.0011951477963736412,0
14388,0.018229534241410567,0
14389,0.07199951286682742,0
14390,0.09190494783144616,0
14391,0.10393388844480288,0
14392,0.06515377796027927,0
14393,0.049171364122002244,0
14394,0.07147262321025995,0
14395,0.08122164828163,0
14396,0.16837279519443626,0
14397,0.08624669394975597,0
14398,0.19185817665695465,1
14399,0.10303490055828608,0
14400,0.07567883799840078,0
14401,0.18400226186830174,1
14402,0.006858591620972702,0
14403,0.13548841310470744,0
14404,0.10084406201464297,0
14405,0.12369836171751274,0
14406,0.010934204350337606,0
14407,0.022528125580173513,0
14408,0.011001992453750086,0
14409,0.010232563176230055,0
14410,0.046784719938221045,0
14411,0.04742011633383684,0
14412,0.11327484242928731,0
14413,0.0038632355317444133,0
14414,0.0845778717755303,0
14415,0.028629743361232488,0
14416,0.09828105455358364,0
14417,0.0812589830430268,0
14418,0.04179269339296031,0
14419,0.15457890230735744,0
14420,0.006466527711938645,0
14421,0.014240968018231649,0
14422,0.052544104020355094,0
14423,0.2482905919208587,1
14424,0.0964375403009721,0
14425,0.09743513875135139,0
14426,0.06399819386872026,0
14427,0.0019909351614605534,0
14428,0.01072020706225969,0
14429,0.020954023354905742,0
14430,0.03424319489182686,0
14431,0.009110208771831382,0
14432,0.08414447999444273,0
14433,0.02107127026764338,0
14434,0.024287797810788447,0
14435,0.09720540997029262,0
14436,0.009654454435916511,0
14437,0.011342538000728923,0
14438,0.04823678387888487,0
14439,0.04262198946971338,0
14440,0.12848072705055696,0
14441,0.028603960990675224,0
14442,0.007567662229899878,0
14443,0.01465090571765706,0
14444,0.005938669444379699,0
14445,0.02841117586649747,0
14446,0.1621944955816617,0
14447,0.00979864312163928,0
14448,0.05539453123240579,0
14449,0.028995900569667003,0
14450,0.07606577995678253,0
14451,0.016030824428164125,0
14452,0.03892382141851047,0
14453,0.1390180290699428,0
14454,0.2688785618846815,1
14455,0.00911469553857635,0
14456,0.13856231102105052,0
14457,0.06655249736517162,0
14458,0.1530067267164296,0
14459,0.03970398507256513,0
14460,0.008358100536362116,0
14461,0.006436115560662133,0
14462,0.01424244249118231,0
14463,0.08789108372673242,0
14464,0.11757363035440725,0
14465,0.10256397888050556,0
14466,0.038979299567574635,0
14467,0.03203695735643703,0
14468,0.09263696114880676,0
14469,0.03105644902979737,0
14470,0.13574372826381395,0
14471,0.016372111635944875,0
14472,0.02266408534561463,0
14473,0.03967769224512611,0
14474,0.13573831764018793,0
14475,0.004301429286549433,0
14476,0.01752110160103122,0
14477,0.022581820473367733,0
14478,0.024993320156436443,0
14479,0.0069319300703120906,0
14480,0.05690390825253086,0
14481,0.03993385550968236,0
14482,0.012891047762704888,0
14483,0.06361206087271651,0
14484,0.014386781307754422,0
14485,0.015776749124876012,0
14486,0.02986638631405058,0
14487,0.04759572023421229,0
14488,0.1104567031978774,0
14489,0.10306353709588147,0
14490,0.023436365819195504,0
14491,0.016914851361843283,0
14492,0.08081786037201748,0
14493,0.015513414573336453,0
14494,0.019809962058060307,0
14495,0.076197687325053,0
14496,0.007595536904148655,0
14497,0.0707731631084575,0
14498,0.08422442327812085,0
14499,0.028415694380048324,0
14500,0.06557805105933565,0
14501,0.03744875198575151,0
14502,0.021090171916180487,0
14503,0.0101416981275077,0
14504,0.022128372761968308,0
14505,0.09229002407909262,0
14506,0.006056932766313842,0
14507,0.0451825440368762,0
14508,0.05474504830583942,0
14509,0.07808699919764547,0
14510,0.07201677683956201,0
14511,0.07388793907561049,0
14512,0.1631495489524489,0
14513,0.06694114913310098,0
14514,0.010587460205557557,0
14515,0.1267756542216286,0
14516,0.020941078847993323,0
14517,0.016617216854778075,0
14518,0.10848619793259472,0
14519,0.07859662633411882,0
14520,0.1932123359808912,1
14521,0.10968744588694067,0
14522,0.04206133481430648,0
14523,0.03630804971874057,0
14524,0.1022049357016097,0
14525,0.012539679510472782,0
14526,0.1095075393347235,0
14527,0.16359069102424126,0
14528,0.03571227802322428,0
14529,0.09771692010472863,0
14530,0.03306430311814281,0
14531,0.006454264029927237,0
14532,0.058721210786388776,0
14533,0.08399052392185255,0
14534,0.17715684387634648,1
14535,0.03228038049796,0
14536,0.07051931310986277,0
14537,0.01580385198323923,0
14538,0.03426075463485549,0
14539,0.08456779374745962,0
14540,0.03171480220233996,0
14541,0.060400965333645,0
14542,0.07367252581146268,0
14543,0.010638856101410753,0
14544,0.037821880200491126,0
14545,0.008814521667206828,0
14546,0.07810672673502933,0
14547,0.1029816282631828,0
14548,0.13784291714397057,0
14549,0.0025388687888628246,0
14550,0.03631134216539309,0
14551,0.09574133459859786,0
14552,0.043743735008499554,0
14553,0.0330102008001577,0
14554,0.052946873052686354,0
14555,0.008461883700933334,0
14556,0.0071727446207519915,0
14557,0.08450263378288168,0
14558,0.019026065503498037,0
14559,0.05132493346910882,0
14560,0.10840064272928383,0
14561,0.06973210600497842,0
14562,0.04779638012128713,0
14563,0.0393257242468386,0
14564,0.040701255907749576,0
14565,0.10959941637842369,0
14566,0.0948730944182921,0
14567,0.07248469638829637,0
14568,0.1215258973974306,0
14569,0.037475742203003676,0
14570,0.1694954793615598,0
14571,0.1276130068364428,0
14572,0.083383689835721,0
14573,0.07331963237254398,0
14574,0.051494945109768736,0
14575,0.21589373707338033,1
14576,0.06590503750930553,0
14577,0.06437075792471231,0
14578,0.011721872595974547,0
14579,0.0252855472312231,0
14580,0.016529658291318212,0
14581,0.03429112746756727,0
14582,0.10640900895462019,0
14583,0.09601134873097934,0
14584,0.0910447961151101,0
14585,0.0015715533336596588,0
14586,0.12395842225578774,0
14587,0.15463893712279134,0
14588,0.07601573457184368,0
14589,0.03973916620232622,0
14590,0.014134511374294282,0
14591,0.07877437980993386,0
14592,0.005184713530799079,0
14593,0.09881482940786078,0
14594,0.08375071627004177,0
14595,0.19917746078405857,1
14596,0.05264275062531091,0
14597,0.021448914041480225,0
14598,0.11754954294718231,0
14599,0.014975175925958503,0
14600,0.024255850034461016,0
14601,0.14597567853668972,0
14602,0.010080639177139217,0
14603,0.046696546886822635,0
14604,0.02546941881907123,0
14605,0.0038862991270881553,0
14606,0.08050313506450979,0
14607,0.04104623596229154,0
14608,0.09391705974942079,0
14609,0.0071709664036340975,0
14610,0.08825258083469091,0
14611,0.046167790076159544,0
14612,0.009857569200361108,0
14613,0.04239713119032227,0
14614,0.013966602269118484,0
14615,0.07213688742489059,0
14616,0.001362297962763696,0
14617,0.20611404753720783,1
14618,0.12552294178558557,0
14619,0.05420191211458682,0
14620,0.10549522089066701,0
14621,0.11492123984505999,0
14622,0.04716030623797652,0
14623,0.00870699436902389,0
14624,0.05861612055653874,0
14625,0.10573298758475014,0
14626,0.012204826082499029,0
14627,0.17121650046838996,1
14628,0.016931424129780416,0
14629,0.11044600869818935,0
14630,0.011772639596635806,0
14631,0.19633964301046447,1
14632,0.00871829648700931,0
14633,0.05470180125292323,0
14634,0.01761072693030923,0
14635,0.05777298007601691,0
14636,0.12276036822516945,0
14637,0.1318494802165879,0
14638,0.044773027619636516,0
14639,0.045755498829114095,0
14640,0.0026186139408167497,0
14641,0.0518661417462847,0
14642,0.015780608774578386,0
14643,0.04912271186300233,0
14644,0.04812041682293415,0
14645,0.048119084129958536,0
14646,0.01402100944996052,0
14647,0.011017807014144121,0
14648,0.1233664237443882,0
14649,0.019360490748894572,0
14650,0.12605035185238483,0
14651,0.02793458001951068,0
14652,0.006860502990444006,0
14653,0.06088984957725711,0
14654,0.019675692327915995,0
14655,0.0701013762371162,0
14656,0.00405803729612236,0
14657,0.01810013664516897,0
14658,0.008014806946582164,0
14659,0.008963798422118134,0
14660,0.0019715430287428654,0
14661,0.014292565427634633,0
14662,0.13257536753501512,0
14663,0.024538454101521164,0
14664,0.0017799873654272898,0
14665,0.01579828312546377,0
14666,0.14392912271733452,0
14667,0.025761911156879914,0
14668,0.02146272874365583,0
14669,0.029275576769572768,0
14670,0.19435247193952485,1
14671,0.0017167493756659936,0
14672,0.048146005229868526,0
14673,0.07308724937741248,0
14674,0.0037571700548323077,0
14675,0.1476076804205187,0
14676,0.02430837543209503,0
14677,0.04763413690811167,0
14678,0.024958811488067535,0
14679,0.04472963635935472,0
14680,0.05024988773241436,0
14681,0.12949765680449543,0
14682,0.03704101482605492,0
14683,0.0898715357666097,0
14684,0.0033265214941810375,0
14685,0.008799124506803388,0
14686,0.005626701104618907,0
14687,0.030671893443334947,0
14688,0.04919536956534941,0
14689,0.008564843204906891,0
14690,0.02029646250784723,0
14691,0.007630223320233346,0
14692,0.07218576685892124,0
14693,0.013156931611002072,0
14694,0.16078383264069232,0
14695,0.05486853558663076,0
14696,0.14413265622937424,0
14697,0.1457983257466907,0
14698,0.0909697663470503,0
14699,0.02560775256733861,0
14700,0.2275824458848012,1
14701,0.06693059459960274,0
14702,0.04393569307876909,0
14703,0.023017961474003954,0
14704,0.1570316071992633,0
14705,0.02756244470171587,0
14706,0.011174240068665941,0
14707,0.02292363431809874,0
14708,0.027478090224265304,0
14709,0.1153091532499822,0
14710,0.0038302986906225095,0
14711,0.07017571706152902,0
14712,0.056376676109989,0
14713,0.14038151693183248,0
14714,0.011626862054356486,0
14715,0.042735425195093976,0
14716,0.022801725393322828,0
14717,0.0937011062258693,0
14718,0.10977372390995938,0
14719,0.14465587239529595,0
14720,0.1336886950838415,0
14721,0.1553249458185073,0
14722,0.009417492509132515,0
14723,0.056721566426045186,0
14724,0.020580141719638564,0
14725,0.015265830614169773,0
14726,0.026607751693144763,0
14727,0.019507417985703258,0
14728,0.07581880749660787,0
14729,0.14801242241827536,0
14730,0.010703706808127022,0
14731,0.03318963955367014,0
14732,0.12516857826218697,0
14733,0.011840313867749442,0
14734,0.0046462630710546685,0
14735,0.1572702787022604,0
14736,0.032915156761268306,0
14737,0.18160455602626657,1
14738,0.19851621656236346,1
14739,0.0416105913484793,0
14740,0.04681287531559121,0
14741,0.0456758971123962,0
14742,0.04068502110723016,0
14743,0.14740173985227406,0
14744,0.07794877500925852,0
14745,0.05878115698943796,0
14746,0.0799560180900347,0
14747,0.007996369067001645,0
14748,0.05441418898333249,0
14749,0.20685044383287612,1
14750,0.0729014584732754,0
14751,0.08712997125651126,0
14752,0.03785114089784926,0
14753,0.06512522280628157,0
14754,0.06572256681530204,0
14755,0.1761613143222192,1
14756,0.01196233640461141,0
14757,0.0706552569211618,0
14758,0.11434203717698917,0
14759,0.039699936194157244,0
14760,0.09057415556183246,0
14761,0.023806319830274546,0
14762,0.012937388102659379,0
14763,0.04565116968181674,0
14764,0.014859721289620202,0
14765,0.15289524819103034,0
14766,0.0016389002174565996,0
14767,0.02778643536362125,0
14768,0.19096717436448465,1
14769,0.004193888619582993,0
14770,0.06699294060977874,0
14771,0.06304670136693609,0
14772,0.005403587126527036,0
14773,0.13711921367691957,0
14774,0.033311658526032246,0
14775,0.16735893546841582,0
14776,0.06593188764031549,0
14777,0.020740120139829243,0
14778,0.14418919014496887,0
14779,0.05186867281541553,0
14780,0.06687364284701551,0
14781,0.019717363181280086,0
14782,0.020545821910819852,0
14783,0.05757469337466658,0
14784,0.12154721197679648,0
14785,0.02689540762299493,0
14786,0.0027482091381992647,0
14787,0.16117050025905116,0
14788,0.1161984132216376,0
14789,0.09689007630282372,0
14790,0.007627945228909735,0
14791,0.09083696587316863,0
14792,0.02521214173330409,0
14793,0.06061604774392368,0
14794,0.11112400499306498,0
14795,0.07775754911095875,0
14796,0.012595995112688845,0
14797,0.08133129257838935,0
14798,0.1042717756976419,0
14799,0.1129205074041158,0
14800,0.05028819917284917,0
14801,0.11627417058902222,0
14802,0.045736964015686964,0
14803,0.027285291019070988,0
14804,0.10730883331432833,0
14805,0.007662545124535399,0
14806,0.0106407734883654,0
14807,0.03292374843697083,0
14808,0.009144525024518317,0
14809,0.100608155253841,0
14810,0.12021728375499695,0
14811,0.11308590931369696,0
14812,0.010696603017865102,0
14813,0.09466172405726926,0
14814,0.009124780729757887,0
14815,0.08418894367235509,0
14816,0.22370577223698263,1
14817,0.04121271514619614,0
14818,0.050041525648460476,0
14819,0.022819224265022527,0
14820,0.036401823782456745,0
14821,0.12255849240057716,0
14822,0.039058087369378346,0
14823,0.0221897590885015,0
14824,0.03880908062266915,0
14825,0.047772813878502345,0
14826,0.026236980588777468,0
14827,0.27478030977132634,1
14828,0.03683555329793294,0
14829,0.010359217627981776,0
14830,0.15295999782360795,0
14831,0.10957378511539433,0
14832,0.13209144517814217,0
14833,0.17495573873739675,1
14834,0.05177712670559662,0
14835,0.04484146694569415,0
14836,0.014139371700309367,0
14837,0.011250818595361383,0
14838,0.0071117409879937424,0
14839,0.08540630398045145,0
14840,0.15612464725568784,0
14841,0.1374245832424536,0
14842,0.11495850963212226,0
14843,0.0015011222536005582,0
14844,0.11277332961299512,0
14845,0.04758680055697675,0
14846,0.005169664472170169,0
14847,0.09917782351831668,0
14848,0.00854841873524504,0
14849,0.012711261779226117,0
14850,0.04604428515771663,0
14851,0.00670489875558804,0
14852,0.12113051496793084,0
14853,0.006384927030941097,0
14854,0.06832639953381608,0
14855,0.2568303305062485,1
14856,0.0059708748056532,0
14857,0.21253082799459438,1
14858,0.15216980928477677,0
14859,0.07473782766054918,0
14860,0.05930971702676998,0
14861,0.011574008324135791,0
14862,0.025370475919875433,0
14863,0.02813561527587997,0
14864,0.0015848558344112363,0
14865,0.006102646376447981,0
14866,0.02668749346376072,0
14867,0.10669142907576337,0
14868,0.016967848182127057,0
14869,0.010249032951209417,0
14870,0.22080993402875176,1
14871,0.1204464043764725,0
14872,0.03229504754275204,0
14873,0.0735944681487652,0
14874,0.14151749904952246,0
14875,0.0007342377812893079,0
14876,0.029724729633988208,0
14877,0.07441735712071518,0
14878,0.007142288101407482,0
14879,0.027865890983871416,0
14880,0.044723446378054046,0
14881,0.07286740222888359,0
14882,0.2455554049207619,1
14883,0.027279332074349783,0
14884,0.05974579640361734,0
14885,0.02976721400266139,0
14886,0.04768597544534724,0
14887,0.0952666627742795,0
14888,0.0683982648704631,0
14889,0.03667346518453393,0
14890,0.09018595731304976,0
14891,0.017518678165145112,0
14892,0.005693666140471939,0
14893,0.007685717669763751,0
14894,0.02360735287868708,0
14895,0.031241575765533932,0
14896,0.004864274924130596,0
14897,0.08399797725286953,0
14898,0.0031385164698890153,0
14899,0.13387170522294997,0
14900,0.06796204689432124,0
14901,0.002831628820942441,0
14902,0.08827415575424331,0
14903,0.12822769257588607,0
14904,0.1512508532592817,0
14905,0.07733158047152908,0
14906,0.007272802322844019,0
14907,0.005587264137313319,0
14908,0.12330193286133968,0
14909,0.009173769092120376,0
14910,0.021617785526048754,0
14911,0.16359066182229176,0
14912,0.12493907117589266,0
14913,0.05108684950131653,0
14914,0.010960004228387544,0
14915,0.04471848065450822,0
14916,0.07866954160925302,0
14917,0.003567244235586542,0
14918,0.021812473227045995,0
14919,0.18113859340304217,1
14920,0.03582276478591847,0
14921,0.0297059616037984,0
14922,0.016373758387418398,0
14923,0.032979031376275045,0
14924,0.008902681546899483,0
14925,0.013624892127198373,0
14926,0.2053861270516082,1
14927,0.06360884292552287,0
14928,0.04921539192533529,0
14929,0.012441754792737887,0
14930,0.027960410229867387,0
14931,0.007332283070960166,0
14932,0.019034112251741023,0
14933,0.0718833656751678,0
14934,0.04640813618619852,0
14935,0.12816055080658598,0
14936,0.018904801042979445,0
14937,0.06570250748446382,0
14938,0.01774418338645444,0
14939,0.10363310245168757,0
14940,0.006247511776042354,0
14941,0.04624420305126998,0
14942,0.027450131513766265,0
14943,0.016842844540740965,0
14944,0.06732725424906931,0
14945,0.0495161694481105,0
14946,0.019507043507158373,0
14947,0.007853872077844907,0
14948,0.20912612058840366,1
14949,0.0208316515486751,0
14950,0.03328210128245043,0
14951,0.09449036051344936,0
14952,0.016269228966843352,0
14953,0.011469777106209037,0
14954,0.024069320530769503,0
14955,0.0069804862253751935,0
14956,0.0009497574719495712,0
14957,0.012232229463751717,0
14958,0.1171929265586094,0
14959,0.00419336787387421,0
14960,0.10384021691160022,0
14961,0.11630826549971879,0
14962,0.052644266446815635,0
14963,0.015017921294324296,0
14964,0.012039449882267579,0
14965,0.052651754024225665,0
14966,0.01727713050013468,0
14967,0.002725237946354442,0
14968,0.10897874780629634,0
14969,0.02242308856134607,0
14970,0.13200127170938025,0
14971,0.0656808297004686,0
14972,0.07267386013950855,0
14973,0.024127613833902214,0
14974,0.06336275847283125,0
14975,0.060425604882670896,0
14976,0.016823530370570945,0
14977,0.02819524524409262,0
14978,0.04323950217884782,0
14979,0.06375998581887582,0
14980,0.02479834783619573,0
14981,0.00801891589995892,0
14982,0.099551495800992,0
14983,0.11295161977335824,0
14984,0.029044761148583526,0
14985,0.038053988567392026,0
14986,0.017039616156627007,0
14987,0.03446173573481059,0
14988,0.09132245583655142,0
14989,0.01684299681303208,0
14990,0.2480493750018943,1
14991,0.09038103849878999,0
14992,0.11109930101966822,0
14993,0.15375285582298756,0
14994,0.17359052340117181,1
14995,0.03693122384854798,0
14996,0.08811990403626847,0
14997,0.13533230316373085,0
14998,0.01841373444350206,0
14999,0.0094256238660829,0
15000,0.06515653728938543,0
15001,0.07127068197496775,0
15002,0.015027189460179077,0
15003,0.026319896684597163,0
15004,0.01869884249315398,0
15005,0.05839322439544707,0
15006,0.0023420498277172555,0
15007,0.028487033198126857,0
15008,0.024450733978009127,0
15009,0.053625762921848716,0
15010,0.178016527623972,1
15011,0.040946662031539245,0
15012,0.10405122005094822,0
15013,0.03091187871640056,0
15014,0.013536834087431863,0
15015,0.03341436356780205,0
15016,0.05273757456561241,0
15017,0.04863076152952952,0
15018,0.07502326649519858,0
15019,0.011157043765292467,0
15020,0.06739034354907124,0
15021,0.04863855443255833,0
15022,0.0050988242653833655,0
15023,0.034049148232568466,0
15024,0.02382625028669593,0
15025,0.04070426802113347,0
15026,0.11581240090812896,0
15027,0.11265867408336,0
15028,0.19475442123574555,1
15029,0.041564059559839266,0
15030,0.1440089929066259,0
15031,0.006299639694184655,0
15032,0.07992493343528086,0
15033,0.02595239878208,0
15034,0.0907077503586736,0
15035,0.0017022025886757571,0
15036,0.01798607114141193,0
15037,0.1613178685117689,0
15038,0.0236515288537363,0
15039,0.10504013604607025,0
15040,0.04541588644600938,0
15041,0.0075761820329572314,0
15042,0.18560734757585967,1
15043,0.17441218438414724,1
15044,0.09297064923820916,0
15045,0.024262968160858458,0
15046,0.01334410131581482,0
15047,0.0049521608274281535,0
15048,0.18594904002574233,1
15049,0.14720207796165977,0
15050,0.041646638721692976,0
15051,0.13404759200097027,0
15052,0.19104976072875665,1
15053,0.004289619211101722,0
15054,0.016402206267674725,0
15055,0.04984310859282026,0
15056,0.05789495954683942,0
15057,0.002496296962015935,0
15058,0.06813823507103874,0
15059,0.026898868216420825,0
15060,0.11628308585416493,0
15061,0.005450938537461288,0
15062,0.025149428740391246,0
15063,0.04787055349137454,0
15064,0.059912816201273186,0
15065,0.18096036485241598,1
15066,0.005017355923756117,0
15067,0.04516718129007074,0
15068,0.17969674677064332,1
15069,0.08575899055340797,0
15070,0.006546661130488992,0
15071,0.09196401483555615,0
15072,0.14752416982998362,0
15073,0.031028386103514653,0
15074,0.018362168885822212,0
15075,0.01713270644783375,0
15076,0.06949524517324955,0
15077,0.07112688356764522,0
15078,0.16961442649694547,0
15079,0.005330775920325581,0
15080,0.06623281649415835,0
15081,0.03648820088278845,0
15082,0.026339267987024764,0
15083,0.049719443209370426,0
15084,0.12461924940327046,0
15085,0.12782421157001975,0
15086,0.07348355857028827,0
15087,0.011704229239578635,0
15088,0.0727877976605102,0
15089,0.02287808607752866,0
15090,0.002812338520345799,0
15091,0.04464253428669525,0
15092,0.11747239045328385,0
15093,0.1609992260431314,0
15094,0.21646332186252587,1
15095,0.05418705380229303,0
15096,0.008870244242055373,0
15097,0.043024726728388515,0
15098,0.0015402121704466791,0
15099,0.02889934302588407,0
15100,0.11155093411579851,0
15101,0.01350513223148595,0
15102,0.08293844774109929,0
15103,0.028764610312093482,0
15104,0.17066256560866638,1
15105,0.0847093533660565,0
15106,0.02440194341635701,0
15107,0.049994201698139916,0
15108,0.06059425985176534,0
15109,0.06551052576503374,0
15110,0.041156696356346986,0
15111,0.015269372382483123,0
15112,0.011226669994883375,0
15113,0.05966111726882169,0
15114,0.010818036160536847,0
15115,0.009977856812041663,0
15116,0.0639123670523781,0
15117,0.06287326578058658,0
15118,0.008232528618362722,0
15119,0.04621853791285692,0
15120,0.044400662266356555,0
15121,0.0083648359208075,0
15122,0.009397844928808885,0
15123,0.009888008154120704,0
15124,0.01414059454064794,0
15125,0.037778343753664255,0
15126,0.11964625031270547,0
15127,0.042838704637000236,0
15128,0.057799116807065544,0
15129,0.14381770694773757,0
15130,0.034837950979528055,0
15131,0.09688505707376806,0
15132,0.11658466901359194,0
15133,0.04544945578362984,0
15134,0.013338970941685346,0
15135,0.18286647443730938,1
15136,0.08926789123684499,0
15137,0.04440206709579258,0
15138,0.022021427744609454,0
15139,0.016016280885957322,0
15140,0.1783854489718158,1
15141,0.17924626668615412,1
15142,0.013527356001439764,0
15143,0.055734975457580556,0
15144,0.0212518068197848,0
15145,0.018798800566038398,0
15146,0.05664986659297774,0
15147,0.0941724743072036,0
15148,0.008009969174889579,0
15149,0.010613511992099272,0
15150,0.14025857783573775,0
15151,0.08252892531862495,0
15152,0.019312148971117934,0
15153,0.11559520981980446,0
15154,0.12325788943261203,0
15155,0.04807860872047386,0
15156,0.0073033385422379615,0
15157,0.016539788961792676,0
15158,0.07880984454851912,0
15159,0.03760158538449178,0
15160,0.0482217550540448,0
15161,0.002846386068048057,0
15162,0.14593595035054197,0
15163,0.10045255365069326,0
15164,0.020768018935621264,0
15165,0.12109473633644617,0
15166,0.07032140019027573,0
15167,0.015343224019682274,0
15168,0.015849874249465164,0
15169,0.016727089885162544,0
15170,0.03678572500430878,0
15171,0.016575559449302016,0
15172,0.010939598559054317,0
15173,0.08653326662484613,0
15174,0.003188210018167307,0
15175,0.055868968533204444,0
15176,0.008489131468790897,0
15177,0.016481234927818743,0
15178,0.08818972557324437,0
15179,0.08470886882132764,0
15180,0.016952033447206378,0
15181,0.029993797955912314,0
15182,0.00575202616546772,0
15183,0.015616439181212175,0
15184,0.003715268213402053,0
15185,0.011546102166471258,0
15186,0.0935188470080529,0
15187,0.16114968157865509,0
15188,0.1302330882707025,0
15189,0.03858480682641639,0
15190,0.01388653711717854,0
15191,0.004075467464995608,0
15192,0.021272391201509287,0
15193,0.01408862833510698,0
15194,0.1336397454482652,0
15195,0.0014593575607923849,0
15196,0.009840141221777484,0
15197,0.057365334483020426,0
15198,0.04633103965236924,0
15199,0.09378603874637757,0
15200,0.14461343287105652,0
15201,0.030366769851055,0
15202,0.18357407685162994,1
15203,0.0011863089187206391,0
15204,0.08662858079647062,0
15205,0.08420447100257986,0
15206,0.19962878177466165,1
15207,0.08629928015011007,0
15208,0.07753007560717358,0
15209,0.05554631736977708,0
15210,0.01923798352352898,0
15211,0.028875542239920466,0
15212,0.004898153676716333,0
15213,0.07896170893405333,0
15214,0.05040559751658718,0
15215,0.06547860463178361,0
15216,0.05920898938286972,0
15217,0.03121974819806915,0
15218,0.13377073634186118,0
15219,0.1567568184722199,0
15220,0.03729682391533776,0
15221,0.08939678611922762,0
15222,0.056471235531904036,0
15223,0.0037981885412384712,0
15224,0.018283277458175973,0
15225,0.03695072650392869,0
15226,0.13596799516524383,0
15227,0.06526292899070316,0
15228,0.02665197760893007,0
15229,0.1015026826557134,0
15230,0.061456805537911774,0
15231,0.041646340540037644,0
15232,0.010147826745273036,0
15233,0.0644542777896407,0
15234,0.12189507898014927,0
15235,0.021147924847046633,0
15236,0.020343392517928487,0
15237,0.0847697639008897,0
15238,0.1182808206379904,0
15239,0.0720209237310292,0
15240,0.0039059971355336785,0
15241,0.030351353633877858,0
15242,0.01976145828932468,0
15243,0.07536049534840376,0
15244,0.052890832602515175,0
15245,0.0068540111472757586,0
15246,0.016360494312064225,0
15247,0.05351055646613865,0
15248,0.1341400149228783,0
15249,0.11997605074318993,0
15250,0.039881153722206235,0
15251,0.037918409950680826,0
15252,0.002671618216247677,0
15253,0.1581808031735191,0
15254,0.0054562419429849225,0
15255,0.0815944974012762,0
15256,0.12636984686798156,0
15257,0.03560412604859973,0
15258,0.0012995504787635262,0
15259,0.03431534304253393,0
15260,0.14615153520928648,0
15261,0.1158612273811175,0
15262,0.0037106579567868225,0
15263,0.017517005365478386,0
15264,0.043947000385628994,0
15265,0.051922570298226785,0
15266,0.07315034318324741,0
15267,0.026669137545739283,0
15268,0.05139559943688745,0
15269,0.032423549439064975,0
15270,0.001928702079769547,0
15271,0.08423784233759965,0
15272,0.1286646175678545,0
15273,0.04279482000415321,0
15274,0.025789339319994727,0
15275,0.04339265445348827,0
15276,0.032355424760703334,0
15277,0.025557613695217096,0
15278,0.03655466520119944,0
15279,0.02788265739277111,0
15280,0.029245787243983922,0
15281,0.0357711505175454,0
15282,0.0036806426217994423,0
15283,0.07049902610891816,0
15284,0.0727705678913344,0
15285,0.0017180873332597695,0
15286,0.1621372716838002,0
15287,0.14656043800571972,0
15288,0.09729666555416466,0
15289,0.12236298067839696,0
15290,0.020003817570998835,0
15291,0.010766049253262107,0
15292,0.0034141069139026186,0
15293,0.05585310940059065,0
15294,0.03395599355120833,0
15295,0.0627435125479376,0
15296,0.12665988427364253,0
15297,0.07356341989481717,0
15298,0.14290183838153492,0
15299,0.06500652001904475,0
15300,0.08112369193804403,0
15301,0.011456709381008349,0
15302,0.0023660367509300267,0
15303,0.014493144951480479,0
15304,0.07622768570245626,0
15305,0.10202199528003791,0
15306,0.11521978546299502,0
15307,0.18702511134811803,1
15308,0.035047270100669534,0
15309,0.183196943518844,1
15310,0.10075859851820661,0
15311,0.06149223057123732,0
15312,0.11993259814287205,0
15313,0.013943478940528171,0
15314,0.0399044938251173,0
15315,0.058820551947692805,0
15316,0.012406036587440121,0
15317,0.03334828261593749,0
15318,0.012319008164973562,0
15319,0.08028733468519268,0
15320,0.005563469546371236,0
15321,0.22052525603053938,1
15322,0.025033287400249866,0
15323,0.1364056802230069,0
15324,0.04681378714279636,0
15325,0.00803054902671388,0
15326,0.15381185448391907,0
15327,0.021894178637357705,0
15328,0.02483525266686526,0
15329,0.010801103380588595,0
15330,0.065869103675799,0
15331,0.0845325378228192,0
15332,0.17255306644764143,1
15333,0.021967383232341174,0
15334,0.04278509305232787,0
15335,0.17124295447210044,1
15336,0.007218561093346606,0
15337,0.040473867333837364,0
15338,0.12284832650443366,0
15339,0.05648429265332793,0
15340,0.17836313865287962,1
15341,0.0398657185404878,0
15342,0.11236281829851387,0
15343,0.07635621089184327,0
15344,0.08957923385159235,0
15345,0.17667218190266484,1
15346,0.014600062153898056,0
15347,0.058490674821691124,0
15348,0.07371226342026205,0
15349,0.14364656960844926,0
15350,0.059362220513700055,0
15351,0.07843038161516977,0
15352,0.0035744115675366323,0
15353,0.2806246732701256,1
15354,0.05961847820275024,0
15355,0.126335738281874,0
15356,0.05977354400072217,0
15357,0.13288718185612933,0
15358,0.08974409463653768,0
15359,0.042297347076056674,0
15360,0.04967531442301627,0
15361,0.024819702438767046,0
15362,0.017304287349258627,0
15363,0.024992039524006103,0
15364,0.04888886748709818,0
15365,0.10783161413834556,0
15366,0.024454190951545923,0
15367,0.11927751663253389,0
15368,0.15201113978643127,0
15369,0.09904885796897282,0
15370,0.03216651569639387,0
15371,0.16002200993017487,0
15372,0.09283695737694114,0
15373,0.02653769506605129,0
15374,0.09675655276860187,0
15375,0.009364444992072103,0
15376,0.06507278377434576,0
15377,0.010416609319469498,0
15378,0.01934633807262472,0
15379,0.0411762823363311,0
15380,0.03133203852654795,0
15381,0.02757168300328967,0
15382,0.014102681454558664,0
15383,0.03548278885553042,0
15384,0.031174506582275045,0
15385,0.07966912917922654,0
15386,0.0070358165558652335,0
15387,0.02981005088130143,0
15388,0.019313614439876375,0
15389,0.027642828123973465,0
15390,0.043689020175701226,0
15391,0.031029742269159482,0
15392,0.01484772047691983,0
15393,0.030679181983779984,0
15394,0.12817967239125422,0
15395,0.02740954470439918,0
15396,0.01995333501308507,0
15397,0.12174157836908454,0
15398,0.015618660962590895,0
15399,0.005215025196272912,0
15400,0.11448839359144306,0
15401,0.05674850880589935,0
15402,0.05990842868356951,0
15403,0.016743463333555173,0
15404,0.060325562840617145,0
15405,0.06359973223412295,0
15406,0.0353893069409439,0
15407,0.07548879095113059,0
15408,0.06641085782388083,0
15409,0.012343971247189467,0
15410,0.007581058752276881,0
15411,0.03416776861441973,0
15412,0.029714372528337772,0
15413,0.012282048272697972,0
15414,0.032384715823529114,0
15415,0.10299704812348866,0
15416,0.16363279726242397,0
15417,0.14659753349763877,0
15418,0.01587246899548457,0
15419,0.05375080152958812,0
15420,0.09800273039406834,0
15421,0.03270856902024048,0
15422,0.04077241939890611,0
15423,0.011608916746191408,0
15424,0.1566255706029789,0
15425,0.08590981616040377,0
15426,0.09491117281354136,0
15427,0.07252017036728337,0
15428,0.022481420144421026,0
15429,0.13445503376779408,0
15430,0.10673130909479898,0
15431,0.03807385625603345,0
15432,0.0034534377862263693,0
15433,0.05759093633682116,0
15434,0.13827801350638708,0
15435,0.007883813688239316,0
15436,0.10711720148970087,0
15437,0.02015160825708921,0
15438,0.01859485030608148,0
15439,0.06472062548726137,0
15440,0.08295661504660382,0
15441,0.06365654256280591,0
15442,0.07053574804746313,0
15443,0.07940897287479304,0
15444,0.07829475470380319,0
15445,0.061207174024120785,0
15446,0.04994945107282988,0
15447,0.035014665724165915,0
15448,0.006931802246967567,0
15449,0.16357850429796508,0
15450,0.13737869626012897,0
15451,0.16185615615838744,0
15452,0.12213663722668718,0
15453,0.007117584644588855,0
15454,0.07191368649630213,0
15455,0.008397429437567657,0
15456,0.14261721326181326,0
15457,0.028456338838386015,0
15458,0.004473187098099829,0
15459,0.05312823110543501,0
15460,0.04703399046214355,0
15461,0.12409586472990544,0
15462,0.019700453155950683,0
15463,0.02844068180826729,0
15464,0.09728295788342259,0
15465,0.12986233852339257,0
15466,0.12042303779644131,0
15467,0.03956571282884381,0
15468,0.004188133241041266,0
15469,0.06569055920509699,0
15470,0.01700329384481306,0
15471,0.0356171312896661,0
15472,0.05679848005286484,0
15473,0.04590334433898063,0
15474,0.05962668144952161,0
15475,0.1367186540741189,0
15476,0.1631998942584821,0
15477,0.05459539728255454,0
15478,0.14409124966198067,0
15479,0.020751056277845976,0
15480,0.11833267497223726,0
15481,0.01983422373581904,0
15482,0.07644073498100536,0
15483,0.03201862364940279,0
15484,0.007320538389663067,0
15485,0.08321826591096158,0
15486,0.06406361987878947,0
15487,0.004960813039520451,0
15488,0.032355582688391456,0
15489,0.25531539432673206,1
15490,0.16466602264773245,0
15491,0.04121601267605833,0
15492,0.03856345300611292,0
15493,0.11427195001444733,0
15494,0.006018282362221957,0
15495,0.021612426077275447,0
15496,0.06674587751193115,0
15497,0.022622609813263264,0
15498,0.029921628060720563,0
15499,0.04442439774768511,0
15500,0.06286624883416447,0
15501,0.18635469357089696,1
15502,0.1600629509304361,0
15503,0.031546686440001685,0
15504,0.02929275386312272,0
15505,0.0736225333606944,0
15506,0.09112968526177194,0
15507,0.08803611377627689,0
15508,0.016889657731201154,0
15509,0.07455634071697606,0
15510,0.05125384658216411,0
15511,0.009194435528472596,0
15512,0.0069747709712816,0
15513,0.01170986866683282,0
15514,0.049321863019263744,0
15515,0.02455172716556088,0
15516,0.004684699571917964,0
15517,0.11990235919248969,0
15518,0.08827906712148828,0
15519,0.04401743437533352,0
15520,0.034286538889423596,0
15521,0.1577139954167128,0
15522,0.08590462038894436,0
15523,0.03575988588733014,0
15524,0.13757579396365213,0
15525,0.060284969892023685,0
15526,0.10098673559818648,0
15527,0.008221433109247027,0
15528,0.008896061572529253,0
15529,0.1274484775668917,0
15530,0.027231192951867645,0
15531,0.12989828386924912,0
15532,0.007465069330653747,0
15533,0.00510991912996083,0
15534,0.0969060431239697,0
15535,0.03374164162623982,0
15536,0.007880351966193055,0
15537,0.15958058574055853,0
15538,0.027844389344945413,0
15539,0.0315512861765793,0
15540,0.015592283665155911,0
15541,0.0048511789555099275,0
15542,0.12970596192083325,0
15543,0.003600671571215027,0
15544,0.12509797895306804,0
15545,0.08455791416595572,0
15546,0.015047431355680074,0
15547,0.005838452979448286,0
15548,0.027946840904211578,0
15549,0.11804494400369706,0
15550,0.024436144421403367,0
15551,0.057918947054875096,0
15552,0.11446492183634292,0
15553,0.03652082463213724,0
15554,0.17395267948066614,1
15555,0.06924543636257532,0
15556,0.10671970910795177,0
15557,0.049730196810415454,0
15558,0.13522281098857597,0
15559,0.08039871801459991,0
15560,0.01471057114298143,0
15561,0.006252930180438879,0
15562,0.035456823947975176,0
15563,0.02685761332524382,0
15564,0.08875213423218424,0
15565,0.1263206292781682,0
15566,0.028770428334679778,0
15567,0.01693781326331249,0
15568,0.0995066811888976,0
15569,0.11926869937245389,0
15570,0.025913337442790754,0
15571,0.04699671025761081,0
15572,0.014142954448161686,0
15573,0.033391155895118735,0
15574,0.009157542943212886,0
15575,0.1720554331316542,1
15576,0.008882883338033266,0
15577,0.009939490788711347,0
15578,0.11091966604403222,0
15579,0.13248404251645668,0
15580,0.08310023554277911,0
15581,0.053246983545872525,0
15582,0.028915017131446265,0
15583,0.07063701377790048,0
15584,0.019594939684526504,0
15585,0.08022382672875099,0
15586,0.08427342398569987,0
15587,0.12382263942048904,0
15588,0.02553420241030276,0
15589,0.11852575158035653,0
15590,0.05932168911194181,0
15591,0.08053498689545467,0
15592,0.00815554331660598,0
15593,0.018201067037052363,0
15594,0.1148128505790605,0
15595,0.07123353596904937,0
15596,0.011314464977515233,0
15597,0.042317328175926726,0
15598,0.021781702246701076,0
15599,0.12449198027724355,0
15600,0.01804570922165883,0
15601,0.02471847425682069,0
15602,0.1134533864253156,0
15603,0.10680770975007509,0
15604,0.039757174586806394,0
15605,0.09503876010288102,0
15606,0.004734784751340252,0
15607,0.15849440632256223,0
15608,0.005117493494186354,0
15609,0.00917348477701104,0
15610,0.04419371790493599,0
15611,0.17226412886304446,1
15612,0.009936768662983105,0
15613,0.008471240344298322,0
15614,0.0669544344872661,0
15615,0.1756272929736486,1
15616,0.06323077525918329,0
15617,0.002115382141330735,0
15618,0.10556964316079266,0
15619,0.17945838917148246,1
15620,0.06064976661754325,0
15621,0.03078945425567486,0
15622,0.06581404755074623,0
15623,0.07261040141334565,0
15624,0.07322963120573066,0
15625,0.15873060440101466,0
15626,0.06475001592890979,0
15627,0.012024880275639386,0
15628,0.19996235342193944,1
15629,0.07489354921437072,0
15630,0.05937591582635351,0
15631,0.056980213830226126,0
15632,0.13417069148596383,0
15633,0.028696354414063114,0
15634,0.026791237839920944,0
15635,0.039066282898766035,0
15636,0.0093323860032825,0
15637,0.04785796733309074,0
15638,0.18071205734085877,1
15639,0.028049375980179404,0
15640,0.0704625078838715,0
15641,0.029761072178374152,0
15642,0.1411682961031425,0
15643,0.10487451176428415,0
15644,0.27447434418150574,1
15645,0.018688059419539594,0
15646,0.12656217225216185,0
15647,0.055341081994031725,0
15648,0.004227233206905493,0
15649,0.026416740152263776,0
15650,0.07245727068268798,0
15651,0.054889850644034704,0
15652,0.007495203634183204,0
15653,0.033652502357162516,0
15654,0.09395484435577968,0
15655,0.07794292605929437,0
15656,0.12948958181736098,0
15657,0.10606753231374974,0
15658,0.028198537293446502,0
15659,0.031670936954932685,0
15660,0.040342438610814955,0
15661,0.010082909830787804,0
15662,0.027380003621457434,0
15663,0.08766618206132565,0
15664,0.05523833922485592,0
15665,0.0972125685220727,0
15666,0.08863729211148479,0
15667,0.13426089339355135,0
15668,0.16871185952905257,0
15669,0.0021341766768631604,0
15670,0.05877969247635479,0
15671,0.22981918238929916,1
15672,0.007896714527132743,0
15673,0.07933577120032155,0
15674,0.202285754387192,1
15675,0.18804638569103477,1
15676,0.010185888525984892,0
15677,0.034742046549282264,0
15678,0.10677160946694837,0
15679,0.05208757559158981,0
15680,0.07894038309061442,0
15681,0.09966836030935426,0
15682,0.11997323551493068,0
15683,0.06864723054591754,0
15684,0.07458561301739092,0
15685,0.0074695621789383935,0
15686,0.05221764841027632,0
15687,0.053865806550578696,0
15688,0.058058175364396884,0
15689,0.0033911469593665535,0
15690,0.011736469081138842,0
15691,0.0036699950648165633,0
15692,0.05264552837253323,0
15693,0.06369461040412976,0
15694,0.04159035090671208,0
15695,0.012032277966252487,0
15696,0.048620128386544316,0
15697,0.05304265997270319,0
15698,0.023114644616817833,0
15699,0.06272105907743968,0
15700,0.2080716476095822,1
15701,0.016848981136345566,0
15702,0.03109574780561717,0
15703,0.0037291409642180363,0
15704,0.23331917818802095,1
15705,0.026909792977704874,0
15706,0.009437235495888057,0
15707,0.23989460039588725,1
15708,0.04653902375210018,0
15709,0.039359677546848625,0
15710,0.03493426061162291,0
15711,0.016296090451720157,0
15712,0.008816152799888729,0
15713,0.032097106675558054,0
15714,0.07153500385805067,0
15715,0.05628587005687527,0
15716,0.018371196769569522,0
15717,0.07054524237822772,0
15718,0.0723183833931019,0
15719,0.05709964349060241,0
15720,0.05289640525524895,0
15721,0.033676679931287416,0
15722,0.028606030294602704,0
15723,0.1623000991323321,0
15724,0.07834814247252891,0
15725,0.005069065928101042,0
15726,0.10224071899909616,0
15727,0.10565041857302457,0
15728,0.015746303181320316,0
15729,0.01118765100968601,0
15730,0.010782600334563146,0
15731,0.13263803862588136,0
15732,0.11951358950686418,0
15733,0.0033478309379415833,0
15734,0.013317095120877583,0
15735,0.04897483070828919,0
15736,0.023494247313736432,0
15737,0.13009118365237107,0
15738,0.007728555434249514,0
15739,0.031041274103556817,0
15740,0.0400192969064534,0
15741,0.22172307486501794,1
15742,0.12919636442343913,0
15743,0.03484383523350403,0
15744,0.13036533875080622,0
15745,0.04004590807952517,0
15746,0.05988818382171068,0
15747,0.055095772430773945,0
15748,0.0779936778598603,0
15749,0.046854752592035594,0
15750,0.09102280496905601,0
15751,0.022697161242326118,0
15752,0.10301085889865066,0
15753,0.07391848105479236,0
15754,0.1437683676167745,0
15755,0.017970690510019937,0
15756,0.05512578051057374,0
15757,0.16301499733847727,0
15758,0.10331179104669953,0
15759,0.055139691100639696,0
15760,0.04886213471530996,0
15761,0.09619705129403816,0
15762,0.11451069823669512,0
15763,0.01518201073269223,0
15764,0.013668332299222197,0
15765,0.029272178629508882,0
15766,0.03341695312686413,0
15767,0.023245240001728326,0
15768,0.00830337076861234,0
15769,0.0037798115830156723,0
15770,0.002039142467550385,0
15771,0.08265888363325223,0
15772,0.06146006847533959,0
15773,0.11749405400717562,0
15774,0.014331571919182225,0
15775,0.052566194932170934,0
15776,0.15628116595185204,0
15777,0.026361389657584017,0
15778,0.01231013747248395,0
15779,0.08340313013341102,0
15780,0.00936090402753793,0
15781,0.10870056527565429,0
15782,0.014467875574226515,0
15783,0.022582451403540153,0
15784,0.05875258402119953,0
15785,0.05093009565082018,0
15786,0.08491604222922347,0
15787,0.015188387133810093,0
15788,0.005060861219463609,0
15789,0.08364025991084491,0
15790,0.01618136852630066,0
15791,0.011773372250769657,0
15792,0.007817299726753617,0
15793,0.008844089840772658,0
15794,0.014107759736318755,0
15795,0.04953018982195419,0
15796,0.005610486840519591,0
15797,0.09665561188239807,0
15798,0.028564242120656964,0
15799,0.00939814323561939,0
15800,0.024777989539410024,0
15801,0.08222587139105658,0
15802,0.07531768944792756,0
15803,0.016938722922833858,0
15804,0.10369643578674796,0
15805,0.07513213566938112,0
15806,0.011342767595181831,0
15807,0.014291012440619484,0
15808,0.04551475027575406,0
15809,0.06741272951385471,0
15810,0.09857462650337992,0
15811,0.01756672638543903,0
15812,0.08569169667817074,0
15813,0.07566551242330885,0
15814,0.11819934321040583,0
15815,0.0015147793912321905,0
15816,0.0034838506178431834,0
15817,0.01721774840302918,0
15818,0.06305940724106954,0
15819,0.03342070358208054,0
15820,0.02018002265947545,0
15821,0.0012194593299604446,0
15822,0.04384894151575625,0
15823,0.2033252451478223,1
15824,0.07984855792205053,0
15825,0.005040659572141437,0
15826,0.02738108021032991,0
15827,0.0075335802717734586,0
15828,0.05775185325658703,0
15829,0.12434145437467088,0
15830,0.07049978490400365,0
15831,0.08579569418743208,0
15832,0.008016264188421822,0
15833,0.13495675903265128,0
15834,0.09457733378296869,0
15835,0.06712297749386686,0
15836,0.013651180617541166,0
15837,0.13901876945677608,0
15838,0.12784070776106585,0
15839,0.043271215788405516,0
15840,0.02498360643500288,0
15841,0.040107177582030536,0
15842,0.06885965749742971,0
15843,0.01960077163660717,0
15844,0.04552725994677715,0
15845,0.07922647525471205,0
15846,0.07358575487244833,0
15847,0.07045581397258396,0
15848,0.014860590303193548,0
15849,0.1036423330176326,0
15850,0.009126771629700926,0
15851,0.037409169666602286,0
15852,0.06630994510844633,0
15853,0.03613266985472283,0
15854,0.019114782061883735,0
15855,0.018583181916034076,0
15856,0.05706839497375882,0
15857,0.11359819130847106,0
15858,0.06431271752037454,0
15859,0.13080076734486484,0
15860,0.10955086661088419,0
15861,0.020198654338454646,0
15862,0.06156662468482956,0
15863,0.13114458287823333,0
15864,0.025230654755539806,0
15865,0.12976212332179643,0
15866,0.05210699294243999,0
15867,0.047565490486824714,0
15868,0.09704915347213339,0
15869,0.12216924486824719,0
15870,0.07201802358258177,0
15871,0.0043308858910057054,0
15872,0.01937358491347474,0
15873,0.03455529700674423,0
15874,0.010351436258365602,0
15875,0.06295388919714437,0
15876,0.0044774702161176775,0
15877,0.021030984772989546,0
15878,0.02206917996727098,0
15879,0.03662493085085995,0
15880,0.07755949924018607,0
15881,0.005011475420745271,0
15882,0.003316722547606473,0
15883,0.022264508116600072,0
15884,0.014811815772195503,0
15885,0.03942081953684968,0
15886,0.093417528852955,0
15887,0.03255008084423565,0
15888,0.0642604033180865,0
15889,0.057507050757193694,0
15890,0.04853232154127819,0
15891,0.01001755003566369,0
15892,0.04682314702348311,0
15893,0.10564527473301902,0
15894,0.030476373221039924,0
15895,0.044464462504078185,0
15896,0.0026883903537177583,0
15897,0.12251152851751543,0
15898,0.10080987414437124,0
15899,0.10433970095658349,0
15900,0.009578350231552032,0
15901,0.05068361148183286,0
15902,0.1978709983788636,1
15903,0.07221631819857251,0
15904,0.0893297623393259,0
15905,0.030138091002205984,0
15906,0.007677541155272282,0
15907,0.13925136780235509,0
15908,0.0218142912221056,0
15909,0.03633593910565426,0
15910,0.039199279992314526,0
15911,0.027685639192438292,0
15912,0.054887300992947065,0
15913,0.06987527560716784,0
15914,0.0016116065723630188,0
15915,0.1359543138852011,0
15916,0.07012415513255814,0
15917,0.06160239586381836,0
15918,0.021507776404004326,0
15919,0.01808613855221292,0
15920,0.03740378681654333,0
15921,0.010880506122510939,0
15922,0.049996674689598494,0
15923,0.12527535833572467,0
15924,0.03600813087720996,0
15925,0.007806361658936304,0
15926,0.12382935924110351,0
15927,0.08878978431553926,0
15928,0.0854094332230306,0
15929,0.00528331693094138,0
15930,0.00857541109587229,0
15931,0.1738757591079505,1
15932,0.01004813765338574,0
15933,0.013419629550203704,0
15934,0.06922362366927098,0
15935,0.005726683837529167,0
15936,0.25387044106761975,1
15937,0.01602495944969466,0
15938,0.11172765879899303,0
15939,0.05834142695665849,0
15940,0.029016180333621026,0
15941,0.09105086327668849,0
15942,0.059658600247072445,0
15943,0.184371960181035,1
15944,0.024477732719518776,0
15945,0.03085922935801604,0
15946,0.0037739098753392986,0
15947,0.012559582668351377,0
15948,0.004282949962226831,0
15949,0.018455285370292833,0
15950,0.04919951108270879,0
15951,0.02934485279627178,0
15952,0.17154869839465156,1
15953,0.0791563618240259,0
15954,0.06053993466108073,0
15955,0.021735724824012093,0
15956,0.048540488173394424,0
15957,0.07151947690266702,0
15958,0.06425549142004272,0
15959,0.12016485376235578,0
15960,0.012230668962830538,0
15961,0.031809607123308575,0
15962,0.007004582816402875,0
15963,0.02259664685856873,0
15964,0.16447392372994762,0
15965,0.09591711931297224,0
15966,0.11318776084461406,0
15967,0.05133301495984563,0
15968,0.06439803257153166,0
15969,0.0337541847107506,0
15970,0.037867711031097394,0
15971,0.028624994801136627,0
15972,0.0746476902609143,0
15973,0.04751751498277797,0
15974,0.027119594850057733,0
15975,0.06494347230992399,0
15976,0.014284912494412454,0
15977,0.026447615035588717,0
15978,0.07722572455801861,0
15979,0.04666898509880369,0
15980,0.03428080942656002,0
15981,0.08237031405404445,0
15982,0.0539001172495155,0
15983,0.040244251242072794,0
15984,0.011075277714531961,0
15985,0.02908783584871195,0
15986,0.06899083931542702,0
15987,0.007419629721131238,0
15988,0.10985456820444622,0
15989,0.020673911854255548,0
15990,0.1035968747998765,0
15991,0.051202481041017094,0
15992,0.03404523951110375,0
15993,0.15375823394328314,0
15994,0.006455098214385161,0
15995,0.022817711997643708,0
15996,0.023045338650614467,0
15997,0.20411784572868166,1
15998,0.04388391090069569,0
15999,0.06156950220909397,0
16000,0.03295764537785606,0
16001,0.15852284204155578,0
16002,0.0454462086693029,0
16003,0.009923239035688562,0
16004,0.0299475811135376,0
16005,0.10792651245302057,0
16006,0.16781823979264,0
16007,0.03494438400029747,0
16008,0.0032138096545209086,0
16009,0.05879479550478191,0
16010,0.1361321915843271,0
16011,0.007891524973967145,0
16012,0.0570520635553718,0
16013,0.0767491506601484,0
16014,0.021136396226814128,0
16015,0.01720045042694313,0
16016,0.06401878011697466,0
16017,0.007628865068566955,0
16018,0.060935096425004796,0
16019,0.01896334764010583,0
16020,0.00933689009273384,0
16021,0.058991722488180166,0
16022,0.09141412628750357,0
16023,0.038667575221732566,0
16024,0.1791610701727346,1
16025,0.15032161696831292,0
16026,0.08981072031944827,0
16027,0.049895448412883105,0
16028,0.11671007170178252,0
16029,0.0821431154456232,0
16030,0.19406101481406013,1
16031,0.017828397713115722,0
16032,0.019006402411614585,0
16033,0.12836919986880477,0
16034,0.06327715961109813,0
16035,0.0748544718730692,0
16036,0.01267173499787618,0
16037,0.010931200293323892,0
16038,0.10318168978953199,0
16039,0.03355085303552496,0
16040,0.018125283708643837,0
16041,0.007905722350647045,0
16042,0.18410802588891617,1
16043,0.01011822818562198,0
16044,0.09580485697268379,0
16045,0.16199399308378926,0
16046,0.06836868922169304,0
16047,0.018120208891719992,0
16048,0.05582480543590666,0
16049,0.16171761670902413,0
16050,0.10730516074093734,0
16051,0.008770359960553708,0
16052,0.03100226279889063,0
16053,0.0974272445804964,0
16054,0.1731929228439073,1
16055,0.06676952670472991,0
16056,0.1056873174868571,0
16057,0.01945879602946982,0
16058,0.06389057391918197,0
16059,0.030116450520279513,0
16060,0.041992681526966134,0
16061,0.021850822437585612,0
16062,0.010559298500690085,0
16063,0.055668380425082147,0
16064,0.13740349478127947,0
16065,0.027793361220204104,0
16066,0.04342761686695782,0
16067,0.10786593410271544,0
16068,0.04764326343919209,0
16069,0.030284453839290668,0
16070,0.028177229662387848,0
16071,0.027640957869030217,0
16072,0.07648295927517547,0
16073,0.12407875147402422,0
16074,0.062096143086088816,0
16075,0.056097750980129354,0
16076,0.014915312652678085,0
16077,0.08346665323408459,0
16078,0.016880902248547176,0
16079,0.014440012489091844,0
16080,0.05388491993454609,0
16081,0.025178855394883227,0
16082,0.09651221729267646,0
16083,0.1108387126080393,0
16084,0.13487685293535176,0
16085,0.01355726570667386,0
16086,0.013835413719296944,0
16087,0.0027655824884474933,0
16088,0.00429951513549609,0
16089,0.1226893420653252,0
16090,0.061496114767906396,0
16091,0.12695754475424018,0
16092,0.017765525294012333,0
16093,0.005880670865926022,0
16094,0.10573379063583761,0
16095,0.14759324244430466,0
16096,0.13302268043897852,0
16097,0.037393337667647734,0
16098,0.008859073044475536,0
16099,0.06488376709077692,0
16100,0.049966908815589496,0
16101,0.028963797812159128,0
16102,0.11800023165066578,0
16103,0.06429697268145676,0
16104,0.014514951376254264,0
16105,0.1738072187470334,1
16106,0.056665028799303456,0
16107,0.05206564017623643,0
16108,0.009448988628096844,0
16109,0.009471118811086858,0
16110,0.16529043522392167,0
16111,0.040648264766761706,0
16112,0.10309171907947891,0
16113,0.027345489464128483,0
16114,0.07948222030235105,0
16115,0.02082478746181166,0
16116,0.014320021740029991,0
16117,0.1991880395949537,1
16118,0.06254699618818167,0
16119,0.015217080733228397,0
16120,0.008237155334594896,0
16121,0.0946908494603818,0
16122,0.10829298421881353,0
16123,0.06315604841560077,0
16124,0.03916368171032235,0
16125,0.06148174323124401,0
16126,0.02414666049623308,0
16127,0.015545229367160858,0
16128,0.027028032606256212,0
16129,0.00783886199491617,0
16130,0.10118056365854786,0
16131,0.007120265496647452,0
16132,0.025516596098716163,0
16133,0.014194556822719803,0
16134,0.13774117600876162,0
16135,0.15846598585217594,0
16136,0.08855445972257199,0
16137,0.20558885339031677,1
16138,0.13415825791372982,0
16139,0.0414746429343345,0
16140,0.11048902492579929,0
16141,0.02534614621063364,0
16142,0.009175241885235042,0
16143,0.0767296839910611,0
16144,0.017528557133629545,0
16145,0.019418248119052017,0
16146,0.07818460136844219,0
16147,0.0179273766160775,0
16148,0.04900747267314258,0
16149,0.02765770812385587,0
16150,0.0821974586268785,0
16151,0.09684727337400378,0
16152,0.006720432037431904,0
16153,0.15045514941990037,0
16154,0.12477172477506014,0
16155,0.004306066669376237,0
16156,0.09032015383332322,0
16157,0.042088677704617085,0
16158,0.020750031536649886,0
16159,0.017748550325369334,0
16160,0.03736396267222134,0
16161,0.007030284190684588,0
16162,0.13926157650400103,0
16163,0.03377787805413326,0
16164,0.012299689269560814,0
16165,0.010916456618417773,0
16166,0.011758312744828532,0
16167,0.06494675797514289,0
16168,0.00981632721105022,0
16169,0.022988589724123445,0
16170,0.050453739772365974,0
16171,0.0832818999764326,0
16172,0.1060052662405332,0
16173,0.09776113013687486,0
16174,0.0723435584048524,0
16175,0.03255999676080246,0
16176,0.012157144099866199,0
16177,0.005262945782148076,0
16178,0.002142707854601193,0
16179,0.003023145983437285,0
16180,0.09839565105261695,0
16181,0.11646337691301432,0
16182,0.11618306457105178,0
16183,0.03725210673883999,0
16184,0.08703649291756216,0
16185,0.06820607267854979,0
16186,0.01748711962802616,0
16187,0.06475041585366853,0
16188,0.0653238680620395,0
16189,0.03646825379065024,0
16190,0.04507503279977087,0
16191,0.042823113053035454,0
16192,0.110708890364818,0
16193,0.06814685500381637,0
16194,0.01707757607254546,0
16195,0.051981999298342886,0
16196,0.022747693933195756,0
16197,0.019344419463934413,0
16198,0.015096550746329318,0
16199,0.04359547630008222,0
16200,0.00129842715841512,0
16201,0.031393554404805846,0
16202,0.08409100387650872,0
16203,0.09972433205001341,0
16204,0.00958272765712346,0
16205,0.08947380006988845,0
16206,0.01082491215723292,0
16207,0.07759697827469489,0
16208,0.16624585368114103,0
16209,0.06244380137122448,0
16210,0.007265035546338476,0
16211,0.05355752537258325,0
16212,0.10265646009337193,0
16213,0.07133892170257242,0
16214,0.13477180942055128,0
16215,0.0247839693152815,0
16216,0.19328263237143997,1
16217,0.05705622184001284,0
16218,0.13368612174651778,0
16219,0.14025178729535995,0
16220,0.09421009110812353,0
16221,0.03361801512491514,0
16222,0.028406418212570447,0
16223,0.041727313753504545,0
16224,0.026287293999988172,0
16225,0.08027953282927389,0
16226,0.04401664128446727,0
16227,0.026688727022366184,0
16228,0.08792366602110052,0
16229,0.17465439286714518,1
16230,0.03723523874097427,0
16231,0.0543806136640957,0
16232,0.20429534724988066,1
16233,0.03149657834873334,0
16234,0.04094899137689194,0
16235,0.01912717120974374,0
16236,0.028755500868018303,0
16237,0.12937533130034984,0
16238,0.09806861301921642,0
16239,0.20746345746407116,1
16240,0.07653485328054996,0
16241,0.11974915380557415,0
16242,0.0635401961956761,0
16243,0.17717584773352973,1
16244,0.00861686010064769,0
16245,0.099122508090817,0
16246,0.047021446154544295,0
16247,0.04954107642121887,0
16248,0.08470531075220541,0
16249,0.0027794561914326423,0
16250,0.10528944161012953,0
16251,0.024461118702419796,0
16252,0.017891307904616387,0
16253,0.00527821836556969,0
16254,0.10930386404517262,0
16255,0.0030377282491897677,0
16256,0.005741893235454221,0
16257,0.09114036778389135,0
16258,0.07191700267873641,0
16259,0.02164531419446131,0
16260,0.02844295276380291,0
16261,0.005210955427622835,0
16262,0.0340313175128748,0
16263,0.037588668637660014,0
16264,0.04803726621585798,0
16265,0.09993887825116321,0
16266,0.021733250746377625,0
16267,0.03484924385074568,0
16268,0.24171772344128736,1
16269,0.024679792611703572,0
16270,0.017659265647915454,0
16271,0.04095220733140772,0
16272,0.1608279877222202,0
16273,0.01635787617575779,0
16274,0.15706089987195793,0
16275,0.019250497977873624,0
16276,0.17574354939533374,1
16277,0.01575606973267772,0
16278,0.15657045283602855,0
16279,0.01841746275670366,0
16280,0.14564620976511078,0
16281,0.0046446685529685375,0
16282,0.07337701424597608,0
16283,0.010660252491451031,0
16284,0.08099539056019361,0
16285,0.0825184576242136,0
16286,0.0578204344751847,0
16287,0.027928010856322853,0
16288,0.009948637678822614,0
16289,0.06771441437611195,0
16290,0.03723206844050161,0
16291,0.08538741948975218,0
16292,0.035998197814505396,0
16293,0.021475580663859944,0
16294,0.09305633392781672,0
16295,0.1309761177518802,0
16296,0.048966245879867754,0
16297,0.05151088097555849,0
16298,0.085229214677468,0
16299,0.05690670094009985,0
16300,0.05718942561496881,0
16301,0.13604732957757115,0
16302,0.0445853159832096,0
16303,0.12121780194349965,0
16304,0.06546508823280242,0
16305,0.1138435760721929,0
16306,0.015360545947432917,0
16307,0.07980596390691287,0
16308,0.03645209454929856,0
16309,0.018047480230423664,0
16310,0.08444652773453896,0
16311,0.05071348746174421,0
16312,0.03809476588097334,0
16313,0.07349350083736779,0
16314,0.09113599504740112,0
16315,0.1305856695383031,0
16316,0.15107513079514456,0
16317,0.04079623191006183,0
16318,0.06193651434082425,0
16319,0.05856741154225958,0
16320,0.011258175215639713,0
16321,0.1799365390793666,1
16322,0.048426282276379524,0
16323,0.2187123881409697,1
16324,0.045829499584123454,0
16325,0.04580007239272207,0
16326,0.27086445923072233,1
16327,0.0047495144885448,0
16328,0.05547298923694475,0
16329,0.01434186681179827,0
16330,0.011246355272784458,0
16331,0.056528918950751995,0
16332,0.04919890696587668,0
16333,0.016671721799430935,0
16334,0.15232914343072304,0
16335,0.007133324869852224,0
16336,0.01825027029936215,0
16337,0.10726026810428692,0
16338,0.007615710992211884,0
16339,0.009669123832383697,0
16340,0.09717118846317557,0
16341,0.023086051680010034,0
16342,0.014397217341056886,0
16343,0.056847555785678884,0
16344,0.032287306494522675,0
16345,0.06462500034341158,0
16346,0.20743231767680387,1
16347,0.04352871447096855,0
16348,0.06522345464657396,0
16349,0.09182809233419527,0
16350,0.09172336691354843,0
16351,0.03727713284060807,0
16352,0.17018264658358748,1
16353,0.08431659060641973,0
16354,0.060485654634489655,0
16355,0.0828744343752565,0
16356,0.08074863771283794,0
16357,0.04010092527651018,0
16358,0.04689040637282531,0
16359,0.27130243073386623,1
16360,0.0018224177535524817,0
16361,0.019880278596566544,0
16362,0.14071618788080636,0
16363,0.007577261581431616,0
16364,0.05874137558761021,0
16365,0.012726883482237177,0
16366,0.06902455193424509,0
16367,0.00829500697801259,0
16368,0.008137727582777783,0
16369,0.0897375917181535,0
16370,0.0461885440616643,0
16371,0.08941114139818743,0
16372,0.007390055082922616,0
16373,0.11553560980723503,0
16374,0.024503295207010747,0
16375,0.07930574814573917,0
16376,0.01649086996053725,0
16377,0.014482741362009636,0
16378,0.06302303009275587,0
16379,0.013689230659404987,0
16380,0.031925238037679805,0
16381,0.03645446151041339,0
16382,0.10749397462239754,0
16383,0.07285880922140307,0
16384,0.08237586977688496,0
16385,0.0033873490218035095,0
16386,0.05411925145847192,0
16387,0.0845894163019491,0
16388,0.08709780174662225,0
16389,0.02369635692076255,0
16390,0.015854634437084205,0
16391,0.11283859053357238,0
16392,0.08832579038390932,0
16393,0.08940841696164982,0
16394,0.08570687278088177,0
16395,0.05421349995583976,0
16396,0.09307929142267136,0
16397,0.006908347012035377,0
16398,0.02265004137437219,0
16399,0.031141751989876773,0
16400,0.025054746936233805,0
16401,0.04503816780844397,0
16402,0.015478932883193493,0
16403,0.06972334130299175,0
16404,0.0327704814821933,0
16405,0.20213968026914078,1
16406,0.03147368530925562,0
16407,0.001817236815341213,0
16408,0.028060088829456948,0
16409,0.02850253720243314,0
16410,0.0861703597158752,0
16411,0.04660830819119376,0
16412,0.017398574937342107,0
16413,0.023921273133903333,0
16414,0.017199633775809433,0
16415,0.02129435408817933,0
16416,0.00727924604642014,0
16417,0.0474892120847977,0
16418,0.0645422012751384,0
16419,0.003741288507334358,0
16420,0.17855248630153087,1
16421,0.021555717587615725,0
16422,0.006445894687494828,0
16423,0.07942725557807805,0
16424,0.03958721317625862,0
16425,0.03453803308315802,0
16426,0.10189964094337306,0
16427,0.040400382534211285,0
16428,0.06501825195189995,0
16429,0.11829267090821366,0
16430,0.07123018301019171,0
16431,0.0823541657129705,0
16432,0.14687779403475118,0
16433,0.003892536123048518,0
16434,0.06112195617650707,0
16435,0.0066039582769519415,0
16436,0.07440652547593893,0
16437,0.060608120907095255,0
16438,0.04950029364303487,0
16439,0.042482639166476203,0
16440,0.12688850494162612,0
16441,0.14743567463650545,0
16442,0.0806479707399085,0
16443,0.0333698549956843,0
16444,0.0072832966846993145,0
16445,0.030654978230656073,0
16446,0.10620472668338726,0
16447,0.005727602198107588,0
16448,0.007568950884117775,0
16449,0.03666474932580004,0
16450,0.022714855753827916,0
16451,0.016342014934551466,0
16452,0.018240240759517933,0
16453,0.11409353561986392,0
16454,0.027510058733686355,0
16455,0.08228346770666889,0
16456,0.009701115080655912,0
16457,0.1296482348183461,0
16458,0.026526122520347955,0
16459,0.09332825148358577,0
16460,0.04454795269977594,0
16461,0.11637075565928831,0
16462,0.1031707734750264,0
16463,0.09582112122500797,0
16464,0.012098159887211931,0
16465,0.012053756164778728,0
16466,0.017878632905077695,0
16467,0.05451520171670195,0
16468,0.01441045661669335,0
16469,0.009907170792168844,0
16470,0.03505993485508864,0
16471,0.06449400040975511,0
16472,0.09655840615904851,0
16473,0.13469275435458564,0
16474,0.06634230086384645,0
16475,0.05395359374755972,0
16476,0.020962917470638255,0
16477,0.015391172203441624,0
16478,0.027253994901504167,0
16479,0.0732305586629583,0
16480,0.07025449020000472,0
16481,0.037876102305516406,0
16482,0.08407970801407777,0
16483,0.08334795230541954,0
16484,0.023976164696109938,0
16485,0.01823137414494951,0
16486,0.02672020357014412,0
16487,0.08276507734382511,0
16488,0.07333587353657983,0
16489,0.014087337214633592,0
16490,0.0769082855508952,0
16491,0.08242566215870968,0
16492,0.027080117790316063,0
16493,0.050820543968651176,0
16494,0.1768364859954427,1
16495,0.10695378495063788,0
16496,0.058929398359931766,0
16497,0.01107119495981809,0
16498,0.03838645004809506,0
16499,0.15771929582499697,0
16500,0.007305978471772323,0
16501,0.05116227756673599,0
16502,0.02643178260309514,0
16503,0.001676813964126896,0
16504,0.11169408390709056,0
16505,0.035636532681702325,0
16506,0.1975001680165464,1
16507,0.10978833014013353,0
16508,0.036077981638339335,0
16509,0.12131552557228628,0
16510,0.1585061545857575,0
16511,0.028281438403419436,0
16512,0.024320963020297057,0
16513,0.1414410986916882,0
16514,0.040126977805391824,0
16515,0.042811130928512846,0
16516,0.09361877619756408,0
16517,0.028409582379196663,0
16518,0.004345059928666739,0
16519,0.02454773912747464,0
16520,0.03154788442069904,0
16521,0.07745985330642087,0
16522,0.004403050494903801,0
16523,0.003385556336209376,0
16524,0.07264333390042726,0
16525,0.004507079845948137,0
16526,0.03988645117253772,0
16527,0.04141330936221572,0
16528,0.00892072757656206,0
16529,0.022142960545105457,0
16530,0.019091924911308386,0
16531,0.03379193221929458,0
16532,0.0322432311581617,0
16533,0.02853081068192582,0
16534,0.021491768779056643,0
16535,0.01812739097758768,0
16536,0.056639279935199474,0
16537,0.006827625056326547,0
16538,0.00363364959823614,0
16539,0.04230524490702243,0
16540,0.04341961153500248,0
16541,0.039473893009681925,0
16542,0.032073923115154515,0
16543,0.06955657679545049,0
16544,0.01046807910012352,0
16545,0.01269601344658308,0
16546,0.016052539216262374,0
16547,0.21398749493743907,1
16548,0.006594715111826151,0
16549,0.10148111488359438,0
16550,0.27938323837555495,1
16551,0.09262564049990765,0
16552,0.17309506081864445,1
16553,0.07620274221689928,0
16554,0.014716241705879566,0
16555,0.04637773668353019,0
16556,0.011075156713501315,0
16557,0.008405964628937945,0
16558,0.019079150708842977,0
16559,0.1383897651816224,0
16560,0.2331317801699217,1
16561,0.07516233965376813,0
16562,0.035114845619900005,0
16563,0.026320508472438497,0
16564,0.11118637184711806,0
16565,0.02981748203537733,0
16566,0.006420614751956284,0
16567,0.12251105612374236,0
16568,0.16710509135925738,0
16569,0.010800861104455002,0
16570,0.06460120664023596,0
16571,0.03220012842355769,0
16572,0.015322416964348936,0
16573,0.09151091086208701,0
16574,0.050939977011756635,0
16575,0.0018368867325038987,0
16576,0.06976678246457707,0
16577,0.04540609960644092,0
16578,0.010538656704948557,0
16579,0.006751992686765333,0
16580,0.051180903319564826,0
16581,0.04868208522570376,0
16582,0.0450840447625914,0
16583,0.09799317160360281,0
16584,0.004080822510487122,0
16585,0.025563749966325742,0
16586,0.10161438860365272,0
16587,0.07920901671243595,0
16588,0.09595696689723425,0
16589,0.006809567633727605,0
16590,0.03362319413577868,0
16591,0.06544122469329311,0
16592,0.013547701350157948,0
16593,0.048758822562222304,0
16594,0.11945397957380725,0
16595,0.23502568858275769,1
16596,0.007640449847675579,0
16597,0.2158843053523252,1
16598,0.062216840180522655,0
16599,0.0040748903943896185,0
16600,0.07533074319086701,0
16601,0.019723221145790112,0
16602,0.12839822040230212,0
16603,0.004303575014530936,0
16604,0.027231504772164843,0
16605,0.04737930466503674,0
16606,0.04496259631994379,0
16607,0.034224677924668725,0
16608,0.006184137216370567,0
16609,0.04976939230329035,0
16610,0.1945681842266693,1
16611,0.13452101413689813,0
16612,0.07076497341940395,0
16613,0.03640131968909584,0
16614,0.04998105321713565,0
16615,0.05240386929892918,0
16616,0.014755464163220119,0
16617,0.22674101500881996,1
16618,0.08095077622922674,0
16619,0.0935639608273262,0
16620,0.06816106555612421,0
16621,0.014275451509055515,0
16622,0.04777504007732672,0
16623,0.027200162987532073,0
16624,0.0625606219052212,0
16625,0.012211567733900596,0
16626,0.08763122970184828,0
16627,0.034155521913956564,0
16628,0.11571054991302383,0
16629,0.09677126411861606,0
16630,0.03640047174597041,0
16631,0.0454951543051244,0
16632,0.14765703056886878,0
16633,0.016361115806713792,0
16634,0.03958849514663969,0
16635,0.2010062098904045,1
16636,0.0027176533489751205,0
16637,0.10282194320454077,0
16638,0.15455048555793077,0
16639,0.06724971712000573,0
16640,0.019021302432257695,0
16641,0.02722678435634532,0
16642,0.029383131923796015,0
16643,0.07120204194480353,0
16644,0.014207896133118628,0
16645,0.03292049420074202,0
16646,0.016160003208165345,0
16647,0.06348237226651231,0
16648,0.003474599691203887,0
16649,0.016055166392408768,0
16650,0.01136616128399941,0
16651,0.055490260417166835,0
16652,0.007573632961637281,0
16653,0.18019476616731528,1
16654,0.07060784932262838,0
16655,0.02301474666410971,0
16656,0.04107675966659557,0
16657,0.03609895491049986,0
16658,0.01601728426911296,0
16659,0.006380564751761586,0
16660,0.004770970631277649,0
16661,0.014338229309322159,0
16662,0.07481337673860446,0
16663,0.009135889076243986,0
16664,0.05249753586964541,0
16665,0.22265143088138425,1
16666,0.20151584784224466,1
16667,0.03414259076859962,0
16668,0.02640134290658885,0
16669,0.09950650360454372,0
16670,0.05024396941253761,0
16671,0.18619436831082734,1
16672,0.05330209939054176,0
16673,0.02946822216597218,0
16674,0.0434623428283957,0
16675,0.012409898879295533,0
16676,0.026871271053894093,0
16677,0.011140199907168413,0
16678,0.02144500434058955,0
16679,0.031195182955356955,0
16680,0.026135799779031674,0
16681,0.038037073676107876,0
16682,0.008085647807150693,0
16683,0.04047709793436672,0
16684,0.00956180533754983,0
16685,0.12762298941016595,0
16686,0.030631739776067153,0
16687,0.036814340702132076,0
16688,0.09773646017137437,0
16689,0.03319805258126236,0
16690,0.08367696453984313,0
16691,0.021152111443079314,0
16692,0.15949508188356532,0
16693,0.032276486125736976,0
16694,0.06638092036487066,0
16695,0.016798254193223318,0
16696,0.06573428834930554,0
16697,0.043495803036005844,0
16698,0.029466467159996377,0
16699,0.04509410939257781,0
16700,0.1423465117439908,0
16701,0.09690185603027321,0
16702,0.1695198916763488,0
16703,0.019971508327385798,0
16704,0.12725302795598703,0
16705,0.14312620055138078,0
16706,0.012958431370019442,0
16707,0.0630739035536703,0
16708,0.13738692775142364,0
16709,0.02105807288780211,0
16710,0.042335057657978174,0
16711,0.15944746681691596,0
16712,0.007840593262487294,0
16713,0.06836284349593301,0
16714,0.07456579829749203,0
16715,0.11907874214909488,0
16716,0.020375262930771396,0
16717,0.11222293054481548,0
16718,0.05314395319583455,0
16719,0.04698048708266778,0
16720,0.21307590396044798,1
16721,0.01575585806730179,0
16722,0.08293982470564085,0
16723,0.022904196270435058,0
16724,0.08728506010965703,0
16725,0.07831192946011946,0
16726,0.1676811872745649,0
16727,0.047949097767031476,0
16728,0.021461504484818324,0
16729,0.028105770341083223,0
16730,0.019598475766186882,0
16731,0.041191210801544274,0
16732,0.04064655251596007,0
16733,0.013725676090085896,0
16734,0.009793615201921265,0
16735,0.10048226370582576,0
16736,0.014735328493593668,0
16737,0.0659327027351779,0
16738,0.004270704399186043,0
16739,0.21572200585534668,1
16740,0.08995897656450695,0
16741,0.004500790673208454,0
16742,0.0423294412296369,0
16743,0.028182478432578314,0
16744,0.022778144865600355,0
16745,0.06460969658800039,0
16746,0.1685873029132403,0
16747,0.025247115129195256,0
16748,0.02715362874051174,0
16749,0.11952716340282149,0
16750,0.022248698245928043,0
16751,0.03388873982950353,0
16752,0.03245175608377361,0
16753,0.10659074204592338,0
16754,0.038148562812965664,0
16755,0.040420820799849606,0
16756,0.050424155622503825,0
16757,0.11689249625734803,0
16758,0.008529876858823945,0
16759,0.012202904194834222,0
16760,0.032202318442628844,0
16761,0.04096680021602763,0
16762,0.10172146371161875,0
16763,0.0057997214237322185,0
16764,0.13087387625725272,0
16765,0.00921415982693164,0
16766,0.05714276606656356,0
16767,0.12209236557559633,0
16768,0.12364144536367322,0
16769,0.03558495674729674,0
16770,0.11603805548940199,0
16771,0.04012480994620025,0
16772,0.042802601216759495,0
16773,0.021597148397205966,0
16774,0.033196895934710834,0
16775,0.025178089732067158,0
16776,0.16351432303925298,0
16777,0.012514947874509418,0
16778,0.05277166686092928,0
16779,0.2554820994326923,1
16780,0.01722871641385598,0
16781,0.05504117188644218,0
16782,0.035677089241047254,0
16783,0.023777711594109463,0
16784,0.011180738243780897,0
16785,0.06443116801462316,0
16786,0.017180834298869015,0
16787,0.07243093027635152,0
16788,0.01157759295590118,0
16789,0.0314273079490527,0
16790,0.04852541486404709,0
16791,0.07273055082142629,0
16792,0.05435859212069359,0
16793,0.02933436218991711,0
16794,0.0024028417398462326,0
16795,0.07535769112124585,0
16796,0.03222971765543562,0
16797,0.11280203582792098,0
16798,0.052121916573344786,0
16799,0.04920998657985122,0
16800,0.012164313221042685,0
16801,0.013788075154246338,0
16802,0.06438549323087739,0
16803,0.06657098387137407,0
16804,0.017399473219665486,0
16805,0.08974522631053514,0
16806,0.0391969027836661,0
16807,0.04395177738021207,0
16808,0.02261326917171235,0
16809,0.1880081831975664,1
16810,0.029771372572006415,0
16811,0.06531097769094439,0
16812,0.05531649537476539,0
16813,0.11169919430153195,0
16814,0.01943476896116488,0
16815,0.027576283266700554,0
16816,0.014789400390231097,0
16817,0.023596322992904848,0
16818,0.03239981433279305,0
16819,0.16918464501456967,0
16820,0.08073264487241909,0
16821,0.0476083169352621,0
16822,0.015901863231585215,0
16823,0.09427413628759694,0
16824,0.01874899019212398,0
16825,0.12315342912894305,0
16826,0.05383641075496514,0
16827,0.03718298865546698,0
16828,0.020505207679618224,0
16829,0.05419667024500007,0
16830,0.031056034198555228,0
16831,0.12840615336246053,0
16832,0.026606095142807547,0
16833,0.0328452348443591,0
16834,0.08544253592588712,0
16835,0.01841076351104357,0
16836,0.053240949305574756,0
16837,0.011162390344094808,0
16838,0.022251959339978457,0
16839,0.17537990892214175,1
16840,0.020888994787068144,0
16841,0.05571436571393285,0
16842,0.028923571064777453,0
16843,0.01055614407307804,0
16844,0.007171281064983489,0
16845,0.033077218983010456,0
16846,0.03475660244647634,0
16847,0.07822768868705603,0
16848,0.010757395509556492,0
16849,0.07211750436366735,0
16850,0.17540349407678432,1
16851,0.011376095802478522,0
16852,0.14798132200547723,0
16853,0.02749965501673173,0
16854,0.004915972472151794,0
16855,0.007930992791429548,0
16856,0.06721322759654984,0
16857,0.03487038267789101,0
16858,0.042044339105001764,0
16859,0.006090692801031005,0
16860,0.02498213483553197,0
16861,0.05301665894229079,0
16862,0.05132165056664325,0
16863,0.0884619671897109,0
16864,0.21488681910165147,1
16865,0.17494876186326463,1
16866,0.0066372620698019824,0
16867,0.12110906730479262,0
16868,0.04049351958952572,0
16869,0.025045201686968267,0
16870,0.07134348057044984,0
16871,0.0471831462629509,0
16872,0.011110664672155957,0
16873,0.0031252279716060074,0
16874,0.14298003972717774,0
16875,0.10992053425024961,0
16876,0.023999791428998787,0
16877,0.1750725835075045,1
16878,0.19326135497466304,1
16879,0.014302385615869332,0
16880,0.036956252429969284,0
16881,0.08568707300870662,0
16882,0.013039906883948182,0
16883,0.11240835974660725,0
16884,0.010606824194940419,0
16885,0.02183059962168752,0
16886,0.018836079105184988,0
16887,0.011482897804789002,0
16888,0.1264457658349021,0
16889,0.023729391547578804,0
16890,0.1628778523920497,0
16891,0.039496331105945776,0
16892,0.016397525335038635,0
16893,0.0034177381903641056,0
16894,0.13969611124808018,0
16895,0.04139695886955471,0
16896,0.09790931003985434,0
16897,0.03520241426625367,0
16898,0.015346526626163204,0
16899,0.014489660143751238,0
16900,0.056848772729201864,0
16901,0.054316047036824175,0
16902,0.00773962096423102,0
16903,0.10797104001965839,0
16904,0.05491371640264323,0
16905,0.062244273321930804,0
16906,0.07982593142004288,0
16907,0.02861423446852286,0
16908,0.09025643216428375,0
16909,0.04311475210982688,0
16910,0.02954818809951736,0
16911,0.16783255749334708,0
16912,0.06721299589403221,0
16913,0.027009422350728576,0
16914,0.043909490654735935,0
16915,0.07060037823634194,0
16916,0.047200843358256715,0
16917,0.0479814187665483,0
16918,0.028424915874954267,0
16919,0.03401449608080353,0
16920,0.02608296657251111,0
16921,0.015683940178399136,0
16922,0.12501064313087765,0
16923,0.10117008224211964,0
16924,0.007539166291064007,0
16925,0.07561644544070219,0
16926,0.04955126168656866,0
16927,0.12127157643214963,0
16928,0.20579422689035087,1
16929,0.013489814710045874,0
16930,0.040642715170004756,0
16931,0.01406608222885802,0
16932,0.020308302112594562,0
16933,0.03638577683612137,0
16934,0.011275737124361992,0
16935,0.1268585343901017,0
16936,0.013028633625276525,0
16937,0.054749633577963315,0
16938,0.016570205787501822,0
16939,0.1201022730526852,0
16940,0.10169486933097165,0
16941,0.06882183334529156,0
16942,0.10637724230261039,0
16943,0.1364823759609859,0
16944,0.0355494959633867,0
16945,0.13053967017055215,0
16946,0.048910792697257593,0
16947,0.09985229296051946,0
16948,0.05884251074871844,0
16949,0.04048878735003507,0
16950,0.04108891971196409,0
16951,0.1633491873085683,0
16952,0.0881898482292313,0
16953,0.10429276503312908,0
16954,0.13796652872960743,0
16955,0.10456032874371639,0
16956,0.04943786444297682,0
16957,0.07836856749413172,0
16958,0.032485657301559376,0
16959,0.06030651776554726,0
16960,0.017357679239173158,0
16961,0.011734715198883243,0
16962,0.03311025279896513,0
16963,0.020954326631513014,0
16964,0.037356334794304606,0
16965,0.022726090039552584,0
16966,0.0369663874567345,0
16967,0.1789649983665994,1
16968,0.07801030739701129,0
16969,0.04429176449142777,0
16970,0.05213176965563377,0
16971,0.03664706669394238,0
16972,0.02235944367156082,0
16973,0.06697002919010817,0
16974,0.02168398483023178,0
16975,0.006513524829801691,0
16976,0.010897415941359002,0
16977,0.01840785358584275,0
16978,0.061457665079218446,0
16979,0.03303630864897168,0
16980,0.16210967911381433,0
16981,0.05973282031496654,0
16982,0.11180128577722742,0
16983,0.010003024832821577,0
16984,0.15065493256673773,0
16985,0.005805737493158033,0
16986,0.0024139241984916754,0
16987,0.14190067258153005,0
16988,0.036142453142911785,0
16989,0.2546220592510446,1
16990,0.05745845859206963,0
16991,0.008149763939136334,0
16992,0.059695178435806705,0
16993,0.021380522774982338,0
16994,0.028952738764227118,0
16995,0.052098755409450526,0
16996,0.10655760325880885,0
16997,0.07998219207385686,0
16998,0.004495101933494739,0
16999,0.02537260324104178,0
17000,0.004968534263866705,0
17001,0.03031037097630004,0
17002,0.022150414230141177,0
17003,0.004570147863269784,0
17004,0.011431964930425384,0
17005,0.12671365912842264,0
17006,0.08920331901357528,0
17007,0.12856885686382252,0
17008,0.008651222630574672,0
17009,0.14644212432131307,0
17010,0.0010158626521694044,0
17011,0.14335711714573826,0
17012,0.07797655406409812,0
17013,0.003200038777892611,0
17014,0.020744951187184262,0
17015,0.036969996117081676,0
17016,0.012239649825062034,0
17017,0.07100501264012031,0
17018,0.007093567839778807,0
17019,0.026602421487431617,0
17020,0.13822473914812136,0
17021,0.01918696484765429,0
17022,0.08065809097994882,0
17023,0.003991307743263736,0
17024,0.07673216021865849,0
17025,0.013896887061832557,0
17026,0.001961763173288037,0
17027,0.022962339192148608,0
17028,0.00763285689363223,0
17029,0.005570116283111378,0
17030,0.039194754646212505,0
17031,0.021944423486008544,0
17032,0.004682628250551716,0
17033,0.01776406654233349,0
17034,0.007309343469151086,0
17035,0.11508229647593277,0
17036,0.02057623509345287,0
17037,0.12780391103122185,0
17038,0.0038300459266378483,0
17039,0.020940528648101853,0
17040,0.04517698645045791,0
17041,0.16160905800913417,0
17042,0.12729398243717913,0
17043,0.013025424395075274,0
17044,0.06721509460905335,0
17045,0.07328626710907389,0
17046,0.10357404935069499,0
17047,0.15739693654788084,0
17048,0.028359090567799936,0
17049,0.10365013066435368,0
17050,0.050343114328570526,0
17051,0.10098677389596504,0
17052,0.07880681145691745,0
17053,0.12010444182745557,0
17054,0.018932148793165234,0
17055,0.01897066673480047,0
17056,0.0073052645511472985,0
17057,0.043113663951179576,0
17058,0.0018505302429978757,0
17059,0.02994180078929971,0
17060,0.11602100325308834,0
17061,0.054602049674219194,0
17062,0.0024054053195172657,0
17063,0.069773385214752,0
17064,0.015307862769034064,0
17065,0.09748872312400353,0
17066,0.08383971613959132,0
17067,0.02155921069069309,0
17068,0.03448515233336245,0
17069,0.03391784977810383,0
17070,0.16600260727752747,0
17071,0.020035051368469666,0
17072,0.013076059663302957,0
17073,0.0041724253764034176,0
17074,0.14976938585390176,0
17075,0.004325579521577831,0
17076,0.02094535572474492,0
17077,0.06834679067285908,0
17078,0.00712207809710282,0
17079,0.023835526967147812,0
17080,0.027330638742449506,0
17081,0.011394921258009524,0
17082,0.10460091306638751,0
17083,0.014430134778700943,0
17084,0.10783603307182221,0
17085,0.06100599236039796,0
17086,0.03244990165956389,0
17087,0.02699427582245082,0
17088,0.015616585779485829,0
17089,0.036372825805794866,0
17090,0.012602621964844237,0
17091,0.04024361312696085,0
17092,0.009752857514367068,0
17093,0.02548460730833987,0
17094,0.06159038189206204,0
17095,0.013828716388199254,0
17096,0.005595226410098227,0
17097,0.20843250170325872,1
17098,0.014610556447846796,0
17099,0.03057454329540817,0
17100,0.1252732013561521,0
17101,0.02490181262724406,0
17102,0.03263122201227438,0
17103,0.058951491226497156,0
17104,0.009794507782060487,0
17105,0.03390518282520091,0
17106,0.003111065225424059,0
17107,0.0937274914922067,0
17108,0.04457090814659173,0
17109,0.10734178989522664,0
17110,0.0044588946629282,0
17111,0.12169055912295063,0
17112,0.09087200524187448,0
17113,0.02959643680697608,0
17114,0.0034446581059055,0
17115,0.07782945050871708,0
17116,0.03711780093968668,0
17117,0.008301127832512882,0
17118,0.07492961361028047,0
17119,0.05955173818995039,0
17120,0.031098213663615544,0
17121,0.034014763632159564,0
17122,0.012509709275881398,0
17123,0.009326876668828706,0
17124,0.10078083260076902,0
17125,0.13168812926313234,0
17126,0.008394109038177989,0
17127,0.008612981705696103,0
17128,0.03384460901968658,0
17129,0.0038474959635718194,0
17130,0.036413276637878494,0
17131,0.0011102193687530996,0
17132,0.04286249776353164,0
17133,0.05904242855337086,0
17134,0.006075349311539376,0
17135,0.03222863714065008,0
17136,0.10140053564637627,0
17137,0.055726951586498714,0
17138,0.13148322067000442,0
17139,0.08929683099959407,0
17140,0.003495241705088096,0
17141,0.0421604172075152,0
17142,0.05697282009440976,0
17143,0.09725116788650665,0
17144,0.1094046041972189,0
17145,0.0069018259385009795,0
17146,0.0036996219396837394,0
17147,0.1325857201370235,0
17148,0.00912557981367453,0
17149,0.12826370716039712,0
17150,0.011999941586909113,0
17151,0.14805787517194544,0
17152,0.09890045588598803,0
17153,0.10251833015585736,0
17154,0.020682298068812048,0
17155,0.027747742932234795,0
17156,0.14285511678913995,0
17157,0.0018355446406592183,0
17158,0.07662958139358131,0
17159,0.05654469155957378,0
17160,0.03595940073094504,0
17161,0.04085485501428643,0
17162,0.14547707794401266,0
17163,0.010647817509333347,0
17164,0.1729406727585848,1
17165,0.1039221268525603,0
17166,0.0027508214505469327,0
17167,0.12122918085054674,0
17168,0.027823660435944322,0
17169,0.006383874215293665,0
17170,0.024525275726766015,0
17171,0.022814178314961915,0
17172,0.008594770069538564,0
17173,0.004549855997250766,0
17174,0.044396667554565,0
17175,0.019097772019436618,0
17176,0.007200692383831268,0
17177,0.1499981171901702,0
17178,0.12189087113793408,0
17179,0.13505338428636454,0
17180,0.08756535597706723,0
17181,0.0315697856761635,0
17182,0.10457562534726968,0
17183,0.12469613407044756,0
17184,0.17335123647975573,1
17185,0.012475912086466642,0
17186,0.027703720098333735,0
17187,0.0258390696486929,0
17188,0.08229643992030085,0
17189,0.10020451535592531,0
17190,0.039810580351337534,0
17191,0.09156401038856948,0
17192,0.20455733332660472,1
17193,0.1382219372812013,0
17194,0.09789929061862988,0
17195,0.15463640743207085,0
17196,0.049372212884415886,0
17197,0.024502767017868674,0
17198,0.0063299206974224715,0
17199,0.033879472478658794,0
17200,0.005224358646411294,0
17201,0.027736204989877375,0
17202,0.06711929145238082,0
17203,0.029711262853905383,0
17204,0.14854834086458107,0
17205,0.08739706966138737,0
17206,0.0687862951035204,0
17207,0.01198125804726197,0
17208,0.025564881730825266,0
17209,0.011816042812857272,0
17210,0.03130252733544295,0
17211,0.005228898401355734,0
17212,0.09079577822565751,0
17213,0.07032961081139986,0
17214,0.00803417200482992,0
17215,0.007090466163173651,0
17216,0.14576611558108582,0
17217,0.0015002963921241378,0
17218,0.01925383424837015,0
17219,0.07960349668266967,0
17220,0.006238846577313609,0
17221,0.012355226237067425,0
17222,0.011833246418471322,0
17223,0.017282661514404836,0
17224,0.008343748457610581,0
17225,0.12574876421761633,0
17226,0.013261088834162615,0
17227,0.014910061381219664,0
17228,0.03987912600049524,0
17229,0.03842305603834907,0
17230,0.025964689581792624,0
17231,0.10953646505844014,0
17232,0.0621799300302731,0
17233,0.055277295500007886,0
17234,0.04138872881216805,0
17235,0.008178918857087806,0
17236,0.04332582267652795,0
17237,0.03421608207281712,0
17238,0.04344449308157631,0
17239,0.014828667463655958,0
17240,0.13153889951913816,0
17241,0.1104509399269356,0
17242,0.08523717353928907,0
17243,0.01880665382950821,0
17244,0.03656929671334276,0
17245,0.05417189644886164,0
17246,0.04878801993981511,0
17247,0.07422252689950397,0
17248,0.0264816181824024,0
17249,0.04386806152557603,0
17250,0.01504554189362682,0
17251,0.06473600731168003,0
17252,0.07835239215848505,0
17253,0.14224397916642856,0
17254,0.0871003761787427,0
17255,0.014517950166009845,0
17256,0.021421814451334554,0
17257,0.0157182494433351,0
17258,0.08546057641106053,0
17259,0.1437276285887434,0
17260,0.03518597221673238,0
17261,0.03426185463917599,0
17262,0.024333188684847292,0
17263,0.04966113417301123,0
17264,0.1141473501382229,0
17265,0.09758064755426178,0
17266,0.030745002889563174,0
17267,0.11321464687383392,0
17268,0.050859693926914265,0
17269,0.010260588140757825,0
17270,0.030594167256725167,0
17271,0.14527899882194395,0
17272,0.07162234776807551,0
17273,0.0533218163932083,0
17274,0.03240933139509883,0
17275,0.07707827176224363,0
17276,0.004514471395064586,0
17277,0.03771701149559532,0
17278,0.01039660964326566,0
17279,0.13125092927158752,0
17280,0.014141850986116311,0
17281,0.08092353604844703,0
17282,0.006283721566851678,0
17283,0.06150347778866339,0
17284,0.004735935645777123,0
17285,0.10587407959903297,0
17286,0.017281804490255168,0
17287,0.06643957838038045,0
17288,0.0925721622974715,0
17289,0.26818884505882157,1
17290,0.09809765371000505,0
17291,0.0199397631396422,0
17292,0.1062899581874013,0
17293,0.04666955362858781,0
17294,0.03692408667979641,0
17295,0.02869187375703879,0
17296,0.029418761086139642,0
17297,0.0461762492016639,0
17298,0.04778336256300653,0
17299,0.04557102216333161,0
17300,0.026078052473704184,0
17301,0.05530203854332226,0
17302,0.06585328973271425,0
17303,0.09883872450702709,0
17304,0.05019672168219184,0
17305,0.005650248083303781,0
17306,0.058018630695397214,0
17307,0.039383106758012425,0
17308,0.07310707249826752,0
17309,0.11637016847827239,0
17310,0.16581815675795528,0
17311,0.0814907555679864,0
17312,0.01706051201960613,0
17313,0.009574780345288114,0
17314,0.04722939195878121,0
17315,0.0899612968021009,0
17316,0.13454499866833367,0
17317,0.12250478624789904,0
17318,0.025436568148959546,0
17319,0.04438899958734863,0
17320,0.13817290637551852,0
17321,0.11673417815213076,0
17322,0.15226968423618112,0
17323,0.10697030160127004,0
17324,0.031050195662369075,0
17325,0.010507050398697475,0
17326,0.09663841070551248,0
17327,0.23984333784325904,1
17328,0.1711377728445917,1
17329,0.008910941041423115,0
17330,0.016912472402852853,0
17331,0.048714564236088644,0
17332,0.009677631015422199,0
17333,0.04594142577408452,0
17334,0.17302083111189762,1
17335,0.05062247867260451,0
17336,0.08520146867585925,0
17337,0.09430525776131707,0
17338,0.16603487624015667,0
17339,0.11345140780528891,0
17340,0.03755945089947669,0
17341,0.020151303320259332,0
17342,0.08739859505378783,0
17343,0.06401587459937892,0
17344,0.07243204889818398,0
17345,0.0444563249692448,0
17346,0.04480692248286951,0
17347,0.016420537239170384,0
17348,0.1253141205428926,0
17349,0.10548627931378898,0
17350,0.03910784384462594,0
17351,0.01909599434295583,0
17352,0.031524427392300665,0
17353,0.012939594538027161,0
17354,0.01513194670788373,0
17355,0.013758069590834424,0
17356,0.18507542197504043,1
17357,0.05241934679105851,0
17358,0.025258888998377523,0
17359,0.2296929693364672,1
17360,0.16082448773382108,0
17361,0.05961773920777558,0
17362,0.08328427879936112,0
17363,0.021347530952837205,0
17364,0.09592941994803843,0
17365,0.022086838311350707,0
17366,0.1151504216607611,0
17367,0.18782415453241902,1
17368,0.08887971416364136,0
17369,0.032087195981299596,0
17370,0.023673520841299336,0
17371,0.0885017373880322,0
17372,0.17029057644166995,1
17373,0.003250939709841257,0
17374,0.032757214095417014,0
17375,0.023448325798744948,0
17376,0.008231851978111656,0
17377,0.0357617310616117,0
17378,0.1722389099416917,1
17379,0.08925151917090134,0
17380,0.009565926004427672,0
17381,0.03197943661226521,0
17382,0.010331770927145434,0
17383,0.011526027682845793,0
17384,0.030925994157960112,0
17385,0.12288879208565126,0
17386,0.02550190464147366,0
17387,0.01452593131177869,0
17388,0.11214660615621579,0
17389,0.20206194255881318,1
17390,0.008855454940832005,0
17391,0.03416957737068219,0
17392,0.06261590565199847,0
17393,0.012663006660932726,0
17394,0.0017082285759525491,0
17395,0.020305604925427337,0
17396,0.006023110733235056,0
17397,0.0010786157548658304,0
17398,0.19431422656413508,1
17399,0.039542462649991325,0
17400,0.010789810437047928,0
17401,0.1193399049291756,0
17402,0.15589878252487419,0
17403,0.06127043883071446,0
17404,0.12600214950112607,0
17405,0.003176621430507017,0
17406,0.07598685679996704,0
17407,0.09200447715846899,0
17408,0.009916167060004888,0
17409,0.04560975733555984,0
17410,0.014260240341797455,0
17411,0.012484848787471307,0
17412,0.012061303664480572,0
17413,0.017483673639786777,0
17414,0.18634262903215118,1
17415,0.18817054073739273,1
17416,0.11313264496025995,0
17417,0.060434137777313844,0
17418,0.09244281621973534,0
17419,0.035295762631286295,0
17420,0.10077576323438207,0
17421,0.15622263505629813,0
17422,0.15425566965634135,0
17423,0.05181393944400757,0
17424,0.013259294967123155,0
17425,0.022276470312343522,0
17426,0.08952619643005605,0
17427,0.11804882581792947,0
17428,0.017691464111794696,0
17429,0.10800039525726837,0
17430,0.010890506769538177,0
17431,0.043964334593710255,0
17432,0.04659167966739696,0
17433,0.023597824637777466,0
17434,0.025665645045621143,0
17435,0.006216957051505275,0
17436,0.06820300987699422,0
17437,0.00671924852496136,0
17438,0.030107820309549525,0
17439,0.04047785778640937,0
17440,0.06835868880281007,0
17441,0.03642569369816386,0
17442,0.01831540665757642,0
17443,0.023356366014791453,0
17444,0.0054497677595576775,0
17445,0.05944757355357965,0
17446,0.009275985855331034,0
17447,0.019430097335661877,0
17448,0.1454791001366581,0
17449,0.1548369945718165,0
17450,0.0811885814735603,0
17451,0.11026278853814094,0
17452,0.01616888988569533,0
17453,0.18068138930441888,1
17454,0.01627016336676934,0
17455,0.06868248158042313,0
17456,0.08339479048805473,0
17457,0.23319694081180253,1
17458,0.15356357471813417,0
17459,0.06359701199627142,0
17460,0.17037103435809212,1
17461,0.07660595338749161,0
17462,0.04091766495293887,0
17463,0.047787787864793325,0
17464,0.15210851789465069,0
17465,0.07361603714015628,0
17466,0.04597635994705735,0
17467,0.005790703443640469,0
17468,0.04918012225092782,0
17469,0.028161903116993663,0
17470,0.002736560237740204,0
17471,0.10131048759769448,0
17472,0.012430595682317651,0
17473,0.13955087209343456,0
17474,0.11226465646784639,0
17475,0.18274590835416363,1
17476,0.037441318853301916,0
17477,0.06411091590276569,0
17478,0.007939562942444474,0
17479,0.165816212876747,0
17480,0.09622524872529616,0
17481,0.03325715553622497,0
17482,0.09235624955896432,0
17483,0.028465122459874558,0
17484,0.04256923351102734,0
17485,0.02252928019725978,0
17486,0.01577470314034207,0
17487,0.05143392599600704,0
17488,0.04405377890022997,0
17489,0.14450675366165236,0
17490,0.06352152583055817,0
17491,0.08568575883902874,0
17492,0.019219594703323937,0
17493,0.12661661131211882,0
17494,0.018062490212337946,0
17495,0.024802904507050118,0
17496,0.037334133658017306,0
17497,0.04008612698940915,0
17498,0.04790211993514718,0
17499,0.035321150537982585,0
17500,0.1277249141762491,0
17501,0.008014096125248348,0
17502,0.004657273788599074,0
17503,0.06384847353021199,0
17504,0.05140954472003367,0
17505,0.0486239359758404,0
17506,0.08489603683480368,0
17507,0.006447901943109972,0
17508,0.05561687025585343,0
17509,0.045680713192648284,0
17510,0.016881232550624792,0
17511,0.037918417631534126,0
17512,0.007782809492350025,0
17513,0.058140543210108656,0
17514,0.007456397482326656,0
17515,0.16435743151774718,0
17516,0.038171638500572695,0
17517,0.04414278181158148,0
17518,0.015034961873730272,0
17519,0.03573379716006688,0
17520,0.047499567735301666,0
17521,0.05962596322961752,0
17522,0.01897353458969261,0
17523,0.10149820574089158,0
17524,0.010486880493591729,0
17525,0.01199915712318036,0
17526,0.004414596596189931,0
17527,0.09023142446378131,0
17528,0.10378311273529452,0
17529,0.11761784174382599,0
17530,0.0033355361099831984,0
17531,0.034712516660570514,0
17532,0.018484947985693046,0
17533,0.08617283153828395,0
17534,0.021526409374602515,0
17535,0.03202315063937078,0
17536,0.12989325486548997,0
17537,0.11566038408378154,0
17538,0.02973091433645639,0
17539,0.037559981813892,0
17540,0.028311171023981195,0
17541,0.07212249856960791,0
17542,0.004741361881360917,0
17543,0.12284097750099675,0
17544,0.05918084313090813,0
17545,0.009312734710626354,0
17546,0.09755386242573258,0
17547,0.07360902163090116,0
17548,0.01868867747916457,0
17549,0.13859106010845318,0
17550,0.06416297248209984,0
17551,0.004283378375420284,0
17552,0.030538871452555495,0
17553,0.09652711067990548,0
17554,0.07866865480109182,0
17555,0.02995868325234678,0
17556,0.03678101208273357,0
17557,0.016663355300622885,0
17558,0.010937096525946328,0
17559,0.0068971683041322805,0
17560,0.008659381425626004,0
17561,0.13183844747155984,0
17562,0.052112070610552605,0
17563,0.04518139861672909,0
17564,0.022888738683856696,0
17565,0.05851339839205812,0
17566,0.03627874526610206,0
17567,0.004377065755938214,0
17568,0.0212147455995252,0
17569,0.07959993831710846,0
17570,0.06701985358442042,0
17571,0.037618596284283365,0
17572,0.05644452898069617,0
17573,0.10636486544943165,0
17574,0.015269663909834641,0
17575,0.16928866094639564,0
17576,0.12061382857805757,0
17577,0.0521575926454541,0
17578,0.027964031634992028,0
17579,0.045170692229744694,0
17580,0.09621975631426836,0
17581,0.040104431595547683,0
17582,0.14190547304431936,0
17583,0.09927939022663086,0
17584,0.01246304902653821,0
17585,0.019615411785055423,0
17586,0.030068415683670448,0
17587,0.020783492791088383,0
17588,0.009385347187634455,0
17589,0.027604266235811123,0
17590,0.009155550804935004,0
17591,0.04729296760075601,0
17592,0.02618315274170673,0
17593,0.09752792737187746,0
17594,0.07329728899970796,0
17595,0.07369954855337116,0
17596,0.14629232891692615,0
17597,0.0025349372832337807,0
17598,0.06934753162326181,0
17599,0.10296558115820244,0
17600,0.13127157012999147,0
17601,0.020257127101835522,0
17602,0.023211386296491738,0
17603,0.026511841676407365,0
17604,0.03524516666888413,0
17605,0.06384124999184997,0
17606,0.19359019488539977,1
17607,0.07874318012270412,0
17608,0.04656939893736078,0
17609,0.13113484016336194,0
17610,0.01496085295216459,0
17611,0.010315055257002388,0
17612,0.10897487256385054,0
17613,0.043575091928518495,0
17614,0.009198982107500371,0
17615,0.10197407821203912,0
17616,0.02097686690062756,0
17617,0.05004670776127872,0
17618,0.10022821491551483,0
17619,0.02212102725763756,0
17620,0.01833136434454737,0
17621,0.01352921862492337,0
17622,0.0366698083829999,0
17623,0.04208558638279387,0
17624,0.13260922749839818,0
17625,0.05922255370993966,0
17626,0.05192292081467787,0
17627,0.1218468889892081,0
17628,0.04476758887950071,0
17629,0.033419397091348904,0
17630,0.22138990916739,1
17631,0.029831554564006515,0
17632,0.018696305862580198,0
17633,0.003186902450472277,0
17634,0.045698306436462596,0
17635,0.03636778064147477,0
17636,0.06249427287271669,0
17637,0.026488908153816614,0
17638,0.07513892856035656,0
17639,0.02449439708491512,0
17640,0.0010380029783726727,0
17641,0.009686077463029578,0
17642,0.09014702474269574,0
17643,0.011078391836452591,0
17644,0.0788940179529349,0
17645,0.05493151992146743,0
17646,0.00590993006382606,0
17647,0.002887499822207107,0
17648,0.044753504381881776,0
17649,0.028408946136226198,0
17650,0.0334872120708757,0
17651,0.17329337666042613,1
17652,0.2789216199354108,1
17653,0.014393238493579747,0
17654,0.10896784201769237,0
17655,0.008074485396897656,0
17656,0.06917734804056289,0
17657,0.01513122611996797,0
17658,0.2522248187743922,1
17659,0.04090873077538894,0
17660,0.025890230885974766,0
17661,0.14284630082667235,0
17662,0.03533690564961562,0
17663,0.07517518905626391,0
17664,0.030532428388247834,0
17665,0.014715363079593232,0
17666,0.10077740540349887,0
17667,0.036173132971750385,0
17668,0.04252983734572404,0
17669,0.02308184108315449,0
17670,0.049695982514889964,0
17671,0.017505146457062373,0
17672,0.024654038456470687,0
17673,0.2484563081428318,1
17674,0.08726401121566564,0
17675,0.051577248805076116,0
17676,0.08598647487827105,0
17677,0.044084905030841504,0
17678,0.1582855018200569,0
17679,0.04061083230495791,0
17680,0.1521198475129273,0
17681,0.015522317806499411,0
17682,0.183354536774951,1
17683,0.06745017064524553,0
17684,0.018632160051572658,0
17685,0.16636836587347079,0
17686,0.006628571231068503,0
17687,0.02219302617167868,0
17688,0.005216513330867834,0
17689,0.04772523773510896,0
17690,0.023695551361737798,0
17691,0.07101022615538533,0
17692,0.01744647823749977,0
17693,0.022556621494969398,0
17694,0.0686172287415579,0
17695,0.05585728008735955,0
17696,0.008401428515768979,0
17697,0.11808401139699838,0
17698,0.10474410251774259,0
17699,0.08522812711874354,0
17700,0.10488911494719147,0
17701,0.21591328832120016,1
17702,0.011074377639495576,0
17703,0.12300460408272616,0
17704,0.11701275301414026,0
17705,0.05552774995379668,0
17706,0.13302303577997276,0
17707,0.05863655317021707,0
17708,0.030497045987428698,0
17709,0.011647984857575367,0
17710,0.08021288642166438,0
17711,0.06153217701670542,0
17712,0.01985824269634547,0
17713,0.007122486697119509,0
17714,0.03488214145947685,0
17715,0.01020122899515874,0
17716,0.15622885177645315,0
17717,0.17680674917506603,1
17718,0.17238667753721454,1
17719,0.13240856633680503,0
17720,0.05613318097412224,0
17721,0.0841508603412637,0
17722,0.023962577095733816,0
17723,0.015553221887050113,0
17724,0.1254129382351134,0
17725,0.21084282727006232,1
17726,0.041703556180913356,0
17727,0.13105174443129614,0
17728,0.061107463013423825,0
17729,0.13304318437295795,0
17730,0.071542262698535,0
17731,0.012089394241786351,0
17732,0.09154304006543486,0
17733,0.009846238684901051,0
17734,0.12196261967164448,0
17735,0.010800605075193663,0
17736,0.09110393066905945,0
17737,0.083554334834,0
17738,0.02211873291084927,0
17739,0.08980931359167967,0
17740,0.16038840600508078,0
17741,0.17149836610829855,1
17742,0.04917252392842273,0
17743,0.0672532910637895,0
17744,0.11758245741241194,0
17745,0.07851478852578993,0
17746,0.025826343033004167,0
17747,0.029569781375824444,0
17748,0.16644822751045715,0
17749,0.06991687288634628,0
17750,0.0714571469540256,0
17751,0.03461427076778771,0
17752,0.06130203050717525,0
17753,0.08114317615421461,0
17754,0.09845838680632725,0
17755,0.030659246661105057,0
17756,0.021241094142416914,0
17757,0.007509143378029192,0
17758,0.026950383241557675,0
17759,0.022809248296517204,0
17760,0.012358846066960864,0
17761,0.06790936208279043,0
17762,0.18338210927505152,1
17763,0.023922967686416212,0
17764,0.03532430832506728,0
17765,0.09396851244483115,0
17766,0.05007678527636052,0
17767,0.02630359439060425,0
17768,0.015744853592552274,0
17769,0.033406587477350376,0
17770,0.016809467091546522,0
17771,0.01827792220920344,0
17772,0.0697265634934352,0
17773,0.0201282891029741,0
17774,0.10340768785884562,0
17775,0.08808672140244443,0
17776,0.1795059115731748,1
17777,0.019980623408495105,0
17778,0.025195376716545724,0
17779,0.04507372502813015,0
17780,0.11054488405076669,0
17781,0.03180864540819694,0
17782,0.1046992910971544,0
17783,0.02638623491040648,0
17784,0.07413210644776622,0
17785,0.04247447348002899,0
17786,0.02089422604314824,0
17787,0.056429467438316235,0
17788,0.096761555357973,0
17789,0.07055012406925766,0
17790,0.11063844664245696,0
17791,0.07937403740009512,0
17792,0.009251415112851139,0
17793,0.14903697533200547,0
17794,0.05059531310693002,0
17795,0.01702183573444342,0
17796,0.029131988761832133,0
17797,0.11312233953673513,0
17798,0.056651178503670886,0
17799,0.005798302036923027,0
17800,0.014620148015697932,0
17801,0.024515078099639664,0
17802,0.06207372716496564,0
17803,0.011326099448658151,0
17804,0.0123721474855954,0
17805,0.07228460489810554,0
17806,0.04798359409254515,0
17807,0.013150870509954922,0
17808,0.013618817878128924,0
17809,0.06079783461962527,0
17810,0.006183577680532407,0
17811,0.010686040233224451,0
17812,0.006771300399926342,0
17813,0.009799184834947934,0
17814,0.06511623709911082,0
17815,0.012711858053744604,0
17816,0.010466050098960459,0
17817,0.0895426608180685,0
17818,0.03907879069288822,0
17819,0.014089848143863397,0
17820,0.07644743759494517,0
17821,0.005423383420339078,0
17822,0.055427022753743865,0
17823,0.09220037861965018,0
17824,0.015591702045121088,0
17825,0.008042492362638565,0
17826,0.03786236313915846,0
17827,0.14196272481567096,0
17828,0.018326627245278553,0
17829,0.043110327727259465,0
17830,0.018312503712263863,0
17831,0.08411651434582762,0
17832,0.031890173478105605,0
17833,0.04868847204622104,0
17834,0.030069904072142946,0
17835,0.0631609009102644,0
17836,0.02742489713696576,0
17837,0.008826093255465284,0
17838,0.10178602181401626,0
17839,0.18220248279646895,1
17840,0.06276915733493077,0
17841,0.009202030733217978,0
17842,0.007624310436847859,0
17843,0.03129801297005518,0
17844,0.03464051697274925,0
17845,0.10650499013292682,0
17846,0.02956816813778361,0
17847,0.019128004102649372,0
17848,0.02450703164398458,0
17849,0.08395940857746771,0
17850,0.04515633101826464,0
17851,0.010712949508046162,0
17852,0.02536488103621124,0
17853,0.06739136171326697,0
17854,0.05690048821985384,0
17855,0.047708174044833664,0
17856,0.02115593387767083,0
17857,0.013778300863905642,0
17858,0.025908448762095845,0
17859,0.0313241817981674,0
17860,0.16089123371125194,0
17861,0.0028049163690665236,0
17862,0.014840084977429517,0
17863,0.010845769542059314,0
17864,0.04499889978070185,0
17865,0.10180101360316003,0
17866,0.20816152634536636,1
17867,0.057590946087751574,0
17868,0.01582116450635834,0
17869,0.058892513932963436,0
17870,0.010749023486662372,0
17871,0.007541421725447332,0
17872,0.009799535065657717,0
17873,0.06611445371083723,0
17874,0.01648906552246381,0
17875,0.09304485938846743,0
17876,0.21517126056810681,1
17877,0.010681264296128368,0
17878,0.01343523387611607,0
17879,0.019600493037754567,0
17880,0.05609576930725472,0
17881,0.02255622366640575,0
17882,0.11369195468987989,0
17883,0.0014424038440442673,0
17884,0.018655739078273937,0
17885,0.009274039223913226,0
17886,0.026372003250948853,0
17887,0.01999386203980043,0
17888,0.09802288001546601,0
17889,0.16010781426103474,0
17890,0.031943217987172444,0
17891,0.08879340833258231,0
17892,0.07251060593968292,0
17893,0.10731196820117672,0
17894,0.044152366113856964,0
17895,0.05914984871156547,0
17896,0.04899025356746708,0
17897,0.014904039032271924,0
17898,0.007702990844663401,0
17899,0.015670722012391523,0
17900,0.10753296789985095,0
17901,0.0515626654492037,0
17902,0.0370524072998299,0
17903,0.024340702815269743,0
17904,0.0532140745562619,0
17905,0.03080716998956683,0
17906,0.07754874892482982,0
17907,0.09049215686755362,0
17908,0.0730643771177333,0
17909,0.053185353432700214,0
17910,0.14109064948638178,0
17911,0.008686650417797526,0
17912,0.04226160081801934,0
17913,0.056887445880068596,0
17914,0.07110517339989553,0
17915,0.03848330445035036,0
17916,0.05336973682823028,0
17917,0.034957303659401855,0
17918,0.01731501942650365,0
17919,0.058564854596877,0
17920,0.005914890217751586,0
17921,0.03424636723860322,0
17922,0.010610908830022395,0
17923,0.07639428187739669,0
17924,0.011616670046802897,0
17925,0.006020918639835574,0
17926,0.01686547849661019,0
17927,0.05049587712493998,0
17928,0.11948573453191025,0
17929,0.007291837132903963,0
17930,0.02041654892494192,0
17931,0.05949342742883381,0
17932,0.007664422048120611,0
17933,0.07850507978725085,0
17934,0.13398618996463482,0
17935,0.024475439151704463,0
17936,0.015397742598095862,0
17937,0.17019652854680564,1
17938,0.026303889828327164,0
17939,0.021729010143115495,0
17940,0.02090994600420657,0
17941,0.057390469119620494,0
17942,0.06814797928001694,0
17943,0.03432467953793483,0
17944,0.08875124696872033,0
17945,0.06371617175160159,0
17946,0.12725212809386138,0
17947,0.027805565060361234,0
17948,0.01593174127759928,0
17949,0.028907344714247416,0
17950,0.037934874917452496,0
17951,0.05404318709630518,0
17952,0.00622076205645982,0
17953,0.012861497309723005,0
17954,0.03578154782899982,0
17955,0.025379158718420506,0
17956,0.016212259029001332,0
17957,0.027534322685129134,0
17958,0.23756643834503713,1
17959,0.015337356822628897,0
17960,0.0625804151595677,0
17961,0.034298843437827235,0
17962,0.11498384335668128,0
17963,0.0892039574001308,0
17964,0.010002533184973275,0
17965,0.04587460991053199,0
17966,0.015942527347789344,0
17967,0.04472633911982637,0
17968,0.17735917301088341,1
17969,0.02221429247780177,0
17970,0.19125986737122128,1
17971,0.025095160065913842,0
17972,0.1546188239943187,0
17973,0.03581836194918668,0
17974,0.07398019447665431,0
17975,0.03652841732405631,0
17976,0.031329207125511876,0
17977,0.007474815845945478,0
17978,0.012895451949867928,0
17979,0.036429635758898175,0
17980,0.05288160703124322,0
17981,0.07115677751082965,0
17982,0.049421657999723125,0
17983,0.008078610984637224,0
17984,0.09935886000906861,0
17985,0.031527935493921085,0
17986,0.1271583532795602,0
17987,0.07803953190426664,0
17988,0.09650941111575098,0
17989,0.03849249184881493,0
17990,0.049716379810589816,0
17991,0.01747350592153844,0
17992,0.09499413867563554,0
17993,0.096805043829685,0
17994,0.12664045587382325,0
17995,0.0030614601405347885,0
17996,0.18768481346814908,1
17997,0.030891800968627137,0
17998,0.24687204725692274,1
17999,0.023759549003941883,0
18000,0.06803121702766818,0
18001,0.10471789699023332,0
18002,0.018101487506343845,0
18003,0.020425363405666547,0
18004,0.05247732239111265,0
18005,0.009552695212582138,0
18006,0.09840667673142314,0
18007,0.21989479763104208,1
18008,0.1210173728967133,0
18009,0.023981067918688117,0
18010,0.025964694602551765,0
18011,0.022449462599097258,0
18012,0.10078772300847817,0
18013,0.02373186924762009,0
18014,0.1128883799568583,0
18015,0.018762988229501842,0
18016,0.1111148987882884,0
18017,0.015149698741000316,0
18018,0.009593823651869256,0
18019,0.04031438902006715,0
18020,0.08049328953644101,0
18021,0.022784339965760857,0
18022,0.019681811901529667,0
18023,0.0027324381000496905,0
18024,0.16176865220055803,0
18025,0.006819965184634339,0
18026,0.07265147130119276,0
18027,0.007805398012437552,0
18028,0.031042250931521007,0
18029,0.13325581323920072,0
18030,0.04475221665981735,0
18031,0.026152511719321394,0
18032,0.09599362010779577,0
18033,0.036414151196812655,0
18034,0.03325343964609987,0
18035,0.1965107556247576,1
18036,0.042859802840502344,0
18037,0.0053884525028433435,0
18038,0.08629181336982836,0
18039,0.033336526718448875,0
18040,0.12418897157204369,0
18041,0.15446703866960648,0
18042,0.09528365361669494,0
18043,0.05180230026201903,0
18044,0.01619133461727073,0
18045,0.03126951390175412,0
18046,0.08405376910908029,0
18047,0.057505615029327974,0
18048,0.021186511350023297,0
18049,0.06300414223712004,0
18050,0.1066067925219822,0
18051,0.016982984043967298,0
18052,0.025181872640792732,0
18053,0.028691136805004562,0
18054,0.06645509632317621,0
18055,0.021002139374485303,0
18056,0.11614191640790035,0
18057,0.10352444156970098,0
18058,0.056585310400598623,0
18059,0.08284519502330552,0
18060,0.016457916168136907,0
18061,0.042165991682846675,0
18062,0.03223037960556354,0
18063,0.05587358165006671,0
18064,0.07159971598285005,0
18065,0.022403288301148017,0
18066,0.06125456615869014,0
18067,0.04993726344098457,0
18068,0.013492428866857576,0
18069,0.09701503174483135,0
18070,0.015445801082269051,0
18071,0.012657342517140494,0
18072,0.027559633341027682,0
18073,0.03070724338158993,0
18074,0.08744758293119827,0
18075,0.04107951713357793,0
18076,0.030147753945128513,0
18077,0.006162650080970322,0
18078,0.035412779960716054,0
18079,0.029656149367254313,0
18080,0.05065752728566147,0
18081,0.0778838995105689,0
18082,0.0436770440155075,0
18083,0.1142801375998805,0
18084,0.0020094308298485688,0
18085,0.10818497586920257,0
18086,0.013401358105141536,0
18087,0.10422851882819636,0
18088,0.07528470440186848,0
18089,0.03292047068049768,0
18090,0.026693408447660424,0
18091,0.07202484303119334,0
18092,0.23741188005294483,1
18093,0.03622214665853319,0
18094,0.0343145216804858,0
18095,0.13426058775927605,0
18096,0.19676559920436276,1
18097,0.09022782018951772,0
18098,0.14318193363010087,0
18099,0.036455934429760126,0
18100,0.08081324186489601,0
18101,0.074665100653446,0
18102,0.18627450907466064,1
18103,0.06508071074052645,0
18104,0.005014166343049941,0
18105,0.11721621295638188,0
18106,0.05940392071179098,0
18107,0.27542758141104334,1
18108,0.0276590508427611,0
18109,0.026772369421835272,0
18110,0.09177447721086672,0
18111,0.030929270676871384,0
18112,0.019770838061086402,0
18113,0.0033055567561198393,0
18114,0.05800609284223464,0
18115,0.04314237711113897,0
18116,0.031006980995551124,0
18117,0.07550560949192496,0
18118,0.04339711666050458,0
18119,0.035950591965101135,0
18120,0.0630013553488403,0
18121,0.13500801866285303,0
18122,0.055859026314872745,0
18123,0.05088345188470542,0
18124,0.036442455723695574,0
18125,0.032764866396848925,0
18126,0.21272426147073847,1
18127,0.08702724896598246,0
18128,0.0693916170401622,0
18129,0.06519856863671357,0
18130,0.09861411688033249,0
18131,0.07389409111621582,0
18132,0.04333969212367112,0
18133,0.12508084537875294,0
18134,0.003761914070154663,0
18135,0.03776686527524466,0
18136,0.1627194948360091,0
18137,0.075641907380527,0
18138,0.026797593838790403,0
18139,0.07931431366496232,0
18140,0.05703946996659847,0
18141,0.09721524929336425,0
18142,0.20407086071271088,1
18143,0.04337584067774981,0
18144,0.11066844479389822,0
18145,0.04361521533113317,0
18146,0.05110725748604875,0
18147,0.11718779978104446,0
18148,0.04840010611185172,0
18149,0.05079782668313764,0
18150,0.12860256142606902,0
18151,0.108109382052465,0
18152,0.012243364822229303,0
18153,0.022769139757473834,0
18154,0.015999440292653714,0
18155,0.08927828528806343,0
18156,0.08857613924304389,0
18157,0.15552159829302592,0
18158,0.024250980714871424,0
18159,0.08975800067215083,0
18160,0.07760802592178694,0
18161,0.09450241053028939,0
18162,0.11909404590023638,0
18163,0.030446843841502556,0
18164,0.025567315167053017,0
18165,0.013602570822467009,0
18166,0.005571641328301288,0
18167,0.11514577284570514,0
18168,0.013673875266076115,0
18169,0.04603432139463174,0
18170,0.005357359182013433,0
18171,0.05695690971808753,0
18172,0.03647287444210827,0
18173,0.04365869601584715,0
18174,0.054769696461413254,0
18175,0.06252500835851102,0
18176,0.08499246782804738,0
18177,0.06992701009407304,0
18178,0.06145531428761762,0
18179,0.16894103042328723,0
18180,0.008639428839224935,0
18181,0.08347580596591052,0
18182,0.015018277941357365,0
18183,0.006323884530459585,0
18184,0.03888531650534646,0
18185,0.10135414705421851,0
18186,0.06734573295244606,0
18187,0.01185627598985545,0
18188,0.09919038134061284,0
18189,0.12005767405138375,0
18190,0.11262402047925747,0
18191,0.017310912532496704,0
18192,0.013749064622917917,0
18193,0.06759143256931696,0
18194,0.029037312224543716,0
18195,0.009850279197513563,0
18196,0.028576721565660837,0
18197,0.14775108620093416,0
18198,0.024638522811062564,0
18199,0.05852726675233524,0
18200,0.010614910710396537,0
18201,0.018744883360475802,0
18202,0.026157217311713752,0
18203,0.08737894101918219,0
18204,0.014494447852641756,0
18205,0.12022334732949821,0
18206,0.17256593217452335,1
18207,0.03582842891597559,0
18208,0.01302631617301387,0
18209,0.029127017572613267,0
18210,0.008700964327750494,0
18211,0.040332634933117215,0
18212,0.0045002214542974265,0
18213,0.10079063466249144,0
18214,0.12348794948078852,0
18215,0.09992682005443984,0
18216,0.11842102218048427,0
18217,0.03955631016379468,0
18218,0.0428541476807626,0
18219,0.012983892546901629,0
18220,0.06687946450053314,0
18221,0.026323087434616133,0
18222,0.03538978338142796,0
18223,0.148738515738476,0
18224,0.013838102404320337,0
18225,0.03396125188290853,0
18226,0.013564824463036551,0
18227,0.029288878308544104,0
18228,0.027381480398954064,0
18229,0.02285322233093111,0
18230,0.1436289894646237,0
18231,0.07286543595496967,0
18232,0.11448353755923041,0
18233,0.09340314934063026,0
18234,0.07090461805148272,0
18235,0.048985641015130595,0
18236,0.016985678087901947,0
18237,0.03179329553103192,0
18238,0.08316121987468074,0
18239,0.08925935969862957,0
18240,0.08925601753332016,0
18241,0.030197633918378212,0
18242,0.1005830776598343,0
18243,0.07067781572879286,0
18244,0.0892800061045809,0
18245,0.014966093511621778,0
18246,0.032050755555382365,0
18247,0.03276224475411748,0
18248,0.015458899647725325,0
18249,0.03404583945081677,0
18250,0.05109627353373092,0
18251,0.0788777089507616,0
18252,0.12327509884549182,0
18253,0.08877927865142059,0
18254,0.02780511566611713,0
18255,0.15224014038760636,0
18256,0.03820790861037711,0
18257,0.1405661215126732,0
18258,0.0658491753737699,0
18259,0.04165486309242361,0
18260,0.03456005238479651,0
18261,0.09602074205063911,0
18262,0.14865099836355047,0
18263,0.05117523123372835,0
18264,0.07373291663540651,0
18265,0.011031550764203028,0
18266,0.0641192528751318,0
18267,0.049510688037768834,0
18268,0.13909115962140445,0
18269,0.06332883408304278,0
18270,0.14317915213446547,0
18271,0.1181256410679538,0
18272,0.1563934278623594,0
18273,0.1055361583215773,0
18274,0.031188063719915508,0
18275,0.06488611712192487,0
18276,0.0898011769510903,0
18277,0.028498979996706423,0
18278,0.024800953042470066,0
18279,0.03720934647574937,0
18280,0.13295844987826655,0
18281,0.06966809447867656,0
18282,0.17935996667161344,1
18283,0.019382408356629365,0
18284,0.08406822260915113,0
18285,0.03314868285762525,0
18286,0.05422577371270053,0
18287,0.008078566631601529,0
18288,0.04149465809661969,0
18289,0.03575575389546508,0
18290,0.08841544722752029,0
18291,0.09014624301314302,0
18292,0.12543456386374882,0
18293,0.009904594369872824,0
18294,0.08452774990344862,0
18295,0.06383864394916958,0
18296,0.04500155295798133,0
18297,0.007531089467093873,0
18298,0.032995988999086255,0
18299,0.09315241701207465,0
18300,0.006493795436483207,0
18301,0.0014393232591927965,0
18302,0.16441404860084838,0
18303,0.03696250608891418,0
18304,0.017363799792368535,0
18305,0.0029397526662672184,0
18306,0.18051434230170765,1
18307,0.08905417922622366,0
18308,0.028754255710464135,0
18309,0.05061749112281834,0
18310,0.025476113077505642,0
18311,0.011766126605479354,0
18312,0.0019850348090458677,0
18313,0.01623170996729235,0
18314,0.023049284485638158,0
18315,0.01658488709505165,0
18316,0.005315902554941217,0
18317,0.0282916089916333,0
18318,0.12899807611762712,0
18319,0.01446356506257318,0
18320,0.006236676914357727,0
18321,0.08697393327363546,0
18322,0.0009126411967181077,0
18323,0.0020256767858501503,0
18324,0.005078209591256111,0
18325,0.0035530909814397585,0
18326,0.06583167249827075,0
18327,0.09662586830203353,0
18328,0.11931966695777112,0
18329,0.0159153717998841,0
18330,0.15138301731085527,0
18331,0.07062958174583614,0
18332,0.011631501422815608,0
18333,0.008886810720109928,0
18334,0.0021311156929278317,0
18335,0.04208395829822926,0
18336,0.14381669288455015,0
18337,0.0075095621941276836,0
18338,0.0026890220731654443,0
18339,0.035987444410070485,0
18340,0.0687849064697555,0
18341,0.1147522637441313,0
18342,0.022743465353192292,0
18343,0.042893323288979955,0
18344,0.09076466112907372,0
18345,0.08781436539907929,0
18346,0.047465650465255374,0
18347,0.026848853900050176,0
18348,0.005165358237039497,0
18349,0.12142780673937015,0
18350,0.09937958686010431,0
18351,0.0349898811788675,0
18352,0.003313253468065791,0
18353,0.008664796391959547,0
18354,0.014973802149676297,0
18355,0.03181098730836441,0
18356,0.18269553214213533,1
18357,0.021203690409994813,0
18358,0.02129247651245715,0
18359,0.019003688874663867,0
18360,0.1844882499941079,1
18361,0.19980260407288788,1
18362,0.08564658748501669,0
18363,0.00963933738020614,0
18364,0.013231313515139983,0
18365,0.1246432104106783,0
18366,0.005158361263579062,0
18367,0.16418432093082896,0
18368,0.02904729387938858,0
18369,0.02017470593775789,0
18370,0.08113021699740726,0
18371,0.0807948148935945,0
18372,0.09528601634234961,0
18373,0.14721638273378315,0
18374,0.052515159638227685,0
18375,0.00744096751808887,0
18376,0.04278572314232844,0
18377,0.024378935682561102,0
18378,0.06259040537785138,0
18379,0.04768495773728672,0
18380,0.016192709473315192,0
18381,0.02417856724160577,0
18382,0.1295446806329326,0
18383,0.01892694073689823,0
18384,0.08125606328736498,0
18385,0.005739616715674452,0
18386,0.0025279599433984576,0
18387,0.003767626356557119,0
18388,0.14193540603661958,0
18389,0.029180772628920906,0
18390,0.024639944658840132,0
18391,0.018597311010781534,0
18392,0.06695662753422378,0
18393,0.028070630836247643,0
18394,0.03222437884139336,0
18395,0.04659459085968976,0
18396,0.10684359466325324,0
18397,0.007089443726430167,0
18398,0.049333541371355503,0
18399,0.04672280785203668,0
18400,0.008606403428585629,0
18401,0.011735339852936132,0
18402,0.026063811200349434,0
18403,0.05041756497128026,0
18404,0.09274761186493173,0
18405,0.035368387651255724,0
18406,0.07136071164202837,0
18407,0.0207404789041525,0
18408,0.01091427989043326,0
18409,0.10489569519543641,0
18410,0.01280375042681389,0
18411,0.0072046883600048,0
18412,0.05204843256641323,0
18413,0.03949071693635244,0
18414,0.06253944107512827,0
18415,0.0081343677579573,0
18416,0.004233000382046481,0
18417,0.20216234160353388,1
18418,0.041057419045251384,0
18419,0.02714187036170049,0
18420,0.006564675492184868,0
18421,0.12688773909038645,0
18422,0.012315459000198406,0
18423,0.12052850359288601,0
18424,0.08005575599231407,0
18425,0.03593360752754492,0
18426,0.016663731300255922,0
18427,0.027163195004288203,0
18428,0.1114993978814218,0
18429,0.0878614030352914,0
18430,0.0073863044289032235,0
18431,0.0201369605844205,0
18432,0.0387675706592223,0
18433,0.04392696174244026,0
18434,0.10382260582626035,0
18435,0.05271237915277229,0
18436,0.062161793263662064,0
18437,0.024492248870478607,0
18438,0.11243490775246988,0
18439,0.00542972415303713,0
18440,0.032768799117407064,0
18441,0.021252910179780624,0
18442,0.03633188624371254,0
18443,0.06157540119403139,0
18444,0.010317720449672607,0
18445,0.09208002566076762,0
18446,0.024814445384389313,0
18447,0.09274771805713306,0
18448,0.022130556285923596,0
18449,0.03876328302293627,0
18450,0.039744511617384126,0
18451,0.0995300074433108,0
18452,0.01067079043647426,0
18453,0.001987882069948473,0
18454,0.053678562038834796,0
18455,0.028579749732827998,0
18456,0.037833284038881025,0
18457,0.18639692214266212,1
18458,0.0028467512996828742,0
18459,0.010799327544779146,0
18460,0.013323926306814234,0
18461,0.019011027494176113,0
18462,0.00929338879834456,0
18463,0.008069263076809951,0
18464,0.04191485216074409,0
18465,0.0035239184744549827,0
18466,0.05277438395152356,0
18467,0.0982866041693434,0
18468,0.01895505836410145,0
18469,0.13748904749756416,0
18470,0.013956886081466028,0
18471,0.04897131355452275,0
18472,0.10732803932449893,0
18473,0.01981515208460743,0
18474,0.01893016865541243,0
18475,0.005300235998058289,0
18476,0.009163882028667403,0
18477,0.05056557745757701,0
18478,0.02097923786913852,0
18479,0.04857625753878427,0
18480,0.05660623658704292,0
18481,0.14644490347567943,0
18482,0.011518490036339963,0
18483,0.029638337810895622,0
18484,0.02815228533944174,0
18485,0.07707780438952912,0
18486,0.2082701744496448,1
18487,0.01086692402607956,0
18488,0.01578130291916297,0
18489,0.09271714622087351,0
18490,0.05201930870813756,0
18491,0.01023396107523576,0
18492,0.19092247386673136,1
18493,0.0028198541927470623,0
18494,0.07147298337478096,0
18495,0.04896820551184652,0
18496,0.040503316616171375,0
18497,0.019170720413390407,0
18498,0.026471459942084604,0
18499,0.04662511494150531,0
18500,0.009310613120203403,0
18501,0.008386589660214706,0
18502,0.0524525458579279,0
18503,0.07403638472016769,0
18504,0.20412561052111353,1
18505,0.11923055527149513,0
18506,0.0029097666665923506,0
18507,0.06706386496523083,0
18508,0.02752471663765414,0
18509,0.007788688704096702,0
18510,0.007528228646766588,0
18511,0.01323174897641594,0
18512,0.08682810019784437,0
18513,0.029082136221171527,0
18514,0.010578688036033427,0
18515,0.07779971723367887,0
18516,0.08645683873580236,0
18517,0.10991252415746283,0
18518,0.005857394790067542,0
18519,0.016755506188512372,0
18520,0.007922251795321548,0
18521,0.13071949291053944,0
18522,0.002763733650638452,0
18523,0.012235639700514778,0
18524,0.13061799093006463,0
18525,0.015720494859032413,0
18526,0.02319379796815966,0
18527,0.020910747477781086,0
18528,0.009483309711235758,0
18529,0.002314642165977876,0
18530,0.01719894979091224,0
18531,0.021745821652658103,0
18532,0.1339391507996592,0
18533,0.004773675110039151,0
18534,0.13942369644048908,0
18535,0.07297644502565985,0
18536,0.03804994245279783,0
18537,0.014054003080359416,0
18538,0.10296779446135469,0
18539,0.028149026797129776,0
18540,0.10651841698029291,0
18541,0.041738760787421426,0
18542,0.10836679492940081,0
18543,0.058467674039029374,0
18544,0.1937693542069127,1
18545,0.043901336651403625,0
18546,0.02321841553553896,0
18547,0.019167254316318945,0
18548,0.053901006652503435,0
18549,0.045465790767885594,0
18550,0.0018471918262653597,0
18551,0.1014683975357309,0
18552,0.004594551427830659,0
18553,0.05069955958260642,0
18554,0.02456635198156325,0
18555,0.2437139355848627,1
18556,0.0019025565395991058,0
18557,0.011377895994628299,0
18558,0.02832245716637173,0
18559,0.004437715766333139,0
18560,0.1126943379413973,0
18561,0.009746696029437325,0
18562,0.013412076293179028,0
18563,0.028003198214655696,0
18564,0.09306625804859706,0
18565,0.0700376117484678,0
18566,0.010997262460906243,0
18567,0.0018830570944408246,0
18568,0.14363943951106287,0
18569,0.047956170403791694,0
18570,0.08679847418884394,0
18571,0.0054981604315917695,0
18572,0.07784647877932267,0
18573,0.11279425284088547,0
18574,0.034945686127544874,0
18575,0.01978878615058499,0
18576,0.08559873970810604,0
18577,0.19363574969119124,1
18578,0.10985943182638673,0
18579,0.06907945025789317,0
18580,0.029452575235901887,0
18581,0.009810412920095716,0
18582,0.10873426912089429,0
18583,0.09872025934577416,0
18584,0.01340284109924063,0
18585,0.08375753205199646,0
18586,0.003566050703460033,0
18587,0.00784461133286347,0
18588,0.023971771192631896,0
18589,0.04015116539196882,0
18590,0.09340301872225215,0
18591,0.01943162774820178,0
18592,0.04335123114678864,0
18593,0.054612498366853106,0
18594,0.020904878283349592,0
18595,0.046429279718182476,0
18596,0.004393558480847163,0
18597,0.15904852750236645,0
18598,0.015593156026600098,0
18599,0.015459146928850302,0
18600,0.0074526553142543785,0
18601,0.1637560439707909,0
18602,0.18241366332210746,1
18603,0.06871147734496917,0
18604,0.021169597102831787,0
18605,0.010740243475267178,0
18606,0.1071273510031739,0
18607,0.0023072587477175185,0
18608,0.02132889885523593,0
18609,0.015026582301876656,0
18610,0.055374964601810316,0
18611,0.0181445504456909,0
18612,0.12723652895241824,0
18613,0.053875009917849666,0
18614,0.0279889291936482,0
18615,0.06596155652546078,0
18616,0.07154563834008175,0
18617,0.06222412948594107,0
18618,0.09015882104828317,0
18619,0.004439116157872084,0
18620,0.00803138958962973,0
18621,0.03514130060373334,0
18622,0.005471725343206346,0
18623,0.19528485936985077,1
18624,0.008723116750388511,0
18625,0.022611672663687132,0
18626,0.20770261303186366,1
18627,0.18813450207193036,1
18628,0.04867362207613456,0
18629,0.0068121797203716545,0
18630,0.08790839537362333,0
18631,0.04292406334581257,0
18632,0.003209107928365255,0
18633,0.04767122554979816,0
18634,0.09713987380387915,0
18635,0.022981155694500505,0
18636,0.002047463214648082,0
18637,0.014244484237071142,0
18638,0.057385248603115176,0
18639,0.05929572406076072,0
18640,0.005794833692914499,0
18641,0.10899870526447736,0
18642,0.0919550127994648,0
18643,0.08736632141721558,0
18644,0.03552813778542591,0
18645,0.06562607780347259,0
18646,0.0056943190814742195,0
18647,0.019671563029192204,0
18648,0.03818277811518719,0
18649,0.1792422666927153,1
18650,0.003625908750250084,0
18651,0.010796703101197114,0
18652,0.10016524412830549,0
18653,0.0266314342129708,0
18654,0.04781375845445539,0
18655,0.017518398156435536,0
18656,0.019964409496381934,0
18657,0.0585801421946541,0
18658,0.014996941058558236,0
18659,0.06783318345467722,0
18660,0.06935032568330055,0
18661,0.0010870999761464514,0
18662,0.06226537738759262,0
18663,0.01482169900355379,0
18664,0.02246425967871139,0
18665,0.0019006619020798254,0
18666,0.006484213091911591,0
18667,0.012817340029803207,0
18668,0.005966938737763039,0
18669,0.1732443433649872,1
18670,0.005746116152087081,0
18671,0.0294629252603097,0
18672,0.0057011045150114235,0
18673,0.006365089683683019,0
18674,0.07616651953140084,0
18675,0.03063268628729893,0
18676,0.14847719407837323,0
18677,0.029188686130354954,0
18678,0.0016246240366828942,0
18679,0.10551275455005919,0
18680,0.10865825638914849,0
18681,0.009718877481658375,0
18682,0.017318392653487034,0
18683,0.04007525112167283,0
18684,0.04811490093844401,0
18685,0.12644583975545884,0
18686,0.06504110365878472,0
18687,0.00950855503235919,0
18688,0.13716972534903069,0
18689,0.011193550116050728,0
18690,0.04423840376436219,0
18691,0.06516761363713326,0
18692,0.20736850486750574,1
18693,0.024239491389282528,0
18694,0.07781589039297583,0
18695,0.0025765049430512906,0
18696,0.09960432386144683,0
18697,0.019592910591656812,0
18698,0.0022200638950874356,0
18699,0.012410153155313604,0
18700,0.0646257305030255,0
18701,0.09215795461881299,0
18702,0.04260769266126238,0
18703,0.016716318777982107,0
18704,0.008941158779856203,0
18705,0.03375581420905334,0
18706,0.07936070826544649,0
18707,0.022576908119061736,0
18708,0.04139187587981918,0
18709,0.012255337951471728,0
18710,0.059654493943569774,0
18711,0.006564943455180631,0
18712,0.0311346695678335,0
18713,0.02373947706612493,0
18714,0.14937752163857118,0
18715,0.013393314063258506,0
18716,0.09239742602920865,0
18717,0.12694948595319017,0
18718,0.03605302163076687,0
18719,0.040947339995501306,0
18720,0.11699895391539225,0
18721,0.20055195180819252,1
18722,0.006973360986677957,0
18723,0.1400710349992746,0
18724,0.11982010042872687,0
18725,0.029082714044007595,0
18726,0.045739070147022706,0
18727,0.2636855675249207,1
18728,0.0040585804914879805,0
18729,0.030456299552472865,0
18730,0.009972414795815477,0
18731,0.08239199827184741,0
18732,0.053277908557162086,0
18733,0.07870549015523508,0
18734,0.02296120641438202,0
18735,0.01092427765934383,0
18736,0.02772391365386373,0
18737,0.07105397723682959,0
18738,0.08885446938967267,0
18739,0.003040056005648983,0
18740,0.03815929466843894,0
18741,0.17829908529371988,1
18742,0.005282962929986549,0
18743,0.05033051126181587,0
18744,0.1296173570771755,0
18745,0.03548657121293752,0
18746,0.007503126746187975,0
18747,0.04345942730721488,0
18748,0.010235594967099419,0
18749,0.027634039577034815,0
18750,0.036834790336969445,0
18751,0.004479772841684889,0
18752,0.03669545344182328,0
18753,0.022735990622940287,0
18754,0.06902268032211832,0
18755,0.1565900328762975,0
18756,0.08615124095065638,0
18757,0.04854545372804762,0
18758,0.16944085723954264,0
18759,0.13841521294634057,0
18760,0.13281425530571286,0
18761,0.09636949044114548,0
18762,0.10259923868099309,0
18763,0.03098180168668915,0
18764,0.004064411003141025,0
18765,0.028321241025209276,0
18766,0.156494139942422,0
18767,0.07146184632498585,0
18768,0.10213816393831508,0
18769,0.09714810074484816,0
18770,0.13808149083306961,0
18771,0.032035296507976645,0
18772,0.020627984206315553,0
18773,0.020430037350569624,0
18774,0.1656849059294944,0
18775,0.04816419524512591,0
18776,0.0713189263387696,0
18777,0.0015404366679611166,0
18778,0.06401088665936185,0
18779,0.06270005099967663,0
18780,0.02700036657206743,0
18781,0.319024632339361,1
18782,0.03175937027754595,0
18783,0.05388125044953886,0
18784,0.08069203266766184,0
18785,0.016974228635903508,0
18786,0.006644723850113136,0
18787,0.010801424676121558,0
18788,0.043517237682341905,0
18789,0.06221799630864332,0
18790,0.011247891678030657,0
18791,0.07086222044506621,0
18792,0.0593703979482644,0
18793,0.05593512195046664,0
18794,0.10431749868457621,0
18795,0.1978983687958999,1
18796,0.0025917332816100943,0
18797,0.023458623984119745,0
18798,0.023610622429079683,0
18799,0.14060263362545333,0
18800,0.003986738838634777,0
18801,0.012973843032381456,0
18802,0.03403534101006302,0
18803,0.08425173776347492,0
18804,0.019332244434932467,0
18805,0.08248834085706537,0
18806,0.039170732683553894,0
18807,0.045714163672232876,0
18808,0.0665060470093655,0
18809,0.00902476112731072,0
18810,0.09813660949222705,0
18811,0.01889767562448211,0
18812,0.015329021980516238,0
18813,0.008233922797328834,0
18814,0.025318999879357453,0
18815,0.05710069082936757,0
18816,0.042704182156650845,0
18817,0.03885918303103404,0
18818,0.0024626871642787393,0
18819,0.07499851138999718,0
18820,0.20263284939551943,1
18821,0.048875601391313084,0
18822,0.05237867237103204,0
18823,0.15327220623487958,0
18824,0.011589441417956266,0
18825,0.17629640409968206,1
18826,0.03363611791316113,0
18827,0.016825848500580293,0
18828,0.005696854626052117,0
18829,0.14744537074639705,0
18830,0.01170772822105132,0
18831,0.07769815060060963,0
18832,0.010897932887643565,0
18833,0.01054840000463301,0
18834,0.060936274054183184,0
18835,0.008780745483928213,0
18836,0.12039163008519474,0
18837,0.10433532266760584,0
18838,0.05102221516274826,0
18839,0.0810003362229915,0
18840,0.045701695017082655,0
18841,0.007579250715235064,0
18842,0.019344794342169305,0
18843,0.0011646680356329616,0
18844,0.01917649276419453,0
18845,0.06000161342032543,0
18846,0.025423137157173443,0
18847,0.139965224934331,0
18848,0.02929892583377245,0
18849,0.0674116910482247,0
18850,0.04300562154940049,0
18851,0.04926812541631857,0
18852,0.0556984334363191,0
18853,0.12705860173375602,0
18854,0.027818692839656826,0
18855,0.0019463355842602133,0
18856,0.00947194852915881,0
18857,0.07189697359896113,0
18858,0.036896251430975864,0
18859,0.011917921728857306,0
18860,0.11392415784000702,0
18861,0.023553288964884178,0
18862,0.16939962843174308,0
18863,0.01767830135790199,0
18864,0.23990768428101947,1
18865,0.07455626448328907,0
18866,0.013342696659964955,0
18867,0.03450923877932011,0
18868,0.1270624572434624,0
18869,0.0817426225622724,0
18870,0.006978359114052616,0
18871,0.12257495963644738,0
18872,0.01936568963730388,0
18873,0.009398270702773725,0
18874,0.031601084933487324,0
18875,0.045246858195596276,0
18876,0.15831031951307833,0
18877,0.06870946812044997,0
18878,0.031200252916823802,0
18879,0.003812478264408788,0
18880,0.08558225946748435,0
18881,0.03915038315042554,0
18882,0.00897503988200612,0
18883,0.0013249289760018045,0
18884,0.14163042268319145,0
18885,0.05529385748632936,0
18886,0.01556811103419727,0
18887,0.02968207551667074,0
18888,0.084321216627915,0
18889,0.004475245834916319,0
18890,0.03969585451099747,0
18891,0.17059908483855205,1
18892,0.03782976044546588,0
18893,0.0007924156206032891,0
18894,0.1744463404193327,1
18895,0.01975355715036026,0
18896,0.005313150612257774,0
18897,0.24666058522286755,1
18898,0.10064545613190716,0
18899,0.03346833533641658,0
18900,0.052545167324971484,0
18901,0.006318006684410404,0
18902,0.1277858716770879,0
18903,0.08954907318332357,0
18904,0.11309339921979031,0
18905,0.0034929863372503405,0
18906,0.15646611306883376,0
18907,0.08637899488335696,0
18908,0.017068077447523543,0
18909,0.01753565809195958,0
18910,0.030272706152821828,0
18911,0.009207923427595969,0
18912,0.03834475969996964,0
18913,0.027120002464160183,0
18914,0.06074146815339973,0
18915,0.08028853059620915,0
18916,0.13329844412023392,0
18917,0.02321845673813856,0
18918,0.018193399311577322,0
18919,0.06261061363626051,0
18920,0.044611757758891354,0
18921,0.02962155072909207,0
18922,0.1595403960530973,0
18923,0.07422478676987794,0
18924,0.022360294929389755,0
18925,0.006470462541891423,0
18926,0.12481169864802014,0
18927,0.022436710709780306,0
18928,0.025262722401352255,0
18929,0.016283376636006194,0
18930,0.0025652333354734195,0
18931,0.11950564724286347,0
18932,0.031978133893557886,0
18933,0.07781440079838674,0
18934,0.059614236898591216,0
18935,0.06823511679109671,0
18936,0.026682956384959454,0
18937,0.15681464878739249,0
18938,0.040612121688489836,0
18939,0.056679149425789936,0
18940,0.13378276556093552,0
18941,0.04541134052216138,0
18942,0.014474755617600846,0
18943,0.09020841428547552,0
18944,0.299447520457889,1
18945,0.0401425600626935,0
18946,0.06532421577424881,0
18947,0.04467770693927802,0
18948,0.1425114483452266,0
18949,0.018413116853764084,0
18950,0.022795451350629103,0
18951,0.04106707603666873,0
18952,0.03904827488022517,0
18953,0.15679478603410313,0
18954,0.0016068284001419686,0
18955,0.006984988141289257,0
18956,0.06504549232631164,0
18957,0.01936739611982392,0
18958,0.08540726936476836,0
18959,0.11870683591009587,0
18960,0.05713396902785029,0
18961,0.018694173974012206,0
18962,0.01445432332310533,0
18963,0.09439523378547297,0
18964,0.03499847256135079,0
18965,0.14550285238636718,0
18966,0.047240670826738815,0
18967,0.03764960385789169,0
18968,0.08036305596819057,0
18969,0.2185347219780894,1
18970,0.1290324992744389,0
18971,0.2208047115456796,1
18972,0.10085274031721324,0
18973,0.012235461861000382,0
18974,0.17900395543747732,1
18975,0.01580267757110859,0
18976,0.09830386543800511,0
18977,0.023498562937465026,0
18978,0.010493063070520744,0
18979,0.10637720297439986,0
18980,0.009044901636287631,0
18981,0.2982097995126367,1
18982,0.015429572959222877,0
18983,0.014806320526285744,0
18984,0.014853136235124327,0
18985,0.030006193077575016,0
18986,0.017575521090865916,0
18987,0.05395087051184329,0
18988,0.028454615375280778,0
18989,0.022936824439406152,0
18990,0.03511157664838611,0
18991,0.05127246763928315,0
18992,0.0008790646644813623,0
18993,0.007843578778315659,0
18994,0.015047708230492944,0
18995,0.008013880753612675,0
18996,0.15462388190231333,0
18997,0.03386972317791749,0
18998,0.12422916125731304,0
18999,0.04730617563946163,0
19000,0.004458939670361269,0
19001,0.17963087744430611,1
19002,0.0035660725012878944,0
19003,0.041547488218669,0
19004,0.20992863898758168,1
19005,0.004469402678602385,0
19006,0.022192668665480766,0
19007,0.001103945760073118,0
19008,0.08761079607369984,0
19009,0.006171027929606924,0
19010,0.020434463558409246,0
19011,0.12887036445864133,0
19012,0.1231705075959335,0
19013,0.00831655853560657,0
19014,0.021762053009797982,0
19015,0.024208405003438873,0
19016,0.005729020620816246,0
19017,0.0070591284462785025,0
19018,0.049747224939574335,0
19019,0.10710695827252029,0
19020,0.006374368770387536,0
19021,0.02625872715479231,0
19022,0.08496569263794924,0
19023,0.03803903961608545,0
19024,0.041293769204563395,0
19025,0.055121165817166,0
19026,0.026255691201177656,0
19027,0.012655022836365866,0
19028,0.005982383136007334,0
19029,0.10086766726021207,0
19030,0.09220335885855141,0
19031,0.048208744746138704,0
19032,0.01680200171665759,0
19033,0.01608616398769239,0
19034,0.14871062559598017,0
19035,0.01101433362337203,0
19036,0.020745125808064948,0
19037,0.0315090926081695,0
19038,0.012330492492776587,0
19039,0.02511680082216643,0
19040,0.02321195021737464,0
19041,0.13048839810423354,0
19042,0.03434489736229797,0
19043,0.038470947682748016,0
19044,0.037236341057681616,0
19045,0.011157667620246977,0
19046,0.09112286909318558,0
19047,0.03247288644892294,0
19048,0.07873625699407917,0
19049,0.03425622457690163,0
19050,0.05217553084754544,0
19051,0.158404924463447,0
19052,0.034604838714867345,0
19053,0.026870677219981154,0
19054,0.00801020975171105,0
19055,0.012025695016527076,0
19056,0.08947887794452297,0
19057,0.06920989617380927,0
19058,0.039336375422296524,0
19059,0.13764922239899316,0
19060,0.0642498806065847,0
19061,0.09182668010452977,0
19062,0.01972117505288319,0
19063,0.06057792212170213,0
19064,0.035039842899184465,0
19065,0.09434084367204999,0
19066,0.013178793333360982,0
19067,0.02415589319845847,0
19068,0.015541664844214043,0
19069,0.010158281107895007,0
19070,0.03867321628434918,0
19071,0.020050961887637317,0
19072,0.014676039252917954,0
19073,0.16139644532826491,0
19074,0.019220355444917913,0
19075,0.10905728163819145,0
19076,0.02537786027460257,0
19077,0.020460834176857113,0
19078,0.014182658168511069,0
19079,0.05344911927799068,0
19080,0.008268214555327773,0
19081,0.005232457923614264,0
19082,0.09683537634004612,0
19083,0.06359526281685517,0
19084,0.2704753116073197,1
19085,0.05935738957875725,0
19086,0.028508444376115973,0
19087,0.07788686843468344,0
19088,0.1473972821667697,0
19089,0.0046630749105511645,0
19090,0.09524653088620451,0
19091,0.055584547584296096,0
19092,0.006527653400204359,0
19093,0.02667386744591959,0
19094,0.028500656420533017,0
19095,0.053322153115075994,0
19096,0.014195795885436239,0
19097,0.017140824083327753,0
19098,0.11598719604404065,0
19099,0.06512043319021987,0
19100,0.04672936835042203,0
19101,0.04582573257087512,0
19102,0.04240578395695891,0
19103,0.034836954324003126,0
19104,0.0960380156875308,0
19105,0.09871405490743729,0
19106,0.0010486681747253535,0
19107,0.12795068746311072,0
19108,0.09551873261070147,0
19109,0.08130535654540441,0
19110,0.06997217836751865,0
19111,0.01344505173601387,0
19112,0.038193837240558734,0
19113,0.015616095988821847,0
19114,0.003300959086730167,0
19115,0.2103967632956343,1
19116,0.13168528853283698,0
19117,0.046801091420112045,0
19118,0.034987145715741436,0
19119,0.02528086618106021,0
19120,0.13813823837762032,0
19121,0.1433909418169386,0
19122,0.00442893261783582,0
19123,0.007739710784823332,0
19124,0.0673841928584614,0
19125,0.12544709512265947,0
19126,0.03664936114863789,0
19127,0.005854886679999257,0
19128,0.015121780216489734,0
19129,0.027444839280455165,0
19130,0.010970756776580022,0
19131,0.03778137739871915,0
19132,0.12635979527484226,0
19133,0.033113426059302786,0
19134,0.07658575600390836,0
19135,0.010339600433990678,0
19136,0.032039286010256136,0
19137,0.08099614343442463,0
19138,0.005732750355253735,0
19139,0.21251040197585455,1
19140,0.09132478159589666,0
19141,0.13621388348195998,0
19142,0.18046675371845583,1
19143,0.004851278183939874,0
19144,0.0299962285793744,0
19145,0.02187541359477314,0
19146,0.026490119650073217,0
19147,0.09304325913004548,0
19148,0.041108488428393174,0
19149,0.09049063474312602,0
19150,0.12186978940506576,0
19151,0.02679032284122557,0
19152,0.01992954614003024,0
19153,0.04370991439839448,0
19154,0.19191596253366386,1
19155,0.04144055436684702,0
19156,0.0067536491533658856,0
19157,0.07707942707263597,0
19158,0.10265518529520072,0
19159,0.00374911991782391,0
19160,0.07191088241354955,0
19161,0.01945793775413527,0
19162,0.005548072735638732,0
19163,0.03919959681878403,0
19164,0.005141683531310711,0
19165,0.023099298843277424,0
19166,0.018718964385345763,0
19167,0.05526298263166344,0
19168,0.013269671345552939,0
19169,0.015567894838997239,0
19170,0.1255567985655712,0
19171,0.04674245209092512,0
19172,0.023099721614657825,0
19173,0.08002781666820134,0
19174,0.17040079970933358,1
19175,0.03833897392528125,0
19176,0.005119884153695109,0
19177,0.08906939848860027,0
19178,0.05886591197118838,0
19179,0.058142298523800415,0
19180,0.018304137273392796,0
19181,0.07701816913520369,0
19182,0.0211854062476088,0
19183,0.002871983010132162,0
19184,0.0022864400171371444,0
19185,0.09595349667927182,0
19186,0.10455307674855474,0
19187,0.0059562555467668424,0
19188,0.012526195587388116,0
19189,0.07933634391945735,0
19190,0.018407461944254067,0
19191,0.09411511218321879,0
19192,0.0032229631153266676,0
19193,0.009584418482577805,0
19194,0.03210221777149063,0
19195,0.14301634091574567,0
19196,0.05347717122423485,0
19197,0.08924110750627853,0
19198,0.02176069803946983,0
19199,0.18743867621033358,1
19200,0.048412357145435105,0
19201,0.012161826263539233,0
19202,0.011619436229592125,0
19203,0.11731755886859067,0
19204,0.006444269811545859,0
19205,0.03193634398276194,0
19206,0.005307401584849503,0
19207,0.013333531878361489,0
19208,0.02899405626454724,0
19209,0.0009091481074146257,0
19210,0.029095726165554513,0
19211,0.06796114993978941,0
19212,0.0532862254659735,0
19213,0.0016799949315629004,0
19214,0.035362425917072816,0
19215,0.006158276066354144,0
19216,0.19739814636063452,1
19217,0.013935912400822948,0
19218,0.06503726263298203,0
19219,0.07649845255736375,0
19220,0.03194549525219257,0
19221,0.16280079061193392,0
19222,0.008418039881194975,0
19223,0.005035377320685115,0
19224,0.13335845513411085,0
19225,0.040537678157918096,0
19226,0.010475569489731407,0
19227,0.13613309713085278,0
19228,0.050254836997856475,0
19229,0.004314713212992238,0
19230,0.005865925170673014,0
19231,0.00498843918884105,0
19232,0.019469035322909542,0
19233,0.09897160202016465,0
19234,0.07366088930955123,0
19235,0.0867654590884974,0
19236,0.026887838132797486,0
19237,0.0026296273851408756,0
19238,0.011374100701662272,0
19239,0.09629168296859601,0
19240,0.10989020809806081,0
19241,0.10801815056989991,0
19242,0.017974173762420824,0
19243,0.18053979322180422,1
19244,0.1053178852687232,0
19245,0.04792786608829146,0
19246,0.023574999056069443,0
19247,0.0841163789813555,0
19248,0.2157852011768499,1
19249,0.07717952338779419,0
19250,0.013826539176229764,0
19251,0.04894955999122365,0
19252,0.0956498174012023,0
19253,0.015486405286870574,0
19254,0.05172358736842389,0
19255,0.029350536074718905,0
19256,0.007979988174290057,0
19257,0.11389261676653378,0
19258,0.052559334736017295,0
19259,0.006995003489183197,0
19260,0.024456729335021833,0
19261,0.0615029344358681,0
19262,0.03917435626675662,0
19263,0.0037884783759726853,0
19264,0.015905951870173053,0
19265,0.03608278171101169,0
19266,0.005647171443721703,0
19267,0.11302229963908794,0
19268,0.044388822149509635,0
19269,0.04500754341618998,0
19270,0.05260114999107046,0
19271,0.020327590326649096,0
19272,0.12298785515067953,0
19273,0.047931204902864524,0
19274,0.036837207364432155,0
19275,0.004312854092628374,0
19276,0.050478894089073696,0
19277,0.10101958773104107,0
19278,0.19886698523900748,1
19279,0.003629673602052367,0
19280,0.004038658571480032,0
19281,0.0018142783905994442,0
19282,0.01960345808148669,0
19283,0.041321184339083765,0
19284,0.050445561515983645,0
19285,0.034510945273798214,0
19286,0.011014779738218834,0
19287,0.04438269486297439,0
19288,0.02733315144682435,0
19289,0.1860702524344577,1
19290,0.017847161855629453,0
19291,0.008458252327211839,0
19292,0.07039702267846275,0
19293,0.006907669720177067,0
19294,0.007930879444468176,0
19295,0.11658533394863271,0
19296,0.053295011012788523,0
19297,0.009506035403710748,0
19298,0.018209247637315004,0
19299,0.03656893545692054,0
19300,0.10888718375561487,0
19301,0.023711725514521085,0
19302,0.19996413931489812,1
19303,0.00732447586701297,0
19304,0.17023379470800806,1
19305,0.1619802423859849,0
19306,0.03600523225569186,0
19307,0.05718749215899502,0
19308,0.26649430760725334,1
19309,0.024155385158772476,0
19310,0.0016122481938278736,0
19311,0.08225895462051795,0
19312,0.004232615898678034,0
19313,0.06934024755093594,0
19314,0.010640365004374826,0
19315,0.019615373683902308,0
19316,0.002375950725766855,0
19317,0.0076801196965917695,0
19318,0.2488127957113737,1
19319,0.1049779795447406,0
19320,0.0377282850123037,0
19321,0.05244714123847001,0
19322,0.02728068332238646,0
19323,0.0016885592233892928,0
19324,0.004945162816422196,0
19325,0.13197104728280173,0
19326,0.04473870459525864,0
19327,0.09399930346406007,0
19328,0.10713987590249935,0
19329,0.13224877667068452,0
19330,0.16210896900492636,0
19331,0.09128646828421501,0
19332,0.035056981751043194,0
19333,0.012075108836692272,0
19334,0.06579715094836312,0
19335,0.16438569795744565,0
19336,0.04777817594373102,0
19337,0.15725376120729784,0
19338,0.17680162182905962,1
19339,0.028190231092426923,0
19340,0.013813986094550913,0
19341,0.01783817665347961,0
19342,0.08487837334959701,0
19343,0.09597327489509959,0
19344,0.00802780200406635,0
19345,0.008834455629890254,0
19346,0.04661553344218792,0
19347,0.008361663341162713,0
19348,0.03302547045073008,0
19349,0.022556142052121544,0
19350,0.10145777775375976,0
19351,0.03714249388701832,0
19352,0.09904820097873371,0
19353,0.08212328159377992,0
19354,0.05088673841410331,0
19355,0.1087511273696022,0
19356,0.010595713928027066,0
19357,0.10213698485795944,0
19358,0.05280463894569167,0
19359,0.006221335094264968,0
19360,0.13167666781704254,0
19361,0.02385715669174169,0
19362,0.018519924411373238,0
19363,0.024136428557620437,0
19364,0.030973319454784796,0
19365,0.029601502826094795,0
19366,0.1963964953630314,1
19367,0.018674175842997767,0
19368,0.10348946825277591,0
19369,0.2015336993551515,1
19370,0.1262322536431751,0
19371,0.27071579652115507,1
19372,0.13261233683420062,0
19373,0.09107409325351225,0
19374,0.10076691367821855,0
19375,0.12680783206914922,0
19376,0.1272961056945403,0
19377,0.09428754897975018,0
19378,0.0937448476984077,0
19379,0.07888247341575375,0
19380,0.0843797361387725,0
19381,0.017630508527253355,0
19382,0.04223724899392577,0
19383,0.02625030409276996,0
19384,0.037549306760890744,0
19385,0.09988966266134776,0
19386,0.13056208964130278,0
19387,0.010575874125673379,0
19388,0.04691000603644966,0
19389,0.04619152580270083,0
19390,0.0288155190381557,0
19391,0.049386594577074276,0
19392,0.006176386753610386,0
19393,0.07963829203347975,0
19394,0.16439070402111525,0
19395,0.13910765962938706,0
19396,0.11443445082176536,0
19397,0.06607967919854382,0
19398,0.0024389097475291904,0
19399,0.055024845697893336,0
19400,0.08188500524896052,0
19401,0.12734183981138392,0
19402,0.0054707692614811565,0
19403,0.00970223705691929,0
19404,0.005883460691708175,0
19405,0.018356804686913097,0
19406,0.19461137314337282,1
19407,0.10236997482813354,0
19408,0.02961951181816056,0
19409,0.0009175443940388901,0
19410,0.0663683787763942,0
19411,0.007981015795150308,0
19412,0.03653443342114259,0
19413,0.1290719937531556,0
19414,0.038243472180806454,0
19415,0.002053256817144374,0
19416,0.0037343282109410475,0
19417,0.03124353675168907,0
19418,0.10080452297494853,0
19419,0.042613147085791815,0
19420,0.03704470313505607,0
19421,0.04400720107756299,0
19422,0.11199827661131646,0
19423,0.09880805947317614,0
19424,0.016549141145277318,0
19425,0.07107914880848541,0
19426,0.27311633821504827,1
19427,0.25516985883737003,1
19428,0.144595526430679,0
19429,0.07633924348983843,0
19430,0.11352311609323643,0
19431,0.10833449784798628,0
19432,0.024798925366494255,0
19433,0.004001679858326912,0
19434,0.0021052668354679155,0
19435,0.015226953814086962,0
19436,0.22998719996083125,1
19437,0.07864452560924082,0
19438,0.02917941254751346,0
19439,0.20418543389692237,1
19440,0.12072812300002397,0
19441,0.23429926637217094,1
19442,0.03333155950257752,0
19443,0.033086299028001274,0
19444,0.04503243770118573,0
19445,0.011310412750504076,0
19446,0.05646998519374418,0
19447,0.07704185911387465,0
19448,0.12435492686582958,0
19449,0.06150946625792609,0
19450,0.00993147692934888,0
19451,0.057607380034601134,0
19452,0.08733610584353,0
19453,0.002504941179166309,0
19454,0.10436693292708711,0
19455,0.09984057415242707,0
19456,0.00349666689554915,0
19457,0.029814792099969054,0
19458,0.014916806035756743,0
19459,0.11865683690737878,0
19460,0.026334751283729165,0
19461,0.04159067330946454,0
19462,0.009015576646475062,0
19463,0.08953612322066654,0
19464,0.09494581286967176,0
19465,0.021606021619541595,0
19466,0.01851027360853622,0
19467,0.01631336884482618,0
19468,0.0432962141088565,0
19469,0.01725971950891286,0
19470,0.05943337484453508,0
19471,0.040683458877842305,0
19472,0.011615093813985991,0
19473,0.10240661181178302,0
19474,0.22102645354170344,1
19475,0.08645746065715396,0
19476,0.009539091814591413,0
19477,0.11985864073703038,0
19478,0.012933722651334323,0
19479,0.25589287795882243,1
19480,0.14575916873012773,0
19481,0.05933578474004637,0
19482,0.02892438037169321,0
19483,0.018339081160620566,0
19484,0.09820565435516647,0
19485,0.1330963103357905,0
19486,0.02237769541199685,0
19487,0.0009553159074084272,0
19488,0.07793657702720298,0
19489,0.032405474780093126,0
19490,0.10558154755788147,0
19491,0.00940698236628344,0
19492,0.10104755054914784,0
19493,0.02838513073137491,0
19494,0.006793672604044443,0
19495,0.19257946161106929,1
19496,0.08881222955791213,0
19497,0.08242572469321867,0
19498,0.007338381603333118,0
19499,0.004898153676716333,0
19500,0.2576789641116244,1
19501,0.06452099198840724,0
19502,0.05952741347522768,0
19503,0.11888900403507913,0
19504,0.009951842929858698,0
19505,0.036126452875313034,0
19506,0.08467294951608877,0
19507,0.0021076136102418613,0
19508,0.028060237739847005,0
19509,0.16528947236315888,0
19510,0.048506310846185834,0
19511,0.009585583897376345,0
19512,0.06774875046189704,0
19513,0.030547330030774086,0
19514,0.18839293332132734,1
19515,0.0012671511482149251,0
19516,0.06783719835041811,0
19517,0.020387599167444134,0
19518,0.020668263099000123,0
19519,0.10989584810991512,0
19520,0.019403880495977997,0
19521,0.13313435899578235,0
19522,0.03254362160958701,0
19523,0.21580450518972666,1
19524,0.040607663770001384,0
19525,0.01840626478892077,0
19526,0.24981505656967518,1
19527,0.020469401658384193,0
19528,0.1602961683316365,0
19529,0.180589403724594,1
19530,0.041199569519193485,0
19531,0.04265982884450518,0
19532,0.025380364172311716,0
19533,0.030456044843320297,0
19534,0.013201728843148252,0
19535,0.033807430717644464,0
19536,0.020903167933307397,0
19537,0.09229462408354694,0
19538,0.1676956782591287,0
19539,0.0015315022242773295,0
19540,0.06710997526696874,0
19541,0.03320805153854595,0
19542,0.01766328305894481,0
19543,0.013067882577487996,0
19544,0.04892803952036036,0
19545,0.07536111510827093,0
19546,0.014862299644118242,0
19547,0.05214901087160929,0
19548,0.03216643446485131,0
19549,0.08194463047741164,0
19550,0.13538102570111862,0
19551,0.1307162478629055,0
19552,0.006899288176122117,0
19553,0.031242122657730083,0
19554,0.07238106092822744,0
19555,0.1592281756563495,0
19556,0.04455081302092458,0
19557,0.09617637256593389,0
19558,0.028006041156359244,0
19559,0.07570375231357855,0
19560,0.0015688084424970937,0
19561,0.05757954971503542,0
19562,0.13049271832757087,0
19563,0.018390456846788764,0
19564,0.011412612296869835,0
19565,0.09707021820846637,0
19566,0.13863244193567795,0
19567,0.10071929301437708,0
19568,0.008528187392439634,0
19569,0.011096596916827161,0
19570,0.02214753608670014,0
19571,0.004548551370375072,0
19572,0.01579508620121104,0
19573,0.1561667144036368,0
19574,0.0242754434849644,0
19575,0.03299105605388688,0
19576,0.09619735554327398,0
19577,0.01951746745840368,0
19578,0.162633943951321,0
19579,0.044580079103697545,0
19580,0.10189283676233306,0
19581,0.1493393798434682,0
19582,0.14891324401342784,0
19583,0.16326330539519704,0
19584,0.0076266954858248415,0
19585,0.02848375547485195,0
19586,0.08663229865039605,0
19587,0.006979265437190185,0
19588,0.029258475925849056,0
19589,0.00841435980792411,0
19590,0.21729000245166055,1
19591,0.17925507589693152,1
19592,0.009952608263586505,0
19593,0.04113716627198691,0
19594,0.0832938656441911,0
19595,0.028494181324427402,0
19596,0.08388926992319483,0
19597,0.14338162252963407,0
19598,0.013712790620833267,0
19599,0.05736861278822525,0
19600,0.007943946640746425,0
19601,0.004947768751368524,0
19602,0.05770296357318952,0
19603,0.004314462807748542,0
19604,0.0014393232591927965,0
19605,0.07933134104011413,0
19606,0.128729514828467,0
19607,0.03054632234816533,0
19608,0.15497988305304786,0
19609,0.13918713291366658,0
19610,0.023521617367255443,0
19611,0.11197685680601159,0
19612,0.017796057673948273,0
19613,0.14429281948475411,0
19614,0.10910776055801256,0
19615,0.09884169741652746,0
19616,0.13451061210312729,0
19617,0.005256037177351806,0
19618,0.20141509927196105,1
19619,0.0030198702584072054,0
19620,0.0336727091336115,0
19621,0.05273691190552023,0
19622,0.15947629065265348,0
19623,0.0037260222659824724,0
19624,0.07515185214246471,0
19625,0.17372768550837236,1
19626,0.026445809187441008,0
19627,0.04993059809758343,0
19628,0.05300651420620635,0
19629,0.07417593558909225,0
19630,0.038929612956223054,0
19631,0.02122282115750041,0
19632,0.005842029777902868,0
19633,0.11743200408149408,0
19634,0.1357177809500019,0
19635,0.21476219331059804,1
19636,0.16613567091936454,0
19637,0.14156964356986845,0
19638,0.09407227519928742,0
19639,0.14103289789199816,0
19640,0.054740778062243596,0
19641,0.04186495877804217,0
19642,0.004269315877259509,0
19643,0.06010283583878154,0
19644,0.06380335211308943,0
19645,0.0064828559600015245,0
19646,0.20331516280985812,1
19647,0.17158209103914757,1
19648,0.01637976684139113,0
19649,0.01897913132290998,0
19650,0.04572419528726378,0
19651,0.043174180462322596,0
19652,0.043012899838473374,0
19653,0.21291077048000798,1
19654,0.09789849784201343,0
19655,0.027627500297160292,0
19656,0.1008089051264709,0
19657,0.04833076768550994,0
19658,0.1911874500621553,1
19659,0.05181300732098968,0
19660,0.12225602430609807,0
19661,0.12129912972672076,0
19662,0.14173471836209076,0
19663,0.04070391801966367,0
19664,0.2632084991446369,1
19665,0.05765124727088658,0
19666,0.013926721702506861,0
19667,0.13715279981797987,0
19668,0.024950701621168747,0
19669,0.03758670472667735,0
19670,0.04471400257354478,0
19671,0.04736888851518173,0
19672,0.07215901410428642,0
19673,0.01784003620877966,0
19674,0.03770735805831205,0
19675,0.013554377886616679,0
19676,0.14392187150617403,0
19677,0.10394480185837378,0
19678,0.2398193257861829,1
19679,0.0438345017093706,0
19680,0.06253223452903525,0
19681,0.03337849765824948,0
19682,0.035567652685615195,0
19683,0.15157701239997207,0
19684,0.12545374430880968,0
19685,0.11508360002161924,0
19686,0.0353571854982023,0
19687,0.09674819050016485,0
19688,0.006148865824117163,0
19689,0.027549460063211774,0
19690,0.037027515206514976,0
19691,0.01266530019423937,0
19692,0.14058332285252806,0
19693,0.02371349595308318,0
19694,0.07741394175635898,0
19695,0.02133584447450904,0
19696,0.03963307425270978,0
19697,0.01231121507220195,0
19698,0.06492360775584223,0
19699,0.02806026319110254,0
19700,0.016502748837930976,0
19701,0.008532613832604057,0
19702,0.009270314513497394,0
19703,0.13859791608248978,0
19704,0.048369765758063815,0
19705,0.04201831901248442,0
19706,0.014812862529630417,0
19707,0.030283690350430038,0
19708,0.004279390631866597,0
19709,0.11450048446182169,0
19710,0.07022121109948422,0
19711,0.06380521563669789,0
19712,0.008920715048282497,0
19713,0.013003720596694782,0
19714,0.09781486249263209,0
19715,0.1006447583932044,0
19716,0.17175778815113155,1
19717,0.0794471753329872,0
19718,0.1737534992922591,1
19719,0.16387116005250213,0
19720,0.0257382535887731,0
19721,0.03570551881256387,0
19722,0.23056891730255202,1
19723,0.10788249479273376,0
19724,0.053334088880107065,0
19725,0.017901297959457222,0
19726,0.05476951406067707,0
19727,0.01519587582095369,0
19728,0.007337294146805743,0
19729,0.018564631802115716,0
19730,0.03809592912787571,0
19731,0.0048792214135018105,0
19732,0.03788023273815835,0
19733,0.1279117927576748,0
19734,0.04735253599876801,0
19735,0.021887169779968043,0
19736,0.1712789728691739,1
19737,0.046479050716318394,0
19738,0.0061581815213359965,0
19739,0.04724230497210637,0
19740,0.010712877157187576,0
19741,0.009462766343694124,0
19742,0.16039847177921526,0
19743,0.09778866707224226,0
19744,0.026085707996490386,0
19745,0.11863235542599411,0
19746,0.018956084295035022,0
19747,0.012459891032245889,0
19748,0.05034229852090464,0
19749,0.00287436459530274,0
19750,0.01199489733228764,0
19751,0.14454075155354332,0
19752,0.03014742778943113,0
19753,0.09677630808738194,0
19754,0.03317162995822727,0
19755,0.03770094860755952,0
19756,0.09565807549504154,0
19757,0.10241779510264519,0
19758,0.19433702524214252,1
19759,0.0725674650686813,0
19760,0.12874761600924223,0
19761,0.07826558932757084,0
19762,0.026077352039550496,0
19763,0.008842090911199807,0
19764,0.01614354676475494,0
19765,0.06753505235604246,0
19766,0.07516734774546843,0
19767,0.011383973757646859,0
19768,0.02087441543894038,0
19769,0.046588559223889006,0
19770,0.011210560262812353,0
19771,0.10260869019548485,0
19772,0.03315377700303014,0
19773,0.06666191735116618,0
19774,0.030610859282176713,0
19775,0.1148174508541387,0
19776,0.11617616963459719,0
19777,0.023087227875392368,0
19778,0.018494374250417348,0
19779,0.024573543163787445,0
19780,0.0692990348107136,0
19781,0.006397116919062455,0
19782,0.04842633090850516,0
19783,0.12242136034128996,0
19784,0.0095079160873531,0
19785,0.07751300656104969,0
19786,0.02278088974388824,0
19787,0.0017932858452110198,0
19788,0.12142239198953884,0
19789,0.040560314458141795,0
19790,0.028625271244355138,0
19791,0.10034311795977237,0
19792,0.04983151334142074,0
19793,0.06331138284040247,0
19794,0.1275673747893041,0
19795,0.06929840916427403,0
19796,0.13054368408877912,0
19797,0.0720594022504347,0
19798,0.03475731391588986,0
19799,0.0052525897538682935,0
19800,0.052597029502693154,0
19801,0.16186886891421476,0
19802,0.14290399647679236,0
19803,0.07302850076954244,0
19804,0.0030389669470487343,0
19805,0.0024931493645659274,0
19806,0.25936896735418064,1
19807,0.009955549520267181,0
19808,0.012196388783012347,0
19809,0.025048394519233567,0
19810,0.11859881452834617,0
19811,0.0027633383306344015,0
19812,0.1717516782226804,1
19813,0.04711119708592721,0
19814,0.11341903478911049,0
19815,0.04141205779336852,0
19816,0.11436392924943316,0
19817,0.03591376922474906,0
19818,0.04805806386489944,0
19819,0.06318504723202091,0
19820,0.15618964080946424,0
19821,0.02276414814822521,0
19822,0.007898737339748382,0
19823,0.026259828334232644,0
19824,0.04048355372968244,0
19825,0.05337097996596716,0
19826,0.009317931334031738,0
19827,0.0842175703684864,0
19828,0.047219067298692755,0
19829,0.06695067979529208,0
19830,0.19396516435025654,1
19831,0.09775315320597965,0
19832,0.047581213164580846,0
19833,0.018454367115967138,0
19834,0.030210424221517134,0
19835,0.03621390159733646,0
19836,0.010211315526304054,0
19837,0.01943492361010281,0
19838,0.020032296926665437,0
19839,0.02519117873224553,0
19840,0.13261130623766515,0
19841,0.05016615702560889,0
19842,0.04741156453119835,0
19843,0.05820868858475618,0
19844,0.15923497731939099,0
19845,0.042791652411019676,0
19846,0.009096687975485344,0
19847,0.23213226920787958,1
19848,0.033397171573275104,0
19849,0.03384747835986858,0
19850,0.0429323994124896,0
19851,0.08568918143440489,0
19852,0.03527354373578725,0
19853,0.010031646063840882,0
19854,0.01934438052432251,0
19855,0.11125131447888599,0
19856,0.030225677579050238,0
19857,0.03563775222974385,0
19858,0.07410503159498619,0
19859,0.046356762709599986,0
19860,0.16472831360623594,0
19861,0.03507221372805862,0
19862,0.011175226937120357,0
19863,0.1264405110491728,0
19864,0.13061076450634235,0
19865,0.011043994578210658,0
19866,0.0859930677761476,0
19867,0.0019345171943889294,0
19868,0.0465750973150421,0
19869,0.005572343660323687,0
19870,0.06632736025523037,0
19871,0.13029258942190589,0
19872,0.050987825484109545,0
19873,0.1817617471171454,1
19874,0.012522128389221569,0
19875,0.062319684630340946,0
19876,0.11956022491748142,0
19877,0.012688927699365265,0
19878,0.05235113533810336,0
19879,0.022891159202083858,0
19880,0.03277905001156049,0
19881,0.06686362054795278,0
19882,0.00525587691878678,0
19883,0.024361266019094236,0
19884,0.12364315743850064,0
19885,0.133228959515669,0
19886,0.0957565488970943,0
19887,0.10609933240353374,0
19888,0.007060430325110508,0
19889,0.18293133724533597,1
19890,0.01737548858367719,0
19891,0.010985652640578995,0
19892,0.06297484232684109,0
19893,0.012261604931991178,0
19894,0.04781411123234065,0
19895,0.11836180855150259,0
19896,0.1959752935630594,1
19897,0.011156152158963572,0
19898,0.06324533618091047,0
19899,0.013402417272084903,0
19900,0.11591081557171427,0
19901,0.023235937872923832,0
19902,0.009881321639993298,0
19903,0.09060602734710362,0
19904,0.007369003734334319,0
19905,0.12035564283701368,0
19906,0.05027373652132513,0
19907,0.03685316217747774,0
19908,0.011740697813339314,0
19909,0.04194511153769736,0
19910,0.1605782917552256,0
19911,0.003951235811739492,0
19912,0.010691392204644901,0
19913,0.012880517490792406,0
19914,0.04810986452409256,0
19915,0.14314993396034398,0
19916,0.02761784681325023,0
19917,0.01021035412124364,0
19918,0.06861980424941941,0
19919,0.04329528920849493,0
19920,0.10964963030258908,0
19921,0.022060931754480154,0
19922,0.016861047450321118,0
19923,0.011269675111801747,0
19924,0.03478822531393695,0
19925,0.04326207848332505,0
19926,0.011838868122529884,0
19927,0.23661565792703204,1
19928,0.005989927927060649,0
19929,0.015971048990766217,0
19930,0.009016507780161897,0
19931,0.08149375133063624,0
19932,0.05579487566964113,0
19933,0.16733913627944422,0
19934,0.0860218347711685,0
19935,0.16852164254614077,0
19936,0.07226169176786482,0
19937,0.039999712045915174,0
19938,0.03558544115253424,0
19939,0.028578122307877426,0
19940,0.07090790195255521,0
19941,0.016789929625315538,0
19942,0.09355040769727738,0
19943,0.1086757888379687,0
19944,0.08883101058526838,0
19945,0.05452066838876159,0
19946,0.03671633990715208,0
19947,0.11660566899192824,0
19948,0.023869690388514896,0
19949,0.006168909173807679,0
19950,0.05168225615823533,0
19951,0.016896009125179714,0
19952,0.04894703624913013,0
19953,0.013781041172495982,0
19954,0.12241664815905473,0
19955,0.03786126359231065,0
19956,0.15212359875783826,0
19957,0.09437552406980272,0
19958,0.1373801638174494,0
19959,0.06504286233799277,0
19960,0.08216974938739519,0
19961,0.04132511815317728,0
19962,0.17843232810847467,1
19963,0.12326993365397006,0
19964,0.10306062667066435,0
19965,0.10017811805940904,0
19966,0.046658966829501054,0
19967,0.020039465116171228,0
19968,0.10348019176712271,0
19969,0.04756240198710475,0
19970,0.17105528353945315,1
19971,0.0233680829052902,0
19972,0.006100667406896291,0
19973,0.009857676544089037,0
19974,0.043176436265444304,0
19975,0.06568772844534011,0
19976,0.06200153388593628,0
19977,0.00630091600451681,0
19978,0.0029285453855673565,0
19979,0.1825749042380401,1
19980,0.03143146657568985,0
19981,0.09038374921768258,0
19982,0.04889630292477391,0
19983,0.007011100123606802,0
19984,0.2149061247115525,1
19985,0.05675921927812,0
19986,0.11186169379880795,0
19987,0.08780138394145649,0
19988,0.09056670115229896,0
19989,0.04816256163712752,0
19990,0.18827841823626595,1
19991,0.031603495981763194,0
19992,0.1164273129161537,0
19993,0.06264432513030474,0
19994,0.008729088309049076,0
19995,0.025469817860484228,0
19996,0.01643126898861572,0
19997,0.08071425991284359,0
19998,0.07206408437402026,0
19999,0.08784160955885127,0
20000,0.044428897496871546,0
20001,0.22499140548472274,1
20002,0.0015766838327988975,0
20003,0.18558058296058882,1
20004,0.012608321892006247,0
20005,0.010855014407885092,0
20006,0.0700286139287319,0
20007,0.008077038687451096,0
20008,0.13654624178785849,0
20009,0.021585526234740245,0
20010,0.04538927605421151,0
20011,0.0474748460208079,0
20012,0.13923831011223792,0
20013,0.12999531675665738,0
20014,0.021626582865487014,0
20015,0.03648613438429306,0
20016,0.015968578960868268,0
20017,0.02293047409660831,0
20018,0.006347671578138817,0
20019,0.004297109839625738,0
20020,0.03980231449225413,0
20021,0.1569893717943693,0
20022,0.006364487712351008,0
20023,0.019119893772948395,0
20024,0.08486554228166197,0
20025,0.06878876639301354,0
20026,0.1293097781760945,0
20027,0.07172661682041478,0
20028,0.0033060243700850107,0
20029,0.00476494904283072,0
20030,0.10510299073172831,0
20031,0.026768070886345207,0
20032,0.042861572929790176,0
20033,0.02996303340730435,0
20034,0.003320493717270338,0
20035,0.024346914880021615,0
20036,0.00960147612021427,0
20037,0.057466572836721554,0
20038,0.05102196737012725,0
20039,0.1526040876374915,0
20040,0.18140971670961814,1
20041,0.06788626288391653,0
20042,0.09822825974280308,0
20043,0.074679680830044,0
20044,0.010755532355031053,0
20045,0.001557310144396277,0
20046,0.0782189141516539,0
20047,0.0027864498478427312,0
20048,0.03464658560706683,0
20049,0.033575478122266814,0
20050,0.11162109072535134,0
20051,0.01329868052802036,0
20052,0.04022652109397965,0
20053,0.01592293702188354,0
20054,0.05193098109930217,0
20055,0.0022950970413770995,0
20056,0.04221020910645243,0
20057,0.025998819110386002,0
20058,0.06964777892179548,0
20059,0.03609798608128033,0
20060,0.016800244513424694,0
20061,0.023561607900149377,0
20062,0.09748966889268891,0
20063,0.09727859644755801,0
20064,0.04523445514059044,0
20065,0.05398758086804982,0
20066,0.09563833162595202,0
20067,0.12818794019561908,0
20068,0.0034724825971310584,0
20069,0.136551071270382,0
20070,0.05991909567430323,0
20071,0.04005142635472624,0
20072,0.043416179969398075,0
20073,0.024350139414348403,0
20074,0.014082621246404662,0
20075,0.1268135242729276,0
20076,0.09676349697949212,0
20077,0.11410895822097061,0
20078,0.17484010843904865,1
20079,0.04145333532037764,0
20080,0.08615659227049947,0
20081,0.14030318283182944,0
20082,0.1678217891867184,0
20083,0.0018234911825775635,0
20084,0.04548479815043777,0
20085,0.018049551373670435,0
20086,0.03122210998683447,0
20087,0.031159910026366,0
20088,0.06511145120246319,0
20089,0.015986247020900523,0
20090,0.09637138031529797,0
20091,0.3185671198274285,1
20092,0.015249004541221089,0
20093,0.0038341040331573667,0
20094,0.03585297195210912,0
20095,0.008215246443357175,0
20096,0.005264268268732319,0
20097,0.1581678589229784,0
20098,0.007733862950278137,0
20099,0.03320875910297427,0
20100,0.01176422262399613,0
20101,0.09354451238715628,0
20102,0.0034867224491000512,0
20103,0.0284319249975306,0
20104,0.07600060093594978,0
20105,0.12209452567094242,0
20106,0.009575882290344813,0
20107,0.030712109942805422,0
20108,0.04869892315908617,0
20109,0.07850780194283943,0
20110,0.1106677813684799,0
20111,0.0019922149425889804,0
20112,0.013713736026964669,0
20113,0.06733306061148413,0
20114,0.1293402705115744,0
20115,0.058594454697822825,0
20116,0.05814733610784221,0
20117,0.018104854860895487,0
20118,0.013706572729892308,0
20119,0.18996895162272368,1
20120,0.041182978500202645,0
20121,0.0817362774929606,0
20122,0.005572128125152073,0
20123,0.00945235199799143,0
20124,0.016025328895251812,0
20125,0.1697033336079309,0
20126,0.17624117637788525,1
20127,0.006620486991415398,0
20128,0.0020834117771539725,0
20129,0.06001411656304368,0
20130,0.10388506623314081,0
20131,0.006894099690727436,0
20132,0.03982264346025679,0
20133,0.06041278839864702,0
20134,0.07655904678893405,0
20135,0.12157112383952594,0
20136,0.030068637081065087,0
20137,0.09512966480204556,0
20138,0.08676110317191839,0
20139,0.01992663363191632,0
20140,0.010480555063931212,0
20141,0.13183891236862,0
20142,0.10832561677099325,0
20143,0.12576348972678875,0
20144,0.11794644554570098,0
20145,0.07596490602894758,0
20146,0.031187596824127653,0
20147,0.18253987268527957,1
20148,0.04379630010472387,0
20149,0.04772585215898653,0
20150,0.04377613306862211,0
20151,0.03159930647223087,0
20152,0.016722018564322885,0
20153,0.0025309073390747208,0
20154,0.006416555571950858,0
20155,0.19550670131922418,1
20156,0.033148671935139325,0
20157,0.012601070838049651,0
20158,0.04442017996219113,0
20159,0.095984583340275,0
20160,0.06365690465602979,0
20161,0.05342976970687765,0
20162,0.15250536263222578,0
20163,0.05330083792619634,0
20164,0.0462667184063023,0
20165,0.05625395104864098,0
20166,0.005577931253718097,0
20167,0.0034174284331486503,0
20168,0.0032466378701124345,0
20169,0.0763095989031911,0
20170,0.09083074682215452,0
20171,0.09789380012862524,0
20172,0.15887454546147772,0
20173,0.07679093270434834,0
20174,0.12076036069123433,0
20175,0.07562127561144354,0
20176,0.029518564781813028,0
20177,0.021765243124694158,0
20178,0.004689113536952864,0
20179,0.014180131462993417,0
20180,0.05022911337246488,0
20181,0.025936499217131828,0
20182,0.167567096030454,0
20183,0.05564961652114249,0
20184,0.03559349821341333,0
20185,0.006598648548427688,0
20186,0.1349332493070379,0
20187,0.033828390058453506,0
20188,0.07890199934968264,0
20189,0.0190768647472156,0
20190,0.06174680100650922,0
20191,0.05260966229960605,0
20192,0.09820813498376012,0
20193,0.10370172328178964,0
20194,0.03378802594960821,0
20195,0.0773603150116938,0
20196,0.014190880242010585,0
20197,0.01422675067286269,0
20198,0.26144274413245505,1
20199,0.14349180421988988,0
20200,0.07130840400225091,0
20201,0.06107897453760201,0
20202,0.002041643547869021,0
20203,0.0838738475800269,0
20204,0.10600150477824226,0
20205,0.06202081327094522,0
20206,0.19642867702733222,1
20207,0.016146384587389224,0
20208,0.014903273099680099,0
20209,0.0668732820967229,0
20210,0.07669647175335269,0
20211,0.1212643426505969,0
20212,0.043173199705424166,0
20213,0.004853303869791348,0
20214,0.0494782427122195,0
20215,0.05861181340254776,0
20216,0.1159404611735118,0
20217,0.011707817016864585,0
20218,0.07481758949952937,0
20219,0.14357954123970662,0
20220,0.047258955779561865,0
20221,0.014613987569036343,0
20222,0.009684755579067584,0
20223,0.14974572164733832,0
20224,0.0748163775150546,0
20225,0.028171811485301915,0
20226,0.13472544134606815,0
20227,0.04874859148598446,0
20228,0.15144764634033075,0
20229,0.07576822753450939,0
20230,0.01847536042373464,0
20231,0.0406657977700532,0
20232,0.06680794106116125,0
20233,0.011850488606413445,0
20234,0.04739757581126811,0
20235,0.0965224995492883,0
20236,0.046014133071264514,0
20237,0.01471276353148936,0
20238,0.09777617647457446,0
20239,0.07909343541997954,0
20240,0.015534464447655197,0
20241,0.1467212005744719,0
20242,0.04755883755951693,0
20243,0.031899540247806675,0
20244,0.12492016565771347,0
20245,0.09957930324703361,0
20246,0.02918387814122026,0
20247,0.11333176259824354,0
20248,0.1850160389734085,1
20249,0.014740479645779255,0
20250,0.024128864233429533,0
20251,0.0064994181741972945,0
20252,0.07204200711597235,0
20253,0.11602302229774691,0
20254,0.04293818452988642,0
20255,0.1008575920614533,0
20256,0.011521842168454081,0
20257,0.10722158248591804,0
20258,0.005457938765634866,0
20259,0.11947795937841198,0
20260,0.16359082516839585,0
20261,0.07051979902006252,0
20262,0.019541144781288558,0
20263,0.06505520721284178,0
20264,0.03045841736431826,0
20265,0.010727343718970987,0
20266,0.030561678630701042,0
20267,0.08597489804641288,0
20268,0.027981822005272765,0
20269,0.09342297007551716,0
20270,0.08891349413884361,0
20271,0.1362058906667635,0
20272,0.06474317555237494,0
20273,0.11511318301518125,0
20274,0.11186197731289634,0
20275,0.012899514066105367,0
20276,0.14948159434041278,0
20277,0.020650410028284147,0
20278,0.0725370778945966,0
20279,0.17793452659146833,1
20280,0.010134441146072292,0
20281,0.014757179962553612,0
20282,0.02614585864851869,0
20283,0.009473818604055858,0
20284,0.047748516448051496,0
20285,0.006937491751020741,0
20286,0.024756112595797707,0
20287,0.0429968445226278,0
20288,0.013959148717296836,0
20289,0.14421060409040382,0
20290,0.21134642630834233,1
20291,0.06651122030267535,0
20292,0.06450338743313842,0
20293,0.035434922710412174,0
20294,0.14233643646938146,0
20295,0.13447558122545988,0
20296,0.05143899035518979,0
20297,0.023258615826632002,0
20298,0.1409409666494754,0
20299,0.166037793844263,0
20300,0.043532825036350586,0
20301,0.018978223677120837,0
20302,0.005777615629140771,0
20303,0.006426420088135232,0
20304,0.0790534859342976,0
20305,0.11990854422985642,0
20306,0.06704277241152452,0
20307,0.04119610675078887,0
20308,0.026711245923105455,0
20309,0.09762450838152494,0
20310,0.032785977196522306,0
20311,0.014101479097467735,0
20312,0.007367908156685569,0
20313,0.12923249140529156,0
20314,0.12201102024641844,0
20315,0.17883231008296557,1
20316,0.08646651269366439,0
20317,0.16305816077116767,0
20318,0.09787054826386796,0
20319,0.014953916205800333,0
20320,0.05376248851124609,0
20321,0.0732407943616816,0
20322,0.0630721992978358,0
20323,0.04184595230156341,0
20324,0.056414110982852914,0
20325,0.02583263068950162,0
20326,0.06239264818724151,0
20327,0.01685474707511856,0
20328,0.03381688577761398,0
20329,0.04001997592947149,0
20330,0.1053745587358414,0
20331,0.01889791422318295,0
20332,0.07404729050646433,0
20333,0.08302888008974756,0
20334,0.07623448753223165,0
20335,0.07466250062251953,0
20336,0.008866751367593132,0
20337,0.07557438175182905,0
20338,0.03059071773260845,0
20339,0.006966428762043941,0
20340,0.0919442843576617,0
20341,0.0958334220138646,0
20342,0.02779521102322487,0
20343,0.11124294958150374,0
20344,0.020997210866655618,0
20345,0.10299255307461973,0
20346,0.08414669959407549,0
20347,0.04285138869048069,0
20348,0.009955893822563419,0
20349,0.09948625634882982,0
20350,0.14971350833536423,0
20351,0.018744680974738255,0
20352,0.019549834252880698,0
20353,0.010429505202476022,0
20354,0.055156171134463326,0
20355,0.013526698998122422,0
20356,0.0897588202588974,0
20357,0.07785353627944222,0
20358,0.026997684369969032,0
20359,0.01746207577694879,0
20360,0.05730687110428932,0
20361,0.09652943260078431,0
20362,0.13580570698362263,0
20363,0.09981904480596789,0
20364,0.02490284755444502,0
20365,0.007997435920946209,0
20366,0.03537441327332154,0
20367,0.028153907057884172,0
20368,0.06555645124086781,0
20369,0.13632547123884006,0
20370,0.07785312958550421,0
20371,0.001887120473460735,0
20372,0.025614559336900235,0
20373,0.0121971438235843,0
20374,0.002362912383875863,0
20375,0.062174096272123336,0
20376,0.09267958733382814,0
20377,0.023232418607132373,0
20378,0.0590537410217965,0
20379,0.015463578430877785,0
20380,0.1003266324575313,0
20381,0.03925285012591581,0
20382,0.024096412297180604,0
20383,0.0019955462756641247,0
20384,0.08329953797785657,0
20385,0.03913731071830628,0
20386,0.014614920175863973,0
20387,0.09045956278875987,0
20388,0.01634539818812526,0
20389,0.05300985805247081,0
20390,0.03271615408600262,0
20391,0.0012415121179331226,0
20392,0.0779072666940035,0
20393,0.026788618160190715,0
20394,0.055083633035371844,0
20395,0.01726332265782591,0
20396,0.036347896302855044,0
20397,0.1298410567977775,0
20398,0.03974523816663604,0
20399,0.0019719682764603565,0
20400,0.026069400028678642,0
20401,0.04812155739662427,0
20402,0.1664271660756893,0
20403,0.06292431896869526,0
20404,0.145075345314133,0
20405,0.049006732582228804,0
20406,0.03195251502862442,0
20407,0.0019245179221799283,0
20408,0.03724747536488834,0
20409,0.0033618189707071014,0
20410,0.14865751189247878,0
20411,0.005941054655575647,0
20412,0.13460447878195939,0
20413,0.09556686654880835,0
20414,0.01651754764638933,0
20415,0.05254091561891464,0
20416,0.004985817468212642,0
20417,0.09054658277532529,0
20418,0.02422176950630867,0
20419,0.05633650208217617,0
20420,0.09069506979080814,0
20421,0.0050618491110906065,0
20422,0.00573027812868642,0
20423,0.011135707411180603,0
20424,0.0774818411591634,0
20425,0.03267654489312877,0
20426,0.009675249298276463,0
20427,0.060379298609854366,0
20428,0.05459934745739496,0
20429,0.038043740638837524,0
20430,0.019195723379112937,0
20431,0.016405106906060014,0
20432,0.12540811752737233,0
20433,0.03186842526984827,0
20434,0.03629518697216886,0
20435,0.008659773215368564,0
20436,0.08070529462745603,0
20437,0.019160249263430264,0
20438,0.10987135700173192,0
20439,0.0763720741086605,0
20440,0.007908249325077728,0
20441,0.01273250390195053,0
20442,0.041729460784630405,0
20443,0.037327339804912416,0
20444,0.03095215856170184,0
20445,0.12447633105956925,0
20446,0.029147684083384404,0
20447,0.004160626067854316,0
20448,0.05097106881773732,0
20449,0.28910286641476685,1
20450,0.20006043257818046,1
20451,0.09399442702484748,0
20452,0.027559986514565763,0
20453,0.03759843724419255,0
20454,0.07124438322878356,0
20455,0.06222452217966048,0
20456,0.020901871561143773,0
20457,0.00900831587632876,0
20458,0.07013960733406263,0
20459,0.07458549832506349,0
20460,0.09014694637241846,0
20461,0.10814731981006845,0
20462,0.018470787506284822,0
20463,0.11170422250827233,0
20464,0.05559379559821129,0
20465,0.06908340400262585,0
20466,0.013651040890906008,0
20467,0.0034778958287554913,0
20468,0.004186196591603878,0
20469,0.07411821335774281,0
20470,0.03748683510288479,0
20471,0.020038869608125294,0
20472,0.037555726975860876,0
20473,0.03369314474903887,0
20474,0.012069106731663556,0
20475,0.05154150782678206,0
20476,0.03445669924601233,0
20477,0.09929503999216258,0
20478,0.020999119566556725,0
20479,0.009357178198362756,0
20480,0.08890837096138964,0
20481,0.03728162703195264,0
20482,0.11667816357725704,0
20483,0.11352343465081477,0
20484,0.030500807485432543,0
20485,0.042223927408980774,0
20486,0.006890950463498183,0
20487,0.01567885962808025,0
20488,0.07637249117063635,0
20489,0.010912076924527173,0
20490,0.18071730618617524,1
20491,0.04854987783506601,0
20492,0.13202783903214488,0
20493,0.025811349382511596,0
20494,0.10128385410757773,0
20495,0.09906842490215574,0
20496,0.0323091737892663,0
20497,0.027001502934490804,0
20498,0.006535749246559782,0
20499,0.008679673006428823,0
20500,0.006387560174333655,0
20501,0.028244965185680315,0
20502,0.07821302259821514,0
20503,0.008725709510072736,0
20504,0.16586946912240616,0
20505,0.009905155525653467,0
20506,0.1040777632357752,0
20507,0.060856592706416864,0
20508,0.12698956402877576,0
20509,0.005962050233059697,0
20510,0.0170970515184896,0
20511,0.00921220342792021,0
20512,0.0063041393057175965,0
20513,0.09085928256390895,0
20514,0.05290202876125906,0
20515,0.01357111271086197,0
20516,0.14512681556546206,0
20517,0.015562004327304058,0
20518,0.05660480142263998,0
20519,0.009147137246283821,0
20520,0.06239479751711243,0
20521,0.02912149673984575,0
20522,0.00871161751373674,0
20523,0.007684532042016631,0
20524,0.010771068934014923,0
20525,0.04702018360316218,0
20526,0.02108375206960297,0
20527,0.06261064781563047,0
20528,0.007319904139120403,0
20529,0.008721513758407648,0
20530,0.1389310591637072,0
20531,0.02765034794439619,0
20532,0.037319663157712464,0
20533,0.13327969096881503,0
20534,0.03196115080279581,0
20535,0.12486271442816452,0
20536,0.06553699792236584,0
20537,0.08244315549112868,0
20538,0.03598459244309622,0
20539,0.006182649122931442,0
20540,0.04464348490257499,0
20541,0.026474072691272332,0
20542,0.007264440160066776,0
20543,0.051586670540588846,0
20544,0.12905973970609144,0
20545,0.03166737244345435,0
20546,0.17029050784329694,1
20547,0.14470129120101757,0
20548,0.023600548048218414,0
20549,0.020126952575304665,0
20550,0.18366392104467547,1
20551,0.017182759376112036,0
20552,0.017471892156331145,0
20553,0.027965111687221437,0
20554,0.02082226823356143,0
20555,0.07792956481678497,0
20556,0.0026894415531531603,0
20557,0.03380455995166967,0
20558,0.016961418811891178,0
20559,0.06437234151360113,0
20560,0.04861953613266236,0
20561,0.02855804523034552,0
20562,0.10288150060441055,0
20563,0.033171422029399183,0
20564,0.007389256228800275,0
20565,0.05518256291920475,0
20566,0.08388129407738623,0
20567,0.03193281108625309,0
20568,0.03134949653792138,0
20569,0.029643214712695355,0
20570,0.13598115383090292,0
20571,0.020355402042937797,0
20572,0.039311265169426665,0
20573,0.0977997430903315,0
20574,0.17977227376794722,1
20575,0.18902655543804697,1
20576,0.02104073112589241,0
20577,0.19131662716967543,1
20578,0.07833387555350727,0
20579,0.1076121966378809,0
20580,0.178393896400424,1
20581,0.08133973066110947,0
20582,0.03655677727270989,0
20583,0.010530788152631806,0
20584,0.06284222580750062,0
20585,0.04079719156478281,0
20586,0.1359361487906179,0
20587,0.01929830642441525,0
20588,0.037160033117593895,0
20589,0.15934547293488563,0
20590,0.036851122449878385,0
20591,0.09261788633472028,0
20592,0.00440367398405667,0
20593,0.06500478262927151,0
20594,0.1669408437317139,0
20595,0.05831748224946868,0
20596,0.05594997123904858,0
20597,0.10005761001905752,0
20598,0.043215963407032806,0
20599,0.061483641964580005,0
20600,0.05222182926734537,0
20601,0.059038594322922806,0
20602,0.06417455912364992,0
20603,0.041868799386069695,0
20604,0.008967300077551059,0
20605,0.029823867543590416,0
20606,0.0046626084816259105,0
20607,0.005198384063168193,0
20608,0.007583469450224752,0
20609,0.03919604331903164,0
20610,0.06965563991648412,0
20611,0.033326719047745874,0
20612,0.041944071143535704,0
20613,0.13805926002712202,0
20614,0.064517147787597,0
20615,0.14385181421426757,0
20616,0.01797445477521964,0
20617,0.04649388902189303,0
20618,0.04368701048884038,0
20619,0.07469845986526527,0
20620,0.022280539093448213,0
20621,0.15435660254471278,0
20622,0.060049070476543204,0
20623,0.08085597842880397,0
20624,0.010804292845673606,0
20625,0.009750124590860998,0
20626,0.11202028614662093,0
20627,0.1795994539976825,1
20628,0.058229839359634536,0
20629,0.028227249060025533,0
20630,0.08130570061568217,0
20631,0.19183459040322307,1
20632,0.10421991995803478,0
20633,0.03678592789478481,0
20634,0.25167483390211576,1
20635,0.14377893863282398,0
20636,0.12416450857572518,0
20637,0.049340791527684266,0
20638,0.017942712856079433,0
20639,0.07267095388238456,0
20640,0.005293359537138002,0
20641,0.07404766333033556,0
20642,0.05748658370301693,0
20643,0.03161054607259983,0
20644,0.1119403615156143,0
20645,0.07592251949283955,0
20646,0.03996884407756016,0
20647,0.07035129854419904,0
20648,0.0016653538800884826,0
20649,0.001199730299995531,0
20650,0.046658246205400926,0
20651,0.05578750906559434,0
20652,0.03454288774542817,0
20653,0.006261109320201423,0
20654,0.10066453444805296,0
20655,0.09976161943805323,0
20656,0.08822262561533135,0
20657,0.061913528457076615,0
20658,0.0067851194567048944,0
20659,0.12525860090084748,0
20660,0.09791626944011896,0
20661,0.1564338233633157,0
20662,0.11617372187632226,0
20663,0.0846772173962324,0
20664,0.019884049049645462,0
20665,0.1873171673655287,1
20666,0.0170242039422843,0
20667,0.046346266607862736,0
20668,0.05590461577184742,0
20669,0.013647651187690284,0
20670,0.13075511907584375,0
20671,0.09317317627267231,0
20672,0.04532099306336328,0
20673,0.08001439780862185,0
20674,0.030687441701695357,0
20675,0.04942900327275053,0
20676,0.19970500500762134,1
20677,0.08663826271073348,0
20678,0.09293315038167851,0
20679,0.013911353459706644,0
20680,0.0915282678999559,0
20681,0.09197769416461692,0
20682,0.06839220619022136,0
20683,0.01909116765737829,0
20684,0.02715208448944122,0
20685,0.10838704739136838,0
20686,0.07209906354351169,0
20687,0.029132271862879863,0
20688,0.1634615619103707,0
20689,0.036417605221795414,0
20690,0.13582492858389622,0
20691,0.03470418366552503,0
20692,0.005600473084793197,0
20693,0.01190073339337238,0
20694,0.06835655876701305,0
20695,0.043437243866244965,0
20696,0.014788114204586322,0
20697,0.010540631151347232,0
20698,0.1073643907249026,0
20699,0.07108269993594336,0
20700,0.05004594029274292,0
20701,0.010573517719427132,0
20702,0.2794224852277671,1
20703,0.12436259240638416,0
20704,0.009949894507478149,0
20705,0.019883553314064766,0
20706,0.0068699157747981335,0
20707,0.013723956093127102,0
20708,0.0068538752719182975,0
20709,0.02639193883461406,0
20710,0.18070160655504297,1
20711,0.11429906383526386,0
20712,0.014024870137527038,0
20713,0.03832112596460577,0
20714,0.0017969949014138952,0
20715,0.04829446264431329,0
20716,0.13907170137576486,0
20717,0.028074004013770425,0
20718,0.18318197788018156,1
20719,0.020746333026299378,0
20720,0.23804743290341981,1
20721,0.011625576045493946,0
20722,0.06378178272323297,0
20723,0.017924587572584305,0
20724,0.04108875353143934,0
20725,0.01231536164049653,0
20726,0.17749614729873137,1
20727,0.06404070979724875,0
20728,0.0175113488287842,0
20729,0.1609497498560692,0
20730,0.292102936121075,1
20731,0.00969986579980231,0
20732,0.12823191411337992,0
20733,0.02764127678967206,0
20734,0.04729745023044489,0
20735,0.013074564881723101,0
20736,0.04707170405089413,0
20737,0.06197355698510351,0
20738,0.01791772840846593,0
20739,0.016301508997146337,0
20740,0.144688780132069,0
20741,0.13695979760353255,0
20742,0.006199084540182165,0
20743,0.07885443967399852,0
20744,0.1512066161743374,0
20745,0.045297323357057245,0
20746,0.031754433711569795,0
20747,0.00833589285376269,0
20748,0.075553462604949,0
20749,0.006575651599270257,0
20750,0.08782602552880976,0
20751,0.020865898594829367,0
20752,0.09743786022429272,0
20753,0.007683655843590505,0
20754,0.043495866221884345,0
20755,0.10296995559665832,0
20756,0.024370477916859704,0
20757,0.04514336235203327,0
20758,0.08074254683995927,0
20759,0.00930075603333919,0
20760,0.12483211724823287,0
20761,0.003394384206577805,0
20762,0.031646658247541974,0
20763,0.12397001137042077,0
20764,0.007836879649114673,0
20765,0.01854669878491809,0
20766,0.10164707436226443,0
20767,0.09617700785737163,0
20768,0.0614203881585497,0
20769,0.09644977572220961,0
20770,0.030179966841873376,0
20771,0.01159427332369581,0
20772,0.03022401735244329,0
20773,0.18984029158747787,1
20774,0.08632879068146974,0
20775,0.05064164601269919,0
20776,0.033044299465873284,0
20777,0.05669891288006163,0
20778,0.04047770807943176,0
20779,0.15707594266409816,0
20780,0.2008681611866216,1
20781,0.06280524533711315,0
20782,0.06195316701327932,0
20783,0.07180696995158992,0
20784,0.09371539528059156,0
20785,0.030124357894651888,0
20786,0.03487239351822788,0
20787,0.040121770963041585,0
20788,0.062151270896433054,0
20789,0.022484573157174247,0
20790,0.1648502239074593,0
20791,0.02349840518688857,0
20792,0.14657591467839684,0
20793,0.15088262440493805,0
20794,0.042113301306943754,0
20795,0.013114287762335726,0
20796,0.04861852429491912,0
20797,0.1018799383230578,0
20798,0.062389741177128186,0
20799,0.18767695965334638,1
20800,0.010952333973353039,0
20801,0.00991128140011759,0
20802,0.09366195268113071,0
20803,0.0966768824843709,0
20804,0.037212563768003595,0
20805,0.008009590066607538,0
20806,0.08145197979344214,0
20807,0.022851911608298612,0
20808,0.12562944727684472,0
20809,0.06049709068920414,0
20810,0.10121369475761967,0
20811,0.03632008694585417,0
20812,0.11157421145498075,0
20813,0.26718062435367584,1
20814,0.039684259911031486,0
20815,0.16286122617394838,0
20816,0.008898431194156897,0
20817,0.0222162776158578,0
20818,0.016411115064993022,0
20819,0.1303966381395132,0
20820,0.015305401977233558,0
20821,0.017421257798739806,0
20822,0.1409994824366091,0
20823,0.047326743622427725,0
20824,0.023024938752155943,0
20825,0.03597826962962281,0
20826,0.09437087622000909,0
20827,0.17736986661348905,1
20828,0.007973250558435651,0
20829,0.14377870372432566,0
20830,0.008899480378912698,0
20831,0.016071381201000903,0
20832,0.096868975658692,0
20833,0.06399255188210916,0
20834,0.15147837315601562,0
20835,0.012787511456475631,0
20836,0.03482363342217614,0
20837,0.25949137622810553,1
20838,0.13084034809844727,0
20839,0.01900613065695685,0
20840,0.18308880694850826,1
20841,0.010211241337031789,0
20842,0.002227980577722377,0
20843,0.07583678071037261,0
20844,0.0341196337595667,0
20845,0.05388865064636798,0
20846,0.005598690012888937,0
20847,0.12029661828810122,0
20848,0.22063484767764707,1
20849,0.061537952446809645,0
20850,0.22704146142575235,1
20851,0.08617964428762107,0
20852,0.015396589329969264,0
20853,0.035254890445722734,0
20854,0.07931992350904996,0
20855,0.1581057701204201,0
20856,0.07564921251672715,0
20857,0.10949288062828864,0
20858,0.007538579389697042,0
20859,0.12051237025714473,0
20860,0.27667437209004314,1
20861,0.06318310078289519,0
20862,0.0058218670265685205,0
20863,0.11817636320634213,0
20864,0.05555695883571318,0
20865,0.11091990291414633,0
20866,0.01592275486658913,0
20867,0.04274851510568885,0
20868,0.09278389451453742,0
20869,0.010178367976382148,0
20870,0.031162395927945192,0
20871,0.003818283231259789,0
20872,0.09265557609890814,0
20873,0.10025017253948088,0
20874,0.04484060673174435,0
20875,0.003234068758537082,0
20876,0.048447111822054925,0
20877,0.16160072842206663,0
20878,0.16086546284868758,0
20879,0.1313256020930271,0
20880,0.14614900522594113,0
20881,0.02434561065097447,0
20882,0.16763379701745285,0
20883,0.0753539925109014,0
20884,0.019893593155197706,0
20885,0.09622120013551398,0
20886,0.0979082353617355,0
20887,0.029756706012277423,0
20888,0.03853454493971547,0
20889,0.004310358945833352,0
20890,0.008735158386433276,0
20891,0.03105540671407269,0
20892,0.0355578772998864,0
20893,0.040638201568605786,0
20894,0.15285636825945093,0
20895,0.006843997337241526,0
20896,0.015175175998816178,0
20897,0.02804915300087097,0
20898,0.11837882371378969,0
20899,0.03271594682626952,0
20900,0.08871981846318887,0
20901,0.03318281192835497,0
20902,0.01768254709090637,0
20903,0.02018051893564306,0
20904,0.029189748709390808,0
20905,0.01344990921128856,0
20906,0.03388563372406624,0
20907,0.017655172803597814,0
20908,0.03126550031027668,0
20909,0.027668538066387634,0
20910,0.09252841840797275,0
20911,0.10046332484049288,0
20912,0.003420942913266045,0
20913,0.029771837508309553,0
20914,0.027488430445088308,0
20915,0.045606080344098986,0
20916,0.1879292754122699,1
20917,0.12394452887376602,0
20918,0.09336315547720746,0
20919,0.07247878779238058,0
20920,0.19865600217678037,1
20921,0.037891305921111805,0
20922,0.006857118639284376,0
20923,0.1723936398967683,1
20924,0.1369852100225554,0
20925,0.009485450836762029,0
20926,0.06858123800088303,0
20927,0.1262981109371705,0
20928,0.003222191381193277,0
20929,0.05762322229492123,0
20930,0.020880102578651884,0
20931,0.025821101474572714,0
20932,0.03416988033709983,0
20933,0.007977680567991967,0
20934,0.13345484903550528,0
20935,0.008119952812741138,0
20936,0.03938806016835985,0
20937,0.15820585377088905,0
20938,0.026464109351521842,0
20939,0.02693544088007025,0
20940,0.02084298335711586,0
20941,0.08541146550524671,0
20942,0.013929598328893697,0
20943,0.09691782371825587,0
20944,0.03870663380821911,0
20945,0.08571045310531263,0
20946,0.08770510718251773,0
20947,0.05625346511416299,0
20948,0.017092710274934714,0
20949,0.04348119537984181,0
20950,0.046694081061289236,0
20951,0.03425064078626853,0
20952,0.008118843952831216,0
20953,0.07804859980657071,0
20954,0.03206021743334146,0
20955,0.031629295026847144,0
20956,0.07174544435075342,0
20957,0.11724086660833109,0
20958,0.04946577484687511,0
20959,0.006266722649914102,0
20960,0.15023681482584814,0
20961,0.062067267107853305,0
20962,0.06394164084387706,0
20963,0.07062583107057616,0
20964,0.1064012926759972,0
20965,0.03586339629886041,0
20966,0.024090626369439504,0
20967,0.1037438195833268,0
20968,0.012598799832731733,0
20969,0.005670641245771205,0
20970,0.008472383377016827,0
20971,0.018176750860361007,0
20972,0.08973047535628406,0
20973,0.1120484987107042,0
20974,0.02690089055098392,0
20975,0.031452816867308594,0
20976,0.048545018986701056,0
20977,0.07170865363273246,0
20978,0.021016165253623122,0
20979,0.010851585214677151,0
20980,0.09844461926495086,0
20981,0.009331230889623687,0
20982,0.13873105620936246,0
20983,0.026172161822571885,0
20984,0.09899798949467614,0
20985,0.0759447305504847,0
20986,0.01866461762724604,0
20987,0.20417463323625853,1
20988,0.00747800648979046,0
20989,0.003899658969792156,0
20990,0.07578001490244297,0
20991,0.08781996693244841,0
20992,0.03991159696885805,0
20993,0.06171869638436465,0
20994,0.03037797243627433,0
20995,0.05336324449439264,0
20996,0.04794370983961513,0
20997,0.057284586379475984,0
20998,0.10088810217898757,0
20999,0.02396315270910229,0
21000,0.12496404921310282,0
21001,0.040822435070202924,0
21002,0.18298516862155137,1
21003,0.20598452470598053,1
21004,0.12667894000493088,0
21005,0.10003455462719718,0
21006,0.10776993725353332,0
21007,0.038723197598493374,0
21008,0.20763914453029386,1
21009,0.01603434537607998,0
21010,0.11457005782725241,0
21011,0.01905014567778358,0
21012,0.060878566316333545,0
21013,0.13366605263006182,0
21014,0.11826416963887686,0
21015,0.06645747415173434,0
21016,0.06411124378304225,0
21017,0.03696500744942742,0
21018,0.012860578045683302,0
21019,0.03399952955754768,0
21020,0.062371695639441976,0
21021,0.003047719195823251,0
21022,0.051922089656043745,0
21023,0.013852199839618133,0
21024,0.04667422157797833,0
21025,0.010998252591039155,0
21026,0.04916331237199058,0
21027,0.03631597842368263,0
21028,0.017005411471370004,0
21029,0.028799126679393224,0
21030,0.15531143218586868,0
21031,0.09480857097672692,0
21032,0.13612589127205688,0
21033,0.0156009805449503,0
21034,0.014973977561652108,0
21035,0.037643884270779325,0
21036,0.10275877557172151,0
21037,0.10073379658065809,0
21038,0.07717462774253837,0
21039,0.03725176928900033,0
21040,0.07660426455892365,0
21041,0.010224352677468662,0
21042,0.0434543546758084,0
21043,0.007702666863939064,0
21044,0.02539494167054447,0
21045,0.12918180949973526,0
21046,0.20926210365616119,1
21047,0.030948613300632373,0
21048,0.12097948987215239,0
21049,0.035910710429693876,0
21050,0.06884231636779282,0
21051,0.028356324578623523,0
21052,0.013154209345571677,0
21053,0.027587451608046085,0
21054,0.023153279092371297,0
21055,0.024205707982630664,0
21056,0.03645935747331534,0
21057,0.045843649276680644,0
21058,0.03436835354622829,0
21059,0.16009372197731245,0
21060,0.13939509391831173,0
21061,0.02535217921001718,0
21062,0.007011141042959894,0
21063,0.03492980947774851,0
21064,0.01175973739435156,0
21065,0.08116992886615663,0
21066,0.03170344901216813,0
21067,0.027981494919837663,0
21068,0.00577949391173298,0
21069,0.008428427315850917,0
21070,0.03995761108426957,0
21071,0.14590517817264498,0
21072,0.007772100668449052,0
21073,0.011912335973428282,0
21074,0.03166543874348619,0
21075,0.05392819695830047,0
21076,0.02389599917521096,0
21077,0.028960048846868616,0
21078,0.05735577621895582,0
21079,0.06080983789277225,0
21080,0.1469424257361957,0
21081,0.11683051894101504,0
21082,0.1382486672716815,0
21083,0.06644901532431846,0
21084,0.039359384851711234,0
21085,0.04548139376745519,0
21086,0.1379066011559839,0
21087,0.005604127444192963,0
21088,0.08332883027389869,0
21089,0.14151244725642625,0
21090,0.1441236176782261,0
21091,0.1086031485279606,0
21092,0.06448132030066053,0
21093,0.10894937677863317,0
21094,0.08640631720978639,0
21095,0.16569553484117222,0
21096,0.035516346759437184,0
21097,0.02375751835960161,0
21098,0.17362520563987363,1
21099,0.02989254597292111,0
21100,0.057526153967212265,0
21101,0.10147046747101147,0
21102,0.06687374006781165,0
21103,0.04034003202591751,0
21104,0.134082410887965,0
21105,0.04080461027891834,0
21106,0.016540053917350552,0
21107,0.10324787009654052,0
21108,0.02562647462482844,0
21109,0.0653457513298832,0
21110,0.014480613114207962,0
21111,0.020368303796778415,0
21112,0.03658385114996242,0
21113,0.016061566433294254,0
21114,0.005454557952760301,0
21115,0.03481698884832402,0
21116,0.08671343365235597,0
21117,0.011535688739772353,0
21118,0.06708784940597837,0
21119,0.15980178776154236,0
21120,0.10984432711986394,0
21121,0.03064555477397352,0
21122,0.1652800520288986,0
21123,0.015309868326632836,0
21124,0.033460117023568804,0
21125,0.14542180316338862,0
21126,0.027142640921111138,0
21127,0.1660536047078175,0
21128,0.04379563658154479,0
21129,0.02986841908406129,0
21130,0.04661113993304841,0
21131,0.006398816048197779,0
21132,0.04206079333426856,0
21133,0.11700765057791526,0
21134,0.16105453340345496,0
21135,0.012620590742101045,0
21136,0.06208332388672291,0
21137,0.029624298560647338,0
21138,0.0061136943896725375,0
21139,0.03352034890870461,0
21140,0.0376253400316875,0
21141,0.008394294349454889,0
21142,0.02523906669228325,0
21143,0.015409994381975146,0
21144,0.023126349655157585,0
21145,0.018462711070400126,0
21146,0.1337642628709935,0
21147,0.02044219627825566,0
21148,0.010517161856710137,0
21149,0.007296275993247825,0
21150,0.05909172834881578,0
21151,0.016919796162723655,0
21152,0.13510012057865145,0
21153,0.056383881457715154,0
21154,0.1052858210147007,0
21155,0.13844292361609936,0
21156,0.07008813075905213,0
21157,0.055593350059153515,0
21158,0.012438289233018115,0
21159,0.11182012458662703,0
21160,0.0414824507959284,0
21161,0.051439808956743,0
21162,0.007188199752488722,0
21163,0.010794111329579748,0
21164,0.09036710323109405,0
21165,0.1391055711415368,0
21166,0.14561240365036857,0
21167,0.0190297311638012,0
21168,0.1895781230304416,1
21169,0.11746074814382193,0
21170,0.07105326424094706,0
21171,0.22607457704672876,1
21172,0.08240406094724054,0
21173,0.18733543082734394,1
21174,0.0200009419322301,0
21175,0.05789302650182919,0
21176,0.012941366533666569,0
21177,0.09019999402741495,0
21178,0.031094066619162045,0
21179,0.07023956113695845,0
21180,0.06472805648884293,0
21181,0.013625190651694142,0
21182,0.05479410832913216,0
21183,0.1559237962660512,0
21184,0.026399544159569924,0
21185,0.1574074610883906,0
21186,0.1559554462443181,0
21187,0.09727069346629978,0
21188,0.02567557167475148,0
21189,0.013115433326251943,0
21190,0.12715165017139385,0
21191,0.1848912940977159,1
21192,0.020535506223571195,0
21193,0.04864339455301891,0
21194,0.12511134714026714,0
21195,0.06328301335375154,0
21196,0.007217620366138415,0
21197,0.007582712791842586,0
21198,0.026514251460161398,0
21199,0.08459072742033345,0
21200,0.16038500465043493,0
21201,0.02796200186663438,0
21202,0.09352547239081653,0
21203,0.06604291685705273,0
21204,0.041707217908421454,0
21205,0.26132771608501515,1
21206,0.05693957676969918,0
21207,0.12976525473062475,0
21208,0.27969114363561626,1
21209,0.14063719717987436,0
21210,0.028631948226593103,0
21211,0.06527116460831486,0
21212,0.0737778894690753,0
21213,0.03170033800691006,0
21214,0.06112301247502938,0
21215,0.1551601603837989,0
21216,0.014753336810807571,0
21217,0.06121836763388699,0
21218,0.09795360885235169,0
21219,0.013820653669254675,0
21220,0.03757221975925711,0
21221,0.02456283453352431,0
21222,0.008913655699000104,0
21223,0.11712822066744757,0
21224,0.047362139383843975,0
21225,0.03050031952068122,0
21226,0.03877730896631474,0
21227,0.03649199560899562,0
21228,0.07885738050730805,0
21229,0.08846888701295018,0
21230,0.021502762926511845,0
21231,0.03957110516722773,0
21232,0.13636835560562863,0
21233,0.05809237870276137,0
21234,0.06413036169085845,0
21235,0.1852212882932012,1
21236,0.029406885845607213,0
21237,0.023775743134855008,0
21238,0.028157967008038676,0
21239,0.1116403064098774,0
21240,0.10981296946656045,0
21241,0.05681730411408451,0
21242,0.009626982629203192,0
21243,0.022614674334081538,0
21244,0.21716181844203933,1
21245,0.07393940494901881,0
21246,0.014217307406436178,0
21247,0.1624673615440594,0
21248,0.0909379101132441,0
21249,0.0796484766655702,0
21250,0.03043712550764223,0
21251,0.040024810759417995,0
21252,0.06321066535220336,0
21253,0.018170893196314226,0
21254,0.03769521886100809,0
21255,0.11194458414628021,0
21256,0.09661614378838233,0
21257,0.027521117895923774,0
21258,0.16483832716333086,0
21259,0.023201708840279753,0
21260,0.009638226907614312,0
21261,0.06392905727122501,0
21262,0.038780304891183885,0
21263,0.038729390778109135,0
21264,0.015641252108349626,0
21265,0.04344098037834443,0
21266,0.10972415275583826,0
21267,0.029426379593043485,0
21268,0.13049501124046514,0
21269,0.03451438362717034,0
21270,0.05455392917871996,0
21271,0.016304998306079174,0
21272,0.006590376003582373,0
21273,0.016414162256914774,0
21274,0.060033164486913315,0
21275,0.10119362247980991,0
21276,0.013238483170795175,0
21277,0.08075429477404074,0
21278,0.012807971118133098,0
21279,0.022269417199133758,0
21280,0.04040505611871008,0
21281,0.03919243907466203,0
21282,0.2485058415384832,1
21283,0.20837158298984573,1
21284,0.09342551333463059,0
21285,0.04062653722339056,0
21286,0.016847720133447004,0
21287,0.07756563317287408,0
21288,0.10697240422819793,0
21289,0.07337422140562605,0
21290,0.10727842176056468,0
21291,0.008005818116069508,0
21292,0.11077450195478221,0
21293,0.036511724675438284,0
21294,0.03228935774957504,0
21295,0.04511266928530017,0
21296,0.029711788009325873,0
21297,0.12611319883485533,0
21298,0.14470805046355914,0
21299,0.19438701663507282,1
21300,0.04970463279366793,0
21301,0.1475629591427811,0
21302,0.009197053853729176,0
21303,0.00761347029126005,0
21304,0.00855224604474852,0
21305,0.03134521609519703,0
21306,0.016358332552173692,0
21307,0.013439495143556824,0
21308,0.10476810511961894,0
21309,0.05151330021442323,0
21310,0.06300841921521633,0
21311,0.10865593142659954,0
21312,0.0421602154200793,0
21313,0.01424349406136299,0
21314,0.08064017315424822,0
21315,0.03125128852314084,0
21316,0.026640606851402935,0
21317,0.038194305063733815,0
21318,0.1170655564222883,0
21319,0.09004788871655765,0
21320,0.06019625827320211,0
21321,0.028000137127626598,0
21322,0.12204568688027419,0
21323,0.048168866704653944,0
21324,0.15356445606245903,0
21325,0.15989202125171223,0
21326,0.0906316577265137,0
21327,0.023185806672812878,0
21328,0.01029995281812089,0
21329,0.04111865450072617,0
21330,0.06994966041763846,0
21331,0.10763404367981284,0
21332,0.04552833986304382,0
21333,0.07095748753696812,0
21334,0.15363886346574365,0
21335,0.013259349151514685,0
21336,0.08911579177975787,0
21337,0.016942237316365422,0
21338,0.022997057113053835,0
21339,0.011257008785962652,0
21340,0.08731736075910843,0
21341,0.046185162258679115,0
21342,0.021965834633391707,0
21343,0.0967413031971526,0
21344,0.03195295483641552,0
21345,0.014035280018037954,0
21346,0.01131793066786293,0
21347,0.045107495029959005,0
21348,0.15000541805639636,0
21349,0.07469390797437633,0
21350,0.021533674869685344,0
21351,0.10634496485692282,0
21352,0.07925974271745494,0
21353,0.024724231097249052,0
21354,0.10157564015927587,0
21355,0.022136197993323514,0
21356,0.017946728254480893,0
21357,0.012167304736198174,0
21358,0.046447873041070356,0
21359,0.10646546231379443,0
21360,0.09294661190757676,0
21361,0.06055530963914473,0
21362,0.08997385770442641,0
21363,0.07850867943180578,0
21364,0.04375389182114902,0
21365,0.015659824214812237,0
21366,0.03690473792400866,0
21367,0.05718377464012541,0
21368,0.10574592026885687,0
21369,0.01046340603510844,0
21370,0.05747232573829332,0
21371,0.15392677493410403,0
21372,0.09272996343292003,0
21373,0.049523823773356956,0
21374,0.16614016068646137,0
21375,0.01613982589627873,0
21376,0.03852245183930473,0
21377,0.11669885737037938,0
21378,0.029562837442813888,0
21379,0.06616054613729731,0
21380,0.017865833364237024,0
21381,0.013792421153399854,0
21382,0.09510277302667781,0
21383,0.03861726772387645,0
21384,0.09271454670198594,0
21385,0.23103814745217996,1
21386,0.1580538422309076,0
21387,0.10402194001888385,0
21388,0.059731748088096205,0
21389,0.17106646773625958,1
21390,0.08456154741091373,0
21391,0.03584116954692407,0
21392,0.03586197051217481,0
21393,0.017168359714725256,0
21394,0.030588588484120455,0
21395,0.06816959351154918,0
21396,0.09478955855944485,0
21397,0.011780371760752254,0
21398,0.06850468811401542,0
21399,0.028737391361550475,0
21400,0.07259438125846716,0
21401,0.10280353712268124,0
21402,0.09314625659059189,0
21403,0.09306039120132716,0
21404,0.06270038718554669,0
21405,0.009376439775867395,0
21406,0.0199680021575641,0
21407,0.07802567950242768,0
21408,0.015740040482305092,0
21409,0.0023563817745346992,0
21410,0.03250567450135907,0
21411,0.01901410508754662,0
21412,0.1827558520816135,1
21413,0.027465324803782453,0
21414,0.013856927909501564,0
21415,0.03461150476733714,0
21416,0.09781171887770627,0
21417,0.06627271416280205,0
21418,0.009423624142072037,0
21419,0.0103207046189644,0
21420,0.058726764711513564,0
21421,0.03657892151400401,0
21422,0.05557901195493751,0
21423,0.17534781763557655,1
21424,0.13351850961598638,0
21425,0.0038191708962149445,0
21426,0.009273905060951493,0
21427,0.11447778533535986,0
21428,0.09639428219501626,0
21429,0.08499969497278898,0
21430,0.005180277548761802,0
21431,0.11043457351305139,0
21432,0.11521246909364026,0
21433,0.05590919247695901,0
21434,0.023381131788916275,0
21435,0.10426365310918477,0
21436,0.005206462851588012,0
21437,0.0044096425204944055,0
21438,0.04691397505662966,0
21439,0.010297864728928774,0
21440,0.0860127581619648,0
21441,0.06014067119572365,0
21442,0.02452119338032066,0
21443,0.12045150615918888,0
21444,0.025974877138017702,0
21445,0.022781477745626888,0
21446,0.04346341532560674,0
21447,0.1686409449504522,0
21448,0.1115008983987906,0
21449,0.005142123116952872,0
21450,0.030290990084683864,0
21451,0.008799745531039342,0
21452,0.06885722375144328,0
21453,0.01714469243530612,0
21454,0.0243079913629638,0
21455,0.12289813871246541,0
21456,0.005067884955693599,0
21457,0.1433875848054459,0
21458,0.047593596641495046,0
21459,0.207883080485341,1
21460,0.04364869664226823,0
21461,0.006725422444976107,0
21462,0.025289261030020434,0
21463,0.08502731385593058,0
21464,0.10431453857502061,0
21465,0.01909245849485984,0
21466,0.0018622493026671553,0
21467,0.010958879014423984,0
21468,0.06364312820564662,0
21469,0.006681898101307844,0
21470,0.08688375701781217,0
21471,0.12406414573343809,0
21472,0.11535537026734585,0
21473,0.026864402949220677,0
21474,0.05710614320403952,0
21475,0.10550793744205128,0
21476,0.08841595047238537,0
21477,0.006865645879992447,0
21478,0.05045915441325758,0
21479,0.09975566001750936,0
21480,0.058034040722634656,0
21481,0.08924547950436365,0
21482,0.14656348238389433,0
21483,0.005386343969706631,0
21484,0.06170857287602733,0
21485,0.02834326265506846,0
21486,0.0642771436919949,0
21487,0.012807933412533242,0
21488,0.010364952291527393,0
21489,0.0024243457969233438,0
21490,0.09714688654812074,0
21491,0.03524799042950159,0
21492,0.11055820074533035,0
21493,0.14638112103694115,0
21494,0.013237408426627403,0
21495,0.06954348488158284,0
21496,0.17742520820845162,1
21497,0.04734840231214065,0
21498,0.002737215411386555,0
21499,0.08001871925895433,0
21500,0.11216226346692586,0
21501,0.015037661816418805,0
21502,0.03893033591045248,0
21503,0.011325335166708876,0
21504,0.02367589198528374,0
21505,0.08236827901767665,0
21506,0.15888173726755017,0
21507,0.03392313536680103,0
21508,0.007283821220881389,0
21509,0.027911060300095002,0
21510,0.1211303221972399,0
21511,0.09266276504567533,0
21512,0.06782630465285064,0
21513,0.032237118626823054,0
21514,0.0056843844676222645,0
21515,0.10270639984967608,0
21516,0.010808948962985994,0
21517,0.13039177906014426,0
21518,0.052615213649555,0
21519,0.03012834376202293,0
21520,0.03128868420175125,0
21521,0.005434014462425766,0
21522,0.02100209766969162,0
21523,0.0871898668871097,0
21524,0.12567438770609587,0
21525,0.010077593649345507,0
21526,0.004987570730206792,0
21527,0.17027714030395855,1
21528,0.018275258325325585,0
21529,0.1598537950756484,0
21530,0.018343537310795056,0
21531,0.006684626278571034,0
21532,0.04406633198676454,0
21533,0.05327087844265426,0
21534,0.12877612995643423,0
21535,0.0736048044536429,0
21536,0.05874303437520043,0
21537,0.012073105836785832,0
21538,0.019689928531066134,0
21539,0.07775168073803546,0
21540,0.016210798688055437,0
21541,0.032398055625065515,0
21542,0.005076170943075694,0
21543,0.144443668630831,0
21544,0.06780968785064934,0
21545,0.11680920269120178,0
21546,0.0019763427282472193,0
21547,0.1021099310306582,0
21548,0.003702540030557122,0
21549,0.02579883897834436,0
21550,0.09851368130695333,0
21551,0.010205791182203224,0
21552,0.010812144393723038,0
21553,0.003382962984402904,0
21554,0.0060484090778909405,0
21555,0.0430292572756181,0
21556,0.07581096857844474,0
21557,0.013204284718208899,0
21558,0.172040672598137,1
21559,0.09096720870627743,0
21560,0.08025943952716347,0
21561,0.04065901735007287,0
21562,0.006572379158504008,0
21563,0.06508258213294985,0
21564,0.023401677826597085,0
21565,0.00537646581786162,0
21566,0.028546738350971827,0
21567,0.0040269514765709875,0
21568,0.05172459096393394,0
21569,0.02758204331007221,0
21570,0.22054193883980594,1
21571,0.07558299748780148,0
21572,0.023794693542314907,0
21573,0.04072416863982287,0
21574,0.03765669416407315,0
21575,0.004362970908445685,0
21576,0.03692041489346944,0
21577,0.028974139785532264,0
21578,0.025485285619267994,0
21579,0.021652974397863543,0
21580,0.09779097442432647,0
21581,0.05019952743024448,0
21582,0.029098255224005103,0
21583,0.08628107575649233,0
21584,0.0422214065560667,0
21585,0.05148998636902318,0
21586,0.005947086955879621,0
21587,0.008576488578301926,0
21588,0.010224989516895145,0
21589,0.08059233450350861,0
21590,0.10210884424267214,0
21591,0.12064704504536637,0
21592,0.15520489147496055,0
21593,0.05219063353746516,0
21594,0.012473113085165617,0
21595,0.007781499267080708,0
21596,0.031273231541397876,0
21597,0.15678618731707653,0
21598,0.004507335288716985,0
21599,0.026166522220773224,0
21600,0.033791959761334395,0
21601,0.06865036222133032,0
21602,0.018097476748712055,0
21603,0.1376678499082456,0
21604,0.0334759735162174,0
21605,0.007126640211743895,0
21606,0.017983995006747366,0
21607,0.11541190741321398,0
21608,0.0361044541071004,0
21609,0.0037231919350398934,0
21610,0.01786953991580358,0
21611,0.02835395095300374,0
21612,0.04317531046043065,0
21613,0.06219177318472207,0
21614,0.01910237828244056,0
21615,0.012203068513505085,0
21616,0.12920463577541022,0
21617,0.018449317729251825,0
21618,0.008604643694474008,0
21619,0.04540511197922751,0
21620,0.07407030740216124,0
21621,0.02013126706548812,0
21622,0.032367910493671596,0
21623,0.0020591952174101886,0
21624,0.05971850083352623,0
21625,0.04355844148822385,0
21626,0.013257512450371626,0
21627,0.008669808980678491,0
21628,0.012493333820517538,0
21629,0.12881408940578468,0
21630,0.06354424641660926,0
21631,0.06106588457891404,0
21632,0.1388080528915997,0
21633,0.0582973213202016,0
21634,0.09330925468028388,0
21635,0.007494571105960923,0
21636,0.03666616781950126,0
21637,0.0879384686020121,0
21638,0.05949816305464362,0
21639,0.04179966084606293,0
21640,0.05589938602270496,0
21641,0.07728859260641814,0
21642,0.025936056592391045,0
21643,0.0029722228627896124,0
21644,0.07102711697188609,0
21645,0.006027164962844108,0
21646,0.03014064947726308,0
21647,0.015303793179708973,0
21648,0.008534678686837431,0
21649,0.031031698281714905,0
21650,0.05096687422053446,0
21651,0.00670336509308247,0
21652,0.10571717916915895,0
21653,0.12394477921394374,0
21654,0.10376051395431825,0
21655,0.002370529834065553,0
21656,0.013152450668280835,0
21657,0.009663391540453236,0
21658,0.037260176808713595,0
21659,0.10985986988462464,0
21660,0.010987205987702397,0
21661,0.026362088023767317,0
21662,0.012659797297952287,0
21663,0.0035960212906792632,0
21664,0.011757544564733784,0
21665,0.0317203897314847,0
21666,0.01974451340953993,0
21667,0.015365539090086562,0
21668,0.01716851886864482,0
21669,0.23823443349719708,1
21670,0.07520807960883209,0
21671,0.07096347889820981,0
21672,0.032593448049271355,0
21673,0.006460217856662524,0
21674,0.07566066816182232,0
21675,0.1243249736070599,0
21676,0.06132922332444404,0
21677,0.007617482590393728,0
21678,0.15894910679017285,0
21679,0.03024780802450625,0
21680,0.005047858730485729,0
21681,0.0008718813898166422,0
21682,0.02321095219600428,0
21683,0.0009781857973783614,0
21684,0.007399440146577437,0
21685,0.1572580734249538,0
21686,0.017623734551742286,0
21687,0.03317808097612008,0
21688,0.0015309825175724952,0
21689,0.020851315763492848,0
21690,0.015128611698811656,0
21691,0.07456863623890385,0
21692,0.05390867086175728,0
21693,0.0016526642768854923,0
21694,0.015511821641541338,0
21695,0.025999376679341674,0
21696,0.04026278042946689,0
21697,0.0035252818976712137,0
21698,0.059438845312125774,0
21699,0.004529900433002905,0
21700,0.17937465114067871,1
21701,0.05902655943625592,0
21702,0.02102129468917519,0
21703,0.006888123407596761,0
21704,0.13938004986232694,0
21705,0.09877779288369241,0
21706,0.15022120243332807,0
21707,0.03150413367590503,0
21708,0.09587263340433401,0
21709,0.07796469975486617,0
21710,0.1342627366572993,0
21711,0.0690084206340997,0
21712,0.025705783764169203,0
21713,0.13269020547980964,0
21714,0.06471196781092994,0
21715,0.0073514300419078955,0
21716,0.05502240183553902,0
21717,0.09428250420360534,0
21718,0.09522333278767832,0
21719,0.007863529572661647,0
21720,0.0038906226472344763,0
21721,0.019199868606517338,0
21722,0.0017794116881127901,0
21723,0.17778331151415555,1
21724,0.044262184900622795,0
21725,0.025608979182079716,0
21726,0.03538686385705984,0
21727,0.01176422207881509,0
21728,0.07768270293196743,0
21729,0.17457982506043437,1
21730,0.13444691785007828,0
21731,0.09435158492693205,0
21732,0.029456574665465324,0
21733,0.02827776811220514,0
21734,0.07319476777579581,0
21735,0.002233802599553784,0
21736,0.09537539861799288,0
21737,0.03764698488596847,0
21738,0.07025813252892525,0
21739,0.060236630146162116,0
21740,0.041069379494018496,0
21741,0.10866762269338436,0
21742,0.0912955679336618,0
21743,0.06864340879422036,0
21744,0.0026725786426948115,0
21745,0.010414983047369143,0
21746,0.0756137982375746,0
21747,0.3301578006038182,1
21748,0.007333552483258103,0
21749,0.005819720480550572,0
21750,0.05874549006970968,0
21751,0.09791237901633197,0
21752,0.012138283443688074,0
21753,0.017420548498956422,0
21754,0.01954749805418697,0
21755,0.07297243148082593,0
21756,0.015223538152947717,0
21757,0.0204669426092682,0
21758,0.005264955467959435,0
21759,0.09015196909426756,0
21760,0.042686665630252536,0
21761,0.018066614877961455,0
21762,0.09260828236477218,0
21763,0.07428935379977496,0
21764,0.08277491931875723,0
21765,0.02126543685727605,0
21766,0.08251699004993501,0
21767,0.0886170377702582,0
21768,0.002955640106118655,0
21769,0.059019048395309935,0
21770,0.011610512861323337,0
21771,0.09686916470137984,0
21772,0.021059989216595538,0
21773,0.011629111414597134,0
21774,0.13986235731732405,0
21775,0.12333719517682278,0
21776,0.07129270048264609,0
21777,0.10597668171081885,0
21778,0.08737727296986462,0
21779,0.0053010029295346445,0
21780,0.0348063537699682,0
21781,0.1360224284805082,0
21782,0.029803713583178976,0
21783,0.21253440854350333,1
21784,0.11144822961639785,0
21785,0.001759195183835042,0
21786,0.12233146892943277,0
21787,0.20268553788300067,1
21788,0.011498725063746636,0
21789,0.05360228932030353,0
21790,0.01913593627385856,0
21791,0.0968112751689251,0
21792,0.10375057112741255,0
21793,0.03835394275853689,0
21794,0.011327294101467156,0
21795,0.011416615304314563,0
21796,0.01870763257640325,0
21797,0.017561786456783007,0
21798,0.004710300144324357,0
21799,0.11060221032311558,0
21800,0.013954870996942377,0
21801,0.06946881310180565,0
21802,0.1311149759150757,0
21803,0.06503339943847727,0
21804,0.026766802686442447,0
21805,0.06194306903184289,0
21806,0.025852122960664296,0
21807,0.03691272040861025,0
21808,0.014646900883333758,0
21809,0.11816004083743326,0
21810,0.06362910627792964,0
21811,0.01697921297960804,0
21812,0.012709770286004514,0
21813,0.01138867414185553,0
21814,0.030537920021272875,0
21815,0.035022777311523874,0
21816,0.04183728628662906,0
21817,0.023020796758192887,0
21818,0.04979122426156843,0
21819,0.20372614799740313,1
21820,0.009291781234428642,0
21821,0.02856873150691436,0
21822,0.20734550422303782,1
21823,0.04814842620838775,0
21824,0.12361360727443718,0
21825,0.08559172476575393,0
21826,0.007595852318845453,0
21827,0.08802068232470207,0
21828,0.1164730095190381,0
21829,0.06622003309337629,0
21830,0.0014652739361897594,0
21831,0.07352662413206597,0
21832,0.006713200353086765,0
21833,0.11148284615357158,0
21834,0.013736977341271172,0
21835,0.01163759310849927,0
21836,0.01634852266986897,0
21837,0.04538508414345686,0
21838,0.012389756766513,0
21839,0.09081343028722817,0
21840,0.013686078743353088,0
21841,0.04725382905764788,0
21842,0.1263272153022446,0
21843,0.021110216580975692,0
21844,0.20439120023476953,1
21845,0.026906181035077522,0
21846,0.039958955774827304,0
21847,0.05609731440075458,0
21848,0.015967324101261234,0
21849,0.15463892425373954,0
21850,0.13424627188490876,0
21851,0.025693507987764753,0
21852,0.08799832708198188,0
21853,0.07273046627339454,0
21854,0.0963843437720143,0
21855,0.010811629132948605,0
21856,0.02461873043788832,0
21857,0.10178723987616738,0
21858,0.04716461715467544,0
21859,0.011542498986958413,0
21860,0.03925587378933188,0
21861,0.13157033063286774,0
21862,0.009785474200931973,0
21863,0.12709039163193947,0
21864,0.05999154834457558,0
21865,0.12124533135567013,0
21866,0.032235516017929705,0
21867,0.04663683323059104,0
21868,0.16375403928206858,0
21869,0.033609550842723455,0
21870,0.08317627984274303,0
21871,0.07422895337007951,0
21872,0.1342387869012029,0
21873,0.0014633083651120224,0
21874,0.01086353828320968,0
21875,0.014855256109580266,0
21876,0.13669048968112446,0
21877,0.020354516257201926,0
21878,0.06240113192895534,0
21879,0.083451259668963,0
21880,0.0793996274149278,0
21881,0.013172657946588114,0
21882,0.15983380113438903,0
21883,0.07147943970081165,0
21884,0.009557799104464563,0
21885,0.07169911111132876,0
21886,0.04841832049228832,0
21887,0.05052069376255049,0
21888,0.037056950515457314,0
21889,0.020486687514309893,0
21890,0.11331033073602406,0
21891,0.009063494421511857,0
21892,0.013236285876109017,0
21893,0.07884447288571804,0
21894,0.05421639117446786,0
21895,0.020753704280022746,0
21896,0.051736007704765205,0
21897,0.05357232234876736,0
21898,0.08649183312541639,0
21899,0.02242474685400789,0
21900,0.03279715541200508,0
21901,0.03498079121143827,0
21902,0.057057599255404864,0
21903,0.10580153044473102,0
21904,0.02161182245495575,0
21905,0.03174161500159775,0
21906,0.023590582128653052,0
21907,0.03373180664321008,0
21908,0.03124775446965477,0
21909,0.020011807182562746,0
21910,0.0463594460264387,0
21911,0.09283807426674827,0
21912,0.04717680783320392,0
21913,0.004490779172533591,0
21914,0.014810122375755075,0
21915,0.03248544066160843,0
21916,0.1217473425698803,0
21917,0.14973514269626567,0
21918,0.013257385427613233,0
21919,0.020200984104022105,0
21920,0.08326542920759723,0
21921,0.010962350040989992,0
21922,0.039448192161052754,0
21923,0.010471076336436728,0
21924,0.024997512385591114,0
21925,0.007519407222087793,0
21926,0.001605348846762933,0
21927,0.02182793616332394,0
21928,0.035583641025636784,0
21929,0.05301027563414724,0
21930,0.038093860265246374,0
21931,0.02979440154705138,0
21932,0.00122080540516775,0
21933,0.004651743512589716,0
21934,0.003095592692386188,0
21935,0.007333497729471043,0
21936,0.034089889242597045,0
21937,0.037665373999109034,0
21938,0.06833725792390702,0
21939,0.0970530449640236,0
21940,0.06011817587411437,0
21941,0.13165843606840738,0
21942,0.003986865007487217,0
21943,0.17575544465720572,1
21944,0.027809109304267624,0
21945,0.19863987419435133,1
21946,0.08346079059644448,0
21947,0.13821694917791394,0
21948,0.011897214033084798,0
21949,0.019088482147189428,0
21950,0.11271848175094494,0
21951,0.0409776699266282,0
21952,0.08912245222099022,0
21953,0.007334057879139366,0
21954,0.09480345545530042,0
21955,0.011032487529869931,0
21956,0.012219586904337243,0
21957,0.0008779692899179015,0
21958,0.00719827927260992,0
21959,0.1352438351137541,0
21960,0.018980040892612817,0
21961,0.062392417624542416,0
21962,0.16889828463882955,0
21963,0.03870862990485168,0
21964,0.11913967254302606,0
21965,0.0035699525147504076,0
21966,0.08641264177076688,0
21967,0.04066412036884766,0
21968,0.002590590587325603,0
21969,0.026247050742199914,0
21970,0.17207081721105016,1
21971,0.049095683273069964,0
21972,0.030779115378177405,0
21973,0.00236612546733063,0
21974,0.03116329954957297,0
21975,0.08439006463692263,0
21976,0.04650500934159294,0
21977,0.1189387500845983,0
21978,0.0857764660281041,0
21979,0.005077955444753261,0
21980,0.026963524947590297,0
21981,0.16819533333655676,0
21982,0.07653244898611376,0
21983,0.10589062552796064,0
21984,0.18131829666691612,1
21985,0.05629739386362674,0
21986,0.12211864347670211,0
21987,0.03307919432071787,0
21988,0.056555277920691795,0
21989,0.03570553577063321,0
21990,0.014914269580133347,0
21991,0.07174729513999481,0
21992,0.16013034341908924,0
21993,0.08996868304361641,0
21994,0.012033292398610803,0
21995,0.07236990597349628,0
21996,0.0010059047262208631,0
21997,0.035967137555784706,0
21998,0.01248975227537914,0
21999,0.02878688337568318,0
22000,0.24201898720689574,1
22001,0.013904850779416337,0
22002,0.11058904100423105,0
22003,0.07590565417890817,0
22004,0.10122735198072617,0
22005,0.0058338481600031635,0
22006,0.02999663112956951,0
22007,0.07249064342942607,0
22008,0.043715397815388614,0
22009,0.08601894945898053,0
22010,0.047112494746125236,0
22011,0.0235457492819907,0
22012,0.03896717285560861,0
22013,0.0649479392156988,0
22014,0.05493509624115748,0
22015,0.0559205766682099,0
22016,0.07023864813958278,0
22017,0.005620122357472867,0
22018,0.03159346299750243,0
22019,0.056316270623324186,0
22020,0.016077300899524846,0
22021,0.0023835323536129643,0
22022,0.030638163286849696,0
22023,0.034962106375094226,0
22024,0.12029860527695085,0
22025,0.05965240844902971,0
22026,0.08268914206964251,0
22027,0.03204607586883631,0
22028,0.09653600995567367,0
22029,0.08239325615743699,0
22030,0.038197275063495253,0
22031,0.130001797653958,0
22032,0.07755905954133811,0
22033,0.031752101805179817,0
22034,0.014923335288839787,0
22035,0.10940515350840811,0
22036,0.16615404446619703,0
22037,0.01159510433712215,0
22038,0.08867382482564835,0
22039,0.10765872383665016,0
22040,0.03735156418456352,0
22041,0.027191257644598274,0
22042,0.023425033727198136,0
22043,0.026533685279631174,0
22044,0.1166989086224132,0
22045,0.007163356584452055,0
22046,0.02961664445354532,0
22047,0.04891706348879417,0
22048,0.022750610140839463,0
22049,0.21426105488125236,1
22050,0.0033557382689716714,0
22051,0.05248094507176455,0
22052,0.020135706348914373,0
22053,0.139432596658791,0
22054,0.06159341656606522,0
22055,0.07565346482073579,0
22056,0.019402796906945876,0
22057,0.030650546770533655,0
22058,0.0037162144026141744,0
22059,0.011596541357308995,0
22060,0.018651485730648513,0
22061,0.021313272827694286,0
22062,0.057955123857922695,0
22063,0.09048667070454283,0
22064,0.023547838427725513,0
22065,0.04310534708842875,0
22066,0.046149950919382,0
22067,0.0024612620282979726,0
22068,0.10971675256990206,0
22069,0.005247050050619103,0
22070,0.08661478613563796,0
22071,0.02405108422495273,0
22072,0.011608446250362503,0
22073,0.15312325897755696,0
22074,0.048192782331498804,0
22075,0.06119906929097498,0
22076,0.015147215553768871,0
22077,0.15012866230390845,0
22078,0.050851734910267066,0
22079,0.0644609124816708,0
22080,0.03918318946435168,0
22081,0.05828730770802953,0
22082,0.023905942380269884,0
22083,0.0249068034275469,0
22084,0.12280677401358166,0
22085,0.021641954538640686,0
22086,0.027310654697219584,0
22087,0.22129878232855843,1
22088,0.010097076700354002,0
22089,0.21761085378920422,1
22090,0.021718500300247363,0
22091,0.04689246514776737,0
22092,0.026097347879587587,0
22093,0.0025206931651711173,0
22094,0.037601704378283016,0
22095,0.006397651255380802,0
22096,0.008407295611356018,0
22097,0.07551037502418545,0
22098,0.1318006160747371,0
22099,0.06624758506914774,0
22100,0.005255995908242091,0
22101,0.027429758166740877,0
22102,0.020766563313455225,0
22103,0.006218389650168957,0
22104,0.13293156481714094,0
22105,0.013333616088650498,0
22106,0.029710668938902826,0
22107,0.05362702540465318,0
22108,0.14766231191240037,0
22109,0.0481520376407584,0
22110,0.04384282104305012,0
22111,0.06067527240312849,0
22112,0.009247240759058035,0
22113,0.1794240752783391,1
22114,0.09803933003630894,0
22115,0.020148306696032483,0
22116,0.050367396599783544,0
22117,0.04312927460533376,0
22118,0.17327435031008492,1
22119,0.1798938273463629,1
22120,0.11123832092012324,0
22121,0.005333267568510558,0
22122,0.006702871667598805,0
22123,0.10323850338259198,0
22124,0.015706338646949664,0
22125,0.15102009714339337,0
22126,0.11618554831761091,0
22127,0.03940815455494664,0
22128,0.06549637315059585,0
22129,0.04967518817134995,0
22130,0.030788408550167727,0
22131,0.08668484782552739,0
22132,0.02414221511883367,0
22133,0.07703984356986575,0
22134,0.029040554117827813,0
22135,0.003076141348503514,0
22136,0.008743073389468862,0
22137,0.04246329529144436,0
22138,0.010104402650125015,0
22139,0.07832208595739268,0
22140,0.02466915275733618,0
22141,0.012810024013831585,0
22142,0.12295775130151129,0
22143,0.06589721848077373,0
22144,0.06010439618502273,0
22145,0.008496355318817435,0
22146,0.03190391051521272,0
22147,0.17498165567870608,1
22148,0.01213543637097642,0
22149,0.08610821319739159,0
22150,0.03150889597262154,0
22151,0.0025437140545559863,0
22152,0.16339252467895182,0
22153,0.019944437669872743,0
22154,0.17724541556559828,1
22155,0.14787689674134097,0
22156,0.061735102497544464,0
22157,0.08994380216655905,0
22158,0.07095780216548811,0
22159,0.00114167668159418,0
22160,0.0948594966828631,0
22161,0.04978742673052037,0
22162,0.0035530909814397585,0
22163,0.042124644716061505,0
22164,0.1756557717026844,1
22165,0.006539389239630141,0
22166,0.0437317071184542,0
22167,0.022427030424175494,0
22168,0.02564770785369078,0
22169,0.11345330759487669,0
22170,0.01770061923921769,0
22171,0.03786048395143405,0
22172,0.05849771756368422,0
22173,0.07021047805776923,0
22174,0.0265730628194752,0
22175,0.07257922601067393,0
22176,0.045441487449076404,0
22177,0.0475511729791249,0
22178,0.026516247136051194,0
22179,0.04880035643480367,0
22180,0.15332139563461392,0
22181,0.007862588278603607,0
22182,0.05074502876669061,0
22183,0.02186387066579777,0
22184,0.02150845879514897,0
22185,0.2325001323165541,1
22186,0.001565434776040453,0
22187,0.0763592998088303,0
22188,0.09089841456789897,0
22189,0.022597331234357455,0
22190,0.009922267525355159,0
22191,0.01482541975300266,0
22192,0.11193695033740686,0
22193,0.013424307234697074,0
22194,0.026919062166478696,0
22195,0.010851322942080178,0
22196,0.1011933674760788,0
22197,0.02825446372379179,0
22198,0.00714638108041125,0
22199,0.2262664840672356,1
22200,0.023743203766879446,0
22201,0.022316833562645407,0
22202,0.06860280774786566,0
22203,0.00514317811313018,0
22204,0.052809128693692024,0
22205,0.04204625814212804,0
22206,0.0022756861651900715,0
22207,0.08119783557271584,0
22208,0.035207292261475696,0
22209,0.12847873262993106,0
22210,0.0860006994570591,0
22211,0.03384198342411561,0
22212,0.11299930386893962,0
22213,0.16586887797533165,0
22214,0.04488624325769119,0
22215,0.03700192458693641,0
22216,0.007207533254783183,0
22217,0.062388449993015,0
22218,0.04042570075701289,0
22219,0.06211965503324198,0
22220,0.06063745431130431,0
22221,0.005271023083254252,0
22222,0.11787477016692266,0
22223,0.05304452253225663,0
22224,0.05196737139535657,0
22225,0.008932631449691253,0
22226,0.0012973564301687354,0
22227,0.0822521769682235,0
22228,0.08836302332731362,0
22229,0.004752332451585424,0
22230,0.17727669365776885,1
22231,0.04364766355926875,0
22232,0.016737253782008986,0
22233,0.1318032084085428,0
22234,0.1689117419325962,0
22235,0.0965905620962643,0
22236,0.017347613749525568,0
22237,0.01857496308137736,0
22238,0.007342954362150896,0
22239,0.04448879391491363,0
22240,0.03293512859870894,0
22241,0.04463171620237586,0
22242,0.15981504991488993,0
22243,0.13211929760003766,0
22244,0.07717882601707589,0
22245,0.0633708114134059,0
22246,0.15413285868770935,0
22247,0.15152712757347936,0
22248,0.011847496084094196,0
22249,0.023170565169616013,0
22250,0.011416333358663537,0
22251,0.15449961803022458,0
22252,0.054697892217960294,0
22253,0.001099606093968375,0
22254,0.07798739487334423,0
22255,0.04785230051518064,0
22256,0.062369425995937325,0
22257,0.11088366353238088,0
22258,0.0025914370091319953,0
22259,0.14849554078056915,0
22260,0.0024188644803910513,0
22261,0.004144695484605113,0
22262,0.027797836975395493,0
22263,0.007758253280018771,0
22264,0.02095743124247745,0
22265,0.0722857318881481,0
22266,0.13291223991705647,0
22267,0.18695152801637896,1
22268,0.029577935930325074,0
22269,0.07356210445250126,0
22270,0.005434212488347515,0
22271,0.0060986010614885915,0
22272,0.04673780426834193,0
22273,0.031975190819325136,0
22274,0.21053470404194166,1
22275,0.038095358939371736,0
22276,0.020360027360927516,0
22277,0.01824061939465742,0
22278,0.018875453550676095,0
22279,0.013045954498532297,0
22280,0.010901632499371402,0
22281,0.02870450568566892,0
22282,0.029931396989417224,0
22283,0.03806230282511501,0
22284,0.003731926200825912,0
22285,0.019471874214800042,0
22286,0.18801748395766207,1
22287,0.21226789970351506,1
22288,0.07857886441225145,0
22289,0.04047417700333152,0
22290,0.09429119711134028,0
22291,0.039058218375864845,0
22292,0.019166234449249735,0
22293,0.025597258538698816,0
22294,0.06340623337738936,0
22295,0.013097078656251175,0
22296,0.03267655435595316,0
22297,0.08282577857688384,0
22298,0.05687066311145269,0
22299,0.11838723134352805,0
22300,0.008955781236935589,0
22301,0.05044098932206591,0
22302,0.05492270390409822,0
22303,0.23117277699938382,1
22304,0.08948893522198166,0
22305,0.03736552287730685,0
22306,0.16632128463943388,0
22307,0.049457347420465106,0
22308,0.003551862077825733,0
22309,0.04637880249750891,0
22310,0.007088952893515891,0
22311,0.005333808331848925,0
22312,0.04190852896740794,0
22313,0.071477339825889,0
22314,0.0839798297909609,0
22315,0.09425663951266425,0
22316,0.07856258746325913,0
22317,0.08319121992158388,0
22318,0.002383553822704957,0
22319,0.022625463187122885,0
22320,0.011779342327768515,0
22321,0.15990569003518965,0
22322,0.045094012919525334,0
22323,0.047705395174438905,0
22324,0.014662741774689831,0
22325,0.0044684378575956234,0
22326,0.17415912648056767,1
22327,0.0030800519031472778,0
22328,0.03003162031630296,0
22329,0.019005605066213693,0
22330,0.08423890339623172,0
22331,0.030269145973550786,0
22332,0.026267254931419105,0
22333,0.03911849051949386,0
22334,0.08287895054169218,0
22335,0.047828660598516475,0
22336,0.011737492997272529,0
22337,0.07597939128729934,0
22338,0.053983774600107635,0
22339,0.011845179491952155,0
22340,0.05296816584821614,0
22341,0.16412261423550406,0
22342,0.12160075072011531,0
22343,0.07259741891288796,0
22344,0.16811852547955206,0
22345,0.06193997713087314,0
22346,0.1091493369800755,0
22347,0.032580718082332344,0
22348,0.008098444195696579,0
22349,0.10235467863194124,0
22350,0.08243753433096294,0
22351,0.042752418733955945,0
22352,0.027721527221909178,0
22353,0.011183982476224926,0
22354,0.08321988109506188,0
22355,0.06052622259490623,0
22356,0.06325530888814918,0
22357,0.01926044615734556,0
22358,0.004061847361278673,0
22359,0.06122973408844422,0
22360,0.08290211113325713,0
22361,0.11984011832580771,0
22362,0.010599933398161883,0
22363,0.06602394343964776,0
22364,0.0269574154114804,0
22365,0.051677955558741225,0
22366,0.05725692554577066,0
22367,0.06527381968598762,0
22368,0.09274627082886729,0
22369,0.07359978162232288,0
22370,0.013619465380475456,0
22371,0.00676280542395038,0
22372,0.09285837870568875,0
22373,0.10134731371931616,0
22374,0.052621043656695746,0
22375,0.07471083992296726,0
22376,0.00642372880987659,0
22377,0.04582790826063794,0
22378,0.005002669848676603,0
22379,0.002616309185882848,0
22380,0.04402766907904768,0
22381,0.007369008261458284,0
22382,0.03905213541465916,0
22383,0.19005712645319262,1
22384,0.009884472533937169,0
22385,0.03077556849967397,0
22386,0.019366299268316647,0
22387,0.02784716830096899,0
22388,0.13089433530555927,0
22389,0.08620622857632025,0
22390,0.10493871970621149,0
22391,0.04073128144068276,0
22392,0.06280754509615388,0
22393,0.02677499464681711,0
22394,0.10251978775721447,0
22395,0.04138614507751773,0
22396,0.046840830152426356,0
22397,0.029775409615728013,0
22398,0.1207309995828758,0
22399,0.03085762492531866,0
22400,0.03652484833587345,0
22401,0.02273869241524784,0
22402,0.002419775192398836,0
22403,0.03128124024135563,0
22404,0.01603453729082873,0
22405,0.030565799713410616,0
22406,0.0541004967658808,0
22407,0.15323191444455903,0
22408,0.041243609502735215,0
22409,0.002735007951458372,0
22410,0.10796358152922088,0
22411,0.010552988618684412,0
22412,0.009575421368926692,0
22413,0.040797814354683076,0
22414,0.01837158315872301,0
22415,0.052664756758188706,0
22416,0.10011382257698485,0
22417,0.035180233960021526,0
22418,0.18131872410642025,1
22419,0.03092472854846929,0
22420,0.014547338586358313,0
22421,0.0150961440523199,0
22422,0.03598654277698574,0
22423,0.09301611100283344,0
22424,0.0018201643945767213,0
22425,0.04860679475403111,0
22426,0.0553418564793984,0
22427,0.07657918736086805,0
22428,0.04010160537943267,0
22429,0.06929895826005981,0
22430,0.03542607446054191,0
22431,0.11874370091871606,0
22432,0.005158829921234013,0
22433,0.1571631965560635,0
22434,0.011694067394347049,0
22435,0.02390150522212026,0
22436,0.006674099764383727,0
22437,0.09488477521999131,0
22438,0.0707096470213606,0
22439,0.04084385058426221,0
22440,0.023686115041530762,0
22441,0.0034779265640816942,0
22442,0.19649263721983493,1
22443,0.07825052188438032,0
22444,0.001447139591798415,0
22445,0.1410629194547891,0
22446,0.0031089422384657246,0
22447,0.15896217937280363,0
22448,0.10785037780874548,0
22449,0.15033327211270733,0
22450,0.02373368105638974,0
22451,0.18582519069472436,1
22452,0.03902623640320487,0
22453,0.10794067200207727,0
22454,0.017777510758527848,0
22455,0.05842190197704881,0
22456,0.19518096341189464,1
22457,0.008102003025579589,0
22458,0.03695820401726883,0
22459,0.01564007374172344,0
22460,0.23494392880159387,1
22461,0.1096260810269964,0
22462,0.06255784862748436,0
22463,0.07081286539684582,0
22464,0.01903127211363324,0
22465,0.09003079773665926,0
22466,0.02699103902967294,0
22467,0.04833106861978341,0
22468,0.007932440476087255,0
22469,0.03725057853446981,0
22470,0.006070712729636922,0
22471,0.011049671826005898,0
22472,0.05386595721085843,0
22473,0.014930520638572031,0
22474,0.141709179504976,0
22475,0.0028700100905944435,0
22476,0.14232163301143239,0
22477,0.0872370784285239,0
22478,0.08557043099829297,0
22479,0.21059493306273833,1
22480,0.05602730368842597,0
22481,0.021775630629395516,0
22482,0.03879767771690849,0
22483,0.1087824220233158,0
22484,0.01563135160060251,0
22485,0.00511874893631407,0
22486,0.21316739631642154,1
22487,0.09189801071742042,0
22488,0.08413152908592707,0
22489,0.039914656491232096,0
22490,0.00402549096178492,0
22491,0.011537574566904503,0
22492,0.018366231558403296,0
22493,0.01932334944549683,0
22494,0.04383145767765576,0
22495,0.149102495745636,0
22496,0.01524893176518624,0
22497,0.030960728241665476,0
22498,0.02389881828938915,0
22499,0.03616939210093132,0
22500,0.020758722132944295,0
22501,0.044508463353990134,0
22502,0.09756458205107098,0
22503,0.0038421289787646364,0
22504,0.1670976902663961,0
22505,0.0031959132401833865,0
22506,0.008328720576195455,0
22507,0.12424804113836875,0
22508,0.04424983021921416,0
22509,0.05009773283039319,0
22510,0.01205423032664262,0
22511,0.06133858965871973,0
22512,0.007414080311135166,0
22513,0.12722651989370745,0
22514,0.015201399527777564,0
22515,0.012954621184519474,0
22516,0.09074811093905659,0
22517,0.12156332215297037,0
22518,0.17655923011174066,1
22519,0.036324200799838446,0
22520,0.14318882147722098,0
22521,0.14242295227366283,0
22522,0.007634807670330631,0
22523,0.06990632016535984,0
22524,0.045440578786057666,0
22525,0.04565140385704336,0
22526,0.019720763770424584,0
22527,0.08048816433114234,0
22528,0.029649050861001232,0
22529,0.12134641188067623,0
22530,0.06748772130182168,0
22531,0.006409835854517288,0
22532,0.1368312261506047,0
22533,0.03549150552850122,0
22534,0.05546686415919903,0
22535,0.010513079862650598,0
22536,0.03094301122940102,0
22537,0.020989287265624487,0
22538,0.16309279105667376,0
22539,0.19622234503206173,1
22540,0.08941380627191217,0
22541,0.020090308265445386,0
22542,0.13781682060719583,0
22543,0.039471494220596114,0
22544,0.011527400353389039,0
22545,0.032154760194322875,0
22546,0.0827748158102873,0
22547,0.006282119774785751,0
22548,0.13470918618724928,0
22549,0.1222509638956855,0
22550,0.04070903560794404,0
22551,0.00574011495092106,0
22552,0.027406209612732487,0
22553,0.0014449402157658442,0
22554,0.08300761003059993,0
22555,0.028157763427757703,0
22556,0.04476061432663712,0
22557,0.09601212376406279,0
22558,0.02602946028721657,0
22559,0.16971354393573496,0
22560,0.022369506974014127,0
22561,0.04060104796264933,0
22562,0.045587703008632505,0
22563,0.03415010287939552,0
22564,0.08677173263579949,0
22565,0.01762598745047917,0
22566,0.012460678194841254,0
22567,0.0019137484154695553,0
22568,0.11122554230118502,0
22569,0.04813084852838832,0
22570,0.044549627007734315,0
22571,0.05246680647429276,0
22572,0.03724218821575806,0
22573,0.03915431230379954,0
22574,0.012413112898692196,0
22575,0.04742010380459218,0
22576,0.01649376787300961,0
22577,0.1168257560892317,0
22578,0.012881484399571678,0
22579,0.07653027750441903,0
22580,0.14112782477018693,0
22581,0.041045914202009724,0
22582,0.12101354276139235,0
22583,0.07435029049100163,0
22584,0.17390229383074343,1
22585,0.06260837278046891,0
22586,0.031793119043518364,0
22587,0.1366213212814032,0
22588,0.01823137332217387,0
22589,0.14594855463192388,0
22590,0.15129810546130115,0
22591,0.09988072086999936,0
22592,0.028228117384504325,0
22593,0.018892218732603657,0
22594,0.013459824798737403,0
22595,0.08634903969040011,0
22596,0.07358930362106293,0
22597,0.0636645170425967,0
22598,0.013653395995092084,0
22599,0.0231544921584236,0
22600,0.06839583215762737,0
22601,0.04836018090958738,0
22602,0.03178417040293429,0
22603,0.08078841546577162,0
22604,0.10988181869404552,0
22605,0.040439408591752296,0
22606,0.10465994604262917,0
22607,0.050060812511254285,0
22608,0.12461384777308378,0
22609,0.02633692209324474,0
22610,0.03970076629833989,0
22611,0.041429508171694475,0
22612,0.07635506183010457,0
22613,0.02639622934198125,0
22614,0.1746402632657517,1
22615,0.004543115485275254,0
22616,0.02964874284397283,0
22617,0.04504535404891926,0
22618,0.12792031213285235,0
22619,0.18061139864754866,1
22620,0.028645238612604085,0
22621,0.03386140675225617,0
22622,0.06549209148370214,0
22623,0.033205830906279064,0
22624,0.04111639618722253,0
22625,0.025942345127550854,0
22626,0.044194797981163304,0
22627,0.0841612183114259,0
22628,0.031894919004894225,0
22629,0.019471532394787414,0
22630,0.08699957365095952,0
22631,0.13697220559736142,0
22632,0.044255959629734144,0
22633,0.03352036740633782,0
22634,0.010469049664600398,0
22635,0.06314386737553639,0
22636,0.0629350205340565,0
22637,0.1356614242755314,0
22638,0.19193895716696385,1
22639,0.00368720396368174,0
22640,0.027416716583384248,0
22641,0.18777424229668685,1
22642,0.028122842279251267,0
22643,0.09506689188220564,0
22644,0.049934540902254985,0
22645,0.10236565627254039,0
22646,0.1482518874347765,0
22647,0.030208130042162586,0
22648,0.008114224993441603,0
22649,0.076302366793033,0
22650,0.04029900722189724,0
22651,0.00936575932971863,0
22652,0.08527819170828085,0
22653,0.02795865029916189,0
22654,0.04834128186835254,0
22655,0.18605041678200848,1
22656,0.02738466465741291,0
22657,0.008091960322155024,0
22658,0.018399784174979835,0
22659,0.018580076662570534,0
22660,0.0370936098536573,0
22661,0.0033093458442185067,0
22662,0.0308996950185463,0
22663,0.0019364376663821774,0
22664,0.16780103928607246,0
22665,0.08464948583451741,0
22666,0.016142978765380962,0
22667,0.04380245591226395,0
22668,0.002466874258018792,0
22669,0.10023069971182265,0
22670,0.05273970417679219,0
22671,0.0056445795008527085,0
22672,0.14182861503965558,0
22673,0.16076263161217053,0
22674,0.12114812467525525,0
22675,0.07696042411063231,0
22676,0.05900526422331932,0
22677,0.028645501589828083,0
22678,0.1451617202608933,0
22679,0.16674499832887474,0
22680,0.06316155637039046,0
22681,0.014633065514239478,0
22682,0.005333805070919532,0
22683,0.16695962079215612,0
22684,0.02476205393735856,0
22685,0.045362922858414575,0
22686,0.005733913892165066,0
22687,0.03338192807850268,0
22688,0.023473614885616657,0
22689,0.11350655848978376,0
22690,0.10540643208763613,0
22691,0.07960405067225294,0
22692,0.004153065578206628,0
22693,0.16038407039317837,0
22694,0.01052262687794816,0
22695,0.00683416405296573,0
22696,0.006646311029296922,0
22697,0.08485451445771805,0
22698,0.12739582010332143,0
22699,0.07260062290985123,0
22700,0.009054871253253875,0
22701,0.09066477774448911,0
22702,0.10367821025600468,0
22703,0.0872454472888216,0
22704,0.08326730638520645,0
22705,0.029051376193575392,0
22706,0.012190226369089337,0
22707,0.011036241668911506,0
22708,0.04274098526234238,0
22709,0.020994613854212817,0
22710,0.017797461279899653,0
22711,0.02507255000046608,0
22712,0.027903283530682454,0
22713,0.017892691481656477,0
22714,0.062406545431955555,0
22715,0.042320722720583376,0
22716,0.011254955485574017,0
22717,0.029075198330017808,0
22718,0.13781409130204783,0
22719,0.07075460181358426,0
22720,0.01586828728887019,0
22721,0.031404260075331716,0
22722,0.10166009420479177,0
22723,0.03205937527044332,0
22724,0.021068849478781012,0
22725,0.054038697159407637,0
22726,0.002074485621266553,0
22727,0.05091263302915354,0
22728,0.0173568965178595,0
22729,0.07604119897302333,0
22730,0.03420437506404605,0
22731,0.10963548235011542,0
22732,0.13858190778744645,0
22733,0.11444803272440333,0
22734,0.002269545447574117,0
22735,0.09323963440395748,0
22736,0.019919009902629944,0
22737,0.14791462223324311,0
22738,0.007249847118259008,0
22739,0.15091219036557854,0
22740,0.05240737175119208,0
22741,0.03182866692154159,0
22742,0.21844178427516353,1
22743,0.12423084310954101,0
22744,0.004931859759256059,0
22745,0.1415212330167442,0
22746,0.025954773538610827,0
22747,0.016058607118178348,0
22748,0.1137466138021801,0
22749,0.09276102866737969,0
22750,0.11468687026462598,0
22751,0.1983786435270562,1
22752,0.03665130338265835,0
22753,0.12961148711632697,0
22754,0.12094595445723332,0
22755,0.15331614400329802,0
22756,0.03716588018716382,0
22757,0.1054557926899727,0
22758,0.07942356496699997,0
22759,0.06435078207731584,0
22760,0.03029264910827724,0
22761,0.014767966770251799,0
22762,0.07830091114270234,0
22763,0.0577479710590217,0
22764,0.0055445883911203015,0
22765,0.044748550968202155,0
22766,0.11679495437470337,0
22767,0.14608167839036848,0
22768,0.0736569544235756,0
22769,0.0789646931575955,0
22770,0.025368628996062417,0
22771,0.032698877369858034,0
22772,0.0035572469736650032,0
22773,0.00819476560243036,0
22774,0.2521659215238945,1
22775,0.1240131459978217,0
22776,0.03238612090065417,0
22777,0.1584545254679751,0
22778,0.045369382009604824,0
22779,0.03033987460550369,0
22780,0.012871756084870286,0
22781,0.05897291124339736,0
22782,0.013258218661816912,0
22783,0.18748275251109986,1
22784,0.014826812174715709,0
22785,0.05127530381817428,0
22786,0.06458304577115846,0
22787,0.033896761707208886,0
22788,0.049325593437685826,0
22789,0.022571444440821774,0
22790,0.013462018396308858,0
22791,0.0437028752591832,0
22792,0.03415036294383125,0
22793,0.04207806374190006,0
22794,0.0032075161812396297,0
22795,0.1381856425246826,0
22796,0.004595845994549193,0
22797,0.14352667325301205,0
22798,0.003670224715296033,0
22799,0.06224405134697098,0
22800,0.12033309326698788,0
22801,0.027058993794077547,0
22802,0.05499047433198892,0
22803,0.10299479602100396,0
22804,0.14564520161553438,0
22805,0.1944159954800697,1
22806,0.07300540567256698,0
22807,0.007808082279101184,0
22808,0.07222230411311065,0
22809,0.058778883719154344,0
22810,0.10192894006850883,0
22811,0.07295073964045208,0
22812,0.0669996663427816,0
22813,0.15974254297635043,0
22814,0.09307458849867642,0
22815,0.15036879330858172,0
22816,0.02142670036294998,0
22817,0.058453771984812754,0
22818,0.10264988191056966,0
22819,0.03156354886905149,0
22820,0.07634102263306941,0
22821,0.0756572968256903,0
22822,0.011641324240594593,0
22823,0.13739162375242717,0
22824,0.05022988836578309,0
22825,0.004370950827152124,0
22826,0.08275758936262077,0
22827,0.10295870901418673,0
22828,0.01830296147730215,0
22829,0.20783807683533523,1
22830,0.016073682889694456,0
22831,0.020004413368860607,0
22832,0.2429749935180667,1
22833,0.2662702857594186,1
22834,0.08153190845630563,0
22835,0.07269801077909781,0
22836,0.03093243804570638,0
22837,0.10638719342396022,0
22838,0.004586943839957502,0
22839,0.03803079721280707,0
22840,0.07262038272545515,0
22841,0.10463637505082321,0
22842,0.03471307916344153,0
22843,0.03287864401004126,0
22844,0.004645300851343596,0
22845,0.054782808497463975,0
22846,0.01574685035618404,0
22847,0.09613753987115038,0
22848,0.21680156631523806,1
22849,0.0015446141901340675,0
22850,0.03735810876394944,0
22851,0.1345196037590854,0
22852,0.024545331877752853,0
22853,0.10520488225859355,0
22854,0.08261502245160815,0
22855,0.053891289922552384,0
22856,0.01598158089188245,0
22857,0.017877889943811374,0
22858,0.0809554469486762,0
22859,0.04675628372354724,0
22860,0.08830041450751511,0
22861,0.007869071889131033,0
22862,0.04266301358720851,0
22863,0.04753933897690321,0
22864,0.12109004918306239,0
22865,0.1455237789339535,0
22866,0.005157413928790567,0
22867,0.01507412997674394,0
22868,0.05350835446091217,0
22869,0.002673581626260953,0
22870,0.08233415610683403,0
22871,0.08910900231128019,0
22872,0.04449964615163586,0
22873,0.19927653187647223,1
22874,0.1039664130827374,0
22875,0.008914129984579388,0
22876,0.016363985155837465,0
22877,0.012745157993492628,0
22878,0.037256783384108774,0
22879,0.11279961387995284,0
22880,0.01632495537491103,0
22881,0.007015721011021969,0
22882,0.14299396096946398,0
22883,0.1055325151170218,0
22884,0.22179632766610133,1
22885,0.1746828195022921,1
22886,0.020487897495822784,0
22887,0.06543944318438702,0
22888,0.1627776748559238,0
22889,0.10969925572413987,0
22890,0.052674308160960595,0
22891,0.014904011643736692,0
22892,0.05846514574492994,0
22893,0.11871478404830142,0
22894,0.03141869351250738,0
22895,0.08840646844262696,0
22896,0.09001553334546793,0
22897,0.01206225863905792,0
22898,0.05497522429763711,0
22899,0.10509841515345665,0
22900,0.006866918732970584,0
22901,0.03729463783949695,0
22902,0.11768317670979807,0
22903,0.012973579996800481,0
22904,0.12524439706348375,0
22905,0.011560115266825781,0
22906,0.0899642857968138,0
22907,0.052394175082034554,0
22908,0.002835398511621423,0
22909,0.013223069511824467,0
22910,0.0032190698676750175,0
22911,0.14465978159997067,0
22912,0.023589903560401543,0
22913,0.030196240818310967,0
22914,0.00394778315750021,0
22915,0.00938077231052971,0
22916,0.02942137201810259,0
22917,0.0720493028587768,0
22918,0.060124484978415084,0
22919,0.09864985436410674,0
22920,0.10259632487023677,0
22921,0.00442473784542421,0
22922,0.06396094644991804,0
22923,0.17136775636703547,1
22924,0.04369649805068789,0
22925,0.21812192588119841,1
22926,0.08628834832984861,0
22927,0.052026533080340664,0
22928,0.019762578258450323,0
22929,0.020323713230560383,0
22930,0.06306427398574352,0
22931,0.02346431822589503,0
22932,0.04384348068425085,0
22933,0.014734795907527886,0
22934,0.04035230448740735,0
22935,0.007534588875737369,0
22936,0.16888456248643632,0
22937,0.09140254684645699,0
22938,0.0357592879291749,0
22939,0.04281550578766232,0
22940,0.009833785897158576,0
22941,0.07652980306568015,0
22942,0.004385871953445486,0
22943,0.004521377763078238,0
22944,0.04276345544762475,0
22945,0.11551609597449429,0
22946,0.07398568713807871,0
22947,0.01640824993865393,0
22948,0.14825253008992106,0
22949,0.2015821857590972,1
22950,0.0467288630056346,0
22951,0.028325555808334603,0
22952,0.08121958801409083,0
22953,0.10960763831881662,0
22954,0.07875784185919242,0
22955,0.017727237295076807,0
22956,0.02831937010972717,0
22957,0.012736440904088313,0
22958,0.03922293239658587,0
22959,0.02234590344598857,0
22960,0.04864981199650022,0
22961,0.07886174322329126,0
22962,0.032873718503699904,0
22963,0.015707943971260976,0
22964,0.1974828042728478,1
22965,0.027876026105349568,0
22966,0.0022621793141722303,0
22967,0.038009682986104375,0
22968,0.08929119397595062,0
22969,0.15232796812197674,0
22970,0.022006255222485702,0
22971,0.01131132146421876,0
22972,0.04885146079560385,0
22973,0.03765891904276151,0
22974,0.0027364170994073882,0
22975,0.041260279390790064,0
22976,0.019924268697879745,0
22977,0.14879825286017703,0
22978,0.032649642397214435,0
22979,0.015569266908900755,0
22980,0.044619914276392385,0
22981,0.008239370282827929,0
22982,0.02363965912316557,0
22983,0.03773692612192146,0
22984,0.0110420618314216,0
22985,0.20768251078593605,1
22986,0.11898495975624623,0
22987,0.07523682184303503,0
22988,0.11209715992783369,0
22989,0.009635619340473892,0
22990,0.0023606125935991653,0
22991,0.11829340208717844,0
22992,0.04445219376848574,0
22993,0.04195232906412632,0
22994,0.15961737476392204,0
22995,0.008813298608383846,0
22996,0.009930261253813666,0
22997,0.07391161059805078,0
22998,0.15022412140352692,0
22999,0.039267870127857055,0
23000,0.010310047283135181,0
23001,0.12811729069592598,0
23002,0.04666784229743177,0
23003,0.12349921986684452,0
23004,0.019303232615472198,0
23005,0.0566189119268326,0
23006,0.007332080364123746,0
23007,0.005337594042451243,0
23008,0.10093200132954284,0
23009,0.0031089661709777267,0
23010,0.008297382320137754,0
23011,0.17134750181415961,1
23012,0.03393085872651934,0
23013,0.025860662902805663,0
23014,0.16296767189543956,0
23015,0.009698843898318899,0
23016,0.021449118282053706,0
23017,0.23593575229351427,1
23018,0.1459410706086528,0
23019,0.06707636169478597,0
23020,0.010645640057975215,0
23021,0.07260774972694337,0
23022,0.031097658813832647,0
23023,0.0164977464948077,0
23024,0.005192593023629858,0
23025,0.028069742198149054,0
23026,0.01667557503155997,0
23027,0.08251184035932126,0
23028,0.00976267460857001,0
23029,0.05338998090491496,0
23030,0.02476801786978459,0
23031,0.001521998172871834,0
23032,0.040566582488638675,0
23033,0.11441280610660423,0
23034,0.03530421363921792,0
23035,0.03309274462200794,0
23036,0.14010015088560698,0
23037,0.04243887799979889,0
23038,0.11097520176896156,0
23039,0.03607350159222667,0
23040,0.10765818639559095,0
23041,0.03566005197356641,0
23042,0.08228805186398504,0
23043,0.04630228218009372,0
23044,0.162613551019878,0
23045,0.04542676143494226,0
23046,0.017631058342956092,0
23047,0.0575050063201953,0
23048,0.0165604210834742,0
23049,0.10015143744303888,0
23050,0.05673578728886988,0
23051,0.12123434933173799,0
23052,0.0028377528284856033,0
23053,0.00800353897686003,0
23054,0.17020740293408715,1
23055,0.00810634726222778,0
23056,0.05799943277857988,0
23057,0.031231480682947604,0
23058,0.024197097092479265,0
23059,0.21032669263612327,1
23060,0.05815758924289476,0
23061,0.1514740654967261,0
23062,0.03991463509082742,0
23063,0.1558724991664054,0
23064,0.029481094985652663,0
23065,0.01869972760507505,0
23066,0.08248198992959023,0
23067,0.06401177367036456,0
23068,0.007461943954502829,0
23069,0.12875452247308067,0
23070,0.07111469384468849,0
23071,0.0375846600935723,0
23072,0.029215555394222367,0
23073,0.02098726426416942,0
23074,0.009389840028604405,0
23075,0.006088169485156196,0
23076,0.11867210345928414,0
23077,0.0020974092106154528,0
23078,0.12618978074251064,0
23079,0.051952217972579026,0
23080,0.06674670862547487,0
23081,0.07252431221365421,0
23082,0.13075321508548773,0
23083,0.013841007351182011,0
23084,0.031490070519881196,0
23085,0.12541429135472412,0
23086,0.046657245372498025,0
23087,0.019655128113375893,0
23088,0.14395932233174166,0
23089,0.03849731305547115,0
23090,0.0018495588051658926,0
23091,0.05417302238723058,0
23092,0.04053452733506122,0
23093,0.006059335798973798,0
23094,0.01910986875705385,0
23095,0.0566564059602419,0
23096,0.10893354871318946,0
23097,0.18836234385193323,1
23098,0.025844554075439913,0
23099,0.1874037994789677,1
23100,0.06233453498394105,0
23101,0.007426166940949789,0
23102,0.07443411262975659,0
23103,0.11827524805260124,0
23104,0.005956190365577596,0
23105,0.03794776992703119,0
23106,0.0981847758916994,0
23107,0.008530029297334782,0
23108,0.08407288386665451,0
23109,0.0393209037744392,0
23110,0.00746848981934453,0
23111,0.08241787926088806,0
23112,0.15919990796150493,0
23113,0.14389356693144176,0
23114,0.02108179434626458,0
23115,0.013089065207244347,0
23116,0.008695499557690955,0
23117,0.03269241093372066,0
23118,0.045599160916784134,0
23119,0.028891636406539002,0
23120,0.022546891165847256,0
23121,0.048189751081431434,0
23122,0.1683070002379642,0
23123,0.04129156809377708,0
23124,0.1077420472520411,0
23125,0.055707830516450015,0
23126,0.04936555541119592,0
23127,0.06353885704005323,0
23128,0.07169437696779915,0
23129,0.04544373978515413,0
23130,0.04385980927063609,0
23131,0.011443216572324388,0
23132,0.00885479364177888,0
23133,0.042552654196326034,0
23134,0.11771491407481631,0
23135,0.14808303267966014,0
23136,0.02957406670104531,0
23137,0.026996133927129733,0
23138,0.10202377343650659,0
23139,0.0031408501933098223,0
23140,0.002493844092487659,0
23141,0.028537539759065575,0
23142,0.21489980054529248,1
23143,0.04958864310437334,0
23144,0.020801011879678637,0
23145,0.0025375607537460486,0
23146,0.1717228629966671,1
23147,0.02552378833216513,0
23148,0.10113336409354687,0
23149,0.026959418206464924,0
23150,0.0029319378795629033,0
23151,0.06203564313869363,0
23152,0.03230279167499902,0
23153,0.011362208708622442,0
23154,0.002843197298841882,0
23155,0.03559759984321235,0
23156,0.12424693322298803,0
23157,0.16606925466437517,0
23158,0.09488196077352865,0
23159,0.041848489671412234,0
23160,0.016807236248775042,0
23161,0.030769213533721463,0
23162,0.027231277865631443,0
23163,0.1051781035393023,0
23164,0.006473145509155831,0
23165,0.20803893195023687,1
23166,0.0872686510009492,0
23167,0.1252603690615498,0
23168,0.019639337842006784,0
23169,0.08131870688642101,0
23170,0.05088331517251508,0
23171,0.07890302702499682,0
23172,0.08114091837732446,0
23173,0.1979495605985148,1
23174,0.12197197446258971,0
23175,0.07775554083390428,0
23176,0.17399950680961335,1
23177,0.00730642071056149,0
23178,0.14733868094946895,0
23179,0.0032992728938019337,0
23180,0.012698717261601522,0
23181,0.047623402857215634,0
23182,0.054261441861390286,0
23183,0.015110097706459309,0
23184,0.01131301001220984,0
23185,0.14364091916567812,0
23186,0.04654605993899845,0
23187,0.009789804271466569,0
23188,0.11967596735011296,0
23189,0.02243560324145153,0
23190,0.08427270603963223,0
23191,0.05218690738615158,0
23192,0.028459136010697147,0
23193,0.014852858221513061,0
23194,0.1321818830191176,0
23195,0.0999456813959485,0
23196,0.0679873162107772,0
23197,0.02505344369724251,0
23198,0.09223190763586496,0
23199,0.014131377736629987,0
23200,0.053452288001045484,0
23201,0.052144269887821386,0
23202,0.011980892001308245,0
23203,0.196290818614892,1
23204,0.11164492254770077,0
23205,0.07487783466238339,0
23206,0.05666551390508776,0
23207,0.03605907576874781,0
23208,0.16114889407673277,0
23209,0.03435696590502093,0
23210,0.032790698442826983,0
23211,0.023055527648197856,0
23212,0.10281130600917052,0
23213,0.029261824517801807,0
23214,0.09571873139475467,0
23215,0.07720366534144454,0
23216,0.10504489917634402,0
23217,0.018099603534220257,0
23218,0.0947634999099496,0
23219,0.033716867088802685,0
23220,0.20020378105752598,1
23221,0.038372418610177775,0
23222,0.062412551393815116,0
23223,0.027677926471857812,0
23224,0.06976880970691633,0
23225,0.026087799568701064,0
23226,0.08884455757508884,0
23227,0.0926902056751567,0
23228,0.0014484216603127746,0
23229,0.017180085000836048,0
23230,0.02032024732140263,0
23231,0.010689688636428163,0
23232,0.002825356771619014,0
23233,0.13413046536440867,0
23234,0.03407797797254106,0
23235,0.014256822657097979,0
23236,0.03426957636051224,0
23237,0.1452202255655517,0
23238,0.022210799160388515,0
23239,0.04334303843504276,0
23240,0.0382704797531767,0
23241,0.05625969766300829,0
23242,0.10755171114387121,0
23243,0.011675089349894125,0
23244,0.06250927974076757,0
23245,0.0267014579470887,0
23246,0.03656249392591681,0
23247,0.0200685512803191,0
23248,0.10377539845023477,0
23249,0.03550394559343161,0
23250,0.01752960462196956,0
23251,0.007308822617335254,0
23252,0.1283635576895987,0
23253,0.022706662859757584,0
23254,0.1490294327488749,0
23255,0.06451970529965728,0
23256,0.09133848286643656,0
23257,0.11810919170768451,0
23258,0.027505958783341996,0
23259,0.0656318735534826,0
23260,0.06177810740781976,0
23261,0.13910081479912592,0
23262,0.04456459013800656,0
23263,0.05388849554735333,0
23264,0.10779304801647169,0
23265,0.05015593768946765,0
23266,0.19271137272616307,1
23267,0.036312331390056206,0
23268,0.03829106523903662,0
23269,0.1585435172084745,0
23270,0.03947258284510009,0
23271,0.05058208926468028,0
23272,0.05119921265901111,0
23273,0.019432649371511915,0
23274,0.01092714276904525,0
23275,0.10629197193152796,0
23276,0.016889614809648946,0
23277,0.0022742838407188676,0
23278,0.1037239526032716,0
23279,0.01958370464989718,0
23280,0.17735665992347963,1
23281,0.07462699535341413,0
23282,0.055225012236713986,0
23283,0.053884276589309894,0
23284,0.21965135690730495,1
23285,0.18961492689806475,1
23286,0.09720889523062567,0
23287,0.07795747750322166,0
23288,0.006369161225611945,0
23289,0.03456671499671396,0
23290,0.09090041256559848,0
23291,0.0025652945008075947,0
23292,0.07152285759357321,0
23293,0.0050667897018950026,0
23294,0.04562496555984295,0
23295,0.10566650578614922,0
23296,0.1099198095241548,0
23297,0.02722811371766464,0
23298,0.035451162080623294,0
23299,0.13986748815719394,0
23300,0.19767247179927813,1
23301,0.06526042647489068,0
23302,0.00639132975268053,0
23303,0.007183695170630452,0
23304,0.08020778821208913,0
23305,0.00309211562547634,0
23306,0.0725930089283486,0
23307,0.034680703998358715,0
23308,0.07152773253536106,0
23309,0.10820674142077168,0
23310,0.11655727640247762,0
23311,0.051104288709134395,0
23312,0.02900170265275778,0
23313,0.027136914447188368,0
23314,0.06481166695922419,0
23315,0.028047297186692483,0
23316,0.050395072237085344,0
23317,0.0037293334356952516,0
23318,0.004960990261613881,0
23319,0.007301298393121591,0
23320,0.06321544340868619,0
23321,0.024019557825345726,0
23322,0.11011852107572645,0
23323,0.08046403741099688,0
23324,0.07836580004082541,0
23325,0.0910086480872752,0
23326,0.052259814053241906,0
23327,0.09399192927282751,0
23328,0.08485284725120519,0
23329,0.032530285736309235,0
23330,0.004942758602703937,0
23331,0.022220588676298985,0
23332,0.032031770504641316,0
23333,0.07364423201063065,0
23334,0.08197507271144075,0
23335,0.09519061601861009,0
23336,0.15409858372024435,0
23337,0.027828007488635655,0
23338,0.03368132059020372,0
23339,0.07112750932171812,0
23340,0.0012066137828978807,0
23341,0.02887932145066034,0
23342,0.09840708648899632,0
23343,0.03464572933896432,0
23344,0.0617937695316916,0
23345,0.058961828595722514,0
23346,0.006318470991687653,0
23347,0.13393273669564026,0
23348,0.0020186016439823246,0
23349,0.14150261533688002,0
23350,0.022117405850367648,0
23351,0.06010502978264446,0
23352,0.04452474537164383,0
23353,0.002008606656781494,0
23354,0.029871619089956038,0
23355,0.021645032568801445,0
23356,0.0701377120827566,0
23357,0.0925694937922183,0
23358,0.024185143616409686,0
23359,0.1330701587962921,0
23360,0.16292492981434556,0
23361,0.04103119708425984,0
23362,0.0039944986284088605,0
23363,0.05092038436904422,0
23364,0.16667748228618345,0
23365,0.03310765618588698,0
23366,0.014342359174471908,0
23367,0.05167287543064317,0
23368,0.16352395303097414,0
23369,0.01140977397001642,0
23370,0.08783406751732775,0
23371,0.054940600078268065,0
23372,0.1296725719196396,0
23373,0.03794478195930051,0
23374,0.13083770831836503,0
23375,0.027974608277394026,0
23376,0.03763123231745894,0
23377,0.13200433409599197,0
23378,0.10584824216763607,0
23379,0.007415424479442308,0
23380,0.009487348130270945,0
23381,0.004981255216642573,0
23382,0.002891300988732552,0
23383,0.06876428524188462,0
23384,0.01086884353856928,0
23385,0.09356245029891484,0
23386,0.0033505341414235296,0
23387,0.1049865638859638,0
23388,0.03763693455437393,0
23389,0.11537874026563895,0
23390,0.006401035036639402,0
23391,0.044472377383936536,0
23392,0.02031120307649535,0
23393,0.032119380747275744,0
23394,0.11526874498844565,0
23395,0.0907757234382237,0
23396,0.008365636188453688,0
23397,0.036032096249406245,0
23398,0.039455774245161376,0
23399,0.014307959548072357,0
23400,0.0013573456817103091,0
23401,0.05373011697383311,0
23402,0.0504991217246354,0
23403,0.026148712364504636,0
23404,0.10211638138703441,0
23405,0.20805299249846812,1
23406,0.20083551457916046,1
23407,0.16287058466051016,0
23408,0.0421663592895331,0
23409,0.035214246200690316,0
23410,0.040182266669380635,0
23411,0.003151981028428249,0
23412,0.27390719552710474,1
23413,0.0022062437578419082,0
23414,0.1923204835025281,1
23415,0.04318952253044003,0
23416,0.009056562355609239,0
23417,0.11489185428455789,0
23418,0.014201963138014346,0
23419,0.08915710498757017,0
23420,0.043533877174108664,0
23421,0.03865215459089203,0
23422,0.217534835234714,1
23423,0.0030219923025824064,0
23424,0.03541225507950884,0
23425,0.11754679591555192,0
23426,0.02440013547636084,0
23427,0.12654330708550252,0
23428,0.012462098897807361,0
23429,0.024180873563990044,0
23430,0.11421649697678739,0
23431,0.0014648565744675693,0
23432,0.01074943316984108,0
23433,0.016951207441163244,0
23434,0.07705974905611851,0
23435,0.015873886852967044,0
23436,0.06244156233517025,0
23437,0.001788706679880625,0
23438,0.17825955279280545,1
23439,0.14646756023964877,0
23440,0.04386646879506148,0
23441,0.09665942727747681,0
23442,0.2088592555054892,1
23443,0.005756670015922838,0
23444,0.04358883194309293,0
23445,0.11442302633676445,0
23446,0.17640203457804773,1
23447,0.020597286129018226,0
23448,0.046554188069508985,0
23449,0.036616639314279296,0
23450,0.11689113803815668,0
23451,0.23702557735403945,1
23452,0.021928821168938854,0
23453,0.006933633716932386,0
23454,0.008172225711344964,0
23455,0.14649129052140142,0
23456,0.040101973160338394,0
23457,0.04618552700512038,0
23458,0.17038219969754517,1
23459,0.07672019757420645,0
23460,0.24969560758988568,1
23461,0.0235537845144893,0
23462,0.011783683336545144,0
23463,0.11024356214177682,0
23464,0.0378135817729428,0
23465,0.029717308034685228,0
23466,0.08942170109654371,0
23467,0.14435975611264862,0
23468,0.0202633639657751,0
23469,0.09679571545104965,0
23470,0.0951422969257135,0
23471,0.06426288100401961,0
23472,0.10395586793382754,0
23473,0.08574614727084844,0
23474,0.15775223219560477,0
23475,0.0015800197918362032,0
23476,0.11671153823052285,0
23477,0.036331738844730524,0
23478,0.10666288318437557,0
23479,0.011317529519424656,0
23480,0.0012669339370974032,0
23481,0.02328785051760959,0
23482,0.02101037862304323,0
23483,0.007888539411460237,0
23484,0.018082252119545433,0
23485,0.03196678182014528,0
23486,0.08119998101046824,0
23487,0.00834366178173586,0
23488,0.039682547973701784,0
23489,0.07447556247568701,0
23490,0.0686076704006477,0
23491,0.010096031137045625,0
23492,0.08931360414297111,0
23493,0.07714895651149538,0
23494,0.049576366304767146,0
23495,0.029546342705550285,0
23496,0.003300352908850046,0
23497,0.06751253506564353,0
23498,0.10556743977774466,0
23499,0.1289292996353225,0
23500,0.029401979312397304,0
23501,0.04018656312063256,0
23502,0.15460142315310416,0
23503,0.015214020707280344,0
23504,0.019650901812736876,0
23505,0.024505545942555985,0
23506,0.039216644067992655,0
23507,0.07893523280253294,0
23508,0.0465785400609782,0
23509,0.06453385954136033,0
23510,0.037824944775964105,0
23511,0.12884433217114352,0
23512,0.03323842515480192,0
23513,0.007949989542948973,0
23514,0.14966211384904982,0
23515,0.11309962895054451,0
23516,0.04265280281151999,0
23517,0.06406249295094886,0
23518,0.03381402723742509,0
23519,0.10916280263393065,0
23520,0.0024831820705717212,0
23521,0.012134321932680952,0
23522,0.01063891759233706,0
23523,0.06595139639462064,0
23524,0.00857757051626693,0
23525,0.014667994200627957,0
23526,0.13904090418300222,0
23527,0.09528971521669986,0
23528,0.12276085313892149,0
23529,0.05586249770272263,0
23530,0.06162483526029759,0
23531,0.02162521834595875,0
23532,0.04390939604167301,0
23533,0.07177854471132177,0
23534,0.011613851747036781,0
23535,0.012030823561082456,0
23536,0.0731155477138385,0
23537,0.14986116170167868,0
23538,0.06693756248841155,0
23539,0.05253749822457154,0
23540,0.1682764527442012,0
23541,0.008726945699501491,0
23542,0.029141730259281424,0
23543,0.008566668587827493,0
23544,0.1521677025083231,0
23545,0.1554527931520413,0
23546,0.18249897025245732,1
23547,0.21980762209947796,1
23548,0.030455410664738773,0
23549,0.0395987592620752,0
23550,0.010959049430145007,0
23551,0.041443233077118474,0
23552,0.005842210604122296,0
23553,0.012543545981666878,0
23554,0.08052349195732506,0
23555,0.04494019558619425,0
23556,0.02829146598803687,0
23557,0.028810609479294126,0
23558,0.14824932542276176,0
23559,0.03051894184749382,0
23560,0.015683758340262293,0
23561,0.006594308491621318,0
23562,0.09384016125102387,0
23563,0.01829899380132057,0
23564,0.12471805005042778,0
23565,0.18500422083820917,1
23566,0.14968684948643352,0
23567,0.03941189584666476,0
23568,0.03799671206250231,0
23569,0.00922088220273541,0
23570,0.10022816989520607,0
23571,0.003997389666226174,0
23572,0.052353598579703155,0
23573,0.002789443365378045,0
23574,0.040588096112051227,0
23575,0.001331162332965552,0
23576,0.002536186264237498,0
23577,0.09780017413901115,0
23578,0.003721526360885104,0
23579,0.08281727656272671,0
23580,0.029894537302285033,0
23581,0.11908913603759362,0
23582,0.0221352499317624,0
23583,0.0038949292266903393,0
23584,0.06822612761140438,0
23585,0.1958691502481281,1
23586,0.07647592193767948,0
23587,0.002553921544679113,0
23588,0.09099486381824454,0
23589,0.14384005954012052,0
23590,0.008729650867417393,0
23591,0.016935724908488832,0
23592,0.12754881782666896,0
23593,0.05560969293149575,0
23594,0.10092487023663553,0
23595,0.07929744716786867,0
23596,0.04278539505700514,0
23597,0.058497178006562296,0
23598,0.12133463447246619,0
23599,0.12166875394560055,0
23600,0.09044700372555475,0
23601,0.0064864347453247395,0
23602,0.023382600384259513,0
23603,0.07587281799097069,0
23604,0.04769144352237616,0
23605,0.028785361348275616,0
23606,0.14133730320074894,0
23607,0.027100483825911993,0
23608,0.003445644243887247,0
23609,0.1397667762416224,0
23610,0.017171955350123353,0
23611,0.023619917214280996,0
23612,0.09923341704363464,0
23613,0.06618360996995577,0
23614,0.0322506353240254,0
23615,0.10656026476185196,0
23616,0.08953109474741275,0
23617,0.03900801595446971,0
23618,0.04229078592383603,0
23619,0.0025132593479497405,0
23620,0.0699152814198173,0
23621,0.04517270445410451,0
23622,0.007583531010156423,0
23623,0.11859627623156238,0
23624,0.09200238067042352,0
23625,0.1423407962669839,0
23626,0.03736407587185798,0
23627,0.017562668281596642,0
23628,0.06830242458201748,0
23629,0.16263963432915526,0
23630,0.05825864737748562,0
23631,0.019592818649513587,0
23632,0.04776610953892487,0
23633,0.02558026780429313,0
23634,0.06160887711020545,0
23635,0.2766771346708735,1
23636,0.09449867508746718,0
23637,0.026793729082965814,0
23638,0.050057279496897956,0
23639,0.0033724801960373753,0
23640,0.006899014744414137,0
23641,0.004442849466269006,0
23642,0.07817670254650698,0
23643,0.01793510671246914,0
23644,0.044480514880385645,0
23645,0.02860643019552685,0
23646,0.0256730957911902,0
23647,0.1045103502272147,0
23648,0.0036442594272537783,0
23649,0.08765505032326638,0
23650,0.009429561704475413,0
23651,0.12538402498791562,0
23652,0.19279667500902012,1
23653,0.03360297042756787,0
23654,0.019739265408570805,0
23655,0.0027273392238149987,0
23656,0.05390479932297233,0
23657,0.03656814975485782,0
23658,0.1630337769259086,0
23659,0.006800036976321833,0
23660,0.00529039884796462,0
23661,0.011929942292177306,0
23662,0.02058132849843719,0
23663,0.2503325170623517,1
23664,0.08743510161077198,0
23665,0.07273805008612219,0
23666,0.14275417005667543,0
23667,0.005093226051590749,0
23668,0.04521257178634852,0
23669,0.008392026186353322,0
23670,0.09951744604047033,0
23671,0.04809686504188868,0
23672,0.1619197149107761,0
23673,0.11134574633528858,0
23674,0.08536689811015662,0
23675,0.06876591265604697,0
23676,0.10150929120562342,0
23677,0.012453088096246671,0
23678,0.039673094480871286,0
23679,0.0033060243700850107,0
23680,0.02767838025526975,0
23681,0.16755919294703567,0
23682,0.005489391079515501,0
23683,0.005929095756854437,0
23684,0.05377321434114353,0
23685,0.016501406423327085,0
23686,0.19582198000585502,1
23687,0.009821989663796897,0
23688,0.1149467850617954,0
23689,0.0679202747360413,0
23690,0.04824979394192322,0
23691,0.02192832830009567,0
23692,0.038755672003472956,0
23693,0.019747661646975626,0
23694,0.1024595784979432,0
23695,0.1592956439090248,0
23696,0.08711330903553448,0
23697,0.02281535016946042,0
23698,0.02120662598404468,0
23699,0.04668486994178271,0
23700,0.022397285239804353,0
23701,0.07837154966321615,0
23702,0.08157529356948631,0
23703,0.03748335487296727,0
23704,0.014470733905727359,0
23705,0.01817475729206371,0
23706,0.007920492647126139,0
23707,0.1450536685123021,0
23708,0.02790202583253175,0
23709,0.057905638036997734,0
23710,0.016065974993444657,0
23711,0.010412775919506668,0
23712,0.11973327826135562,0
23713,0.05064225226101689,0
23714,0.0394972882067776,0
23715,0.05695483845638519,0
23716,0.06439971641669244,0
23717,0.0225449408599614,0
23718,0.10632509822461728,0
23719,0.013402884450039239,0
23720,0.010711807975986077,0
23721,0.01762133729413814,0
23722,0.0555047616233205,0
23723,0.017440545380765702,0
23724,0.04174992445358742,0
23725,0.10539106788507499,0
23726,0.04435996001398454,0
23727,0.07757364285496368,0
23728,0.006022492690542173,0
23729,0.004290795089460701,0
23730,0.007288470848662731,0
23731,0.11579413495759065,0
23732,0.029110275748102557,0
23733,0.014188214104197357,0
23734,0.08855313342311112,0
23735,0.019944225280160117,0
23736,0.020552270639384786,0
23737,0.014208784500272053,0
23738,0.019378699189884448,0
23739,0.18378566097671512,1
23740,0.011926850136634163,0
23741,0.009064833984687973,0
23742,0.0307083477114965,0
23743,0.11885270442937096,0
23744,0.026307771864125258,0
23745,0.017655510835400963,0
23746,0.1025433566329928,0
23747,0.080042266747578,0
23748,0.13116886381460496,0
23749,0.004492483086697866,0
23750,0.027421776027076895,0
23751,0.03023524931037467,0
23752,0.1620969874389842,0
23753,0.01738117428023286,0
23754,0.04807558721902708,0
23755,0.01477343847612261,0
23756,0.1274500518410263,0
23757,0.04541030774421981,0
23758,0.08413620413085034,0
23759,0.08160754626966765,0
23760,0.13635380869960262,0
23761,0.06187970811139407,0
23762,0.06309695903932815,0
23763,0.24050778251239766,1
23764,0.08269482293096617,0
23765,0.2300806262601777,1
23766,0.03050520572591679,0
23767,0.016019193194462898,0
23768,0.05991773210417288,0
23769,0.047460219029929314,0
23770,0.05106169275668878,0
23771,0.024034389349869952,0
23772,0.015518103216596139,0
23773,0.03744976931170907,0
23774,0.005992602540142851,0
23775,0.03246999444423114,0
23776,0.040948790477834694,0
23777,0.00803322822859145,0
23778,0.06061103247734086,0
23779,0.04725638461238105,0
23780,0.016267475138826138,0
23781,0.022983670730479473,0
23782,0.01337932885977456,0
23783,0.047848853026830146,0
23784,0.05707130458786955,0
23785,0.16619753996489514,0
23786,0.02985866525452973,0
23787,0.15451396413363355,0
23788,0.03228713301094144,0
23789,0.04500716939906447,0
23790,0.010541314774308782,0
23791,0.08490188222393884,0
23792,0.013077910903239088,0
23793,0.014076547989743012,0
23794,0.012671891736808539,0
23795,0.008315770352368983,0
23796,0.0092777834336355,0
23797,0.20355243162131004,1
23798,0.03806264720440089,0
23799,0.06587794084570296,0
23800,0.19382146509558454,1
23801,0.008780466063501802,0
23802,0.04502616379284827,0
23803,0.04075170041266449,0
23804,0.13885867545011513,0
23805,0.035480788512073175,0
23806,0.052123099812981015,0
23807,0.01770790019568557,0
23808,0.15887274895814124,0
23809,0.006170019679172093,0
23810,0.014611238493665458,0
23811,0.20422211404216542,1
23812,0.03450207305740524,0
23813,0.021229617909762234,0
23814,0.0367910513216789,0
23815,0.12788679871354722,0
23816,0.13915357915242466,0
23817,0.13094437925935906,0
23818,0.00526837473777082,0
23819,0.15793471710178322,0
23820,0.06668186421644459,0
23821,0.09643632527044392,0
23822,0.1340306721506928,0
23823,0.05570628577337615,0
23824,0.009995716655440627,0
23825,0.07584859905624386,0
23826,0.030186522972523697,0
23827,0.08099780274193268,0
23828,0.049434712436085354,0
23829,0.013975169749708775,0
23830,0.06947804016197964,0
23831,0.04351952879481269,0
23832,0.04862667820711792,0
23833,0.06512980715034254,0
23834,0.1344471047075159,0
23835,0.05255580759288521,0
23836,0.045199677070854934,0
23837,0.028357259695725764,0
23838,0.040167482529553225,0
23839,0.08086666713014033,0
23840,0.006309579966183406,0
23841,0.024783136206250545,0
23842,0.021104177509818117,0
23843,0.01569062320114537,0
23844,0.016765824347429674,0
23845,0.04861337831198494,0
23846,0.16471231405838485,0
23847,0.017017302199367448,0
23848,0.04740285273504472,0
23849,0.032439278392655216,0
23850,0.19961505541344174,1
23851,0.2607361428942135,1
23852,0.02680520900214151,0
23853,0.0668570866198599,0
23854,0.011708981935828366,0
23855,0.004906709003628654,0
23856,0.09217320736291826,0
23857,0.19368310258981117,1
23858,0.01261302591320237,0
23859,0.06315718244679931,0
23860,0.14778749275255418,0
23861,0.18506545484315046,1
23862,0.12289946021441141,0
23863,0.0072093378847323105,0
23864,0.028182958282382552,0
23865,0.11604775013500829,0
23866,0.06468480018743553,0
23867,0.10896479372434503,0
23868,0.03964663299914221,0
23869,0.17342313856178582,1
23870,0.2057564652525647,1
23871,0.0028733569767183924,0
23872,0.031155184529513078,0
23873,0.09689499135527042,0
23874,0.1155094727726468,0
23875,0.01740680600400808,0
23876,0.028965233604115122,0
23877,0.0010655318996964998,0
23878,0.00577513062073142,0
23879,0.004652427333253957,0
23880,0.03122597437046652,0
23881,0.09192822332923521,0
23882,0.014098721310697226,0
23883,0.11086137426724457,0
23884,0.008744877598763752,0
23885,0.0052159201401956,0
23886,0.1544869394726663,0
23887,0.1793210464800259,1
23888,0.08296828389899492,0
23889,0.025234677357749608,0
23890,0.023954351726169665,0
23891,0.10304606168965297,0
23892,0.0228486730253156,0
23893,0.008328803869139537,0
23894,0.014137768299163852,0
23895,0.024156526543981992,0
23896,0.10750686400425041,0
23897,0.01064554754279973,0
23898,0.033396487115861975,0
23899,0.1577197923721501,0
23900,0.02715335326648455,0
23901,0.02083578747646003,0
23902,0.01911521930266115,0
23903,0.0426753065078886,0
23904,0.010697138839902443,0
23905,0.046714903184205896,0
23906,0.005521560500883157,0
23907,0.003404437396772904,0
23908,0.027860868812604255,0
23909,0.15792279204866366,0
23910,0.010038472160179968,0
23911,0.07500671295840203,0
23912,0.029014777817789984,0
23913,0.031723005860917114,0
23914,0.004466619607322908,0
23915,0.12086499140183801,0
23916,0.16731581908918114,0
23917,0.015277481196455334,0
23918,0.027244158294152682,0
23919,0.02514491076209528,0
23920,0.06392842866950761,0
23921,0.033404865582795734,0
23922,0.03792305845435982,0
23923,0.006658423530827225,0
23924,0.03187754473877491,0
23925,0.007609205123145565,0
23926,0.03578293648263682,0
23927,0.04987133609444561,0
23928,0.00988424029531289,0
23929,0.003891295904015572,0
23930,0.03892830495853381,0
23931,0.0395127220621635,0
23932,0.00587668451273932,0
23933,0.053003330395037684,0
23934,0.016356280619920036,0
23935,0.1637444385804087,0
23936,0.030486626369161957,0
23937,0.14274898553696272,0
23938,0.006642839771654874,0
23939,0.02881253672465375,0
23940,0.08999339159101621,0
23941,0.203387038049986,1
23942,0.015491388099008829,0
23943,0.03930402670667375,0
23944,0.010553387079536628,0
23945,0.06301508676407717,0
23946,0.031149554068891933,0
23947,0.016068151683865186,0
23948,0.09223532435941571,0
23949,0.04837038900442883,0
23950,0.07952533651836818,0
23951,0.10110646190027829,0
23952,0.06921101985769645,0
23953,0.047491353753295835,0
23954,0.0017769457544597022,0
23955,0.08562778804408185,0
23956,0.0164325594724534,0
23957,0.0352295185782177,0
23958,0.061012882426130725,0
23959,0.05089456762438476,0
23960,0.10419426205223639,0
23961,0.008157556184371743,0
23962,0.07307646302181951,0
23963,0.0029175324572630204,0
23964,0.038127592253039286,0
23965,0.0021153279740093365,0
23966,0.0016073601896516483,0
23967,0.09127473009893147,0
23968,0.04911746343668546,0
23969,0.07387785798838277,0
23970,0.09238803886494498,0
23971,0.01085912160717344,0
23972,0.06644323671442891,0
23973,0.003200606268354204,0
23974,0.0046720089103866455,0
23975,0.006035538315608968,0
23976,0.008732422809740122,0
23977,0.015921566624937555,0
23978,0.044637008334028415,0
23979,0.08115005034459817,0
23980,0.18232470052379604,1
23981,0.10084473461150131,0
23982,0.09453432594300383,0
23983,0.02911616438614503,0
23984,0.15961261655238734,0
23985,0.007624795886991379,0
23986,0.07922400121085175,0
23987,0.03007702331418863,0
23988,0.038294074754528194,0
23989,0.14524944220006744,0
23990,0.019052978916133594,0
23991,0.07082195433994466,0
23992,0.007153398498613946,0
23993,0.03071262237964336,0
23994,0.005501351459237647,0
23995,0.11567680113959655,0
23996,0.007183200628838763,0
23997,0.003872452285951263,0
23998,0.058271064676702795,0
23999,0.09397151015072722,0
24000,0.031616116837832706,0
24001,0.0168547024954947,0
24002,0.0589399993329802,0
24003,0.07867908335254976,0
24004,0.06466125563731476,0
24005,0.009511569020035353,0
24006,0.14134904293094958,0
24007,0.045219546396327616,0
24008,0.10934677380168484,0
24009,0.052677509465631975,0
24010,0.03292033932943134,0
24011,0.017697915087370782,0
24012,0.04192120666242957,0
24013,0.03473520952440913,0
24014,0.002994340640843,0
24015,0.007246721578573852,0
24016,0.014011285790124813,0
24017,0.06861749799412536,0
24018,0.06650844079726294,0
24019,0.02140012361819564,0
24020,0.11710663535676617,0
24021,0.059800138686704765,0
24022,0.1190467425539902,0
24023,0.028500513993477437,0
24024,0.08010535961948705,0
24025,0.022651876070988026,0
24026,0.10460772558427696,0
24027,0.07997373371932023,0
24028,0.11757166880890993,0
24029,0.15538488071145196,0
24030,0.007837317781026639,0
24031,0.010390999439537045,0
24032,0.05628011898263977,0
24033,0.013490968554190304,0
24034,0.04411688708550619,0
24035,0.14522148957059017,0
24036,0.14328378428994537,0
24037,0.008562906628460739,0
24038,0.03316200901976234,0
24039,0.05305804361764985,0
24040,0.09196276631484371,0
24041,0.0258285930955343,0
24042,0.07556282488431855,0
24043,0.04254389200425203,0
24044,0.002236106892319937,0
24045,0.00660720689006058,0
24046,0.04007950332820442,0
24047,0.013439358469133392,0
24048,0.018539528012826937,0
24049,0.004112952213594808,0
24050,0.20748887829018095,1
24051,0.11408103470626546,0
24052,0.02172592695348292,0
24053,0.2157351369664686,1
24054,0.008660704672159935,0
24055,0.002721852167181112,0
24056,0.048609171932215006,0
24057,0.07692300639485934,0
24058,0.0631472434615468,0
24059,0.029361238695453915,0
24060,0.03019582441092532,0
24061,0.023678746092256796,0
24062,0.1560680740947582,0
24063,0.13541571511960432,0
24064,0.07235378872485683,0
24065,0.05950732001174665,0
24066,0.14779664093036438,0
24067,0.08807069757128154,0
24068,0.011139227978164912,0
24069,0.0469483591311848,0
24070,0.08027520659970065,0
24071,0.06075145476677881,0
24072,0.0994218989051837,0
24073,0.03926914189424256,0
24074,0.14510810356032658,0
24075,0.09627383407696001,0
24076,0.04824700586747123,0
24077,0.06655530805414195,0
24078,0.07754702736707345,0
24079,0.03412952671326054,0
24080,0.03289004082090017,0
24081,0.10329506005337528,0
24082,0.022259126338606716,0
24083,0.025081607208030935,0
24084,0.15654698578549553,0
24085,0.0936496582973727,0
24086,0.009790921479935195,0
24087,0.107053841509795,0
24088,0.018590680802318345,0
24089,0.07983860051907876,0
24090,0.06869740797676004,0
24091,0.13234644230997958,0
24092,0.11326886391068784,0
24093,0.040951189165946436,0
24094,0.1802988773657855,1
24095,0.004569850571241108,0
24096,0.04857585159363965,0
24097,0.05784626403559633,0
24098,0.2115077235636561,1
24099,0.08481892160529607,0
24100,0.0063509803032766095,0
24101,0.051783978357883294,0
24102,0.08801212346555078,0
24103,0.01811212144522112,0
24104,0.18213011312317237,1
24105,0.0012172852380710013,0
24106,0.03991967260814229,0
24107,0.025629341132537297,0
24108,0.02439063136660374,0
24109,0.11068702623594028,0
24110,0.006503385368934378,0
24111,0.17236623049124278,1
24112,0.0030993961106201267,0
24113,0.1717015596726328,1
24114,0.21463454905563972,1
24115,0.0485712650854566,0
24116,0.25470855553279287,1
24117,0.10579510964815846,0
24118,0.12756101898295125,0
24119,0.0991427292541607,0
24120,0.041096806802010555,0
24121,0.15876774993094128,0
24122,0.002171823560373398,0
24123,0.00803404749858454,0
24124,0.005323318605988736,0
24125,0.09894336957925767,0
24126,0.07100483511780249,0
24127,0.032710658037041256,0
24128,0.030630867276721863,0
24129,0.02693604545542115,0
24130,0.10791686024718199,0
24131,0.050129719483801086,0
24132,0.011915890432500542,0
24133,0.01441314993525667,0
24134,0.06531977406073874,0
24135,0.02253086977431699,0
24136,0.03016296876776817,0
24137,0.15911045093357884,0
24138,0.002680201849760396,0
24139,0.06874622767496086,0
24140,0.014193872944423565,0
24141,0.09330003347923643,0
24142,0.017025968289065663,0
24143,0.0015376173285407413,0
24144,0.007213483299597375,0
24145,0.009204721473736306,0
24146,0.023520352937682933,0
24147,0.017319628034754043,0
24148,0.01253029867764998,0
24149,0.09916588234164016,0
24150,0.08259905664522567,0
24151,0.023670544059928012,0
24152,0.05983192093496072,0
24153,0.12539380865070437,0
24154,0.04042509183167215,0
24155,0.029384873185104455,0
24156,0.01019498311163453,0
24157,0.04572631636431584,0
24158,0.06958921063691098,0
24159,0.0675742859212184,0
24160,0.011245357688020026,0
24161,0.021126213883659612,0
24162,0.007139211998880605,0
24163,0.053525273813377655,0
24164,0.04951181302827104,0
24165,0.03363408889078632,0
24166,0.006593751580323344,0
24167,0.013716626459443921,0
24168,0.03105885622806787,0
24169,0.03328090377181358,0
24170,0.2712683525310017,1
24171,0.08221010380345829,0
24172,0.03764082314142906,0
24173,0.024884207987178327,0
24174,0.02152004918394908,0
24175,0.009438607372544946,0
24176,0.20519334880934417,1
24177,0.00940616555738869,0
24178,0.16606371164672973,0
24179,0.072171367407161,0
24180,0.025588164834011353,0
24181,0.07629486367002153,0
24182,0.09895654956265773,0
24183,0.058398327416574566,0
24184,0.07542537379967866,0
24185,0.02667818606836879,0
24186,0.04552672435043547,0
24187,0.022079057369095805,0
24188,0.02536660609026798,0
24189,0.1522039189398214,0
24190,0.0882481008269587,0
24191,0.07892058472624693,0
24192,0.01501700154491159,0
24193,0.25729405012075807,1
24194,0.00785429510606975,0
24195,0.08946850034852864,0
24196,0.14407488815009248,0
24197,0.011513101332508631,0
24198,0.1391009963965725,0
24199,0.11028499046978561,0
24200,0.0446570729136789,0
24201,0.010035633721644977,0
24202,0.10966053440705896,0
24203,0.020226894688215126,0
24204,0.003797825181328007,0
24205,0.13946052626753722,0
24206,0.026965236578232615,0
24207,0.10937718002921999,0
24208,0.011408267752118059,0
24209,0.08604888411297197,0
24210,0.1467580552966536,0
24211,0.0231420110656594,0
24212,0.039710688777727765,0
24213,0.14114154932163067,0
24214,0.03546514729339889,0
24215,0.019979916622776487,0
24216,0.07839530369685134,0
24217,0.0749048614636694,0
24218,0.08334856362179682,0
24219,0.24727293822707613,1
24220,0.17528521059579952,1
24221,0.01670905240213331,0
24222,0.08117949674230397,0
24223,0.05228189944783678,0
24224,0.06501135756591273,0
24225,0.12497569823564855,0
24226,0.0880177231667533,0
24227,0.014891028248806193,0
24228,0.10318897726450907,0
24229,0.02329874370484284,0
24230,0.02385465870765756,0
24231,0.061009020746236035,0
24232,0.11107643981739536,0
24233,0.07416585156684635,0
24234,0.09178949784436502,0
24235,0.1153204714287619,0
24236,0.1009025136324928,0
24237,0.011545428178698799,0
24238,0.012936202542444467,0
24239,0.22221349009271654,1
24240,0.05302345469457393,0
24241,0.018111332378803215,0
24242,0.02762653051991629,0
24243,0.03915345705145844,0
24244,0.20692883912078777,1
24245,0.08530039421020644,0
24246,0.03845941849509477,0
24247,0.06733858530362152,0
24248,0.04188989016357082,0
24249,0.032559303834369245,0
24250,0.17038009674023263,1
24251,0.06156420970058133,0
24252,0.039963309805898364,0
24253,0.032441812801272764,0
24254,0.054986288203857515,0
24255,0.030081596014558717,0
24256,0.03272663031521812,0
24257,0.03885015771775982,0
24258,0.10010627230682928,0
24259,0.045042849227962284,0
24260,0.007533457334647897,0
24261,0.053640381733447394,0
24262,0.05244948743037716,0
24263,0.00896202607796881,0
24264,0.009832915187956348,0
24265,0.06881047735437909,0
24266,0.02880783284484482,0
24267,0.04786934389082887,0
24268,0.02155098971639101,0
24269,0.0023645054433537667,0
24270,0.010053572378252476,0
24271,0.03500954102159779,0
24272,0.03181269831552875,0
24273,0.09144874295552131,0
24274,0.06649126024421967,0
24275,0.07144577955767378,0
24276,0.004995216949152489,0
24277,0.0696343744198363,0
24278,0.07987691347266018,0
24279,0.02168552091407475,0
24280,0.0815919422693991,0
24281,0.027055476720541347,0
24282,0.0030527153941668863,0
24283,0.0314737492037974,0
24284,0.09182358189255976,0
24285,0.14968429786529552,0
24286,0.026881597759829314,0
24287,0.06658300683552978,0
24288,0.297021898640697,1
24289,0.05586786814183943,0
24290,0.16383011101361405,0
24291,0.04928982480974105,0
24292,0.010090376923535612,0
24293,0.014620144512551454,0
24294,0.012297295224847326,0
24295,0.11477957936774018,0
24296,0.10487893945301673,0
24297,0.03074269804402859,0
24298,0.044284030454915246,0
24299,0.06364238814374078,0
24300,0.11444867064578981,0
24301,0.07996968595008086,0
24302,0.01748664742652425,0
24303,0.12997365508155928,0
24304,0.030297315764309347,0
24305,0.052864875444399655,0
24306,0.02807283428012938,0
24307,0.2126483277019532,1
24308,0.009929775880751435,0
24309,0.08966611091407109,0
24310,0.041768477650697695,0
24311,0.08041383444726831,0
24312,0.10658926936382704,0
24313,0.021160605560472872,0
24314,0.139544537917676,0
24315,0.05271624727234176,0
24316,0.049184514596520006,0
24317,0.05352519884950921,0
24318,0.024227620276938654,0
24319,0.08438563396927888,0
24320,0.04546616749181247,0
24321,0.026361145170729922,0
24322,0.04446975407759251,0
24323,0.250212771312711,1
24324,0.023064483090205857,0
24325,0.01598295332284884,0
24326,0.014657638464997961,0
24327,0.03296483782975669,0
24328,0.01332075783592314,0
24329,0.10102105560384181,0
24330,0.13402532419441218,0
24331,0.03269553711043816,0
24332,0.04890229733101168,0
24333,0.08809687653465906,0
24334,0.07865775672014713,0
24335,0.11112694551799575,0
24336,0.050529629262113546,0
24337,0.13930668123287016,0
24338,0.14654353700221984,0
24339,0.05929701312044643,0
24340,0.11154648722859177,0
24341,0.06172330726224165,0
24342,0.07267225770631,0
24343,0.12390328916229239,0
24344,0.03285045732626997,0
24345,0.0352288502915877,0
24346,0.1856534446838061,1
24347,0.019215284245214334,0
24348,0.08324190392748529,0
24349,0.006248126151380306,0
24350,0.05393926364298094,0
24351,0.20055627975660373,1
24352,0.011692545846786317,0
24353,0.14979408388632004,0
24354,0.09703186557583568,0
24355,0.004792725389607052,0
24356,0.06956874510633447,0
24357,0.06739276527846716,0
24358,0.12981612916564284,0
24359,0.0994020751766607,0
24360,0.03823433470007156,0
24361,0.004558725133582064,0
24362,0.11502490248896106,0
24363,0.015454544448177687,0
24364,0.07137288246904408,0
24365,0.041701162840322,0
24366,0.008822589956517775,0
24367,0.14963201036944665,0
24368,0.0115602379900618,0
24369,0.08420658188576073,0
24370,0.05386373847575549,0
24371,0.053558694270738255,0
24372,0.11082840652378577,0
24373,0.10709838135155844,0
24374,0.023847934406234325,0
24375,0.04337653048963633,0
24376,0.1529334588022209,0
24377,0.04960674872244218,0
24378,0.01511394978854003,0
24379,0.00846809045512326,0
24380,0.06223010582542479,0
24381,0.015933119852660313,0
24382,0.04088623218846423,0
24383,0.12951013672244507,0
24384,0.06891665847139984,0
24385,0.11867484359444316,0
24386,0.04961154645482361,0
24387,0.04749521857614634,0
24388,0.08398669940788546,0
24389,0.09475551000251811,0
24390,0.009717183090699659,0
24391,0.1053640663876272,0
24392,0.11692596404127036,0
24393,0.011381859785210653,0
24394,0.10498600518773221,0
24395,0.07393722665652692,0
24396,0.04606803883806111,0
24397,0.02648636667958253,0
24398,0.02877137690205378,0
24399,0.05259765239545832,0
24400,0.013376002228061108,0
24401,0.04852020635170115,0
24402,0.10299254074170353,0
24403,0.02423276153532036,0
24404,0.004528267141626027,0
24405,0.11326992470127072,0
24406,0.04393179660778061,0
24407,0.01715204759284598,0
24408,0.08904057593765552,0
24409,0.024912104707372307,0
24410,0.022646641341781435,0
24411,0.08509247246798972,0
24412,0.06143136585350116,0
24413,0.04955679972272413,0
24414,0.04749127050241105,0
24415,0.0875026863011059,0
24416,0.04480526286083289,0
24417,0.02848852267125716,0
24418,0.032370671915754566,0
24419,0.008814436312166421,0
24420,0.14530121507681037,0
24421,0.010806763950667538,0
24422,0.12359771316617985,0
24423,0.05359648136634196,0
24424,0.05369885946749349,0
24425,0.009986397369001584,0
24426,0.05654247976807764,0
24427,0.07522755468342843,0
24428,0.047564590085955226,0
24429,0.028734528596549538,0
24430,0.09543535453351991,0
24431,0.09556594825905342,0
24432,0.009407802491595918,0
24433,0.018990427281787924,0
24434,0.05385316371340887,0
24435,0.061528143708602046,0
24436,0.004523274666809455,0
24437,0.009187950643498326,0
24438,0.09784820266771924,0
24439,0.20938430611493075,1
24440,0.031273782432896774,0
24441,0.09334579688661175,0
24442,0.04641854066896513,0
24443,0.14446670850204332,0
24444,0.22615258402859825,1
24445,0.10847979474813817,0
24446,0.14744126916358652,0
24447,0.09458593842002957,0
24448,0.03296350976521147,0
24449,0.12934199641463107,0
24450,0.07124784370338852,0
24451,0.019118215923485296,0
24452,0.03732486822681867,0
24453,0.06212033652845986,0
24454,0.04477589266396773,0
24455,0.03241884632985142,0
24456,0.060197709487105434,0
24457,0.09531357487067729,0
24458,0.04211727460925447,0
24459,0.08065057065985375,0
24460,0.09335785899920249,0
24461,0.023770381614642986,0
24462,0.061309917305537656,0
24463,0.04843978132397968,0
24464,0.1267205330371786,0
24465,0.04666845140953713,0
24466,0.1604878092977683,0
24467,0.03711345944702578,0
24468,0.12313195377798408,0
24469,0.09633087611757096,0
24470,0.19435634403783555,1
24471,0.12540205735755144,0
24472,0.09321238806196665,0
24473,0.03878653453553841,0
24474,0.015247619390639122,0
24475,0.2733825368033868,1
24476,0.26351342249074716,1
24477,0.010279371041744693,0
24478,0.04157058767107007,0
24479,0.018953318471187277,0
24480,0.015257976943754895,0
24481,0.09447218922308265,0
24482,0.01070438018576157,0
24483,0.004623392631179287,0
24484,0.11090336528555306,0
24485,0.01787907777880194,0
24486,0.04289964609858273,0
24487,0.06826302497995555,0
24488,0.016527546661268974,0
24489,0.1899707346428228,1
24490,0.23098173861809937,1
24491,0.16936659710405563,0
24492,0.05577672584505712,0
24493,0.16165109045205533,0
24494,0.1011448854154999,0
24495,0.023346313985815468,0
24496,0.046891172924046855,0
24497,0.06394016901299422,0
24498,0.0730627792644831,0
24499,0.027780514741947166,0
24500,0.14534198794362183,0
24501,0.11064442700888379,0
24502,0.01610093339489873,0
24503,0.018264845846805232,0
24504,0.037357257767832344,0
24505,0.023940796623584313,0
24506,0.058728716111626514,0
24507,0.1332740509575553,0
24508,0.08514717343203593,0
24509,0.04168828671073807,0
24510,0.020109440350052205,0
24511,0.09587915181614334,0
24512,0.08083673375287231,0
24513,0.040452302980573306,0
24514,0.017726595806671182,0
24515,0.04992206957860932,0
24516,0.08292654686110686,0
24517,0.03976767077406825,0
24518,0.09421240934418165,0
24519,0.14856430683253505,0
24520,0.1340425821961509,0
24521,0.06332134764510064,0
24522,0.03526701505553231,0
24523,0.08352061809730887,0
24524,0.08167136649755345,0
24525,0.007665793704492393,0
24526,0.027355606418178847,0
24527,0.06097839348759114,0
24528,0.07928962792307234,0
24529,0.01475405837791218,0
24530,0.047269349031701435,0
24531,0.025825997775261223,0
24532,0.03290474030665332,0
24533,0.01549993646237311,0
24534,0.0041250652349040205,0
24535,0.09530893516454003,0
24536,0.01296112538482322,0
24537,0.04697784548321833,0
24538,0.038702453171068726,0
24539,0.034725452597531715,0
24540,0.037721807776529045,0
24541,0.08313085431712015,0
24542,0.004424864340302159,0
24543,0.013975275728814037,0
24544,0.10565516234353899,0
24545,0.12272048975073968,0
24546,0.05471102248461945,0
24547,0.035614906840599,0
24548,0.10452984556581037,0
24549,0.08112379869964252,0
24550,0.08357627451087482,0
24551,0.10719074251675839,0
24552,0.07588707435084757,0
24553,0.017958950579426942,0
24554,0.07275291716198579,0
24555,0.15813192542648444,0
24556,0.006627730453366857,0
24557,0.12334260250046028,0
24558,0.04135044882427997,0
24559,0.06952751004882088,0
24560,0.0046949491508750715,0
24561,0.05207957089164737,0
24562,0.021233498943213306,0
24563,0.032162262024501495,0
24564,0.014131668803241704,0
24565,0.019785645664368565,0
24566,0.03921232504584238,0
24567,0.17056582510646406,1
24568,0.1423518942994951,0
24569,0.23388732522132663,1
24570,0.020981798165237774,0
24571,0.008643922714340129,0
24572,0.0190937128176381,0
24573,0.20556782670685944,1
24574,0.020572815807415885,0
24575,0.10757568593280803,0
24576,0.033704212817255635,0
24577,0.0045196139423318606,0
24578,0.061351327854971306,0
24579,0.031081356540945126,0
24580,0.03264607795663295,0
24581,0.009966194479140015,0
24582,0.12406966660709197,0
24583,0.012383160990630526,0
24584,0.006647991206306895,0
24585,0.008186739827721556,0
24586,0.004217255407136104,0
24587,0.1019343395329765,0
24588,0.10485535010526076,0
24589,0.037136437426330396,0
24590,0.021445573194918258,0
24591,0.09740907713571463,0
24592,0.052320491110729256,0
24593,0.016613129785395662,0
24594,0.011731553107044412,0
24595,0.04935962064040056,0
24596,0.01850100655198241,0
24597,0.024703078888961127,0
24598,0.041879368151876525,0
24599,0.1667089884629696,0
24600,0.0818759459564543,0
24601,0.1413253897091121,0
24602,0.09355899511758409,0
24603,0.07467521308362374,0
24604,0.15104139126616153,0
24605,0.06409949529404532,0
24606,0.14433026793172915,0
24607,0.15085727930341086,0
24608,0.1259933090024285,0
24609,0.003728835297197993,0
24610,0.05739270129838055,0
24611,0.059286253216869304,0
24612,0.03313526548397654,0
24613,0.06020577967129493,0
24614,0.05659748784109385,0
24615,0.03875934651783297,0
24616,0.05585776740299844,0
24617,0.024640458002934188,0
24618,0.010826072795069596,0
24619,0.17502421650433356,1
24620,0.007071936527139666,0
24621,0.004758772663350934,0
24622,0.045584473810713635,0
24623,0.03803004522219373,0
24624,0.14374739999360298,0
24625,0.07315493712345497,0
24626,0.02717053021879024,0
24627,0.03387169921213418,0
24628,0.10112051425691938,0
24629,0.023405959757271392,0
24630,0.08959963676357177,0
24631,0.006560155808931789,0
24632,0.08156135801452202,0
24633,0.18259558772320392,1
24634,0.273847645607955,1
24635,0.23363274865563105,1
24636,0.02453096890940243,0
24637,0.07729044697436445,0
24638,0.08252703030787223,0
24639,0.013224702758051122,0
24640,0.011459153776429188,0
24641,0.02302262605689615,0
24642,0.15845205411009236,0
24643,0.08999418169636889,0
24644,0.012955504042071879,0
24645,0.03825450917144815,0
24646,0.1398839218885884,0
24647,0.04620921519676104,0
24648,0.14313981204371698,0
24649,0.007253534726165182,0
24650,0.018050526052099884,0
24651,0.07962204428565196,0
24652,0.00812372165508429,0
24653,0.11998368155706071,0
24654,0.01240557660439811,0
24655,0.06498210344219574,0
24656,0.07632503977264013,0
24657,0.03010381714608427,0
24658,0.17386178952892611,1
24659,0.011585682327102139,0
24660,0.005628194670340007,0
24661,0.043087920854626545,0
24662,0.10107464655240861,0
24663,0.13234940492832828,0
24664,0.16396518908990274,0
24665,0.038598452029160346,0
24666,0.09251716213745684,0
24667,0.002450504977171993,0
24668,0.00234691045160218,0
24669,0.15649131090211743,0
24670,0.026234018594594,0
24671,0.012108324562799748,0
24672,0.04303100823621575,0
24673,0.061510513753142065,0
24674,0.10438834735641518,0
24675,0.1844799655531347,1
24676,0.12914817622324112,0
24677,0.16595613663921666,0
24678,0.1339420373274742,0
24679,0.0741275481425597,0
24680,0.09661936791032806,0
24681,0.05302563198381443,0
24682,0.12619406458355284,0
24683,0.04697924802019063,0
24684,0.06975566152759828,0
24685,0.05652904074598896,0
24686,0.018807725896786195,0
24687,0.0789708631530607,0
24688,0.07165848575929298,0
24689,0.07104934088628317,0
24690,0.02717967067890974,0
24691,0.039007857284825156,0
24692,0.18886820386910588,1
24693,0.11999755330471183,0
24694,0.15855422773887434,0
24695,0.016582590922437433,0
24696,0.009945861912338238,0
24697,0.09466499964310285,0
24698,0.07830922025692155,0
24699,0.21934069586937663,1
24700,0.09131939515125435,0
24701,0.02766001621722829,0
24702,0.018307727825349077,0
24703,0.062106639464979206,0
24704,0.06379868551219685,0
24705,0.1390688963045076,0
24706,0.0275513608846696,0
24707,0.09637882250308781,0
24708,0.09787418377803767,0
24709,0.0944393910718631,0
24710,0.01682507273273774,0
24711,0.14238745398064298,0
24712,0.06571645796261213,0
24713,0.007846485807131202,0
24714,0.054412102747847836,0
24715,0.050660020893904756,0
24716,0.10246989255358749,0
24717,0.038866100734600166,0
24718,0.06673051608390193,0
24719,0.061208914679690654,0
24720,0.05291001329437423,0
24721,0.09637366846483178,0
24722,0.08334281085749581,0
24723,0.13664515675418096,0
24724,0.021210863902242947,0
24725,0.05260661704110716,0
24726,0.027992849385287143,0
24727,0.06414830156277204,0
24728,0.05272495917986837,0
24729,0.1295015536696224,0
24730,0.040110878488791246,0
24731,0.09308221466921211,0
24732,0.10702603044060309,0
24733,0.12208837411153045,0
24734,0.039686165627862494,0
24735,0.046715610527806775,0
24736,0.10512860680997269,0
24737,0.021407273998952467,0
24738,0.04198387348766357,0
24739,0.0049389295586875475,0
24740,0.12308225745407148,0
24741,0.1728094081601651,1
24742,0.04030365221898389,0
24743,0.010544898143847063,0
24744,0.027144454296452254,0
24745,0.10062700935739066,0
24746,0.17259370741708768,1
24747,0.05042933059230049,0
24748,0.08759291013080658,0
24749,0.07934016998398663,0
24750,0.1299502685104575,0
24751,0.0106562430313155,0
24752,0.06289573793881713,0
24753,0.010388280136073905,0
24754,0.05928844887981504,0
24755,0.07329859311000435,0
24756,0.05890050625444578,0
24757,0.15541538353161455,0
24758,0.14642710022588307,0
24759,0.0674399813657547,0
24760,0.0768422552983977,0
24761,0.049423642641340935,0
24762,0.11199201558700207,0
24763,0.13614155417715207,0
24764,0.1648903934990237,0
24765,0.09906877350284901,0
24766,0.1051993891625126,0
24767,0.08765866312061779,0
24768,0.022134202594336183,0
24769,0.05459231378307543,0
24770,0.09989879801667496,0
24771,0.04940025465764567,0
24772,0.08303981453104804,0
24773,0.05827792510397896,0
24774,0.02122342570632154,0
24775,0.08952953604995624,0
24776,0.07123514743368764,0
24777,0.06549723665912806,0
24778,0.13279472252612004,0
24779,0.02705601644955399,0
24780,0.048897622087053644,0
24781,0.03418298951522974,0
24782,0.007411692020084226,0
24783,0.18243519843569486,1
24784,0.13514496003145285,0
24785,0.01967364480169185,0
24786,0.008306890233903918,0
24787,0.05088479700545886,0
24788,0.009394783542604495,0
24789,0.015317498068144478,0
24790,0.041545494924398504,0
24791,0.1456774973838697,0
24792,0.00707631670102881,0
24793,0.2618492510031129,1
24794,0.012456127439803325,0
24795,0.20386246654025525,1
24796,0.08475414533484174,0
24797,0.08753185453211314,0
24798,0.06144503933089393,0
24799,0.20672742402991512,1
24800,0.029653378841677826,0
24801,0.05361330761374824,0
24802,0.028277977897771565,0
24803,0.14233162322254694,0
24804,0.02709174914042113,0
24805,0.05393875948851304,0
24806,0.09718429340431427,0
24807,0.013909902844230711,0
24808,0.12663026577936845,0
24809,0.053854019223142126,0
24810,0.06358058548582947,0
24811,0.035411685388983434,0
24812,0.0650787101540393,0
24813,0.008179795541508716,0
24814,0.01302852481244367,0
24815,0.011774582703083033,0
24816,0.020559956440107188,0
24817,0.07088518558837861,0
24818,0.04643172688807104,0
24819,0.027102974598303835,0
24820,0.008810846215607475,0
24821,0.027308180428318476,0
24822,0.00549151217044271,0
24823,0.10584555619028914,0
24824,0.1203194783473763,0
24825,0.07704864582499837,0
24826,0.06383183070647273,0
24827,0.03174010074365969,0
24828,0.04089242544657577,0
24829,0.05873552840523256,0
24830,0.0072959494515929015,0
24831,0.02549775151249307,0
24832,0.025738524364316652,0
24833,0.05323299549746466,0
24834,0.20332128378165504,1
24835,0.01068934803956753,0
24836,0.011752214825695632,0
24837,0.012907916893670249,0
24838,0.09715252770857107,0
24839,0.007174149876087058,0
24840,0.025584812662848865,0
24841,0.24982905817377493,1
24842,0.14795575405273745,0
24843,0.10199429520236208,0
24844,0.06348294300881054,0
24845,0.013131291410516515,0
24846,0.0027764347707047053,0
24847,0.12998492849982327,0
24848,0.08199264209698749,0
24849,0.06745369832291945,0
24850,0.010482402424940689,0
24851,0.1411594898517544,0
24852,0.09932927210939345,0
24853,0.12890693082862595,0
24854,0.008039513360420776,0
24855,0.11720612490731948,0
24856,0.1478055861381339,0
24857,0.1551510220744672,0
24858,0.019551098802108466,0
24859,0.04810884419616719,0
24860,0.08003078816705252,0
24861,0.008639531681253176,0
24862,0.03534308908573513,0
24863,0.06758425337626835,0
24864,0.024031217701713334,0
24865,0.10655692023758272,0
24866,0.035284787665990865,0
24867,0.10904482702353045,0
24868,0.1261071297559259,0
24869,0.1761729045005057,1
24870,0.011922262876726116,0
24871,0.08688272836918265,0
24872,0.01712486550780407,0
24873,0.008611397080235972,0
24874,0.10577788779066803,0
24875,0.16327887013603898,0
24876,0.10760578121897733,0
24877,0.2672219774022235,1
24878,0.13665532000212866,0
24879,0.03239857837403319,0
24880,0.05800241643511418,0
24881,0.01289443837567495,0
24882,0.12012614299778525,0
24883,0.11752013396544125,0
24884,0.10456395638778176,0
24885,0.03469948731822497,0
24886,0.0813681681244557,0
24887,0.1125565422324096,0
24888,0.028197723800514173,0
24889,0.08477609266254185,0
24890,0.23577904821173518,1
24891,0.03975831608663983,0
24892,0.0859713579460451,0
24893,0.049127491666360344,0
24894,0.153653763431214,0
24895,0.006743369210242537,0
24896,0.0624550368925153,0
24897,0.024781771929567854,0
24898,0.09936649176695633,0
24899,0.10893879874071354,0
24900,0.06736130919384935,0
24901,0.09845342584602565,0
24902,0.14729900200227225,0
24903,0.04529927727061926,0
24904,0.014966773589953944,0
24905,0.10833027046957436,0
24906,0.037954808126233024,0
24907,0.18291717333982724,1
24908,0.018651822439123,0
24909,0.0642021782572217,0
24910,0.050225221752009934,0
24911,0.06896683595923232,0
24912,0.07276738814256026,0
24913,0.08159171634307544,0
24914,0.10155299245587163,0
24915,0.059311113049596256,0
24916,0.031148300714899504,0
24917,0.01486970840833733,0
24918,0.03396734630129177,0
24919,0.10676288946159461,0
24920,0.09169350977044637,0
24921,0.0043876806719948275,0
24922,0.08958826011065174,0
24923,0.06342588161783799,0
24924,0.04206269382090196,0
24925,0.013189241684530624,0
24926,0.03866406739174922,0
24927,0.005504529801807194,0
24928,0.019844377018011592,0
24929,0.17151369303959582,1
24930,0.02984118795633626,0
24931,0.017800608911549286,0
24932,0.04050829388008792,0
24933,0.02819944444127381,0
24934,0.052539158324701664,0
24935,0.13531546950122603,0
24936,0.026537567535314985,0
24937,0.016198597188982443,0
24938,0.0582593228087327,0
24939,0.022016274550926355,0
24940,0.12281098800216175,0
24941,0.1141678836813998,0
24942,0.12515567254216897,0
24943,0.07006143557305577,0
24944,0.006979240389108813,0
24945,0.04876020305262208,0
24946,0.058636380730650056,0
24947,0.0357751640754858,0
24948,0.10906488613347773,0
24949,0.09389626916484657,0
24950,0.12653061984353542,0
24951,0.007287297465081174,0
24952,0.09862177877421602,0
24953,0.010913350432912299,0
24954,0.03687917211523535,0
24955,0.21388182667902075,1
24956,0.2250856945392418,1
24957,0.040850736635026454,0
24958,0.043764289791313145,0
24959,0.16664586162335507,0
24960,0.0181252695646951,0
24961,0.04752293490673527,0
24962,0.05707525662786516,0
24963,0.1357699118685761,0
24964,0.002134911415824344,0
24965,0.02041417855772122,0
24966,0.09963927009628515,0
24967,0.0668120873858438,0
24968,0.09934388575217167,0
24969,0.043439365467107346,0
24970,0.08144691805944752,0
24971,0.028165224123196893,0
24972,0.06407579954182556,0
24973,0.03128175522183829,0
24974,0.010332635717721776,0
24975,0.01271680697379601,0
24976,0.01877276405847658,0
24977,0.08802324251685047,0
24978,0.05597123635531858,0
24979,0.028425714695913804,0
24980,0.12751781800202786,0
24981,0.0037305107543945375,0
24982,0.15448524221690244,0
24983,0.03944132623413765,0
24984,0.10563969678606719,0
24985,0.14158283888889306,0
24986,0.07436994489252138,0
24987,0.03297445292103494,0
24988,0.04025838429232669,0
24989,0.03476904685908841,0
24990,0.07625949733560265,0
24991,0.013261132510751538,0
24992,0.08552156902715438,0
24993,0.007632875630580986,0
24994,0.022759088999227326,0
24995,0.05678274945617761,0
24996,0.09418032411309746,0
24997,0.18914107967308225,1
24998,0.03241324492212493,0
24999,0.1449373054508201,0
25000,0.07431772279908418,0
25001,0.06761939125267485,0
25002,0.023271753260502275,0
25003,0.0451486824888406,0
25004,0.016546738264444003,0
25005,0.17595692650252465,1
25006,0.13173725933123795,0
25007,0.13853564991656273,0
25008,0.038412765229825216,0
25009,0.12860896508569672,0
25010,0.09169251464980184,0
25011,0.015101305513402666,0
25012,0.03635641970112384,0
25013,0.06418443092711097,0
25014,0.009718966226804349,0
25015,0.12249216405563826,0
25016,0.009765492454916203,0
25017,0.14225471279183619,0
25018,0.036264950185503374,0
25019,0.03798521366646275,0
25020,0.04175413788278904,0
25021,0.06427155109429625,0
25022,0.031049314940222516,0
25023,0.04695294257091954,0
25024,0.032408160433432434,0
25025,0.10997039580996054,0
25026,0.0732705674387599,0
25027,0.14241831528918125,0
25028,0.06325547540226653,0
25029,0.056752785229780556,0
25030,0.08055389312863347,0
25031,0.02988434877723026,0
25032,0.016632483378252145,0
25033,0.005821829907601391,0
25034,0.11350045853979693,0
25035,0.015850004089058477,0
25036,0.03701158166584339,0
25037,0.04224986212500759,0
25038,0.08693941594291762,0
25039,0.045565094911144764,0
25040,0.04026273011425019,0
25041,0.055875904723160334,0
25042,0.14041840134787872,0
25043,0.06242162571746611,0
25044,0.04601214279632417,0
25045,0.05314317560933623,0
25046,0.17346647681518898,1
25047,0.09821717536498129,0
25048,0.12281231997164929,0
25049,0.061639933170326185,0
25050,0.11825655491866077,0
25051,0.14793355917352752,0
25052,0.005882805833603566,0
25053,0.07384238045021965,0
25054,0.07889200893250332,0
25055,0.03783852743459855,0
25056,0.13396827535989123,0
25057,0.03724755561536626,0
25058,0.08326115454704995,0
25059,0.11049247171424721,0
25060,0.20141606427071804,1
25061,0.13269496559405997,0
25062,0.12656344691791804,0
25063,0.009547192179292837,0
25064,0.017232625301463654,0
25065,0.02457512174029563,0
25066,0.012638571148004612,0
25067,0.05817161986659854,0
25068,0.045439202294976916,0
25069,0.08954834613665273,0
25070,0.025613679243425502,0
25071,0.08431554997028838,0
25072,0.017940457748046083,0
25073,0.04484634616195141,0
25074,0.009012201981810393,0
25075,0.08882490394162658,0
25076,0.060876107446981124,0
25077,0.030508995716154397,0
25078,0.045784733764763996,0
25079,0.06380130937629061,0
25080,0.08364326633946353,0
25081,0.08921159864682071,0
25082,0.016380375404706115,0
25083,0.046250473467460355,0
25084,0.04748422446166258,0
25085,0.01115936740124966,0
25086,0.15457771824583758,0
25087,0.02033960313129078,0
25088,0.10177833794297868,0
25089,0.13339797488863478,0
25090,0.16546489020081598,0
25091,0.04071324413008121,0
25092,0.015411114550842557,0
25093,0.031004318352188715,0
25094,0.03922564880318613,0
25095,0.021415939578771383,0
25096,0.10369651150699782,0
25097,0.046470357720155446,0
25098,0.12806043776254925,0
25099,0.0959019240919103,0
25100,0.11305016732873638,0
25101,0.13329232462001392,0
25102,0.04969109333239244,0
25103,0.11832296118295406,0
25104,0.06255441651114209,0
25105,0.03846881263574804,0
25106,0.11905839928512467,0
25107,0.010440553414784396,0
25108,0.03040925207050278,0
25109,0.04630455379489403,0
25110,0.0776650235350454,0
25111,0.07207741753305315,0
25112,0.03205782975132217,0
25113,0.01186841500224339,0
25114,0.14345626574144615,0
25115,0.007028592992494224,0
25116,0.04221971876215624,0
25117,0.01724156988925023,0
25118,0.08946122352179743,0
25119,0.04749140200892603,0
25120,0.04905995356840198,0
25121,0.12482218825728753,0
25122,0.2678840014503548,1
25123,0.060752118344054314,0
25124,0.03627893442851225,0
25125,0.11083263372450185,0
25126,0.017936707561175505,0
25127,0.01708476896523606,0
25128,0.0184346266877559,0
25129,0.0475870690441612,0
25130,0.06481520997814996,0
25131,0.04440681078823246,0
25132,0.03586282937861413,0
25133,0.025775564319349485,0
25134,0.018224912604729988,0
25135,0.10032559186481498,0
25136,0.05800391379793353,0
25137,0.08357399335704614,0
25138,0.049245620964419354,0
25139,0.024924645491722536,0
25140,0.03962458151767807,0
25141,0.029769999810441816,0
25142,0.1639768415756149,0
25143,0.04525608559060668,0
25144,0.03320680633944007,0
25145,0.013345299070042397,0
25146,0.016932452130395455,0
25147,0.15205461483907134,0
25148,0.02248308698356701,0
25149,0.10340024078885907,0
25150,0.03175975873743375,0
25151,0.03304986830065062,0
25152,0.017548951067218675,0
25153,0.008565014367524992,0
25154,0.032129869388655766,0
25155,0.012220805177568916,0
25156,0.023940030549201775,0
25157,0.13964742232276955,0
25158,0.11390465259215926,0
25159,0.09803976824806115,0
25160,0.006094608612763053,0
25161,0.005458304275919409,0
25162,0.03894236992299827,0
25163,0.0347162042605981,0
25164,0.04903182734065899,0
25165,0.008699838209374715,0
25166,0.07307923654042231,0
25167,0.060943032824207995,0
25168,0.0069250484656329546,0
25169,0.06942493813808175,0
25170,0.0606072446512231,0
25171,0.004541680389868241,0
25172,0.05559549389980812,0
25173,0.008164927804909686,0
25174,0.039525969180907304,0
25175,0.03460658710223214,0
25176,0.02501951532898037,0
25177,0.064218209628144,0
25178,0.003966155498596098,0
25179,0.1182274291581658,0
25180,0.03388232577911641,0
25181,0.08570070563208754,0
25182,0.07427781391765974,0
25183,0.0137173595847422,0
25184,0.0034558060672077967,0
25185,0.026852131472431706,0
25186,0.0028556613504012434,0
25187,0.004975628769587748,0
25188,0.21654469625675563,1
25189,0.007969707095159961,0
25190,0.026895120113936466,0
25191,0.007912952698314876,0
25192,0.02971277237328738,0
25193,0.006767719388462849,0
25194,0.02373249689059099,0
25195,0.118927727252303,0
25196,0.004432428175004718,0
25197,0.010509301350987007,0
25198,0.09121101227960422,0
25199,0.04469251561551731,0
25200,0.012768336582115158,0
25201,0.001991448805030897,0
25202,0.024554984272824796,0
25203,0.05455917913755277,0
25204,0.022008442764027136,0
25205,0.03558999277244004,0
25206,0.116543126038448,0
25207,0.017026113973415462,0
25208,0.02570289857245561,0
25209,0.0012756881852059884,0
25210,0.059658446318466694,0
25211,0.010475917582884405,0
25212,0.10726634868449227,0
25213,0.024638989572028657,0
25214,0.04653374675860131,0
25215,0.001232903888943948,0
25216,0.01715125869145646,0
25217,0.012266557716135792,0
25218,0.005999101796850244,0
25219,0.144045809420258,0
25220,0.054219837172039584,0
25221,0.043473874867686904,0
25222,0.04341109738234505,0
25223,0.05870088852670378,0
25224,0.03753162525825674,0
25225,0.05656390638710566,0
25226,0.019605687108172194,0
25227,0.01567617013563823,0
25228,0.0024494145762844846,0
25229,0.018953228063627113,0
25230,0.0018443129254652746,0
25231,0.06341151538823075,0
25232,0.11406880462675645,0
25233,0.057577270711258115,0
25234,0.026494127788347508,0
25235,0.14170595102077604,0
25236,0.05146966217161572,0
25237,0.034643806182140906,0
25238,0.0914146332005771,0
25239,0.010630354634376693,0
25240,0.10742211907106268,0
25241,0.061209746364640036,0
25242,0.059529703288869064,0
25243,0.03389118735097216,0
25244,0.1202059791398806,0
25245,0.08054700580546505,0
25246,0.03377516274898905,0
25247,0.028915621664775206,0
25248,0.02395009456111859,0
25249,0.01627880183350404,0
25250,0.05263129811928329,0
25251,0.052363425646572835,0
25252,0.026418738696659574,0
25253,0.010437506737601148,0
25254,0.10346505423244698,0
25255,0.02396005257382178,0
25256,0.007982217404747678,0
25257,0.06912911253257652,0
25258,0.01590737980697735,0
25259,0.0064071437218902036,0
25260,0.04492492010337935,0
25261,0.06215934906763772,0
25262,0.037941275158318175,0
25263,0.0013248580921289739,0
25264,0.007730879325383411,0
25265,0.01857245878230335,0
25266,0.06944055118749623,0
25267,0.0028835755323662004,0
25268,0.04985046836754579,0
25269,0.007064976426000198,0
25270,0.19698995236689437,1
25271,0.07652375703720038,0
25272,0.11170348596721937,0
25273,0.002676129567612806,0
25274,0.144560171655913,0
25275,0.0040944509987377534,0
25276,0.08309194643251681,0
25277,0.0949039396005757,0
25278,0.021576787180630986,0
25279,0.05750338987472844,0
25280,0.11742135443489428,0
25281,0.0906980775287232,0
25282,0.02929845129413482,0
25283,0.09593989566768574,0
25284,0.03035686463464753,0
25285,0.016009053389246266,0
25286,0.07056741347063177,0
25287,0.16617846611736925,0
25288,0.004873764399780082,0
25289,0.12370256500465543,0
25290,0.05249457804109707,0
25291,0.010006464594668526,0
25292,0.05711345155214758,0
25293,0.018068287637255178,0
25294,0.07266047660756542,0
25295,0.006626986645300858,0
25296,0.035930612236573296,0
25297,0.01741741477129608,0
25298,0.05628560314631607,0
25299,0.00510312985407125,0
25300,0.0037425575269138737,0
25301,0.041611821181720354,0
25302,0.08366857037034228,0
25303,0.031427591233263455,0
25304,0.010467448395583142,0
25305,0.033667759854285974,0
25306,0.13525897027166128,0
25307,0.007095207532059144,0
25308,0.22386822924059777,1
25309,0.04239437699395798,0
25310,0.09319483626342855,0
25311,0.06269923174587316,0
25312,0.17681513970695587,1
25313,0.11958408452793291,0
25314,0.007762546107604762,0
25315,0.02122426895049438,0
25316,0.017938350294925055,0
25317,0.00587950575304977,0
25318,0.030325037439946235,0
25319,0.03276018719391258,0
25320,0.10271388680457806,0
25321,0.031012512779251152,0
25322,0.03277885300321785,0
25323,0.02358170352960424,0
25324,0.08515676632041651,0
25325,0.03780718537436237,0
25326,0.008361223633894067,0
25327,0.10651259356755252,0
25328,0.015606018489078973,0
25329,0.017383852656307937,0
25330,0.03849987988842173,0
25331,0.005622126707918092,0
25332,0.11174222282950971,0
25333,0.06147189406467879,0
25334,0.051348547139005316,0
25335,0.03922948077879906,0
25336,0.011349783212409514,0
25337,0.12166894825746984,0
25338,0.02320843657158152,0
25339,0.16025671341982062,0
25340,0.010079734003968851,0
25341,0.11913959435191851,0
25342,0.005964608782385864,0
25343,0.08998682999783934,0
25344,0.043257560085912965,0
25345,0.009004946504084588,0
25346,0.03634018080065564,0
25347,0.02550185414170123,0
25348,0.006746711969690885,0
25349,0.004008714543832855,0
25350,0.07698581340363857,0
25351,0.12473852968585805,0
25352,0.012988877441042343,0
25353,0.1410244909312068,0
25354,0.043917088074051876,0
25355,0.0011661338848976798,0
25356,0.021246983959772772,0
25357,0.09309679053896087,0
25358,0.07889218392947006,0
25359,0.026457903299589348,0
25360,0.003713245704870179,0
25361,0.013931269057484466,0
25362,0.001813713717177401,0
25363,0.020253564914515555,0
25364,0.008059796594953216,0
25365,0.07539860306039302,0
25366,0.015295671677064153,0
25367,0.0617861390629501,0
25368,0.0024143804523409176,0
25369,0.14728263414948098,0
25370,0.06635911960268166,0
25371,0.13615971784302855,0
25372,0.004947525628887295,0
25373,0.05563588894662383,0
25374,0.03574424938291283,0
25375,0.008623232150464781,0
25376,0.1489480312254067,0
25377,0.0865149902225846,0
25378,0.1795606326503986,1
25379,0.015293917880092526,0
25380,0.05219140939504883,0
25381,0.04105463052975458,0
25382,0.009370126556711923,0
25383,0.04376836097538384,0
25384,0.17410301576405954,1
25385,0.022122993344580885,0
25386,0.03986848449070821,0
25387,0.1797838834873974,1
25388,0.0024570393906159596,0
25389,0.2135353629834233,1
25390,0.09332667275367229,0
25391,0.005111151179842377,0
25392,0.022994407490406526,0
25393,0.025216796194991176,0
25394,0.001154293947956638,0
25395,0.08629832845023966,0
25396,0.021563379826686584,0
25397,0.10164006763782801,0
25398,0.0723927535477881,0
25399,0.002979896387127338,0
25400,0.020565450208403377,0
25401,0.052088000978665595,0
25402,0.03701126757395635,0
25403,0.008315765040557584,0
25404,0.005537951262310781,0
25405,0.09445135391178132,0
25406,0.01116057586803317,0
25407,0.10369823986281175,0
25408,0.07746877099957583,0
25409,0.08911677617902096,0
25410,0.07581321167727438,0
25411,0.12607369283114458,0
25412,0.014350561773698178,0
25413,0.009809999268899102,0
25414,0.07925709048564475,0
25415,0.013455597585835729,0
25416,0.03706404239264855,0
25417,0.10934751495036034,0
25418,0.007633423106995181,0
25419,0.007515044467005046,0
25420,0.0902631877968932,0
25421,0.02373390478037393,0
25422,0.21896052594526413,1
25423,0.06688710357954575,0
25424,0.0011854786012907904,0
25425,0.006326027693898968,0
25426,0.061363008281741196,0
25427,0.06027804299298389,0
25428,0.10586463771386716,0
25429,0.007646433919813478,0
25430,0.15159072186940323,0
25431,0.022770626527421345,0
25432,0.02183655430996457,0
25433,0.028422286806888696,0
25434,0.07269521966538314,0
25435,0.04531113415313554,0
25436,0.007654428330691291,0
25437,0.05062884911921584,0
25438,0.044689420792561406,0
25439,0.023697023172070654,0
25440,0.06015456763100427,0
25441,0.01325530542288879,0
25442,0.014241607866905086,0
25443,0.03714040283824422,0
25444,0.12866270492236648,0
25445,0.007627118980987972,0
25446,0.006762737851084447,0
25447,0.06394967962947266,0
25448,0.03918975463499554,0
25449,0.2058343276063607,1
25450,0.04184962265689079,0
25451,0.032655708221362684,0
25452,0.003387640950260384,0
25453,0.09137344013874703,0
25454,0.00916672607280189,0
25455,0.015223979931620642,0
25456,0.009468212837703308,0
25457,0.07135355712381336,0
25458,0.07317089341556064,0
25459,0.16634808308442142,0
25460,0.10163043280598595,0
25461,0.015326271716131872,0
25462,0.04586441010716375,0
25463,0.0032575254828998146,0
25464,0.012329676935432321,0
25465,0.0695882344102229,0
25466,0.003721116627453876,0
25467,0.023457537779825267,0
25468,0.02472446739565324,0
25469,0.08025092994084533,0
25470,0.06389343811740299,0
25471,0.07676111980165663,0
25472,0.06926704729723253,0
25473,0.09711295484356104,0
25474,0.03522141793632545,0
25475,0.007955106238716366,0
25476,0.11883708173247907,0
25477,0.016608919924912948,0
25478,0.05077762766566494,0
25479,0.07316400840582503,0
25480,0.004180085702334679,0
25481,0.036855579485709763,0
25482,0.11570319738919305,0
25483,0.009158787003604634,0
25484,0.0815540057812548,0
25485,0.030408082749629937,0
25486,0.018993056544575903,0
25487,0.0434006860344625,0
25488,0.05735646765057238,0
25489,0.01899158321864843,0
25490,0.016802857969342555,0
25491,0.08757620303155092,0
25492,0.0895948304040839,0
25493,0.11682696499624487,0
25494,0.0042152888209284235,0
25495,0.020150762283191244,0
25496,0.09808009945828221,0
25497,0.12038397192980839,0
25498,0.03532371679849251,0
25499,0.211564187329146,1
25500,0.11854096715537163,0
25501,0.02612060401158282,0
25502,0.048812274688283516,0
25503,0.032750211465825844,0
25504,0.01905964106358155,0
25505,0.029869675252897507,0
25506,0.01930362588324445,0
25507,0.03593763712584118,0
25508,0.03212864896161919,0
25509,0.009997967781180199,0
25510,0.0224838235579122,0
25511,0.0008477097116859437,0
25512,0.002491866327345497,0
25513,0.016650921473525936,0
25514,0.09339998834264722,0
25515,0.008411609462016594,0
25516,0.003189864348244642,0
25517,0.04831376908260255,0
25518,0.01195233743128401,0
25519,0.1113810930650831,0
25520,0.0031121761169637793,0
25521,0.018514445086762144,0
25522,0.007717088712082187,0
25523,0.018679354070156914,0
25524,0.04200754473606418,0
25525,0.07946612882912497,0
25526,0.0647118514043788,0
25527,0.14483715276557343,0
25528,0.027044713721206086,0
25529,0.013524954297315461,0
25530,0.01136898337385733,0
25531,0.002428124386170579,0
25532,0.007940136915124747,0
25533,0.010305742827516602,0
25534,0.0045263906692467526,0
25535,0.11810093274006746,0
25536,0.022225756694006688,0
25537,0.17327757549591388,1
25538,0.13164947576322955,0
25539,0.011680277971559365,0
25540,0.11226220359330424,0
25541,0.009940938823614435,0
25542,0.04759255355018276,0
25543,0.008520583617615799,0
25544,0.012466601426056934,0
25545,0.0045379488086291445,0
25546,0.027877785274376544,0
25547,0.1761380608228971,1
25548,0.018761540788103177,0
25549,0.053230644719880864,0
25550,0.1599238216549546,0
25551,0.004759919900077047,0
25552,0.04308295143258948,0
25553,0.015276115140902399,0
25554,0.15433691420731357,0
25555,0.08187181744186252,0
25556,0.007731087071777062,0
25557,0.13477866018141688,0
25558,0.045323483716870804,0
25559,0.019283996566943278,0
25560,0.014646289470399728,0
25561,0.042640125378910404,0
25562,0.105014464082141,0
25563,0.026691593846252453,0
25564,0.13748189437376848,0
25565,0.00991394054737893,0
25566,0.043726666933870395,0
25567,0.09609330681159106,0
25568,0.06914595584543977,0
25569,0.021366553874470808,0
25570,0.00433607771925871,0
25571,0.03719663341274623,0
25572,0.23255905696438817,1
25573,0.009114243451486289,0
25574,0.04977146037166955,0
25575,0.08676898398490174,0
25576,0.07351011527820023,0
25577,0.019287980805092995,0
25578,0.039271947619438884,0
25579,0.031208166438143517,0
25580,0.11753673952442373,0
25581,0.15638844324762022,0
25582,0.11909197438460657,0
25583,0.02416910028158799,0
25584,0.013532200111950518,0
25585,0.004725843493579466,0
25586,0.14095293057286332,0
25587,0.026646830643493994,0
25588,0.03703583632493311,0
25589,0.10655144823530407,0
25590,0.06751089248741744,0
25591,0.10997189927447869,0
25592,0.06282686486387982,0
25593,0.012294791296351389,0
25594,0.08440084088655833,0
25595,0.021703098571698307,0
25596,0.059706786944466184,0
25597,0.00432852862102171,0
25598,0.039198428315567475,0
25599,0.06341933410773731,0
25600,0.19946921573204612,1
25601,0.1465388253163382,0
25602,0.017992714030933974,0
25603,0.0017731306583699924,0
25604,0.029686106949700367,0
25605,0.01969747561411781,0
25606,0.1725181731100627,1
25607,0.09504522704152779,0
25608,0.004735935645777123,0
25609,0.0011519471721122738,0
25610,0.03526627886437866,0
25611,0.0300330122413431,0
25612,0.04790536489540945,0
25613,0.021743501387231527,0
25614,0.09998829320199087,0
25615,0.022084730306777964,0
25616,0.08745928958375719,0
25617,0.06732504421160602,0
25618,0.02621672159173783,0
25619,0.033320987315310434,0
25620,0.01218148967383199,0
25621,0.038237245046786175,0
25622,0.11377913692473306,0
25623,0.10142859026483726,0
25624,0.05746561801750778,0
25625,0.05499288112118982,0
25626,0.12574126325790014,0
25627,0.0346352270636687,0
25628,0.1019011171465802,0
25629,0.03727087376983213,0
25630,0.049344537523309966,0
25631,0.07424335342106941,0
25632,0.014666481528503554,0
25633,0.008643030779056038,0
25634,0.01188049770677934,0
25635,0.0022625516890872814,0
25636,0.05918204412739652,0
25637,0.10085550464295497,0
25638,0.008048943036540513,0
25639,0.01635008242318098,0
25640,0.09103443064543286,0
25641,0.10679732375076731,0
25642,0.008005113026407629,0
25643,0.110999856921103,0
25644,0.0036740682592848388,0
25645,0.019131912876093695,0
25646,0.05898412809257324,0
25647,0.032066408340822625,0
25648,0.1240475896810397,0
25649,0.014092523333476763,0
25650,0.04862371190827256,0
25651,0.04886105545621005,0
25652,0.005627091590536078,0
25653,0.0012449633702722007,0
25654,0.0010022266392516021,0
25655,0.035287667507656155,0
25656,0.013166683236639321,0
25657,0.0016112209257610921,0
25658,0.0255855499323599,0
25659,0.09748657936508648,0
25660,0.0018206446356185957,0
25661,0.04086014839325889,0
25662,0.016915484148313904,0
25663,0.15671716895840085,0
25664,0.08484460161988287,0
25665,0.15644235875419266,0
25666,0.03425693089209505,0
25667,0.0034946396068359807,0
25668,0.031297224460579545,0
25669,0.16366428743793338,0
25670,0.03605818201161949,0
25671,0.03234139231069639,0
25672,0.06348249585709657,0
25673,0.05427737017499812,0
25674,0.011257920053404476,0
25675,0.010902506299334692,0
25676,0.05186108132926614,0
25677,0.005329887706386708,0
25678,0.019518640850077262,0
25679,0.017768941886259156,0
25680,0.010443711966204106,0
25681,0.04714006440436272,0
25682,0.08083118884138894,0
25683,0.022472645869564278,0
25684,0.03894377936254599,0
25685,0.09382345976864892,0
25686,0.10172433163435872,0
25687,0.018001995529266884,0
25688,0.06921491459530414,0
25689,0.21148955323407465,1
25690,0.033940588995162974,0
25691,0.05277584170175874,0
25692,0.18503729960587406,1
25693,0.019189497860410066,0
25694,0.050718509642431645,0
25695,0.2551531572118814,1
25696,0.03998716381054788,0
25697,0.0062469635061075165,0
25698,0.022141657481931056,0
25699,0.01151161188185342,0
25700,0.13608114558067078,0
25701,0.18494618232049548,1
25702,0.04730226150697833,0
25703,0.027641290502546947,0
25704,0.12196880600524347,0
25705,0.02771308777596988,0
25706,0.10870783727654806,0
25707,0.11204304612151278,0
25708,0.0353779835944719,0
25709,0.01336783571315725,0
25710,0.0030220442808261676,0
25711,0.07005109629722954,0
25712,0.07969604754173916,0
25713,0.012814452885765734,0
25714,0.0032148904775099203,0
25715,0.1010713162810384,0
25716,0.031070516121916684,0
25717,0.03851181301600855,0
25718,0.09177014632954296,0
25719,0.0067097434928795234,0
25720,0.07308072813692522,0
25721,0.04258976354323977,0
25722,0.037506818062262366,0
25723,0.027476455915311122,0
25724,0.0025830159815166307,0
25725,0.2261971459152075,1
25726,0.07217737919178314,0
25727,0.040175804741288464,0
25728,0.030376044423500524,0
25729,0.03974281646313639,0
25730,0.08369204185021348,0
25731,0.06850904713929937,0
25732,0.01874551174254948,0
25733,0.0033790889089641376,0
25734,0.0495466062376042,0
25735,0.01884032440357401,0
25736,0.04957705619105265,0
25737,0.020177237109568803,0
25738,0.07497963385065025,0
25739,0.009551583493683392,0
25740,0.15192156338450757,0
25741,0.027263024802470656,0
25742,0.008864928133042375,0
25743,0.030607025029240346,0
25744,0.012958514844940558,0
25745,0.18060303218454188,1
25746,0.0452967542442533,0
25747,0.12059486918568472,0
25748,0.09541109100119512,0
25749,0.017258529567005954,0
25750,0.09594961755762288,0
25751,0.09758217891345658,0
25752,0.12201585691320578,0
25753,0.04332862532296958,0
25754,0.10888940128830751,0
25755,0.04482114552680985,0
25756,0.02195855950491612,0
25757,0.02730968173383206,0
25758,0.03750456899735073,0
25759,0.014051858284654302,0
25760,0.029294148165062966,0
25761,0.012688961279838503,0
25762,0.04869929123747781,0
25763,0.06617215235529071,0
25764,0.00528789313334641,0
25765,0.025389111291772674,0
25766,0.13240940760977096,0
25767,0.2523011202352899,1
25768,0.09773096560502953,0
25769,0.06116803544529781,0
25770,0.04274398644118747,0
25771,0.11671164457880007,0
25772,0.08438015821276267,0
25773,0.010451666261057646,0
25774,0.17656212969832427,1
25775,0.046669016182526085,0
25776,0.03224607982568283,0
25777,0.05909304543461615,0
25778,0.09157045816884565,0
25779,0.05991669889717204,0
25780,0.03937783334548286,0
25781,0.07976369819025504,0
25782,0.031610114763263135,0
25783,0.1326593021672992,0
25784,0.17309262643718556,1
25785,0.01271026699444903,0
25786,0.010082723677424622,0
25787,0.12260916043421395,0
25788,0.004551612616290586,0
25789,0.0491129293851356,0
25790,0.04293710336561955,0
25791,0.032134961010661954,0
25792,0.14652052871761143,0
25793,0.06187599565196309,0
25794,0.008266693816788883,0
25795,0.017683829963608243,0
25796,0.006284900292186816,0
25797,0.016904259587226345,0
25798,0.002910086101914803,0
25799,0.1466906193179026,0
25800,0.003596298193168061,0
25801,0.17238742658454123,1
25802,0.11106544250898015,0
25803,0.05799784207950102,0
25804,0.10496677871982896,0
25805,0.0014133260185641206,0
25806,0.08605297896900008,0
25807,0.06448289692341921,0
25808,0.0675936773661999,0
25809,0.10690801562088627,0
25810,0.07996608528600542,0
25811,0.016491667242332107,0
25812,0.22974708726294785,1
25813,0.10870675844168763,0
25814,0.04878383924548358,0
25815,0.06100144405221564,0
25816,0.037494619801850024,0
25817,0.005495434128270856,0
25818,0.016751412895691858,0
25819,0.0018768040930436196,0
25820,0.08878922392495765,0
25821,0.09999800097827416,0
25822,0.010021977008849643,0
25823,0.07393823587055309,0
25824,0.038359293194360586,0
25825,0.15575499170229917,0
25826,0.07351790971917492,0
25827,0.09577699611756178,0
25828,0.0441535181317455,0
25829,0.0016829624446061287,0
25830,0.04556431571620443,0
25831,0.00862136986307614,0
25832,0.06522918610429745,0
25833,0.053971950855979514,0
25834,0.021356397799216883,0
25835,0.054911393494115286,0
25836,0.013282264819565974,0
25837,0.1703221181735117,1
25838,0.11384399331925117,0
25839,0.14178449357983205,0
25840,0.2724681041996568,1
25841,0.04092713035760412,0
25842,0.06037303480068264,0
25843,0.0801331439884744,0
25844,0.01769407148326167,0
25845,0.009172922258731986,0
25846,0.02575818803518486,0
25847,0.1793643269542372,1
25848,0.009752843427657107,0
25849,0.09808256653355978,0
25850,0.015693045910002305,0
25851,0.1501590304929448,0
25852,0.01502257197434745,0
25853,0.06861324246182561,0
25854,0.009825151210598956,0
25855,0.009491715945872852,0
25856,0.12021179235875415,0
25857,0.09201433836726253,0
25858,0.004744470257131702,0
25859,0.006608692142576496,0
25860,0.12632437010264888,0
25861,0.010654914377149634,0
25862,0.15019953791280397,0
25863,0.05541697552470911,0
25864,0.02284682338184575,0
25865,0.020021629485576686,0
25866,0.03995423612282816,0
25867,0.02122996631571711,0
25868,0.009880354927038737,0
25869,0.04013241578775255,0
25870,0.13996117752492782,0
25871,0.07946373703166766,0
25872,0.08756043828821407,0
25873,0.13367772277701404,0
25874,0.028353744546045535,0
25875,0.1316290384553028,0
25876,0.10327608007654784,0
25877,0.14818538003032017,0
25878,0.026247141334790513,0
25879,0.15227382024046524,0
25880,0.2023920880450545,1
25881,0.01356242799222973,0
25882,0.022879778376000956,0
25883,0.02008584051821086,0
25884,0.040201143906691175,0
25885,0.005718331577496957,0
25886,0.023516293973034185,0
25887,0.11626895133566433,0
25888,0.10253862319825302,0
25889,0.09195638147728671,0
25890,0.1323022521902784,0
25891,0.003167583879648328,0
25892,0.08301810590238125,0
25893,0.0039439770929377595,0
25894,0.2153207871290718,1
25895,0.11574763894491749,0
25896,0.011812684388795354,0
25897,0.032115291116035775,0
25898,0.034424782382348314,0
25899,0.06958427791452941,0
25900,0.03160368931516714,0
25901,0.00370459531487779,0
25902,0.026662321679695008,0
25903,0.044006768636887426,0
25904,0.05707830066417878,0
25905,0.007868883983490327,0
25906,0.011718104583154032,0
25907,0.05559981662737932,0
25908,0.03171903690870334,0
25909,0.0057717845330202446,0
25910,0.14644287027394534,0
25911,0.0215438884365344,0
25912,0.03985856872867877,0
25913,0.13936606322513068,0
25914,0.00429943733013467,0
25915,0.028215109715665758,0
25916,0.01903138575233879,0
25917,0.050804958048982427,0
25918,0.0838251270320198,0
25919,0.02188583323470546,0
25920,0.05786899639056099,0
25921,0.014724008700573214,0
25922,0.0015521053659723302,0
25923,0.06519121955042612,0
25924,0.024086576262573912,0
25925,0.11500632528718716,0
25926,0.013016037609818598,0
25927,0.1131268264573498,0
25928,0.002155562083891538,0
25929,0.03750752580419877,0
25930,0.00620895000661074,0
25931,0.08277937944049522,0
25932,0.0900659687910282,0
25933,0.025698421061444116,0
25934,0.08174689042391442,0
25935,0.007729533491948167,0
25936,0.11918221789612564,0
25937,0.012305859060420898,0
25938,0.0758771387863501,0
25939,0.20488189485050476,1
25940,0.07838680298835525,0
25941,0.14569274300859494,0
25942,0.0569930755674672,0
25943,0.07100141575079431,0
25944,0.0033943695713590572,0
25945,0.005518534577165387,0
25946,0.1548321570289609,0
25947,0.016884291974679874,0
25948,0.10918262962033178,0
25949,0.041789987080227076,0
25950,0.06793769433717599,0
25951,0.01734895093318034,0
25952,0.11320758673628051,0
25953,0.028369688785374197,0
25954,0.03489970146029422,0
25955,0.08187051503432125,0
25956,0.06898402633327194,0
25957,0.06852398414472533,0
25958,0.018261641561176142,0
25959,0.0436265326050869,0
25960,0.06633402861895692,0
25961,0.07096459051074336,0
25962,0.06433703467566904,0
25963,0.01739100336530299,0
25964,0.03841070636878793,0
25965,0.05415987995795315,0
25966,0.03977622331339529,0
25967,0.14721525056673598,0
25968,0.18283008541194276,1
25969,0.00520127803022418,0
25970,0.05017145725500502,0
25971,0.005553995061162646,0
25972,0.0017823144101232794,0
25973,0.11495936056258844,0
25974,0.06638883303498842,0
25975,0.029554324288776395,0
25976,0.01034728230139194,0
25977,0.0023235691236068797,0
25978,0.06705687437450186,0
25979,0.17073418328500445,1
25980,0.005163219229907242,0
25981,0.14659383221353578,0
25982,0.07238063169665616,0
25983,0.11063252916114209,0
25984,0.09729351230199614,0
25985,0.007993293628308976,0
25986,0.12046191157671705,0
25987,0.0387466465717148,0
25988,0.1022092185136045,0
25989,0.03324537277028893,0
25990,0.010505685146755709,0
25991,0.009070919015743705,0
25992,0.044627582306036265,0
25993,0.05696044830717565,0
25994,0.07208063033658882,0
25995,0.09324884193324774,0
25996,0.009371146801724507,0
25997,0.00815297903126606,0
25998,0.04646123020160517,0
25999,0.014187898011041833,0
26000,0.011450046596571154,0
26001,0.08461536782771063,0
26002,0.08756871142204646,0
26003,0.012043223541782519,0
26004,0.10854551957899543,0
26005,0.12661379138781917,0
26006,0.20036505052299405,1
26007,0.056748375188463464,0
26008,0.003488713189834369,0
26009,0.041161899577845065,0
26010,0.040782422040391716,0
26011,0.016872684958104442,0
26012,0.015394000145139608,0
26013,0.006092034330375314,0
26014,0.04815328829754024,0
26015,0.02792125347167011,0
26016,0.056061986761363425,0
26017,0.005376327739546446,0
26018,0.01602945399231055,0
26019,0.09611683856158558,0
26020,0.022324301537628478,0
26021,0.12395292423705735,0
26022,0.03630169782339816,0
26023,0.021143889138443634,0
26024,0.041724950225887514,0
26025,0.021298649277991234,0
26026,0.03966358777584029,0
26027,0.046868782044799724,0
26028,0.1310760250726702,0
26029,0.20951750664832808,1
26030,0.023625498661764867,0
26031,0.029324118419835798,0
26032,0.08948135739114423,0
26033,0.08312319480785571,0
26034,0.17726541211386895,1
26035,0.003918254011546463,0
26036,0.05485583677432599,0
26037,0.018160410980316465,0
26038,0.001131171843533248,0
26039,0.012723929214667976,0
26040,0.003194188824390043,0
26041,0.02602869105946767,0
26042,0.09150708752867882,0
26043,0.034242630127360944,0
26044,0.03502030570520478,0
26045,0.03286646057508812,0
26046,0.038648828009663704,0
26047,0.06147554320251409,0
26048,0.029073400325717716,0
26049,0.0342162332632173,0
26050,0.12211294640893573,0
26051,0.06713466929234244,0
26052,0.015979738931687058,0
26053,0.19177772569975293,1
26054,0.19800697861959862,1
26055,0.0014001856583142939,0
26056,0.027496687762904332,0
26057,0.18741745962415152,1
26058,0.0015404366679611166,0
26059,0.03557975139287587,0
26060,0.16343948454840984,0
26061,0.042839361019758694,0
26062,0.10502755368088067,0
26063,0.054714732448670686,0
26064,0.023541218026342955,0
26065,0.0027966260728422196,0
26066,0.03559626864153727,0
26067,0.1834816615040809,1
26068,0.004713157823223768,0
26069,0.029810015489291467,0
26070,0.036938640231152405,0
26071,0.14199664244140148,0
26072,0.26943666057602883,1
26073,0.008336416870340192,0
26074,0.04940572858425181,0
26075,0.05327091477449954,0
26076,0.08152383082378985,0
26077,0.028554553118209012,0
26078,0.08085835437144236,0
26079,0.03146726685577539,0
26080,0.06722745080188858,0
26081,0.030128514982640117,0
26082,0.010738405201538674,0
26083,0.003849256331807016,0
26084,0.021841688442455636,0
26085,0.08845409889473806,0
26086,0.04002542597317258,0
26087,0.047338636204917094,0
26088,0.1653403650490487,0
26089,0.04621652213517283,0
26090,0.08434933103118428,0
26091,0.0220074616354247,0
26092,0.13770128571823786,0
26093,0.10047566310916359,0
26094,0.036350660145968765,0
26095,0.11841129080620448,0
26096,0.00235923963416799,0
26097,0.0485810922869779,0
26098,0.030747928428138966,0
26099,0.08508509447977092,0
26100,0.004332363479863455,0
26101,0.01906894923695881,0
26102,0.0034584150435205724,0
26103,0.02358643439253018,0
26104,0.05566273452144154,0
26105,0.016404382812760843,0
26106,0.09797402449859106,0
26107,0.06755856929986201,0
26108,0.11412035103101896,0
26109,0.015108696592990597,0
26110,0.01906216217399111,0
26111,0.006249353949001598,0
26112,0.07793085705918842,0
26113,0.017206844814138346,0
26114,0.00486442411297617,0
26115,0.004822282504332928,0
26116,0.02227818051695587,0
26117,0.0915110061680419,0
26118,0.026276541310531032,0
26119,0.028449115339551374,0
26120,0.12651665406411758,0
26121,0.13530361298738172,0
26122,0.009125667875565702,0
26123,0.1241298587227725,0
26124,0.1077994451081598,0
26125,0.061929890402891645,0
26126,0.1928256295624534,1
26127,0.020144680248947132,0
26128,0.03765803955897061,0
26129,0.01615496149981151,0
26130,0.049111683589655335,0
26131,0.014740142780193881,0
26132,0.023716238284084513,0
26133,0.07499375502577736,0
26134,0.023010523145958053,0
26135,0.020881288963798896,0
26136,0.11696139898266482,0
26137,0.031561382261945,0
26138,0.010710030422280144,0
26139,0.0034374713152101424,0
26140,0.019036184421898517,0
26141,0.1571539852158703,0
26142,0.026305640272555737,0
26143,0.06605653357916776,0
26144,0.16588920754930203,0
26145,0.035418280317928305,0
26146,0.12894367212933336,0
26147,0.0024510476727043575,0
26148,0.07056319226656783,0
26149,0.2766858997461249,1
26150,0.020593165795460132,0
26151,0.0823529305620764,0
26152,0.020427364377083236,0
26153,0.08173696923182287,0
26154,0.14699991164771567,0
26155,0.0008865108005173372,0
26156,0.022819440887666312,0
26157,0.024494600038846927,0
26158,0.11104703919976483,0
26159,0.26217040245447165,1
26160,0.14916262432457902,0
26161,0.016664613185024612,0
26162,0.15400654107936837,0
26163,0.011046839068471556,0
26164,0.16781508829977174,0
26165,0.03507174082772424,0
26166,0.0659423170171559,0
26167,0.08226489574923015,0
26168,0.0726208268703556,0
26169,0.0852336192019126,0
26170,0.046974425412291895,0
26171,0.020729066356051064,0
26172,0.04315775719092436,0
26173,0.08253805149472937,0
26174,0.06296514630908873,0
26175,0.05274242180897769,0
26176,0.10741598916870113,0
26177,0.013145317827432586,0
26178,0.01337213973940885,0
26179,0.03481701270540981,0
26180,0.04603877793148297,0
26181,0.021305501153688546,0
26182,0.05253088027400866,0
26183,0.1715179638833019,1
26184,0.009954768590775117,0
26185,0.07755194384158602,0
26186,0.02179973777564229,0
26187,0.003314639857468693,0
26188,0.21253086217367664,1
26189,0.07228406685475036,0
26190,0.012176115482748677,0
26191,0.023843344165535168,0
26192,0.02343388522681733,0
26193,0.06561364004445303,0
26194,0.006080288138341354,0
26195,0.03221170780466638,0
26196,0.025845287243544755,0
26197,0.14264249571984455,0
26198,0.08921943527230788,0
26199,0.007099580669264808,0
26200,0.03363555869498382,0
26201,0.007004409831133055,0
26202,0.005384898166287525,0
26203,0.0008679917227503979,0
26204,0.017833699504142264,0
26205,0.034916179442018414,0
26206,0.06951023258776262,0
26207,0.06152872093996953,0
26208,0.06972399081898727,0
26209,0.04780889365250653,0
26210,0.025576310263566073,0
26211,0.1262109905814293,0
26212,0.008130942935949752,0
26213,0.13166482840161706,0
26214,0.06767858308433168,0
26215,0.10971570407970235,0
26216,0.0732419100555848,0
26217,0.09863919530958407,0
26218,0.02183634946923457,0
26219,0.05244784379335499,0
26220,0.008182327503512436,0
26221,0.1081601309945315,0
26222,0.0244375820017188,0
26223,0.06496510984843665,0
26224,0.043669574159568694,0
26225,0.02353099744476006,0
26226,0.0026209251013758297,0
26227,0.00794817444423718,0
26228,0.005262445632245672,0
26229,0.0679276749676801,0
26230,0.17149396731146088,1
26231,0.04905905737973701,0
26232,0.02795861883763223,0
26233,0.34990599004092304,1
26234,0.054448086880706105,0
26235,0.038216579424903745,0
26236,0.07673690971723136,0
26237,0.008404456760437284,0
26238,0.05585078632785761,0
26239,0.03458519637852411,0
26240,0.0076618087998050035,0
26241,0.1001449627494755,0
26242,0.0327067943808891,0
26243,0.14764189148758594,0
26244,0.018071571004261267,0
26245,0.0201754141044529,0
26246,0.042500577864304306,0
26247,0.05791655632072041,0
26248,0.05846604667153721,0
26249,0.002074485621266553,0
26250,0.27363764883079605,1
26251,0.06842093403532103,0
26252,0.0017951751976804727,0
26253,0.03797414103416709,0
26254,0.12110110625825167,0
26255,0.14782757407658403,0
26256,0.10179564865008486,0
26257,0.030941420843585962,0
26258,0.008163368074513256,0
26259,0.027393830097433257,0
26260,0.035585563790695614,0
26261,0.02084305250002394,0
26262,0.033601481911763466,0
26263,0.04218921792477672,0
26264,0.01877736679172211,0
26265,0.015368698150454578,0
26266,0.018348044923071818,0
26267,0.09334863614625608,0
26268,0.011755308300913602,0
26269,0.052961730234787056,0
26270,0.039482723386504985,0
26271,0.10279629778998238,0
26272,0.002761367318614094,0
26273,0.015137152928095032,0
26274,0.17264944102445196,1
26275,0.05289652844283514,0
26276,0.05705208381478661,0
26277,0.014848646540632086,0
26278,0.007186282519297286,0
26279,0.0036316462227292605,0
26280,0.08696041058017491,0
26281,0.04044792590964473,0
26282,0.03971950980429741,0
26283,0.12532010214830286,0
26284,0.020576574679089486,0
26285,0.11830843260762772,0
26286,0.12842109708542843,0
26287,0.0532367158195357,0
26288,0.07296727530428918,0
26289,0.028180885812159495,0
26290,0.07159219554906257,0
26291,0.1101318387636869,0
26292,0.05102966944749897,0
26293,0.08240377742964179,0
26294,0.09977656663973782,0
26295,0.21089343118625334,1
26296,0.1012407347272631,0
26297,0.02989902632321644,0
26298,0.03824281217115789,0
26299,0.06410150785882847,0
26300,0.17530505943270416,1
26301,0.046947438776145316,0
26302,0.18826341760769078,1
26303,0.05572615811469227,0
26304,0.20485822335259812,1
26305,0.017156032363791048,0
26306,0.1404886243038795,0
26307,0.025458110661406554,0
26308,0.08890463513506995,0
26309,0.0344052873459741,0
26310,0.003407603226333185,0
26311,0.0019345212792753956,0
26312,0.003183674592614801,0
26313,0.09457633444290879,0
26314,0.04453742833010514,0
26315,0.03772154252046241,0
26316,0.14456348452216247,0
26317,0.00937650281174945,0
26318,0.00285759012009635,0
26319,0.007030682804215667,0
26320,0.02474185881551656,0
26321,0.0238521543664057,0
26322,0.02121616020410566,0
26323,0.036869500101921054,0
26324,0.12108704823026756,0
26325,0.002272670695628783,0
26326,0.14038219769314222,0
26327,0.023631032428210148,0
26328,0.02637310307614814,0
26329,0.219730404715946,1
26330,0.04901010458124113,0
26331,0.04914393740273289,0
26332,0.1312414908312163,0
26333,0.05618769800269039,0
26334,0.0014124459673023522,0
26335,0.013916373519311393,0
26336,0.01113080722355464,0
26337,0.04028226710678803,0
26338,0.12335266726072153,0
26339,0.013879752801872177,0
26340,0.0707783920429486,0
26341,0.17985319403453653,1
26342,0.018127490930579103,0
26343,0.07213404813569721,0
26344,0.10152009714650005,0
26345,0.13637160986102875,0
26346,0.05133533662706204,0
26347,0.03804171514169016,0
26348,0.001718405873523062,0
26349,0.016080703463960393,0
26350,0.005012452475178386,0
26351,0.11033271990826826,0
26352,0.02288704658088211,0
26353,0.21883730209353283,1
26354,0.12785009549860435,0
26355,0.06901171311880887,0
26356,0.10941616347302832,0
26357,0.005828249492583019,0
26358,0.12171202863204442,0
26359,0.05783335064766695,0
26360,0.010674888978112676,0
26361,0.012727498001618934,0
26362,0.08489812804193436,0
26363,0.011189870479121233,0
26364,0.015194350920982803,0
26365,0.08574089278193796,0
26366,0.019632360862581282,0
26367,0.10426590705882648,0
26368,0.12774488054051167,0
26369,0.11625645983734942,0
26370,0.0038729406911369503,0
26371,0.014801885571888515,0
26372,0.09211268077677642,0
26373,0.03237521859642236,0
26374,0.07141899813740334,0
26375,0.01087229314248282,0
26376,0.07542885518036872,0
26377,0.04073005675907847,0
26378,0.017238306947387504,0
26379,0.005242674164790488,0
26380,0.11091806010559267,0
26381,0.0987749130340713,0
26382,0.03452054355493642,0
26383,0.03290418906565938,0
26384,0.02871464077011389,0
26385,0.07224804573999806,0
26386,0.11883805196430103,0
26387,0.057007182443078716,0
26388,0.01004536110417129,0
26389,0.008646615870374401,0
26390,0.1690870947577036,0
26391,0.18089745915427763,1
26392,0.05189025521432246,0
26393,0.002603625534397687,0
26394,0.05178925726242956,0
26395,0.05830518481585596,0
26396,0.06744665005765539,0
26397,0.011610997590546424,0
26398,0.012959137972225743,0
26399,0.013111137826097652,0
26400,0.19518906826693455,1
26401,0.04241240892145527,0
26402,0.03368457816373219,0
26403,0.03781048818686229,0
26404,0.0030233251908516816,0
26405,0.19955313183603676,1
26406,0.14617492560217002,0
26407,0.07498668894914985,0
26408,0.04191500018560042,0
26409,0.0061316414204255565,0
26410,0.09143411782905053,0
26411,0.21946668822047155,1
26412,0.042956237729846726,0
26413,0.014082292035821231,0
26414,0.12080525461267021,0
26415,0.049969376204160657,0
26416,0.07646209697937038,0
26417,0.015191268909789708,0
26418,0.2503339654678338,1
26419,0.025988808296639174,0
26420,0.07209165599894408,0
26421,0.06997875315040031,0
26422,0.09486653950032808,0
26423,0.10186711135016997,0
26424,0.022863015379380573,0
26425,0.09693141128298638,0
26426,0.028499355938778635,0
26427,0.00842047707451891,0
26428,0.009081338698512308,0
26429,0.0027176641237211642,0
26430,0.051093568446674564,0
26431,0.030148572805136255,0
26432,0.05123457344246541,0
26433,0.10538263173598962,0
26434,0.06765279607790717,0
26435,0.0644775040669492,0
26436,0.0553114586894774,0
26437,0.007058515078700945,0
26438,0.029383458239359585,0
26439,0.08249264124776191,0
26440,0.02361710274791693,0
26441,0.03302832071194474,0
26442,0.07112572663916054,0
26443,0.00793180825234403,0
26444,0.010300383266384184,0
26445,0.003617854811149135,0
26446,0.18035508341465512,1
26447,0.10999152231036957,0
26448,0.017665097241584108,0
26449,0.12031016837340144,0
26450,0.021934005957667296,0
26451,0.030814886157464305,0
26452,0.008962799847502544,0
26453,0.12706423334532618,0
26454,0.13559577330310918,0
26455,0.07423503747476703,0
26456,0.20559843407046374,1
26457,0.03994048734311497,0
26458,0.021684924635676395,0
26459,0.006550358015155156,0
26460,0.025185370009903077,0
26461,0.053468385289376294,0
26462,0.0046482416351716575,0
26463,0.16368100919154177,0
26464,0.011012208291777403,0
26465,0.16275090907766973,0
26466,0.11843331586233209,0
26467,0.01256277358392821,0
26468,0.005342623472038311,0
26469,0.01180660671814712,0
26470,0.07616008818692609,0
26471,0.014420065935861929,0
26472,0.016692955724104015,0
26473,0.04601819932972016,0
26474,0.022622346219174118,0
26475,0.07634422964277483,0
26476,0.2180489882347366,1
26477,0.024092568388624915,0
26478,0.004720760429805589,0
26479,0.15461521646244772,0
26480,0.009430896324325692,0
26481,0.12143194728910739,0
26482,0.02457870804678867,0
26483,0.09586635335921834,0
26484,0.14926255810148728,0
26485,0.009683632976678432,0
26486,0.025459135544594877,0
26487,0.025258538009706965,0
26488,0.1251234056145151,0
26489,0.03150795700981193,0
26490,0.02858160319922342,0
26491,0.020636213932006313,0
26492,0.01718558001421863,0
26493,0.021233043862754226,0
26494,0.025718634137258035,0
26495,0.034366572433874934,0
26496,0.04311743552535522,0
26497,0.011679287225329914,0
26498,0.09602716684118029,0
26499,0.05700542714779682,0
26500,0.02330799772826225,0
26501,0.034835244117514416,0
26502,0.050539665761714106,0
26503,0.06793081127764064,0
26504,0.02303524321594408,0
26505,0.027367163033795192,0
26506,0.028291600522709084,0
26507,0.10113459819122617,0
26508,0.028613252405911314,0
26509,0.056482969874061185,0
26510,0.06884073815186423,0
26511,0.10681218227917677,0
26512,0.17511391130031578,1
26513,0.017123251335746072,0
26514,0.016432037261361866,0
26515,0.04687401259570757,0
26516,0.02286238606752194,0
26517,0.052551366400696665,0
26518,0.0625830030126551,0
26519,0.2455886236570746,1
26520,0.11838926623093364,0
26521,0.1293102870912331,0
26522,0.017453505022853557,0
26523,0.15375450445876648,0
26524,0.05626695081312551,0
26525,0.07235601545907726,0
26526,0.13242073739829854,0
26527,0.058841727286127715,0
26528,0.07892261448942704,0
26529,0.03579305278878572,0
26530,0.07297050251319945,0
26531,0.0475976037557758,0
26532,0.025136580654569658,0
26533,0.07262540292207313,0
26534,0.009550196188755982,0
26535,0.044699846283077674,0
26536,0.011116492117208155,0
26537,0.051618139191598966,0
26538,0.014885704418392608,0
26539,0.038729558550950574,0
26540,0.1221019665731943,0
26541,0.06015205232040688,0
26542,0.014256516465995135,0
26543,0.03973168782553309,0
26544,0.022898349326029344,0
26545,0.0037890561775867954,0
26546,0.023203142242308038,0
26547,0.025386220327492975,0
26548,0.00557905870825474,0
26549,0.18562837110403255,1
26550,0.1564287272688528,0
26551,0.07930157966081793,0
26552,0.05693243857073489,0
26553,0.15149579408804908,0
26554,0.0702047558810526,0
26555,0.009150161608164169,0
26556,0.025850283128916098,0
26557,0.17381090738547117,1
26558,0.04131012743105723,0
26559,0.025021680065477416,0
26560,0.06222983768054801,0
26561,0.05531960332784309,0
26562,0.06583400034305921,0
26563,0.0726218316795338,0
26564,0.04690868532911675,0
26565,0.024849767332895033,0
26566,0.009959978867686485,0
26567,0.014799808586645239,0
26568,0.018684107772824202,0
26569,0.062272412055340655,0
26570,0.09742616504517833,0
26571,0.05447729485875248,0
26572,0.00920684156022514,0
26573,0.011483537865304953,0
26574,0.10351649587202742,0
26575,0.101411032751819,0
26576,0.03999099696776627,0
26577,0.008605143193120697,0
26578,0.0479601913430785,0
26579,0.015304882126789007,0
26580,0.16806534743166493,0
26581,0.049168558007753445,0
26582,0.04958881041074636,0
26583,0.05769796334785127,0
26584,0.042633932005793344,0
26585,0.05326058801215217,0
26586,0.0011721918555474664,0
26587,0.08081206804685763,0
26588,0.06575551417312536,0
26589,0.11189032212675037,0
26590,0.04153319016402906,0
26591,0.0971907668026424,0
26592,0.24341903228049366,1
26593,0.04395796630526318,0
26594,0.10946028181733404,0
26595,0.004506700508919548,0
26596,0.15036045211999288,0
26597,0.1807276701584976,1
26598,0.11748967862269047,0
26599,0.1758463008633321,1
26600,0.024262154089415382,0
26601,0.002486292214132783,0
26602,0.10585021132634545,0
26603,0.0069279665395552675,0
26604,0.05325379315753417,0
26605,0.014756921842007543,0
26606,0.07815296386959526,0
26607,0.23847472557461927,1
26608,0.03450032931300735,0
26609,0.04229829448947819,0
26610,0.011067829590036996,0
26611,0.17627518194695793,1
26612,0.00476431372075643,0
26613,0.005217126589501123,0
26614,0.10572473622875446,0
26615,0.06960342177617708,0
26616,0.010721017917355913,0
26617,0.007756606876893539,0
26618,0.022534974024716846,0
26619,0.04797013331573509,0
26620,0.06907883472860855,0
26621,0.002866483004801079,0
26622,0.0018174293249333174,0
26623,0.0023569484535752878,0
26624,0.002000753256142603,0
26625,0.022918790451631012,0
26626,0.1679816847850957,0
26627,0.022124907568620185,0
26628,0.019115356853535825,0
26629,0.12369344072681583,0
26630,0.08778273040872375,0
26631,0.09988492271868266,0
26632,0.003256036136515476,0
26633,0.0031234428303974714,0
26634,0.011515664417144933,0
26635,0.07562148018534669,0
26636,0.17006334082242808,1
26637,0.0031771419459487287,0
26638,0.03394307410618962,0
26639,0.14606909916349592,0
26640,0.01739151972659679,0
26641,0.056728700121383,0
26642,0.047597342038030115,0
26643,0.065850376033561,0
26644,0.005546904487772116,0
26645,0.001592400954658409,0
26646,0.0066292772643702,0
26647,0.11452809301553145,0
26648,0.03902442566521864,0
26649,0.10402168520727985,0
26650,0.01867515368550931,0
26651,0.004879834293636513,0
26652,0.0157675917432537,0
26653,0.10913701825118452,0
26654,0.03427412760104269,0
26655,0.03270489698021493,0
26656,0.002632706881805206,0
26657,0.0076739179063543585,0
26658,0.08180856620891834,0
26659,0.20405821042898348,1
26660,0.0789588565659252,0
26661,0.036040197584628855,0
26662,0.0020839254115365023,0
26663,0.1513470293640756,0
26664,0.08991123974056218,0
26665,0.0671886676843164,0
26666,0.07697811148798399,0
26667,0.09200525433946959,0
26668,0.006873821230826915,0
26669,0.04186791520713591,0
26670,0.09464826385045326,0
26671,0.0606762427561219,0
26672,0.09985068128771447,0
26673,0.03741441851050162,0
26674,0.0850732880729562,0
26675,0.011163771016548758,0
26676,0.10427181451730654,0
26677,0.21230210716012382,1
26678,0.008016877832375828,0
26679,0.057294098495256254,0
26680,0.061924283571682594,0
26681,0.10128796518822027,0
26682,0.007843628511543093,0
26683,0.03928418586037032,0
26684,0.0067142775114046906,0
26685,0.04553055018679978,0
26686,0.0429515466423839,0
26687,0.056985866558634087,0
26688,0.0019327167265498287,0
26689,0.04182493542064401,0
26690,0.0939907014612986,0
26691,0.005952852342163347,0
26692,0.060675953007774716,0
26693,0.08125371764633625,0
26694,0.22488754726535493,1
26695,0.0788635635799254,0
26696,0.0014392412336215947,0
26697,0.0023488256436248784,0
26698,0.018872613821357218,0
26699,0.010708507864728663,0
26700,0.023279936632411954,0
26701,0.1309273671903069,0
26702,0.011764669823988569,0
26703,0.00394704213831126,0
26704,0.06762657283985544,0
26705,0.039185782048057005,0
26706,0.05893490816813042,0
26707,0.005177612629379065,0
26708,0.06836805738285558,0
26709,0.02968115597763809,0
26710,0.20332684448971783,1
26711,0.10864999079992659,0
26712,0.019137923767136012,0
26713,0.05741549973408238,0
26714,0.0075833887553983315,0
26715,0.019552619958073943,0
26716,0.11701163503686338,0
26717,0.038143151797541325,0
26718,0.0029431271046333287,0
26719,0.042712416588482245,0
26720,0.005503048988925641,0
26721,0.012409742921540741,0
26722,0.05247338266364005,0
26723,0.03910483113889703,0
26724,0.05865866523636484,0
26725,0.039517269377186026,0
26726,0.08073071510954778,0
26727,0.07644142818996387,0
26728,0.06826093902514388,0
26729,0.00747218392160467,0
26730,0.011605513111533083,0
26731,0.006937360983266235,0
26732,0.016911771233603375,0
26733,0.21279247340756133,1
26734,0.007824601063120166,0
26735,0.027458339480628376,0
26736,0.01576268859270602,0
26737,0.11559598137444334,0
26738,0.006314018091132012,0
26739,0.07619217660069948,0
26740,0.2167210386575474,1
26741,0.08123569317575066,0
26742,0.039378585676423127,0
26743,0.059185069531570794,0
26744,0.03370828045334169,0
26745,0.03266998183813445,0
26746,0.034926319405153214,0
26747,0.041440981539444914,0
26748,0.006531892971911538,0
26749,0.12486108369104582,0
26750,0.003025194816427675,0
26751,0.03419639960881622,0
26752,0.01789536411970418,0
26753,0.0715160553465451,0
26754,0.10032268984670001,0
26755,0.003472801543053043,0
26756,0.06889446512900686,0
26757,0.0325190926434827,0
26758,0.004814744919087259,0
26759,0.11937632119188153,0
26760,0.049325901178158355,0
26761,0.0743787514976472,0
26762,0.033210661710483126,0
26763,0.022530803440080946,0
26764,0.07804506169355295,0
26765,0.007792538023790696,0
26766,0.009230652244011333,0
26767,0.0023085887200539725,0
26768,0.1109211811963757,0
26769,0.0650299533362376,0
26770,0.013808215955465619,0
26771,0.13026456025621014,0
26772,0.1706518536351051,1
26773,0.21353338059529064,1
26774,0.03368109627711708,0
26775,0.03483309491974365,0
26776,0.18558428008972733,1
26777,0.012377698724928754,0
26778,0.06129942623177216,0
26779,0.02647818643015476,0
26780,0.20265150164150889,1
26781,0.050779957253217385,0
26782,0.05527002512115427,0
26783,0.08394092037000521,0
26784,0.0432464569378933,0
26785,0.058344150966890565,0
26786,0.02263641991122717,0
26787,0.0039582521558073035,0
26788,0.0058816474306921124,0
26789,0.058140351791673796,0
26790,0.09370703447093393,0
26791,0.06091425943690858,0
26792,0.05599836661386998,0
26793,0.12869577197369042,0
26794,0.17953076458229517,1
26795,0.01999365360514233,0
26796,0.014472403541601071,0
26797,0.08935799211606216,0
26798,0.02947586363204624,0
26799,0.09071118514421309,0
26800,0.007795529281100011,0
26801,0.05041511467012992,0
26802,0.10384349412257962,0
26803,0.12896178810187747,0
26804,0.17485085864919253,1
26805,0.003612401163285672,0
26806,0.06247145973343604,0
26807,0.14056622625112514,0
26808,0.042342923736936565,0
26809,0.020645047186033987,0
26810,0.012087663245804755,0
26811,0.009115513450968423,0
26812,0.07644654322430808,0
26813,0.014544367467785231,0
26814,0.18639343234039354,1
26815,0.07690235770044075,0
26816,0.036722983987473694,0
26817,0.021510894535593895,0
26818,0.0026051944369129536,0
26819,0.00237976716292696,0
26820,0.14399964723752073,0
26821,0.014165435210496513,0
26822,0.13743146485515914,0
26823,0.01008763532340399,0
26824,0.19446648306256367,1
26825,0.005094948516002954,0
26826,0.02537595657417172,0
26827,0.032571138051966576,0
26828,0.011791665793597436,0
26829,0.02986627249657366,0
26830,0.014720637840165559,0
26831,0.09868465519915169,0
26832,0.0434532642071245,0
26833,0.20914072448789908,1
26834,0.05967474832780942,0
26835,0.12020705405953803,0
26836,0.029436754346265834,0
26837,0.03054595760985109,0
26838,0.1515372206541631,0
26839,0.11735208764797714,0
26840,0.14389003400734082,0
26841,0.03277910439074553,0
26842,0.13113113934364623,0
26843,0.007516245242339751,0
26844,0.030967126953650743,0
26845,0.08655807826125382,0
26846,0.07701873460848416,0
26847,0.14472587980329668,0
26848,0.015846520070446683,0
26849,0.06174600763361852,0
26850,0.10410240974233832,0
26851,0.036530208201283804,0
26852,0.02326181401472715,0
26853,0.0703981119655151,0
26854,0.028381240137765728,0
26855,0.11129435713757581,0
26856,0.00458332717231004,0
26857,0.14358755838733758,0
26858,0.12570549110991167,0
26859,0.094615579473904,0
26860,0.0021983346702236636,0
26861,0.024573175446596842,0
26862,0.0635460560224727,0
26863,0.028651306571551394,0
26864,0.0040860466061693945,0
26865,0.03682230145988405,0
26866,0.012603337388870236,0
26867,0.04305819783752793,0
26868,0.04749502457774621,0
26869,0.2690736561354059,1
26870,0.09988481945524504,0
26871,0.01348701904136922,0
26872,0.01301465969056564,0
26873,0.10066856784940367,0
26874,0.1498921091539885,0
26875,0.045452490786437635,0
26876,0.05062566387718982,0
26877,0.07333739538017305,0
26878,0.06336450564078636,0
26879,0.024569541855121634,0
26880,0.22063514355160055,1
26881,0.057102671316022466,0
26882,0.0951274694798075,0
26883,0.104684366097077,0
26884,0.048621090336873056,0
26885,0.0638901102382696,0
26886,0.01182211401616078,0
26887,0.008613447090252534,0
26888,0.11734547948947445,0
26889,0.045266802604911546,0
26890,0.0677452020553922,0
26891,0.03574318774370597,0
26892,0.03852676694212397,0
26893,0.05230588120156135,0
26894,0.1926727554153554,1
26895,0.02619589871649841,0
26896,0.02206386987974201,0
26897,0.09708091181603601,0
26898,0.1350378874401341,0
26899,0.012321046353396621,0
26900,0.02192313508447951,0
26901,0.021203560941171092,0
26902,0.024588892230561748,0
26903,0.3002787137810327,1
26904,0.06209398671075555,0
26905,0.025436202428642165,0
26906,0.051208556719656545,0
26907,0.05997301385151844,0
26908,0.008310264733211621,0
26909,0.02968584177599585,0
26910,0.07360883942983577,0
26911,0.026264750091289073,0
26912,0.02831564785214107,0
26913,0.030087364095270863,0
26914,0.016831213819028804,0
26915,0.09793166266258707,0
26916,0.22683450684252643,1
26917,0.03938330569626004,0
26918,0.05747416070520238,0
26919,0.07248903185358084,0
26920,0.030142211619695554,0
26921,0.07157208445735046,0
26922,0.06671875534934306,0
26923,0.013534739040906926,0
26924,0.04988351208422739,0
26925,0.09296809509174286,0
26926,0.16996354782245096,0
26927,0.045940041306367356,0
26928,0.0765551556795356,0
26929,0.034241638902225806,0
26930,0.008605393155556262,0
26931,0.002253056146324295,0
26932,0.13031827970285093,0
26933,0.09681726187427872,0
26934,0.029491089774565396,0
26935,0.0020438012947384307,0
26936,0.12587750933118314,0
26937,0.047414617935198626,0
26938,0.03389704054681676,0
26939,0.05216831343376789,0
26940,0.07089019179532907,0
26941,0.10447114605171141,0
26942,0.007370185050316976,0
26943,0.024577646612914648,0
26944,0.0073412000007842424,0
26945,0.013623985954867432,0
26946,0.04645720918263704,0
26947,0.07653640184123046,0
26948,0.05186876504071333,0
26949,0.026814776980158387,0
26950,0.01493744743582374,0
26951,0.033444309220030215,0
26952,0.022386915163176833,0
26953,0.07890384156975241,0
26954,0.03015422118164229,0
26955,0.029132874918725425,0
26956,0.08084371933854335,0
26957,0.11379768598361358,0
26958,0.04903713484186948,0
26959,0.05737509220055517,0
26960,0.05300279474515987,0
26961,0.013489297912043932,0
26962,0.021867255594161014,0
26963,0.11764436353180734,0
26964,0.06455891553679693,0
26965,0.014081609796220211,0
26966,0.019578434928614462,0
26967,0.039329860220523746,0
26968,0.04480743284106401,0
26969,0.12384345160136213,0
26970,0.08428511742317463,0
26971,0.026358575787557372,0
26972,0.13236990463168505,0
26973,0.12770979516962774,0
26974,0.022620771011110263,0
26975,0.19999253255036425,1
26976,0.21558715565317849,1
26977,0.018031609008851604,0
26978,0.11498824593124271,0
26979,0.04135653656829462,0
26980,0.06833707325964333,0
26981,0.04043675955776475,0
26982,0.014467372327029304,0
26983,0.1010814331977092,0
26984,0.006304227133330431,0
26985,0.025586367411173875,0
26986,0.010711220149117866,0
26987,0.2463945549099683,1
26988,0.011341764662079671,0
26989,0.15822715279259697,0
26990,0.012894806338614336,0
26991,0.11019901773895087,0
26992,0.054920840545493205,0
26993,0.005664008913358217,0
26994,0.14440846982074143,0
26995,0.0637563844833995,0
26996,0.014332156117429254,0
26997,0.19916854167728795,1
26998,0.017239872014095506,0
26999,0.028413145565283494,0
27000,0.08443785336722878,0
27001,0.033513039394255116,0
27002,0.057755441180261144,0
27003,0.11827178980072407,0
27004,0.0782582796840534,0
27005,0.02178260172796633,0
27006,0.10774509084959581,0
27007,0.1408252198243178,0
27008,0.10949246716755594,0
27009,0.09155706613113322,0
27010,0.03034912280459794,0
27011,0.15583025987010507,0
27012,0.0346240548284259,0
27013,0.15948399826126228,0
27014,0.008562526460130086,0
27015,0.08989195404111652,0
27016,0.026127093675759893,0
27017,0.021955146916334135,0
27018,0.0186080248833964,0
27019,0.049837800199552154,0
27020,0.003974704936075435,0
27021,0.21128012209093397,1
27022,0.008242409846422187,0
27023,0.01020841521461507,0
27024,0.08732870215015372,0
27025,0.04999894894172095,0
27026,0.014773996762688646,0
27027,0.07751138207347151,0
27028,0.0201162074938459,0
27029,0.008468439384818746,0
27030,0.014890024651195037,0
27031,0.06670767806954456,0
27032,0.05683592460628469,0
27033,0.05209736480537617,0
27034,0.06287210684533828,0
27035,0.10109460545448433,0
27036,0.006131080420345454,0
27037,0.10550206039142362,0
27038,0.01810997694441651,0
27039,0.005620230665470963,0
27040,0.12226299295366803,0
27041,0.1081262661410916,0
27042,0.09237326790230456,0
27043,0.0756667261361344,0
27044,0.08421821199754227,0
27045,0.08189437418014353,0
27046,0.04647774815937558,0
27047,0.09230757742465714,0
27048,0.02041365327003045,0
27049,0.1138925522674092,0
27050,0.02899349468408226,0
27051,0.13347588851301365,0
27052,0.005401202187028909,0
27053,0.03374123909882994,0
27054,0.059322929903006826,0
27055,0.020412304137386744,0
27056,0.02624460971516516,0
27057,0.13844812042770566,0
27058,0.07263770423636104,0
27059,0.08867551172436014,0
27060,0.0170374848758561,0
27061,0.1368661086684734,0
27062,0.04379050308471437,0
27063,0.15044483296599348,0
27064,0.006536183644362636,0
27065,0.15179257853858535,0
27066,0.029403458637211433,0
27067,0.15163230883206885,0
27068,0.10208816756411482,0
27069,0.06306002931444359,0
27070,0.10609149781772469,0
27071,0.029366992822048014,0
27072,0.02898696382514018,0
27073,0.09514606079577081,0
27074,0.06035778242504677,0
27075,0.10425223002737835,0
27076,0.1276949775224781,0
27077,0.05786722872881119,0
27078,0.03276202196926456,0
27079,0.025579908739493975,0
27080,0.09528619407768317,0
27081,0.028364764198824884,0
27082,0.01189040127282351,0
27083,0.1821475963657068,1
27084,0.08598476901662891,0
27085,0.2619121890225772,1
27086,0.08642559959503782,0
27087,0.13880489482650116,0
27088,0.06076042561214593,0
27089,0.05077322234869966,0
27090,0.04133509545125962,0
27091,0.11860897476228024,0
27092,0.08487795606914526,0
27093,0.1056370702470286,0
27094,0.022458366912622492,0
27095,0.1850323463090081,1
27096,0.030216993755838226,0
27097,0.08536048910962814,0
27098,0.040540827268218664,0
27099,0.048096077129330436,0
27100,0.09093741728988992,0
27101,0.01766902935865162,0
27102,0.012167941587460204,0
27103,0.0012043171952178743,0
27104,0.03878494020425591,0
27105,0.07888605681658004,0
27106,0.03875993771347431,0
27107,0.07108131268966751,0
27108,0.05132564703602557,0
27109,0.014741475416969891,0
27110,0.052245398226628444,0
27111,0.016427223553300722,0
27112,0.13954021285773405,0
27113,0.01498487058276272,0
27114,0.12715051332125601,0
27115,0.061476538592365154,0
27116,0.13920186072542626,0
27117,0.016513282143291032,0
27118,0.01814024372830009,0
27119,0.1045327119603278,0
27120,0.034726523339872785,0
27121,0.26345292739164555,1
27122,0.17502904518354861,1
27123,0.08208622924124444,0
27124,0.05305713889900579,0
27125,0.018651817453666984,0
27126,0.02350754454153699,0
27127,0.056718400587107774,0
27128,0.005047077966515563,0
27129,0.1220255973733442,0
27130,0.1645641659778739,0
27131,0.0043227307849801775,0
27132,0.08068623814669387,0
27133,0.07251707172334805,0
27134,0.0650891758051352,0
27135,0.09829703738028502,0
27136,0.08830050625954303,0
27137,0.1570202650965908,0
27138,0.006847504001467904,0
27139,0.03573387335682592,0
27140,0.008916756688599732,0
27141,0.1184034062531187,0
27142,0.05986343761799116,0
27143,0.21224973027984298,1
27144,0.0643653770283216,0
27145,0.09035300387828687,0
27146,0.1765220898029876,1
27147,0.023406396264578144,0
27148,0.018722433863777824,0
27149,0.053197781075841236,0
27150,0.1018252293177043,0
27151,0.0789702398040159,0
27152,0.10420075111013223,0
27153,0.011028970570761798,0
27154,0.03288933189333729,0
27155,0.08149330788269017,0
27156,0.015919167699442602,0
27157,0.011035159989322673,0
27158,0.005133193335104402,0
27159,0.06537817388226072,0
27160,0.03323612260922989,0
27161,0.08231499807964829,0
27162,0.021423480770232796,0
27163,0.07062737352661365,0
27164,0.010597925441349795,0
27165,0.03666732272138818,0
27166,0.05036273255903988,0
27167,0.009563579114380683,0
27168,0.038037942064790074,0
27169,0.1590339258743668,0
27170,0.03967487680603318,0
27171,0.015811939302779035,0
27172,0.0046430589142961425,0
27173,0.03498271135988018,0
27174,0.15165376701434605,0
27175,0.007335803436038095,0
27176,0.014267477394084353,0
27177,0.02458190776663086,0
27178,0.10367068204945859,0
27179,0.04973591013895921,0
27180,0.0292399862105922,0
27181,0.05689493385625899,0
27182,0.05028391226708335,0
27183,0.14234066528894107,0
27184,0.09152196805639999,0
27185,0.04671931144989775,0
27186,0.018312651125575164,0
27187,0.10507046835642839,0
27188,0.014421128149901782,0
27189,0.08295774525856064,0
27190,0.07983155253715586,0
27191,0.008164754600140418,0
27192,0.045410181316287164,0
27193,0.05597437258036801,0
27194,0.029397798517930594,0
27195,0.08651033096594213,0
27196,0.12776805479028505,0
27197,0.15562457156164894,0
27198,0.20182823236102104,1
27199,0.012133085857934371,0
27200,0.027948528781298904,0
27201,0.006513513582792892,0
27202,0.011754633432537909,0
27203,0.1773109873648737,1
27204,0.06943844164342113,0
27205,0.14266201420013244,0
27206,0.11674878261249866,0
27207,0.18545526931098066,1
27208,0.043038506923206765,0
27209,0.04820788659239771,0
27210,0.027305367654440145,0
27211,0.04900258163266601,0
27212,0.06354121976192208,0
27213,0.07782049388953463,0
27214,0.008859981501263119,0
27215,0.10299622407435191,0
27216,0.05083789203692791,0
27217,0.059909574746717036,0
27218,0.1471998315223326,0
27219,0.02439411929571948,0
27220,0.019967716629213438,0
27221,0.03426675730121273,0
27222,0.07241896948920429,0
27223,0.07254884271357405,0
27224,0.1386098119637755,0
27225,0.17087914503183077,1
27226,0.04653062277050923,0
27227,0.07702401672863982,0
27228,0.030412780229480987,0
27229,0.13962978776974577,0
27230,0.08868136398074067,0
27231,0.15898610873273586,0
27232,0.04249799362249555,0
27233,0.024544914522395614,0
27234,0.1423713372033807,0
27235,0.055384326533832365,0
27236,0.05050171497173441,0
27237,0.08977461826475532,0
27238,0.08862470858554569,0
27239,0.051244596793724256,0
27240,0.05147057748981355,0
27241,0.02959200739662778,0
27242,0.008305967836585786,0
27243,0.04644974836167827,0
27244,0.17369640314411636,1
27245,0.031085642053266953,0
27246,0.11393652978531511,0
27247,0.16725461733316008,0
27248,0.1122823905562566,0
27249,0.09423597119506828,0
27250,0.0142519042838183,0
27251,0.03209273203119152,0
27252,0.012320972916918915,0
27253,0.13852524420232878,0
27254,0.026968862597381092,0
27255,0.0891601822424015,0
27256,0.014640652457735404,0
27257,0.05530519574704062,0
27258,0.010237952126825581,0
27259,0.029089998879593463,0
27260,0.0981001441806602,0
27261,0.034668228131458416,0
27262,0.02177408205768918,0
27263,0.019904976679106037,0
27264,0.03993990156537037,0
27265,0.007086235134619715,0
27266,0.006366646292819222,0
27267,0.09739974728995276,0
27268,0.09581840800340764,0
27269,0.011130123782503576,0
27270,0.08359511516113846,0
27271,0.13994722000913767,0
27272,0.06902718848163066,0
27273,0.0050832850492449864,0
27274,0.0538830590055003,0
27275,0.07405456940212059,0
27276,0.04711714929510924,0
27277,0.04070564129839167,0
27278,0.004806795756612625,0
27279,0.07370520309469564,0
27280,0.02520476137518745,0
27281,0.009549292588744233,0
27282,0.038907839879710505,0
27283,0.008237494009462313,0
27284,0.0049432371127507094,0
27285,0.006801306172027736,0
27286,0.1897014061437946,1
27287,0.048704292392844864,0
27288,0.02152347441803233,0
27289,0.006010117134097611,0
27290,0.11613432578407809,0
27291,0.1596183848994037,0
27292,0.09762643057834525,0
27293,0.007684992339086098,0
27294,0.09260360343994566,0
27295,0.005664008913358217,0
27296,0.0066245179671884,0
27297,0.007462501225867565,0
27298,0.0394681552734977,0
27299,0.14461463064416097,0
27300,0.04100905833377371,0
27301,0.14323976023231488,0
27302,0.01493989277774667,0
27303,0.0501636370475578,0
27304,0.16714176205852446,0
27305,0.051157808098419584,0
27306,0.1444175305791736,0
27307,0.008607467115666845,0
27308,0.022913570771150586,0
27309,0.04090102165780749,0
27310,0.008365207535195384,0
27311,0.14077150991769175,0
27312,0.13020780390755132,0
27313,0.01102570041973292,0
27314,0.02485384824904168,0
27315,0.05637805203530569,0
27316,0.06092630543861862,0
27317,0.058446218559289956,0
27318,0.0063815097257510075,0
27319,0.04573108447564801,0
27320,0.057520221681634266,0
27321,0.18240783975648045,1
27322,0.07894778504992253,0
27323,0.10589265214197913,0
27324,0.1675963399104671,0
27325,0.006658181773248284,0
27326,0.06670455194099259,0
27327,0.16826560342483202,0
27328,0.019551213450507136,0
27329,0.017950652779919887,0
27330,0.10398251073607793,0
27331,0.00916585930411978,0
27332,0.07329068963309968,0
27333,0.20580826512962963,1
27334,0.019171975203395995,0
27335,0.10168650711759432,0
27336,0.02981573189204972,0
27337,0.027708642952700525,0
27338,0.1051252857719726,0
27339,0.07541278112493334,0
27340,0.04551963632885606,0
27341,0.11153486733473468,0
27342,0.05566670276680307,0
27343,0.033253828781460486,0
27344,0.05984643627950188,0
27345,0.006621111960986189,0
27346,0.06266655299968048,0
27347,0.0803308193405616,0
27348,0.009636664447467995,0
27349,0.14921111624629588,0
27350,0.02358984177082887,0
27351,0.009083328424535816,0
27352,0.09411610148883837,0
27353,0.053652883225486184,0
27354,0.025232811675186415,0
27355,0.07631737366525283,0
27356,0.004390726943937244,0
27357,0.04083459988890262,0
27358,0.021611313868191446,0
27359,0.2750728845593796,1
27360,0.047226246124921885,0
27361,0.010282402291331528,0
27362,0.017447542049798332,0
27363,0.04529843490335898,0
27364,0.01974744176646762,0
27365,0.09519957927823283,0
27366,0.07321132070858263,0
27367,0.030252696705204845,0
27368,0.01364527229081091,0
27369,0.07533215831909154,0
27370,0.03226421794139089,0
27371,0.11783942757214423,0
27372,0.07711198845764146,0
27373,0.02553476316038006,0
27374,0.052914144988590456,0
27375,0.009100936727233036,0
27376,0.15567127540856796,0
27377,0.052160522084423254,0
27378,0.07203120340832442,0
27379,0.03252864449997623,0
27380,0.09951936795193284,0
27381,0.21163209422293175,1
27382,0.060539347159226625,0
27383,0.07301264911591906,0
27384,0.058262160549890606,0
27385,0.03574720260815491,0
27386,0.11927321350877351,0
27387,0.04319825018581243,0
27388,0.04985003466218009,0
27389,0.04732770672562055,0
27390,0.05277131594699294,0
27391,0.057242873693402335,0
27392,0.01670689694547057,0
27393,0.06480321799752112,0
27394,0.05823843515352799,0
27395,0.09410120104549728,0
27396,0.18310152056731363,1
27397,0.1449509578475151,0
27398,0.01814812561721913,0
27399,0.015837833641483938,0
27400,0.10461596452314834,0
27401,0.09835240748133334,0
27402,0.03787130041697905,0
27403,0.2421963781227734,1
27404,0.030855055398386438,0
27405,0.14054872971751756,0
27406,0.059233648863573664,0
27407,0.18669990923692384,1
27408,0.1529018959953376,0
27409,0.021132762511747907,0
27410,0.02537113178323264,0
27411,0.004751554909027818,0
27412,0.0961853498290318,0
27413,0.14204403919668993,0
27414,0.006905234252764133,0
27415,0.0060288616966899765,0
27416,0.18434231695696102,1
27417,0.02269066698644866,0
27418,0.16636154797688335,0
27419,0.020513926019956726,0
27420,0.009214691502191638,0
27421,0.045307184068037035,0
27422,0.032233610785918215,0
27423,0.004660574378745674,0
27424,0.022186920735528283,0
27425,0.20841239945834886,1
27426,0.03791211263271425,0
27427,0.08859259410234281,0
27428,0.05661643816679824,0
27429,0.035156905220436144,0
27430,0.02909422903438733,0
27431,0.018482152313831636,0
27432,0.14790184369739245,0
27433,0.19143329552972185,1
27434,0.11500683945562175,0
27435,0.13469558704094906,0
27436,0.012085662010228553,0
27437,0.06732094875091205,0
27438,0.06614382855874786,0
27439,0.019721850622814143,0
27440,0.02641972680930625,0
27441,0.14900198706394197,0
27442,0.00776312536988694,0
27443,0.2073594010390293,1
27444,0.034925118162359964,0
27445,0.03300240089444923,0
27446,0.20307430828570425,1
27447,0.02876695897371898,0
27448,0.06194137256942341,0
27449,0.024138456566303666,0
27450,0.05076705557216534,0
27451,0.04986508294492783,0
27452,0.0258912228344187,0
27453,0.021277333341452008,0
27454,0.05950304923948206,0
27455,0.18532000611000632,1
27456,0.01725970762909831,0
27457,0.07125517184693447,0
27458,0.029695957463725012,0
27459,0.04411951885970533,0
27460,0.005466901878908488,0
27461,0.10085415151637465,0
27462,0.09895718851195996,0
27463,0.0995504978815563,0
27464,0.10574572763302309,0
27465,0.13330731585973393,0
27466,0.13708644638105483,0
27467,0.030879579350073853,0
27468,0.04940911346664519,0
27469,0.12138188102815767,0
27470,0.028847920236648544,0
27471,0.23054324051192274,1
27472,0.13062220712695596,0
27473,0.0848941422945024,0
27474,0.041202167700928466,0
27475,0.03272839810533282,0
27476,0.02979630816232759,0
27477,0.0622354486982747,0
27478,0.06065831016094285,0
27479,0.010893165496083804,0
27480,0.08875247088257596,0
27481,0.07103840678978021,0
27482,0.10353417495738709,0
27483,0.05893767903488973,0
27484,0.034817101076285585,0
27485,0.0397398428446065,0
27486,0.007916254839688356,0
27487,0.06201601519433208,0
27488,0.012128307264704456,0
27489,0.03922576987076715,0
27490,0.029612897409698635,0
27491,0.11219452084388469,0
27492,0.011521698282029069,0
27493,0.09608765808764828,0
27494,0.10045424311165206,0
27495,0.036399287269877324,0
27496,0.040772980200170124,0
27497,0.1942390711556687,1
27498,0.12401503382395891,0
27499,0.03102889737144364,0
27500,0.009932857077418112,0
27501,0.06417543539800437,0
27502,0.1877106546985368,1
27503,0.015608663908766066,0
27504,0.05400471019498671,0
27505,0.049877367353002605,0
27506,0.03826238310320139,0
27507,0.03313661578262835,0
27508,0.02934601462991279,0
27509,0.06357057552734385,0
27510,0.06886789485161261,0
27511,0.09844092739397978,0
27512,0.10687405440760471,0
27513,0.015234061439381412,0
27514,0.010325109845679647,0
27515,0.021767145635904116,0
27516,0.006541487580125679,0
27517,0.09432173249744817,0
27518,0.03846853920110776,0
27519,0.02206906006724268,0
27520,0.0667661936294175,0
27521,0.09955706941065216,0
27522,0.10455352040028089,0
27523,0.06291933584555771,0
27524,0.038918971916271396,0
27525,0.12484928314533462,0
27526,0.15607974524603638,0
27527,0.17294027837109605,1
27528,0.13130991204696296,0
27529,0.05678441987319829,0
27530,0.03722473118715838,0
27531,0.0938989555548983,0
27532,0.011977883770328676,0
27533,0.10393369071484418,0
27534,0.052798872422837796,0
27535,0.03325980259801698,0
27536,0.04000017118356411,0
27537,0.036241092699931234,0
27538,0.02135740328611094,0
27539,0.04524460637386814,0
27540,0.04769356412162833,0
27541,0.03420845262661389,0
27542,0.11084757977930361,0
27543,0.09041021704432027,0
27544,0.05821968327771938,0
27545,0.032145200166155394,0
27546,0.03226129892157462,0
27547,0.25050866547686756,1
27548,0.17514082209001197,1
27549,0.01919954867442529,0
27550,0.0680191024199929,0
27551,0.10591776863544079,0
27552,0.014952948497967274,0
27553,0.09653795031180305,0
27554,0.050122371423696875,0
27555,0.11584510273706504,0
27556,0.08703026424605556,0
27557,0.1056387487411981,0
27558,0.03355385136904098,0
27559,0.12173541578019445,0
27560,0.0656440949353043,0
27561,0.05470440195270791,0
27562,0.009113921105920937,0
27563,0.03321355755889555,0
27564,0.07590557903170361,0
27565,0.05037843892802093,0
27566,0.02165593295087027,0
27567,0.04129444198021998,0
27568,0.15527614915288654,0
27569,0.015360408686772435,0
27570,0.11052831727732483,0
27571,0.023782810192930447,0
27572,0.005451408107834451,0
27573,0.008688779225782987,0
27574,0.012675719523675426,0
27575,0.045664008842834315,0
27576,0.021787537180435572,0
27577,0.14625361321618893,0
27578,0.020646820789710727,0
27579,0.06556118054253822,0
27580,0.09807897999245507,0
27581,0.09468433577821256,0
27582,0.285092470440757,1
27583,0.03423571029220806,0
27584,0.026269276494308064,0
27585,0.09736255168926235,0
27586,0.012167035789143955,0
27587,0.031485266404743854,0
27588,0.06580996668651418,0
27589,0.021791956901810097,0
27590,0.06652427236946129,0
27591,0.03695993394606353,0
27592,0.011271792622565753,0
27593,0.04927443074960612,0
27594,0.04815862184687127,0
27595,0.02700692484007444,0
27596,0.04345417493696015,0
27597,0.013584516451552408,0
27598,0.0027026980582054217,0
27599,0.061772836907578996,0
27600,0.08065022105402067,0
27601,0.10468485628862192,0
27602,0.0727175587772171,0
27603,0.0882968344462128,0
27604,0.009332301035471927,0
27605,0.1426785364442005,0
27606,0.02250534242067134,0
27607,0.04223663283458233,0
27608,0.04197259185426524,0
27609,0.19853307447534435,1
27610,0.004006395811935234,0
27611,0.009911014546417518,0
27612,0.0036845278999861897,0
27613,0.04699426485054768,0
27614,0.029911455691670686,0
27615,0.022743190747702303,0
27616,0.004737104954828197,0
27617,0.020887336766601948,0
27618,0.06675832616069668,0
27619,0.0011867981186728753,0
27620,0.00714052192763089,0
27621,0.06668195556269753,0
27622,0.018196594345983714,0
27623,0.059305790995575994,0
27624,0.056351207189031506,0
27625,0.14425467078023385,0
27626,0.04170211186708618,0
27627,0.033367056541107026,0
27628,0.05502232280443897,0
27629,0.03882045810692534,0
27630,0.030500736424660172,0
27631,0.038935951954239864,0
27632,0.021607056205363035,0
27633,0.0013746158698523766,0
27634,0.035435659180947286,0
27635,0.028771578685184148,0
27636,0.006348504442191246,0
27637,0.03281193345515065,0
27638,0.006614471803303575,0
27639,0.05871897716268848,0
27640,0.0029377090051682098,0
27641,0.006951683717903156,0
27642,0.011205577170122723,0
27643,0.0780527017262319,0
27644,0.025278301374294772,0
27645,0.1281278009265502,0
27646,0.011904541149543342,0
27647,0.008156957711155195,0
27648,0.026179617899748032,0
27649,0.05390100937784844,0
27650,0.07710888717390384,0
27651,0.042852489065541614,0
27652,0.027367640092108864,0
27653,0.045819123122795284,0
27654,0.16665843906270802,0
27655,0.00382387598285933,0
27656,0.010334727016015706,0
27657,0.0140912987556343,0
27658,0.005203506128118433,0
27659,0.05735422800977903,0
27660,0.04358334497507166,0
27661,0.059399171807971544,0
27662,0.1310535454361615,0
27663,0.06629280502425804,0
27664,0.019299188041052306,0
27665,0.2040076547742589,1
27666,0.2280784746905033,1
27667,0.008308869487091464,0
27668,0.09916970409611657,0
27669,0.01980879146126541,0
27670,0.19665149396251227,1
27671,0.010820944310643984,0
27672,0.007459691965585187,0
27673,0.10775842023390095,0
27674,0.005076133699464247,0
27675,0.006450590032919567,0
27676,0.14459109737811346,0
27677,0.030005998885614896,0
27678,0.13863339633498015,0
27679,0.13248584050119636,0
27680,0.027689883309754925,0
27681,0.08092087433049412,0
27682,0.12437013830079083,0
27683,0.007137865203002991,0
27684,0.017398314002679417,0
27685,0.02942754714605861,0
27686,0.0022001525941654685,0
27687,0.03418443036292918,0
27688,0.009633760364653592,0
27689,0.002920572361106862,0
27690,0.04352158978647601,0
27691,0.010294796056432487,0
27692,0.12501883724904148,0
27693,0.051266552717207946,0
27694,0.004493736701891297,0
27695,0.02080700195428913,0
27696,0.024464989753097514,0
27697,0.03237863155543474,0
27698,0.006638465591923278,0
27699,0.05606659295929189,0
27700,0.047237564022196074,0
27701,0.02650003644001794,0
27702,0.06423978947171934,0
27703,0.06663171506030213,0
27704,0.040861740828503905,0
27705,0.10590590847834126,0
27706,0.011802053322990913,0
27707,0.1427283729854688,0
27708,0.002444576672481702,0
27709,0.0034318720492503285,0
27710,0.04888460728294542,0
27711,0.10658293355242382,0
27712,0.006605096062182262,0
27713,0.00772180672243612,0
27714,0.06865754619956607,0
27715,0.023191622965601465,0
27716,0.03426337608052784,0
27717,0.0152582064908648,0
27718,0.12359741578050511,0
27719,0.006409759667613272,0
27720,0.0699045526788578,0
27721,0.005522887466745023,0
27722,0.12550946616783004,0
27723,0.006774824572360353,0
27724,0.12095061458402281,0
27725,0.004262441864691602,0
27726,0.024046073637238964,0
27727,0.08353370797082588,0
27728,0.11116250972938925,0
27729,0.009672170100602647,0
27730,0.011431554365012413,0
27731,0.025209987404930047,0
27732,0.009106277707334269,0
27733,0.025360486212668922,0
27734,0.2242129893928496,1
27735,0.006006643777396,0
27736,0.07038503520669082,0
27737,0.002306436674894178,0
27738,0.02934022541807554,0
27739,0.24722985220443636,1
27740,0.014133889652616024,0
27741,0.011477113232627975,0
27742,0.008785400262887374,0
27743,0.004340809557000514,0
27744,0.06253556716211867,0
27745,0.08743769343026345,0
27746,0.19441595026975542,1
27747,0.03810418651326915,0
27748,0.05103377874561317,0
27749,0.013592631989287677,0
27750,0.0024506910777254936,0
27751,0.022118808637021106,0
27752,0.025804253822833068,0
27753,0.02488238399057753,0
27754,0.042318696428448654,0
27755,0.04027579314662986,0
27756,0.02020584600079421,0
27757,0.012789744635529931,0
27758,0.07680614445555714,0
27759,0.055852639883091644,0
27760,0.020905125940433013,0
27761,0.07813930092703443,0
27762,0.11101701488201952,0
27763,0.08040845940702722,0
27764,0.0933897588904296,0
27765,0.002955640106118655,0
27766,0.0031865147131091196,0
27767,0.2363264826043309,1
27768,0.006505124145738006,0
27769,0.07341434043793746,0
27770,0.04453727491978971,0
27771,0.03394390947900838,0
27772,0.0040567039263484555,0
27773,0.06636349621245255,0
27774,0.14016593867011082,0
27775,0.0667044814323428,0
27776,0.09549309838697732,0
27777,0.006358925835233935,0
27778,0.03556534425495439,0
27779,0.088339393824889,0
27780,0.0143743435143363,0
27781,0.0025248950192025294,0
27782,0.0064111763426660286,0
27783,0.06559094305169429,0
27784,0.024298399074515788,0
27785,0.11200191802079222,0
27786,0.0027287295767082368,0
27787,0.08046311869400687,0
27788,0.024482328661681887,0
27789,0.002249886898958531,0
27790,0.03841081763257424,0
27791,0.0025245528245493015,0
27792,0.01021342776736595,0
27793,0.18709187170461175,1
27794,0.1351099093618099,0
27795,0.17177880162404874,1
27796,0.009098865445421104,0
27797,0.07264045172618551,0
27798,0.08035140995946936,0
27799,0.02822223845743211,0
27800,0.008639788132903885,0
27801,0.12133062463876113,0
27802,0.13894807786454652,0
27803,0.006992685065249334,0
27804,0.11637782101079457,0
27805,0.008780849576617933,0
27806,0.018202310629292215,0
27807,0.007195958622974212,0
27808,0.13783258630353595,0
27809,0.08763050645629292,0
27810,0.006563692431488392,0
27811,0.003132640389010303,0
27812,0.1375709248429275,0
27813,0.004561930746005194,0
27814,0.07576702873529866,0
27815,0.06569992625637433,0
27816,0.058275256502269744,0
27817,0.023719818871205438,0
27818,0.06667872293142378,0
27819,0.11815625626672244,0
27820,0.0031667378733347684,0
27821,0.017321099197204794,0
27822,0.07038719017952462,0
27823,0.06137606654834334,0
27824,0.1242529902376388,0
27825,0.04249038189200056,0
27826,0.031581010034305884,0
27827,0.014590267763071285,0
27828,0.02195166720075632,0
27829,0.17225381982385357,1
27830,0.0363848111651088,0
27831,0.08382476252430576,0
27832,0.089151980357204,0
27833,0.051509531899940654,0
27834,0.014638665835549921,0
27835,0.06788721832805615,0
27836,0.014023018135349155,0
27837,0.13324377721508604,0
27838,0.13161915916831016,0
27839,0.12027480847845622,0
27840,0.03770956087872781,0
27841,0.058302700248571794,0
27842,0.07734771672703158,0
27843,0.04448282241553098,0
27844,0.11502504812342927,0
27845,0.0639453511665304,0
27846,0.011460236085774556,0
27847,0.021748556805285143,0
27848,0.03424913063337445,0
27849,0.05604557135457906,0
27850,0.10785894219593886,0
27851,0.10781556608154898,0
27852,0.11152232556997713,0
27853,0.09203433690587574,0
27854,0.022136604087619506,0
27855,0.003954923226692767,0
27856,0.011820576011633206,0
27857,0.011436818737369132,0
27858,0.04212388865587978,0
27859,0.03799070749920909,0
27860,0.1112196858361684,0
27861,0.03539240530221754,0
27862,0.006114035317256213,0
27863,0.03660633653259236,0
27864,0.0629763585134834,0
27865,0.15051719971893976,0
27866,0.12875300135447468,0
27867,0.05204061864664051,0
27868,0.15357353636446164,0
27869,0.008369896869154961,0
27870,0.0013713219235326275,0
27871,0.17305069555283967,1
27872,0.00252837135941808,0
27873,0.16129572902584702,0
27874,0.017612494483657367,0
27875,0.029414326775749327,0
27876,0.04694241255504353,0
27877,0.13066510348665458,0
27878,0.04152113551596504,0
27879,0.032252550100969016,0
27880,0.11892697317040078,0
27881,0.1901227467546414,1
27882,0.050476185323899,0
27883,0.04480230739616455,0
27884,0.14695571357868803,0
27885,0.1204725860239782,0
27886,0.17428461399122494,1
27887,0.018793192425713312,0
27888,0.0642414007550703,0
27889,0.011460997647842579,0
27890,0.14973977407924852,0
27891,0.13367620333219785,0
27892,0.027241262797610476,0
27893,0.0037600415074111235,0
27894,0.03042313170260947,0
27895,0.12189656325677369,0
27896,0.08515026627245033,0
27897,0.07654997315445151,0
27898,0.08278913055837453,0
27899,0.01394490981992605,0
27900,0.021136092926649582,0
27901,0.14897699428937214,0
27902,0.025942378289932014,0
27903,0.3412897857233696,1
27904,0.05195780484562367,0
27905,0.03297499906907712,0
27906,0.2085504525167068,1
27907,0.14473908406571845,0
27908,0.010922618179196715,0
27909,0.0014279269139313654,0
27910,0.03922929496140094,0
27911,0.18340770620975838,1
27912,0.04321149511891565,0
27913,0.03285625556182425,0
27914,0.007803391619420793,0
27915,0.016901550949992926,0
27916,0.15326903565525055,0
27917,0.0008118962969314358,0
27918,0.11343124902944703,0
27919,0.08422750146752017,0
27920,0.1368810586056433,0
27921,0.02147249762856489,0
27922,0.041331234385450395,0
27923,0.061863471911105,0
27924,0.026760161153726474,0
27925,0.08917346388045863,0
27926,0.024701925219564276,0
27927,0.038028538434379824,0
27928,0.000888364526347396,0
27929,0.02240242490091379,0
27930,0.04692889639215111,0
27931,0.024198245858370455,0
27932,0.06348382225486941,0
27933,0.008038758242395905,0
27934,0.10149452195135315,0
27935,0.020843574523017838,0
27936,0.019092441043372443,0
27937,0.06201192692800214,0
27938,0.0662278330659888,0
27939,0.04635119951356621,0
27940,0.10293221776601275,0
27941,0.17554181019357426,1
27942,0.03095987101806334,0
27943,0.01505479829584077,0
27944,0.018262838305479413,0
27945,0.0325597029765212,0
27946,0.010393222262137925,0
27947,0.17732615788257308,1
27948,0.03302309038193702,0
27949,0.1880432707306695,1
27950,0.0649318497221468,0
27951,0.0022421191803694727,0
27952,0.12317686668613297,0
27953,0.008787868488403088,0
27954,0.025698130877827907,0
27955,0.10952853254577453,0
27956,0.0675228542401272,0
27957,0.02500358894772466,0
27958,0.007557216125030612,0
27959,0.002607511865397205,0
27960,0.013411510488218115,0
27961,0.03218425964826651,0
27962,0.04541796130336784,0
27963,0.1385110603149533,0
27964,0.27367604337610546,1
27965,0.007524661409195566,0
27966,0.004898153676716333,0
27967,0.07621913980205948,0
27968,0.002718633794517178,0
27969,0.014714102722725641,0
27970,0.08685353303720994,0
27971,0.030523277673212924,0
27972,0.08332901740779211,0
27973,0.04044939275628022,0
27974,0.04537302761744067,0
27975,0.08339623941025795,0
27976,0.018575180058265573,0
27977,0.059518071304896406,0
27978,0.033511418276053646,0
27979,0.004776693988818622,0
27980,0.006961106135125735,0
27981,0.021547679031780845,0
27982,0.027028945575867703,0
27983,0.051613401658750155,0
27984,0.11770909697085609,0
27985,0.007045473914565507,0
27986,0.1452596738040962,0
27987,0.012979490956841826,0
27988,0.09736109216208182,0
27989,0.06522329940834543,0
27990,0.006865289889918058,0
27991,0.24457209977298283,1
27992,0.11716134590550194,0
27993,0.027617225804704812,0
27994,0.018978397514134843,0
27995,0.09827956784163815,0
27996,0.002922346778196627,0
27997,0.03325754155272963,0
27998,0.006825936278014363,0
27999,0.07294304147812218,0
28000,0.01830470494925424,0
28001,0.015352369763198573,0
28002,0.02619381638823141,0
28003,0.13642023871868425,0
28004,0.09686576406034948,0
28005,0.20004825697296438,1
28006,0.009978859971437163,0
28007,0.04465243709918501,0
28008,0.06589934363171852,0
28009,0.004087169465774357,0
28010,0.009605048481016747,0
28011,0.03155331658852853,0
28012,0.07652239219570313,0
28013,0.006587045443854785,0
28014,0.11669952418064362,0
28015,0.03995005717739608,0
28016,0.0038143205856528456,0
28017,0.16678117761809788,0
28018,0.04259370831738205,0
28019,0.12087329693754324,0
28020,0.06178970790881797,0
28021,0.13362087852914167,0
28022,0.03476112592593394,0
28023,0.04007828961725994,0
28024,0.020943122301960892,0
28025,0.061030063516961726,0
28026,0.07018831630024155,0
28027,0.04070734623211714,0
28028,0.1434285618850245,0
28029,0.21731026372103365,1
28030,0.027866205743878488,0
28031,0.04363989662193254,0
28032,0.12246139024168551,0
28033,0.11689315861432782,0
28034,0.11421745751239717,0
28035,0.016375376156002694,0
28036,0.015426602189695996,0
28037,0.01817853807489634,0
28038,0.011007486953164032,0
28039,0.06591875600105303,0
28040,0.14521073475815222,0
28041,0.022561044604824696,0
28042,0.027446537500293734,0
28043,0.17663534670668557,1
28044,0.003906666271270653,0
28045,0.01759302261116717,0
28046,0.24605741211947568,1
28047,0.07529792935349038,0
28048,0.013888985025077856,0
28049,0.02900588702559049,0
28050,0.1616699059588017,0
28051,0.029765980560298947,0
28052,0.08710273381412605,0
28053,0.07201528890683544,0
28054,0.01254835334366012,0
28055,0.033382196768517454,0
28056,0.044382444930849176,0
28057,0.010988810168986726,0
28058,0.06903525801841935,0
28059,0.024136148875249248,0
28060,0.012980703468794949,0
28061,0.02448406995667134,0
28062,0.09140863908185255,0
28063,0.046607330643965016,0
28064,0.0415814479295462,0
28065,0.11063504377048762,0
28066,0.02140088204259548,0
28067,0.14978058815216652,0
28068,0.02842421777333067,0
28069,0.0843308156434172,0
28070,0.039023548677330676,0
28071,0.0031072224002409573,0
28072,0.041538254844794203,0
28073,0.13458717397982684,0
28074,0.00803616103011664,0
28075,0.025814390695177245,0
28076,0.032220194527887956,0
28077,0.037618873346704655,0
28078,0.03825943896959862,0
28079,0.13747850931934888,0
28080,0.07448763437633629,0
28081,0.0415186711006249,0
28082,0.056895724555816304,0
28083,0.08720525059109312,0
28084,0.1723805873153547,1
28085,0.006717969421331486,0
28086,0.04718910104111817,0
28087,0.013240504969869305,0
28088,0.10443715311983594,0
28089,0.07036491763362943,0
28090,0.030823577997945256,0
28091,0.13892128949706592,0
28092,0.020783214302363975,0
28093,0.03626331286880173,0
28094,0.23053160177322926,1
28095,0.04575493359335836,0
28096,0.020348997888259626,0
28097,0.11760384591438555,0
28098,0.06600322100697062,0
28099,0.04638806164472483,0
28100,0.02627282638530096,0
28101,0.09924552612719831,0
28102,0.03979153884414718,0
28103,0.09622722266357751,0
28104,0.0822626329882652,0
28105,0.049801743769150406,0
28106,0.03050668857612931,0
28107,0.03818386989075699,0
28108,0.02794884941526233,0
28109,0.049035627712764374,0
28110,0.1609712561234675,0
28111,0.023498761999685872,0
28112,0.20104793518185224,1
28113,0.02410646623326179,0
28114,0.03325586730972093,0
28115,0.11403728496404578,0
28116,0.116502180541191,0
28117,0.19895982532217574,1
28118,0.006239717299092851,0
28119,0.08102553594648956,0
28120,0.010053721355216375,0
28121,0.019745793869975013,0
28122,0.09567434214710886,0
28123,0.06689951238446754,0
28124,0.0029256967168086456,0
28125,0.020899441736291234,0
28126,0.035597917821722454,0
28127,0.0018415543939091247,0
28128,0.1063582103362321,0
28129,0.005941956636491693,0
28130,0.019411585444307107,0
28131,0.012136596321781894,0
28132,0.0500691869282918,0
28133,0.010599947696675693,0
28134,0.14307376569787864,0
28135,0.021579105278852304,0
28136,0.038885064267470064,0
28137,0.03613497421879027,0
28138,0.07052491547795829,0
28139,0.017996514073791287,0
28140,0.012791530770211076,0
28141,0.026723876505830517,0
28142,0.017153380591299946,0
28143,0.04372746578093776,0
28144,0.010234888256572157,0
28145,0.14396105065777595,0
28146,0.15434635349745213,0
28147,0.06359738137682594,0
28148,0.0520984877590367,0
28149,0.06994625712535753,0
28150,0.05176823877709022,0
28151,0.07144723925679139,0
28152,0.0015900253405077762,0
28153,0.03734504318033031,0
28154,0.14927831481863318,0
28155,0.01990613434507386,0
28156,0.0324798187205741,0
28157,0.07687348990528133,0
28158,0.11583400411164271,0
28159,0.02279684684944765,0
28160,0.20857133829547475,1
28161,0.16610442117630705,0
28162,0.023074382622776272,0
28163,0.057383876765968386,0
28164,0.07178914894733422,0
28165,0.031764955443323764,0
28166,0.029615569431441096,0
28167,0.037221291970733976,0
28168,0.021519848920897613,0
28169,0.0012877153985627091,0
28170,0.03199552220561975,0
28171,0.022291332785185736,0
28172,0.027165442825825486,0
28173,0.0017439069541143346,0
28174,0.11171719894012885,0
28175,0.008995423060543187,0
28176,0.036999221892496305,0
28177,0.0008821542412216962,0
28178,0.04416814497167556,0
28179,0.011832598215806511,0
28180,0.040732926522892995,0
28181,0.03489562441813408,0
28182,0.13288957587325462,0
28183,0.014170669872731996,0
28184,0.00541050786073484,0
28185,0.05744942844610209,0
28186,0.0618648054931104,0
28187,0.008343126124627228,0
28188,0.05142755319448175,0
28189,0.015179610955104849,0
28190,0.12578271244043157,0
28191,0.004496799907005481,0
28192,0.08194355527153253,0
28193,0.08822286389869737,0
28194,0.02028031121454994,0
28195,0.167102957098917,0
28196,0.12425563334677345,0
28197,0.04071614278734279,0
28198,0.017965578341099863,0
28199,0.10567134551580949,0
28200,0.0073545666746154485,0
28201,0.18063046842201333,1
28202,0.11858200560554186,0
28203,0.10907221948676073,0
28204,0.006952652820863984,0
28205,0.01186071214880502,0
28206,0.007751829746706932,0
28207,0.00372994654117067,0
28208,0.10297159569249925,0
28209,0.03517227724992838,0
28210,0.03382054146598963,0
28211,0.10326143798751394,0
28212,0.03513074391398999,0
28213,0.026876937131719993,0
28214,0.15135120779658487,0
28215,0.060694526054848444,0
28216,0.07780068144275924,0
28217,0.014874397574411202,0
28218,0.08833351143789228,0
28219,0.010606703033860207,0
28220,0.01246894791849252,0
28221,0.06795109258906899,0
28222,0.032794642655899035,0
28223,0.017034947012263973,0
28224,0.007398573807079793,0
28225,0.033434516407972896,0
28226,0.15989933752377544,0
28227,0.07837079016712373,0
28228,0.00129842715841512,0
28229,0.11181509386915496,0
28230,0.0027569186535560584,0
28231,0.051886497400035404,0
28232,0.00506355359827794,0
28233,0.027542088078048275,0
28234,0.018679665925906315,0
28235,0.007143108013122124,0
28236,0.17371209270935478,1
28237,0.09400681386691166,0
28238,0.08454347081368382,0
28239,0.09682187923986228,0
28240,0.006780900321034622,0
28241,0.06117904897264563,0
28242,0.038381151279632625,0
28243,0.074505108957711,0
28244,0.11318115149906961,0
28245,0.08141108337022536,0
28246,0.10670157473906995,0
28247,0.03791970375459633,0
28248,0.07185206880015978,0
28249,0.08895027831351163,0
28250,0.004669978805034762,0
28251,0.11417610174356693,0
28252,0.027063695165743473,0
28253,0.01704679388983728,0
28254,0.017271855145830496,0
28255,0.17018802084026324,1
28256,0.008457584292456799,0
28257,0.039632569813968274,0
28258,0.004396229771058698,0
28259,0.08375023783250325,0
28260,0.0294047175404412,0
28261,0.01447340500171761,0
28262,0.003011965865318918,0
28263,0.02509185006595441,0
28264,0.12817522498426287,0
28265,0.006677098248944491,0
28266,0.054169893345774836,0
28267,0.0374255645342453,0
28268,0.006100193250756088,0
28269,0.0830615870012282,0
28270,0.0038806411625989337,0
28271,0.02239039634017034,0
28272,0.12845274779845486,0
28273,0.003864700773015469,0
28274,0.04446845275136295,0
28275,0.022135828931655843,0
28276,0.07306889106308555,0
28277,0.12560425360090938,0
28278,0.030938894996809456,0
28279,0.03744673192695326,0
28280,0.011701580085770743,0
28281,0.04651893324037645,0
28282,0.06283888169937316,0
28283,0.09155353685475077,0
28284,0.02076293171374984,0
28285,0.0845141577077855,0
28286,0.012595992028492679,0
28287,0.052149644271339606,0
28288,0.01872523066589249,0
28289,0.0542596257454859,0
28290,0.12432819529152615,0
28291,0.07828975735665973,0
28292,0.13616049503385147,0
28293,0.06830979053757012,0
28294,0.016916698335783027,0
28295,0.024261988995765208,0
28296,0.022792307862565912,0
28297,0.017472552200577054,0
28298,0.008885268389133016,0
28299,0.029874411477613546,0
28300,0.030765810640466247,0
28301,0.035553038650189224,0
28302,0.006448040797573536,0
28303,0.013972352510731197,0
28304,0.028161186485782846,0
28305,0.0321681084622403,0
28306,0.01723653543866687,0
28307,0.029199568973814823,0
28308,0.029168264132398265,0
28309,0.049954288911504795,0
28310,0.1135235626728958,0
28311,0.10690973158960446,0
28312,0.06461375570328395,0
28313,0.048759257204165726,0
28314,0.1322700897488579,0
28315,0.03349830357742683,0
28316,0.1397097012373574,0
28317,0.005373596326450617,0
28318,0.09564663811881831,0
28319,0.004805325665899233,0
28320,0.06920732950430238,0
28321,0.016731471314272914,0
28322,0.012779372646442407,0
28323,0.019597075910839968,0
28324,0.04442063532353767,0
28325,0.11577744247966772,0
28326,0.041668347301268296,0
28327,0.0043157374052346835,0
28328,0.0967844783069566,0
28329,0.015036465396743585,0
28330,0.1703034915783264,1
28331,0.11441236834397538,0
28332,0.17943470897659874,1
28333,0.19293814474926926,1
28334,0.15507966112531912,0
28335,0.020647228965111612,0
28336,0.07380738734629952,0
28337,0.13789889051765788,0
28338,0.013374147019005907,0
28339,0.0748640620919993,0
28340,0.15203749832207988,0
28341,0.13566277816518815,0
28342,0.03570308619469795,0
28343,0.16201491338511648,0
28344,0.1462327393318018,0
28345,0.02597946414751032,0
28346,0.008660479048325682,0
28347,0.03624529238306411,0
28348,0.013064680946173642,0
28349,0.05186118231889663,0
28350,0.29326748054603125,1
28351,0.040077013695021035,0
28352,0.0753704992475952,0
28353,0.16142364021532968,0
28354,0.003478465906730769,0
28355,0.10256324911261906,0
28356,0.012544828334302297,0
28357,0.23830461432742286,1
28358,0.1071623333393629,0
28359,0.023485122297550145,0
28360,0.011445254348226016,0
28361,0.02420781493076393,0
28362,0.09032899029707978,0
28363,0.03179668094141554,0
28364,0.011462314852016202,0
28365,0.10708329588122115,0
28366,0.04025537697317515,0
28367,0.0998095958381926,0
28368,0.06159376344401978,0
28369,0.033236093461835266,0
28370,0.10427808210962165,0
28371,0.12401159603026364,0
28372,0.018952970440038377,0
28373,0.07895965300028038,0
28374,0.07992067646374833,0
28375,0.019106703795249806,0
28376,0.024278715612705188,0
28377,0.03722599399370507,0
28378,0.0467577847774751,0
28379,0.014910367945264924,0
28380,0.08399428831640768,0
28381,0.024834806241725797,0
28382,0.1412535676993577,0
28383,0.04624933231681496,0
28384,0.12700671361507634,0
28385,0.039069658362493584,0
28386,0.08287647702649968,0
28387,0.0332325270381602,0
28388,0.15334757605748775,0
28389,0.20045474021205406,1
28390,0.012678641609793513,0
28391,0.04168130429586062,0
28392,0.09202041711896866,0
28393,0.02067285839053071,0
28394,0.026720031276388008,0
28395,0.02676524831098875,0
28396,0.19231450480708137,1
28397,0.10722599059638398,0
28398,0.004185909038925447,0
28399,0.07615601696740175,0
28400,0.007178952800644489,0
28401,0.07785372133921831,0
28402,0.05000453709226653,0
28403,0.1648777057695507,0
28404,0.006806166941245354,0
28405,0.03865548638205971,0
28406,0.0018622493026671553,0
28407,0.020483934864340185,0
28408,0.043810219543649394,0
28409,0.02851948381036517,0
28410,0.0022980106055088194,0
28411,0.01719859934592225,0
28412,0.08899187748374647,0
28413,0.13456322349472657,0
28414,0.07396886714450951,0
28415,0.020361906557154176,0
28416,0.09622777795833737,0
28417,0.0011082832564803875,0
28418,0.12534915618687079,0
28419,0.01699960508958729,0
28420,0.1280465586842771,0
28421,0.11050254288548586,0
28422,0.05407720763770337,0
28423,0.0939152410070408,0
28424,0.05350829337651424,0
28425,0.0506258324255595,0
28426,0.009742201839109647,0
28427,0.02155753994444278,0
28428,0.03909998212029655,0
28429,0.11471318651484201,0
28430,0.004269871672204436,0
28431,0.058620466440003155,0
28432,0.10247597823408335,0
28433,0.05936002873349081,0
28434,0.02202204251275804,0
28435,0.0028051410231068052,0
28436,0.14969587272840532,0
28437,0.013286504683628382,0
28438,0.0021069261771010355,0
28439,0.04345733728615419,0
28440,0.036223443835012296,0
28441,0.17517009467841324,1
28442,0.07241326140996186,0
28443,0.06674488849029372,0
28444,0.006129053921477305,0
28445,0.027954085466283692,0
28446,0.028636061130359356,0
28447,0.0957619055718683,0
28448,0.03262560330605886,0
28449,0.053654576418200595,0
28450,0.09852990396578797,0
28451,0.024653740413186666,0
28452,0.0463606280146066,0
28453,0.10227482232368588,0
28454,0.0454115090292501,0
28455,0.030261257278807817,0
28456,0.04555068933838198,0
28457,0.0869358253168527,0
28458,0.052275613586232526,0
28459,0.08482491130347332,0
28460,0.008826477614886004,0
28461,0.0490860210136735,0
28462,0.018858162068004784,0
28463,0.1865452217318465,1
28464,0.053649746143103916,0
28465,0.0018494492471453183,0
28466,0.015031088725668813,0
28467,0.04354219779926576,0
28468,0.0798793426503648,0
28469,0.11318403609369769,0
28470,0.15522883279481742,0
28471,0.04731485199617481,0
28472,0.02521670160625829,0
28473,0.09602902407947259,0
28474,0.1389311912812728,0
28475,0.026918611768650794,0
28476,0.04436085038138545,0
28477,0.02345822471522463,0
28478,0.04708310123563321,0
28479,0.008075784572271332,0
28480,0.014963889975179567,0
28481,0.018728251743523733,0
28482,0.053306412065136914,0
28483,0.07553845172784009,0
28484,0.005876891857116329,0
28485,0.004647910452328108,0
28486,0.040887269842483386,0
28487,0.03710029341685379,0
28488,0.019576363572028934,0
28489,0.02082455778533535,0
28490,0.1016859985102664,0
28491,0.09134218855413409,0
28492,0.04262103153660833,0
28493,0.024601554491110567,0
28494,0.1673847727107465,0
28495,0.002226992020352762,0
28496,0.00405998783187013,0
28497,0.05725216092901684,0
28498,0.0216722397010891,0
28499,0.16379662241837406,0
28500,0.08781499366261668,0
28501,0.024147502155687395,0
28502,0.01258151333622067,0
28503,0.018409948888267635,0
28504,0.08773417076762145,0
28505,0.0059424521662778595,0
28506,0.12332369513553217,0
28507,0.13534137142090585,0
28508,0.046395128126101186,0
28509,0.028487202996248354,0
28510,0.09509252987310106,0
28511,0.011519787627579414,0
28512,0.009207398962856812,0
28513,0.13084227819872232,0
28514,0.009299036528871495,0
28515,0.0627731840491816,0
28516,0.05610350218160986,0
28517,0.17042341564552568,1
28518,0.02654607945035957,0
28519,0.005118857732544006,0
28520,0.08013389657604142,0
28521,0.06164473057748445,0
28522,0.16499630935688506,0
28523,0.022091041478368947,0
28524,0.007534291768294329,0
28525,0.03160008905401045,0
28526,0.13077818513139644,0
28527,0.05484266951014892,0
28528,0.019111105433745633,0
28529,0.099879795186574,0
28530,0.023981154916213873,0
28531,0.028096068267287753,0
28532,0.035245926430212654,0
28533,0.02623614387824824,0
28534,0.24887432841188042,1
28535,0.10903519645750213,0
28536,0.06695824789420826,0
28537,0.10131140109615885,0
28538,0.05570344630887362,0
28539,0.12349491508963148,0
28540,0.06197702887385379,0
28541,0.056832549971646516,0
28542,0.13523039284834307,0
28543,0.017115321673756755,0
28544,0.21511509001912615,1
28545,0.1845497726396202,1
28546,0.08459887116682921,0
28547,0.09425641570955942,0
28548,0.062418211766270854,0
28549,0.03454516936551589,0
28550,0.05365553893584837,0
28551,0.005873061302470909,0
28552,0.12580073770170377,0
28553,0.1752269496691223,1
28554,0.04185267408489734,0
28555,0.16677402890781756,0
28556,0.033545498099245404,0
28557,0.04425430413513709,0
28558,0.013022106852539543,0
28559,0.07455226862219562,0
28560,0.2164818545804398,1
28561,0.11109538123042748,0
28562,0.1812505457356701,1
28563,0.03224075692182108,0
28564,0.04071491807762697,0
28565,0.25698707898098794,1
28566,0.015882498589239284,0
28567,0.007429976157203703,0
28568,0.0726481573520315,0
28569,0.017187477652139016,0
28570,0.06664136749024914,0
28571,0.1529257773964931,0
28572,0.024115719453516798,0
28573,0.031663669332034246,0
28574,0.08120630296536892,0
28575,0.011505344089796117,0
28576,0.05717318368244239,0
28577,0.028105725928744392,0
28578,0.20756085447834197,1
28579,0.005121552572592865,0
28580,0.05961989321047163,0
28581,0.03572455770646799,0
28582,0.08367481826523893,0
28583,0.2513444245508803,1
28584,0.011512722727617037,0
28585,0.05212485337856385,0
28586,0.0866754392996886,0
28587,0.0015467293471626527,0
28588,0.12678972176073697,0
28589,0.17358924693263203,1
28590,0.0907719124794631,0
28591,0.08090519591847802,0
28592,0.02886575358281435,0
28593,0.04482621186996853,0
28594,0.03356806613766568,0
28595,0.025531524715812208,0
28596,0.07101190751414978,0
28597,0.02441588630747109,0
28598,0.0479884868521383,0
28599,0.008372553157557073,0
28600,0.1998641250253889,1
28601,0.10214347669423395,0
28602,0.2169112017173102,1
28603,0.05538788787686756,0
28604,0.1466012183036604,0
28605,0.01727474892920525,0
28606,0.0415195816165665,0
28607,0.0036416645817941204,0
28608,0.07626235609086794,0
28609,0.014395083462215564,0
28610,0.016143705302497247,0
28611,0.07764434449476826,0
28612,0.03682832228996928,0
28613,0.05891543931881112,0
28614,0.03144405770566518,0
28615,0.03459602585766851,0
28616,0.0074208772011562585,0
28617,0.03341911934288746,0
28618,0.03893696719754211,0
28619,0.01650707774939378,0
28620,0.02145908798605011,0
28621,0.011571295898965505,0
28622,0.05466144982930502,0
28623,0.17256398734076558,1
28624,0.07194559916945562,0
28625,0.025636196343568996,0
28626,0.10159129259180384,0
28627,0.0026042181730860556,0
28628,0.022160556696264853,0
28629,0.037446266712151344,0
28630,0.24230924098529166,1
28631,0.057276070029385305,0
28632,0.017530733151591888,0
28633,0.05144033941766599,0
28634,0.04496518608967148,0
28635,0.032284570500925355,0
28636,0.1607035643159481,0
28637,0.16420477423534147,0
28638,0.1398419414631108,0
28639,0.03204628706130266,0
28640,0.013509205338492506,0
28641,0.020383806713149464,0
28642,0.2493198324366546,1
28643,0.044839688747341004,0
28644,0.036294831461290554,0
28645,0.0365453830021217,0
28646,0.05494820308750181,0
28647,0.0031799322814430506,0
28648,0.017523637147606377,0
28649,0.018932391948292757,0
28650,0.03964750071266108,0
28651,0.0042864968577829435,0
28652,0.039566290532185126,0
28653,0.20088164918059923,1
28654,0.22070710710359484,1
28655,0.06200615850365781,0
28656,0.008502138727283403,0
28657,0.13653985742011218,0
28658,0.012391610749623184,0
28659,0.042087151110199415,0
28660,0.026017349256314302,0
28661,0.09493596321085462,0
28662,0.027175134695908605,0
28663,0.0050332354601488214,0
28664,0.07130215780255264,0
28665,0.02989274191511807,0
28666,0.03134825118326557,0
28667,0.006981012078962267,0
28668,0.0955117565309434,0
28669,0.025063341440801003,0
28670,0.05616551333761548,0
28671,0.03275065024739428,0
28672,0.0173382894952301,0
28673,0.007514821800246622,0
28674,0.026627509785008444,0
28675,0.045768953379063664,0
28676,0.18256353371683767,1
28677,0.040233427295644636,0
28678,0.0061986001228532634,0
28679,0.043736238369531014,0
28680,0.07730716862666677,0
28681,0.030927872516022158,0
28682,0.025820975331872324,0
28683,0.039724476380723225,0
28684,0.0027003921485359906,0
28685,0.009982621569630708,0
28686,0.10391039742862797,0
28687,0.08144224197014616,0
28688,0.11920747498647456,0
28689,0.21972370508261616,1
28690,0.06478282449313859,0
28691,0.10095184388064936,0
28692,0.04804352596987628,0
28693,0.010113454770776542,0
28694,0.043167944581528714,0
28695,0.13907540189633635,0
28696,0.06894097278167602,0
28697,0.13209307531819686,0
28698,0.03644955269356736,0
28699,0.0042384216098384575,0
28700,0.2409250575190874,1
28701,0.02194265302464616,0
28702,0.10971609951831708,0
28703,0.0022581159723227126,0
28704,0.012083667857107438,0
28705,0.04780156500511428,0
28706,0.05967094260264639,0
28707,0.031956590376492594,0
28708,0.01282557713784144,0
28709,0.11785458603710716,0
28710,0.008300735339193628,0
28711,0.08524963681779746,0
28712,0.020168672786475567,0
28713,0.03743815990221622,0
28714,0.041453313774744496,0
28715,0.10504733948181619,0
28716,0.15743437806794428,0
28717,0.044025824851994556,0
28718,0.01621162954931495,0
28719,0.05405714694664313,0
28720,0.04129680957144284,0
28721,0.1395323804047598,0
28722,0.0530950768061168,0
28723,0.04889612494040544,0
28724,0.01618721279903831,0
28725,0.1899455692409447,1
28726,0.07147300149519813,0
28727,0.14351145736786594,0
28728,0.009032410460233672,0
28729,0.11703425811844287,0
28730,0.06596455434574747,0
28731,0.04321409684043384,0
28732,0.04994510508768486,0
28733,0.02738343750531126,0
28734,0.05568805392069962,0
28735,0.050778605909112894,0
28736,0.19145944718475144,1
28737,0.12783573848725896,0
28738,0.03322177137269498,0
28739,0.001550177959802353,0
28740,0.129461675930398,0
28741,0.010536477456559818,0
28742,0.15555312821733497,0
28743,0.05898084126492561,0
28744,0.09210726423869223,0
28745,0.02996640664259933,0
28746,0.04979173808015139,0
28747,0.01279755760406452,0
28748,0.04646675450225222,0
28749,0.0011488445760616214,0
28750,0.030819816076971603,0
28751,0.005543256002868194,0
28752,0.11503669864560274,0
28753,0.011453842084886283,0
28754,0.08741891974341606,0
28755,0.048267483582813346,0
28756,0.20565586246189613,1
28757,0.11781758384138312,0
28758,0.03340230767408207,0
28759,0.02537345330658556,0
28760,0.09876574469717504,0
28761,0.03646224904795879,0
28762,0.006938217525821192,0
28763,0.012091600704654159,0
28764,0.01720053950574539,0
28765,0.1200264070626162,0
28766,0.10737581571302461,0
28767,0.025156954185416445,0
28768,0.04134701364981189,0
28769,0.11924437684158204,0
28770,0.017247082398869882,0
28771,0.009713215594357286,0
28772,0.043087378840643606,0
28773,0.058647526949768415,0
28774,0.12011578457027534,0
28775,0.011951195754182449,0
28776,0.0785211934684192,0
28777,0.0582220900151489,0
28778,0.06676336040902782,0
28779,0.0012449633702722007,0
28780,0.034304304923153305,0
28781,0.02212268088050861,0
28782,0.030762816077906614,0
28783,0.01285173065533572,0
28784,0.11797982924255913,0
28785,0.03974858879523579,0
28786,0.1412382999988151,0
28787,0.21067529624673897,1
28788,0.07083587525676913,0
28789,0.0807931170009664,0
28790,0.0756907937927029,0
28791,0.018126252632387325,0
28792,0.01906615666098502,0
28793,0.07366179494255629,0
28794,0.17546489796801598,1
28795,0.04086755857816793,0
28796,0.037929874538892114,0
28797,0.0042673799026645325,0
28798,0.1106839377515127,0
28799,0.27735779940137617,1
28800,0.04121186688459882,0
28801,0.05002453666247096,0
28802,0.06557879463621986,0
28803,0.041686915412408924,0
28804,0.007590626435622591,0
28805,0.09304887492167646,0
28806,0.010524888243714914,0
28807,0.07711813708045451,0
28808,0.033260873003840064,0
28809,0.17879982383680706,1
28810,0.15352160700901019,0
28811,0.14179453871304357,0
28812,0.05923330232255744,0
28813,0.0345818259173034,0
28814,0.010723801232192291,0
28815,0.08154014199258801,0
28816,0.006799670775439748,0
28817,0.07544442786477798,0
28818,0.007382989864087245,0
28819,0.0325669234360108,0
28820,0.1374560130723235,0
28821,0.1449651263839107,0
28822,0.06760167814913129,0
28823,0.14509003847009458,0
28824,0.14494125564283092,0
28825,0.056823256520303025,0
28826,0.060831722985680174,0
28827,0.007926125773415175,0
28828,0.06247791678630853,0
28829,0.06236407422004171,0
28830,0.07171324183668976,0
28831,0.06379497273664378,0
28832,0.020964469123537118,0
28833,0.1311923694062635,0
28834,0.04113338850702234,0
28835,0.16540256574152853,0
28836,0.17848184674979534,1
28837,0.05171938126367526,0
28838,0.057654264592234904,0
28839,0.07362356265208048,0
28840,0.05552793065772453,0
28841,0.06374426217457513,0
28842,0.14415426556339442,0
28843,0.23974613315171078,1
28844,0.20831868532822892,1
28845,0.02728301695938044,0
28846,0.0037209330239699485,0
28847,0.028833416813956316,0
28848,0.12112460479563622,0
28849,0.0488847324796148,0
28850,0.05390510764509009,0
28851,0.03703201659084081,0
28852,0.05382507722090692,0
28853,0.0646055154379643,0
28854,0.02734388532252608,0
28855,0.05065008826697324,0
28856,0.0035960203219459327,0
28857,0.041781212363856755,0
28858,0.06079645292299938,0
28859,0.0441470743220183,0
28860,0.14213446770233154,0
28861,0.24353703611031458,1
28862,0.04764753552098324,0
28863,0.03336691290182668,0
28864,0.07701486131311532,0
28865,0.07752790558588323,0
28866,0.05204570244213934,0
28867,0.09570983500583873,0
28868,0.039333341407891645,0
28869,0.06396890716522587,0
28870,0.016009194805846616,0
28871,0.007053327438174536,0
28872,0.06044762443869497,0
28873,0.031754533616456845,0
28874,0.04007052958048897,0
28875,0.17970373355202843,1
28876,0.04129140296158719,0
28877,0.017386927252840374,0
28878,0.06417565330586446,0
28879,0.045329995516494935,0
28880,0.005050750409527968,0
28881,0.06550405306026022,0
28882,0.03946923577066963,0
28883,0.036806229291199616,0
28884,0.026541632363875058,0
28885,0.002651171295470715,0
28886,0.012533809214614703,0
28887,0.05113576142655236,0
28888,0.017320413712107227,0
28889,0.08752612606718708,0
28890,0.1736854036075685,1
28891,0.0976919373240222,0
28892,0.08549097896863524,0
28893,0.09583219532545778,0
28894,0.16575092445261272,0
28895,0.002986335357018836,0
28896,0.07019563249760905,0
28897,0.0196311449304657,0
28898,0.10673006293651674,0
28899,0.10837654786214072,0
28900,0.033291985867963406,0
28901,0.0472438733056645,0
28902,0.027409612943378535,0
28903,0.060426086466184296,0
28904,0.10941144887290832,0
28905,0.2167320300701641,1
28906,0.04781795325078215,0
28907,0.0313913647937784,0
28908,0.022626672200382295,0
28909,0.036855788103574684,0
28910,0.03580371825786314,0
28911,0.16007740368659687,0
28912,0.006680611826531702,0
28913,0.015652402254269972,0
28914,0.008393584342710321,0
28915,0.04168850044825475,0
28916,0.06759161575751402,0
28917,0.034677458116723466,0
28918,0.12195512597296418,0
28919,0.052532698037106175,0
28920,0.0066661429849251535,0
28921,0.022312305691769067,0
28922,0.04782398735198849,0
28923,0.12058103602423577,0
28924,0.0655122858568828,0
28925,0.022612375702235784,0
28926,0.006902783526360637,0
28927,0.020111821988452818,0
28928,0.03801495362461512,0
28929,0.03094672798809074,0
28930,0.18175072725881491,1
28931,0.010408040970526817,0
28932,0.06811329066594543,0
28933,0.0015651943685595082,0
28934,0.1476131101211097,0
28935,0.06421087343905708,0
28936,0.06267546207582919,0
28937,0.1370347699879971,0
28938,0.12777368180666837,0
28939,0.21758322584100923,1
28940,0.018815057453262538,0
28941,0.0024794070130514565,0
28942,0.1537904218018058,0
28943,0.03500574184179355,0
28944,0.026558656095613854,0
28945,0.005224350021531995,0
28946,0.1379186686215133,0
28947,0.15293390507158555,0
28948,0.0052015205951642255,0
28949,0.06286439006649557,0
28950,0.09859072179290926,0
28951,0.06627270607533339,0
28952,0.09824727953561253,0
28953,0.027425204497936655,0
28954,0.04725176226451533,0
28955,0.08580152822528854,0
28956,0.036836099678642216,0
28957,0.06939026336403488,0
28958,0.09414210020237258,0
28959,0.046771386184578836,0
28960,0.004361339247917291,0
28961,0.006573716579539816,0
28962,0.010168383229559975,0
28963,0.03708754073610969,0
28964,0.032382415967451256,0
28965,0.004592947398984851,0
28966,0.07930280563718045,0
28967,0.18266233647812186,1
28968,0.017328289392391682,0
28969,0.16780451186018427,0
28970,0.14054352409823326,0
28971,0.03515453440729423,0
28972,0.1357427431989053,0
28973,0.09858861586598915,0
28974,0.0585423279501587,0
28975,0.038378888277889385,0
28976,0.007316297448669144,0
28977,0.06723374596528613,0
28978,0.12585344546888289,0
28979,0.08420993200185478,0
28980,0.04927804545894769,0
28981,0.05728890167970181,0
28982,0.031108234631028468,0
28983,0.00575091100655735,0
28984,0.03730836452633841,0
28985,0.037420456999960335,0
28986,0.07613297149692973,0
28987,0.04803925506207666,0
28988,0.07888835411303115,0
28989,0.02206381183119548,0
28990,0.004386732805452927,0
28991,0.010580385602089995,0
28992,0.03248736129270814,0
28993,0.0839620698930377,0
28994,0.07125727086464036,0
28995,0.06854873075198367,0
28996,0.05019479585887341,0
28997,0.2137936404619071,1
28998,0.0093473293475701,0
28999,0.0281113260563558,0
29000,0.022451411573469453,0
29001,0.14458094633360213,0
29002,0.0640123929891154,0
29003,0.050020017782380376,0
29004,0.03541492126217897,0
29005,0.007982380803881257,0
29006,0.02554648555179936,0
29007,0.035795217716341976,0
29008,0.013554927198233405,0
29009,0.09852625900801229,0
29010,0.08478941415738081,0
29011,0.021430498165575525,0
29012,0.02537944979996373,0
29013,0.03042869519153369,0
29014,0.11793449885684233,0
29015,0.07148322855531992,0
29016,0.005748147205448835,0
29017,0.026009996089807193,0
29018,0.003410330303184746,0
29019,0.0017770027199053666,0
29020,0.01897429261434962,0
29021,0.0053573716414654065,0
29022,0.08311285157398302,0
29023,0.034768912936894956,0
29024,0.07158243872412018,0
29025,0.09061158146610225,0
29026,0.09488174793791729,0
29027,0.09246341896067038,0
29028,0.08456137976923862,0
29029,0.014958393031593135,0
29030,0.006053186905730534,0
29031,0.005174255585294096,0
29032,0.0056568585214316295,0
29033,0.06097196114171504,0
29034,0.04100664661404891,0
29035,0.01939334545641202,0
29036,0.011562059169326162,0
29037,0.015525196660814882,0
29038,0.12592213625894638,0
29039,0.07781585488379984,0
29040,0.17588447069936725,1
29041,0.007256175843524878,0
29042,0.14426450338081234,0
29043,0.019412421280348206,0
29044,0.0037256338013958333,0
29045,0.05745436080448547,0
29046,0.006103708056224111,0
29047,0.0379123880157533,0
29048,0.044073278797952246,0
29049,0.028399278612644345,0
29050,0.04882366345039449,0
29051,0.029643125494384154,0
29052,0.09208837152212547,0
29053,0.17622087252698085,1
29054,0.013177109956391002,0
29055,0.018718474372156627,0
29056,0.03855298217533684,0
29057,0.04625690136091932,0
29058,0.012646185042951489,0
29059,0.008040625774641678,0
29060,0.019301222325106174,0
29061,0.041821245146818696,0
29062,0.015602009086555164,0
29063,0.09364547386981538,0
29064,0.15936233111804024,0
29065,0.11185856852773064,0
29066,0.009587004182740203,0
29067,0.02153766375092744,0
29068,0.0846488517235925,0
29069,0.07632859935779776,0
29070,0.008601944209024071,0
29071,0.0650877233707813,0
29072,0.10245335642703564,0
29073,0.05489766552807393,0
29074,0.028706510429514207,0
29075,0.144668668765648,0
29076,0.1243894851862162,0
29077,0.09976503120159362,0
29078,0.11686880854065324,0
29079,0.141033271570469,0
29080,0.044444522914175624,0
29081,0.07563921173329573,0
29082,0.01666067615160233,0
29083,0.04808614946388945,0
29084,0.018571906965611173,0
29085,0.044750957935822996,0
29086,0.010019247890608825,0
29087,0.10183245963802046,0
29088,0.01123911139129358,0
29089,0.1402734817707914,0
29090,0.08736417740749186,0
29091,0.026945837693659175,0
29092,0.01124226820381134,0
29093,0.18742332223652353,1
29094,0.09660416832040951,0
29095,0.044903769401074906,0
29096,0.05309452382197051,0
29097,0.01667279195029426,0
29098,0.22771877854045053,1
29099,0.011597099860288954,0
29100,0.009565617120367246,0
29101,0.024553432798087225,0
29102,0.010499344475770337,0
29103,0.01848015852449555,0
29104,0.04346833415075435,0
29105,0.11182681042212585,0
29106,0.026148403492357173,0
29107,0.07815528180465535,0
29108,0.13243379459170293,0
29109,0.055171638133680846,0
29110,0.022952124175465792,0
29111,0.04995114144111123,0
29112,0.012430995775388953,0
29113,0.011938555145384422,0
29114,0.009416838225678691,0
29115,0.036011157630055315,0
29116,0.009802098652410255,0
29117,0.19983244354818547,1
29118,0.26226480401389296,1
29119,0.08064176733465073,0
29120,0.18333214795768013,1
29121,0.07125477410434825,0
29122,0.10714433132731944,0
29123,0.015716903214709102,0
29124,0.0885457318324887,0
29125,0.06845171168746762,0
29126,0.06385631013458938,0
29127,0.07854222536698269,0
29128,0.02037297472664241,0
29129,0.1160336591865418,0
29130,0.2091420075826453,1
29131,0.046900933316387367,0
29132,0.012066054325653634,0
29133,0.09971213902246959,0
29134,0.029695370501013046,0
29135,0.03534169599995394,0
29136,0.10732479379034592,0
29137,0.04225589634972064,0
29138,0.011278868420520822,0
29139,0.030415861990356233,0
29140,0.03843451118880051,0
29141,0.11176851975712586,0
29142,0.05495622073660852,0
29143,0.016774659335316373,0
29144,0.005768084927828166,0
29145,0.042956537308615414,0
29146,0.015180234325724943,0
29147,0.0433096040714237,0
29148,0.042773639997541905,0
29149,0.06840716228155642,0
29150,0.022236365625705048,0
29151,0.030783193697896543,0
29152,0.08670560661447389,0
29153,0.009156276998268228,0
29154,0.040922056215958603,0
29155,0.12415176198440069,0
29156,0.10655728120010682,0
29157,0.041438809104300804,0
29158,0.08998192517886888,0
29159,0.06761216867770574,0
29160,0.03225420888017608,0
29161,0.06030731377356032,0
29162,0.15587478668183377,0
29163,0.03320133908789647,0
29164,0.018866033278058855,0
29165,0.015677134195935905,0
29166,0.004469284529158919,0
29167,0.11954310785285134,0
29168,0.037069263481406184,0
29169,0.03253344452563527,0
29170,0.11245611060717389,0
29171,0.12282061621809133,0
29172,0.05362722873307597,0
29173,0.04221079932379278,0
29174,0.022235163442344108,0
29175,0.17257530943636493,1
29176,0.10619346348576401,0
29177,0.10047323130205373,0
29178,0.19413721223831223,1
29179,0.050376989320884996,0
29180,0.09052633187423785,0
29181,0.01972056035185817,0
29182,0.02128541279102639,0
29183,0.008490699117094784,0
29184,0.08813091260913422,0
29185,0.11076554138562104,0
29186,0.15436729936920912,0
29187,0.014197922842329451,0
29188,0.1255882082295094,0
29189,0.058805792015247965,0
29190,0.005482096428396818,0
29191,0.06848450600447473,0
29192,0.09773191413893546,0
29193,0.03630241153363527,0
29194,0.13398285416672256,0
29195,0.06764569229952275,0
29196,0.05997942946544522,0
29197,0.022708909194329153,0
29198,0.10421715934005275,0
29199,0.0027761917786244335,0
29200,0.10704164661169066,0
29201,0.03336477157365308,0
29202,0.0828744845195093,0
29203,0.03720854734772808,0
29204,0.009450571947210551,0
29205,0.05019499626598302,0
29206,0.004379110158981026,0
29207,0.17178543274604685,1
29208,0.005324958146190754,0
29209,0.10895097455580013,0
29210,0.011545602206325478,0
29211,0.09001688348516869,0
29212,0.034316059304654846,0
29213,0.019006252384768555,0
29214,0.03627570703736597,0
29215,0.012503575201579928,0
29216,0.0013972054072963684,0
29217,0.047929529627681725,0
29218,0.016870606234855035,0
29219,0.0935201367248538,0
29220,0.007353060375182145,0
29221,0.0013906110454275256,0
29222,0.031483937435622236,0
29223,0.0022004903527619744,0
29224,0.015488029919717627,0
29225,0.01987880844227455,0
29226,0.0015564437872270724,0
29227,0.03477093770860121,0
29228,0.0011839221293391841,0
29229,0.003604997090202759,0
29230,0.06178885624351717,0
29231,0.17149221872246015,1
29232,0.07129651355070292,0
29233,0.012275549350737462,0
29234,0.011708825257160112,0
29235,0.0026968555043176854,0
29236,0.0016056513106309956,0
29237,0.030796137154018098,0
29238,0.09544648809540972,0
29239,0.03588890917155929,0
29240,0.006586186505618463,0
29241,0.05003802795887988,0
29242,0.032267184844457314,0
29243,0.033994795915284225,0
29244,0.12153799133417592,0
29245,0.1432835237985271,0
29246,0.007860749625371111,0
29247,0.05923464765637243,0
29248,0.01046651639791561,0
29249,0.02500870958627738,0
29250,0.02137109869029629,0
29251,0.011599288993607966,0
29252,0.009178078311974562,0
29253,0.033759245197129015,0
29254,0.025534441635069675,0
29255,0.008232223436350846,0
29256,0.0035237853188837985,0
29257,0.009517991641600247,0
29258,0.09864056040014149,0
29259,0.05277427538093827,0
29260,0.0020214995900075176,0
29261,0.07249740503587863,0
29262,0.003816123548554725,0
29263,0.11833656041338464,0
29264,0.0844512726619688,0
29265,0.02646618118536382,0
29266,0.09611973698255248,0
29267,0.03446944665794968,0
29268,0.027790103270813726,0
29269,0.03832764627074186,0
29270,0.05004166531875835,0
29271,0.1415236557102814,0
29272,0.0721848382187585,0
29273,0.056245683897708156,0
29274,0.022739281316594005,0
29275,0.20922505516952686,1
29276,0.011751839053581977,0
29277,0.02991964638201152,0
29278,0.21215696088593414,1
29279,0.04997717113102366,0
29280,0.0781643593880267,0
29281,0.03907851190409166,0
29282,0.12362051682566423,0
29283,0.015400067084152728,0
29284,0.014712424930163049,0
29285,0.12311321762506273,0
29286,0.03806064440221239,0
29287,0.07187049204029057,0
29288,0.031375619056628674,0
29289,0.03714397499145497,0
29290,0.060379987604374526,0
29291,0.042216799442747116,0
29292,0.02228663240733857,0
29293,0.07727820169745889,0
29294,0.007853173389108166,0
29295,0.05975094322528005,0
29296,0.013744707605153443,0
29297,0.10617594588897222,0
29298,0.016135235817086795,0
29299,0.03694641464572072,0
29300,0.026858826887498678,0
29301,0.05208362007918824,0
29302,0.09293349700927012,0
29303,0.19046383749468548,1
29304,0.1008280202102525,0
29305,0.016501363827314115,0
29306,0.004618523479717348,0
29307,0.1159422503754631,0
29308,0.13436529789730162,0
29309,0.06165228035264077,0
29310,0.005894988894008827,0
29311,0.06319902144288798,0
29312,0.025407710861605728,0
29313,0.03419243966254704,0
29314,0.011772027005043895,0
29315,0.17776111378964846,1
29316,0.019600493037754567,0
29317,0.025725988206413777,0
29318,0.1967364979957565,1
29319,0.09653341257820269,0
29320,0.05552000712301842,0
29321,0.03439517540599182,0
29322,0.019523750932072332,0
29323,0.12423034440801235,0
29324,0.013086260643422502,0
29325,0.0860859333168753,0
29326,0.012360650713480699,0
29327,0.007509885881100472,0
29328,0.030338424759390838,0
29329,0.03775841043173569,0
29330,0.002812136234601111,0
29331,0.05571409022336254,0
29332,0.15836814772365979,0
29333,0.010378861589770076,0
29334,0.030565430163786055,0
29335,0.0967574682039514,0
29336,0.03190674022620529,0
29337,0.011763265376280311,0
29338,0.02569787921982564,0
29339,0.002349947060181686,0
29340,0.06994488488126756,0
29341,0.040446779260697494,0
29342,0.005147631171805611,0
29343,0.0784917799714837,0
29344,0.008793973180874307,0
29345,0.01968172850483992,0
29346,0.1439453703029471,0
29347,0.031151041283282086,0
29348,0.004556530379266355,0
29349,0.007557469836104924,0
29350,0.09777327279769518,0
29351,0.051546689620696445,0
29352,0.07562193637316118,0
29353,0.021004966491880307,0
29354,0.039638143167204716,0
29355,0.11165709362662139,0
29356,0.06395532631075156,0
29357,0.06523417633864809,0
29358,0.12852240467560927,0
29359,0.11982195281880255,0
29360,0.08724297295111659,0
29361,0.24898662827097615,1
29362,0.024153290131335412,0
29363,0.1241255993051558,0
29364,0.016155031315206837,0
29365,0.005173285853364436,0
29366,0.013827886430310965,0
29367,0.032175836742642086,0
29368,0.09479066885285313,0
29369,0.14095057124919594,0
29370,0.011201870822386883,0
29371,0.0320045713074533,0
29372,0.15548932457911172,0
29373,0.031886518303766875,0
29374,0.019276024571148166,0
29375,0.0023956034934999944,0
29376,0.01089965883428574,0
29377,0.009882446640226557,0
29378,0.11970672632038325,0
29379,0.004485110938586049,0
29380,0.07133945223619645,0
29381,0.008723378141060723,0
29382,0.1389973743367791,0
29383,0.07787479456791666,0
29384,0.01348378498749406,0
29385,0.14317089445099582,0
29386,0.005080680331576656,0
29387,0.053607522679171196,0
29388,0.0036467127452027106,0
29389,0.0026339936576996515,0
29390,0.11595764683375034,0
29391,0.15106161255946768,0
29392,0.09033522427760214,0
29393,0.011841063926743112,0
29394,0.14096618123494195,0
29395,0.1018416386333925,0
29396,0.03301877635938622,0
29397,0.02228147935157796,0
29398,0.1280379718609262,0
29399,0.01106718101442139,0
29400,0.04124032733332209,0
29401,0.08133561393711179,0
29402,0.01752760983761133,0
29403,0.04070967856371489,0
29404,0.15166301325967133,0
29405,0.015204360760982631,0
29406,0.021038340717238927,0
29407,0.01239600522344273,0
29408,0.05298374703023428,0
29409,0.00384020727404694,0
29410,0.057325847501821604,0
29411,0.09297966309422742,0
29412,0.17448296905915125,1
29413,0.037919835625377714,0
29414,0.01899042043878451,0
29415,0.03731872220610263,0
29416,0.008712141882363607,0
29417,0.010400827435608358,0
29418,0.018427119156576917,0
29419,0.05664405007078866,0
29420,0.014835029766249508,0
29421,0.15210974783001324,0
29422,0.13970021057313525,0
29423,0.06901711685181905,0
29424,0.020231518827961408,0
29425,0.0452506427883653,0
29426,0.009239534123182664,0
29427,0.11375215091542461,0
29428,0.006142799247815726,0
29429,0.00556389364171305,0
29430,0.010989750334023904,0
29431,0.05708337216060219,0
29432,0.11881050919604684,0
29433,0.007161351830540586,0
29434,0.07981066055006511,0
29435,0.019316386833374555,0
29436,0.0380426915667122,0
29437,0.097768308437985,0
29438,0.02186268380954546,0
29439,0.06387308440362437,0
29440,0.15627773756068292,0
29441,0.007728800781854147,0
29442,0.024329120294967668,0
29443,0.05986813922092186,0
29444,0.004560010968920862,0
29445,0.020670652808330248,0
29446,0.28858318824476087,1
29447,0.0597436495314604,0
29448,0.04858357940689569,0
29449,0.010637286866079128,0
29450,0.0473228143216693,0
29451,0.04794298783251738,0
29452,0.024574489858613997,0
29453,0.053017220418995786,0
29454,0.14390211733091182,0
29455,0.008833994378356805,0
29456,0.20718556217165704,1
29457,0.08061174186806051,0
29458,0.12456420426945508,0
29459,0.11099824581352596,0
29460,0.15958045496414014,0
29461,0.05842795475328893,0
29462,0.01936805153026746,0
29463,0.02385949712943484,0
29464,0.027100801358126817,0
29465,0.03631580248210573,0
29466,0.014268731534658914,0
29467,0.031889984089951966,0
29468,0.015891772907130043,0
29469,0.09815374566106269,0
29470,0.07574648128111532,0
29471,0.03179791414724447,0
29472,0.15096809028688457,0
29473,0.15692039857802362,0
29474,0.045998214479272555,0
29475,0.022206531318612062,0
29476,0.0498993884598589,0
29477,0.02463962139673624,0
29478,0.08425460690251198,0
29479,0.011558205789518102,0
29480,0.07248860384266849,0
29481,0.07045527138515752,0
29482,0.10714743421323288,0
29483,0.05797238311740749,0
29484,0.10071179803081996,0
29485,0.1435391724781642,0
29486,0.08354765658681439,0
29487,0.04620777396305194,0
29488,0.1897487600185862,1
29489,0.18594754542645803,1
29490,0.005061836240181683,0
29491,0.06521420763181753,0
29492,0.12008361622316623,0
29493,0.036349536514282924,0
29494,0.08764041982041579,0
29495,0.07111888637533606,0
29496,0.14454483401417678,0
29497,0.07525674820706506,0
29498,0.09708485511031481,0
29499,0.030783949274167773,0
29500,0.0181757724111847,0
29501,0.14219332836537724,0
29502,0.012091116618096276,0
29503,0.011831067885705064,0
29504,0.02964670419966427,0
29505,0.06760371844633499,0
29506,0.045412432871149225,0
29507,0.05020115199330368,0
29508,0.23207268155050848,1
29509,0.15251731793401585,0
29510,0.0488783726162394,0
29511,0.0019646613647809285,0
29512,0.019380814749219502,0
29513,0.047541845764690484,0
29514,0.0639892768919928,0
29515,0.010288588991011816,0
29516,0.09451228586250113,0
29517,0.019693759362270337,0
29518,0.06334544199645381,0
29519,0.09196635518280227,0
29520,0.07894509145045195,0
29521,0.05139000541472491,0
29522,0.045397415609658674,0
29523,0.012212199652106315,0
29524,0.018250713483680223,0
29525,0.1085624664162667,0
29526,0.025272712342569833,0
29527,0.10147703733479979,0
29528,0.00774122732118625,0
29529,0.09545201841634805,0
29530,0.10211561043329045,0
29531,0.011006084944129491,0
29532,0.037923308819121905,0
29533,0.1583031828155739,0
29534,0.029637244092174126,0
29535,0.032545927066960995,0
29536,0.07457285933764014,0
29537,0.094629782973653,0
29538,0.027212111184573635,0
29539,0.019133919334449374,0
29540,0.007980833419658207,0
29541,0.037485648675712385,0
29542,0.02522109386554329,0
29543,0.14857134181054954,0
29544,0.053740598124218206,0
29545,0.03473858844084135,0
29546,0.015008447186319173,0
29547,0.004653659623550821,0
29548,0.07372659567407457,0
29549,0.1926219340423872,1
29550,0.020426923177065678,0
29551,0.12195427831317517,0
29552,0.23067924630243997,1
29553,0.038094871372105786,0
29554,0.01736939223376334,0
29555,0.044666881033192614,0
29556,0.01883371275373056,0
29557,0.15327599873958608,0
29558,0.20432458217989197,1
29559,0.04235739906146167,0
29560,0.1598542534773551,0
29561,0.047130373734802083,0
29562,0.10194847651035017,0
29563,0.13312356201694256,0
29564,0.01810039456121199,0
29565,0.22493102047163369,1
29566,0.015948796207202895,0
29567,0.03690947309607138,0
29568,0.03972903513495108,0
29569,0.12213866903571112,0
29570,0.018888691933396158,0
29571,0.09782317416999269,0
29572,0.02321296664138411,0
29573,0.07537793697452967,0
29574,0.013016573404350577,0
29575,0.1136428513485796,0
29576,0.03944166603396834,0
29577,0.1069023213010684,0
29578,0.29128268855216055,1
29579,0.011286963182322089,0
29580,0.14550705575333767,0
29581,0.10466187948627888,0
29582,0.04271235717644499,0
29583,0.0428895729416769,0
29584,0.12890577372359707,0
29585,0.07577461038899394,0
29586,0.027019844653294395,0
29587,0.005127973182426504,0
29588,0.010077330618389179,0
29589,0.009642060100743517,0
29590,0.10359101549184711,0
29591,0.004697422504261787,0
29592,0.10152014590822894,0
29593,0.07162542785808462,0
29594,0.007157866669282923,0
29595,0.07518457023948755,0
29596,0.014337855142607332,0
29597,0.04807593639083889,0
29598,0.04580757925265023,0
29599,0.023435270692516757,0
29600,0.0608374251766692,0
29601,0.047793457471114256,0
29602,0.15696207470665735,0
29603,0.03511933591972316,0
29604,0.009245751890640926,0
29605,0.0178739200353124,0
29606,0.1399285585070889,0
29607,0.004410038558626243,0
29608,0.02315504187169753,0
29609,0.04385881663691081,0
29610,0.08554130822081656,0
29611,0.11006139084127037,0
29612,0.16142232245195798,0
29613,0.010754959647129825,0
29614,0.12477103947957989,0
29615,0.12069948931955109,0
29616,0.025704137518982692,0
29617,0.010347018278976357,0
29618,0.18038791064920895,1
29619,0.03819128912556955,0
29620,0.04959898869725201,0
29621,0.08468283378584356,0
29622,0.018673061611980242,0
29623,0.022136167183238107,0
29624,0.0065013356394302505,0
29625,0.0062042403221022205,0
29626,0.017464943163404124,0
29627,0.06282057890138777,0
29628,0.013548522167620274,0
29629,0.04089895504276949,0
29630,0.06987608316231624,0
29631,0.01594211248517939,0
29632,0.0753798952782842,0
29633,0.15026205944665794,0
29634,0.03654411170888636,0
29635,0.0544471291796376,0
29636,0.05807071691705535,0
29637,0.08538127389231889,0
29638,0.009599519571020882,0
29639,0.008697587547972074,0
29640,0.09656647441972432,0
29641,0.008856761851753133,0
29642,0.1442142164331681,0
29643,0.12385508463386949,0
29644,0.11620936866591468,0
29645,0.06830954004514253,0
29646,0.15317074430283312,0
29647,0.12855904677939292,0
29648,0.011665869893160112,0
29649,0.015866388927019474,0
29650,0.026136328235030457,0
29651,0.07734519830939851,0
29652,0.2969374815269754,1
29653,0.01158021813566022,0
29654,0.024064435714021948,0
29655,0.09298873151243933,0
29656,0.010007028322232341,0
29657,0.011902922848728936,0
29658,0.018123081860449825,0
29659,0.04848566452791195,0
29660,0.05988486640352354,0
29661,0.1438231978426817,0
29662,0.014989991515339262,0
29663,0.01686210154716054,0
29664,0.03504825709180302,0
29665,0.00807164236569126,0
29666,0.090970510226364,0
29667,0.06114403976129363,0
29668,0.022595683700833025,0
29669,0.09385588875685465,0
29670,0.03559810259968954,0
29671,0.021288507528907673,0
29672,0.022852658525910362,0
29673,0.11549912525671677,0
29674,0.03225552820239773,0
29675,0.05175715091816002,0
29676,0.24066102600843503,1
29677,0.12993111539830302,0
29678,0.15025007947979402,0
29679,0.014410156352579303,0
29680,0.0794634402650607,0
29681,0.22469836869569493,1
29682,0.01989163714453149,0
29683,0.0014749800667781606,0
29684,0.019051575279031445,0
29685,0.07065273167166423,0
29686,0.037621860204196,0
29687,0.09791145481761995,0
29688,0.06289090548307788,0
29689,0.00741879250256597,0
29690,0.025456952438284143,0
29691,0.020843024298333807,0
29692,0.11588149859306342,0
29693,0.0684440123280838,0
29694,0.029658011770420933,0
29695,0.06007882843340394,0
29696,0.03001949946623661,0
29697,0.027983466996101103,0
29698,0.0052000764419190436,0
29699,0.16917367832050895,0
29700,0.08903946586975836,0
29701,0.22970771074820384,1
29702,0.19746421686489074,1
29703,0.18293100361230297,1
29704,0.12771581297530138,0
29705,0.11951681300478292,0
29706,0.17987595617056956,1
29707,0.06978128510442953,0
29708,0.02711523786454849,0
29709,0.07488134011411055,0
29710,0.06647235766616576,0
29711,0.04120245068296638,0
29712,0.13359046010193557,0
29713,0.0434005543274873,0
29714,0.006285661674254276,0
29715,0.028099223144786974,0
29716,0.025783969774391798,0
29717,0.14629936920454892,0
29718,0.03187693235710049,0
29719,0.08541691504554086,0
29720,0.06209523686020376,0
29721,0.037868567053375775,0
29722,0.10177897992899178,0
29723,0.14519547429594232,0
29724,0.042777096702345536,0
29725,0.005707484836932708,0
29726,0.014107891219205157,0
29727,0.003359934605680174,0
29728,0.007429108682850493,0
29729,0.03381767226463086,0
29730,0.005860892154511503,0
29731,0.13268726817817206,0
29732,0.08567981404436768,0
29733,0.17564504522875554,1
29734,0.13322371928609134,0
29735,0.06516914499132243,0
29736,0.020389729880107586,0
29737,0.08611852929712323,0
29738,0.010177587284901797,0
29739,0.024545217674745254,0
29740,0.06044540378330649,0
29741,0.0309747552395382,0
29742,0.0867295282115991,0
29743,0.0583360174808956,0
29744,0.02228008714587392,0
29745,0.13615460494709142,0
29746,0.06543549628955378,0
29747,0.08457519526094297,0
29748,0.01250348268123742,0
29749,0.008349146134973218,0
29750,0.14403540744367713,0
29751,0.14944762720975344,0
29752,0.011295401653575506,0
29753,0.059194547257683375,0
29754,0.004071824464913965,0
29755,0.1550297507710683,0
29756,0.04689708072872227,0
29757,0.016203291127455326,0
29758,0.18871916743969638,1
29759,0.06690580375574248,0
29760,0.004541119458567588,0
29761,0.07439608448010401,0
29762,0.09560577187117615,0
29763,0.045317783802586345,0
29764,0.0074207318210960235,0
29765,0.09485239095757987,0
29766,0.12226824509605187,0
29767,0.02731452345389218,0
29768,0.09221014307997413,0
29769,0.1686777459934152,0
29770,0.0147568496000831,0
29771,0.06642004307178921,0
29772,0.011104838301098733,0
29773,0.09472104874055155,0
29774,0.033533355301343735,0
29775,0.055594515577310946,0
29776,0.02557920466289887,0
29777,0.09199481341998125,0
29778,0.02338689590202924,0
29779,0.14294385653782934,0
29780,0.06339487408661809,0
29781,0.049386100759143244,0
29782,0.09177371728851483,0
29783,0.10935144530634638,0
29784,0.12935995401181524,0
29785,0.0715108163708902,0
29786,0.03717834042605479,0
29787,0.10067619439617781,0
29788,0.04724696304251323,0
29789,0.012127117413422605,0
29790,0.07718939165267434,0
29791,0.1399569701208883,0
29792,0.022726708291585504,0
29793,0.02374235412877055,0
29794,0.04305732065939328,0
29795,0.022026801665632513,0
29796,0.0540643288297051,0
29797,0.03616443926219826,0
29798,0.053769526500769355,0
29799,0.02262654554580874,0
29800,0.034913175071716665,0
29801,0.026585139787611057,0
29802,0.08766150242483971,0
29803,0.031927861427581604,0
29804,0.04241867651091508,0
29805,0.0207247057694328,0
29806,0.05012272693498985,0
29807,0.02063596451716765,0
29808,0.0574884724243224,0
29809,0.05976454030547211,0
29810,0.1536890094027192,0
29811,0.08935587864774948,0
29812,0.08145886532612945,0
29813,0.11344045825864445,0
29814,0.05268646983501628,0
29815,0.006154389255725023,0
29816,0.20136034090652355,1
29817,0.12675043833685862,0
29818,0.009022690996010548,0
29819,0.04220435660041989,0
29820,0.021776986045329124,0
29821,0.12321843221558439,0
29822,0.08451787468089905,0
29823,0.0038850625041101667,0
29824,0.030580100068428113,0
29825,0.1416938931508181,0
29826,0.03369116638786943,0
29827,0.09756621315087474,0
29828,0.0660415564986742,0
29829,0.04439204173353404,0
29830,0.004873231556853004,0
29831,0.010928102001720992,0
29832,0.018767362199528223,0
29833,0.16729856162745788,0
29834,0.005929736181009626,0
29835,0.04582546381209918,0
29836,0.04697368128032039,0
29837,0.004715978315351621,0
29838,0.02617098640380573,0
29839,0.059585814112872386,0
29840,0.025863288977197606,0
29841,0.12253554347998666,0
29842,0.10073679739716118,0
29843,0.09370208069155918,0
29844,0.11450864225200948,0
29845,0.16315554062154455,0
29846,0.06321664725169444,0
29847,0.15322074883873266,0
29848,0.03588001634952327,0
29849,0.03172308698736912,0
29850,0.023331181813335527,0
29851,0.15643810240357253,0
29852,0.07870496076781582,0
29853,0.0648588358599305,0
29854,0.021682920444683406,0
29855,0.15117430975268922,0
29856,0.07501148894574601,0
29857,0.006036093636312027,0
29858,0.08306078934534003,0
29859,0.04282302540812186,0
29860,0.062057087489201225,0
29861,0.030796753323244896,0
29862,0.060884526115643905,0
29863,0.06983449721068649,0
29864,0.03591784095065802,0
29865,0.10022546874425388,0
29866,0.08686326737210039,0
29867,0.015401210126682127,0
29868,0.07670174786117293,0
29869,0.08433322611029116,0
29870,0.004727350243114918,0
29871,0.011392739634964337,0
29872,0.004365246846114545,0
29873,0.033099734898779855,0
29874,0.061154732831007336,0
29875,0.026312252993041414,0
29876,0.019970838451437618,0
29877,0.051096283414371814,0
29878,0.11533947750992907,0
29879,0.046510134887353116,0
29880,0.04858560530032544,0
29881,0.010847644405188483,0
29882,0.0722194124032889,0
29883,0.009277286595871792,0
29884,0.10224750518048377,0
29885,0.02128828120724573,0
29886,0.13330601038853768,0
29887,0.0890670710291967,0
29888,0.064779311997047,0
29889,0.05035445948066993,0
29890,0.008366991784722532,0
29891,0.22026659696327347,1
29892,0.053576520591735205,0
29893,0.1292387278315409,0
29894,0.014726481868616574,0
29895,0.050066646992049796,0
29896,0.02234301621460811,0
29897,0.03337668955767367,0
29898,0.023128276538845135,0
29899,0.06093688476869484,0
29900,0.02173683614803345,0
29901,0.08079751404459842,0
29902,0.029296529629910213,0
29903,0.036426980701091606,0
29904,0.025479309248863508,0
29905,0.062353892817249346,0
29906,0.1264753841686729,0
29907,0.10419862222903534,0
29908,0.002691531311395671,0
29909,0.0032164115970203374,0
29910,0.009151466365166986,0
29911,0.04608223917160738,0
29912,0.03866655842281344,0
29913,0.23387071284596808,1
29914,0.12963141177992593,0
29915,0.03850051167282829,0
29916,0.04928207111482628,0
29917,0.17135783158807308,1
29918,0.014056232100868194,0
29919,0.13395408002088563,0
29920,0.10959611966034721,0
29921,0.08172141179193054,0
29922,0.01338451686110198,0
29923,0.024140723174888898,0
29924,0.017734564536133986,0
29925,0.2644014112114883,1
29926,0.041712733918709416,0
29927,0.014687095407455993,0
29928,0.04003715931664518,0
29929,0.04933626678928127,0
29930,0.03173590208344486,0
29931,0.12610793510053203,0
29932,0.08804440264778644,0
29933,0.19217552849386224,1
29934,0.0212937447679156,0
29935,0.25490980197689034,1
29936,0.07045619795436299,0
29937,0.012647989826330041,0
29938,0.032304522527856205,0
29939,0.1219746396315128,0
29940,0.043253944427827866,0
29941,0.087300463786282,0
29942,0.019685058177706154,0
29943,0.1351960237454314,0
29944,0.0874736498603245,0
29945,0.014746108454847777,0
29946,0.05809834588346606,0
29947,0.05892494221683144,0
29948,0.16557733418750484,0
29949,0.1952627140008163,1
29950,0.12122238786229653,0
29951,0.058668016139496175,0
29952,0.052062679796041865,0
29953,0.0917960468892683,0
29954,0.19255216267671127,1
29955,0.10552099183190883,0
29956,0.10180030347686324,0
29957,0.044392944224079564,0
29958,0.06705684299692122,0
29959,0.1569300225264421,0
29960,0.010783326220944673,0
29961,0.0018527471609419107,0
29962,0.12984316960213865,0
29963,0.13514879863406357,0
29964,0.08059625556674505,0
29965,0.012980929381726073,0
29966,0.19291411325874458,1
29967,0.21191501567074134,1
29968,0.08673879338093536,0
29969,0.09124843763234841,0
29970,0.15030365514426247,0
29971,0.02977510770570496,0
29972,0.03948911189107636,0
29973,0.015097410380528312,0
29974,0.0447619479452416,0
29975,0.10338882843233546,0
29976,0.03637301891944084,0
29977,0.024581397805265935,0
29978,0.005757128296389036,0
29979,0.0074766401004437546,0
29980,0.04324032341546702,0
29981,0.031460138793107544,0
29982,0.02015760621047126,0
29983,0.025673228874428498,0
29984,0.0616038365556472,0
29985,0.0015340026820076143,0
29986,0.021222389526373467,0
29987,0.051830710132806164,0
29988,0.07355782727838096,0
29989,0.03741115631163251,0
29990,0.06691982480886151,0
29991,0.036327052504873246,0
29992,0.06315730181276996,0
29993,0.09244906998758864,0
29994,0.01784408853108143,0
29995,0.08900605911478496,0
29996,0.11247772446500143,0
29997,0.07825300600040566,0
29998,0.19112215096419138,1
29999,0.014378996940518245,0
