Index,Anomaly_Score,Is_Outlier
0,1.4382445204511964,0
1,1.3333575373503448,0
2,0.3192660817809926,0
3,0.23007743190484797,0
4,1.477487886481678,0
5,0.37674180481221137,0
6,2.9290053447046596,1
7,0.798611487896242,0
8,0.7429270041776099,0
9,1.367243650569912,0
10,1.2285078246877776,0
11,1.8881525075274432,0
12,1.4631880146215999,0
13,0.9584937501175042,0
14,0.41697673750601993,0
15,1.1730372741142119,0
16,0.6159138201077111,0
17,4.906576985352719,1
18,0.3083732139326405,0
19,0.10083966717518307,0
20,1.309613685684955,0
21,0.2030068849304588,0
22,0.6925788897108627,0
23,0.8764646450553311,0
24,0.7312220125621393,0
25,0.3442074749423181,0
26,0.8670627250462705,0
27,0.37717417920558305,0
28,1.216850083577797,0
29,0.14423614927308911,0
30,1.172879822332469,0
31,0.4096842352284792,0
32,0.2558374708141228,0
33,2.9545852440543454,1
34,1.2304142157795988,0
35,0.8003392729966489,0
36,0.48924662335471847,0
37,1.0644362553260793,0
38,0.5683497125968383,0
39,1.0970050562049247,0
40,5.8813915740227545,1
41,0.15198252695074657,0
42,0.12941872590835557,0
43,0.3409209279153031,0
44,0.4786409580938208,0
45,0.09609580910729512,0
46,0.9828540645040805,0
47,1.8846500650261881,0
48,1.1998327792189847,0
49,0.10575528028640083,0
50,1.3528137714014326,0
51,0.5597517249190332,0
52,0.638329301051564,0
53,0.7520400826012796,0
54,0.5177130970079731,0
55,0.48988069368257836,0
56,0.906429389139511,0
57,0.5052665662283029,0
58,0.8217603849119917,0
59,1.4935061424287301,0
60,1.0435395862979227,0
61,0.8419481194714333,0
62,0.38330411130921593,0
63,0.5346606006259134,0
64,0.8041748248987384,0
65,3.424575796738341,1
66,0.892362072474026,0
67,0.34772213696706333,0
68,1.9360928769886716,0
69,1.6858662494745382,0
70,0.21158722560321114,0
71,1.227479346710135,0
72,1.2649951961697692,0
73,0.6605156064382104,0
74,1.8326582340851316,0
75,0.16501259670367763,0
76,0.6762243134943725,0
77,0.22091112723073944,0
78,0.2023586016796767,0
79,0.3431876860813248,0
80,2.0908073003316554,0
81,2.717360997664398,1
82,0.28652224294324347,0
83,1.3629413690137573,0
84,0.3398989310558324,0
85,1.4792220614785918,0
86,1.145156868565899,0
87,0.6795083900161727,0
88,1.8891478983027892,0
89,1.2328695413335482,0
90,1.0175986528471204,0
91,0.8046042412083244,0
92,0.3218159334146734,0
93,0.7350561837646293,0
94,0.1621638578403707,0
95,0.4117416911355738,0
96,2.0735476491972813,0
97,0.5693354131208961,0
98,0.34111371807800206,0
99,0.3803979863483226,0
100,0.5011218229365717,0
101,1.182549987326612,0
102,3.086094322327823,1
103,0.2017067694452388,0
104,0.6057564389881188,0
105,1.2622896724198518,0
106,0.2014930427928287,0
107,0.7020711504167785,0
108,4.230752725976333,1
109,0.1393439202683357,0
110,1.485632967555969,0
111,0.4336471298603109,0
112,1.4011174332247283,0
113,0.3154340768551203,0
114,0.20326892882364028,0
115,1.6227264832734178,0
116,0.26160888384856784,0
117,0.40832563781321446,0
118,0.7793062178480781,0
119,1.166100911775796,0
120,1.059763047159048,0
121,0.3204844566198896,0
122,0.310219374916959,0
123,1.4413079412358656,0
124,0.11109921700291894,0
125,0.219268183310464,0
126,1.0261593578448909,0
127,0.8388549121529355,0
128,0.3040073057939504,0
129,1.1083981561445992,0
130,0.8919417789888762,0
131,1.1065290909194647,0
132,0.8656764271456957,0
133,1.1122763842185484,0
134,0.16757731198552048,0
135,1.0830656547579987,0
136,0.3348894270299394,0
137,0.2964402033603707,0
138,0.8147736722387178,0
139,0.34696819157982023,0
140,0.7619647862170671,0
141,0.22060940051504785,0
142,0.3947742449991038,0
143,0.9546019454993081,0
144,1.0047221659662573,0
145,0.7707507838372901,0
146,0.2815116759397223,0
147,2.329417090255634,1
148,0.848717711827607,0
149,1.225372922105014,0
150,1.1369494618880442,0
151,0.9896316869231043,0
152,0.9323868414129377,0
153,2.6148410885080606,1
154,0.21027065568564468,0
155,0.6842872564828855,0
156,0.47112137566959317,0
157,0.5547959081827377,0
158,3.3233804835368126,1
159,1.4008400023196526,0
160,0.8405212939175197,0
161,1.4737694459615447,0
162,0.878013288942807,0
163,1.1208094984288224,0
164,0.20263570736523562,0
165,0.3048058375860939,0
166,1.2931831037447838,0
167,2.5342789973079727,1
168,0.47779036960866905,0
169,0.1328593496563324,0
170,0.5431422341896859,0
171,0.28122948580701534,0
172,0.8551597576911529,0
173,0.1267179784753051,0
174,0.9015859853290985,0
175,1.117816092384836,0
176,1.0249020522078365,0
177,0.6505367615781893,0
178,0.132862423558742,0
179,1.124919328522428,0
180,2.205808831882969,0
181,0.9568112082455954,0
182,3.080419384326202,1
183,0.32158036049150396,0
184,0.45620347805111205,0
185,0.5197226418869354,0
186,2.856776668519417,1
187,1.9986724578382433,0
188,0.5959063004214451,0
189,1.8735465074055202,0
190,0.6584442911814221,0
191,0.9358357426248889,0
192,1.0445478410936773,0
193,1.6917956265762348,0
194,0.8811977910771395,0
195,0.353301254815616,0
196,0.20661553735833443,0
197,1.0223805080521067,0
198,1.2784506519046235,0
199,0.9205172342938944,0
200,0.15214886414554596,0
201,1.314839551995484,0
202,0.8930197131851518,0
203,0.3428962515967819,0
204,1.0267873964203251,0
205,0.9986958233341083,0
206,0.30407131452590475,0
207,0.20138321298373668,0
208,0.2896088340859001,0
209,0.5939060266734203,0
210,2.387556989724424,1
211,0.9677463506126178,0
212,0.20331864868115965,0
213,0.4677099438501776,0
214,3.1594247025641216,1
215,1.5413638741447702,0
216,0.16769871576845702,0
217,0.5725062431750052,0
218,1.2175165563799106,0
219,0.5832879531142071,0
220,1.657312390399222,0
221,1.529302960548812,0
222,0.9611475643475929,0
223,0.907343394511258,0
224,1.7861994121624174,0
225,0.773440150532543,0
226,0.6454798116778655,0
227,0.17427265731231048,0
228,0.2959626552012259,0
229,0.4722025207619252,0
230,0.25725343067167344,0
231,0.8580773823417861,0
232,1.5756384540900363,0
233,1.8151569233550955,0
234,0.26790783743295726,0
235,0.7506345246073023,0
236,0.5545152468508607,0
237,0.6979080559844277,0
238,0.9629771165195976,0
239,0.7537565681529028,0
240,1.1773838646150865,0
241,0.3958912189664578,0
242,0.10572842766180195,0
243,1.210702378259596,0
244,1.3794396247745153,0
245,0.717104438878793,0
246,1.5146989091182128,0
247,0.26260949544385437,0
248,1.573256637428642,0
249,0.2796871912669311,0
250,0.576306486531844,0
251,0.26131072150583773,0
252,0.23573915314924293,0
253,1.404172313244048,0
254,0.8159586645958685,0
255,0.18978707924618368,0
256,1.1351215778765265,0
257,1.251543055342557,0
258,0.4182164604734983,0
259,1.3754197983300325,0
260,2.2286528604799933,0
261,0.3254166544433922,0
262,1.5187006757909578,0
263,1.214684666420476,0
264,0.7793497373129934,0
265,0.6955201171583966,0
266,0.4440694687699411,0
267,0.5328813952567996,0
268,0.501062491319589,0
269,0.8946239356381624,0
270,0.4779613112502295,0
271,1.0976839106191831,0
272,1.0403619867400593,0
273,0.30677597009378743,0
274,0.15150315110204202,0
275,0.5171447522033474,0
276,1.3197611079915048,0
277,0.11525596608707103,0
278,0.37497363209925155,0
279,0.4034602215801719,0
280,0.8098968488287264,0
281,2.4613574632837554,1
282,0.8589967069026304,0
283,0.22583897962540034,0
284,0.9713279481032705,0
285,1.7255126990374705,0
286,0.8833811130889961,0
287,0.9099547113063183,0
288,0.39518626748536106,0
289,0.38680243151635024,0
290,6.294038801774041,1
291,0.14072035914668493,0
292,0.8613416322563404,0
293,0.2869908574710978,0
294,0.09007515080612838,0
295,0.5951020756603185,0
296,0.22661563497245876,0
297,0.32122619387282986,0
298,0.6225479804587633,0
299,1.2261872252134178,0
300,0.4541130200231889,0
301,2.914087559665771,1
302,0.34086333748978614,0
303,0.37141342477534356,0
304,0.6348665362756712,0
305,0.3569198601155139,0
306,1.0046058617310103,0
307,1.0713596592428603,0
308,1.569174953223029,0
309,0.7925312324427598,0
310,1.0582835164857367,0
311,0.3553769070018219,0
312,0.7815720715484268,0
313,1.777066868409575,0
314,0.4118770815384226,0
315,0.1860365745141142,0
316,0.41412955663955986,0
317,0.9584497202773384,0
318,0.8577266884785537,0
319,0.2691409277456599,0
320,0.7113687981458237,0
321,1.7956154761033645,0
322,0.30602688944422285,0
323,1.0125028872917796,0
324,0.7560040781155649,0
325,1.7076770045299927,0
326,1.7625454692834015,0
327,0.4163276858226526,0
328,2.690884865719943,1
329,0.8150888183296493,0
330,1.7152454340408956,0
331,0.6021668050421525,0
332,0.8762201924892773,0
333,2.1566040898643335,0
334,0.10438577544222868,0
335,0.301953152031179,0
336,0.3296975474113074,0
337,0.12099708395020725,0
338,0.21461573567880485,0
339,0.7739745255985128,0
340,0.18750797629594906,0
341,0.6256543195809363,0
342,1.337014108471502,0
343,4.93669995400993,1
344,0.4087618582770457,0
345,0.7162697074614897,0
346,0.4302465773909964,0
347,0.15824970406366579,0
348,0.2137341152690687,0
349,0.11249212445589991,0
350,1.128341663114054,0
351,3.1088359301895796,1
352,0.23708152110608666,0
353,0.47371252733904223,0
354,1.1736721136571793,0
355,0.7827749926373297,0
356,0.3152547051177784,0
357,1.2194583147852558,0
358,1.0766991726802435,0
359,2.196817369976272,0
360,3.7728912990325236,1
361,0.442753820576144,0
362,1.0944612636595217,0
363,0.8952549539068151,0
364,0.13270773986275658,0
365,1.1807421986954814,0
366,0.4205661771451803,0
367,0.8947755980907365,0
368,0.22478507759075175,0
369,0.6572060885375575,0
370,1.348475034694824,0
371,1.7988700989646635,0
372,0.5395319565298523,0
373,0.519246619232107,0
374,2.8747040229228027,1
375,0.2629602969026204,0
376,0.6715328542058048,0
377,0.9559702661925389,0
378,0.5391476739849066,0
379,0.3364820502895064,0
380,0.3367946103524183,0
381,0.70086980679295,0
382,1.0748701957598001,0
383,0.9313083000478874,0
384,0.673295826785278,0
385,2.283425923254999,0
386,2.259798137976289,0
387,2.430100436714531,1
388,0.5642994229816074,0
389,2.6660802433004713,1
390,0.14634287470092705,0
391,1.4131410064845487,0
392,0.5502704637215494,0
393,0.2834353781190123,0
394,1.322541704308799,0
395,0.3190284265206607,0
396,0.4245902800078749,0
397,0.15364264134520683,0
398,0.507432658787863,0
399,0.5536147348608427,0
400,2.7227021610782627,1
401,0.4873967219345642,0
402,0.7348571414685207,0
403,0.19746976588590126,0
404,0.6127432820663835,0
405,2.394042278649587,1
406,0.6372740557216501,0
407,2.41581989930158,1
408,0.6859852830503577,0
409,0.6150151995163006,0
410,0.3962022149196299,0
411,0.6907055541840904,0
412,0.7520500665286765,0
413,0.8962570725283842,0
414,3.3019497252855565,1
415,0.8778175067126389,0
416,0.5999107406821618,0
417,0.2781866619794399,0
418,0.24948164683808405,0
419,0.34889277222014714,0
420,0.9916935335024348,0
421,0.6518243606611367,0
422,0.33465896319173644,0
423,1.3266302783844364,0
424,0.7254734732113514,0
425,0.2659584405782512,0
426,0.7981887020284466,0
427,0.4323555752394846,0
428,1.0311200432448444,0
429,0.8223308909044308,0
430,0.21145158000558767,0
431,0.8985685637432546,0
432,0.1754262259371498,0
433,1.1638911025731977,0
434,1.4074845435712569,0
435,1.3871225078958875,0
436,1.260457772206619,0
437,0.38082938606234484,0
438,0.41032597182776004,0
439,1.2314633658740888,0
440,0.7754868216860059,0
441,1.0365241714545577,0
442,0.5314242361350568,0
443,0.44053938899904477,0
444,0.778507292604292,0
445,0.3480514891728674,0
446,0.4561553972071337,0
447,1.193346519580453,0
448,1.0881029149074752,0
449,0.9172123296031763,0
450,0.3472015445755865,0
451,2.338957133846769,1
452,2.7954839719716125,1
453,0.9282703210556061,0
454,1.374083835119961,0
455,0.7461887091871668,0
456,0.9326804016831541,0
457,0.9971628132731782,0
458,0.6588630158035016,0
459,0.6892189693784907,0
460,0.4280183888587283,0
461,0.4368273987858233,0
462,2.243524487575651,0
463,1.5755975946902283,0
464,1.787703950224681,0
465,1.3542654700613277,0
466,0.6708718155733361,0
467,0.2978053016167818,0
468,1.8417179174613771,0
469,0.3601842125725399,0
470,1.6213621765536097,0
471,1.8711605531584716,0
472,0.2054624435609264,0
473,1.2584154799483451,0
474,0.398010860743851,0
475,0.1606837083648381,0
476,0.4245218332762601,0
477,0.46893377738953834,0
478,1.6788066234575496,0
479,0.08973265906948827,0
480,3.5090414416538733,1
481,1.0956278946966505,0
482,0.9033295988685625,0
483,0.8072928327419195,0
484,0.16591555697561494,0
485,0.6779185145126692,0
486,0.6662505786903116,0
487,0.49232994261571095,0
488,0.36932559892770306,0
489,0.4676297102507917,0
490,0.24692729831397284,0
491,0.4715040681788876,0
492,1.8216988831535759,0
493,0.7050430813621903,0
494,0.6014373371041685,0
495,0.3291408796242516,0
496,0.7394165559524756,0
497,0.2845555675947543,0
498,0.7082511344682819,0
499,1.2289846379030263,0
500,0.7712689871798318,0
501,0.3845994553392448,0
502,1.9572045280553856,0
503,0.40482187023505034,0
504,1.489010859603696,0
505,0.18184744341832448,0
506,11.423084485439295,1
507,0.588477995453317,0
508,0.6042819027684571,0
509,0.8096326087359025,0
510,1.188336385857295,0
511,0.29970703270654864,0
512,1.9605206499959364,0
513,0.4104301267786269,0
514,0.20892866577495042,0
515,1.7351913070821148,0
516,0.41370299311909375,0
517,0.2382479631275632,0
518,0.36129682506211364,0
519,0.5881697614570826,0
520,0.34365736516111833,0
521,1.8171848696926318,0
522,4.625252995766357,1
523,0.49137275452436435,0
524,0.3107719974121862,0
525,2.040033069208005,0
526,0.5013125919086836,0
527,2.1612802854550237,0
528,0.9759362312683966,0
529,1.8438630063309085,0
530,0.5800123738338891,0
531,0.9102502503934826,0
532,1.226177829814599,0
533,1.8814854851560008,0
534,0.255736455543457,0
535,0.7962657920783334,0
536,1.068531498180019,0
537,0.5153395732078472,0
538,1.478778532061509,0
539,0.811541253829145,0
540,0.7180608005670391,0
541,0.4207465434278156,0
542,0.7711154655631808,0
543,1.3995649836227113,0
544,1.2368446991363002,0
545,0.40156327652063906,0
546,0.15687101310518076,0
547,0.20164939621653696,0
548,0.6998736522557061,0
549,0.36279183584775365,0
550,1.5049811404839892,0
551,1.0137867194107886,0
552,0.4575869351639672,0
553,0.6152284212641332,0
554,1.0900309126597882,0
555,2.011205998584425,0
556,0.31432147188497356,0
557,0.8474157976226179,0
558,0.2971505461385483,0
559,0.5777836173251687,0
560,0.9773313095002623,0
561,0.5949543692790764,0
562,0.2572420508013361,0
563,2.12019234447464,0
564,2.478825037670936,1
565,0.9433862341390075,0
566,0.30718998822338806,0
567,0.8435410030002274,0
568,0.18956024433537777,0
569,0.8833541641529333,0
570,1.1697359170996104,0
571,0.15936153713621182,0
572,0.8388463514752008,0
573,1.245317066418524,0
574,0.5662209842590549,0
575,1.8018224169024457,0
576,1.4526270083572383,0
577,0.8968280029524033,0
578,0.3016127790004238,0
579,1.098435534023455,0
580,0.9174250456097625,0
581,0.9826232140109485,0
582,0.9949785720019797,0
583,0.3968955714511774,0
584,0.4692704429165643,0
585,0.2752898900726373,0
586,0.15649233910739105,0
587,1.5403904677210298,0
588,0.6725277412360363,0
589,2.067377435111165,0
590,1.6411863553896147,0
591,0.4257822460694939,0
592,0.46996279008036684,0
593,0.3819149375833383,0
594,0.5514070752275106,0
595,0.4033511975175478,0
596,0.7273083073667694,0
597,0.562598546221974,0
598,0.3894544882613894,0
599,2.199793826881549,0
600,0.40554404067874456,0
601,0.5567576795597554,0
602,0.6829524478996574,0
603,0.661275838219339,0
604,0.13677822496463068,0
605,0.3047641008982011,0
606,0.4321885119486854,0
607,0.5920384268030949,0
608,0.7318282629900752,0
609,0.18107340285437684,0
610,1.9755762143017215,0
611,1.0082945055697743,0
612,0.17472104369456348,0
613,0.4706915947298393,0
614,0.9507576589697868,0
615,0.471041329583041,0
616,0.5383774907312536,0
617,0.7542972075000838,0
618,0.23302364363784306,0
619,0.3276387675648949,0
620,0.2907174479318263,0
621,0.11584726440281685,0
622,0.4553672995467523,0
623,0.7357257711281927,0
624,0.20405733710040042,0
625,0.2096880088175317,0
626,0.2971179321439913,0
627,0.09884772742096636,0
628,0.3677177948382593,0
629,1.448859337225802,0
630,1.045336235190203,0
631,0.36891148023928494,0
632,0.7149676884884231,0
633,0.16534981182393133,0
634,0.4679982689619301,0
635,0.7467037528314727,0
636,0.26023993913400456,0
637,0.14210031923238747,0
638,3.4412225994138437,1
639,0.3571625771181993,0
640,0.5467181755392991,0
641,1.2525171273281983,0
642,0.3292924802976611,0
643,1.9239469019330138,0
644,0.483473998650242,0
645,2.455135078530259,1
646,1.4496299027265724,0
647,0.2009813748394622,0
648,1.2692615660659101,0
649,1.8501468229088949,0
650,0.10670200062615971,0
651,1.1062747978081195,0
652,0.09552002075941143,0
653,1.9072061562800293,0
654,0.17604904470294927,0
655,0.3087340833297641,0
656,1.0790062774757254,0
657,0.29420151220100743,0
658,0.6321480971367416,0
659,1.0246434308093018,0
660,0.7203100428154019,0
661,0.7912315121551456,0
662,1.400483943288562,0
663,0.6317678991873091,0
664,0.5060499677831419,0
665,0.46580428456874207,0
666,1.0353746783562021,0
667,0.14096589253415487,0
668,0.990458895800255,0
669,1.0849844755201552,0
670,2.531126729582071,1
671,0.19164975811080526,0
672,0.4933081245114342,0
673,1.0020390271116502,0
674,0.38451251361740846,0
675,1.077562135678402,0
676,1.0829589292038322,0
677,1.888953476233349,0
678,0.6814443921560034,0
679,1.612978038471324,0
680,0.6226999230089676,0
681,0.08605470402315815,0
682,0.7804429239684424,0
683,0.7062210069331151,0
684,0.9503485624056607,0
685,3.076583493475926,1
686,0.981371885021591,0
687,0.5926480914596469,0
688,0.5334323111245297,0
689,0.24713067785932047,0
690,1.9678627364290837,0
691,0.8940947682938628,0
692,0.9304228210256345,0
693,0.7289661811036012,0
694,0.7131702528825145,0
695,0.13125259267933034,0
696,0.8397600422648068,0
697,0.848064861486297,0
698,2.2861027890964194,0
699,1.2955229595628635,0
700,1.0455596410524657,0
701,0.5624018440380031,0
702,1.0391294447010313,0
703,1.7036281817057493,0
704,1.8281384185384297,0
705,0.33746764321772477,0
706,0.597369026251508,0
707,0.5401606007622123,0
708,0.7107820840216043,0
709,0.27773709396679247,0
710,0.6859124802054357,0
711,0.34672730842560806,0
712,1.3195218645831603,0
713,1.0169314759285841,0
714,0.2618085911129774,0
715,0.24809488632684787,0
716,0.3170662098577222,0
717,0.4997985086481764,0
718,0.1625977365642126,0
719,0.8944877322232555,0
720,0.21161464777578579,0
721,0.14072611142221098,0
722,0.3294342740999413,0
723,0.7439202500336881,0
724,0.5190957251385143,0
725,0.5705553336561803,0
726,1.0666767275561166,0
727,0.48377160526805296,0
728,2.7569246637155915,1
729,1.5147696057577629,0
730,0.21187977945835818,0
731,0.5354638356959256,0
732,1.3109640245348184,0
733,0.17496146928128384,0
734,0.47681107556375196,0
735,1.4478947443072279,0
736,0.306746386693313,0
737,2.3486805239226434,1
738,0.2694195568994282,0
739,0.7845397553316971,0
740,0.4243405106193524,0
741,0.3758211272487883,0
742,0.5252652170017236,0
743,1.094234963522306,0
744,0.7759403541346723,0
745,0.6236921268750709,0
746,0.24517989507124122,0
747,1.2303218630903647,0
748,0.4304223885687447,0
749,1.7958105024145656,0
750,1.1765458031872835,0
751,1.9385124458385554,0
752,0.7359159849687871,0
753,1.1640592142587667,0
754,1.0417209295297145,0
755,0.9804056147667435,0
756,0.970543791881971,0
757,1.1887440731461667,0
758,1.4574271725562304,0
759,0.13255557955508826,0
760,1.2648480809631413,0
761,0.8617558795148372,0
762,2.801028195089129,1
763,1.4010347966426118,0
764,0.5329657917096517,0
765,1.1304611502398516,0
766,0.4416202785839287,0
767,1.1715056096891294,0
768,0.4082074106996643,0
769,0.23018388307433835,0
770,1.1881551406721567,0
771,0.42458517804568496,0
772,0.15375904329643184,0
773,0.19149440875933035,0
774,1.5209936328455682,0
775,0.8825042972664437,0
776,1.1070554801330916,0
777,0.7224538422364593,0
778,1.3803305922769553,0
779,1.8178798267273488,0
780,0.9484802572272935,0
781,1.1518561036761619,0
782,0.4817786055600415,0
783,0.5058488211614799,0
784,0.8387777073131074,0
785,1.3616128170283008,0
786,0.38827718045926196,0
787,1.2279639299523164,0
788,0.2566584489006874,0
789,0.8691667788360764,0
790,1.0160324900431976,0
791,0.8815071972856245,0
792,0.748719355909123,0
793,0.470148140540544,0
794,0.4888797459148349,0
795,0.2938651751543536,0
796,0.0898878541360289,0
797,0.6380233523948987,0
798,1.4780517957832824,0
799,0.3052336582361825,0
800,0.8365643293492221,0
801,1.0238272303373654,0
802,0.9647909491578417,0
803,0.4720503164279891,0
804,0.6057529640897963,0
805,1.7130740633181503,0
806,1.116119003103719,0
807,1.0745494725045286,0
808,0.6232276976250926,0
809,1.9088355043396703,0
810,1.826707697397532,0
811,2.8402125157076816,1
812,0.5060746271262124,0
813,1.1667899927498668,0
814,0.7717598984507653,0
815,1.3071857094958923,0
816,0.8822402323556154,0
817,1.2748817224470794,0
818,0.4414615746424067,0
819,0.8406447688300862,0
820,1.537346729115256,0
821,0.37219637882286677,0
822,1.9174919356440996,0
823,0.10224478277260136,0
824,0.19436592565484814,0
825,0.8428446943820624,0
826,0.8030237395180991,0
827,0.7426528471576064,0
828,5.178157335889216,1
829,1.2087172387738094,0
830,1.0484559552449455,0
831,2.03236441124754,0
832,2.3779500288514726,1
833,1.0618266803053067,0
834,0.4204868318047941,0
835,0.7260954622132573,0
836,0.20997532272231895,0
837,0.42098435951900093,0
838,1.5011784549392377,0
839,0.161717430525613,0
840,0.6234946885221586,0
841,0.4470537632932864,0
842,0.5739406190723009,0
843,0.705996046788133,0
844,2.1714504756256723,0
845,0.9604149620674768,0
846,1.8643826298177426,0
847,1.608840544762339,0
848,2.7294543411770613,1
849,1.3943159408411527,0
850,2.718147195665996,1
851,0.43702843125990276,0
852,0.6778853928633364,0
853,0.24347194966090097,0
854,0.37231246404417484,0
855,1.1287978170027733,0
856,0.48461186726529293,0
857,0.37826458278172814,0
858,0.5241363294293634,0
859,0.17382242154149757,0
860,0.15153601461024357,0
861,1.894772839800919,0
862,1.561089164668942,0
863,0.18775808441062472,0
864,0.26871313910017863,0
865,0.18815717285096661,0
866,1.359499312132439,0
867,1.9525687158222822,0
868,0.3417561961563695,0
869,0.5090342026585511,0
870,0.492656218499745,0
871,0.21703437815307156,0
872,0.8024394155774115,0
873,0.36196343354155064,0
874,0.3638412177640088,0
875,0.252250063262101,0
876,0.5278870811175883,0
877,0.5029319211907857,0
878,0.8371911355359819,0
879,1.0022135439311692,0
880,0.7091962940821857,0
881,0.03958978445460086,0
882,0.9257611614393515,0
883,0.3718585933772053,0
884,0.35072364986467697,0
885,0.19526637578824815,0
886,1.1795196137432011,0
887,0.6891645618628008,0
888,0.30336027747571365,0
889,0.945621744255481,0
890,0.334502831479967,0
891,1.5093146036103748,0
892,0.4430232214621963,0
893,0.9976535887762985,0
894,0.5224024281067458,0
895,0.09022992256150013,0
896,2.2932583756160883,0
897,0.9308480754261579,0
898,1.5238682376706332,0
899,0.8071937749265796,0
900,0.922686131158741,0
901,0.8452296859457695,0
902,0.980753494853127,0
903,1.3734400888889415,0
904,1.1214015288384647,0
905,1.7814052971575862,0
906,1.7128909995864032,0
907,0.2893154309611108,0
908,0.24726735141914427,0
909,2.661826607915303,1
910,1.0142769493095334,0
911,3.5129717217626983,1
912,0.38676239203500956,0
913,0.5172495018994467,0
914,0.390587704878401,0
915,0.21340170245328127,0
916,0.7131702674296004,0
917,0.20589022157882644,0
918,1.9261255208236918,0
919,0.45853208910798526,0
920,0.6521326303251297,0
921,0.4332400832715111,0
922,0.5623683194805403,0
923,0.8461303985488089,0
924,0.2195658150569663,0
925,1.724011828047128,0
926,0.2853868476532761,0
927,0.1676288230644912,0
928,1.4175790098143883,0
929,0.2548126161709213,0
930,0.43152801722799194,0
931,2.41291066935701,1
932,0.9369315764413129,0
933,0.5986744596028707,0
934,0.23767988476152624,0
935,0.4231269108875087,0
936,0.44590338170553123,0
937,2.212042147892473,0
938,0.6675926154345919,0
939,0.6623289367670235,0
940,0.3714144702382908,0
941,0.2452955403080713,0
942,0.6760481762755869,0
943,1.2177483845046262,0
944,0.305132235050723,0
945,0.8512345345564333,0
946,0.5144232514264042,0
947,0.3913183029036814,0
948,3.486459264249434,1
949,1.1196201665525811,0
950,1.3915198401025097,0
951,0.2615529671050625,0
952,3.0789249537250916,1
953,0.8321024192753388,0
954,1.545302755965406,0
955,1.7061967782913594,0
956,1.5938977961157872,0
957,1.0075980078485203,0
958,1.6117000218652957,0
959,1.1868149146662295,0
960,1.9793570886398952,0
961,0.6612076584217418,0
962,0.32212547520575285,0
963,0.6514854313807283,0
964,0.5821076925093907,0
965,1.3501025711330705,0
966,0.9093880921141935,0
967,0.5760420823115219,0
968,0.853827968955256,0
969,1.5000089999074455,0
970,1.6765236107290538,0
971,0.3499576567254865,0
972,0.9851467831790318,0
973,1.5303096887898562,0
974,0.6262365910212752,0
975,0.2861026093156662,0
976,0.48671471694321866,0
977,1.3749360683348697,0
978,0.29017556557767576,0
979,1.7226356055686067,0
980,0.14186016752036673,0
981,1.0761885793276242,0
982,2.683984600260586,1
983,0.34141817509306255,0
984,0.9747436943788313,0
985,1.337652197513919,0
986,2.7526672643758605,1
987,0.4101858459938225,0
988,3.6138514376087003,1
989,1.2726975735070105,0
990,1.8689753382263028,0
991,1.3036312499745164,0
992,0.17413180908751819,0
993,1.9961383884728263,0
994,0.16710581959769386,0
995,1.9008902094216933,0
996,1.2483311981121088,0
997,0.12086240418460052,0
998,0.9905362638571656,0
999,1.1431136425196378,0
1000,1.9441880294586036,0
1001,1.859569906342673,0
1002,0.22069998847795946,0
1003,0.3135638603026411,0
1004,0.5449005997908822,0
1005,0.23996186732802488,0
1006,0.7481858612372975,0
1007,0.436310592125845,0
1008,1.623339554918315,0
1009,0.7053580921721043,0
1010,1.4450853591888577,0
1011,1.44355723839351,0
1012,1.7563286631831674,0
1013,0.3643442884281005,0
1014,1.6186121859237736,0
1015,0.44223463566947474,0
1016,0.9013258417254398,0
1017,1.2531585318961294,0
1018,0.9569941683174713,0
1019,1.2901868364743252,0
1020,1.074307076325197,0
1021,1.6373245024018714,0
1022,2.3172181145299646,0
1023,0.6473199224603037,0
1024,0.4211643604002302,0
1025,0.719103632967403,0
1026,1.1021270202247306,0
1027,2.7215421107956437,1
1028,2.288356100494055,0
1029,1.8814296362605805,0
1030,2.4711393566124475,1
1031,0.18903844613277743,0
1032,0.3064404551332415,0
1033,0.21952307956712486,0
1034,1.4908086219985714,0
1035,0.8997815091763792,0
1036,1.4244005420619008,0
1037,0.7913705150404823,0
1038,0.2895293405661389,0
1039,1.2559404157321272,0
1040,0.3762162030791047,0
1041,1.9753824160747833,0
1042,0.2553439541354467,0
1043,0.44282100193201684,0
1044,0.35591170801996563,0
1045,0.21342482776475086,0
1046,1.5104469172848856,0
1047,1.2197229680923223,0
1048,0.30131415510135706,0
1049,0.6777608548053543,0
1050,1.3729601878891315,0
1051,3.5314650954418005,1
1052,1.6838922066613335,0
1053,0.45864468935865255,0
1054,1.4076406438627802,0
1055,0.16608264629002195,0
1056,0.8783683692178486,0
1057,0.17370598096734666,0
1058,1.129667101389045,0
1059,1.3588203066785165,0
1060,0.4349344569134483,0
1061,0.2984278146727279,0
1062,0.9016517685788037,0
1063,1.893738185994873,0
1064,0.4590402586414223,0
1065,2.3921497338355593,1
1066,0.5565607583762487,0
1067,0.58173671543825,0
1068,0.948242370196362,0
1069,0.9484943274325547,0
1070,0.6819624480469193,0
1071,1.727649220487536,0
1072,1.734640178189844,0
1073,7.358559935303818,1
1074,0.9173313104689654,0
1075,1.7621587612839977,0
1076,0.9018248526593247,0
1077,2.7323569584687717,1
1078,0.28815260123696157,0
1079,1.1107837405182484,0
1080,0.54261831641034,0
1081,0.3473741479450426,0
1082,0.30494141736279057,0
1083,0.32997160001404324,0
1084,0.4063131699869461,0
1085,0.6771022348479953,0
1086,0.9317922310517984,0
1087,0.9577237389003475,0
1088,0.16107818710049596,0
1089,0.8966903380695532,0
1090,0.21621075485924304,0
1091,0.5143326461314159,0
1092,1.5840843488658745,0
1093,0.08678907132870084,0
1094,0.8440116197328209,0
1095,1.4475114581913426,0
1096,0.8357010487518582,0
1097,0.7553001504941348,0
1098,0.7096417246949214,0
1099,0.5161812343738484,0
1100,1.5422583480111398,0
1101,0.4892968304061605,0
1102,1.3672232642719435,0
1103,0.8497031487752367,0
1104,0.9346129267906852,0
1105,1.8436902945306985,0
1106,0.14624560352268445,0
1107,0.22782386511565553,0
1108,0.37895510718007114,0
1109,0.42405154936348344,0
1110,0.7936420569251523,0
1111,0.2215051801642843,0
1112,0.34801669130487695,0
1113,1.5296667125969754,0
1114,0.36900457277209286,0
1115,1.062973248458298,0
1116,0.553704272183133,0
1117,1.202582232337908,0
1118,0.37495079950786964,0
1119,0.6548922359146492,0
1120,0.9463887363791492,0
1121,0.9949861312220104,0
1122,1.3665939057072896,0
1123,0.6522867959835754,0
1124,1.4622838645307352,0
1125,0.3283981401633652,0
1126,1.8080500366316152,0
1127,0.8156432245204528,0
1128,0.09034315211113172,0
1129,0.617247735553093,0
1130,0.7308163464102334,0
1131,0.7717650832444007,0
1132,3.3957358890735714,1
1133,0.6978970287812019,0
1134,0.3418339588587035,0
1135,0.6971157715962134,0
1136,1.1945449949661848,0
1137,0.13791774404431126,0
1138,0.9584401578854514,0
1139,0.8551751775094969,0
1140,1.0647094125479608,0
1141,0.8775724723743947,0
1142,0.9806502617125146,0
1143,0.948093341202874,0
1144,1.728755362915901,0
1145,1.180375985032802,0
1146,1.1627215871620433,0
1147,2.241711380013415,0
1148,0.9764353689901591,0
1149,0.9876343324564617,0
1150,0.3555185735257984,0
1151,1.475448115568844,0
1152,0.9226509181545689,0
1153,0.7330735426820254,0
1154,1.0657960321405295,0
1155,0.591624638489462,0
1156,1.0534524957723632,0
1157,1.1615072678071552,0
1158,0.9541394595016743,0
1159,0.7702019179454893,0
1160,0.727680943426998,0
1161,0.30419503070207005,0
1162,1.4852689971193311,0
1163,1.0657351789229599,0
1164,0.11686130206174643,0
1165,2.3132999163769776,0
1166,0.9058013889070793,0
1167,0.4374677569361765,0
1168,0.7953811284409683,0
1169,0.33103684818241996,0
1170,0.4219399538220713,0
1171,1.0566383533176147,0
1172,1.9482819587684959,0
1173,0.16979428381840136,0
1174,1.5965444548126755,0
1175,0.8904789290781092,0
1176,0.1411356948183506,0
1177,0.33817836147111047,0
1178,0.2852470376933848,0
1179,0.16200212802426922,0
1180,0.8157073944014043,0
1181,1.773431600809177,0
1182,1.2613181176236057,0
1183,0.4689692117109561,0
1184,1.2556835603627263,0
1185,0.33740312724665456,0
1186,0.9014841166425149,0
1187,0.7942225394375375,0
1188,1.353769416425477,0
1189,0.5249074523422497,0
1190,0.6617484772233869,0
1191,0.5568402488700104,0
1192,0.3982916947719028,0
1193,2.4460460332633174,1
1194,0.5595705931248419,0
1195,0.1795350214416042,0
1196,0.36428574312864404,0
1197,1.0173942156806868,0
1198,1.0253073623564575,0
1199,0.9065276099247688,0
1200,1.5065094241769916,0
1201,0.2620248722878561,0
1202,1.1896174354190845,0
1203,1.6362916592542895,0
1204,0.6402609381316463,0
1205,1.0309206162602644,0
1206,0.33375793306597556,0
1207,1.4110771330899887,0
1208,0.5366393667525658,0
1209,1.3741715178461569,0
1210,1.7360361407702114,0
1211,0.15979291386267414,0
1212,1.3346359840959987,0
1213,0.38426796982078587,0
1214,0.7907414018673309,0
1215,0.8698148463352341,0
1216,2.4489602497288927,1
1217,1.7285187959702164,0
1218,0.14813390009442776,0
1219,0.7638758479289541,0
1220,1.0317463419976245,0
1221,0.6860442603758984,0
1222,0.9749751044478389,0
1223,0.3387103394524592,0
1224,0.7829721382419258,0
1225,0.9191932351449749,0
1226,0.44887583923856245,0
1227,2.517424827764324,1
1228,0.5485925837309072,0
1229,0.3173938561316068,0
1230,0.1644847945971347,0
1231,2.7932829689428655,1
1232,1.0554259935362258,0
1233,0.4623335067611986,0
1234,2.364907270403034,1
1235,0.36333157673360733,0
1236,1.898046790286641,0
1237,0.6213123151334315,0
1238,0.6961855734773568,0
1239,0.7611693721477371,0
1240,0.6474760471910502,0
1241,1.2985443708204139,0
1242,0.1860850101038848,0
1243,2.9669113648808176,1
1244,0.14132610695733444,0
1245,0.9226511930954466,0
1246,1.6994005053850259,0
1247,0.5964050546711397,0
1248,1.8691964374432106,0
1249,2.4835760488620147,1
1250,1.9726363917937004,0
1251,1.2669439660189978,0
1252,0.22177238749952935,0
1253,0.2766556829278938,0
1254,2.489502322891775,1
1255,1.1553317927554185,0
1256,0.26764973922446905,0
1257,0.9476899027961064,0
1258,0.11157473843595497,0
1259,0.6155207815704075,0
1260,0.44952050093181206,0
1261,5.020220248477116,1
1262,0.2583532378385471,0
1263,0.8279012097883403,0
1264,0.39766408289286037,0
1265,0.47908123742625774,0
1266,0.5892998877125739,0
1267,0.49776231007805416,0
1268,1.576650203807752,0
1269,1.0059685329397898,0
1270,0.3447043931908154,0
1271,1.1711628285850135,0
1272,1.7157821844019245,0
1273,0.7056219638582486,0
1274,0.4662631935628285,0
1275,0.2908176518538705,0
1276,0.8245057777940991,0
1277,0.777136626519547,0
1278,0.28789697189368296,0
1279,0.3473487605303445,0
1280,0.4811985790002514,0
1281,0.7183190405804575,0
1282,3.1085521626333645,1
1283,0.44048016774004745,0
1284,0.8411027033836067,0
1285,2.1416628618336033,0
1286,1.518522867719843,0
1287,1.935190685295625,0
1288,0.8814513086203061,0
1289,0.3868666966255111,0
1290,1.22284322619315,0
1291,0.19701678802288788,0
1292,1.6875803997372043,0
1293,1.682418044349543,0
1294,1.6842405025092588,0
1295,0.7167183213847486,0
1296,0.639802949875998,0
1297,0.9076894733297692,0
1298,0.17049734820600396,0
1299,1.036437397532587,0
1300,1.2192950931807707,0
1301,0.7863179490413458,0
1302,0.7384838457164828,0
1303,0.9910016805238188,0
1304,0.10117047621579309,0
1305,2.604194850046089,1
1306,0.4207934145033452,0
1307,0.4947926933001888,0
1308,0.4510178243446873,0
1309,0.6766688101949299,0
1310,1.1487421485773104,0
1311,1.2694573496531452,0
1312,0.40241664940147553,0
1313,0.7378328889447167,0
1314,1.4526354856164967,0
1315,1.247645339153348,0
1316,2.908635680901616,1
1317,0.40652922389324847,0
1318,0.9829298745973745,0
1319,1.6052808156832543,0
1320,1.3569820680621152,0
1321,0.38079295974311866,0
1322,1.0724386725697632,0
1323,1.0804629666516927,0
1324,0.22678450683212015,0
1325,1.1808778170642946,0
1326,0.5047532999282602,0
1327,0.9583430247640589,0
1328,0.43869110023503133,0
1329,1.095245243874393,0
1330,0.14502196518813742,0
1331,0.3039126902288357,0
1332,0.13432489484343765,0
1333,0.8574474376712606,0
1334,1.335645863333459,0
1335,0.4771750530500764,0
1336,0.6838591376458023,0
1337,1.1685557342245392,0
1338,0.5132451139800398,0
1339,0.4164680593646196,0
1340,1.8703448900925963,0
1341,0.48867411501774766,0
1342,0.3260395563468333,0
1343,0.852850895088108,0
1344,0.588337863021667,0
1345,0.6518250266602037,0
1346,0.5547959526752322,0
1347,1.6119777768654404,0
1348,0.5565293304936203,0
1349,0.8150816898365305,0
1350,0.16244405861696345,0
1351,0.6986923571682164,0
1352,0.36740189689128,0
1353,0.3536270717314879,0
1354,0.5138290808985031,0
1355,0.2752740422189979,0
1356,0.19576547180326892,0
1357,0.5174188192604684,0
1358,2.022738123554716,0
1359,2.1569924077562392,0
1360,1.0596690367096475,0
1361,0.5459088037279837,0
1362,2.0514570399473997,0
1363,0.6605801271382463,0
1364,0.9522335248081968,0
1365,0.5253007994236187,0
1366,1.1596570478891737,0
1367,0.2605162156482722,0
1368,0.7214770082308253,0
1369,1.4286666585730303,0
1370,0.7881558069265693,0
1371,0.5790117710374814,0
1372,2.580697562491161,1
1373,0.614792535813089,0
1374,1.2514157227674334,0
1375,2.0765528368698414,0
1376,0.820479402824191,0
1377,0.47267942276352526,0
1378,0.9072436437160025,0
1379,1.0814681669043287,0
1380,0.9881918347725603,0
1381,1.0868470081211996,0
1382,0.5905290399956877,0
1383,4.025657163102813,1
1384,1.32753902194724,0
1385,1.2150560940232633,0
1386,7.359060483055072,1
1387,1.0443690920626325,0
1388,1.7665440654567093,0
1389,0.86226480763852,0
1390,1.3106114572074907,0
1391,2.286746919234759,0
1392,0.36079581019408613,0
1393,0.11394277582035554,0
1394,1.220092300017392,0
1395,1.0807706495423357,0
1396,0.9451781831149489,0
1397,0.9816211014200071,0
1398,0.412521295521302,0
1399,0.4002572509871614,0
1400,0.4130272395420276,0
1401,0.558439010034871,0
1402,0.21523251733821672,0
1403,2.0976237866565284,0
1404,0.35995908722176795,0
1405,0.9614163907325143,0
1406,0.3539429343410203,0
1407,0.48163555318496176,0
1408,0.49474458695158924,0
1409,0.42428598273088136,0
1410,0.2669073203560163,0
1411,0.855844917901846,0
1412,0.46699191356610825,0
1413,0.8538154895378207,0
1414,1.6298239370754,0
1415,0.2533112097834948,0
1416,0.798731957736041,0
1417,1.5905470778411241,0
1418,0.1458628622840262,0
1419,1.145621409467871,0
1420,1.8567267347697238,0
1421,0.8127661816181225,0
1422,0.5486837257715915,0
1423,0.5856054738222156,0
1424,0.7795965104314305,0
1425,0.5717027096784936,0
1426,0.320699954233119,0
1427,0.9532252704378715,0
1428,0.7444139635800928,0
1429,0.5883890860195053,0
1430,0.4757991428573593,0
1431,0.23218880393862745,0
1432,1.1348619590547173,0
1433,0.30680678265398825,0
1434,1.0292545300447773,0
1435,0.4140622616003681,0
1436,0.7843280997667815,0
1437,0.6287073472543038,0
1438,0.8686864238828299,0
1439,0.3790891570732213,0
1440,0.6322129165705304,0
1441,0.3374990918489257,0
1442,0.3340808390232638,0
1443,1.7563898445823916,0
1444,1.2142689077939557,0
1445,0.8440463460392745,0
1446,0.5352760962126968,0
1447,1.3075800648128701,0
1448,0.11594517135913796,0
1449,0.8540786815925356,0
1450,0.20679378516363905,0
1451,0.28149128618254904,0
1452,0.5455469065847146,0
1453,0.44455459979793926,0
1454,0.17755711004206715,0
1455,0.36972322207725644,0
1456,0.41654096077128777,0
1457,2.0779663664588717,0
1458,0.7884101420173095,0
1459,0.17282850258256496,0
1460,1.2821980787219478,0
1461,0.8488003500656252,0
1462,0.35593805114043126,0
1463,2.0985579161057304,0
1464,0.5697542492571146,0
1465,0.3212543458621693,0
1466,0.25307565018278344,0
1467,0.5279182043669021,0
1468,0.46898953704503865,0
1469,0.49949931845333656,0
1470,0.46356268807526246,0
1471,0.729953532927808,0
1472,2.3644938411164462,1
1473,0.5076770676405886,0
1474,0.34270490779538954,0
1475,2.000763532640596,0
1476,0.8392804412136486,0
1477,0.2854351700455961,0
1478,1.432405925828537,0
1479,0.8117165789324978,0
1480,2.3384634911261175,1
1481,0.45460472040157446,0
1482,0.4980404326314252,0
1483,0.43044716367931546,0
1484,0.4162935466394922,0
1485,2.1815505502216506,0
1486,0.7230068530285492,0
1487,0.6876816959387106,0
1488,1.179488962938231,0
1489,0.3779327030004178,0
1490,0.9313419995401906,0
1491,1.2704002772442686,0
1492,1.1071979240406435,0
1493,1.2239702886769273,0
1494,1.5737803671881987,0
1495,3.193656703219509,1
1496,2.4357508393766225,1
1497,0.5939162646056937,0
1498,0.7803884757435039,0
1499,1.2753968562131337,0
1500,0.3797550458772278,0
1501,0.2839738827303676,0
1502,0.25459302996176353,0
1503,1.3249100236240774,0
1504,0.49684641565354914,0
1505,1.1006286321624539,0
1506,0.1597024782483841,0
1507,1.8378621653053409,0
1508,4.330209310646806,1
1509,1.198936132704553,0
1510,0.3903467635083083,0
1511,0.6429603962960837,0
1512,0.9199952082777465,0
1513,0.7434054027945729,0
1514,0.09882718111866691,0
1515,0.9064501551691506,0
1516,1.5723949942496678,0
1517,1.3234111725074407,0
1518,2.1573630329548736,0
1519,0.8467633582147578,0
1520,2.501902385502336,1
1521,1.8713762096672337,0
1522,0.2624296247028794,0
1523,0.34742120336088256,0
1524,0.7569731022219093,0
1525,1.01835576227154,0
1526,0.32297233975892004,0
1527,0.21832307952902236,0
1528,0.2967005241272264,0
1529,0.5135724382242566,0
1530,0.2005658822898911,0
1531,1.4371513456460607,0
1532,0.936505266697987,0
1533,0.2930949407939415,0
1534,0.1290732175404432,0
1535,1.2707854686852098,0
1536,1.4230824169581298,0
1537,1.7815178602083974,0
1538,0.47527258954862434,0
1539,1.4585396831373618,0
1540,0.26849222376723386,0
1541,0.29266547012695976,0
1542,0.5155408376043521,0
1543,0.8522020940456271,0
1544,1.0117541338661398,0
1545,0.3485242316005957,0
1546,1.4745610580510777,0
1547,0.304494431325706,0
1548,1.546987506877598,0
1549,0.19671876588543075,0
1550,0.5472874199535129,0
1551,0.4131703921931317,0
1552,0.3148629092251488,0
1553,1.0411728851938693,0
1554,0.7926818356137773,0
1555,2.015606007423679,0
1556,0.23361182403486183,0
1557,0.47789243363403494,0
1558,0.6704185714244228,0
1559,1.0825267292197922,0
1560,0.2332659277828224,0
1561,1.3859787701924642,0
1562,0.48293964404026896,0
1563,1.353815852225726,0
1564,1.9273900081703996,0
1565,0.28204374029612655,0
1566,0.5033265729183117,0
1567,0.2901379665666052,0
1568,1.1124140223565477,0
1569,0.9946015691496017,0
1570,0.8004425920905385,0
1571,1.1529457023422929,0
1572,0.693057989521796,0
1573,0.4977219224344509,0
1574,1.4092160135535106,0
1575,0.8455269918612494,0
1576,0.47744307818884923,0
1577,0.35279138211088945,0
1578,0.5630331805794142,0
1579,0.3555553608741848,0
1580,1.89097497907231,0
1581,0.6409695194743407,0
1582,0.23565125496295963,0
1583,1.9521608566010447,0
1584,0.3276789984306928,0
1585,0.9940039867823561,0
1586,2.6657504031863097,1
1587,0.7091837436084761,0
1588,0.7662786688996734,0
1589,1.3308279092325623,0
1590,0.2609239785007865,0
1591,0.8266177891154992,0
1592,0.44414364055666616,0
1593,1.3388114177974892,0
1594,1.077114375104619,0
1595,3.736368987386057,1
1596,1.0054862004747942,0
1597,0.5733886246296203,0
1598,0.7454688275376584,0
1599,0.4886163033100524,0
1600,0.26843273685887215,0
1601,0.07001008134669032,0
1602,1.3541258633286644,0
1603,0.2106174216850063,0
1604,0.41401398993088884,0
1605,1.1504698004035068,0
1606,1.542221258017525,0
1607,1.6889025764857615,0
1608,1.648552102458631,0
1609,1.063664293721292,0
1610,0.39638737935467216,0
1611,1.3191149598258298,0
1612,1.4370590689228417,0
1613,0.2768242086589937,0
1614,1.89914801559716,0
1615,0.37085169649112604,0
1616,1.6147867205755897,0
1617,0.34124254678013105,0
1618,2.1640550746751925,0
1619,1.4016582018682566,0
1620,0.652380454204404,0
1621,0.4892840577700852,0
1622,0.15265981968546796,0
1623,1.3253938605263347,0
1624,0.6030639453282465,0
1625,1.1653905846095596,0
1626,0.7620068468352474,0
1627,0.30943206182022487,0
1628,0.6142440540843479,0
1629,0.8175249736327231,0
1630,0.7331032591173539,0
1631,1.3060761897781785,0
1632,0.5971439990780436,0
1633,0.47471751996745803,0
1634,1.819851312587233,0
1635,0.24145866094774907,0
1636,0.3101971038057557,0
1637,0.7815347315738757,0
1638,1.1978810638706734,0
1639,0.32684738088865106,0
1640,0.2259639418366408,0
1641,0.4129631795840922,0
1642,0.20853379052048057,0
1643,0.3092374279639564,0
1644,2.315972956271154,0
1645,0.439967570319267,0
1646,0.41308232995591043,0
1647,2.5744335382473498,1
1648,0.31952650079048134,0
1649,0.5025343471215884,0
1650,2.226619884746306,0
1651,0.48221986839487324,0
1652,0.9531269973416455,0
1653,0.1733892578452961,0
1654,0.22881683448408063,0
1655,0.9403134919828668,0
1656,0.7175681999191411,0
1657,0.19736430649023545,0
1658,0.8395610955091575,0
1659,0.6702056858509191,0
1660,0.7820702559809367,0
1661,0.4743928789420947,0
1662,1.7145921730793297,0
1663,0.6537492146846673,0
1664,0.79439819436158,0
1665,1.008862017884077,0
1666,0.337917093986022,0
1667,1.100163739333367,0
1668,0.3857874135718825,0
1669,1.1510075355410827,0
1670,0.2459597646016137,0
1671,1.3393346312232985,0
1672,2.273019314909228,0
1673,0.12902813375634914,0
1674,0.6219120974505529,0
1675,0.6721267919497041,0
1676,0.4905113018356359,0
1677,1.05186220868547,0
1678,2.7393265183209614,1
1679,0.10296518111424105,0
1680,2.0132619299590138,0
1681,0.7546771076093729,0
1682,0.5920509483885816,0
1683,0.586785341804633,0
1684,0.3177819670191515,0
1685,0.4790086097683147,0
1686,0.5925500880341056,0
1687,0.29566487785285733,0
1688,0.3040774558652141,0
1689,1.5358591648525315,0
1690,1.967114903518624,0
1691,0.5051848607630987,0
1692,0.09095639939017268,0
1693,0.7445909734617203,0
1694,0.873998021522284,0
1695,0.5812420642882912,0
1696,0.362411588311397,0
1697,0.2594476544634888,0
1698,0.9148693599689978,0
1699,0.9979347301265055,0
1700,1.1755493338367038,0
1701,0.296137396866356,0
1702,1.9349504086986797,0
1703,2.640759974341799,1
1704,0.20701784284909291,0
1705,1.2529411881146635,0
1706,0.7094677905785314,0
1707,1.7295497948663041,0
1708,0.7729238907049856,0
1709,0.8039874235795248,0
1710,0.7394008665544893,0
1711,1.0227820479584262,0
1712,1.9227901894503063,0
1713,0.8265249771945193,0
1714,0.5156494437044451,0
1715,0.2266935756292813,0
1716,1.218914313887805,0
1717,0.5290118277521747,0
1718,1.2218634695317214,0
1719,0.847394994860311,0
1720,0.4157638554503145,0
1721,0.8104532275764121,0
1722,0.7124444921311408,0
1723,1.146601559572463,0
1724,1.074101862064179,0
1725,0.8104651328587409,0
1726,0.6189955052739772,0
1727,1.189209529523946,0
1728,1.0220881000062343,0
1729,0.6627578764993689,0
1730,0.27706936907908714,0
1731,2.0809821769160526,0
1732,0.7370618599260391,0
1733,0.509727252594284,0
1734,0.29041991730585603,0
1735,0.7809866768382686,0
1736,0.44847831337874683,0
1737,1.8556561281291954,0
1738,0.09388382824242818,0
1739,1.682310542874204,0
1740,2.826982829289406,1
1741,0.3723478872028405,0
1742,0.2000367347647889,0
1743,1.0343847984594912,0
1744,0.5727324463488924,0
1745,0.26542143700258636,0
1746,0.1342446836862846,0
1747,1.4952216659890822,0
1748,1.314918167846252,0
1749,0.20540463484963042,0
1750,1.2295550872219565,0
1751,1.1618217116277534,0
1752,2.6623257973007095,1
1753,1.08557015304299,0
1754,0.13100227080471377,0
1755,0.5599972831930113,0
1756,0.40194277675524476,0
1757,0.09812950054895071,0
1758,0.2246421242455947,0
1759,0.11617324823610975,0
1760,1.715908835786765,0
1761,1.4028302942764035,0
1762,0.3147275941506923,0
1763,0.960357836148366,0
1764,0.5191318848678304,0
1765,0.15263472519221444,0
1766,0.3863558834600226,0
1767,0.30918407791000707,0
1768,0.5252871321114558,0
1769,0.4503501896736794,0
1770,0.8179049724421436,0
1771,0.27987763258234305,0
1772,1.1615701552727322,0
1773,0.861139783252494,0
1774,0.17472817899362103,0
1775,0.36578657920351093,0
1776,1.2758772986734737,0
1777,0.2964799387461876,0
1778,0.2702928532859006,0
1779,0.4150445757007998,0
1780,0.7172169940206897,0
1781,0.17206437551598397,0
1782,1.2119597812183247,0
1783,1.1589300489628835,0
1784,1.4761000289922157,0
1785,0.7626036930177076,0
1786,0.550411918436609,0
1787,2.1342388860551296,0
1788,0.5630317214425233,0
1789,0.49390778659094403,0
1790,1.756445262691915,0
1791,0.5076051416763174,0
1792,0.5618535339127597,0
1793,0.6287276194978153,0
1794,0.3112283536556091,0
1795,0.2929128907812527,0
1796,0.6762246326472401,0
1797,0.5327005488498223,0
1798,1.3844462240501403,0
1799,0.659122469515931,0
1800,0.14339761722619218,0
1801,0.3128819688786579,0
1802,0.37178065855355796,0
1803,0.3685693495489276,0
1804,0.6156345786984697,0
1805,2.632514157637824,1
1806,0.741969913444738,0
1807,0.2503065355555978,0
1808,0.5119122739632901,0
1809,4.947003834846136,1
1810,0.9998729403559532,0
1811,0.3027961038987943,0
1812,0.6228755366047721,0
1813,1.22148855939432,0
1814,0.34759894065524805,0
1815,1.0631985869881275,0
1816,0.509445956130268,0
1817,0.2367779936150259,0
1818,4.146638832557795,1
1819,1.307367166290043,0
1820,0.7410296858066632,0
1821,0.3014459442469194,0
1822,1.516217639414168,0
1823,2.127333430224675,0
1824,1.9590791676291033,0
1825,3.4129590735613187,1
1826,2.3771149824500517,1
1827,0.31525699735368784,0
1828,1.6432163110637081,0
1829,0.3691325034533994,0
1830,0.787746501079311,0
1831,5.386329410800537,1
1832,1.0888977756069622,0
1833,0.966472735547742,0
1834,0.5829892648222683,0
1835,0.367992820828154,0
1836,0.14924732872835117,0
1837,1.3351520465800146,0
1838,0.5187871814407368,0
1839,1.3479529653932754,0
1840,0.24995609105281077,0
1841,0.48733025116222095,0
1842,0.3712364808452459,0
1843,1.417561986767665,0
1844,0.5333205452874589,0
1845,1.7528539584475755,0
1846,0.47047715708754845,0
1847,0.6760916892118666,0
1848,0.5531562460412177,0
1849,0.7440277755124122,0
1850,0.8402537547007649,0
1851,1.0092085584852635,0
1852,0.5067294305433842,0
1853,0.5906643516786331,0
1854,0.5649534307153836,0
1855,0.8916254382148212,0
1856,0.3486666489732603,0
1857,0.5439483665102312,0
1858,0.41728379137426197,0
1859,0.9342729353373255,0
1860,0.7024488303107193,0
1861,1.8998606344109432,0
1862,1.0706123570392747,0
1863,0.20754776740508168,0
1864,1.1147686650903823,0
1865,1.2351194436511008,0
1866,0.16615553028558572,0
1867,0.7584990528970451,0
1868,1.1271358053382037,0
1869,0.3502880612339544,0
1870,1.3289720341885976,0
1871,0.1823471935295729,0
1872,2.565908385090414,1
1873,0.15440039498740674,0
1874,0.16052431934326897,0
1875,2.4591856293430925,1
1876,0.24905642976692355,0
1877,1.258209974990478,0
1878,0.8688806537982245,0
1879,0.2922866912900316,0
1880,0.36945643463618527,0
1881,0.7972240154985907,0
1882,0.29658155547293863,0
1883,1.0826962916279261,0
1884,0.14808265338656598,0
1885,0.3050363719676585,0
1886,1.0385301371382731,0
1887,0.96170128090756,0
1888,0.7054943543446275,0
1889,1.04383825752195,0
1890,1.0270057540135802,0
1891,2.3346719117918697,1
1892,0.6220751627654701,0
1893,0.6490733690067566,0
1894,3.2249049593226133,1
1895,1.5566524964016608,0
1896,0.37584264319447075,0
1897,3.092967285884144,1
1898,0.8070605788986432,0
1899,0.23400946551915505,0
1900,0.1795473887803513,0
1901,0.5841385202183993,0
1902,0.6767793134651849,0
1903,0.37419791973773286,0
1904,3.9430486542343686,1
1905,3.261837730258784,1
1906,0.919018766023369,0
1907,0.40307298135924563,0
1908,1.0571396629893195,0
1909,0.14767873858477237,0
1910,0.21326628588155633,0
1911,0.49787827196718554,0
1912,0.922241256677359,0
1913,2.7745260389742823,1
1914,0.8074737851438796,0
1915,0.6684997324912697,0
1916,0.4711957902386065,0
1917,0.5566305541362884,0
1918,0.38856996057990695,0
1919,0.5969472491708704,0
1920,1.877744927965529,0
1921,0.1717859330848322,0
1922,0.640607681782164,0
1923,0.5858343221554,0
1924,0.5448292106230695,0
1925,1.0082479490272278,0
1926,0.35327125061920317,0
1927,0.30836654123019525,0
1928,0.19465299152789203,0
1929,0.9902282088853547,0
1930,0.8551515396392236,0
1931,1.1075723940034476,0
1932,0.5807793690669064,0
1933,0.36039329556336464,0
1934,1.2132638165845022,0
1935,1.3326083069729857,0
1936,1.7655566198776893,0
1937,0.7660901440225618,0
1938,0.4919895349312915,0
1939,0.8370321173224855,0
1940,0.44665840851732896,0
1941,0.335512295032139,0
1942,0.47167988142155803,0
1943,2.345283811958257,1
1944,2.1725526276829785,0
1945,0.30869545751188276,0
1946,0.6490438843487736,0
1947,4.237742602162816,1
1948,0.7909115795686508,0
1949,0.26176678516620544,0
1950,1.7628475366768455,0
1951,0.5260019307258601,0
1952,1.080540408255149,0
1953,0.6672871993746758,0
1954,1.012586326420619,0
1955,0.6773461342009279,0
1956,0.8416207361316739,0
1957,0.5057874259957729,0
1958,0.34097809197518364,0
1959,0.286377653030917,0
1960,1.0997541827676502,0
1961,1.9116721148026041,0
1962,0.301786215340086,0
1963,0.48397904910222067,0
1964,0.13217796714812774,0
1965,0.5119152950034589,0
1966,1.9619520873193104,0
1967,1.33064247796807,0
1968,0.7226279914799607,0
1969,0.23345865258019477,0
1970,1.253092971565249,0
1971,0.1914157427895277,0
1972,0.5876187223841793,0
1973,0.16324083517790194,0
1974,0.2043793291194611,0
1975,0.7650957029853407,0
1976,0.8288563900693952,0
1977,1.24296463933716,0
1978,1.2390757457705417,0
1979,0.872423521417345,0
1980,0.13217796714812774,0
1981,0.8947515751556588,0
1982,0.7510026206903198,0
1983,0.17676287908215324,0
1984,0.38834236128242605,0
1985,1.7778261976757712,0
1986,0.6069493625454758,0
1987,0.6220722110040616,0
1988,1.0850871975083005,0
1989,0.4266531250164373,0
1990,0.8228966418232255,0
1991,1.5585547901366836,0
1992,6.094849014296382,1
1993,0.8552890568215048,0
1994,1.0392975885486806,0
1995,1.1693423601836384,0
1996,0.15245981145505264,0
1997,0.7808089041670717,0
1998,0.9045862897418463,0
1999,0.8749871913520458,0
2000,0.07713737882790986,0
2001,1.1960077822978665,0
2002,0.25589878362500873,0
2003,0.4179894988442773,0
2004,0.5131228844023104,0
2005,0.3029154230310941,0
2006,0.26666564040333185,0
2007,1.2817864644345058,0
2008,0.4299996334776461,0
2009,0.41340576405276686,0
2010,0.3654206869569357,0
2011,1.470384239502404,0
2012,1.207142845560331,0
2013,1.3580504950973196,0
2014,0.19658536629544998,0
2015,1.0596774979616166,0
2016,0.23687077155118025,0
2017,0.41445432666349175,0
2018,0.3428480361839664,0
2019,0.5793944082140997,0
2020,0.28456777239611897,0
2021,0.35314747070291724,0
2022,1.2748371059153099,0
2023,2.7273719580823164,1
2024,0.5245678916249398,0
2025,0.2670761810168373,0
2026,0.35121304072305487,0
2027,2.27111703057762,0
2028,0.39786213621344935,0
2029,0.4529836820857283,0
2030,1.739443748590069,0
2031,1.104655038891766,0
2032,2.2602520031936444,0
2033,1.1172152442411327,0
2034,0.32155997782732837,0
2035,0.286624421864598,0
2036,0.4223631551939587,0
2037,0.3647170922657139,0
2038,0.8226476930124142,0
2039,2.103566698332785,0
2040,0.1296025565074131,0
2041,0.15508377476049703,0
2042,1.8134922272971263,0
2043,0.14261614799563788,0
2044,0.4767149853377563,0
2045,0.5718177872351988,0
2046,1.6540785747131928,0
2047,0.7162698633601774,0
2048,0.8168820645962391,0
2049,0.6300859089793978,0
2050,1.0010511273269644,0
2051,0.8821733988704225,0
2052,0.7304261417699724,0
2053,1.0965379854843635,0
2054,0.2869501896476343,0
2055,0.6120137598091904,0
2056,0.4237751090186828,0
2057,0.6999091344043992,0
2058,1.0142182694508763,0
2059,1.5077596641484365,0
2060,0.8063438861795842,0
2061,1.0855808122173731,0
2062,0.1669215772461722,0
2063,0.9828891469865912,0
2064,2.885741052774442,1
2065,1.6671446804944416,0
2066,0.41376294745058734,0
2067,0.6059695391880846,0
2068,0.7959090432930822,0
2069,0.6688246085404133,0
2070,0.2340667259544503,0
2071,0.8488258973183367,0
2072,1.072229682178455,0
2073,1.3700599612171245,0
2074,0.6285965090663346,0
2075,1.0215249461333005,0
2076,0.1968491598205871,0
2077,1.420759102944213,0
2078,0.5573382962442543,0
2079,0.9136110160417612,0
2080,0.188341838350344,0
2081,0.5891149507882052,0
2082,0.2232842369728915,0
2083,0.7618551781963563,0
2084,0.6699419638995353,0
2085,0.15672729849945405,0
2086,0.6183287354527046,0
2087,1.068757963362642,0
2088,0.6128459188931887,0
2089,0.6048721720740154,0
2090,1.6231271348047898,0
2091,1.544717167116279,0
2092,0.1035682306137506,0
2093,1.8957600544323168,0
2094,0.3564625177222006,0
2095,0.925680538995282,0
2096,1.272908838702663,0
2097,0.292593375837165,0
2098,1.408883552872356,0
2099,0.4704580845133945,0
2100,0.4947109557173627,0
2101,0.6193548799308071,0
2102,1.450842833295412,0
2103,0.7909635469946997,0
2104,0.9466413740270901,0
2105,1.4413351765912423,0
2106,0.2536563307534956,0
2107,1.1012835698236856,0
2108,0.8637546318620393,0
2109,1.2921264991874057,0
2110,0.3471068472653416,0
2111,0.27198965638776945,0
2112,0.17152965924425373,0
2113,0.20929517759674882,0
2114,0.3784750623684593,0
2115,0.9474993309716565,0
2116,0.9464612590888108,0
2117,1.2896531310153012,0
2118,1.1887406870534927,0
2119,1.2362989202508643,0
2120,1.5125194775021913,0
2121,0.7166959004716735,0
2122,0.7420588338856889,0
2123,0.4081954489898168,0
2124,2.1944997442843244,0
2125,0.6148624624096272,0
2126,0.735755848015805,0
2127,0.8215786154549429,0
2128,0.25814357951793904,0
2129,2.4346272715582855,1
2130,1.2360807989039477,0
2131,0.24077695722628073,0
2132,0.6560109263195025,0
2133,0.1862317988167594,0
2134,1.0556666289171042,0
2135,0.5341482528610363,0
2136,1.0837142186371194,0
2137,1.5689909220525808,0
2138,0.8369621657275804,0
2139,1.1477147190574668,0
2140,1.6645636946542808,0
2141,0.6518038761559962,0
2142,1.5517756635097726,0
2143,0.721721657392034,0
2144,1.5405501980731444,0
2145,2.1339659291554964,0
2146,1.6482544170877254,0
2147,0.2742654254462,0
2148,1.0327028124108553,0
2149,0.5014301882171497,0
2150,0.8586348457913104,0
2151,0.37858661074222494,0
2152,0.36207188155119735,0
2153,1.59656924355427,0
2154,0.2048166680663556,0
2155,0.6898942036562239,0
2156,0.9296743842320069,0
2157,0.6546114370899899,0
2158,0.29684824297797935,0
2159,0.41057202624393535,0
2160,1.1752953858441735,0
2161,0.9198277880044783,0
2162,1.0436496731044866,0
2163,0.46992890185683445,0
2164,4.173735883051018,1
2165,0.28177262505019895,0
2166,1.7690348550897261,0
2167,1.7027844547003768,0
2168,0.8100446185922721,0
2169,0.12164291437141617,0
2170,0.29339025539487806,0
2171,0.5696569356636764,0
2172,0.19399957650201266,0
2173,0.45733964163663476,0
2174,1.9852691358318757,0
2175,0.9580646896403076,0
2176,0.5056550112376582,0
2177,1.3994543819511656,0
2178,1.0413381936330417,0
2179,0.5095544080862,0
2180,0.5021955613465314,0
2181,0.9109887416621305,0
2182,0.8400736198348332,0
2183,0.9286601443548168,0
2184,0.8795561057128193,0
2185,0.45298768122412597,0
2186,1.0421430134923921,0
2187,1.7237478987010892,0
2188,0.46736990749005847,0
2189,0.14602845833211384,0
2190,1.4882915729767037,0
2191,0.8235708949115027,0
2192,1.4671666980654752,0
2193,1.0050485395755842,0
2194,1.178995245508594,0
2195,0.9630429760934215,0
2196,0.10278261359541765,0
2197,28.56000137489942,1
2198,1.822799316593849,0
2199,1.4358307767468246,0
2200,0.4708790078983167,0
2201,0.15917232716196866,0
2202,1.0010002921718173,0
2203,0.7139635970147475,0
2204,0.21613690059283988,0
2205,0.7586852712231671,0
2206,0.5063405049927597,0
2207,0.5346191859255865,0
2208,0.9469144691674461,0
2209,0.17674789774851968,0
2210,0.6834763463972557,0
2211,3.1226301876147806,1
2212,0.09151318379988513,0
2213,2.1082928317241048,0
2214,0.835811655713567,0
2215,1.2361966911289026,0
2216,0.5234354746360401,0
2217,0.3071476414211344,0
2218,1.9397769771977618,0
2219,2.0712026703122026,0
2220,0.7172345541531019,0
2221,1.3826938109155469,0
2222,2.0552168824668255,0
2223,0.5977449896477274,0
2224,1.3562191959519372,0
2225,1.0023663175224666,0
2226,2.0338417410233025,0
2227,0.9710987447738632,0
2228,0.17580971328418007,0
2229,1.1854328436866493,0
2230,0.8340547858765228,0
2231,1.6746318851565967,0
2232,1.0018712808581742,0
2233,1.1480083540317363,0
2234,0.4200602865057939,0
2235,1.0381233682452085,0
2236,0.16071903201340457,0
2237,0.5613949375746164,0
2238,0.3386374365955225,0
2239,0.9636431246513668,0
2240,3.671331518537072,1
2241,0.721804234683547,0
2242,0.5040931348414749,0
2243,1.3590876841715462,0
2244,2.144045520478211,0
2245,0.7462360755326332,0
2246,0.393861002851862,0
2247,1.249051129529888,0
2248,0.07786155830719889,0
2249,7.8435336932416275,1
2250,0.6461641224950508,0
2251,0.7517513380826873,0
2252,1.6809314422105899,0
2253,0.29723366500233916,0
2254,1.3088999133899926,0
2255,0.4128217738833689,0
2256,0.21839070840639177,0
2257,0.4428007786824585,0
2258,0.6022648536798079,0
2259,0.9579506416616039,0
2260,0.2230390831648367,0
2261,0.3239461354314945,0
2262,4.236142194371889,1
2263,1.0959632061770965,0
2264,0.8697447318249036,0
2265,0.37223560731450017,0
2266,1.727522701774916,0
2267,2.9266456457865897,1
2268,0.7197958791199703,0
2269,0.6028167092356064,0
2270,0.5591449140883353,0
2271,0.5500619493347015,0
2272,1.7620932874005326,0
2273,2.212851921158586,0
2274,0.31638676710992586,0
2275,1.5049882918650201,0
2276,2.151302122561674,0
2277,0.3993070275880751,0
2278,0.6395310812478654,0
2279,0.70898013908183,0
2280,0.3254395168448181,0
2281,1.0996946601942716,0
2282,0.33102529987299356,0
2283,0.9005056165240994,0
2284,1.544039322308627,0
2285,1.0074688774041174,0
2286,1.2149974946574278,0
2287,0.8173137721966363,0
2288,0.3871260944835111,0
2289,0.20326980742806575,0
2290,1.2940173220761109,0
2291,2.0544910989698417,0
2292,1.3066627946902591,0
2293,2.747175838866197,1
2294,1.3318775122927253,0
2295,1.134491893161933,0
2296,1.7748460177089904,0
2297,0.4365146424663176,0
2298,0.7009392561805964,0
2299,0.9076429278206852,0
2300,1.3358799032922628,0
2301,1.0445906785017134,0
2302,1.2607456947022808,0
2303,1.037230795368977,0
2304,0.2502636199178023,0
2305,0.16139666164902383,0
2306,1.1833848009360388,0
2307,0.6598457968052094,0
2308,0.12079586593304356,0
2309,0.3852685393620609,0
2310,0.22826484343954548,0
2311,0.5147638144166429,0
2312,1.0332955376434039,0
2313,0.5712580298434246,0
2314,0.3383193355946193,0
2315,0.8057554192600043,0
2316,0.7616771706874695,0
2317,0.3644609036100284,0
2318,0.8070052733682462,0
2319,1.8858613179044852,0
2320,1.208773554794345,0
2321,1.9764364388396487,0
2322,0.6008374296562442,0
2323,1.9711194065154451,0
2324,2.446539984694973,1
2325,1.3233269633262443,0
2326,0.9472842145578027,0
2327,0.8207377850674782,0
2328,1.6311202520682913,0
2329,0.4359181762746157,0
2330,0.4676329283741394,0
2331,0.30901144428890537,0
2332,1.6917515194443482,0
2333,1.435496986874852,0
2334,0.3664481502449335,0
2335,0.28415059594118136,0
2336,1.016531092199044,0
2337,1.0128135552732302,0
2338,0.7385540050342569,0
2339,1.9167123339253056,0
2340,0.8112040783674492,0
2341,0.8113659420652916,0
2342,0.5139578304415614,0
2343,0.9939630151553445,0
2344,2.0501747010026006,0
2345,1.3489764816382803,0
2346,0.2980965005194151,0
2347,0.8161716820794161,0
2348,0.4987366776519999,0
2349,1.8827369998577814,0
2350,0.5050437970978757,0
2351,1.3912084373584483,0
2352,0.28299392207474894,0
2353,1.0867708782113827,0
2354,0.3132288717770927,0
2355,1.9239910191109377,0
2356,1.8509265033885633,0
2357,0.549293516807003,0
2358,0.9912044062223563,0
2359,1.5038122349990743,0
2360,1.1946136901794056,0
2361,0.7263348821396824,0
2362,1.1757775236723864,0
2363,0.4827071375525639,0
2364,0.47779174543536074,0
2365,0.9752125896181024,0
2366,2.8804096024275685,1
2367,0.6029085199152733,0
2368,0.8337993722105562,0
2369,0.3658001777364187,0
2370,0.4423773705074865,0
2371,0.11420394150443654,0
2372,0.3406662077146693,0
2373,0.5210050409116589,0
2374,0.8313262247103286,0
2375,0.36890492798852836,0
2376,1.0801716920553812,0
2377,0.34368565216264074,0
2378,0.40719492758844933,0
2379,1.1845756156210712,0
2380,0.2839609163064993,0
2381,1.331357267355905,0
2382,0.8827172400952046,0
2383,0.8836413906537605,0
2384,1.0384884070286646,0
2385,0.6355864478461781,0
2386,0.9833185992385951,0
2387,0.23285120211026378,0
2388,0.9907109256305479,0
2389,1.280191896958628,0
2390,1.8636810874193848,0
2391,2.4510923010514545,1
2392,1.0328376094461145,0
2393,1.1896697212878706,0
2394,0.6969369542047382,0
2395,0.2730908473005481,0
2396,1.0876896662269258,0
2397,0.22300036109552696,0
2398,0.38177878239600466,0
2399,3.4828725910594756,1
2400,0.45755306223608266,0
2401,1.0187867532685975,0
2402,0.7944884565330159,0
2403,1.234774555321094,0
2404,1.152867759503968,0
2405,1.5065919549999045,0
2406,0.9316753031199692,0
2407,2.4447533535679002,1
2408,0.6197760611717932,0
2409,0.17748584304527795,0
2410,0.08087927662608688,0
2411,0.7457909344879952,0
2412,1.3445706211133417,0
2413,0.9768315527791669,0
2414,0.7665112943575376,0
2415,0.12538036116092605,0
2416,0.9121402986663154,0
2417,1.3457370995975837,0
2418,0.4496657622209896,0
2419,1.698818921600711,0
2420,1.8947527616882354,0
2421,1.2004825006459956,0
2422,0.9286566323226187,0
2423,0.3324047118944741,0
2424,0.6273981273338812,0
2425,0.716913082280173,0
2426,0.8206500129711818,0
2427,0.7232809737353678,0
2428,1.6162147949960572,0
2429,1.0112591797302282,0
2430,0.20661317037203228,0
2431,1.7822098041899856,0
2432,0.5151285438170279,0
2433,0.7239214761088485,0
2434,0.9052059321655328,0
2435,1.3842469982601375,0
2436,1.1390992388377459,0
2437,0.5579374448850212,0
2438,0.38740711062272143,0
2439,0.46152357892837603,0
2440,2.24770463729059,0
2441,0.9891513582025947,0
2442,0.6766682835609221,0
2443,0.3515525471388926,0
2444,0.9716348954329469,0
2445,1.75351814289809,0
2446,0.998692323791699,0
2447,1.5581745600889543,0
2448,0.22396044050320776,0
2449,0.5298619352053737,0
2450,0.230144076358118,0
2451,0.7944600893641224,0
2452,0.5125682437658784,0
2453,0.4623324143349981,0
2454,0.891796749562895,0
2455,1.3099088788209063,0
2456,1.5085429834317554,0
2457,1.2034354572606756,0
2458,0.37940140722944243,0
2459,1.5605829156891748,0
2460,0.4507258689708884,0
2461,0.3229661012209085,0
2462,0.5772393761875023,0
2463,0.4633640487607279,0
2464,1.0106794619946207,0
2465,3.7617374407560162,1
2466,0.39067027482625516,0
2467,0.22443316590219267,0
2468,0.3802022025442317,0
2469,0.36014532716351166,0
2470,0.4791319821330446,0
2471,0.8005858021447292,0
2472,0.2765202607844982,0
2473,0.23314837708667593,0
2474,1.427595998331506,0
2475,1.0614702383622885,0
2476,0.295503107744065,0
2477,1.225750637130122,0
2478,0.33983741510337023,0
2479,0.3027620879122093,0
2480,0.11179729547249939,0
2481,1.2025877694421756,0
2482,1.480137291293926,0
2483,0.336671810803814,0
2484,0.8135630606065686,0
2485,0.39709710725547975,0
2486,1.1697646832419049,0
2487,0.6610693258950526,0
2488,1.1489720290471763,0
2489,0.6024436218084149,0
2490,1.3010757266122592,0
2491,0.26283094386578193,0
2492,0.6573043325186875,0
2493,0.20172054226361813,0
2494,0.677234392769259,0
2495,1.381754814380696,0
2496,0.7709799992937365,0
2497,1.1215450889935583,0
2498,0.33062862838602414,0
2499,1.785098931868213,0
2500,0.7832057281008464,0
2501,0.7692706422990023,0
2502,0.49685597158845757,0
2503,0.20695887304719815,0
2504,1.1180423555852255,0
2505,0.9833774314207752,0
2506,0.5922691546198335,0
2507,0.7177139494961849,0
2508,0.14784215370130965,0
2509,1.6093622065604705,0
2510,0.35943656359012766,0
2511,1.29734659998678,0
2512,2.561774640734355,1
2513,0.43751884762957227,0
2514,2.3419807256786562,1
2515,0.2749751338599292,0
2516,0.22509714206328776,0
2517,0.18042338202332694,0
2518,0.20175788165393033,0
2519,0.29220400919027695,0
2520,0.4569575739625888,0
2521,1.3313553840623418,0
2522,0.34168207663318945,0
2523,0.5563806246318376,0
2524,0.8048792710360664,0
2525,0.18105865655229128,0
2526,1.7188139853152122,0
2527,1.0636724042904264,0
2528,0.14074692378367606,0
2529,0.7326047504975053,0
2530,0.8250163499585164,0
2531,1.2043405863625953,0
2532,0.7613567620973443,0
2533,0.352723217420664,0
2534,0.1639550931345723,0
2535,0.22266583923520383,0
2536,0.49249375072481777,0
2537,0.6216373780204585,0
2538,0.632788867094872,0
2539,1.0829402937542878,0
2540,0.4790146516616609,0
2541,0.855025836531287,0
2542,1.1585599849070123,0
2543,0.2115259440908436,0
2544,0.19044108926879053,0
2545,0.27332988200038566,0
2546,3.0092642545000454,1
2547,0.18452779307785896,0
2548,0.47139864780258184,0
2549,0.8210195610258777,0
2550,0.9769153793290586,0
2551,0.2842174464122197,0
2552,0.2501962806954435,0
2553,0.7657900651103795,0
2554,1.5480482594808214,0
2555,0.6502615940020242,0
2556,0.47291368403241785,0
2557,1.227547530923579,0
2558,0.3055428716292764,0
2559,0.8543263369479714,0
2560,1.3522512026589675,0
2561,1.4444539225448145,0
2562,2.0738869540172056,0
2563,0.14582570863477612,0
2564,0.24438941715888474,0
2565,1.5412903605075416,0
2566,1.0857665603650262,0
2567,1.0618519463780256,0
2568,1.370769046795227,0
2569,1.7250034728879045,0
2570,1.1719530149025268,0
2571,0.35079867902211614,0
2572,1.109921125415222,0
2573,0.4539608197027068,0
2574,0.40325691429624744,0
2575,0.5370294329727445,0
2576,0.306287866649384,0
2577,0.3652237047741532,0
2578,0.7684225543477987,0
2579,1.0025981723298427,0
2580,0.8972601661970764,0
2581,1.1101676497844335,0
2582,1.3539531409688244,0
2583,1.0927739917242423,0
2584,0.8245054921820778,0
2585,1.6820364814322275,0
2586,0.3118407708920047,0
2587,0.8114473186549267,0
2588,0.7989874844662079,0
2589,1.2003328218359635,0
2590,0.9779281126322094,0
2591,1.151272325920568,0
2592,5.221351200148983,1
2593,2.141242040680428,0
2594,0.6402645762525069,0
2595,0.1887006432586548,0
2596,2.27483663255878,0
2597,0.16788710297214468,0
2598,0.9623151311759225,0
2599,0.42847234482082436,0
2600,0.49794594522791796,0
2601,0.9323533700391133,0
2602,1.1475492672039074,0
2603,1.2287366557161916,0
2604,0.7071074521229045,0
2605,0.5849003913623467,0
2606,1.1973710710463488,0
2607,0.7090890442605312,0
2608,0.4481866385876989,0
2609,1.71221365966692,0
2610,0.5425851253513212,0
2611,0.20869786879109636,0
2612,0.7957160441041102,0
2613,0.2238051786385698,0
2614,2.769998643026807,1
2615,1.1910125041884714,0
2616,1.115196312863354,0
2617,0.3868069788430499,0
2618,0.3348017845479988,0
2619,0.7658514584529739,0
2620,1.0506144719652466,0
2621,0.17870896239318035,0
2622,0.49576474915206425,0
2623,1.0681811982336247,0
2624,0.7968065187559702,0
2625,0.19542857663881597,0
2626,1.127409845887703,0
2627,0.13160679787368032,0
2628,0.43519038048478703,0
2629,0.8771056806411863,0
2630,1.1145670933845466,0
2631,0.21610450472214202,0
2632,0.7354871438735164,0
2633,0.7548550689206862,0
2634,0.18011289579915557,0
2635,1.6033006084114487,0
2636,0.7774243296936136,0
2637,1.1178352536568377,0
2638,1.9132286658438822,0
2639,0.7337938106573179,0
2640,1.0178867657516986,0
2641,1.5186817111693465,0
2642,0.7391921594103646,0
2643,0.9822037213529586,0
2644,1.788328407382663,0
2645,0.6409199849488609,0
2646,1.8709749339456163,0
2647,0.16498247237944813,0
2648,0.4936914293836277,0
2649,0.5049670891859572,0
2650,0.49048785237211545,0
2651,1.1508423010165665,0
2652,0.8568141605842406,0
2653,1.9629499785492066,0
2654,0.6679072631279529,0
2655,1.565457663744549,0
2656,0.571393571006722,0
2657,0.7082858842049624,0
2658,1.3900993607941188,0
2659,0.39460896535764767,0
2660,0.36467054013869726,0
2661,0.7729330188451937,0
2662,0.8390291063618223,0
2663,0.7743891201945885,0
2664,0.881344157104284,0
2665,0.7248505186626975,0
2666,0.6479456369333151,0
2667,1.3648568156010938,0
2668,0.22428115176341223,0
2669,1.992917659961859,0
2670,0.7559851486123557,0
2671,0.31201615636756536,0
2672,1.4493972429917745,0
2673,1.9937776608224567,0
2674,0.4951861543750121,0
2675,1.3529197552158074,0
2676,1.296392481566619,0
2677,1.098848576294743,0
2678,0.5306171094875184,0
2679,0.7028799073348446,0
2680,0.4893007257938119,0
2681,0.7460278600654376,0
2682,0.20141140713367306,0
2683,0.7859480594120564,0
2684,1.096534790273983,0
2685,0.38401897548823766,0
2686,2.511237942006298,1
2687,14.708776456305198,1
2688,0.7740569471679001,0
2689,0.6657399283737266,0
2690,0.21587892330725472,0
2691,0.7356591719028507,0
2692,0.4821689645156029,0
2693,0.5212783718037546,0
2694,0.4170471201249617,0
2695,1.0000578424017117,0
2696,0.9749067929274041,0
2697,0.15185577030595937,0
2698,0.9401104767011178,0
2699,0.7388244552398842,0
2700,0.1399306468145796,0
2701,1.0648341943278077,0
2702,0.7425380208723031,0
2703,0.6444960308231007,0
2704,0.21160445873242958,0
2705,0.9944509423866623,0
2706,0.6805544648562504,0
2707,0.1587260536983869,0
2708,0.5031047083137932,0
2709,1.1112355865239016,0
2710,1.365138731870984,0
2711,1.4192316394860995,0
2712,0.9193653804598345,0
2713,1.0632253923352608,0
2714,0.4331983236234932,0
2715,0.33292910303895173,0
2716,0.1594978156535421,0
2717,1.038103384259606,0
2718,0.7327988242538191,0
2719,2.111321238989192,0
2720,0.1299155008573229,0
2721,0.45134570271415325,0
2722,2.1181127793116734,0
2723,0.9470354776912773,0
2724,1.10490772925584,0
2725,0.08542487426093366,0
2726,0.9108093749884851,0
2727,0.8108182124058703,0
2728,1.444437584429264,0
2729,0.3207428758669133,0
2730,0.9637025823542249,0
2731,0.23598218542581417,0
2732,0.24253474131696753,0
2733,1.0573931580722458,0
2734,1.4566141234773937,0
2735,0.56867682689831,0
2736,0.2152488773458816,0
2737,1.160929554267203,0
2738,0.8455244215937491,0
2739,0.3655249420407418,0
2740,0.2697545968673431,0
2741,0.23334909157997927,0
2742,0.4789785474194013,0
2743,0.29856335650746135,0
2744,0.8399134634919669,0
2745,1.4705664100257292,0
2746,0.7980106294129025,0
2747,0.5733691514209844,0
2748,1.3578413813007562,0
2749,0.3450621119843009,0
2750,0.5186457210272307,0
2751,1.051326299623325,0
2752,0.2730015333087439,0
2753,0.2598057348884585,0
2754,0.175322257034348,0
2755,0.6622797914657046,0
2756,2.4806704300340208,1
2757,0.5441871290301808,0
2758,0.24831679945426882,0
2759,1.9438405023880427,0
2760,0.2837342029345376,0
2761,1.5060763055150193,0
2762,0.4025566381523176,0
2763,0.2243872358078856,0
2764,0.385333477616027,0
2765,0.4087664828210283,0
2766,0.42932751109507983,0
2767,0.7521584773097717,0
2768,0.6001315122557147,0
2769,0.5544807726619343,0
2770,0.8613433466453388,0
2771,2.293919208853593,0
2772,0.6189141447687769,0
2773,1.1432263980639303,0
2774,2.0631283760768824,0
2775,0.8085010437782045,0
2776,1.5884580377467497,0
2777,1.3649995183709358,0
2778,1.833620304957556,0
2779,0.5630286880382631,0
2780,0.5710086689441038,0
2781,0.09128002058786053,0
2782,0.503762631649314,0
2783,1.1114793973848538,0
2784,0.42388927760875106,0
2785,0.8373845856536904,0
2786,0.7368093063357224,0
2787,0.48351003061070263,0
2788,0.6754243792319774,0
2789,1.9263976394312206,0
2790,0.9766763340154043,0
2791,0.526612031198351,0
2792,1.447182300556989,0
2793,1.9488143796039097,0
2794,0.08542487426094822,0
2795,0.23729970610413625,0
2796,1.4683853613302351,0
2797,0.5097965957879985,0
2798,0.5561290899660772,0
2799,0.3316134031755841,0
2800,1.4131715682055819,0
2801,1.6732262467364627,0
2802,0.4106227827864674,0
2803,0.19415159240385432,0
2804,0.6378234710509485,0
2805,0.6617038456721187,0
2806,0.17382979262644763,0
2807,0.6592753427559103,0
2808,1.378444444822168,0
2809,3.7625208918013042,1
2810,0.48020246393977983,0
2811,0.1963785248445841,0
2812,0.31732311280027503,0
2813,0.7642811318047343,0
2814,0.30819701026067386,0
2815,0.2818416956366254,0
2816,0.38712961907774457,0
2817,1.0722164744349019,0
2818,0.47794742765244785,0
2819,2.3143068405718408,0
2820,1.3989450309863156,0
2821,2.2155284382891245,0
2822,0.5489411380053015,0
2823,0.6973899327823756,0
2824,0.3350327856737766,0
2825,1.1781681475313455,0
2826,0.976460994604208,0
2827,0.9290416806982996,0
2828,0.274574159471741,0
2829,3.0172320543395714,1
2830,0.8775368785326222,0
2831,0.11352103005317637,0
2832,0.26540941457986206,0
2833,0.34563781982092345,0
2834,0.9666669552880739,0
2835,1.4344145912420108,0
2836,1.3927844172007213,0
2837,1.224490527317535,0
2838,0.3208871367949929,0
2839,0.3098231666458152,0
2840,1.2953245111250304,0
2841,1.3482138780631996,0
2842,0.9202378667358149,0
2843,0.8247694624821648,0
2844,0.48270750006147506,0
2845,0.26743948025863806,0
2846,3.792414558331695,1
2847,0.33831290924994295,0
2848,0.4466404899077695,0
2849,1.7252739577644434,0
2850,0.7342274044281106,0
2851,0.7881155571938241,0
2852,0.7019904623152415,0
2853,1.4392193195390433,0
2854,0.26498971880571454,0
2855,1.4088606276150069,0
2856,0.11521197733519044,0
2857,0.29708148096481946,0
2858,0.8529916662906004,0
2859,0.11245170840267608,0
2860,0.4205516026904802,0
2861,0.46700256940730733,0
2862,0.2876364686592464,0
2863,0.1384996501265167,0
2864,0.3885185941790022,0
2865,0.6175604660687236,0
2866,0.14905295407021346,0
2867,0.3289838210602277,0
2868,1.0481327502278053,0
2869,0.5331558203411194,0
2870,0.1461237130161477,0
2871,0.7071975817352867,0
2872,0.15736295140320736,0
2873,0.5971890025248049,0
2874,0.170708722139196,0
2875,0.8297415392617479,0
2876,0.870843535263306,0
2877,1.5351795331635625,0
2878,0.28742037701588113,0
2879,0.33937801674723045,0
2880,0.6091204788855192,0
2881,0.9918478797904898,0
2882,1.4823862566049566,0
2883,1.7490123561324389,0
2884,1.4286577336697874,0
2885,0.7350028523854084,0
2886,0.7605003822023428,0
2887,2.8417748497982624,1
2888,1.1922963166997287,0
2889,0.7526401692795928,0
2890,2.119847445215121,0
2891,2.7228240992516395,1
2892,1.2376984742583494,0
2893,1.4002003460359904,0
2894,0.4569791813580397,0
2895,1.5034041681583983,0
2896,0.30062760051292947,0
2897,1.9800365127886472,0
2898,0.49398934841072195,0
2899,0.7283182039755964,0
2900,1.45121668701814,0
2901,1.276414169215704,0
2902,0.13873745800915188,0
2903,0.8045208542758824,0
2904,0.33825532783073325,0
2905,1.718534222719765,0
2906,0.520546888669568,0
2907,3.150761803037734,1
2908,2.669028997142563,1
2909,1.2355720035876394,0
2910,0.9178129240596146,0
2911,0.4690271649997067,0
2912,0.4750054536138875,0
2913,0.5872315599772151,0
2914,1.0096009279171207,0
2915,1.5341852550526085,0
2916,1.3966787112532137,0
2917,0.2964694864700321,0
2918,0.42639423566171253,0
2919,1.6591719754158707,0
2920,0.33596820535712596,0
2921,2.7323463055585675,1
2922,0.8694398485198714,0
2923,0.8489596875734847,0
2924,1.40242191887407,0
2925,0.361693199902809,0
2926,0.2961788498609268,0
2927,0.154824792328418,0
2928,0.6785731181755986,0
2929,1.2635618329969271,0
2930,0.1981364047879861,0
2931,1.179354815484971,0
2932,0.47328847480719716,0
2933,0.21401407050166538,0
2934,0.464282096365662,0
2935,1.1216018178405274,0
2936,0.48954603879768915,0
2937,0.6819978979814103,0
2938,1.006962245803022,0
2939,0.46154340259189064,0
2940,1.3678448511184216,0
2941,2.943866387374582,1
2942,3.1433378095318667,1
2943,0.17581958155166094,0
2944,0.655115491322065,0
2945,1.5415684487992318,0
2946,0.2617175720122512,0
2947,1.706648735559498,0
2948,0.5143807415232873,0
2949,0.28441138164528734,0
2950,0.660928032313423,0
2951,0.4300854244461204,0
2952,0.4385780654410606,0
2953,0.5448572279742493,0
2954,0.31001785133167803,0
2955,1.257626107542707,0
2956,0.26512052433177835,0
2957,1.4623182912488677,0
2958,0.3711478218134171,0
2959,0.7825636603859587,0
2960,0.8773014197551265,0
2961,3.1669167280553894,1
2962,0.9109358182986149,0
2963,0.8545355907748238,0
2964,0.5069220795997041,0
2965,0.6144379763493594,0
2966,0.34824424613072746,0
2967,0.9292191272660627,0
2968,1.2363730884935298,0
2969,2.0813262069733782,0
2970,0.8065617762390964,0
2971,0.2516268544170044,0
2972,2.6294309852691673,1
2973,0.6381321316418304,0
2974,0.6056533010923261,0
2975,0.452725727274216,0
2976,0.8268155875110386,0
2977,0.9461482797901948,0
2978,0.1264176885082248,0
2979,1.1656991918479147,0
2980,0.6178873867915051,0
2981,1.1782608039649407,0
2982,0.25880620668022647,0
2983,1.0427033581903782,0
2984,1.9526616148552303,0
2985,0.3097954524071351,0
2986,0.9111729053201035,0
2987,0.25649506012908774,0
2988,0.9676724450599608,0
2989,0.9610156233258002,0
2990,1.1354808615358292,0
2991,0.41717735629288566,0
2992,0.4434695178832559,0
2993,1.1456767218666766,0
2994,1.583307105518191,0
2995,1.8376479283726777,0
2996,0.7260623910075055,0
2997,1.3189603275053514,0
2998,0.4479015267284271,0
2999,0.645532200289618,0
3000,3.990640611261638,1
3001,2.8413378740477584,1
3002,2.0520350448655096,0
3003,0.7095425401402412,0
3004,1.2663048629794094,0
3005,1.206394920847874,0
3006,0.5145916359037921,0
3007,0.5386065748375737,0
3008,0.1963493322185696,0
3009,0.8761197135012274,0
3010,0.586145770290208,0
3011,1.0299204099906842,0
3012,0.1753974784237347,0
3013,0.11948237880819548,0
3014,1.5059838221071389,0
3015,1.8154008077397443,0
3016,0.08578765892502924,0
3017,0.8428418715841817,0
3018,1.4031900063010887,0
3019,1.1196969613211774,0
3020,0.4460337108373615,0
3021,0.8873513296432247,0
3022,0.590748788593535,0
3023,0.4583109004638294,0
3024,1.7847108782496997,0
3025,0.8491416588048452,0
3026,1.496684972389753,0
3027,0.280290248369871,0
3028,0.3120278950489316,0
3029,1.0876599012044768,0
3030,1.4663002962424507,0
3031,0.3754786149959273,0
3032,1.077588967543983,0
3033,1.9721272543510568,0
3034,1.7940984004409029,0
3035,0.9692246478120573,0
3036,1.7533507914617146,0
3037,1.0155346833779102,0
3038,1.0404613902098603,0
3039,0.927614468271717,0
3040,1.450084183020868,0
3041,0.19458646297995047,0
3042,0.9588181567043353,0
3043,0.822881897733654,0
3044,2.605426266255789,1
3045,0.22675402782092474,0
3046,1.8106818859225142,0
3047,0.6574203352832135,0
3048,1.3284234733043097,0
3049,1.1824978871698661,0
3050,1.7184321829123526,0
3051,4.660954179934654,1
3052,0.7414693154598118,0
3053,0.7323515577830565,0
3054,1.171138544127795,0
3055,0.17003462628531543,0
3056,3.405976524955708,1
3057,0.261967004901812,0
3058,1.0648834881934466,0
3059,0.819650731261101,0
3060,0.4100354310839444,0
3061,0.3988426917819251,0
3062,0.26689561464644507,0
3063,1.1060073782487325,0
3064,0.4748630572536925,0
3065,1.5838699549196502,0
3066,0.9055915549076708,0
3067,0.16940172742542228,0
3068,1.6628840471783124,0
3069,0.4180134053306738,0
3070,2.5217404956632308,1
3071,0.8802490836674861,0
3072,0.9516740341401562,0
3073,1.7858999100491182,0
3074,1.232387377624226,0
3075,1.0694489552529796,0
3076,0.768149564869267,0
3077,1.6770601995190741,0
3078,0.3439701157657978,0
3079,0.8455132853584297,0
3080,0.31103884214328614,0
3081,0.9998252363273998,0
3082,0.5600620755631216,0
3083,0.9155002871434033,0
3084,0.5193320530985173,0
3085,0.3980286728645287,0
3086,0.5297826472320853,0
3087,2.574924315461814,1
3088,0.9891366055082423,0
3089,1.3864796543331621,0
3090,0.19491834389792004,0
3091,0.4335361932821721,0
3092,0.7493858911965023,0
3093,1.9682320610652724,0
3094,0.49699586445305843,0
3095,0.3690424744484774,0
3096,0.5544507802433565,0
3097,1.115572528993055,0
3098,0.3325912418381284,0
3099,0.877457204918565,0
3100,0.9530556890507347,0
3101,0.2345112150923055,0
3102,3.7342242904634704,1
3103,1.332631971088024,0
3104,1.5916065952819038,0
3105,2.193701667658766,0
3106,1.738935875787766,0
3107,0.9223132097740452,0
3108,0.42940017555493853,0
3109,3.0832733542006507,1
3110,0.6470790239927366,0
3111,0.44570153960593756,0
3112,0.8998253452662237,0
3113,0.8717300554161914,0
3114,0.30306717894088014,0
3115,1.5596357229737783,0
3116,0.20131754240942962,0
3117,0.17112673300597334,0
3118,0.2673214230686419,0
3119,2.2699920998070233,0
3120,0.3874847165935077,0
3121,3.0388687185221857,1
3122,0.3687299837312862,0
3123,0.3943671990497464,0
3124,1.2042529056663895,0
3125,0.8504194248280406,0
3126,0.9646876536222482,0
3127,0.5813470127190117,0
3128,1.0685269597884222,0
3129,1.1921900970919945,0
3130,0.6568332156780767,0
3131,1.9000686677845955,0
3132,1.9581861697214937,0
3133,1.6326191001725092,0
3134,0.6958752377969109,0
3135,0.273037442482965,0
3136,0.40610001991860784,0
3137,0.5328830741881828,0
3138,0.4606604116927871,0
3139,0.3162365059446315,0
3140,0.9391855397116992,0
3141,0.155415514531921,0
3142,2.26168307318792,0
3143,0.23475009248959725,0
3144,1.4838916707361522,0
3145,0.17554712315052504,0
3146,0.8389293859018953,0
3147,0.2691111042062934,0
3148,0.8915741128731991,0
3149,1.5443542066793126,0
3150,0.7305240544426239,0
3151,2.5520819994944963,1
3152,2.5120385744789497,1
3153,0.3830825593388353,0
3154,1.6255308330132145,0
3155,0.5499905064820251,0
3156,0.8138655686264805,0
3157,1.0667756726787443,0
3158,0.49931370187423124,0
3159,0.39687721801467407,0
3160,0.7483145999941841,0
3161,0.9545108207011641,0
3162,0.9739549070312453,0
3163,0.19889955431311948,0
3164,0.5547910214688129,0
3165,0.10260428332639279,0
3166,0.7103238846037723,0
3167,1.8026740173280404,0
3168,0.826698575398549,0
3169,0.8111235094447252,0
3170,0.42455041990684705,0
3171,0.5071536266603942,0
3172,3.0107497763601727,1
3173,1.46293860368386,0
3174,0.8882781611501359,0
3175,0.5744160418138101,0
3176,0.17568715915799846,0
3177,0.23600027700647103,0
3178,1.046994944841108,0
3179,1.4056901296371933,0
3180,1.3470632716402164,0
3181,1.094919650957348,0
3182,0.9867649881107503,0
3183,9.94518386925885,1
3184,0.855500940374311,0
3185,1.0187633625953398,0
3186,0.6847561564604376,0
3187,0.3553244517851112,0
3188,0.8299282150117794,0
3189,0.5757993240121569,0
3190,1.6794016659550288,0
3191,0.47533605016695396,0
3192,0.3175720681495419,0
3193,0.41859613306889615,0
3194,1.4592814693287288,0
3195,0.9020398564494807,0
3196,0.6203501610228899,0
3197,0.35597994520129594,0
3198,0.24717000735691325,0
3199,2.822544183042983,1
3200,0.8673644264986858,0
3201,1.0648825366681245,0
3202,0.20963391060691078,0
3203,0.7757950698329652,0
3204,2.1976952976458692,0
3205,1.1119876049290518,0
3206,0.7010084470918648,0
3207,1.1160826122981857,0
3208,0.37656873243078454,0
3209,0.6127169813693676,0
3210,1.7730847842243467,0
3211,0.6795643271925724,0
3212,0.8221486646955769,0
3213,0.5802934826370717,0
3214,0.955034916905529,0
3215,0.9172130036167477,0
3216,0.4647812384837099,0
3217,1.1292623133548294,0
3218,0.20343348903722253,0
3219,0.46206414559329845,0
3220,6.880727973764374,1
3221,0.26565166636687115,0
3222,1.058158158920779,0
3223,0.7648067288257999,0
3224,0.537282115173392,0
3225,1.4528169640982231,0
3226,0.897633740176994,0
3227,0.5642025542224465,0
3228,0.1600131843695977,0
3229,1.2487862033198893,0
3230,0.4477624519440881,0
3231,0.41206295393813236,0
3232,0.30754685352988964,0
3233,0.2503097776878421,0
3234,0.14320565315654132,0
3235,1.3659651280962652,0
3236,0.4450403672422299,0
3237,0.600342745064499,0
3238,0.7793920144426962,0
3239,1.5756504642148834,0
3240,0.6792976938502704,0
3241,1.8130388220492446,0
3242,1.2781991846804002,0
3243,0.7884814179571895,0
3244,0.14288957389360984,0
3245,0.4421605346672898,0
3246,0.3628578853889177,0
3247,0.5588812734424519,0
3248,0.3478941687656283,0
3249,0.2996267690694642,0
3250,1.4204580059187815,0
3251,1.6053333069021067,0
3252,0.5615333539993949,0
3253,1.2735201048363156,0
3254,0.29601718513252695,0
3255,0.09483639319440774,0
3256,1.1100239253218915,0
3257,1.0657245829991633,0
3258,2.7126629430066336,1
3259,0.8246318229326579,0
3260,0.3437796056284061,0
3261,1.3776519255540507,0
3262,0.567668570143497,0
3263,0.6627248671974372,0
3264,1.1267382962451702,0
3265,0.3721488075625465,0
3266,0.37597161642009136,0
3267,0.8213030044386661,0
3268,1.1208758437394604,0
3269,0.6720498673890007,0
3270,1.9606958284378895,0
3271,0.7968484311023204,0
3272,0.43239680619343746,0
3273,0.6475401604420679,0
3274,0.2368259340097414,0
3275,1.9205065345326382,0
3276,0.31324270465582743,0
3277,0.12296452235184785,0
3278,1.191537698753962,0
3279,4.047482877864704,1
3280,0.3769582848947926,0
3281,0.38526741391045943,0
3282,0.9477909122208121,0
3283,0.37737915630639085,0
3284,0.20590676206766964,0
3285,4.81863647000503,1
3286,1.093256273151113,0
3287,1.0432757967957333,0
3288,0.639397576115691,0
3289,0.9376752287623441,0
3290,0.1075157758073892,0
3291,0.9500927112420923,0
3292,0.3691650047778834,0
3293,0.15573552884957356,0
3294,0.6789111454166498,0
3295,2.1986423777145996,0
3296,0.19218053182052683,0
3297,1.426953672899448,0
3298,1.8921204419758495,0
3299,1.856444070870884,0
3300,0.6098017028546133,0
3301,0.08938656320595981,0
3302,0.53756634535214,0
3303,0.8184212518804117,0
3304,0.49230933650849906,0
3305,0.3333356840152204,0
3306,0.18446052984892433,0
3307,0.9911333729022417,0
3308,0.16656486438816862,0
3309,0.3008929423963916,0
3310,1.3423710393741772,0
3311,0.4284493461740747,0
3312,1.039992387552934,0
3313,1.0954847296004167,0
3314,0.8027874855280427,0
3315,5.30552413409987,1
3316,2.710997040424464,1
3317,1.3532531774530432,0
3318,0.9568824549201438,0
3319,1.3743107446068341,0
3320,0.5999959066499436,0
3321,0.546825326723013,0
3322,0.49433921490545474,0
3323,0.25331553168883,0
3324,0.8684552224177807,0
3325,0.24082842736277468,0
3326,0.8945856688463796,0
3327,2.510542271896811,1
3328,0.932711445499994,0
3329,1.0091651298355904,0
3330,0.648227612131309,0
3331,0.6381597835383539,0
3332,0.6657627783769232,0
3333,1.236470308743462,0
3334,1.1073848686638805,0
3335,0.2119648650283402,0
3336,0.4066735612380004,0
3337,0.7169696440152827,0
3338,0.7296536646865821,0
3339,1.4066371093658012,0
3340,1.088065197618596,0
3341,1.6898658183230375,0
3342,0.21334824173139083,0
3343,3.0452036075762754,1
3344,0.7420672117843345,0
3345,0.3144449679618327,0
3346,0.9051006719615031,0
3347,0.3655690328426517,0
3348,1.6580132923587225,0
3349,0.6546851905103941,0
3350,0.872978885721562,0
3351,0.1524558707479245,0
3352,1.7203610551319664,0
3353,0.8769273178106219,0
3354,0.7320828567623119,0
3355,0.9948209470445522,0
3356,0.3499082035443376,0
3357,0.6034486681547792,0
3358,0.48652129773227226,0
3359,1.0315398276407328,0
3360,0.6863857143442738,0
3361,1.2049254054341443,0
3362,2.8763916426200997,1
3363,1.2845458855859295,0
3364,1.4820276979569238,0
3365,0.5333175750473209,0
3366,2.5611547027099397,1
3367,0.23470333795078094,0
3368,0.7381068085661419,0
3369,1.341849022722283,0
3370,0.2554391929736883,0
3371,0.24815885680292257,0
3372,0.53134856026068,0
3373,0.1662884557168367,0
3374,1.420519850189444,0
3375,0.5184156686674222,0
3376,0.9800693914605147,0
3377,0.40121054548884105,0
3378,1.5924839768424155,0
3379,1.060516835752352,0
3380,1.0583177842551137,0
3381,0.9526491017626961,0
3382,0.5124877137816439,0
3383,1.0764214042038296,0
3384,1.2116643721114069,0
3385,1.031358507866562,0
3386,0.3535480577494837,0
3387,0.5471566106452356,0
3388,1.0333129601124367,0
3389,1.911511222931825,0
3390,0.29588140695557896,0
3391,1.248431422078863,0
3392,1.5247593985507042,0
3393,1.3069836326923416,0
3394,1.592402291422274,0
3395,0.6537691400316418,0
3396,2.2226545047871062,0
3397,0.30965522740034157,0
3398,0.9388473272214984,0
3399,0.4731771389184723,0
3400,2.9127232863583576,1
3401,0.33775415275706955,0
3402,2.3055486535727123,0
3403,1.6941350177470944,0
3404,0.584477358393055,0
3405,0.9272116778998187,0
3406,0.40749363848761677,0
3407,1.1422736307654784,0
3408,1.765874593198466,0
3409,0.7866348143111898,0
3410,0.15791097125816383,0
3411,0.2961977049009422,0
3412,1.345369465295576,0
3413,1.1338244763038383,0
3414,1.361825534517383,0
3415,0.5283865893262917,0
3416,0.3906417971766218,0
3417,0.8367180896050719,0
3418,1.9554049553362294,0
3419,2.7084312382506295,1
3420,4.095738839508837,1
3421,1.2221525388008054,0
3422,0.6664475637263111,0
3423,0.2914894762875817,0
3424,0.20715847335798232,0
3425,1.2504423374209022,0
3426,1.5956110442093128,0
3427,0.37952308144033936,0
3428,0.746697049507237,0
3429,1.183249877070382,0
3430,1.0234903223769996,0
3431,0.4309213131594585,0
3432,0.9876392775810384,0
3433,0.18737189689793726,0
3434,0.5161242061870951,0
3435,0.24200019450245902,0
3436,1.9826097715475908,0
3437,2.6024507848157645,1
3438,1.1149394564445558,0
3439,1.5885592065693477,0
3440,0.4405690779822781,0
3441,0.5826202828470457,0
3442,0.5888286560527852,0
3443,0.9842400606230713,0
3444,0.4732473583843183,0
3445,1.3051589427904449,0
3446,0.39168333665672933,0
3447,1.0562063745901669,0
3448,3.801819073456632,1
3449,1.047235606157193,0
3450,0.7660676826380606,0
3451,0.38670345727657285,0
3452,0.3922981850581513,0
3453,0.7332915567241738,0
3454,0.4255244519680195,0
3455,0.19320810743074918,0
3456,0.484211510946215,0
3457,1.440040668554257,0
3458,0.9467652972101721,0
3459,1.0023269980996505,0
3460,0.46076615360325535,0
3461,1.4411717899270329,0
3462,0.5600908966381102,0
3463,2.2873057034197846,0
3464,2.174234130864366,0
3465,0.29170701948303357,0
3466,0.23227614943668948,0
3467,0.5325301725423892,0
3468,0.2937371688828708,0
3469,0.486377588998661,0
3470,1.0228602601569192,0
3471,1.4208100669228918,0
3472,0.3914186517115232,0
3473,0.4318870291114541,0
3474,0.11688403689669465,0
3475,0.12232861646312912,0
3476,0.19506327783616312,0
3477,1.6518982780691502,0
3478,1.05629237245954,0
3479,3.040269139241654,1
3480,0.35142208917001516,0
3481,0.3381067088230322,0
3482,0.6589868586575983,0
3483,0.5966700318508211,0
3484,0.3584208574077732,0
3485,1.0538800640510273,0
3486,0.9266030432946766,0
3487,0.11519165420579633,0
3488,0.6470666997297999,0
3489,0.26775826829921473,0
3490,1.3517740882134948,0
3491,1.3564447133526736,0
3492,0.7448481501985988,0
3493,0.4979011226655642,0
3494,0.5975913677818114,0
3495,1.863489645809889,0
3496,0.23776058473788836,0
3497,1.437018047826991,0
3498,1.1419843453702403,0
3499,0.21783473049240656,0
3500,0.46689109327081085,0
3501,0.9144675890628855,0
3502,0.6503964250446557,0
3503,1.323958926780009,0
3504,0.4579601284663884,0
3505,0.6368484060034367,0
3506,0.9005900220616926,0
3507,0.25739502553104193,0
3508,0.7532972697796769,0
3509,0.4443525189562189,0
3510,0.15276443880279575,0
3511,2.7461604480622688,1
3512,0.23492463039797534,0
3513,0.5676167365374745,0
3514,0.33486241909302017,0
3515,0.6184767870153842,0
3516,0.8777203493011603,0
3517,1.0749694332828632,0
3518,0.2824195629887581,0
3519,1.1333963977657693,0
3520,0.24908265037187832,0
3521,1.7060316012242773,0
3522,0.2476157045533566,0
3523,0.14934535403412222,0
3524,0.22559954872419183,0
3525,1.8090723060131908,0
3526,0.35078887292247174,0
3527,0.8137903369528832,0
3528,0.3028599960381654,0
3529,0.22960421157533534,0
3530,0.8634827166556722,0
3531,1.719489754945009,0
3532,0.33497354566686044,0
3533,0.8965060838029381,0
3534,0.28264047742009185,0
3535,0.8036290063171748,0
3536,0.42623534439442706,0
3537,2.576684103874653,1
3538,0.3140747650642304,0
3539,1.6403887975021316,0
3540,1.0342331226928956,0
3541,0.2446594158187319,0
3542,0.9798954017359229,0
3543,0.5146391438009358,0
3544,0.16360361887903427,0
3545,0.27561281712036867,0
3546,0.2831591571401552,0
3547,1.1452384536480318,0
3548,0.3075045719035948,0
3549,1.302664242279151,0
3550,1.4295871916336,0
3551,1.4589228598424415,0
3552,1.3188978600735013,0
3553,1.593393839852098,0
3554,1.2773863963726164,0
3555,0.7655293806528627,0
3556,1.0153743541587648,0
3557,0.3549132233446758,0
3558,0.6648210621969837,0
3559,0.27475672701568254,0
3560,0.7973073738763483,0
3561,0.38378968702143335,0
3562,0.47779448625839294,0
3563,2.5617642614670486,1
3564,0.6654414157679921,0
3565,0.39966563965730634,0
3566,1.5814659931314423,0
3567,2.1813510783828454,0
3568,0.8796983831920924,0
3569,0.4961607307031045,0
3570,0.32135130785972593,0
3571,0.5193011149219128,0
3572,0.8418117504515885,0
3573,0.23981162729307473,0
3574,0.5480762435565252,0
3575,0.8226947687262971,0
3576,1.4168028571666595,0
3577,1.7207186072435445,0
3578,0.8848340163707371,0
3579,1.1386032299261502,0
3580,0.4808105173122937,0
3581,0.6456716099773729,0
3582,1.2197797217995503,0
3583,0.993292333471666,0
3584,0.5258753600227282,0
3585,0.2497476208610759,0
3586,0.9402735065989292,0
3587,0.1390558151137907,0
3588,0.1664540904756592,0
3589,0.6615912122377554,0
3590,0.18110208244162843,0
3591,0.23005003440456573,0
3592,1.6882529299460554,0
3593,1.2507105546662072,0
3594,1.9697687230896375,0
3595,1.3458350938725558,0
3596,0.6900950026701954,0
3597,0.5497896909607569,0
3598,1.2672374908478963,0
3599,1.2901078877182606,0
3600,0.03958978445460086,0
3601,0.32545901748264694,0
3602,1.1792830056059327,0
3603,1.2317673290077715,0
3604,0.62465011955815,0
3605,0.9515739389677309,0
3606,0.8113067629628888,0
3607,1.5998117607741271,0
3608,2.762601647863734,1
3609,1.9047008645928678,0
3610,0.48690805911520973,0
3611,4.957875615209007,1
3612,0.5537764941033738,0
3613,0.9903346847643846,0
3614,1.7562456338748933,0
3615,2.9337201259129895,1
3616,0.2422293808775295,0
3617,0.9610706707429063,0
3618,2.3135829739882796,0
3619,0.34218721750807074,0
3620,0.6228880094076124,0
3621,0.29876787142287997,0
3622,0.541880483975542,0
3623,1.266793846792838,0
3624,1.2816488224509102,0
3625,1.1432079301384896,0
3626,0.2178812438182498,0
3627,0.4823088202109407,0
3628,0.3730645571605574,0
3629,0.6926919736123408,0
3630,0.9367088417318244,0
3631,1.0467132965025328,0
3632,1.2691683701817333,0
3633,1.7131486982934008,0
3634,1.0553795160096715,0
3635,0.5566364791797943,0
3636,0.7882188206235605,0
3637,0.24174181598674607,0
3638,0.39092789223565605,0
3639,0.46427293243081624,0
3640,1.036615685790118,0
3641,1.1603423457152746,0
3642,0.3789115377864075,0
3643,0.7778254162720231,0
3644,0.981679762895913,0
3645,0.7117685714833467,0
3646,2.12977808167263,0
3647,1.5222750526007758,0
3648,2.484147609350179,1
3649,1.4434375813766986,0
3650,0.32302435700302723,0
3651,0.45361443901058596,0
3652,1.2689987949135895,0
3653,0.6589129810914085,0
3654,1.3477452226998972,0
3655,0.5454002345160144,0
3656,1.1250120509750783,0
3657,0.6741927462316275,0
3658,0.5315406722088196,0
3659,1.309952658007602,0
3660,0.6648472974790085,0
3661,0.8987197154941808,0
3662,1.1106836945480398,0
3663,1.2718980935514028,0
3664,1.349030574355408,0
3665,0.5417196740285037,0
3666,1.7920478090958176,0
3667,1.769979431748243,0
3668,1.556381040416713,0
3669,0.5535354586553753,0
3670,0.3037617496504674,0
3671,0.8826059597732112,0
3672,0.26593707328806876,0
3673,0.8657378236761794,0
3674,0.5378272867912811,0
3675,0.6092035005485583,0
3676,0.5371913753856469,0
3677,0.48080589474086854,0
3678,0.8217515318282024,0
3679,0.7168588389343256,0
3680,0.48579996431694783,0
3681,1.877775187232738,0
3682,1.0958487647391402,0
3683,0.690273166088865,0
3684,0.7034269583258463,0
3685,1.2566212494067632,0
3686,1.1560958477980665,0
3687,0.13436564038429513,0
3688,1.8587090624555533,0
3689,1.7367163063535478,0
3690,2.2249393515303764,0
3691,2.2265133570812456,0
3692,0.7016074299723536,0
3693,0.8377906417512285,0
3694,1.0988390373623576,0
3695,0.7119850401529237,0
3696,0.1550001119255406,0
3697,0.8255039264352412,0
3698,0.653205725000151,0
3699,0.19109871776075366,0
3700,2.1131058705024492,0
3701,0.19611370192142347,0
3702,1.6628683289410542,0
3703,0.18182125316384154,0
3704,1.5643578252839265,0
3705,0.3730910117151332,0
3706,0.6327917840051238,0
3707,0.5808865836171833,0
3708,1.2723355660739581,0
3709,0.42296121989047064,0
3710,2.135082062865608,0
3711,0.6859465594674303,0
3712,1.4917602142478088,0
3713,0.522992919181658,0
3714,0.533065258456058,0
3715,1.6655617270492578,0
3716,0.17723190827169255,0
3717,0.3782996609220528,0
3718,1.2415507075907093,0
3719,1.23243044627912,0
3720,0.6655175399618452,0
3721,0.4971510848781146,0
3722,1.091478899023699,0
3723,0.5408201507366908,0
3724,0.239980416642202,0
3725,2.0989366302651304,0
3726,0.19248143541441115,0
3727,0.19557742209255347,0
3728,1.178016293340829,0
3729,0.41496311982247763,0
3730,1.931425503117436,0
3731,0.8964845916906026,0
3732,2.372343951501594,1
3733,5.1741083161602806,1
3734,0.2982031196515916,0
3735,1.734552237432458,0
3736,1.9791336129863635,0
3737,1.0758914714808328,0
3738,0.9177835499805708,0
3739,1.2231763292299989,0
3740,0.3382611111113336,0
3741,0.9755063714454846,0
3742,0.7105259653436053,0
3743,0.7351578066992135,0
3744,1.7569645487851573,0
3745,0.41214862892633874,0
3746,0.7701270050193049,0
3747,0.7832559998337548,0
3748,0.8088098457841049,0
3749,0.2521456224675196,0
3750,0.43994645650703623,0
3751,0.42732015381286975,0
3752,1.1469441535647433,0
3753,1.256932538367714,0
3754,1.8213272906181843,0
3755,0.49012118619910183,0
3756,0.14190167423143377,0
3757,0.08564004594904642,0
3758,0.888755096389543,0
3759,0.5347820237050263,0
3760,0.8659455825482457,0
3761,0.3598345339484495,0
3762,0.21114434249889963,0
3763,0.8165261343456196,0
3764,0.8035023214179103,0
3765,0.19715269748090208,0
3766,0.24018125559963135,0
3767,0.7600130235397449,0
3768,0.031689395127044925,0
3769,1.24501410766449,0
3770,1.811809773980799,0
3771,2.385211258671744,1
3772,1.0937369633753924,0
3773,2.372815048557083,1
3774,7.670649271070623,1
3775,0.5055149351973858,0
3776,1.4441147267120296,0
3777,0.1491200092243477,0
3778,0.8340864958690002,0
3779,0.351511399074566,0
3780,0.7334514788418429,0
3781,1.4353021482708677,0
3782,0.7734101547038245,0
3783,0.3030019678318178,0
3784,0.5290384150360552,0
3785,2.214873898511104,0
3786,1.1146927880206061,0
3787,0.0650918034965068,0
3788,2.0583432893071625,0
3789,0.5190807660255612,0
3790,0.7511657517093252,0
3791,1.1699641738578985,0
3792,1.8178404252652094,0
3793,1.970286578571311,0
3794,0.3691024839786519,0
3795,0.19021938345608114,0
3796,0.7176986048771378,0
3797,1.291488144629589,0
3798,0.964586996422082,0
3799,0.09036428175301128,0
3800,0.7330388831321113,0
3801,1.7363549396344322,0
3802,3.0070354986840795,1
3803,1.1662823512214338,0
3804,0.7393451922469652,0
3805,1.0953742714843877,0
3806,0.14467197994963915,0
3807,0.43101744007062603,0
3808,1.2213205568539012,0
3809,0.5219645315046502,0
3810,0.37702487714676225,0
3811,0.8374162934579973,0
3812,0.30556317682108386,0
3813,0.32480665858939123,0
3814,1.0172671561215638,0
3815,0.12878812278687463,0
3816,0.6473131996584489,0
3817,0.24892053603268746,0
3818,1.2762073211421918,0
3819,0.2728684542655954,0
3820,1.551705757829675,0
3821,0.7076182181902787,0
3822,1.7374735594767405,0
3823,0.571533374134608,0
3824,0.7914916863992285,0
3825,1.556305137210093,0
3826,1.944784101021153,0
3827,0.16004520628084595,0
3828,0.46951005326726347,0
3829,0.2077726082653084,0
3830,0.1458707666204609,0
3831,0.3804005107692148,0
3832,0.9474839439498819,0
3833,0.9145963383031663,0
3834,0.8420244651998725,0
3835,0.6767765482314055,0
3836,1.3397788613478272,0
3837,0.35991385610916976,0
3838,0.2443973254759794,0
3839,0.8960857408294816,0
3840,1.5282990202148694,0
3841,1.2645489572729143,0
3842,0.08351139721520603,0
3843,0.19361748863190806,0
3844,1.814980143264593,0
3845,0.7542960754645534,0
3846,0.16920405899782948,0
3847,0.775249024689959,0
3848,0.48143899777892096,0
3849,0.33871213112763854,0
3850,0.7368189954871915,0
3851,1.0480595925430383,0
3852,0.24412954609567508,0
3853,1.4444268094612556,0
3854,0.6530598848481721,0
3855,0.3776451634541073,0
3856,0.33537061240158667,0
3857,0.3101463350715748,0
3858,0.8003993942243698,0
3859,0.9057810114246632,0
3860,0.7446913219739418,0
3861,0.967495023894314,0
3862,1.8497831821096067,0
3863,0.7622397782713571,0
3864,0.11564714133689843,0
3865,0.5510155063739075,0
3866,1.1786000294996122,0
3867,2.798301207074661,1
3868,0.16067024406400537,0
3869,1.7768124277591617,0
3870,0.4302320326155543,0
3871,0.28509207485189914,0
3872,0.5231100086811293,0
3873,0.5099017532595347,0
3874,1.46168019629744,0
3875,0.2440748759491715,0
3876,0.6892455505371895,0
3877,0.2581491415551228,0
3878,1.2154576571385374,0
3879,0.4033186094221703,0
3880,1.43790211107668,0
3881,1.4635746973835615,0
3882,0.8926071250971216,0
3883,0.27314307444726493,0
3884,1.1772973839173153,0
3885,3.214849213564894,1
3886,0.516681409772427,0
3887,0.9820133097460028,0
3888,0.48622453929179715,0
3889,1.0469286140091294,0
3890,0.3577077406993601,0
3891,0.44251625654491294,0
3892,0.21885930762782504,0
3893,0.7199371847569187,0
3894,0.2467151623277138,0
3895,0.9238024287060245,0
3896,0.7870793010863995,0
3897,2.012830195299769,0
3898,0.3225177458951106,0
3899,0.18180989634157707,0
3900,0.47462977433239945,0
3901,0.22620796860849285,0
3902,0.19632304099494075,0
3903,0.8624989565173093,0
3904,1.1731920696945939,0
3905,1.4333805335321614,0
3906,2.845271702163686,1
3907,0.549452908511457,0
3908,0.17035912706392803,0
3909,3.901961815582445,1
3910,1.2521873492261766,0
3911,0.144631603651796,0
3912,0.4243381554882122,0
3913,1.8859190895454503,0
3914,0.5220671804628465,0
3915,2.821944100624986,1
3916,0.6049552455117376,0
3917,1.230427273121244,0
3918,1.5631773056649816,0
3919,1.2232911909951858,0
3920,0.22906903822345695,0
3921,1.3349597744096937,0
3922,0.166167674129776,0
3923,0.8427985355235281,0
3924,0.8526808688102427,0
3925,0.1534861493764449,0
3926,0.057942334303117723,0
3927,0.7474027079302289,0
3928,0.7383163727835979,0
3929,0.16300018564734045,0
3930,0.4683146688022357,0
3931,1.502179340526765,0
3932,0.8295034169495583,0
3933,0.2202180841988349,0
3934,0.7064159419641017,0
3935,0.8135934908076756,0
3936,0.15821581248167665,0
3937,0.3487826611328363,0
3938,0.5939394493510793,0
3939,1.3222289136154164,0
3940,0.3172963364696269,0
3941,1.291749862298433,0
3942,2.006102904658004,0
3943,0.5098171490483795,0
3944,1.457952762089437,0
3945,0.3367399751608656,0
3946,0.6922862972433032,0
3947,0.44509694423681323,0
3948,0.3980415140424743,0
3949,0.17542853307896691,0
3950,1.631981362943031,0
3951,0.2024952324414578,0
3952,1.2092138437729028,0
3953,1.3603537480346928,0
3954,0.9028332178324924,0
3955,3.259561709471323,1
3956,0.6432550277961674,0
3957,0.1488876620103562,0
3958,1.0396552191713064,0
3959,0.8801227308509582,0
3960,0.5892448533679118,0
3961,0.5384949776686798,0
3962,0.9380421113102411,0
3963,0.2843878885288079,0
3964,0.3299442729540014,0
3965,1.0364539657226495,0
3966,2.756270334337251,1
3967,0.9473012840522079,0
3968,1.081254757525158,0
3969,0.20609576435967475,0
3970,1.2251255028698673,0
3971,4.314132680263738,1
3972,1.0806614318423071,0
3973,0.7787021850701594,0
3974,0.8219600737763842,0
3975,1.2279200797783276,0
3976,0.9009060579944114,0
3977,0.5025912944717038,0
3978,0.09534932832240164,0
3979,0.39405188156856574,0
3980,0.598555253652855,0
3981,0.734751418205555,0
3982,0.1836034464013847,0
3983,0.7019822662129908,0
3984,0.6793110664588269,0
3985,0.09741226919436105,0
3986,2.2172373535169365,0
3987,0.4964717073022963,0
3988,1.4181411587925903,0
3989,1.1238846513626874,0
3990,1.142026428574277,0
3991,1.2171079856022424,0
3992,0.7462866217637518,0
3993,1.062846425767513,0
3994,1.5471382112813319,0
3995,1.2088193154662443,0
3996,0.29592798589035124,0
3997,0.2152626210773126,0
3998,0.38443074202890753,0
3999,1.2114418696444023,0
4000,1.535876703539387,0
4001,0.6664764259750728,0
4002,3.3417878004838952,1
4003,1.8119226982952779,0
4004,0.6489240402052466,0
4005,0.5170064191230213,0
4006,1.3142500224394829,0
4007,0.8853389594181529,0
4008,0.17163549832315042,0
4009,0.4938102939102049,0
4010,0.49336829719142045,0
4011,0.6265641548104723,0
4012,0.7613278044815278,0
4013,0.7492700328551386,0
4014,0.6350155583013577,0
4015,1.8449824901289915,0
4016,1.1988815598391445,0
4017,0.2062435924442128,0
4018,0.24244940236060247,0
4019,0.22707490218199933,0
4020,0.23568319529367604,0
4021,0.1554876777838063,0
4022,0.9106262675534247,0
4023,1.0538934572289336,0
4024,1.0104704408741387,0
4025,2.1658618119445534,0
4026,0.5520426976839631,0
4027,1.4981158601453488,0
4028,0.1966687338927459,0
4029,0.5820236128173277,0
4030,0.31170898093771915,0
4031,0.6311664358827033,0
4032,0.42930100586501807,0
4033,1.0813093101847993,0
4034,0.7999218554731569,0
4035,0.8915303875092497,0
4036,0.5596028296500505,0
4037,1.1984007813434876,0
4038,0.45236122903135173,0
4039,1.3811419252667267,0
4040,1.8487603381484814,0
4041,0.8398048188228182,0
4042,0.33819124803949635,0
4043,0.1599080461777851,0
4044,0.3853569977009039,0
4045,0.15677642567311267,0
4046,0.5628587067148338,0
4047,1.7698066862230342,0
4048,1.2488306502117006,0
4049,0.8120166626159833,0
4050,0.756911315940336,0
4051,0.25347467224993775,0
4052,0.6877954832917462,0
4053,0.9400206067235362,0
4054,0.6488111072184003,0
4055,0.2573223320286461,0
4056,0.5435595186778496,0
4057,0.301980439342602,0
4058,2.692504455188494,1
4059,5.721373425031993,1
4060,2.9863733402130905,1
4061,0.6934289550043603,0
4062,0.7546527939119987,0
4063,0.15047570299372057,0
4064,0.858815319595338,0
4065,1.8339048169989063,0
4066,0.7737494360136605,0
4067,1.1672111945790011,0
4068,1.6399607122386441,0
4069,0.8114564622422373,0
4070,0.20515983747851269,0
4071,0.23601319196093756,0
4072,0.7442320034009035,0
4073,0.525414371357895,0
4074,1.00465331151177,0
4075,0.35789074643516744,0
4076,0.6149300429352521,0
4077,0.7922477149085536,0
4078,0.2960594296727786,0
4079,0.6007337189839912,0
4080,0.32389955821000893,0
4081,0.8355916103422476,0
4082,0.9950685890871283,0
4083,0.43984146528711754,0
4084,0.6383808908595842,0
4085,0.8186992825140628,0
4086,3.4826445418034053,1
4087,0.5042845874044046,0
4088,0.8075244273404942,0
4089,0.0650918034965068,0
4090,0.21074889187140391,0
4091,0.9973640344762451,0
4092,0.7450946064606253,0
4093,0.8580490561820259,0
4094,0.5111155479591776,0
4095,1.0692783140249005,0
4096,0.42247748449878264,0
4097,0.6381271586714524,0
4098,1.2189028719789374,0
4099,2.9042921058976434,1
4100,0.3454294575019883,0
4101,2.5881455015469905,1
4102,1.42492710327635,0
4103,0.5784340024846625,0
4104,1.592486239682754,0
4105,0.6811172770226189,0
4106,1.8696346230816459,0
4107,1.9040372446512415,0
4108,1.3731579270373793,0
4109,0.11885935334047208,0
4110,0.2183124997608211,0
4111,1.0127080626312985,0
4112,0.8194479083978928,0
4113,2.1767046304985125,0
4114,0.4491060301532718,0
4115,2.140237932407319,0
4116,0.21786824609598035,0
4117,0.26867195090817675,0
4118,0.388719472754065,0
4119,0.906461892889466,0
4120,0.5592234077172223,0
4121,1.0314162236438011,0
4122,0.205606367014862,0
4123,1.2820213657246446,0
4124,1.4490051197686762,0
4125,0.4784250210634262,0
4126,1.299201191462987,0
4127,0.90520065956907,0
4128,0.3090385385431811,0
4129,1.0510403692953845,0
4130,0.2930792749848431,0
4131,1.7867876293057037,0
4132,2.7777599026182407,1
4133,1.0156245381395863,0
4134,0.9335650904460241,0
4135,0.9164545713713317,0
4136,1.5117242409564065,0
4137,1.2854193900777067,0
4138,0.14032803386719442,0
4139,1.5111136225123323,0
4140,0.15290234427786578,0
4141,0.8074413090325278,0
4142,0.25608657096397625,0
4143,0.8510857316945513,0
4144,1.4882314306432698,0
4145,0.5366620384662386,0
4146,0.3269267410178254,0
4147,1.7043747554014224,0
4148,0.4231132210712025,0
4149,0.7022506477188377,0
4150,0.9620178417853742,0
4151,0.7092059694365711,0
4152,1.5134762886849482,0
4153,0.9109058591419931,0
4154,0.6627304781902235,0
4155,1.240869086488478,0
4156,0.42117901532799157,0
4157,1.2319414429582138,0
4158,0.789051656620509,0
4159,1.5314023793221452,0
4160,1.9648963861476574,0
4161,0.970444357843472,0
4162,0.14835929405660675,0
4163,0.703138600352073,0
4164,1.6312838565959307,0
4165,2.516886319373188,1
4166,1.731917961584762,0
4167,0.5108363936734298,0
4168,0.2699244684962837,0
4169,1.782847767395431,0
4170,0.8175086565077476,0
4171,0.7409851469231266,0
4172,1.4445922472380897,0
4173,1.2720841142037635,0
4174,0.6631057605588424,0
4175,0.7986508105817346,0
4176,1.94232653333806,0
4177,0.49468602928706745,0
4178,1.0145803756196992,0
4179,0.6847737758619672,0
4180,0.4796503358593177,0
4181,0.9741401574563635,0
4182,0.30945285618843893,0
4183,0.9255810201020662,0
4184,1.0393013397885518,0
4185,0.3432625244319464,0
4186,1.2544277217726951,0
4187,0.2314524100563892,0
4188,1.8462055738618766,0
4189,1.1197780557388357,0
4190,1.4407625833682556,0
4191,0.19701386142282556,0
4192,1.259056114119184,0
4193,0.6342383544342362,0
4194,1.1777293087844645,0
4195,1.7828099841067444,0
4196,0.28459754242559165,0
4197,1.1915433724952196,0
4198,0.7340827301937999,0
4199,0.19633532931482697,0
4200,0.9927641544196861,0
4201,2.308677114296267,0
4202,1.2663567848992527,0
4203,1.0862604058099792,0
4204,0.40504637372058594,0
4205,1.683978079668639,0
4206,0.14782265332367636,0
4207,0.38370572019161864,0
4208,0.9815562821095263,0
4209,4.47344072726923,1
4210,0.5936832178676765,0
4211,1.661661920776797,0
4212,0.6704288022690114,0
4213,0.9411100397847274,0
4214,0.29058153424493555,0
4215,0.2841796437537563,0
4216,1.765931443611975,0
4217,0.6001212618812625,0
4218,0.8915881037938866,0
4219,0.16632889480778137,0
4220,1.3634531448399687,0
4221,1.4419308337110315,0
4222,2.0128594439863816,0
4223,1.0762868677960777,0
4224,0.9433500006230393,0
4225,0.29588538434149625,0
4226,1.9866927461177006,0
4227,0.9693848155669326,0
4228,0.5175462966192419,0
4229,0.5425789018029694,0
4230,0.44298201425397254,0
4231,1.0439415476687421,0
4232,3.544748256509846,1
4233,0.6362626169300946,0
4234,0.7907942021446231,0
4235,0.4537380195078879,0
4236,0.7729557947818912,0
4237,0.15395968024574241,0
4238,0.21725372572918245,0
4239,0.5670267272211971,0
4240,0.6493897454982644,0
4241,0.5144480653457195,0
4242,0.25642892990612126,0
4243,0.911345566729101,0
4244,0.3944016961049527,0
4245,0.26534342352876644,0
4246,1.1983069182325103,0
4247,0.7270153819895372,0
4248,1.303890995758421,0
4249,0.33887885190931,0
4250,0.3857005257526139,0
4251,1.3497748522302335,0
4252,0.9171772869554664,0
4253,0.37655802810920286,0
4254,0.22076681060997067,0
4255,0.2804576951739565,0
4256,1.6805687625140098,0
4257,2.7106150586146445,1
4258,1.2293865423494605,0
4259,0.47015892143795324,0
4260,0.2345249338381664,0
4261,0.9499689064757199,0
4262,0.9529103771054463,0
4263,1.98747253573693,0
4264,1.5979256931675228,0
4265,2.3943491903811966,1
4266,0.8027479313265312,0
4267,1.325885116566416,0
4268,0.8911823187864192,0
4269,0.45830538024039963,0
4270,0.390062003812734,0
4271,0.5612376741290476,0
4272,0.26930204314468364,0
4273,0.4835824097606899,0
4274,0.3887239586513343,0
4275,1.8192803126587367,0
4276,0.2354178418422686,0
4277,0.6249166873983836,0
4278,0.2805485442416206,0
4279,0.35456219924737314,0
4280,0.7624987852697647,0
4281,0.11992854570917577,0
4282,0.9185265483859407,0
4283,0.6518720423036901,0
4284,0.3616213844846996,0
4285,0.6074139482812342,0
4286,0.27948515083695685,0
4287,1.2708955988666495,0
4288,0.2219812554442294,0
4289,0.4934155455183816,0
4290,0.5061091172832797,0
4291,0.35130754570182,0
4292,0.21936431724735533,0
4293,0.554239281373855,0
4294,0.19637403784978838,0
4295,1.8367748000192037,0
4296,1.4940398255245453,0
4297,0.3631969478442085,0
4298,0.5785672191616198,0
4299,1.4545093957480486,0
4300,0.8792236669240466,0
4301,1.206899506124346,0
4302,1.089399401583314,0
4303,1.7118259761430736,0
4304,0.4869899561858199,0
4305,0.2572431529158756,0
4306,0.11367869273410589,0
4307,1.0201463231835712,0
4308,0.9622535529396078,0
4309,0.28564806929789743,0
4310,0.788570980343096,0
4311,0.5681599103693823,0
4312,0.8407457522139741,0
4313,1.421474155541969,0
4314,0.7974880139473303,0
4315,0.1713830605034959,0
4316,0.16770352578687026,0
4317,0.7593134648240472,0
4318,1.8109257884932841,0
4319,1.171474474824371,0
4320,0.6281905836170882,0
4321,0.19470539345930166,0
4322,1.006687064667064,0
4323,4.1457143061481645,1
4324,1.4308350745030634,0
4325,0.5134093804956018,0
4326,0.8574845962436953,0
4327,0.25310766148788477,0
4328,0.5590437710465098,0
4329,0.8205384548410674,0
4330,1.5211809643203946,0
4331,1.0066416250796326,0
4332,1.4115605726754037,0
4333,2.1012866897629072,0
4334,0.43191307075011165,0
4335,0.711186437723876,0
4336,3.774882730655605,1
4337,1.3475171098866112,0
4338,1.7615953401605267,0
4339,0.8036451571853818,0
4340,1.8216040088017862,0
4341,0.22330034229213078,0
4342,0.2757234085684556,0
4343,1.6239715994452528,0
4344,0.447474765100628,0
4345,0.6938802334788685,0
4346,1.0243365123002341,0
4347,1.904788202909068,0
4348,0.24257624618144513,0
4349,0.6923728135703708,0
4350,0.21587235138074412,0
4351,0.3705814149397836,0
4352,1.1480867510902357,0
4353,0.34567576020762036,0
4354,0.5960210267910357,0
4355,1.0525813982802013,0
4356,0.886010895576684,0
4357,0.6366817689092401,0
4358,0.4071241889252148,0
4359,0.2247475639735091,0
4360,1.3313186503233225,0
4361,0.8739269930380654,0
4362,1.012330466382458,0
4363,0.7785546523194757,0
4364,0.8086197752034158,0
4365,1.1909374309758018,0
4366,1.1894805574384104,0
4367,0.2093933078676841,0
4368,1.0063031656167962,0
4369,0.3811301884100147,0
4370,1.2653145558742995,0
4371,0.49127781633018286,0
4372,2.2170058882948824,0
4373,0.6228930987854241,0
4374,2.1323969871487933,0
4375,0.8698386364760115,0
4376,0.4232071618723158,0
4377,1.0955571515414069,0
4378,0.461310811042169,0
4379,1.5925724329779656,0
4380,1.5001565664353795,0
4381,0.42024770526502414,0
4382,1.6676982302867494,0
4383,1.6119828219371164,0
4384,1.6670746337182538,0
4385,1.052438740662714,0
4386,1.501243658746051,0
4387,1.879337434516549,0
4388,1.7233801240286475,0
4389,0.8695040630227083,0
4390,0.9115321523114408,0
4391,0.8541829623865868,0
4392,0.08703107825737283,0
4393,0.23838611610422705,0
4394,2.2816981158156744,0
4395,0.7090573969607045,0
4396,0.7281622916469287,0
4397,0.49377386691320435,0
4398,1.6371810881503481,0
4399,0.7647624642586643,0
4400,1.0542052867886682,0
4401,1.2247082051822447,0
4402,1.4871388702766855,0
4403,0.2283133292861838,0
4404,1.8839116317812636,0
4405,0.9098835768674091,0
4406,0.10475985193699795,0
4407,0.09798458092319577,0
4408,1.9983624680916148,0
4409,1.1347015381664196,0
4410,0.5639186017134261,0
4411,1.3018579628250222,0
4412,0.5200689188067663,0
4413,0.561828947033957,0
4414,2.5128958043115537,1
4415,1.080956006268348,0
4416,3.2425591683449944,1
4417,1.5803967868614925,0
4418,0.5550552667975124,0
4419,0.6729918204830264,0
4420,0.5508606181077893,0
4421,1.066107856565953,0
4422,0.41026376259369723,0
4423,0.33579201710453943,0
4424,2.4780384954546855,1
4425,0.7643720198211987,0
4426,0.195284092325489,0
4427,0.9219562351413725,0
4428,3.3184050356778405,1
4429,0.9270249965843724,0
4430,0.5299907906763844,0
4431,0.6949281499508515,0
4432,1.480323256794137,0
4433,3.1509970767270055,1
4434,0.18076608607317687,0
4435,0.09220976529190211,0
4436,0.1904376068185575,0
4437,0.26843514230482696,0
4438,2.4757885581080266,1
4439,1.4249194615060918,0
4440,0.6043981019798015,0
4441,0.25454427823909315,0
4442,0.366225339847464,0
4443,1.8772128169739646,0
4444,1.7244874942456287,0
4445,0.16027276336876745,0
4446,1.4053499548804116,0
4447,1.0331944523340422,0
4448,0.6403668327143607,0
4449,0.3425712386698908,0
4450,0.2796601676076417,0
4451,0.2587404808351198,0
4452,0.22052066239150214,0
4453,0.7687078418807308,0
4454,0.8523179941100416,0
4455,0.377605958587605,0
4456,0.45670702690250276,0
4457,1.0959488673599886,0
4458,0.3335675444817362,0
4459,0.5624372514269312,0
4460,1.165226352578878,0
4461,0.7892670159443442,0
4462,0.739253233171451,0
4463,0.7252534039246185,0
4464,0.21212531808020615,0
4465,1.4078215958666143,0
4466,0.6316927278717385,0
4467,0.5225832931002187,0
4468,1.225362417620088,0
4469,1.8107809620005173,0
4470,1.7235901387737407,0
4471,0.5020354224546745,0
4472,1.0114623109461927,0
4473,0.7855918595079436,0
4474,0.7904820022501979,0
4475,0.6425053901021818,0
4476,0.885415228945671,0
4477,0.3294894977815674,0
4478,1.1064507108126145,0
4479,0.39229826531842754,0
4480,1.6919210625442518,0
4481,3.577117830815189,1
4482,1.6720004355122515,0
4483,0.3817319733147215,0
4484,1.3010591771109552,0
4485,0.2027484405173591,0
4486,0.8418918864863063,0
4487,0.49458642270135433,0
4488,0.891701741688229,0
4489,0.4160429982005864,0
4490,0.3591495110329756,0
4491,0.2474470195678625,0
4492,0.33609894015294356,0
4493,0.8721604784614669,0
4494,1.7258033123590284,0
4495,0.7137331460414591,0
4496,0.3002887941892682,0
4497,0.9107003579144883,0
4498,0.7681777826549177,0
4499,0.15604262894734883,0
4500,0.2644586018459385,0
4501,1.348941389830452,0
4502,0.5373720886521027,0
4503,0.9413387880564773,0
4504,0.15731739614962192,0
4505,0.936437024841896,0
4506,0.8722896684780637,0
4507,1.4058915374617804,0
4508,0.6880562241430389,0
4509,0.8693171654225909,0
4510,0.13100018459523347,0
4511,0.3177531946200702,0
4512,1.2245279277882481,0
4513,2.474819723697446,1
4514,0.4144519218897592,0
4515,0.7984098115927185,0
4516,0.5873199980426513,0
4517,0.4645585024564605,0
4518,1.1143818568854558,0
4519,0.6923763240017939,0
4520,0.5252597042202863,0
4521,0.22025868396298529,0
4522,1.4874608831523317,0
4523,0.5796952744888499,0
4524,1.6178334805104253,0
4525,0.6999492480641718,0
4526,0.9673313048618979,0
4527,0.5736476847617795,0
4528,1.996034878185526,0
4529,0.24103594268282214,0
4530,0.9783684362645773,0
4531,0.4403100681980877,0
4532,0.2082297975332783,0
4533,1.5481134019669744,0
4534,0.6422541645927486,0
4535,0.2225805654403986,0
4536,1.3104936711711812,0
4537,2.013909078514368,0
4538,0.07547635635940693,0
4539,0.8436231661744596,0
4540,0.4588374041492311,0
4541,0.8459197489908243,0
4542,0.6089896504133465,0
4543,0.34300692339087285,0
4544,0.7476058826553873,0
4545,0.7910212000466432,0
4546,1.9159402625776234,0
4547,0.8594261917504367,0
4548,0.4171253491393614,0
4549,2.8429401325467962,1
4550,1.054575074450245,0
4551,0.5610227070576346,0
4552,2.4513220491665413,1
4553,7.398515610602365,1
4554,1.4589103134755752,0
4555,0.7653804463639521,0
4556,0.4548648704874603,0
4557,0.8320744008447445,0
4558,0.4328454258681093,0
4559,1.671524370423344,0
4560,0.5009197488276139,0
4561,0.29519487548560086,0
4562,0.928676611892745,0
4563,1.2872807217666742,0
4564,0.9210561736648302,0
4565,1.0537486117215151,0
4566,0.8977708763743975,0
4567,0.38598644575773305,0
4568,0.13628263227069898,0
4569,0.32085044877260793,0
4570,0.5019673607017789,0
4571,0.5505991897608716,0
4572,0.7883625208471446,0
4573,0.5837848152811119,0
4574,0.7494972696486373,0
4575,0.9945188744579948,0
4576,0.5243111547409883,0
4577,0.1518810795728074,0
4578,1.4566781710025574,0
4579,1.3648504663683858,0
4580,0.38562177574674694,0
4581,0.6868081192903336,0
4582,1.731196656822518,0
4583,0.5465419897219413,0
4584,1.0748112814481547,0
4585,0.07001008134669032,0
4586,0.3614804241111166,0
4587,0.5975738754094906,0
4588,0.3194519890404758,0
4589,0.42646523609699916,0
4590,0.7797802608218423,0
4591,0.39913748151792683,0
4592,0.6364679880266986,0
4593,1.2004445654702376,0
4594,0.777308632933463,0
4595,0.4895765849711231,0
4596,0.1910119015484567,0
4597,0.47254778877797293,0
4598,0.9257692087111554,0
4599,0.5767444005048942,0
4600,1.1821996554017917,0
4601,0.31574485150418863,0
4602,0.8416145448301536,0
4603,3.6471669254765935,1
4604,0.29589779387667947,0
4605,0.5973478247908429,0
4606,0.7807192731184447,0
4607,2.6402740838196896,1
4608,0.4978853151218826,0
4609,0.5731981365962857,0
4610,0.4070092294357261,0
4611,2.204035798241497,0
4612,0.10438892304522274,0
4613,0.3363857868295078,0
4614,1.3479414739560607,0
4615,0.42216490016346525,0
4616,0.6131834133861538,0
4617,0.21866647935108513,0
4618,0.33911731006219237,0
4619,0.3777149428911086,0
4620,0.2867043631587474,0
4621,1.142128877085706,0
4622,0.7591694266898488,0
4623,0.6422104541507979,0
4624,0.8662522598967733,0
4625,3.1600726329559996,1
4626,0.5883687722645083,0
4627,0.10762953673369915,0
4628,0.47751422185678855,0
4629,1.222884574832494,0
4630,0.7304236931909496,0
4631,0.19134298497473948,0
4632,0.5610549517695016,0
4633,1.2542741568822016,0
4634,2.228705610985569,0
4635,1.1594175895635155,0
4636,0.8793919493110522,0
4637,0.0989872636272923,0
4638,0.8686428382640827,0
4639,1.632288948898821,0
4640,1.2517285403372505,0
4641,0.40050251688471245,0
4642,0.4742488918958596,0
4643,1.3271975276294536,0
4644,1.2967450745301299,0
4645,1.2172699621456506,0
4646,2.4243334560466017,1
4647,0.6095178527490013,0
4648,0.38329444298906445,0
4649,0.468904807172969,0
4650,0.3039644537212357,0
4651,1.7317647970862589,0
4652,0.6423172508275957,0
4653,1.2655929299729423,0
4654,0.23374685933829675,0
4655,1.024962273547311,0
4656,0.35752536477645364,0
4657,0.2598676648281547,0
4658,0.8688043072119926,0
4659,0.33044941229949754,0
4660,1.0733071014007858,0
4661,0.39678328966286786,0
4662,0.13549584051731883,0
4663,2.0636985942100567,0
4664,0.2624324392119363,0
4665,2.651918752451059,1
4666,0.31387817413245067,0
4667,0.6797690519816366,0
4668,0.5092779714143931,0
4669,0.9817323748464034,0
4670,1.2068083865406243,0
4671,0.44183955047402784,0
4672,0.5686968039204352,0
4673,0.5428764284993963,0
4674,3.5838232392573475,1
4675,0.22812327945298,0
4676,1.306741141990518,0
4677,0.40485956636081577,0
4678,1.366111320007413,0
4679,1.6149430150023583,0
4680,0.633268943180098,0
4681,1.0974092818741383,0
4682,2.8808678296158585,1
4683,1.534270099302676,0
4684,0.10719997500301726,0
4685,0.8866441199741353,0
4686,0.28899301359036994,0
4687,0.235085803993882,0
4688,0.3974142044438834,0
4689,1.3362639011681967,0
4690,1.4734207531044543,0
4691,0.20187204595404404,0
4692,0.8162238222429661,0
4693,0.31089308484909617,0
4694,0.3148654319329462,0
4695,1.4690252967541535,0
4696,1.0579995015433172,0
4697,0.9916366280897788,0
4698,0.2529672576024744,0
4699,0.4687416473739166,0
4700,1.377056419699275,0
4701,0.3751430582134329,0
4702,1.0059730652354832,0
4703,2.48040564699611,1
4704,1.0003598032302998,0
4705,1.5238064084761462,0
4706,0.23000274571726287,0
4707,0.42572591382902053,0
4708,0.17093014761951972,0
4709,1.1347672903669566,0
4710,3.014225021415015,1
4711,0.36289063599911126,0
4712,1.1475715076488116,0
4713,0.6627145016055198,0
4714,0.44977523625425964,0
4715,1.4395579598634662,0
4716,0.2946452865976082,0
4717,0.23774875919288146,0
4718,0.9680532574070565,0
4719,0.5389879116810662,0
4720,0.6039796643432738,0
4721,0.5280232850594375,0
4722,1.1347819190658335,0
4723,0.7853555415459341,0
4724,1.1284331004039874,0
4725,0.8346362780826461,0
4726,0.8425664245483668,0
4727,0.42336624709215426,0
4728,0.3777741644792577,0
4729,0.6698944408395253,0
4730,0.45063987945283923,0
4731,1.5095799282722282,0
4732,0.8340478671180301,0
4733,1.8708611142573655,0
4734,1.953809414981836,0
4735,2.3800635121924065,1
4736,0.5147992895901303,0
4737,0.6409242415501394,0
4738,1.3128085340509728,0
4739,0.4436587528615233,0
4740,1.0106197957765723,0
4741,1.7563987188622678,0
4742,0.09034315211111717,0
4743,1.0772379546778788,0
4744,1.7898282674608705,0
4745,1.097150560949745,0
4746,0.7661979934871432,0
4747,1.0604456834284877,0
4748,1.2011273962860656,0
4749,0.4636443240938185,0
4750,0.19476362932554028,0
4751,0.25354670250820044,0
4752,1.4561272941904082,0
4753,2.633815494226344,1
4754,1.3851859195418226,0
4755,1.9382167611682946,0
4756,0.30877801786399306,0
4757,0.5164715523650256,0
4758,2.488353288896974,1
4759,1.0460379967227986,0
4760,0.8994992464261815,0
4761,2.07635798599137,0
4762,0.31415641509477193,0
4763,1.0283648887294015,0
4764,0.4030996370712101,0
4765,3.418567970650283,1
4766,0.7692363035208809,0
4767,1.4602610703147239,0
4768,1.5191345473423712,0
4769,1.320849202615478,0
4770,0.6080851667444706,0
4771,1.9146028850838541,0
4772,0.31501479057488646,0
4773,0.27123663703106315,0
4774,0.21234353211373996,0
4775,1.0252957514374947,0
4776,0.2370655146605194,0
4777,0.18973992265696366,0
4778,1.5178457132881351,0
4779,0.23712406343975784,0
4780,1.3706398950043417,0
4781,1.126993677134782,0
4782,0.25580069549576256,0
4783,1.2701577740027905,0
4784,0.21941652402763062,0
4785,2.3553820920372757,1
4786,1.4176070620443324,0
4787,1.0437775990288034,0
4788,1.070977878505439,0
4789,0.945113527250637,0
4790,1.523670616081646,0
4791,1.611241162752036,0
4792,0.4107180003674097,0
4793,0.7405011145784808,0
4794,1.1619505135862034,0
4795,0.3342093347398703,0
4796,0.14955683705406664,0
4797,0.45350472588009827,0
4798,1.5689590648834817,0
4799,0.7328924543346553,0
4800,0.6325243724567703,0
4801,5.619971712977436,1
4802,0.2118971022116895,0
4803,0.4211390066925754,0
4804,0.09912647453832528,0
4805,2.7812272540935936,1
4806,0.27992348690235247,0
4807,1.6364966930184905,0
4808,1.5160111407098635,0
4809,3.472995711984204,1
4810,1.0267917998321787,0
4811,0.1513845513734059,0
4812,1.3131016142937888,0
4813,0.43555641806733875,0
4814,0.8863970791899238,0
4815,0.4990270095071592,0
4816,0.24244422308070962,0
4817,0.2539428474499988,0
4818,0.7712786551470405,0
4819,0.4517649899838764,0
4820,0.32371520969174183,0
4821,1.6018778140638035,0
4822,2.1350872217829426,0
4823,1.0241798221890936,0
4824,0.9248044471755504,0
4825,0.4663954222036749,0
4826,1.0427210065791475,0
4827,0.29013154977617395,0
4828,1.4882776802718651,0
4829,0.39048498604877036,0
4830,0.41522529886488924,0
4831,0.8393951707483277,0
4832,1.0959181152761759,0
4833,0.40831400789127537,0
4834,1.6357530704432413,0
4835,0.2640731778883635,0
4836,1.343235173880656,0
4837,0.2613890821543456,0
4838,0.2924520406572281,0
4839,0.48302206143063076,0
4840,0.8357655098949696,0
4841,1.9152261810350268,0
4842,0.8915417588082993,0
4843,0.15735115233911903,0
4844,0.26266307845817305,0
4845,0.2604082102196986,0
4846,0.07438225270334817,0
4847,1.073034893413991,0
4848,0.22965509267096493,0
4849,0.18907644497323503,0
4850,0.26159753289351323,0
4851,1.0789142264707952,0
4852,0.5103418329024358,0
4853,0.6596692419307841,0
4854,0.5767682287381686,0
4855,0.48421961128052915,0
4856,0.3093026975317299,0
4857,0.853040099443886,0
4858,1.1762468958299817,0
4859,0.994736084004326,0
4860,0.574771623815999,0
4861,0.15953832212279911,0
4862,1.1169234123670917,0
4863,0.28294536792654307,0
4864,0.06372760642877709,0
4865,3.578169484009237,1
4866,0.7184209078281738,0
4867,2.4638806973309597,1
4868,0.8665373371744064,0
4869,2.147252283694658,0
4870,0.25009208464773636,0
4871,0.2531426083557489,0
4872,0.29874582202297173,0
4873,1.9097935567968178,0
4874,2.385305648558327,1
4875,0.5809238009498751,0
4876,2.494963137680821,1
4877,0.37616242553620194,0
4878,0.35156532161217047,0
4879,0.4612694055023557,0
4880,0.7027916325887251,0
4881,0.1909524765825478,0
4882,0.3826972988726426,0
4883,1.5808887239928788,0
4884,0.6921114863442357,0
4885,0.7516453938204981,0
4886,1.2361442189422551,0
4887,0.864519009820885,0
4888,0.20860637286138073,0
4889,0.33394458749994943,0
4890,0.9147382529378583,0
4891,7.156064887740868,1
4892,0.26147590159678263,0
4893,0.917918903647384,0
4894,0.6607231978801444,0
4895,0.9131300463087035,0
4896,1.2871082246670738,0
4897,0.21865838572869692,0
4898,0.372923211842773,0
4899,0.3230365053226795,0
4900,0.5922579697800022,0
4901,0.5832929020968635,0
4902,0.7503030712857683,0
4903,0.7620579195381172,0
4904,0.28801348313477215,0
4905,1.002519964307233,0
4906,0.19782388648683838,0
4907,0.18915921647793066,0
4908,0.9690053322637079,0
4909,0.6423911023247022,0
4910,0.8808783907588857,0
4911,2.1643597500643046,0
4912,0.3464975256679034,0
4913,3.0751077884705436,1
4914,0.8203638905789411,0
4915,0.5872297758764006,0
4916,0.2570964616689139,0
4917,0.6347793244427532,0
4918,1.8059188311313126,0
4919,7.205660470955941,1
4920,0.26003926512246023,0
4921,0.7389435524104335,0
4922,0.10889994791348098,0
4923,0.23496645730075966,0
4924,1.8047513851515937,0
4925,0.6247192770046264,0
4926,1.0837316653004936,0
4927,0.5082185453580029,0
4928,1.8045198704607348,0
4929,0.8662541732054885,0
4930,0.32466142656858504,0
4931,0.2601885279613353,0
4932,0.1389739384637406,0
4933,0.8837413109103835,0
4934,1.0699309633569647,0
4935,0.7624875790261141,0
4936,0.6831461636172314,0
4937,0.82878799726299,0
4938,0.5623813111702466,0
4939,0.8707634449700962,0
4940,0.2925550968511964,0
4941,0.15186519324119996,0
4942,0.30041102405902664,0
4943,0.1457039230890846,0
4944,2.457519880413327,1
4945,0.5568725917379049,0
4946,0.4440713634026473,0
4947,1.5403803485126457,0
4948,0.27318930419643667,0
4949,0.8412389827618284,0
4950,1.0988415009637493,0
4951,0.5627552775498289,0
4952,0.8414024481873232,0
4953,0.9116884669678997,0
4954,0.8256290866934854,0
4955,1.0408934002859342,0
4956,2.0909586256278283,0
4957,0.490990517079835,0
4958,1.173739776534181,0
4959,0.44124404751246826,0
4960,0.8614521957612815,0
4961,0.15841593425611955,0
4962,0.12059808755463904,0
4963,1.4530550597190823,0
4964,1.086598725373414,0
4965,0.7576101020267971,0
4966,0.28850798595807314,0
4967,0.14386800650970688,0
4968,0.31813435181225114,0
4969,0.28367826948691455,0
4970,0.46967102280571477,0
4971,0.9806791202875276,0
4972,0.2935776118338908,0
4973,2.25377832113331,0
4974,0.4803376227157046,0
4975,0.35523416208560427,0
4976,0.08397554131546088,0
4977,0.5740887237965449,0
4978,0.8875235294109622,0
4979,1.0096838537411132,0
4980,0.2730967136855976,0
4981,1.716553054880773,0
4982,0.8266891485039226,0
4983,1.430497034019774,0
4984,0.5888793733511832,0
4985,0.6965389136068798,0
4986,1.0326632137131178,0
4987,0.2009665987566514,0
4988,0.700188715829429,0
4989,0.5964914337400975,0
4990,1.0096319111789476,0
4991,0.677792630695398,0
4992,0.6144340976084701,0
4993,2.3970061145829904,1
4994,1.658186875828724,0
4995,0.19810892787733975,0
4996,1.217069549440661,0
4997,0.8186591299053276,0
4998,1.049753618239952,0
4999,0.21490006263852218,0
5000,1.0975604124796452,0
5001,2.58001068333193,1
5002,1.1882452273100568,0
5003,0.3586209017178764,0
5004,1.3521856508035972,0
5005,2.3296556889482996,1
5006,0.11869075525145749,0
5007,0.6936822696637064,0
5008,1.0116715208709726,0
5009,0.17278335129685995,0
5010,0.25161485235346326,0
5011,1.9057946517664408,0
5012,0.9807986303459957,0
5013,0.370647775799417,0
5014,1.1534941220822486,0
5015,1.110320492601877,0
5016,0.8140348933678144,0
5017,1.5751069008983678,0
5018,0.40978728486548127,0
5019,1.0096386833778435,0
5020,0.6338394579423785,0
5021,0.9759853817363023,0
5022,0.9608963994376396,0
5023,0.15659245747524814,0
5024,0.8902853654568306,0
5025,0.4569994303727027,0
5026,0.19260511646333578,0
5027,0.8659594146388111,0
5028,0.14479081891838286,0
5029,1.514136909803052,0
5030,0.7054780986245142,0
5031,0.824530216949069,0
5032,0.10009428676129546,0
5033,0.6540654674163038,0
5034,0.2709980141751128,0
5035,5.474669589072871,1
5036,1.4087805912632716,0
5037,0.6045201616228815,0
5038,0.9480163094005178,0
5039,0.8697988415771534,0
5040,0.41692717203407154,0
5041,1.3779479432166681,0
5042,0.24467823021656102,0
5043,1.6142698316769413,0
5044,0.9870968939414897,0
5045,1.1996602734891744,0
5046,1.2076598718620621,0
5047,0.6037636263606198,0
5048,1.1200472875932999,0
5049,1.7074114444158432,0
5050,0.3131825877108819,0
5051,0.8089720095145287,0
5052,1.0616378531142314,0
5053,0.4830580068199257,0
5054,0.7224674188523584,0
5055,0.1668526958892605,0
5056,0.4621244936296467,0
5057,0.26883900489046014,0
5058,0.6628374188977331,0
5059,0.22703822553135442,0
5060,0.9917413436589696,0
5061,1.3321543417001809,0
5062,0.22675958553232656,0
5063,0.508955787364817,0
5064,0.8191031197121493,0
5065,0.4228775579616835,0
5066,1.512807369193828,0
5067,0.4751059651421226,0
5068,0.9162323706053248,0
5069,0.3098696371267299,0
5070,1.4346775447786038,0
5071,0.4352811007315724,0
5072,1.105639177604861,0
5073,0.9155507401638028,0
5074,1.1215623188221717,0
5075,0.6983224595501123,0
5076,0.4211560840175471,0
5077,3.0099499692703917,1
5078,1.4705445059115871,0
5079,1.2183445269806932,0
5080,0.9429175606289026,0
5081,0.21284570678937867,0
5082,0.8584382806764932,0
5083,0.8229398882672513,0
5084,1.2750548650398639,0
5085,0.1685355767632081,0
5086,0.5445148518170504,0
5087,0.19111377078511133,0
5088,0.31761618571074823,0
5089,0.2631322314722371,0
5090,0.3198738398045144,0
5091,1.1977122424131965,0
5092,2.2444808879378875,0
5093,0.13650631900055388,0
5094,1.1469685825652736,0
5095,1.7094565179339178,0
5096,0.4011505288641148,0
5097,1.304734140535827,0
5098,0.3741716883494718,0
5099,0.9897580568698541,0
5100,1.0364260331862634,0
5101,0.37581435904026994,0
5102,0.19876531252837287,0
5103,1.672922346078905,0
5104,0.8637569419946187,0
5105,0.541767255133095,0
5106,1.646138045968089,0
5107,1.0617375494885573,0
5108,0.2780189293892309,0
5109,0.8638513899855009,0
5110,0.9533640625125563,0
5111,0.1721729708259043,0
5112,1.1981151569275172,0
5113,0.6473658749940014,0
5114,0.4269567233769864,0
5115,1.7604634703924689,0
5116,0.40715724391805813,0
5117,1.2534247951010407,0
5118,0.37272135883086926,0
5119,1.166950266870419,0
5120,0.7905435777724706,0
5121,0.9722371945033205,0
5122,0.17101758761086586,0
5123,0.5981060070876227,0
5124,1.4155075532104324,0
5125,0.847929624789409,0
5126,2.225535405181641,0
5127,0.6998434550355774,0
5128,0.3030337801983055,0
5129,0.9427500513373227,0
5130,1.6265208044125075,0
5131,0.6054934385425443,0
5132,0.7222866480658773,0
5133,0.5293366767978561,0
5134,0.7076435709031943,0
5135,0.6733132985691374,0
5136,0.9783127506935994,0
5137,0.6045944789430735,0
5138,0.487474249960397,0
5139,1.1515123387397495,0
5140,2.8627303137705056,1
5141,0.2184855425424684,0
5142,0.3760256020589924,0
5143,0.9568585337311148,0
5144,0.6047473001759943,0
5145,0.8490047112695628,0
5146,0.8762041497355681,0
5147,0.23942029939498283,0
5148,1.291535340628089,0
5149,0.8502185770305726,0
5150,0.36229859281162247,0
5151,1.7896351274157023,0
5152,0.9525379880715026,0
5153,0.34866759287413507,0
5154,0.7005652006694203,0
5155,1.3125444113961906,0
5156,0.7686975451994923,0
5157,0.23651655661659113,0
5158,0.9887761433659769,0
5159,1.0970053218650988,0
5160,1.6145485445725645,0
5161,0.3085353471961357,0
5162,0.30902477691774455,0
5163,0.6176443197197492,0
5164,0.1676089470444437,0
5165,0.8662318123875004,0
5166,0.40741147602552663,0
5167,1.1299160965051822,0
5168,3.3855978626672667,1
5169,3.3523396333725612,1
5170,0.18791252884993156,0
5171,0.4538033251070381,0
5172,1.0049809202680664,0
5173,0.21253197142153185,0
5174,1.4448702064448524,0
5175,1.104853142387658,0
5176,1.4648245683455283,0
5177,0.840479605683089,0
5178,0.9176450450707131,0
5179,1.61245790604654,0
5180,1.5123837103837763,0
5181,0.8095199360256504,0
5182,1.0276745992615615,0
5183,1.2853359049797224,0
5184,0.7237795398577591,0
5185,1.2004536541901005,0
5186,0.9518160932684943,0
5187,1.1886210314185333,0
5188,0.7121127770593205,0
5189,0.2277919596972593,0
5190,1.5370971812515815,0
5191,0.7512284105555845,0
5192,0.505243640552279,0
5193,1.6956680220809344,0
5194,1.3350369923550744,0
5195,0.20595711382002144,0
5196,0.6719350194063073,0
5197,0.17412939630083182,0
5198,0.6982034217533257,0
5199,1.0247093444508706,0
5200,0.38011114516418687,0
5201,2.150275946364464,0
5202,1.3257206394111123,0
5203,2.0260603762435805,0
5204,0.6207876313441723,0
5205,0.4326208807226072,0
5206,0.6115161801559237,0
5207,0.5993404353253388,0
5208,0.6187233307995885,0
5209,0.21296111593526557,0
5210,0.18486674847952375,0
5211,1.781313850725726,0
5212,0.8264535296762741,0
5213,0.6506114309820019,0
5214,1.7812472216071242,0
5215,0.923064283022162,0
5216,0.22438697663768906,0
5217,1.3527983596026325,0
5218,0.4175150208607352,0
5219,0.758576984605764,0
5220,1.471176840252645,0
5221,0.4327477937758216,0
5222,2.0691580737489845,0
5223,1.7344800558533067,0
5224,0.44970300060655444,0
5225,0.6195150606798538,0
5226,0.9963324920096351,0
5227,0.976412384526452,0
5228,1.6428759815037082,0
5229,0.5444279076429254,0
5230,0.05686266334665878,0
5231,0.12480831761384452,0
5232,0.7118977571905987,0
5233,1.0022214545310835,0
5234,0.42842833707889394,0
5235,1.3352346553279566,0
5236,1.549138940018113,0
5237,1.1823762141227765,0
5238,1.3081804031111752,0
5239,0.6479427480005923,0
5240,0.30786737641279666,0
5241,0.47523082847320886,0
5242,0.8306033613146537,0
5243,0.1993241854253677,0
5244,0.37990474047539424,0
5245,0.12903559221328492,0
5246,0.20672605093413834,0
5247,0.39446133932130756,0
5248,0.4326920313596805,0
5249,0.4316688899632569,0
5250,0.26518442991627744,0
5251,0.5788272048637784,0
5252,0.41466655053326457,0
5253,0.7263092102562505,0
5254,1.2522573343511403,0
5255,0.4224778869878518,0
5256,1.8275831178768271,0
5257,0.3830378420299369,0
5258,0.22544768092028722,0
5259,0.4767042757264351,0
5260,0.5204838446944144,0
5261,0.7832571794700659,0
5262,0.7515942581014952,0
5263,0.9414378835381321,0
5264,0.1318831344044704,0
5265,1.3620031628886051,0
5266,0.5815266038326594,0
5267,0.19166839049353285,0
5268,0.3061105050474876,0
5269,0.7047163121435764,0
5270,1.046287258255035,0
5271,0.24590933613565155,0
5272,0.8185762517276951,0
5273,0.8234311295152683,0
5274,0.662786788382887,0
5275,0.30471879001843727,0
5276,0.8363483330575129,0
5277,1.828367396317113,0
5278,1.2648206888229083,0
5279,0.36491977729545194,0
5280,1.3829868672793062,0
5281,0.18687574358053444,0
5282,0.3446409903796283,0
5283,0.09374593092697833,0
5284,1.6135351055658564,0
5285,0.5953002603385364,0
5286,3.2917531610385753,1
5287,1.2769839425500318,0
5288,0.6259813271058938,0
5289,0.3766718656271526,0
5290,0.9974468034487092,0
5291,0.2696922177004845,0
5292,0.2728295297262355,0
5293,0.36441021921050004,0
5294,0.3034934289244507,0
5295,0.7505008317272861,0
5296,40.82252129429905,1
5297,0.18413643900382232,0
5298,1.6019274077109393,0
5299,0.9314220922034467,0
5300,1.749463223964551,0
5301,0.7690640097494837,0
5302,1.124350757741978,0
5303,1.3929436671547235,0
5304,0.7034925332906475,0
5305,1.2783184543163413,0
5306,1.6638491042355184,0
5307,1.9766593592059576,0
5308,0.406302839414734,0
5309,1.1564699709987716,0
5310,1.1592202821985884,0
5311,0.6700795757966903,0
5312,0.5898601522096044,0
5313,0.4436533496973548,0
5314,2.303438330290242,0
5315,0.35614546402305536,0
5316,0.6190855232400452,0
5317,0.14447208903729222,0
5318,0.6315955750092546,0
5319,0.8896471890521012,0
5320,1.1577824307734663,0
5321,0.8244249717202603,0
5322,0.4964580713616512,0
5323,0.11693525599813379,0
5324,0.4918165625661999,0
5325,0.2720792982776402,0
5326,0.41322513666199273,0
5327,0.6303803472347909,0
5328,0.1549074879180034,0
5329,1.1278655768425956,0
5330,0.4458159320213513,0
5331,1.3378069449106367,0
5332,0.11966912566225321,0
5333,2.207303850104848,0
5334,0.2780866817040399,0
5335,1.0252447680002978,0
5336,0.5619471555997652,0
5337,0.2141351680474491,0
5338,1.120115938760606,0
5339,0.6729552059972564,0
5340,0.6307164708858165,0
5341,1.5148997962335717,0
5342,0.8101792744939283,0
5343,0.7486688252640564,0
5344,1.2752397590852536,0
5345,1.6311003014325074,0
5346,0.5387368102719854,0
5347,1.7426698179334168,0
5348,2.170933862917205,0
5349,1.128831552772726,0
5350,0.3293715538419585,0
5351,1.6158533145718448,0
5352,1.09455114278077,0
5353,1.0042908882772823,0
5354,0.6704895581598747,0
5355,0.2736012810673558,0
5356,0.5538615160920086,0
5357,0.7094115449484522,0
5358,1.0407702850326506,0
5359,0.22767998037956963,0
5360,0.1257250293522302,0
5361,0.4051981477024153,0
5362,0.3845570485516635,0
5363,1.341715896228267,0
5364,1.5681371190288904,0
5365,0.458770675685363,0
5366,0.3543050541314037,0
5367,0.7210383709963638,0
5368,0.583207990535956,0
5369,0.8187137224159974,0
5370,0.9983879723753489,0
5371,0.8672555304598694,0
5372,0.9605106923514775,0
5373,0.4360642757620405,0
5374,0.23821795864321693,0
5375,0.661259497844334,0
5376,0.6372802415329692,0
5377,0.7674383508463538,0
5378,0.5305811989381224,0
5379,1.62480987705442,0
5380,0.12214936091707951,0
5381,0.25977770174743575,0
5382,0.23600815038023076,0
5383,0.6482697086236053,0
5384,0.08542487426094288,0
5385,0.9747134325693256,0
5386,1.7197334404819393,0
5387,1.1894296239588544,0
5388,0.3682935307972889,0
5389,0.31199434114841146,0
5390,0.9701304934507935,0
5391,0.27110563620452555,0
5392,0.5550620792364318,0
5393,0.6390772780088831,0
5394,1.0580780200515219,0
5395,1.0698644274969094,0
5396,0.6924494324031927,0
5397,1.5493174420858202,0
5398,0.7738984961339719,0
5399,0.7982164985455714,0
5400,5.459214178355678,1
5401,1.4777079660154402,0
5402,0.43581649682320817,0
5403,2.102108058291656,0
5404,0.7912150221732797,0
5405,0.8893716737112509,0
5406,0.15849100433384872,0
5407,2.5223246350377844,1
5408,0.6334284212483616,0
5409,1.1066057422647646,0
5410,0.25145299838557067,0
5411,0.19111652567715023,0
5412,1.3544151289503188,0
5413,0.9635304586328524,0
5414,0.5393847296265426,0
5415,1.7803124316424295,0
5416,0.23753692938569188,0
5417,0.6179679983165329,0
5418,0.7140197436203126,0
5419,1.0266239522951541,0
5420,1.5732715356811156,0
5421,0.8690085626236786,0
5422,0.2674394474588806,0
5423,0.2753967229745697,0
5424,0.40457880427812504,0
5425,1.1483897333600437,0
5426,1.1246574031182464,0
5427,0.584812481158077,0
5428,1.1593415083915062,0
5429,0.5275065964560512,0
5430,0.33434748488902255,0
5431,0.6026976436375806,0
5432,1.3329096054658103,0
5433,0.5908926002451957,0
5434,1.4823210061524832,0
5435,0.531224529401195,0
5436,0.9954757841690958,0
5437,0.8056058523478612,0
5438,0.4352186280701294,0
5439,0.5874714270393596,0
5440,0.5053850033146208,0
5441,0.6591320356491123,0
5442,1.474905216289193,0
5443,1.0504413590799402,0
5444,1.725162121820461,0
5445,0.15387033595890093,0
5446,0.604160171789802,0
5447,2.293657195529195,0
5448,0.4918427329954076,0
5449,5.295488595664104,1
5450,0.5038256030156748,0
5451,0.37000417761186577,0
5452,0.24710444443276103,0
5453,1.6505948820065128,0
5454,0.9472202697623097,0
5455,0.7900954937872878,0
5456,0.5851924292597003,0
5457,2.048724372003478,0
5458,1.392338392217896,0
5459,5.334528601488775,1
5460,1.1397971032840375,0
5461,0.6700446424960484,0
5462,0.5043000248253728,0
5463,1.3436508856267277,0
5464,0.8027950071398638,0
5465,0.7559756558880526,0
5466,0.7720133083421613,0
5467,0.168885665230746,0
5468,0.1030864866646168,0
5469,0.8014143467321505,0
5470,0.9793483425988775,0
5471,0.9998498315799313,0
5472,1.732817454624427,0
5473,1.3978278450910264,0
5474,1.668038202022077,0
5475,0.24051537402522935,0
5476,0.7898507336465987,0
5477,0.2386818349814694,0
5478,1.0071880319764417,0
5479,0.8178818399563174,0
5480,0.2813487190348005,0
5481,2.406654417168976,1
5482,0.9610622843683959,0
5483,0.7643357474663672,0
5484,1.2161530213858929,0
5485,0.9861080569186933,0
5486,0.45768173248185706,0
5487,0.3980271986407358,0
5488,0.737784260324065,0
5489,0.4765752394248321,0
5490,0.6255726860523165,0
5491,1.096675101568295,0
5492,0.6584253676287601,0
5493,0.216300048112189,0
5494,8.805354492910102,1
5495,1.2293966015774598,0
5496,2.7131392154491465,1
5497,0.5358997669103152,0
5498,2.49081803060859,1
5499,3.453469566987154,1
5500,0.47576536496076116,0
5501,1.8647750445915032,0
5502,0.3523850144145887,0
5503,0.8505324362726988,0
5504,0.9428944482294866,0
5505,0.16639052047373848,0
5506,0.3221279767861082,0
5507,0.2670272584912293,0
5508,0.42881563059219074,0
5509,0.8505243626927032,0
5510,1.0200691745537658,0
5511,0.8763981701101722,0
5512,2.36022391348203,1
5513,0.515395251671839,0
5514,1.7464311585873866,0
5515,0.5555650733299471,0
5516,0.6098124947678548,0
5517,1.731795747386957,0
5518,0.2451373464401966,0
5519,0.9283206878627887,0
5520,0.1883247457588725,0
5521,0.112997287680302,0
5522,0.2774243286324697,0
5523,1.8134093426147875,0
5524,0.7622504585013974,0
5525,0.6402696107820149,0
5526,0.626901583213628,0
5527,0.29568991327738087,0
5528,1.823265232365626,0
5529,1.4270973783280558,0
5530,0.3264092668721849,0
5531,1.0125348715792537,0
5532,1.3114526036265557,0
5533,2.3997107944650446,1
5534,0.32299562129604803,0
5535,0.5763723042897297,0
5536,0.8683659296259544,0
5537,1.5826589413202303,0
5538,0.4499187079571206,0
5539,2.4999071270853266,1
5540,0.29189076736223935,0
5541,0.5776479045255728,0
5542,1.3382877185525979,0
5543,0.9179724350508515,0
5544,0.8710906621968266,0
5545,0.402173330247331,0
5546,0.28129281964534203,0
5547,0.4200061494539654,0
5548,2.221741080754863,0
5549,0.7683941712842446,0
5550,0.6743809040713444,0
5551,0.4062143142644235,0
5552,0.6603593092109914,0
5553,0.7597611556008665,0
5554,0.9802380489651712,0
5555,1.6984111661020673,0
5556,0.26350207731790487,0
5557,0.8277676097462052,0
5558,0.6354777622960872,0
5559,0.4036582608123533,0
5560,1.3203811374006598,0
5561,0.46754677095377817,0
5562,0.7170278970654161,0
5563,1.8118685335870297,0
5564,0.6265999996755799,0
5565,0.7595593615167087,0
5566,0.7856937129148608,0
5567,0.605559319349965,0
5568,0.12467557991124718,0
5569,0.27501287916741823,0
5570,0.9386095865280393,0
5571,0.4000949982384351,0
5572,1.0992790266227304,0
5573,0.6269122225302872,0
5574,0.23971686598728814,0
5575,2.7246112942252827,1
5576,0.16398590010672567,0
5577,0.5880625205794032,0
5578,0.42982933748653346,0
5579,1.0387262151374446,0
5580,0.8707429829832083,0
5581,0.9483493583021435,0
5582,0.49714918348591164,0
5583,0.7006859317789846,0
5584,0.5653837425742256,0
5585,1.9346321752985056,0
5586,0.2778860544047381,0
5587,0.5012998938607188,0
5588,1.077268337103211,0
5589,0.258918332160546,0
5590,0.2290754211850068,0
5591,0.4406889125785963,0
5592,0.8062244942173635,0
5593,0.19449803794862872,0
5594,0.5759599982853238,0
5595,0.15488796468850533,0
5596,2.0797121492011246,0
5597,1.3372712403256333,0
5598,0.9517765080758258,0
5599,1.0650049630702794,0
5600,0.8699903735670358,0
5601,0.40821951519420435,0
5602,0.28783096703095057,0
5603,0.5469611092149034,0
5604,1.0007340550570332,0
5605,0.7316529896634038,0
5606,0.6949614381894162,0
5607,0.6261290756061533,0
5608,0.03961283945707876,0
5609,1.147273409909684,0
5610,1.2081704880328652,0
5611,0.4770608148747404,0
5612,0.2214516731049959,0
5613,0.9489718354215413,0
5614,0.11154795549571195,0
5615,2.649895400243517,1
5616,0.24863387616831784,0
5617,0.7980863912801237,0
5618,0.4588950394025744,0
5619,0.19707873741588539,0
5620,0.31699187874288465,0
5621,0.6273047811579298,0
5622,1.1132537954794928,0
5623,0.3070845028670452,0
5624,1.0108790715832172,0
5625,1.3346242364407659,0
5626,1.9131224052654354,0
5627,0.8139243801416409,0
5628,0.23037161800819117,0
5629,0.17032688714900215,0
5630,0.28840054593395364,0
5631,0.7567450143262167,0
5632,1.2567110453469954,0
5633,1.0872807518848366,0
5634,1.0491434742359949,0
5635,0.45105163284957683,0
5636,0.6960475892773912,0
5637,1.633983652616188,0
5638,0.37255343496471405,0
5639,0.44153833899130435,0
5640,1.4086018738902613,0
5641,0.3718709175434519,0
5642,1.6504034249552908,0
5643,0.6059347174621793,0
5644,4.2917385637326735,1
5645,0.4980036850292112,0
5646,0.3494762986188741,0
5647,0.45882297716570547,0
5648,0.6896319633885655,0
5649,2.0899332230116316,0
5650,1.7789790341153424,0
5651,1.4927063624584311,0
5652,0.8964420267547963,0
5653,0.21756291537902106,0
5654,1.6752722220073124,0
5655,0.8437161763290348,0
5656,1.9725167749402739,0
5657,1.7243454607103128,0
5658,0.634421953096916,0
5659,0.3336611853489281,0
5660,0.7499381248976542,0
5661,1.2998013429824786,0
5662,0.8488782484544952,0
5663,1.7104075197749378,0
5664,0.503514901179372,0
5665,1.2823297747421418,0
5666,3.838792456401277,1
5667,1.768311764912616,0
5668,0.44694985566071105,0
5669,0.4163318138621442,0
5670,0.17745652480749272,0
5671,0.5070489655715779,0
5672,1.4251801256636807,0
5673,0.7989482126160938,0
5674,1.0654606593127192,0
5675,0.686415551853855,0
5676,1.011780687829262,0
5677,0.6966740760936663,0
5678,0.2646343309863323,0
5679,0.2514150124561116,0
5680,0.3922529181762783,0
5681,0.4047945061867978,0
5682,1.0612454637507032,0
5683,0.3162060996911046,0
5684,0.5939082705533222,0
5685,1.7908211006113106,0
5686,1.8683081547540077,0
5687,5.487675496650993,1
5688,1.0731662127154937,0
5689,0.3179730220980053,0
5690,0.7814155746634189,0
5691,2.689521687025212,1
5692,0.9442506665085333,0
5693,0.21027338268768805,0
5694,1.004205991849267,0
5695,0.12750816415136104,0
5696,0.26261466840980624,0
5697,1.079704858011018,0
5698,0.40911406390541494,0
5699,0.305912427130357,0
5700,0.3321048298433155,0
5701,2.042059680222427,0
5702,0.7378039712854593,0
5703,0.25390776685912925,0
5704,0.6387836468745406,0
5705,0.6355296716805825,0
5706,4.187728781327886,1
5707,1.478691278020537,0
5708,1.1801292755971318,0
5709,1.721004470563198,0
5710,1.6333531809967112,0
5711,0.7005928925254047,0
5712,2.969850736222262,1
5713,1.145799622938718,0
5714,0.8646310838591409,0
5715,0.7810519908427302,0
5716,0.5793711278083409,0
5717,1.5361781478920042,0
5718,1.744429589428869,0
5719,0.3740302258508693,0
5720,0.9957676275592824,0
5721,0.6626865838272333,0
5722,1.4086251182949696,0
5723,1.251193405333449,0
5724,0.34221572704038883,0
5725,0.7441899329328032,0
5726,1.241356012888567,0
5727,0.21091686304322046,0
5728,4.138710854210297,1
5729,0.5095682471678932,0
5730,1.5687585357493208,0
5731,2.0896589545128896,0
5732,0.8655421557395504,0
5733,1.1426830065928377,0
5734,0.31818376658906916,0
5735,0.3838034726224673,0
5736,1.0323052638260264,0
5737,0.2564568735720257,0
5738,0.9570623643776361,0
5739,0.41211564422212427,0
5740,0.7831656183044448,0
5741,2.4543664952085855,1
5742,1.1086236484489145,0
5743,0.8845936016824336,0
5744,0.5693440298543586,0
5745,0.2753178145916869,0
5746,0.7366577440087371,0
5747,1.6131785753838348,0
5748,0.546567549263137,0
5749,0.9113539047277177,0
5750,1.0789614350794356,0
5751,1.0852000697677,0
5752,0.4783062177647346,0
5753,0.19887320054129728,0
5754,1.1891754121338878,0
5755,0.7742035808843735,0
5756,1.7663253844680402,0
5757,0.6950116056926439,0
5758,0.6389948902627014,0
5759,1.1540541145344414,0
5760,0.1915441198100017,0
5761,1.2012880057221191,0
5762,0.6237264283466594,0
5763,0.36702510350439915,0
5764,1.2779790433982903,0
5765,0.716857136177393,0
5766,0.3183926459645746,0
5767,0.5322913117848674,0
5768,1.364447762597426,0
5769,1.2148616353859227,0
5770,1.0311874902440497,0
5771,0.4293654315259273,0
5772,0.7806973074875547,0
5773,0.33951277172305533,0
5774,0.20592031657609483,0
5775,0.6180532004785093,0
5776,0.3667894157622852,0
5777,0.4799725464106368,0
5778,0.31797014693451964,0
5779,0.2029794264954467,0
5780,0.2733033371737189,0
5781,0.7756708596215517,0
5782,0.7202904098893337,0
5783,0.6126258043992391,0
5784,0.25604524652273714,0
5785,1.0499992091666257,0
5786,1.515558610368615,0
5787,1.3433786347914782,0
5788,1.2612889069301385,0
5789,1.0928986927252322,0
5790,0.18522571334167687,0
5791,0.9837790290887758,0
5792,1.7797278312793054,0
5793,0.733773414392032,0
5794,1.0035508604120487,0
5795,0.2951529677114536,0
5796,0.18291190590035014,0
5797,0.08988850992055172,0
5798,1.560385674728223,0
5799,1.487567884302522,0
5800,1.137896375387949,0
5801,1.0262597135396274,0
5802,1.253649412331401,0
5803,0.3177399866538793,0
5804,0.559233819396516,0
5805,0.23459970561427107,0
5806,2.1785478867805863,0
5807,0.2664918885077247,0
5808,1.6943057082729314,0
5809,1.8481083215379186,0
5810,0.2871830894428246,0
5811,0.8769379928769574,0
5812,0.5721856433056297,0
5813,0.7415745433939508,0
5814,0.8187169190654571,0
5815,0.7801434818808606,0
5816,0.8348334505934126,0
5817,2.9748503319408135,1
5818,0.9993259179762098,0
5819,1.1226077665685088,0
5820,0.48657214408528054,0
5821,0.21853428005996833,0
5822,1.2355511870608638,0
5823,0.6577566891311811,0
5824,1.024185965246643,0
5825,0.42209437439790404,0
5826,0.1471630350342558,0
5827,1.4950176846094176,0
5828,0.7896815810477733,0
5829,0.16240891897482818,0
5830,0.4664377157089795,0
5831,1.267056644931205,0
5832,0.9564021055599369,0
5833,0.8488127119285362,0
5834,1.7792329388216195,0
5835,2.1825516260329687,0
5836,0.8299583466127322,0
5837,0.9621568194523009,0
5838,0.6572334454637763,0
5839,0.16952316470441536,0
5840,0.34931111564255396,0
5841,2.432127419175553,1
5842,0.7072695694373785,0
5843,1.2250854791343166,0
5844,1.705146971092772,0
5845,2.24924494253455,0
5846,1.5245246958718883,0
5847,0.39721584714903385,0
5848,0.5747078343823425,0
5849,1.019285362671236,0
5850,3.0481765343622578,1
5851,0.2918228357883426,0
5852,1.0183385091058808,0
5853,0.19370648002842544,0
5854,0.6975315618340139,0
5855,1.0849440774434844,0
5856,0.8042473532318735,0
5857,0.9822508511991621,0
5858,1.2845171426152429,0
5859,0.19658774682777552,0
5860,0.7172487613469686,0
5861,1.100543009716808,0
5862,0.4063810563267782,0
5863,1.6387709315867383,0
5864,0.8352408539268064,0
5865,0.7851804577101082,0
5866,0.48470112699895235,0
5867,0.7407292333279536,0
5868,0.17176870416114778,0
5869,0.9451300962658223,0
5870,1.4460106120227698,0
5871,0.39739953689049257,0
5872,1.1061032342858774,0
5873,0.8441297967310268,0
5874,1.799103126139255,0
5875,0.6386729959582426,0
5876,2.556296483485916,1
5877,3.947011511131035,1
5878,1.871631422390161,0
5879,0.11070959350306668,0
5880,0.3988468734187566,0
5881,0.43583724211261654,0
5882,0.18773912308486454,0
5883,1.319483508671593,0
5884,0.4534512029541415,0
5885,0.3251311405068934,0
5886,0.4031741153562775,0
5887,0.5848915353771217,0
5888,1.3797125822810172,0
5889,0.6046146731108896,0
5890,1.020264213851767,0
5891,0.3841493487814067,0
5892,0.30694657413184856,0
5893,0.48795549869507565,0
5894,2.1920548877520907,0
5895,0.23582910824040404,0
5896,0.5317843440863508,0
5897,2.5705614725092274,1
5898,1.4198939632886982,0
5899,0.7905220102344328,0
5900,1.0108768420225145,0
5901,1.0826430963561062,0
5902,1.3101328129956302,0
5903,0.6531747840071022,0
5904,0.3384250746689542,0
5905,0.3024665443291509,0
5906,0.2077049271999476,0
5907,1.4723125552854246,0
5908,0.39364158680405825,0
5909,0.293866652011969,0
5910,0.6954997750607005,0
5911,0.22869109268293522,0
5912,0.72258636896052,0
5913,0.25361599791098943,0
5914,1.7494408207983625,0
5915,1.8007883388951105,0
5916,0.3498065597321694,0
5917,0.8302566382814675,0
5918,1.4806792869427778,0
5919,0.5503899370297842,0
5920,0.11567790582278467,0
5921,0.7815394506954336,0
5922,0.4916321203713844,0
5923,0.2171373860801661,0
5924,6.659371192836261,1
5925,0.5968707390787046,0
5926,0.18918881827385953,0
5927,1.1178658212915509,0
5928,1.4942636897019494,0
5929,0.2125810036423213,0
5930,1.5140722390549397,0
5931,0.4260800941233064,0
5932,1.9009487454452152,0
5933,0.45592596564226284,0
5934,0.8024921607835134,0
5935,0.9544101179694368,0
5936,0.8228113441328851,0
5937,0.23216096357318036,0
5938,0.2732013758604617,0
5939,1.9174472057361573,0
5940,0.26397427580099586,0
5941,0.480041111375426,0
5942,1.5509277039068592,0
5943,0.4131227320785011,0
5944,0.8001797669218806,0
5945,2.538289046127963,1
5946,1.3630413322888644,0
5947,2.4199257040651307,1
5948,0.3902722811861577,0
5949,0.21308875829574672,0
5950,0.2783354223999942,0
5951,0.17012629147007297,0
5952,0.752285770641444,0
5953,0.13576427451098158,0
5954,0.46239196956790873,0
5955,0.175152420209197,0
5956,1.1953932338728124,0
5957,0.24528003557574238,0
5958,0.8766386592002391,0
5959,0.37258089151243834,0
5960,1.0524952741774118,0
5961,0.22617891987214414,0
5962,0.5629332042693994,0
5963,1.4527744597291916,0
5964,0.34504131482396555,0
5965,0.2020205626986192,0
5966,0.26731088697093847,0
5967,2.581446730838455,1
5968,0.8469597332455632,0
5969,0.34642555027470656,0
5970,0.3371885953309569,0
5971,0.42757181856153315,0
5972,0.21366228747150573,0
5973,1.972734293312736,0
5974,0.7873324887614294,0
5975,1.4931884810846088,0
5976,0.5480236651483461,0
5977,0.8055348869121766,0
5978,1.2857111935260808,0
5979,0.3996754760511891,0
5980,0.8737363204614965,0
5981,0.47193621607325814,0
5982,0.8042498839354199,0
5983,0.46372771241605754,0
5984,0.6203867977984217,0
5985,0.5950899054579671,0
5986,0.4220360714955863,0
5987,0.6271275572120869,0
5988,3.641593078781406,1
5989,0.3913231187282501,0
5990,1.406178577054178,0
5991,0.4372817118063949,0
5992,0.5930756121875155,0
5993,0.21218041388099987,0
5994,0.7504228488981184,0
5995,0.7371253881676905,0
5996,0.369512574393449,0
5997,1.0371857749643585,0
5998,0.918916601443809,0
5999,2.057603678943228,0
6000,0.20409735969704634,0
6001,0.38057720465640704,0
6002,0.5948508614796051,0
6003,1.2262175692619735,0
6004,0.4568861258998365,0
6005,1.55371311909243,0
6006,0.07696215810459617,0
6007,0.5353010473062793,0
6008,2.4792200822082338,1
6009,0.2225805654403974,0
6010,1.2173305838785542,0
6011,0.4142045765575923,0
6012,0.6139455055627258,0
6013,0.10685652459492437,0
6014,0.6436530663591361,0
6015,0.2687534280707381,0
6016,0.7161829195349693,0
6017,0.5046896116724393,0
6018,1.263763860721078,0
6019,1.66152542659838,0
6020,0.16199644644429434,0
6021,0.9675772133264001,0
6022,0.17870896239318035,0
6023,1.431071322413009,0
6024,1.5045710448415508,0
6025,4.041089606094175,1
6026,1.0631843147999571,0
6027,0.7748037451558596,0
6028,0.918113335598487,0
6029,1.3153517260308336,0
6030,0.5706537472212366,0
6031,1.8181854729180067,0
6032,2.5275699885347485,1
6033,1.9831177903014745,0
6034,0.36933674008774214,0
6035,1.1928244664386807,0
6036,0.7674835444892963,0
6037,0.4144526988924026,0
6038,0.7546989282584825,0
6039,0.6236362345994767,0
6040,0.7873310609639131,0
6041,0.9837309312719931,0
6042,0.32483629641689166,0
6043,0.47176164205248766,0
6044,1.4100872436781349,0
6045,1.5355193582532998,0
6046,0.7052215050118122,0
6047,0.3935843336454864,0
6048,1.3792716479547913,0
6049,1.8041204714367425,0
6050,1.0715921447958163,0
6051,0.5519225493982692,0
6052,1.27096522365949,0
6053,0.3603285064013058,0
6054,0.8118957325516881,0
6055,2.1790612859404055,0
6056,1.91716766288654,0
6057,0.5766596870116854,0
6058,0.9529943224867405,0
6059,1.350832194840288,0
6060,0.7590493976986269,0
6061,0.756003424787848,0
6062,0.8828518913425402,0
6063,0.8010193570524979,0
6064,1.0021758036112096,0
6065,0.5099991516452606,0
6066,1.0782217619473233,0
6067,0.605698348745277,0
6068,2.7079728018761635,1
6069,3.321085934286116,1
6070,0.5140654042431475,0
6071,0.48316647029663573,0
6072,1.8552646300428173,0
6073,1.9695809318967599,0
6074,1.8821603224374996,0
6075,0.3697018267579179,0
6076,2.179570007589708,0
6077,0.7614386194611431,0
6078,1.214974986540121,0
6079,1.4253628367420457,0
6080,2.157084678694946,0
6081,0.314872422678288,0
6082,0.7066407768606835,0
6083,1.5221564180539673,0
6084,1.0856841220636304,0
6085,1.4951838181335741,0
6086,0.19606485239305765,0
6087,0.4671996397638896,0
6088,0.4317838204045009,0
6089,1.2146461793203547,0
6090,1.7132458552263716,0
6091,2.356619991609368,1
6092,1.8936590121199774,0
6093,1.0810710694697014,0
6094,0.3250999092886523,0
6095,1.9523115401053477,0
6096,2.1087290440678226,0
6097,0.18534995880276312,0
6098,0.6472620785618872,0
6099,0.34498074247295907,0
6100,1.6562546596372774,0
6101,1.520176551059237,0
6102,0.5852113659084812,0
6103,0.46160248243567004,0
6104,0.18756582779345407,0
6105,0.24262606052170393,0
6106,0.9065687129219338,0
6107,0.16303615557027587,0
6108,1.0042745201520051,0
6109,0.5901010112411973,0
6110,1.9250949754548177,0
6111,0.9440025139047741,0
6112,2.104769752779541,0
6113,0.36593132467274453,0
6114,1.183063086170518,0
6115,1.4390811134746593,0
6116,0.16929224833531623,0
6117,1.1175380773603272,0
6118,0.8980529635691037,0
6119,0.5103419942509898,0
6120,0.5000547538290678,0
6121,1.5098378341374148,0
6122,1.1040715502018932,0
6123,0.9924450799512087,0
6124,0.15287103681870087,0
6125,2.090525253495904,0
6126,0.8287010078040786,0
6127,1.7936326443071515,0
6128,0.9148831618979412,0
6129,1.3015306446702932,0
6130,0.7075909046290317,0
6131,5.111951643738263,1
6132,0.7495360568713864,0
6133,0.5680022554281235,0
6134,0.4302232440695791,0
6135,0.30529618361507393,0
6136,0.43902255503249404,0
6137,0.8198270460220339,0
6138,0.7025724279902503,0
6139,1.8147446415754303,0
6140,0.6357263055293004,0
6141,1.73902953897624,0
6142,0.8220285552699783,0
6143,1.3079897818841304,0
6144,1.2919203557974432,0
6145,1.6724896186838827,0
6146,0.6725543498435789,0
6147,1.112413796784367,0
6148,0.8962766964320761,0
6149,0.693196825355378,0
6150,5.488532132451778,1
6151,1.465428587218835,0
6152,0.3609988683087172,0
6153,1.3105918113304897,0
6154,0.48725839093145706,0
6155,1.6835459765906382,0
6156,0.16352887937212168,0
6157,1.773070501542616,0
6158,0.9689550531081007,0
6159,1.532034893295341,0
6160,0.09436388913837793,0
6161,1.4653422668641385,0
6162,0.6985078807365432,0
6163,0.8655885460475826,0
6164,0.9002172866449293,0
6165,2.1189448182935355,0
6166,1.03088674685625,0
6167,2.6797313849333353,1
6168,0.6145238711242407,0
6169,0.12826593857617946,0
6170,0.17932244183142387,0
6171,0.9076836449863711,0
6172,1.3142419109981773,0
6173,0.2033626426787401,0
6174,1.3074888085775307,0
6175,0.8324220546086419,0
6176,0.5880886370712447,0
6177,0.8019832667107893,0
6178,1.1836962677522602,0
6179,0.4006285685847019,0
6180,1.221002466839788,0
6181,1.0327447310890028,0
6182,0.44456596750873195,0
6183,1.0570828389873772,0
6184,2.776948781563496,1
6185,1.6264248927533458,0
6186,0.16473011634390528,0
6187,0.2852194834946341,0
6188,0.7924006438644868,0
6189,1.9997093605004683,0
6190,0.33799637382869613,0
6191,0.22192493122955043,0
6192,0.8258122355387723,0
6193,1.3089390055292456,0
6194,0.9024374384861178,0
6195,0.34359946808235947,0
6196,1.0900792163296917,0
6197,0.26805595697926865,0
6198,0.899197450351242,0
6199,1.0672225059244886,0
6200,0.17488009408392705,0
6201,0.40285194400852964,0
6202,1.597626352445276,0
6203,0.31390845990682265,0
6204,0.8573280157947065,0
6205,1.4515243673549167,0
6206,0.44283667825295997,0
6207,0.9873915809957637,0
6208,1.1247971674782373,0
6209,0.4269227110001427,0
6210,0.33919061620230806,0
6211,0.20776416208918363,0
6212,0.22985647019381342,0
6213,0.489168735653393,0
6214,2.110854981655583,0
6215,1.1352005400665242,0
6216,0.4141208718169994,0
6217,1.25293104911511,0
6218,0.39811106587661405,0
6219,0.16831687950555838,0
6220,0.5081643237775223,0
6221,0.5721768071609987,0
6222,0.4016201026840668,0
6223,1.0069418033180395,0
6224,1.5404295277135922,0
6225,0.2080395518090778,0
6226,0.8694677606717118,0
6227,0.36195555908819266,0
6228,3.193369567204914,1
6229,0.6879383155330692,0
6230,0.9530161156352804,0
6231,0.6153244005162966,0
6232,0.49199961049976493,0
6233,0.7260210722182607,0
6234,0.5250144720029662,0
6235,0.17499107912291906,0
6236,0.6346899220751775,0
6237,0.43158405988839466,0
6238,0.1743387504122931,0
6239,0.9405705745454694,0
6240,1.7810333587751068,0
6241,0.6003601590268052,0
6242,0.22065616886220737,0
6243,0.9909813971568223,0
6244,3.038553008869671,1
6245,0.45125381358091954,0
6246,0.47788321936171607,0
6247,0.3233637932623424,0
6248,1.5453792312028665,0
6249,1.2585322321384607,0
6250,0.18514876002772268,0
6251,0.17501466225260795,0
6252,0.8488092271302579,0
6253,0.2232421256607558,0
6254,0.317976445269362,0
6255,0.9079615733885461,0
6256,0.8759935848711715,0
6257,1.3746982382880042,0
6258,0.800534461416144,0
6259,1.0152456982656097,0
6260,0.2662895029681675,0
6261,0.5087897374251917,0
6262,0.6423035491110071,0
6263,0.4336371133456499,0
6264,0.993507900294135,0
6265,0.4319667024191139,0
6266,1.1124651574430375,0
6267,2.8420327020156186,1
6268,1.522382498506094,0
6269,1.0840161096026548,0
6270,0.4417264302091105,0
6271,1.1351772502699382,0
6272,0.3006512680133939,0
6273,1.3644408864059066,0
6274,0.6337482965167659,0
6275,1.0598072288434128,0
6276,0.697683050206577,0
6277,1.0645613243762237,0
6278,1.5025651178629444,0
6279,0.29992173048147,0
6280,0.6518523067238083,0
6281,1.7359077915895327,0
6282,0.24732446462407753,0
6283,1.08174682470587,0
6284,0.9961534691848566,0
6285,1.4643409293532987,0
6286,0.3893860467531656,0
6287,0.902396952707122,0
6288,0.40850630901866625,0
6289,0.9500778571805071,0
6290,0.14041798357338284,0
6291,2.25668834026839,0
6292,0.6579826489161789,0
6293,1.7820620900955597,0
6294,1.0707943663851807,0
6295,0.7615780975742168,0
6296,0.22886955232444278,0
6297,0.9502079490656229,0
6298,1.213295589487703,0
6299,1.8560301970535964,0
6300,0.18822519493086962,0
6301,1.0397378865826814,0
6302,1.303638327354721,0
6303,0.28556009352193035,0
6304,0.6897499446934005,0
6305,0.7464641022225253,0
6306,1.448115284163662,0
6307,1.609846741624534,0
6308,0.29377504488912365,0
6309,0.7665060916978282,0
6310,0.6203377912662672,0
6311,3.393328046780991,1
6312,1.6748272533823403,0
6313,0.21659049039075756,0
6314,0.33529059139907724,0
6315,0.3056941779353786,0
6316,0.5369613653539778,0
6317,0.5701047277153216,0
6318,0.9216981101745976,0
6319,0.22629394511219872,0
6320,1.9765033969374772,0
6321,0.7291793598432632,0
6322,1.397600097746452,0
6323,0.3064768926525301,0
6324,3.7384822085771248,1
6325,0.8095958437306642,0
6326,1.1907216836029992,0
6327,0.6060164505347119,0
6328,1.059457254291949,0
6329,0.3617819811835924,0
6330,2.0723230723598474,0
6331,0.2954932805564187,0
6332,1.025914906957944,0
6333,1.4359803006797884,0
6334,0.8373796539154181,0
6335,0.5907067730663268,0
6336,1.4718178862273974,0
6337,1.685761916445021,0
6338,1.3379360041100412,0
6339,1.427611486928002,0
6340,0.21791943757512958,0
6341,0.8331158676940325,0
6342,0.5166643342897391,0
6343,1.092086786558327,0
6344,0.8643779622901396,0
6345,0.5076779474443978,0
6346,0.6858155839775846,0
6347,2.283176480006357,0
6348,0.33543284513559163,0
6349,0.26348528769874824,0
6350,0.23451136832947564,0
6351,0.9352709787683485,0
6352,1.4346045231833,0
6353,0.7510249119997734,0
6354,0.4129247212724961,0
6355,0.6889713669027027,0
6356,0.8538619792720109,0
6357,2.08052274008599,0
6358,1.4099018814526665,0
6359,0.2811626954633833,0
6360,0.5995605106236175,0
6361,1.024566249622333,0
6362,0.40265632963308934,0
6363,0.31160496351945854,0
6364,0.31331722463238315,0
6365,0.9294485337129716,0
6366,0.7467217415977307,0
6367,1.0554944788485454,0
6368,0.5148059283066623,0
6369,0.5738230389593134,0
6370,2.523553499197707,1
6371,0.6543666360313771,0
6372,0.38137553883360453,0
6373,2.478165360327025,1
6374,2.9825172519978653,1
6375,0.2740695287717475,0
6376,0.6943046418134514,0
6377,1.471180495853524,0
6378,1.4240746236787756,0
6379,0.7083533305015157,0
6380,0.42479541413415484,0
6381,0.924702427651438,0
6382,0.44192923129572514,0
6383,0.4250770521699717,0
6384,0.24598649295564295,0
6385,1.0545045938835171,0
6386,0.8321489776135582,0
6387,2.0920579460977544,0
6388,0.733166947103348,0
6389,1.5751610527541549,0
6390,2.1903220591862587,0
6391,0.7745986390370954,0
6392,0.9949739609561004,0
6393,1.003120458511874,0
6394,0.6346714329663117,0
6395,1.5127701249529943,0
6396,0.4795826408281439,0
6397,0.29473489102994876,0
6398,0.25986304681751526,0
6399,0.6333009509341957,0
6400,0.22072221377601942,0
6401,0.2918528483946877,0
6402,0.13364409764561125,0
6403,0.6213241841942916,0
6404,0.39655617678160987,0
6405,0.4564868010609855,0
6406,0.4557655124045237,0
6407,0.8052468074645835,0
6408,0.14548156138377705,0
6409,0.3976296964557874,0
6410,0.7996640012209236,0
6411,1.3317100871951981,0
6412,0.6361982374920008,0
6413,0.8964926411554257,0
6414,0.5282206257473554,0
6415,0.2305346707594489,0
6416,1.0026841159823587,0
6417,0.9168529703525738,0
6418,0.8859792840600699,0
6419,0.4032735286073609,0
6420,0.9402317148358129,0
6421,0.4419537748639237,0
6422,0.4312814752829818,0
6423,1.1804121819330575,0
6424,0.849535584471121,0
6425,0.6663935589139174,0
6426,1.2000790164158919,0
6427,0.18495112117343296,0
6428,1.016617469202202,0
6429,0.15352903568867182,0
6430,1.0825721907188057,0
6431,0.5120839629070418,0
6432,0.565230838593107,0
6433,0.9483795795818708,0
6434,1.7431592594731313,0
6435,1.5875866641312029,0
6436,0.6419066383317231,0
6437,1.069631376644385,0
6438,1.54277245769854,0
6439,0.1330188666880193,0
6440,1.426856723770932,0
6441,0.20785555936038666,0
6442,0.46173823712386497,0
6443,0.2896418426296072,0
6444,1.9053741934575334,0
6445,0.8356484652691408,0
6446,1.031861851034743,0
6447,0.6760652291204586,0
6448,0.15015285614176782,0
6449,0.3446948783109519,0
6450,0.24667781436942868,0
6451,0.5585771506154231,0
6452,1.2753076769765854,0
6453,1.14103701373692,0
6454,0.3905284225665065,0
6455,0.30979072414894554,0
6456,1.3660916204681757,0
6457,0.6758722844337137,0
6458,0.9775949324052196,0
6459,1.573543636408032,0
6460,3.0761094918917538,1
6461,0.303574767624353,0
6462,1.0524146045899614,0
6463,0.9530994401544065,0
6464,0.3359509432423926,0
6465,1.6560521681416005,0
6466,0.03958978445460086,0
6467,0.8532569175599015,0
6468,1.8451881906845415,0
6469,0.5212230153768054,0
6470,1.1956426135438,0
6471,3.527963771117136,1
6472,0.21137606307844767,0
6473,0.7025896317810426,0
6474,1.3374759039799973,0
6475,0.38847777149088963,0
6476,2.4582687867136825,1
6477,1.5526346905739532,0
6478,0.875413308420287,0
6479,0.23791322036322157,0
6480,1.6288846103023509,0
6481,1.038613649850456,0
6482,0.603590370726313,0
6483,0.6931087572404252,0
6484,2.0420109900827947,0
6485,0.5965139226216938,0
6486,0.6399464662051048,0
6487,0.5158002169960142,0
6488,1.3709318807624735,0
6489,2.2716871229348268,0
6490,0.7564707398022124,0
6491,1.971188826974889,0
6492,1.0271171361367148,0
6493,1.3893062823448417,0
6494,0.23879180125443789,0
6495,1.5086769763812278,0
6496,0.22679844344756778,0
6497,1.2359799075108604,0
6498,1.130122551443289,0
6499,1.51479238887856,0
6500,1.123520268761268,0
6501,0.7071426424217936,0
6502,0.7734302683007199,0
6503,0.5883878123502392,0
6504,0.8626827321628294,0
6505,0.1750545800190269,0
6506,1.2644500708648896,0
6507,0.9303097926791504,0
6508,2.1906210235289167,0
6509,0.5843290905609843,0
6510,0.46332187584866913,0
6511,0.5860534805425965,0
6512,0.66764004154624,0
6513,0.9173434467641812,0
6514,2.065987318102379,0
6515,0.2618335913494672,0
6516,1.1330668635125112,0
6517,1.6501878766866347,0
6518,0.3630084402279532,0
6519,0.27021755642663087,0
6520,1.4546051421417217,0
6521,0.2718693642694208,0
6522,0.6544803306272053,0
6523,0.6717451175601383,0
6524,0.18277444512250882,0
6525,1.4810215285369073,0
6526,0.7872772874035595,0
6527,0.5754982922061543,0
6528,0.48990476295853735,0
6529,0.06633050053054304,0
6530,0.919487276810688,0
6531,1.2242715892686284,0
6532,0.23516437115482863,0
6533,0.7938608797172623,0
6534,0.637829173718897,0
6535,0.2103521676462897,0
6536,0.4981753091729743,0
6537,1.609200827208415,0
6538,0.6654681250869594,0
6539,0.6210550830149897,0
6540,2.4573698742558845,1
6541,0.28593280300475354,0
6542,0.4586977926016682,0
6543,0.6093644351875835,0
6544,2.3599130046053896,1
6545,0.5699022825770893,0
6546,0.2670132284490022,0
6547,0.9685970540267533,0
6548,0.5396897381354852,0
6549,0.1591979425088646,0
6550,1.5249800247665344,0
6551,0.8705547092499802,0
6552,0.4421504524406351,0
6553,0.9561955593314135,0
6554,1.1060939854106446,0
6555,1.1753288281770633,0
6556,0.7912591590251282,0
6557,1.3239781082756825,0
6558,0.8143643707680124,0
6559,0.4384455179507757,0
6560,0.6500659553663378,0
6561,0.5616748733785816,0
6562,0.3441273739784883,0
6563,0.6159689446800016,0
6564,0.4830837373179845,0
6565,0.4533002984479073,0
6566,0.8014419477820741,0
6567,0.789788229418155,0
6568,2.0941352604619548,0
6569,0.9922386131595301,0
6570,0.7507390268771814,0
6571,0.22245558596048226,0
6572,0.22299954227089397,0
6573,0.8895808006195096,0
6574,0.27070512360350485,0
6575,0.3738301052318124,0
6576,0.6663069213674959,0
6577,0.44636260198976174,0
6578,2.207495150231375,0
6579,0.4278447114666692,0
6580,0.46156915935772835,0
6581,1.6673877732147837,0
6582,1.0046612297555095,0
6583,0.7211604165944963,0
6584,0.5677299164588865,0
6585,2.9383046589833413,1
6586,1.6401462276827274,0
6587,4.626517828239084,1
6588,1.2296208167235003,0
6589,1.4767220215689774,0
6590,1.1687561128957134,0
6591,1.4767877739264417,0
6592,5.848665370585854,1
6593,0.4442284691444228,0
6594,2.235839902841964,0
6595,0.7998285138498631,0
6596,0.2753827025671867,0
6597,0.8150321484254739,0
6598,0.8651064100979611,0
6599,0.45262309033445935,0
6600,0.7939536451899699,0
6601,1.9335941142139945,0
6602,0.2287489714183372,0
6603,0.3917573042742878,0
6604,1.9947238699619458,0
6605,0.26460310032557277,0
6606,0.38893764577966006,0
6607,1.0399879749761838,0
6608,0.2752439021201889,0
6609,3.2369712406462923,1
6610,0.48092289693225637,0
6611,0.4142346963701315,0
6612,0.2774904144413759,0
6613,0.10905879332033896,0
6614,0.9978694646533695,0
6615,0.4836273586541349,0
6616,0.5854200915798253,0
6617,0.889351624667202,0
6618,2.630393444332362,1
6619,0.8466962722991667,0
6620,0.5857045807543324,0
6621,0.45093093186295075,0
6622,0.47437140831215174,0
6623,0.5225588328000741,0
6624,1.8360312656535007,0
6625,1.0505552908981763,0
6626,2.2951360164463717,0
6627,1.9213675606605176,0
6628,0.759764683154757,0
6629,0.3269828217709895,0
6630,1.4021259313836407,0
6631,0.4598530923188978,0
6632,0.31743261596305333,0
6633,1.146435635464448,0
6634,0.9312103008309384,0
6635,0.953736550948209,0
6636,0.4508000492318325,0
6637,1.0434607621871221,0
6638,0.9813713215995936,0
6639,1.3286829548580341,0
6640,0.3499264666623678,0
6641,1.3811992565522657,0
6642,1.3569251111272342,0
6643,0.38200325927372497,0
6644,0.35824513523502277,0
6645,0.3508741941493293,0
6646,0.3989136590314447,0
6647,0.7263194412584334,0
6648,0.8427980015493601,0
6649,1.3018543359218708,0
6650,0.6418416442578107,0
6651,0.223920598592572,0
6652,1.681516520591692,0
6653,0.30321882019338453,0
6654,1.246386512960288,0
6655,1.372983799600583,0
6656,0.9604632095349341,0
6657,0.41432568098177247,0
6658,0.805726312294032,0
6659,0.8407301519418139,0
6660,0.327469980798507,0
6661,0.918522278478551,0
6662,1.9377228840262333,0
6663,0.5245811625824853,0
6664,0.7031913086082398,0
6665,1.1993263283812599,0
6666,2.208762041203035,0
6667,0.708434919709964,0
6668,0.32654228562891785,0
6669,1.5998086799049704,0
6670,2.534240345543882,1
6671,1.3418476453405603,0
6672,0.3813330336658174,0
6673,0.8844311086045341,0
6674,1.2851501236665759,0
6675,0.5744350669642226,0
6676,1.122395481774077,0
6677,0.25804712351201253,0
6678,0.11606546687713326,0
6679,1.0643030245802405,0
6680,0.32336502065679007,0
6681,0.28974587950764674,0
6682,0.3743344781610273,0
6683,1.5251957328756895,0
6684,0.9499754717595981,0
6685,0.8360684924639157,0
6686,1.3641771027624525,0
6687,1.7516437037397878,0
6688,1.0627909161310163,0
6689,1.5475353788713826,0
6690,0.5377344500116832,0
6691,0.24565532916991328,0
6692,0.939076038061537,0
6693,2.37251242214848,1
6694,0.07899108944556309,0
6695,0.9408342673357513,0
6696,1.4648747558468347,0
6697,0.3961411718046415,0
6698,0.8516019626418281,0
6699,1.1089368220770957,0
6700,0.4596107269218058,0
6701,0.1907637274739277,0
6702,1.9549148977276705,0
6703,1.275027995654694,0
6704,1.470895797718504,0
6705,0.3294069821166823,0
6706,0.6177189070126046,0
6707,0.9056311173461428,0
6708,0.2690273639979587,0
6709,0.26882527716319826,0
6710,1.2635139345119897,0
6711,0.8188601913949801,0
6712,0.569670537948324,0
6713,1.3151094644008983,0
6714,0.6460903412814563,0
6715,1.1007469229013958,0
6716,0.8699541806517173,0
6717,0.7779449963247553,0
6718,1.8882060320640943,0
6719,0.9855688462678541,0
6720,0.8055904000792268,0
6721,2.744954016623961,1
6722,3.7484165228489843,1
6723,1.978289068240613,0
6724,0.7839279904514432,0
6725,1.2798818915293069,0
6726,0.5660249611873794,0
6727,0.5309630255251404,0
6728,0.2589808485149229,0
6729,1.3070167679953566,0
6730,0.2512196955383156,0
6731,1.4678700457911062,0
6732,0.42045720390902197,0
6733,0.2870742676335996,0
6734,2.0611933472473427,0
6735,0.4932775660507514,0
6736,0.29398192821513497,0
6737,1.2073808640430876,0
6738,0.4094726122791359,0
6739,0.15999517923829285,0
6740,0.05880932857855938,0
6741,0.38157433944210395,0
6742,1.3821236850757406,0
6743,0.24940647278223058,0
6744,0.7534372967860714,0
6745,0.40347318438191876,0
6746,0.8759088418044184,0
6747,0.7176035041640738,0
6748,0.18638365387009306,0
6749,1.0895672039155002,0
6750,0.7479077984496892,0
6751,0.2741247027452729,0
6752,0.3917971997534909,0
6753,1.8441306146519523,0
6754,0.08871410467899095,0
6755,0.9021463182587517,0
6756,0.6002101546587258,0
6757,1.5279887795791116,0
6758,0.9416839523393691,0
6759,1.443930555744886,0
6760,0.7418694235739611,0
6761,1.1402260161043984,0
6762,0.28430422614365375,0
6763,0.36245816232813965,0
6764,0.9877815742558903,0
6765,0.6407575060331678,0
6766,0.6098792850679582,0
6767,0.8430225446829308,0
6768,2.3005161499260662,0
6769,0.522220284267877,0
6770,0.866908827387397,0
6771,1.7364264756287988,0
6772,0.6456228960604837,0
6773,12.886147416198792,1
6774,2.385390796343242,1
6775,0.3439091164459165,0
6776,0.5886429088113048,0
6777,0.18665748205556937,0
6778,1.3212591827878,0
6779,1.062577038527906,0
6780,0.9485669467283241,0
6781,4.765848003208585,1
6782,2.3130759299914354,0
6783,0.4276644215333013,0
6784,1.1397792201018941,0
6785,0.22672494548083516,0
6786,0.30955390253436466,0
6787,0.2601397464729321,0
6788,0.8323107754805086,0
6789,0.3027565178692307,0
6790,0.8716534703925245,0
6791,1.2732945201645038,0
6792,0.5774057790269357,0
6793,0.6867683285208199,0
6794,2.0723524141517555,0
6795,0.18438890975658065,0
6796,1.4428783084779564,0
6797,1.3941743399113093,0
6798,0.3023028081953213,0
6799,0.2816007015763019,0
6800,0.5171164204246542,0
6801,0.3929534635888855,0
6802,0.6250212527020139,0
6803,0.2555854557841872,0
6804,0.11918832436930742,0
6805,0.34252073827113283,0
6806,1.5255804910028836,0
6807,1.4213620979081796,0
6808,0.432257358661135,0
6809,0.3490209527390896,0
6810,0.2395588261398675,0
6811,1.854538127647705,0
6812,3.1759888423388096,1
6813,0.2376603402268685,0
6814,0.30835335521858204,0
6815,1.3189607610426204,0
6816,2.1296260455919414,0
6817,0.5003580967828516,0
6818,2.2383953483174994,0
6819,0.2736386638771873,0
6820,3.7474363933032704,1
6821,0.24351951278560585,0
6822,0.34899710602366485,0
6823,0.45844165327087716,0
6824,0.12169500591073712,0
6825,0.7571081883202044,0
6826,1.5623165005075865,0
6827,0.781055033799945,0
6828,1.84011225650815,0
6829,0.5059423145588513,0
6830,0.4552655926539524,0
6831,0.36118876685986223,0
6832,0.4628668415413405,0
6833,1.5531276750818503,0
6834,0.10154629801443438,0
6835,1.8026522059201582,0
6836,0.2944516953982201,0
6837,0.3985106974588838,0
6838,0.8830821975218013,0
6839,3.3098228125524143,1
6840,0.6659351385671559,0
6841,0.2374947663380404,0
6842,0.6487321735891222,0
6843,0.7512061759783325,0
6844,0.3047702764350443,0
6845,1.1089566203796306,0
6846,0.8287212818805323,0
6847,1.471043503993401,0
6848,1.4830505306761235,0
6849,0.27145013062285955,0
6850,0.9627598162955661,0
6851,0.3305534855593001,0
6852,0.8653711984433258,0
6853,2.0722906068650353,0
6854,1.1320110961028182,0
6855,0.5705857429496625,0
6856,0.30944865941295696,0
6857,0.7115312264470901,0
6858,0.19977671048223403,0
6859,0.2465853779920692,0
6860,0.38711329236799574,0
6861,1.1069919267312824,0
6862,0.40194012200785556,0
6863,1.8758324155067707,0
6864,4.8353221600161636,1
6865,0.27009561734735277,0
6866,1.2105018478919152,0
6867,0.24158736279753615,0
6868,2.7152956843494307,1
6869,2.13941492244047,0
6870,1.2418714612450175,0
6871,1.57839701729969,0
6872,1.17531242360133,0
6873,1.323945753246052,0
6874,0.7491827401820721,0
6875,0.1883299611006274,0
6876,1.9281199529918234,0
6877,0.3152286313768912,0
6878,0.35678226772880234,0
6879,0.9015035545972196,0
6880,0.3961264691451468,0
6881,1.653807045560006,0
6882,1.166095332107402,0
6883,1.678488376472652,0
6884,1.2287761566701723,0
6885,0.4999834028024274,0
6886,1.574959601395095,0
6887,0.10191243129311063,0
6888,1.238450331930047,0
6889,0.33995279568834036,0
6890,0.3961016088455469,0
6891,0.40471906864978513,0
6892,0.7572127652363468,0
6893,2.702928598663626,1
6894,0.5388845337832703,0
6895,2.1244886407931483,0
6896,0.8079258715573723,0
6897,0.6151436255684344,0
6898,1.3872336392528444,0
6899,0.1521785303164383,0
6900,1.7220121203961103,0
6901,2.318607368912627,0
6902,0.787630684021846,0
6903,0.7384449786601877,0
6904,1.8432611011457662,0
6905,0.769515962040668,0
6906,0.8811229965398708,0
6907,1.259916033908506,0
6908,2.018263217803197,0
6909,0.9892908680912976,0
6910,0.5317477353879008,0
6911,0.2697615309443907,0
6912,9.517266542611841,1
6913,0.32255325621053643,0
6914,1.6837518969834995,0
6915,0.6824241418207937,0
6916,1.1480853248058893,0
6917,2.4813710403680154,1
6918,2.8208438875064146,1
6919,0.47111919784538053,0
6920,0.24038651775374284,0
6921,1.4067532749681955,0
6922,0.9019302427940612,0
6923,0.6879105861479498,0
6924,1.230787847500648,0
6925,0.3667767714184634,0
6926,1.0621405107285593,0
6927,0.3022872498700167,0
6928,0.32721019912417326,0
6929,1.024829202378942,0
6930,0.9390247512100153,0
6931,1.298319493079886,0
6932,5.494597646213437,1
6933,0.5220622712862125,0
6934,1.4888261809047376,0
6935,1.23111994972665,0
6936,1.1168125705518177,0
6937,0.9063440065067392,0
6938,0.49948725078911443,0
6939,0.6434068511580453,0
6940,0.4410970915329232,0
6941,1.3306706482869555,0
6942,0.21163027444714122,0
6943,1.038371881826178,0
6944,0.3221221519043466,0
6945,0.7644898426703556,0
6946,1.2054630984140629,0
6947,0.8973251823084667,0
6948,1.512837154241754,0
6949,0.4549054429066059,0
6950,0.9336243892989025,0
6951,0.3408318990762365,0
6952,0.48140885658564425,0
6953,0.6573121103232467,0
6954,0.09747600426377416,0
6955,1.5127968488572583,0
6956,1.269523883534069,0
6957,0.6021014422620823,0
6958,0.4720067975751112,0
6959,0.5878216065968253,0
6960,0.5953793598856596,0
6961,1.6271869614070085,0
6962,0.4285847790154348,0
6963,1.7280235657868794,0
6964,0.7612548649058175,0
6965,0.20748615264924677,0
6966,0.3336130205918801,0
6967,0.4343284441343574,0
6968,0.3232120372457537,0
6969,1.2269608714853724,0
6970,2.2569528492113413,0
6971,1.2056112899098266,0
6972,0.15692379560676584,0
6973,1.140432495405292,0
6974,0.9408036020906193,0
6975,0.6913671729105748,0
6976,0.22790830941151347,0
6977,1.8289645348181982,0
6978,0.6370365950122722,0
6979,2.17448881465777,0
6980,0.19186713882269352,0
6981,0.17502312067192555,0
6982,0.5992511320431909,0
6983,0.5543411663328219,0
6984,1.0688016216682228,0
6985,0.3830261260081884,0
6986,0.5091913400788568,0
6987,1.2432840781433325,0
6988,0.43499564830835646,0
6989,0.6033706953124587,0
6990,1.2499038151602566,0
6991,0.17077907694359362,0
6992,0.6528883609559308,0
6993,0.05886029528748269,0
6994,2.6254728959134574,1
6995,1.18257506358821,0
6996,0.5549849561871605,0
6997,0.6618621166307798,0
6998,1.2961197810993188,0
6999,0.5873985359907161,0
7000,0.2888432531653155,0
7001,1.3238073607842717,0
7002,0.405644785395374,0
7003,1.387340352443157,0
7004,1.1854763295206148,0
7005,0.3599597188913938,0
7006,0.604429679174809,0
7007,0.8966761971641821,0
7008,0.4825954361055815,0
7009,0.4440306488254445,0
7010,0.8778690427606275,0
7011,0.8939919579150457,0
7012,1.1600769567569436,0
7013,0.21481273323818328,0
7014,1.3894505125170034,0
7015,1.8300167241674263,0
7016,0.5602584105654954,0
7017,0.26589543620694867,0
7018,0.31708546856467423,0
7019,0.26012261234271267,0
7020,0.6360183161905019,0
7021,2.098546550511693,0
7022,0.9050430899753211,0
7023,1.0921135771053236,0
7024,0.4517941871759946,0
7025,1.402782559077975,0
7026,1.0819203865017184,0
7027,1.6190044536645676,0
7028,1.4363082761309782,0
7029,1.0292201609808225,0
7030,0.24291297769122266,0
7031,0.5513974102495574,0
7032,0.38134634966677383,0
7033,0.4189157952630936,0
7034,0.17928294620443205,0
7035,0.30335908715079235,0
7036,0.22633498621123377,0
7037,1.0985994922672444,0
7038,1.2504824461511563,0
7039,1.0175814695687382,0
7040,1.812260895605398,0
7041,0.3110951455553482,0
7042,1.5193825303124384,0
7043,0.38842693729745903,0
7044,0.17537467672489357,0
7045,1.359801404369434,0
7046,0.5750988841947692,0
7047,1.0582921731343342,0
7048,1.6216588866881594,0
7049,0.4481278197465029,0
7050,1.083256301602743,0
7051,1.108961236958902,0
7052,1.1228979198011044,0
7053,1.4792637658992729,0
7054,0.1641690345312535,0
7055,1.3406098496824328,0
7056,1.0430450222277035,0
7057,0.5683571752123815,0
7058,1.136847159873509,0
7059,1.4027939141008816,0
7060,0.5555895201231651,0
7061,0.5588014176447724,0
7062,0.3517559733632125,0
7063,1.0138482549111392,0
7064,0.406993370326681,0
7065,0.16919563630968984,0
7066,0.7211293976058657,0
7067,1.4069167018239472,0
7068,0.8056610578389629,0
7069,0.8999584236612236,0
7070,0.7102026858335948,0
7071,1.1334056296197372,0
7072,1.09668241499219,0
7073,1.1113205127900794,0
7074,1.7943885928792327,0
7075,0.8337310883533753,0
7076,0.2991175649996728,0
7077,0.7062429553515903,0
7078,0.708147418916288,0
7079,0.9322349950942936,0
7080,3.401785764284765,1
7081,2.0993654543137796,0
7082,1.4431911806712159,0
7083,2.719354039051422,1
7084,0.6733273658517429,0
7085,0.08406067719321196,0
7086,0.574714987827859,0
7087,1.2419103752646043,0
7088,0.6513975576738555,0
7089,0.43302113916589874,0
7090,0.1540314175262885,0
7091,0.2483679401018922,0
7092,0.5207224567718174,0
7093,1.659681035018594,0
7094,0.7231334434775157,0
7095,0.27453621497426167,0
7096,0.49960836205698095,0
7097,1.4612179475072185,0
7098,0.4914244881141038,0
7099,0.7075919295610213,0
7100,0.3220896804099922,0
7101,0.1604340072865736,0
7102,0.986762366966202,0
7103,1.2787359197043426,0
7104,1.1202179277541364,0
7105,0.387101966710614,0
7106,0.32553743772774774,0
7107,0.5321286401793992,0
7108,0.6639114690767075,0
7109,0.44423629978905055,0
7110,2.88332806776313,1
7111,1.5465369314128514,0
7112,2.2702144833121163,0
7113,0.4096719478253208,0
7114,0.7684647885428001,0
7115,0.6462328112799034,0
7116,3.0037738784277197,1
7117,1.3374646038827795,0
7118,1.2016905349286113,0
7119,1.6949444362139245,0
7120,0.7472651975406641,0
7121,0.6458494167131363,0
7122,1.694245132708108,0
7123,2.4632928552365874,1
7124,2.0131606499931536,0
7125,0.4461702473497837,0
7126,0.2828645749622248,0
7127,3.517609080412311,1
7128,0.7195623696527222,0
7129,0.8881353725788136,0
7130,1.1196025748695486,0
7131,2.022891739053267,0
7132,0.9369967870699456,0
7133,0.8897504868491357,0
7134,1.3816578470478256,0
7135,1.1110357058641307,0
7136,0.455710113369619,0
7137,0.7555810330868675,0
7138,0.21721720155531718,0
7139,0.20065532310293488,0
7140,0.25462717661673423,0
7141,0.289732924728382,0
7142,0.26110082025781034,0
7143,0.5540588450558758,0
7144,0.5963337645259987,0
7145,0.8137106855337286,0
7146,4.008569672326554,1
7147,0.937401928186486,0
7148,0.16801031024156718,0
7149,0.8562165044364598,0
7150,0.4644589112881571,0
7151,0.3593162112192072,0
7152,0.30713368568300414,0
7153,1.38410423938288,0
7154,0.41854701093968905,0
7155,0.29862000130966276,0
7156,0.43200419577998106,0
7157,0.18025711301163602,0
7158,0.26521669801758735,0
7159,0.6501330594924903,0
7160,0.29752869985397185,0
7161,1.1204152655187596,0
7162,0.7503069062351088,0
7163,0.11947701639155428,0
7164,0.29608357968065835,0
7165,2.7647138940264995,1
7166,2.3645922983641143,1
7167,0.24458227661948567,0
7168,1.1583688233817526,0
7169,1.0934110150560172,0
7170,0.12491714118931978,0
7171,0.8760381904453178,0
7172,0.5304463051446097,0
7173,0.3440171563947711,0
7174,0.2318307084337463,0
7175,0.44091256955279085,0
7176,1.7747942152673137,0
7177,1.15903834242827,0
7178,1.0980128191099714,0
7179,0.8367894601483942,0
7180,0.561720031216121,0
7181,1.36053126612509,0
7182,0.5503104763650393,0
7183,0.43135131118428377,0
7184,1.2598257778915454,0
7185,0.8205729777889601,0
7186,1.0956843411441848,0
7187,0.3286410568687018,0
7188,0.743579793243198,0
7189,0.3205222486641352,0
7190,1.5338853217463302,0
7191,0.216225443269889,0
7192,0.3900318982427288,0
7193,0.567254962777482,0
7194,1.904482415380233,0
7195,0.6291097998087452,0
7196,1.1546318647444438,0
7197,0.25166428043572187,0
7198,0.44279006066418686,0
7199,0.35385895698218806,0
7200,1.087339051530493,0
7201,1.0542221315296403,0
7202,0.7669090380524934,0
7203,0.20748172242984322,0
7204,1.530391021550232,0
7205,1.640815736131541,0
7206,1.5274621226764473,0
7207,2.40154325345483,1
7208,1.1070397838887718,0
7209,5.019655996793342,1
7210,1.3462370769492578,0
7211,1.3075990674246238,0
7212,0.7916148723233032,0
7213,1.5669679882310596,0
7214,0.3588245397963587,0
7215,0.6792302122674296,0
7216,1.6673787748191764,0
7217,0.8088931271571731,0
7218,0.9465531987639789,0
7219,0.26848428181851713,0
7220,0.5404650043978103,0
7221,0.4574958658195811,0
7222,1.030266641231067,0
7223,1.4281086772034364,0
7224,0.1493053674379139,0
7225,0.5886030421206265,0
7226,0.45788755150009725,0
7227,1.5394400543756368,0
7228,0.20755460711101192,0
7229,0.08924036655560415,0
7230,0.6361148659453832,0
7231,0.3593308476887162,0
7232,0.8729476281287039,0
7233,0.9450159821506132,0
7234,1.1151895606819704,0
7235,0.2749532679766364,0
7236,1.633058184469694,0
7237,0.24881531683224792,0
7238,1.5494602732750289,0
7239,1.8207850831268204,0
7240,0.35135185497913535,0
7241,0.15999017055933762,0
7242,3.0443928524106667,1
7243,0.567551385870656,0
7244,1.377577628255215,0
7245,0.42947992383321987,0
7246,0.15265020410570396,0
7247,1.204551475148477,0
7248,1.3898058246200007,0
7249,0.20420715250886273,0
7250,1.9948841528319732,0
7251,0.08253847209176582,0
7252,1.3169843467494027,0
7253,1.0012822741622593,0
7254,0.7636758315027332,0
7255,0.9276752652472083,0
7256,1.6537026870397358,0
7257,0.3830392472474992,0
7258,1.0423861952173203,0
7259,2.441506441825685,1
7260,0.9623645363372422,0
7261,1.193951438640371,0
7262,1.822886950207294,0
7263,0.6719528529060332,0
7264,0.6390234631982418,0
7265,0.3483680669810662,0
7266,0.06509180349651662,0
7267,0.4563934263567101,0
7268,0.3430147865561387,0
7269,1.2793174312028608,0
7270,0.41537310685538636,0
7271,2.937890684618036,1
7272,1.6382524645624863,0
7273,0.996632013480594,0
7274,0.9977708405055905,0
7275,0.326188146625438,0
7276,1.2197391094708898,0
7277,2.0154489318173976,0
7278,1.5383722281110592,0
7279,1.2400309555368656,0
7280,0.844236808439347,0
7281,3.718048710193931,1
7282,0.6188481994746643,0
7283,1.3824892717420867,0
7284,2.2480058980791924,0
7285,1.509620823818124,0
7286,0.1977242879591053,0
7287,1.0122839975563422,0
7288,0.7148007480440762,0
7289,0.3145636917988342,0
7290,0.3627725309284938,0
7291,1.8319573202758206,0
7292,4.374707605961227,1
7293,0.2653396071132841,0
7294,0.4364310886160171,0
7295,0.1906179363567531,0
7296,0.34431642008312935,0
7297,5.927856947516304,1
7298,0.46714508928165105,0
7299,0.5592282477167259,0
7300,0.833126015262096,0
7301,0.3408924662758717,0
7302,1.8209870364649112,0
7303,0.6942839184183857,0
7304,0.25204811134182764,0
7305,0.7482797808355292,0
7306,0.4706896247490865,0
7307,1.1807071788763306,0
7308,0.8511774888783435,0
7309,1.255732982381449,0
7310,0.9849819811800883,0
7311,0.66160426846096,0
7312,2.778485026533269,1
7313,0.4463563940626651,0
7314,0.8831966766117372,0
7315,0.6395789816756069,0
7316,0.6800671548740542,0
7317,0.7251626741854951,0
7318,1.8392148464376141,0
7319,0.161717430525613,0
7320,2.69223617601148,1
7321,3.1854205275297547,1
7322,1.9966047253272765,0
7323,0.7416067000548351,0
7324,0.5993634988910254,0
7325,0.3373488857582507,0
7326,0.7734958873946767,0
7327,0.6868236754208213,0
7328,3.666109814472031,1
7329,1.190510377475108,0
7330,0.35670972815320034,0
7331,0.5381303962359565,0
7332,0.42940787175256767,0
7333,1.1498815158694147,0
7334,1.3592873102675216,0
7335,0.8764124999984414,0
7336,0.4689682204893108,0
7337,0.6318549601293463,0
7338,0.3589013823088284,0
7339,1.6208117494637222,0
7340,1.2072330348093432,0
7341,0.32217208088371596,0
7342,1.5597114620999686,0
7343,0.46168992989258373,0
7344,1.3553130710702366,0
7345,0.940228623964968,0
7346,0.2063873649457455,0
7347,0.45291691443303356,0
7348,0.35156711838666427,0
7349,0.7637575307994967,0
7350,1.962008513501648,0
7351,1.5418299169964609,0
7352,0.2589918818506025,0
7353,0.2364482771767248,0
7354,0.10719615307546619,0
7355,0.2625642146605179,0
7356,1.7142369101192039,0
7357,0.20034060505392431,0
7358,0.5839544146268094,0
7359,0.7910241784469397,0
7360,1.2961136816563061,0
7361,0.43450971848755654,0
7362,1.7191585896909831,0
7363,1.4232792918266395,0
7364,0.7958739779353768,0
7365,3.640472729083908,1
7366,0.12626407360101033,0
7367,0.6919445028494564,0
7368,0.20962988414132006,0
7369,0.46926332641889124,0
7370,0.7371074122197168,0
7371,1.4294746334444857,0
7372,0.4241377407602817,0
7373,0.1161800144695064,0
7374,1.2716024630835645,0
7375,0.8107301000301534,0
7376,0.9310433062169816,0
7377,1.1052968728410029,0
7378,0.584394727489862,0
7379,0.34697182810844296,0
7380,1.2713467172299147,0
7381,0.20094111492862923,0
7382,0.7256873133752606,0
7383,0.8168249316318643,0
7384,0.8515784384120604,0
7385,0.20416640334207514,0
7386,0.7212502199259324,0
7387,0.38367998057636854,0
7388,2.118571844273176,0
7389,1.0952996815868992,0
7390,1.1705777491001603,0
7391,0.2215797191582562,0
7392,0.21408818822275083,0
7393,0.36044243344970217,0
7394,0.7602073123031043,0
7395,2.474712001856231,1
7396,0.5359698813318982,0
7397,0.11761885915880681,0
7398,0.7047636668428366,0
7399,0.43161231800970706,0
7400,0.20195443937530158,0
7401,0.114523091877975,0
7402,0.7452184977491231,0
7403,1.7005655325860591,0
7404,0.302978240800593,0
7405,1.076290621770856,0
7406,0.3561264551623865,0
7407,0.29906577056187866,0
7408,0.7596482513637762,0
7409,1.6960378026395055,0
7410,0.20717149081260505,0
7411,0.6652608933404915,0
7412,0.15126834373004305,0
7413,0.19203691419867627,0
7414,0.18925739384236095,0
7415,0.7210312742134336,0
7416,1.2687612725537003,0
7417,0.4099295344731657,0
7418,2.7943358572291346,1
7419,0.8237680929403759,0
7420,0.7801662967553087,0
7421,1.2300666041811004,0
7422,0.3954704753847766,0
7423,1.2895511666871502,0
7424,1.3158578267488334,0
7425,1.2990421844288629,0
7426,0.688100505731238,0
7427,0.8932899707091702,0
7428,0.298493015852254,0
7429,1.0319064657974273,0
7430,0.1565424602254706,0
7431,1.8645216984241266,0
7432,0.9342330727950146,0
7433,0.3072596505556243,0
7434,1.2958108371348949,0
7435,0.49662683170789157,0
7436,0.33696035389190565,0
7437,0.19579279368894736,0
7438,0.6121900793757955,0
7439,0.6023230701069835,0
7440,0.8821890140026089,0
7441,0.7151827496816088,0
7442,0.9084539514487066,0
7443,0.9668232534919664,0
7444,0.1768405614748682,0
7445,0.2553706890910874,0
7446,0.74299255547039,0
7447,0.9501795255074459,0
7448,1.9439958203171366,0
7449,0.30739386035318306,0
7450,0.6203927457753573,0
7451,0.4556426244757116,0
7452,0.09714530032535466,0
7453,0.7641004544980022,0
7454,0.34813547416145746,0
7455,0.26045775934425147,0
7456,3.143579000661307,1
7457,0.28942540536583755,0
7458,0.8958465197934238,0
7459,0.8474307922861811,0
7460,1.532447230855476,0
7461,0.6889129885023941,0
7462,0.4210069304341112,0
7463,0.5937295553976971,0
7464,0.5929141520188326,0
7465,0.5557782921494512,0
7466,1.6938840398337724,0
7467,0.612522149313875,0
7468,0.6527469586916588,0
7469,0.37824650301388835,0
7470,0.3373368855797502,0
7471,0.4935451545656617,0
7472,1.7778801676240281,0
7473,0.7513974690723556,0
7474,0.4382317728928502,0
7475,2.607166263482978,1
7476,0.30213730957988144,0
7477,0.7118494413419485,0
7478,0.3583534135776065,0
7479,0.26375691045731153,0
7480,0.8116683948394794,0
7481,0.1464093510663747,0
7482,0.39163273730728665,0
7483,2.6714266154435795,1
7484,0.6589705201879514,0
7485,0.4685533492770519,0
7486,0.6312351493056536,0
7487,0.2934092889543136,0
7488,0.4410136019079923,0
7489,1.1514956072442768,0
7490,0.5925102951109379,0
7491,0.4119049739947558,0
7492,0.17349033505793338,0
7493,1.2456386401360526,0
7494,0.7236436572617021,0
7495,1.1377452167722812,0
7496,0.9269030242977563,0
7497,0.744457926566875,0
7498,0.9610147069732781,0
7499,1.4011564737365914,0
7500,1.861323227386484,0
7501,2.1455024143375723,0
7502,0.5522435319137095,0
7503,0.37298114052742676,0
7504,0.6605946217666476,0
7505,0.6863014300315309,0
7506,0.1084863391608523,0
7507,1.0706535940066164,0
7508,0.5734305786660315,0
7509,2.2738509343804614,0
7510,1.1772728531830496,0
7511,0.671512253796396,0
7512,0.5014040853704108,0
7513,1.42845370362681,0
7514,0.8335765366144076,0
7515,0.3244013245809618,0
7516,1.0696695018296993,0
7517,0.1732640830382957,0
7518,0.3286677600923231,0
7519,0.7558449692836473,0
7520,2.908972333354602,1
7521,0.1471117856314033,0
7522,0.3998053593676393,0
7523,1.277644434981244,0
7524,1.4425231317055947,0
7525,1.411120728152713,0
7526,2.2184438062020795,0
7527,1.2235994726327701,0
7528,0.21908916435902567,0
7529,0.34958674464710515,0
7530,2.9063122646039465,1
7531,0.5933862313987063,0
7532,0.5610948253415455,0
7533,0.4135064024062124,0
7534,0.8750505432388792,0
7535,0.8081428436007011,0
7536,0.7355990576868452,0
7537,1.2253333213487718,0
7538,0.7287494850605284,0
7539,1.0178794356032175,0
7540,0.32622480359714084,0
7541,0.8826869903168587,0
7542,0.46451678745550157,0
7543,1.2149330946175987,0
7544,0.2668096961248986,0
7545,0.6526417824113915,0
7546,1.7996729073213729,0
7547,0.5433580144232041,0
7548,0.33544976526981796,0
7549,0.6925479002625121,0
7550,0.6792878149322717,0
7551,0.7010632049454548,0
7552,0.1361872263042272,0
7553,0.4217095316580862,0
7554,0.3718884986295816,0
7555,1.2033061427707472,0
7556,0.7109628719872813,0
7557,0.2554456289785453,0
7558,1.4936479434969645,0
7559,0.44000852388560424,0
7560,0.5042470076640637,0
7561,1.1330933360340132,0
7562,0.5805711351621738,0
7563,0.5623419690122302,0
7564,0.19405955235445363,0
7565,1.3777478205124851,0
7566,0.31602895167643663,0
7567,1.1312064529632395,0
7568,0.293506498605167,0
7569,0.4081389631699615,0
7570,0.30779527890752495,0
7571,0.9841678092589085,0
7572,0.3495428269784406,0
7573,2.1972026064461354,0
7574,0.23127131331637876,0
7575,0.5654654239298734,0
7576,0.24089183368467332,0
7577,0.7087310080673815,0
7578,0.23486219496556027,0
7579,1.1589001689630423,0
7580,2.7715914681001426,1
7581,0.3876299400414425,0
7582,0.6309459869920608,0
7583,0.2537748290014716,0
7584,0.7538746648569443,0
7585,1.4935118138706176,0
7586,0.26878392380799526,0
7587,0.554553300364813,0
7588,1.200932123150137,0
7589,0.6275908677699257,0
7590,0.2092101687615738,0
7591,0.48716756260678995,0
7592,0.3858332484726059,0
7593,1.477635977845496,0
7594,0.23945420239997367,0
7595,0.17935024891539392,0
7596,0.46130167955330686,0
7597,0.6892272394833384,0
7598,1.0019728134747647,0
7599,2.0041788830663183,0
7600,1.646470332097787,0
7601,0.2300823505757136,0
7602,0.24608214706856196,0
7603,0.5332621995943432,0
7604,0.9113421187976563,0
7605,0.8263889282351746,0
7606,0.15446675173035945,0
7607,0.6497772409748499,0
7608,1.9838143624874895,0
7609,0.5865362875937381,0
7610,2.6596972687465215,1
7611,0.6838355284635161,0
7612,0.4072127682342135,0
7613,0.5480975332778418,0
7614,0.4321608382207779,0
7615,0.6614035445796375,0
7616,0.4448069714152133,0
7617,0.8218590267079392,0
7618,1.3683013673235638,0
7619,0.5993890194749619,0
7620,1.8398112585531834,0
7621,0.7602678945678323,0
7622,0.12358489159673247,0
7623,0.39612502465863403,0
7624,0.4136856702410764,0
7625,0.35860766981207376,0
7626,0.508048918557151,0
7627,0.19503454275924828,0
7628,0.8049471096447792,0
7629,0.4020728205472327,0
7630,0.9228621401902657,0
7631,0.4503402338468283,0
7632,0.9414921345260219,0
7633,0.7694349499041746,0
7634,0.19346843421202467,0
7635,0.26157371056538514,0
7636,0.6573265656503638,0
7637,0.3791125267724695,0
7638,0.5670678643623985,0
7639,2.1112448427431834,0
7640,0.14863155268209904,0
7641,0.37666820291763353,0
7642,0.303930822310423,0
7643,0.3877093234010244,0
7644,1.7498477377131187,0
7645,0.22545794691650708,0
7646,2.5483596458116056,1
7647,1.4287404316922778,0
7648,0.23017701734610313,0
7649,1.1376408191423502,0
7650,1.511281029315017,0
7651,0.5274771786042234,0
7652,0.5850454062440067,0
7653,0.19623405932175308,0
7654,0.08731197652268625,0
7655,0.7228400590805506,0
7656,0.2036377876456564,0
7657,1.2061969706708908,0
7658,0.6848294878425124,0
7659,1.2081886099184627,0
7660,1.7306567631137035,0
7661,0.11867090214260138,0
7662,0.6834871707043257,0
7663,1.2369367773730624,0
7664,0.2217954751952071,0
7665,1.553076106067122,0
7666,2.473606453913078,1
7667,1.0799714309802502,0
7668,0.40727049791712133,0
7669,2.299790906161209,0
7670,0.7100982328684943,0
7671,3.1780196027197336,1
7672,1.0973341362984192,0
7673,0.5763013207732821,0
7674,0.37770755397629874,0
7675,0.44126962683808796,0
7676,0.8373870559132668,0
7677,0.9251310046229602,0
7678,0.19693770814158487,0
7679,0.4419029057924492,0
7680,1.593430779913052,0
7681,1.6631982603100268,0
7682,0.7686505061510424,0
7683,0.4258639982846132,0
7684,0.8866038028240281,0
7685,0.4917501743654393,0
7686,0.4070401756823749,0
7687,2.5413311633425337,1
7688,1.2870296622975737,0
7689,1.0384066766053281,0
7690,0.5586226699180763,0
7691,0.8340670655058495,0
7692,1.922265054252124,0
7693,2.072947778560689,0
7694,0.20651775451324678,0
7695,1.2849844958912218,0
7696,0.6260797264644453,0
7697,0.6453666803184863,0
7698,0.3501379031028927,0
7699,1.0546286529606688,0
7700,0.8397328350498097,0
7701,0.7207687214236579,0
7702,0.786704087870419,0
7703,0.40769146452856697,0
7704,1.791583067290874,0
7705,0.3877285546316738,0
7706,0.9206133665351437,0
7707,0.5431011661757831,0
7708,2.6874721429407917,1
7709,1.5710257300019752,0
7710,0.2930969481751371,0
7711,0.8022561487451032,0
7712,0.3585855288879526,0
7713,0.6152114760838691,0
7714,1.3556504077072329,0
7715,0.7745522284294994,0
7716,0.41487885242443,0
7717,0.6746914571399317,0
7718,0.7282864603429147,0
7719,0.7728812067287107,0
7720,0.11815293186150211,0
7721,0.19572714565814203,0
7722,0.625962015527602,0
7723,0.5629648952426283,0
7724,0.8800747684085234,0
7725,1.2366857393577617,0
7726,0.17740903154288157,0
7727,0.2967284748274507,0
7728,0.7972452525899387,0
7729,1.2996320480194976,0
7730,0.5404058236447241,0
7731,1.6340415203982495,0
7732,0.5806614774649674,0
7733,0.6827351686807857,0
7734,0.49015256005112634,0
7735,0.7185257790350965,0
7736,0.34612663170220176,0
7737,2.164351153101923,0
7738,0.41262742355747395,0
7739,0.7494331056715315,0
7740,0.3480561997018609,0
7741,1.2617496453423622,0
7742,1.2062238772414957,0
7743,0.5859503495244847,0
7744,0.1394749027177562,0
7745,0.2680139285740362,0
7746,0.1259739851537093,0
7747,1.7124800884797868,0
7748,0.8464919599661144,0
7749,2.090152455795693,0
7750,0.305052177713501,0
7751,2.01157911722062,0
7752,3.224324398312315,1
7753,0.563127803597232,0
7754,1.0490901588613533,0
7755,1.9129404824510403,0
7756,0.7461383917684955,0
7757,0.5418585775942917,0
7758,2.093106825895555,0
7759,0.8129414801298278,0
7760,1.5997054225629335,0
7761,0.3842349909214852,0
7762,0.2372618121614562,0
7763,0.14382303231721094,0
7764,0.4444937055443773,0
7765,3.213109734398553,1
7766,0.45078943869705446,0
7767,0.37235296906570736,0
7768,1.166161009428495,0
7769,1.2082359010097783,0
7770,0.9769042913029612,0
7771,0.6854981253602275,0
7772,0.2237718119404378,0
7773,0.749425567185371,0
7774,1.644910035970409,0
7775,0.522846622289666,0
7776,0.2816543479332151,0
7777,0.5043520750742374,0
7778,0.49542675508535483,0
7779,0.74488573118948,0
7780,0.22045536512506175,0
7781,0.220691033831642,0
7782,1.6582381225781464,0
7783,0.17892522202420427,0
7784,1.1016650167946582,0
7785,1.5323760329408151,0
7786,0.41585643919321774,0
7787,0.6800009686474874,0
7788,0.6774988779132989,0
7789,0.6110120344945946,0
7790,0.08406067719318286,0
7791,0.7644466556308094,0
7792,0.3630704289835071,0
7793,0.22271202464478632,0
7794,2.1586564251789007,0
7795,1.9564933354852,0
7796,0.6693896764817191,0
7797,1.6467705628752647,0
7798,0.8997908928801767,0
7799,1.2846684561395663,0
7800,0.444020273940656,0
7801,0.40206269761583646,0
7802,0.2999439563812128,0
7803,0.4641442392321074,0
7804,0.7984876241488594,0
7805,0.680107917900799,0
7806,0.9168742362601409,0
7807,0.6192249855794809,0
7808,0.3221115855316715,0
7809,0.26661590885366343,0
7810,1.5093666291364856,0
7811,0.16773824908759835,0
7812,1.285510327618311,0
7813,0.5830633382037427,0
7814,0.3708199346964944,0
7815,0.4799788075912593,0
7816,1.0871800578870483,0
7817,0.2870556580369195,0
7818,0.8718169608779822,0
7819,0.3080680976340894,0
7820,0.750400839224523,0
7821,1.5862639545851127,0
7822,0.2100155467225623,0
7823,1.002219035524021,0
7824,1.0016651395202358,0
7825,1.5315167998868713,0
7826,1.0407465849934632,0
7827,1.3577510707618188,0
7828,1.0574975329908551,0
7829,0.8647722237766077,0
7830,0.4719185444251102,0
7831,0.7976489516584275,0
7832,0.28694157858964076,0
7833,0.34187914454014895,0
7834,0.9650143299359135,0
7835,1.14461962964739,0
7836,0.8975314018882997,0
7837,3.0765104818389353,1
7838,0.6406357958231187,0
7839,1.2094916620831206,0
7840,1.720028594416855,0
7841,0.49440914584160967,0
7842,0.1342500824954966,0
7843,0.46650963309026616,0
7844,0.7406323571703028,0
7845,0.751713303315215,0
7846,0.4247471059568723,0
7847,1.4618014503517909,0
7848,0.32691941277152275,0
7849,0.28508510599801784,0
7850,2.1400727297201767,0
7851,0.7416505376292498,0
7852,0.4797711086331892,0
7853,0.8911588319448258,0
7854,0.24748960122355285,0
7855,0.08663058602866926,0
7856,3.2874660655182906,1
7857,0.17026100593212318,0
7858,0.18321547490207105,0
7859,0.39938399668633295,0
7860,0.9707360797136848,0
7861,3.0559718076006677,1
7862,0.6332630357449693,0
7863,0.5460287375465158,0
7864,0.4006185652893353,0
7865,0.3108104570819571,0
7866,0.40509452059132744,0
7867,0.9279114625409315,0
7868,0.7289837407017921,0
7869,4.730844586539885,1
7870,0.33070728496683693,0
7871,1.871290643691888,0
7872,0.9379283790473197,0
7873,0.24150328530284382,0
7874,0.4142638304692848,0
7875,1.560823517460925,0
7876,0.24444772610563267,0
7877,3.2545927772428103,1
7878,0.3787038932600672,0
7879,1.4110055583664485,0
7880,0.5434306266801319,0
7881,0.46466383387080323,0
7882,1.0889422666476158,0
7883,0.5904110016038758,0
7884,0.4292280302844597,0
7885,0.44123317115694516,0
7886,3.240115806916511,1
7887,1.5150474446896907,0
7888,1.150173614577542,0
7889,0.40682954915028746,0
7890,1.1230558932404153,0
7891,4.222581996612902,1
7892,0.1922423895374378,0
7893,1.1522583008065233,0
7894,1.1116472277472291,0
7895,0.5903566899489295,0
7896,0.20622876518902816,0
7897,2.0927251123731994,0
7898,0.5928175355571292,0
7899,0.3899969127375546,0
7900,0.24777657011230905,0
7901,0.7075356396765575,0
7902,0.19149787590324568,0
7903,0.7657925964187287,0
7904,0.5577352591928915,0
7905,0.20382654823695737,0
7906,0.20614427879904745,0
7907,0.6695898415973496,0
7908,0.8994924015489494,0
7909,0.3499759670872691,0
7910,1.9848003672257715,0
7911,1.2567840942079371,0
7912,0.3750151307346946,0
7913,0.2994955304510084,0
7914,1.9833299395385509,0
7915,1.542901421989085,0
7916,1.7935283253868597,0
7917,0.34351012504779993,0
7918,0.2999007717364107,0
7919,0.13930831567780097,0
7920,1.255572672968273,0
7921,0.213673982345341,0
7922,0.7664736385672638,0
7923,1.0368525177076218,0
7924,0.521109946256372,0
7925,0.35385443574421094,0
7926,1.2720865947128956,0
7927,0.6137993717919786,0
7928,0.530073047326065,0
7929,0.7165825052569808,0
7930,0.8224855667601204,0
7931,1.0556440945278294,0
7932,0.9528299231486759,0
7933,0.8607731291074293,0
7934,1.47397430625008,0
7935,0.2283461935718562,0
7936,0.9143974947420084,0
7937,0.8891724566595819,0
7938,0.9066324386394893,0
7939,1.5741753033277088,0
7940,1.3672721493046027,0
7941,0.34074266314155804,0
7942,2.2680169242051575,0
7943,0.2616188929201619,0
7944,0.5767124407286854,0
7945,0.411092276557152,0
7946,2.057878944509508,0
7947,0.16708189900832152,0
7948,1.904877778111056,0
7949,1.5583796020531557,0
7950,0.44763843682195315,0
7951,0.4440478801432741,0
7952,0.30899439657651506,0
7953,1.2602818995422966,0
7954,1.2744308834576301,0
7955,2.280021824224707,0
7956,0.5311082678093781,0
7957,1.021887289943098,0
7958,0.5374780915796684,0
7959,0.8105214176977416,0
7960,0.10105754687288537,0
7961,1.6743371796811295,0
7962,0.2438226231805875,0
7963,0.37525136790197877,0
7964,0.26220930290575495,0
7965,1.107949714095247,0
7966,0.9265528714979017,0
7967,0.338513364818856,0
7968,0.6015454296843588,0
7969,1.0683866684773948,0
7970,0.35923807775010214,0
7971,0.7770868684375613,0
7972,0.8107270387179308,0
7973,1.2903928953976984,0
7974,0.18890830777899428,0
7975,0.44156973886677314,0
7976,0.24278471038611973,0
7977,0.12802982016806613,0
7978,0.15962980466623516,0
7979,1.4152473513337467,0
7980,1.0840897806108838,0
7981,0.7917127867151053,0
7982,1.4372475754208602,0
7983,0.6011250474767602,0
7984,0.5138079764775639,0
7985,2.5357779425899016,1
7986,0.4779014899415646,0
7987,0.23773772250110642,0
7988,0.12358449613478975,0
7989,0.5498982368091537,0
7990,0.6692556266863443,0
7991,1.046278430169441,0
7992,0.5915394368871658,0
7993,1.586567367514025,0
7994,0.24734077806222335,0
7995,0.4139569890151108,0
7996,0.4113545631129204,0
7997,0.4049829743614177,0
7998,0.61530656718246,0
7999,0.9419323771387882,0
8000,1.1556550059460315,0
8001,0.34337465660383654,0
8002,2.9892805378162577,1
8003,0.9720992001672102,0
8004,0.35762759006057143,0
8005,0.7080081647224284,0
8006,0.28595513377501536,0
8007,1.1452525713328525,0
8008,0.3715955636947867,0
8009,0.5793047401356047,0
8010,0.3900597736444278,0
8011,1.7945701659500486,0
8012,1.3390618326412187,0
8013,0.122775970447035,0
8014,0.320935437011867,0
8015,0.424143757122544,0
8016,0.8917506393666447,0
8017,1.721924423944077,0
8018,0.29672116462217624,0
8019,3.404313180846428,1
8020,0.18451994636793864,0
8021,0.9361915284303404,0
8022,0.675542753030372,0
8023,2.3718016379871,1
8024,0.8385135906913522,0
8025,0.16392176644308148,0
8026,1.2818307704679954,0
8027,0.6493842499267004,0
8028,0.43493002369586237,0
8029,1.070192345902592,0
8030,0.2622946463682083,0
8031,1.3774558490029218,0
8032,1.5501288503281314,0
8033,0.8570103007274934,0
8034,2.0909513401782056,0
8035,0.5546501109504811,0
8036,0.17043227990616583,0
8037,0.5014066652342853,0
8038,0.18010071017102916,0
8039,0.17656834164747467,0
8040,0.3280851930109108,0
8041,1.424802594764333,0
8042,1.3469651628411643,0
8043,1.5122155552270937,0
8044,1.1962652958414561,0
8045,0.6245953669293673,0
8046,1.0632880671872238,0
8047,0.36146331969738366,0
8048,1.0841862929637387,0
8049,0.44559376811314033,0
8050,0.9676891360892155,0
8051,0.8771520650480642,0
8052,1.788735664103757,0
8053,1.1142614062075877,0
8054,0.2165903462022826,0
8055,0.2743299257627315,0
8056,2.004721107309682,0
8057,0.757561004203825,0
8058,0.27432322382829827,0
8059,2.053987020140727,0
8060,1.0326743866607213,0
8061,0.17386304907730618,0
8062,0.8835728321357156,0
8063,2.661064268808912,1
8064,0.7848205238851124,0
8065,0.40818913327404405,0
8066,0.3332332746480836,0
8067,0.550017918837411,0
8068,0.8113568544267267,0
8069,0.5620900568831232,0
8070,0.9065853320546223,0
8071,0.7610364116002348,0
8072,1.3856995703166914,0
8073,0.9666199093278314,0
8074,0.44059135599184246,0
8075,1.9177655778526521,0
8076,0.15255986563878735,0
8077,0.7745564000990126,0
8078,0.6824848351349159,0
8079,0.2979393404446587,0
8080,0.8241497552235035,0
8081,1.0692724479723323,0
8082,1.0125329645061885,0
8083,2.1580959264104735,0
8084,1.296210637829834,0
8085,1.6851338076646791,0
8086,0.18888778889852356,0
8087,0.43822305433746117,0
8088,0.5645493717886951,0
8089,0.3605164758704621,0
8090,1.727645663229372,0
8091,0.30074404283650297,0
8092,0.4016874661857819,0
8093,0.2859303782876411,0
8094,0.14828283286173316,0
8095,0.4408563365416326,0
8096,0.8813267207686153,0
8097,1.932356733681401,0
8098,0.3062144491564548,0
8099,0.24336896723384777,0
8100,0.3651441388228417,0
8101,0.16783982394589905,0
8102,2.9489912063070425,1
8103,4.50858353854451,1
8104,1.7901295285267564,0
8105,1.7436003464646603,0
8106,0.336393264355181,0
8107,0.19803396176540017,0
8108,0.29382247899724057,0
8109,0.7795926966930954,0
8110,0.5535053284000006,0
8111,0.8111106100557912,0
8112,0.47656977572604886,0
8113,1.191990399668749,0
8114,2.359993497612079,1
8115,0.35769466016366736,0
8116,0.9422302175964813,0
8117,1.466764064238792,0
8118,1.0614225490695135,0
8119,2.3338097605422936,1
8120,1.4780217954566426,0
8121,0.7412826994466603,0
8122,0.8665415813265547,0
8123,2.8911716428741077,1
8124,1.2726069731977485,0
8125,0.611240745637806,0
8126,0.40745654820123994,0
8127,0.26565062293970393,0
8128,0.24615641251982318,0
8129,1.3549470076629406,0
8130,0.6375730942169391,0
8131,1.029718225313212,0
8132,0.44894342937700804,0
8133,1.463076055461808,0
8134,0.7611617562923341,0
8135,1.4618603399417638,0
8136,0.4500554124162089,0
8137,2.0110920996904804,0
8138,1.5031674273357525,0
8139,0.9392531558031083,0
8140,0.15924366278201846,0
8141,0.8568242433903432,0
8142,0.449617611635374,0
8143,1.081179233561358,0
8144,0.8112016931769416,0
8145,0.7566080188554258,0
8146,0.18838944883180683,0
8147,0.1135631329962119,0
8148,1.2615958211902327,0
8149,1.2690087609463971,0
8150,0.8346709251211095,0
8151,0.30286329295924486,0
8152,0.7415211346989159,0
8153,1.0425868169103645,0
8154,0.41303515059156204,0
8155,3.3822183164908663,1
8156,0.4725880955625489,0
8157,0.709464141792023,0
8158,1.4219766589131333,0
8159,1.4432257728770523,0
8160,0.4232824763869326,0
8161,0.8496861315922402,0
8162,0.3752921845654253,0
8163,0.47382346117845353,0
8164,2.207453225742298,0
8165,0.7671384890434088,0
8166,0.322143226663425,0
8167,1.1746427491446636,0
8168,0.8916562852710509,0
8169,0.22537172761048502,0
8170,1.024466010314188,0
8171,0.7123677532431586,0
8172,2.9054420100357086,1
8173,3.497229722408445,1
8174,0.4517108315674066,0
8175,1.2377105828051256,0
8176,0.7043340696392982,0
8177,2.6465927164110163,1
8178,0.2848716142510984,0
8179,1.5140010679873683,0
8180,0.5937281760690631,0
8181,0.7468749472285583,0
8182,1.186913537283798,0
8183,1.4143404446569037,0
8184,1.3569314037688687,0
8185,0.6147894976966807,0
8186,0.7063847635650042,0
8187,0.960003014004088,0
8188,1.5574116747917577,0
8189,1.462071471975832,0
8190,1.1465567364917986,0
8191,0.23614205594932805,0
8192,1.4738215406175912,0
8193,1.45518982146707,0
8194,0.2018592073749826,0
8195,1.9801034295908913,0
8196,0.2631389023451559,0
8197,2.5863840223708645,1
8198,0.6458474029818715,0
8199,1.86356167835264,0
8200,0.6171661796330609,0
8201,1.5549043102123492,0
8202,0.757760271605384,0
8203,0.19592942701201174,0
8204,2.481838587676154,1
8205,1.147483066853672,0
8206,0.25186731295356585,0
8207,0.28817729006873727,0
8208,0.884423305568373,0
8209,0.1714814017115595,0
8210,1.477859534749269,0
8211,4.214346190050034,1
8212,1.0306900174854305,0
8213,0.4852769566164762,0
8214,0.312620797326848,0
8215,2.6800509257571887,1
8216,0.37396268621173245,0
8217,1.0662562015448374,0
8218,0.4926613803622278,0
8219,0.9858746112288916,0
8220,2.285652553089908,0
8221,1.351679457754394,0
8222,1.2587019793111043,0
8223,1.7336557092675668,0
8224,0.7902971125501889,0
8225,0.37439292816342584,0
8226,1.490762312899994,0
8227,0.4438309582244305,0
8228,2.551753204209958,1
8229,3.0489933637740707,1
8230,2.1389613524948796,0
8231,0.9539689593593718,0
8232,0.548860299214939,0
8233,1.1890710333197032,0
8234,0.12642054352063475,0
8235,1.8078698192801383,0
8236,2.030627331183135,0
8237,0.8382376541118743,0
8238,0.535170387059152,0
8239,0.4326467992358701,0
8240,0.34501600625422657,0
8241,1.1061495177571046,0
8242,0.09321498934848607,0
8243,1.5828049953938639,0
8244,0.5954430749923559,0
8245,0.09490229138930233,0
8246,0.9485454812448564,0
8247,4.8618148933044,1
8248,0.5710910951650041,0
8249,1.2148092385364389,0
8250,1.1892361160531322,0
8251,0.33762544730675303,0
8252,0.5645131323097934,0
8253,2.731232862571203,1
8254,1.2037816387856684,0
8255,0.31247656494405807,0
8256,0.41451010243191,0
8257,3.441001717958982,1
8258,0.492733328581493,0
8259,0.31417405968668655,0
8260,0.6618577396524106,0
8261,1.8499614924081498,0
8262,0.7345391358158372,0
8263,0.7965036586919155,0
8264,1.0821882878936668,0
8265,1.825418781551128,0
8266,1.524287489695099,0
8267,0.36638728602215187,0
8268,1.1323962393558702,0
8269,0.5143377906048854,0
8270,0.6880799336214283,0
8271,0.23107883626133457,0
8272,0.15402212839983848,0
8273,0.355604153278648,0
8274,0.755437796658067,0
8275,1.9801008647725802,0
8276,0.08496808938831027,0
8277,0.20510364995779368,0
8278,0.861178018004086,0
8279,0.39189433289105996,0
8280,0.7352589860619002,0
8281,0.6261339590451401,0
8282,1.1348149354633652,0
8283,1.0217022387963368,0
8284,0.4916011895674261,0
8285,2.3073052772205895,0
8286,0.3302073463793468,0
8287,1.1568662918461012,0
8288,0.19805518106372838,0
8289,0.1857176264535463,0
8290,2.8943660600598315,1
8291,0.19403430191164522,0
8292,0.8764662786435677,0
8293,0.6137299968153508,0
8294,0.453594519354497,0
8295,0.5119274163348765,0
8296,0.15701208600280173,0
8297,0.14072035914668493,0
8298,1.0154544467899869,0
8299,1.0878708116647189,0
8300,0.6677765555365566,0
8301,0.7062901614934829,0
8302,1.0781017966324289,0
8303,0.6801613636887804,0
8304,1.1980966339948125,0
8305,0.6852765005381741,0
8306,0.457911135470352,0
8307,0.21264842684199742,0
8308,0.2373264752229864,0
8309,0.29719396090062544,0
8310,0.36493352974362936,0
8311,0.2802186709200768,0
8312,0.7429988414077844,0
8313,0.3184166949298149,0
8314,1.0960079976248929,0
8315,0.43060430903705404,0
8316,1.7374628307562632,0
8317,0.40796996834196547,0
8318,0.7725513846923778,0
8319,0.8235938090230952,0
8320,0.08678907132870084,0
8321,0.3609387395270764,0
8322,3.0937756781663386,1
8323,0.29455652148292977,0
8324,2.443183428237979,1
8325,0.4701927850536493,0
8326,0.6277907822868827,0
8327,0.6800942090771909,0
8328,0.4560923907812066,0
8329,0.3817550108587503,0
8330,2.2573879488592477,0
8331,0.6256502100760308,0
8332,0.3909557455863951,0
8333,2.073944076488822,0
8334,0.22498296526297717,0
8335,0.41353319787098985,0
8336,0.454116129336283,0
8337,0.3612660670985979,0
8338,5.695429521541709,1
8339,0.23040885925491955,0
8340,1.058227220501572,0
8341,0.2012378625874378,0
8342,0.36879947422554743,0
8343,0.27610412857903804,0
8344,1.3741138377475521,0
8345,0.8166237116005088,0
8346,0.6450483606361445,0
8347,3.0842889002245917,1
8348,0.6600251686990911,0
8349,0.6776224077884153,0
8350,0.09193751603590342,0
8351,0.8598998994502786,0
8352,0.48309411622364573,0
8353,0.8071493667253318,0
8354,0.4595679956115961,0
8355,5.329140928342369,1
8356,0.9464363368920402,0
8357,1.3132942258870983,0
8358,0.5242636447282014,0
8359,0.19667917438182708,0
8360,1.4448826913760522,0
8361,0.3511305419481198,0
8362,1.0746553998445818,0
8363,1.1701185744658718,0
8364,0.8635532438090158,0
8365,0.4848719341133617,0
8366,0.5732063466726585,0
8367,0.31441715697209527,0
8368,0.3214674624659696,0
8369,0.706370599562435,0
8370,0.9916531760403944,0
8371,1.0838045993239898,0
8372,1.030466952597592,0
8373,1.1591883499973616,0
8374,1.602135393642867,0
8375,0.8852406235879648,0
8376,0.4179549414812357,0
8377,0.2937371688828708,0
8378,0.48171345528477894,0
8379,0.2745030653553783,0
8380,0.31880311394600874,0
8381,1.1664390913264628,0
8382,0.47624874985376203,0
8383,0.9791558177752115,0
8384,3.054467210020171,1
8385,0.943076991147979,0
8386,0.3140689785502689,0
8387,0.29799386882453216,0
8388,0.7773162461264533,0
8389,0.7079736859033918,0
8390,0.33143786970195604,0
8391,1.9410918284818703,0
8392,2.090516183722122,0
8393,0.18792259160737212,0
8394,0.12777923983269246,0
8395,1.1269022869710672,0
8396,0.6115513988104571,0
8397,0.7562755024921218,0
8398,0.20147853380851424,0
8399,0.18741111777833167,0
8400,0.8782716831655687,0
8401,0.7866455590251996,0
8402,0.28598949862016443,0
8403,0.8257601967921501,0
8404,0.8994293808550797,0
8405,0.7279744153032969,0
8406,0.5323387825954342,0
8407,0.2671019003391316,0
8408,0.4104501905263117,0
8409,0.17392400497151056,0
8410,0.5394529846871592,0
8411,0.18654782186098426,0
8412,0.12803726852687983,0
8413,0.03197167321769351,0
8414,0.11022510877619969,0
8415,0.6174725256224926,0
8416,0.6095150927462185,0
8417,0.47453349228616715,0
8418,0.47780314607237956,0
8419,0.8952234379837037,0
8420,0.19405711354857932,0
8421,1.249797543505577,0
8422,1.8439564711635748,0
8423,3.7710460642980452,1
8424,0.4917449046662816,0
8425,0.5822331126794588,0
8426,0.10112452269455567,0
8427,0.3493566524920311,0
8428,1.050127376597366,0
8429,0.5943624243632609,0
8430,1.5586439213192667,0
8431,0.896077415253548,0
8432,1.5111771683086468,0
8433,0.4925391371462477,0
8434,0.43184082739728585,0
8435,0.5395353748387655,0
8436,0.7829247081018023,0
8437,0.8124407324668251,0
8438,1.6374936217725007,0
8439,0.8095318239184046,0
8440,0.8359965892200709,0
8441,0.8503399043791509,0
8442,0.3425359995120454,0
8443,0.19679405335360114,0
8444,0.3173851305939345,0
8445,0.44126172105626515,0
8446,1.4506289987576635,0
8447,0.2856392526103729,0
8448,1.480842262171974,0
8449,1.38508254689097,0
8450,2.2055634822551786,0
8451,0.7987401113020693,0
8452,1.0618612137381853,0
8453,2.946255901237733,1
8454,0.9368525996327545,0
8455,1.3077548058515807,0
8456,1.5801681573959516,0
8457,1.6635003565283406,0
8458,0.5659522430290637,0
8459,0.6657832678567055,0
8460,1.215889374321708,0
8461,0.5170016087318868,0
8462,1.2913045516369792,0
8463,1.453446733904792,0
8464,1.040331556833751,0
8465,0.6793446441742683,0
8466,0.46848769707834814,0
8467,0.7139023606113751,0
8468,0.7407058663358136,0
8469,1.111845311115199,0
8470,0.9840956151230319,0
8471,1.0187214280366321,0
8472,0.283430790130211,0
8473,0.9060712289095543,0
8474,2.4947130695394555,1
8475,0.8410992360139247,0
8476,1.0449106141773705,0
8477,1.8965211079894353,0
8478,0.17193192812551147,0
8479,0.7156731891072499,0
8480,0.24008539223870842,0
8481,0.4950808169659571,0
8482,0.7698639043901878,0
8483,0.42657736751196484,0
8484,1.3237375718927622,0
8485,0.2541920512920237,0
8486,3.8051035452547426,1
8487,1.4445429067236428,0
8488,0.45859412210666584,0
8489,0.20996876397006914,0
8490,0.8947248391340876,0
8491,0.30471483042280045,0
8492,0.5341856385637642,0
8493,0.9455618386367088,0
8494,1.5980900035512253,0
8495,2.231508659838317,0
8496,1.1718828475212928,0
8497,0.16829155077992913,0
8498,0.17839318506126417,0
8499,0.23724932413215005,0
8500,7.411407640117053,1
8501,0.2541396456843038,0
8502,0.36637646257134976,0
8503,1.086637291699729,0
8504,0.1711978984927846,0
8505,0.4010683945561372,0
8506,0.29212555483056096,0
8507,1.957796623685607,0
8508,0.13744576751951804,0
8509,0.538471920973708,0
8510,0.43344985995077634,0
8511,0.5988119512242308,0
8512,1.0032804241006394,0
8513,0.6475883722109541,0
8514,0.6583971670376961,0
8515,0.5851789182276947,0
8516,0.10461973531470128,0
8517,0.6495142495631523,0
8518,0.5134969394487652,0
8519,1.9736438118771396,0
8520,0.6861138905372017,0
8521,1.6184915310554544,0
8522,0.15171977068158243,0
8523,0.6736868508111232,0
8524,2.275082141020599,0
8525,1.7470362485953366,0
8526,0.28039515606202114,0
8527,0.4997577315112622,0
8528,0.4244264480073682,0
8529,1.9510034287057731,0
8530,0.10175043158837312,0
8531,0.32103224499820704,0
8532,1.3220605832419543,0
8533,1.3211271864419418,0
8534,0.7889352844208201,0
8535,0.9914043056464316,0
8536,0.9065022789061115,0
8537,0.40397099174967,0
8538,0.4479989916720946,0
8539,1.1200332892740934,0
8540,1.5677880526342425,0
8541,0.6572481306725625,0
8542,1.361638362177159,0
8543,0.8730383441518175,0
8544,0.32538134190477097,0
8545,0.24150723055414586,0
8546,1.125380422840314,0
8547,0.6188532258298071,0
8548,1.5982818673502777,0
8549,1.3387403281254453,0
8550,0.18156590809614898,0
8551,0.480970516641373,0
8552,0.4491092311509178,0
8553,0.25883436456587083,0
8554,1.7280569606461895,0
8555,1.1413713202227653,0
8556,0.7117190072416217,0
8557,1.2023115752942704,0
8558,0.5872843772281794,0
8559,0.4421675124812586,0
8560,0.3403033699734194,0
8561,0.9488865221807963,0
8562,0.22665323994910885,0
8563,1.200924358901347,0
8564,0.9422709948668379,0
8565,0.5520423299587695,0
8566,0.7381397529158542,0
8567,0.28354844747204894,0
8568,0.41418403435377427,0
8569,0.9581144360905005,0
8570,0.23423334310415506,0
8571,1.1299194468141374,0
8572,0.31454027553735947,0
8573,0.783827270211426,0
8574,0.05880932857855938,0
8575,0.37128684313054683,0
8576,1.1598062524208301,0
8577,1.168162320005473,0
8578,0.8497286684310617,0
8579,0.39122426759196804,0
8580,2.219243203182994,0
8581,0.3756995527835417,0
8582,4.102586878001251,1
8583,1.3343191073762575,0
8584,1.0487020116071541,0
8585,1.411411218978627,0
8586,0.990887623007725,0
8587,0.7469050292069344,0
8588,0.8416460418241474,0
8589,0.21878225012643893,0
8590,0.8908764499262516,0
8591,0.7661297918958503,0
8592,1.1799003659736784,0
8593,1.159742730636895,0
8594,0.1043353817690242,0
8595,1.512556225215803,0
8596,1.8321454191610833,0
8597,0.9209543020661067,0
8598,0.3877509538621159,0
8599,0.8673577894729867,0
8600,0.9468450886288571,0
8601,0.8130447339125825,0
8602,1.6911196110941364,0
8603,0.19017921879587282,0
8604,0.19220188648922107,0
8605,1.834083033905486,0
8606,0.3265035538540804,0
8607,0.9111024247632521,0
8608,0.8190484355824512,0
8609,0.6526090543767175,0
8610,0.4065376566788312,0
8611,0.08678907132868446,0
8612,0.9832983269795902,0
8613,0.31473786517769253,0
8614,0.6884157950733725,0
8615,2.4253230958527237,1
8616,0.20639664667927468,0
8617,0.38542701693557124,0
8618,0.5037645118807312,0
8619,1.1910373584994212,0
8620,0.644983455632897,0
8621,0.2500041866754412,0
8622,0.2855044258128797,0
8623,0.3320805681368088,0
8624,0.8162251511093382,0
8625,1.9341876672011349,0
8626,0.3050503396106242,0
8627,0.9369430663186693,0
8628,1.8484578766924316,0
8629,0.6933252081827457,0
8630,1.4627843666703286,0
8631,0.3369799132983001,0
8632,1.6832667502692924,0
8633,0.3176012135232543,0
8634,0.2377396144667209,0
8635,0.3040015746712742,0
8636,0.3204883528511863,0
8637,0.971703763258855,0
8638,0.2976133977795298,0
8639,0.22185243932946,0
8640,0.5894582089572199,0
8641,0.6921100149901557,0
8642,1.5468911717353742,0
8643,0.2618326724030538,0
8644,0.7267428744091401,0
8645,0.4011191061187744,0
8646,1.2870676950755253,0
8647,0.40308251493543656,0
8648,0.5689445661773,0
8649,0.5542417001632757,0
8650,0.20534096124699336,0
8651,0.3972394865005202,0
8652,0.41199686083802123,0
8653,0.9236587519432001,0
8654,2.046902841378129,0
8655,0.6556759516120435,0
8656,1.947743920097711,0
8657,0.2357530238092195,0
8658,5.082950113164167,1
8659,0.1841148948110337,0
8660,0.32894782572982345,0
8661,0.8888602894993521,0
8662,4.470597350538406,1
8663,0.7802829667267088,0
8664,1.2249140596916503,0
8665,0.3150217891726824,0
8666,0.7037805617592765,0
8667,1.3846906387177889,0
8668,1.632158121540483,0
8669,0.4004440609689449,0
8670,2.226635558822646,0
8671,1.269633322567564,0
8672,0.36694773252052426,0
8673,0.3677535436762366,0
8674,2.3053878775782985,0
8675,0.38399658510474693,0
8676,2.4730152325700505,1
8677,2.9347968121308012,1
8678,1.4718980269980448,0
8679,0.1284479419272589,0
8680,0.29998541067221063,0
8681,1.5972064866087519,0
8682,0.33182360159207624,0
8683,0.5891967219936963,0
8684,0.8437179967763209,0
8685,0.14049314337232027,0
8686,0.15113643949888136,0
8687,0.3532279878801189,0
8688,0.30255884153921975,0
8689,0.3948618351106646,0
8690,0.5081268276735982,0
8691,0.48290152535260383,0
8692,0.2287242080078861,0
8693,0.3868973101852017,0
8694,0.7099807087628375,0
8695,0.8624642704720589,0
8696,0.5322975634797957,0
8697,0.35657992553030865,0
8698,1.2022421187019225,0
8699,0.8274905232687135,0
8700,1.3045818323392535,0
8701,1.606900321394198,0
8702,0.4530704188786183,0
8703,2.567811009735872,1
8704,1.4583251252128364,0
8705,0.9218090828873265,0
8706,5.287297782961453,1
8707,0.5217037033185408,0
8708,1.3698859328836643,0
8709,0.17238222170955161,0
8710,1.1040982360902958,0
8711,0.33698296916790615,0
8712,0.7479790131466689,0
8713,0.5133150961960051,0
8714,1.591121314231102,0
8715,1.3623603271697577,0
8716,2.1153515545677974,0
8717,0.45997662795967126,0
8718,0.28371507992181,0
8719,0.31490956298626005,0
8720,1.195549434508949,0
8721,0.43611586333883723,0
8722,1.1294051349842318,0
8723,0.516264774381597,0
8724,0.9903051677412253,0
8725,1.463598757114934,0
8726,0.269099731158987,0
8727,1.03324856695009,0
8728,1.3516173408287713,0
8729,0.19913682385392206,0
8730,0.9167472036374192,0
8731,0.27121810768915566,0
8732,1.0562373502708895,0
8733,0.3783820498244975,0
8734,0.33512752407530894,0
8735,0.4986779988891616,0
8736,0.34193078655396775,0
8737,0.3039470988592031,0
8738,0.6569830875358382,0
8739,0.9923636723538438,0
8740,0.29261470989388283,0
8741,0.35596754048030965,0
8742,1.2007026850295868,0
8743,0.804646221437981,0
8744,0.7561956416225396,0
8745,1.0614109598517316,0
8746,0.30234201678421624,0
8747,3.241314770122149,1
8748,0.2617652202847223,0
8749,0.17815333643292425,0
8750,0.4805493732752602,0
8751,2.9031313079022807,1
8752,0.4579635217413852,0
8753,0.303889106593112,0
8754,0.34200079670819006,0
8755,0.21460388390613033,0
8756,1.317728476446912,0
8757,0.30912424986117315,0
8758,0.636444273541172,0
8759,0.4954797022066401,0
8760,0.7864271196632512,0
8761,0.4895786197949265,0
8762,0.5308891510792798,0
8763,8.356753814598118,1
8764,0.1685221390365843,0
8765,1.3794178898377718,0
8766,0.07930156192707444,0
8767,0.30371992763177763,0
8768,0.3801770880822185,0
8769,2.4399732158497374,1
8770,1.271928647840749,0
8771,2.6768004953243705,1
8772,2.1359125082265322,0
8773,0.6078712459355051,0
8774,0.5450231335834178,0
8775,2.5901110434730406,1
8776,2.2176367744125063,0
8777,0.3250754243327957,0
8778,0.31110379139923594,0
8779,1.276380803093732,0
8780,0.5269192692412306,0
8781,0.5656294551984018,0
8782,1.115190492623536,0
8783,0.9293748650242277,0
8784,0.1330957488788746,0
8785,2.0003555094689247,0
8786,0.9810328633591958,0
8787,1.1000565127100639,0
8788,0.2298174215315719,0
8789,1.242916993037781,0
8790,1.5329617443917707,0
8791,1.5345463854121804,0
8792,0.4920479356480728,0
8793,1.6672174259166728,0
8794,0.6840328471678211,0
8795,1.2910379427738725,0
8796,0.3057385571073869,0
8797,0.4238239419818193,0
8798,2.1552959895507477,0
8799,0.754065120027952,0
8800,0.2734971058061553,0
8801,1.5508364259833134,0
8802,0.6732659842179538,0
8803,0.32859135628121605,0
8804,0.19830715025278817,0
8805,0.7130870394334995,0
8806,0.1865574240790433,0
8807,0.7255863504436016,0
8808,0.6294657884932378,0
8809,0.401708033894929,0
8810,1.2385649815323134,0
8811,1.4597601483843732,0
8812,0.3725732510764277,0
8813,0.6768591724717042,0
8814,0.6566701796687818,0
8815,0.5109546455446161,0
8816,0.5695081929765893,0
8817,0.6025167171181859,0
8818,1.135271073644264,0
8819,0.3206540624162026,0
8820,1.2074865846497054,0
8821,1.1632158553466234,0
8822,1.0670615776079295,0
8823,0.6261318876264329,0
8824,0.21304985682073027,0
8825,0.6603876621013788,0
8826,0.7497421290720189,0
8827,0.9375612041025333,0
8828,1.5409200983467948,0
8829,0.5707378998705538,0
8830,1.3485575416490925,0
8831,0.9674810400841812,0
8832,1.2999669108719627,0
8833,2.5259735802491106,1
8834,0.8430988924645397,0
8835,2.897312700810906,1
8836,2.3072874678787993,0
8837,0.6886041931959664,0
8838,1.1040855855499243,0
8839,0.9971720424982218,0
8840,0.2837455430633643,0
8841,0.4416875772225196,0
8842,1.3897539292193646,0
8843,3.7873083005708734,1
8844,2.1372862092703926,0
8845,0.928269514585908,0
8846,0.4791752632397447,0
8847,0.7790205656275716,0
8848,3.5986368135344735,1
8849,0.4984375767801347,0
8850,0.1748793024833705,0
8851,0.6723694339909103,0
8852,2.4083579664985986,1
8853,0.1534057353595363,0
8854,0.22036619954038153,0
8855,0.4154629883213986,0
8856,1.2255757343635625,0
8857,1.7064552300483578,0
8858,0.14962265712153197,0
8859,0.2142257608153229,0
8860,0.34410318369900905,0
8861,1.022177978702329,0
8862,0.19076564928280745,0
8863,0.3057924993383911,0
8864,1.5931959572916377,0
8865,0.536062231211389,0
8866,0.7368617353633141,0
8867,1.3330336992952525,0
8868,0.5975165442170512,0
8869,0.19621187013213687,0
8870,0.6012429999608588,0
8871,0.17676287908215324,0
8872,0.7309454708466604,0
8873,1.536578540295738,0
8874,0.8333036782413462,0
8875,0.189677786275009,0
8876,0.19145892071101875,0
8877,0.6097043087062308,0
8878,1.154577530597119,0
8879,9.989625650556661,1
8880,1.4811912383706027,0
8881,0.8120412096133895,0
8882,3.1049134755944157,1
8883,0.7031619710398292,0
8884,0.5010126820323434,0
8885,1.1437790737115472,0
8886,1.8094529216120279,0
8887,1.2893391374474596,0
8888,2.098111874642825,0
8889,0.9928099797833314,0
8890,0.8682374271261919,0
8891,0.5808926770968761,0
8892,0.24300904434549672,0
8893,0.8400969431252416,0
8894,0.3078675394859155,0
8895,0.520085629039831,0
8896,0.4093260005633209,0
8897,1.4576687958266992,0
8898,0.48512603446813596,0
8899,0.35468634068260607,0
8900,2.473014298113142,1
8901,0.7165956531822593,0
8902,1.237036771723471,0
8903,0.6883887907831092,0
8904,0.43826047638401294,0
8905,1.1911466994816542,0
8906,2.3213868817313017,0
8907,0.20527758273274116,0
8908,0.6505965329176115,0
8909,0.7390123025442351,0
8910,1.0056195485807287,0
8911,0.17893604278446032,0
8912,0.7874596381182799,0
8913,1.3663326573152124,0
8914,0.3757704119997837,0
8915,0.24032221978238216,0
8916,1.4594668106765618,0
8917,0.16264988860045498,0
8918,0.6593350484712709,0
8919,1.080794442601971,0
8920,0.11213516781650816,0
8921,0.39279501557813556,0
8922,0.5826341415874252,0
8923,2.2628702815355353,0
8924,0.41380388978388566,0
8925,0.9986687594067798,0
8926,0.62532840573869,0
8927,0.4104221325785181,0
8928,1.1523526813144485,0
8929,0.8073355933100113,0
8930,0.5658322958155297,0
8931,0.30930855557642667,0
8932,1.6107064239543765,0
8933,0.6777753132931179,0
8934,0.591675086766724,0
8935,0.7412539062144985,0
8936,1.2963509787024008,0
8937,0.5418022265820182,0
8938,0.45354617884206816,0
8939,1.0638683242337368,0
8940,1.0898567649350452,0
8941,0.46984172998594564,0
8942,0.7346263775751758,0
8943,0.46333757725967234,0
8944,0.5282955835421453,0
8945,0.43805959061008987,0
8946,0.31008031295637906,0
8947,0.4862068461741759,0
8948,0.17703364421306733,0
8949,0.5314568916230116,0
8950,3.2018808784150146,1
8951,0.31298236861806883,0
8952,1.17743280054087,0
8953,1.1459071448314577,0
8954,1.9609506640583334,0
8955,0.6292864074086657,0
8956,0.7655064378797611,0
8957,0.5830722089470672,0
8958,2.4709905451601992,1
8959,0.23889377940348497,0
8960,0.39415266088725104,0
8961,0.5762762440804271,0
8962,1.8146757666304634,0
8963,0.6609359974707829,0
8964,0.3960174560781794,0
8965,1.1601595857819673,0
8966,0.5685747846267876,0
8967,1.4263883459035065,0
8968,0.20938959884729424,0
8969,1.3407713552455036,0
8970,0.6184652023034012,0
8971,0.16084705473286123,0
8972,0.4988095512827007,0
8973,1.708498121433663,0
8974,1.6917150596731116,0
8975,1.3910750468254929,0
8976,0.6307395742687094,0
8977,3.2084240775873765,1
8978,0.98134032954733,0
8979,2.0118332680833197,0
8980,1.21378273227773,0
8981,0.5135340032802446,0
8982,1.9302522110186415,0
8983,0.7406269677813293,0
8984,1.5362103447808853,0
8985,0.28169575922453627,0
8986,2.225970023912212,0
8987,1.4750818835764246,0
8988,1.5515123995501146,0
8989,2.0267111768863315,0
8990,0.5856471296988995,0
8991,1.1574354083010427,0
8992,0.4702908311747215,0
8993,0.303660041429007,0
8994,0.8319840708029483,0
8995,0.20493454125346927,0
8996,0.5697431094529118,0
8997,1.7313808974657185,0
8998,1.1134359691739024,0
8999,1.1674176840616286,0
9000,0.7109397235109367,0
9001,0.7125306187955396,0
9002,0.32472011565416165,0
9003,0.3447933550412766,0
9004,1.2993609184143424,0
9005,1.1534509330361238,0
9006,0.8581407872590603,0
9007,1.0465264846505753,0
9008,2.4611104660870082,1
9009,1.2524892132935275,0
9010,0.4022202496984649,0
9011,1.784176533975571,0
9012,1.5974219102419904,0
9013,0.167479065334508,0
9014,0.9356847549994786,0
9015,0.41252883397891893,0
9016,0.6442553132902797,0
9017,1.1120183143430318,0
9018,0.41869170432782943,0
9019,1.246090528055312,0
9020,0.17840773661072068,0
9021,0.41915122044449526,0
9022,0.9458713643096223,0
9023,1.545871169142106,0
9024,0.4477565161723877,0
9025,0.10060004794613871,0
9026,0.51816645852153,0
9027,2.0316783789059425,0
9028,1.1689649866366243,0
9029,1.1207726809845338,0
9030,0.2790830922461097,0
9031,1.6818265239555494,0
9032,0.7254855759489066,0
9033,0.6839524267767768,0
9034,1.6620468999582727,0
9035,1.8065552884587415,0
9036,0.25210893592654393,0
9037,0.4240879277004675,0
9038,0.6666842761028862,0
9039,1.3335180947432583,0
9040,1.2605822856679345,0
9041,1.0566105272774189,0
9042,0.8374311256036107,0
9043,0.7893734905976938,0
9044,5.419713867139485,1
9045,0.9517597183627003,0
9046,0.8341421479020148,0
9047,1.252265874695539,0
9048,0.30938961668656606,0
9049,0.7604111014244888,0
9050,0.22105713231884802,0
9051,0.23773864491705918,0
9052,1.9153283309693152,0
9053,0.36683576226467307,0
9054,0.9790830265608393,0
9055,1.3740494352781427,0
9056,0.17527330746055195,0
9057,1.2203456939964024,0
9058,1.4061760055536259,0
9059,0.26789595637745905,0
9060,0.5348369655916889,0
9061,1.6155268700301864,0
9062,0.3878184430636721,0
9063,0.605590616438282,0
9064,0.3660815039879872,0
9065,0.21219569198288868,0
9066,1.3243162131180668,0
9067,0.4080988780752575,0
9068,1.4361894696141537,0
9069,0.34051227714132426,0
9070,0.48978560385786024,0
9071,0.8837190999647454,0
9072,2.1730053459219847,0
9073,0.759312235416453,0
9074,0.36688457080608095,0
9075,0.3896584231231584,0
9076,0.47950681285717556,0
9077,2.291188833092492,0
9078,0.8845360028125124,0
9079,3.3764311243467495,1
9080,0.5770709130324274,0
9081,1.2941441777947553,0
9082,0.512966462736699,0
9083,1.7065513153496994,0
9084,0.2336681212982401,0
9085,0.9345324510252813,0
9086,0.19378402774771872,0
9087,0.6181252915173866,0
9088,1.5662474612789015,0
9089,4.7688835567342,1
9090,1.0150359148076942,0
9091,0.8458351217718139,0
9092,0.9614195000908088,0
9093,1.438702428605349,0
9094,1.2903604685922336,0
9095,0.2751986240436083,0
9096,1.3084132240525363,0
9097,0.3158384886185626,0
9098,0.5310613920060497,0
9099,1.1580006135480336,0
9100,0.0815670685269713,0
9101,0.8253779164268389,0
9102,0.7805003097778493,0
9103,1.2899079562752684,0
9104,1.0621823172732923,0
9105,0.518478837039966,0
9106,0.5677878993083932,0
9107,0.8009306686336257,0
9108,0.31466427627309085,0
9109,1.2673464665125054,0
9110,1.2014397021273413,0
9111,1.7710780513673732,0
9112,0.4384688859025859,0
9113,3.289147825384842,1
9114,0.8618659420950223,0
9115,1.2818526460125548,0
9116,2.0535399156696434,0
9117,0.3593241508945318,0
9118,1.2282351600895747,0
9119,1.6739878402865043,0
9120,0.33254308950456346,0
9121,0.17956024679459878,0
9122,0.8272098976186097,0
9123,0.8396152159948169,0
9124,1.1850246955657595,0
9125,0.6474286276404468,0
9126,0.6373753738512705,0
9127,1.3009872436875873,0
9128,0.9614255743649999,0
9129,0.40478171630157467,0
9130,0.4425132328584767,0
9131,0.2660981311258947,0
9132,0.6391906461658522,0
9133,1.2618036842768432,0
9134,1.4905901088943554,0
9135,2.434854435353133,1
9136,1.1777243771742296,0
9137,1.0617232673661534,0
9138,1.6996491876869044,0
9139,0.9751911002788691,0
9140,0.3373719658392237,0
9141,2.4389522522146567,1
9142,0.5528775353485381,0
9143,0.2879382484650953,0
9144,0.3619184483665546,0
9145,1.0394394251181367,0
9146,0.8844088462818332,0
9147,1.4958085717247513,0
9148,1.3809253407422752,0
9149,0.728475291676451,0
9150,0.3908492830996998,0
9151,2.5449573465304947,1
9152,0.8019146875493863,0
9153,1.7122778494397142,0
9154,2.40179609193222,1
9155,0.5205954815458487,0
9156,0.4063807251276785,0
9157,0.6505968388135411,0
9158,0.3401678919031566,0
9159,0.26517641509423184,0
9160,0.5255150929502442,0
9161,3.016207138658254,1
9162,0.40132397489823435,0
9163,0.7491882071204796,0
9164,0.6892946295030662,0
9165,1.0855039514503584,0
9166,0.9143794254125293,0
9167,1.9377232288935526,0
9168,0.43679383718962084,0
9169,0.3547186835415907,0
9170,0.7722955914617737,0
9171,0.39635400802101806,0
9172,1.534363577918438,0
9173,0.18077122473097332,0
9174,0.34653255047074644,0
9175,1.6131172697085348,0
9176,0.5089722409495537,0
9177,0.7360307413016836,0
9178,0.15259249052809118,0
9179,0.9509199867975049,0
9180,1.0835055961385567,0
9181,0.40330822905465447,0
9182,0.24528856951598194,0
9183,0.23196842744394014,0
9184,0.29740293717574173,0
9185,1.0033920656919235,0
9186,0.24884960003448042,0
9187,1.1108530988128065,0
9188,0.7109786702298881,0
9189,1.1454176447183944,0
9190,0.9518179438955265,0
9191,4.545039451171904,1
9192,0.8436114933527327,0
9193,1.744358995354259,0
9194,3.1082357955898305,1
9195,0.7970887203402521,0
9196,0.6335699227976725,0
9197,1.2949233780879863,0
9198,1.112376575095364,0
9199,0.4610712896292875,0
9200,2.2521746609643953,0
9201,0.4469089107568191,0
9202,0.9245859834505911,0
9203,1.7122884936819553,0
9204,0.45728281983798186,0
9205,0.1879735655863926,0
9206,0.9175909131641244,0
9207,0.9899397759481253,0
9208,0.5621698461233908,0
9209,1.1625876188570814,0
9210,1.9358443486033377,0
9211,1.2611459068323423,0
9212,1.0366984568119348,0
9213,3.1380680865106103,1
9214,1.213854941713615,0
9215,1.8809486600139291,0
9216,1.583615395761838,0
9217,1.0317480246622133,0
9218,0.7739136897471104,0
9219,0.7395371335341612,0
9220,2.6436853655754105,1
9221,0.11761865715719359,0
9222,0.5076894814885116,0
9223,0.2992529847420451,0
9224,0.33646056471667124,0
9225,1.0635206282161154,0
9226,1.0094754759695135,0
9227,1.9134084790220673,0
9228,1.0046437690463406,0
9229,0.6335563015755554,0
9230,0.1012777112817318,0
9231,1.7787593869615375,0
9232,0.9613621485737127,0
9233,1.2570478780592236,0
9234,0.8752631753204778,0
9235,0.30889231847927184,0
9236,0.6582771435776513,0
9237,0.8936445933489932,0
9238,2.3956251002436364,1
9239,1.5361547309032129,0
9240,1.047466235508394,0
9241,1.0573194677631725,0
9242,0.9196610151834097,0
9243,1.023679113476796,0
9244,0.47073218698479835,0
9245,0.8912071657824873,0
9246,0.7145465000219487,0
9247,1.4673489209480848,0
9248,0.6894296794719719,0
9249,0.6842657391324225,0
9250,1.7786236584433197,0
9251,0.22413526100287076,0
9252,0.6182517602855164,0
9253,0.7275506615919793,0
9254,0.3963561985508575,0
9255,1.234935769076527,0
9256,1.6885167699067387,0
9257,0.4332646929892567,0
9258,0.15411998418588754,0
9259,1.3128414243744264,0
9260,0.6217386015735196,0
9261,0.31664013952579656,0
9262,0.20255628133501272,0
9263,2.353743557403536,1
9264,0.8756565364048079,0
9265,0.12041231251065021,0
9266,0.5726222387886023,0
9267,0.270694188362611,0
9268,0.9433809394000722,0
9269,0.14011182886466372,0
9270,0.5339689404367622,0
9271,0.543657699137922,0
9272,0.24507291761374708,0
9273,0.8306386117397986,0
9274,0.7016533179811092,0
9275,0.6271548125284178,0
9276,1.263088762575188,0
9277,0.21646651531238859,0
9278,4.357921796177223,1
9279,1.2933859570972,0
9280,1.7822305379010508,0
9281,0.8603826822062697,0
9282,0.8410624142745451,0
9283,2.971496528166589,1
9284,0.08423567274619599,0
9285,0.2782040496640229,0
9286,0.44859098999772795,0
9287,1.6904511157226998,0
9288,0.49829896238508364,0
9289,3.2176736388270855,1
9290,0.4826463447708346,0
9291,2.144860962438536,0
9292,1.8043720772526037,0
9293,0.9868950201519624,0
9294,2.3394886660398404,1
9295,0.9293776206258919,0
9296,0.38385603168474713,0
9297,0.5603576800718627,0
9298,0.179388356407634,0
9299,0.6673635205469447,0
9300,0.8579607839662365,0
9301,0.8105027122496514,0
9302,0.39133054262093986,0
9303,2.8603248806720964,1
9304,0.2479752912703579,0
9305,1.9123950251970243,0
9306,1.1901486691099945,0
9307,0.5532712189056912,0
9308,1.737506411734128,0
9309,0.5967562758304642,0
9310,1.2175357488171477,0
9311,3.738507391942438,1
9312,1.065415671337406,0
9313,1.3235374808602418,0
9314,0.6065401896000127,0
9315,1.8919539906918814,0
9316,2.0517466866364877,0
9317,1.718452788853457,0
9318,1.5822043753143133,0
9319,1.1712215283961256,0
9320,0.3858661684066068,0
9321,7.337825300911183,1
9322,0.11891436673570525,0
9323,3.5351789508610403,1
9324,1.203406549826159,0
9325,1.3039245042980334,0
9326,0.38027902123508833,0
9327,1.0816987917858465,0
9328,1.2892855957446137,0
9329,1.6937205516063156,0
9330,0.45436642935980326,0
9331,0.601982047749412,0
9332,1.5487681777882645,0
9333,1.5701128394513935,0
9334,0.1239999521192611,0
9335,0.9428345731174363,0
9336,0.5294072616630908,0
9337,0.47484241844463676,0
9338,0.25500462102320937,0
9339,1.4819641437405153,0
9340,0.3881578301626806,0
9341,0.30352708362533387,0
9342,0.22130140545761204,0
9343,1.9128508255648384,0
9344,0.634546778262273,0
9345,2.3566192586534145,1
9346,0.13773185756400158,0
9347,0.20307582589571455,0
9348,0.734476413378713,0
9349,0.609061185028773,0
9350,1.3595854770995646,0
9351,0.469236180953159,0
9352,0.7506173334891635,0
9353,0.7383824976780977,0
9354,1.2295867643717806,0
9355,0.6747695875031948,0
9356,0.16302088206180898,0
9357,1.6674231418899885,0
9358,1.0935687826794664,0
9359,3.9274685773276685,1
9360,0.3084873925785064,0
9361,0.37097451526983993,0
9362,1.7668111897494008,0
9363,2.654993298192041,1
9364,0.3896861307908102,0
9365,0.45924749446249136,0
9366,0.2493105658422813,0
9367,0.34606447911626886,0
9368,0.7098493440508665,0
9369,1.651466721658108,0
9370,0.8175668688647868,0
9371,1.1636347507493867,0
9372,0.7880237304108242,0
9373,0.6353905349963901,0
9374,0.24742755807698485,0
9375,0.19291996934856098,0
9376,1.4923556674759377,0
9377,0.3351858669808566,0
9378,0.6228190858802775,0
9379,2.116563198349033,0
9380,1.2343640815125316,0
9381,1.4195898674569858,0
9382,0.4592867962133157,0
9383,0.28089685537800485,0
9384,0.8583747204294495,0
9385,0.5706594194918928,0
9386,1.9814703810985137,0
9387,0.9590236003565552,0
9388,0.8063990333925954,0
9389,0.43146000407050006,0
9390,3.7742155237785653,1
9391,1.03719210323044,0
9392,1.029007427034351,0
9393,0.5075907328921547,0
9394,2.006549116270149,0
9395,1.4107533551612577,0
9396,0.5667910780861986,0
9397,0.17459828633845867,0
9398,0.9965941832873089,0
9399,1.068947589878561,0
9400,0.2297660009772558,0
9401,0.43691634538657087,0
9402,0.09738665013051317,0
9403,1.8925286632607645,0
9404,0.274972567781679,0
9405,0.787755746788276,0
9406,0.5846397850534676,0
9407,0.13938845296692892,0
9408,0.6766407363510949,0
9409,1.8780492148127936,0
9410,1.5833540776655306,0
9411,0.5915640396646973,0
9412,0.23968649219813826,0
9413,0.6709861388667291,0
9414,0.44986460240785486,0
9415,1.988880714545085,0
9416,0.5081638676119326,0
9417,1.655936036241613,0
9418,2.5362677723007616,1
9419,3.0331545689911192,1
9420,0.2607647266612748,0
9421,0.8727913910906058,0
9422,2.4697779892344793,1
9423,0.33893619369818057,0
9424,0.5851839820640764,0
9425,0.9951246542644206,0
9426,1.3871529883961027,0
9427,0.8721530535131226,0
9428,1.2133718042903592,0
9429,1.3995423498447737,0
9430,1.1317691133609664,0
9431,1.3929895914134924,0
9432,0.6257831109738191,0
9433,0.3591395280776692,0
9434,0.6199959884368883,0
9435,2.2145231012348803,0
9436,0.26310181850920333,0
9437,0.8489825318448873,0
9438,1.2070093938746012,0
9439,0.619140376977481,0
9440,1.515806489739441,0
9441,0.3612248375631129,0
9442,0.2336437575397076,0
9443,0.5415206027788276,0
9444,1.3472873488855364,0
9445,1.2150559534161094,0
9446,1.5065018463003503,0
9447,0.1942773652634584,0
9448,0.7383277246524202,0
9449,0.608576781262466,0
9450,2.2459976021370407,0
9451,0.4848945120801478,0
9452,0.39524112895407804,0
9453,0.7084267964808026,0
9454,0.13791951044762102,0
9455,0.4280678713881657,0
9456,2.6044795077765297,1
9457,1.5865382234217684,0
9458,0.32480525160214135,0
9459,1.2530037328222043,0
9460,0.7177342623305072,0
9461,1.229684873134222,0
9462,0.8346340091929261,0
9463,0.45298482168398124,0
9464,0.23032548090180235,0
9465,0.47719215561191886,0
9466,1.0543626380832523,0
9467,0.558247785609937,0
9468,0.24137834139226017,0
9469,0.14940555897055285,0
9470,0.5307047760367123,0
9471,1.1523120973926018,0
9472,1.8086665075945194,0
9473,0.7289470627104949,0
9474,0.33313576935065503,0
9475,0.1859964456288376,0
9476,0.9835346165592032,0
9477,0.751441349159232,0
9478,1.0931810630143641,0
9479,0.21727470164068907,0
9480,1.212383743443923,0
9481,0.51253518765458,0
9482,3.3514988230279443,1
9483,0.9090198102223208,0
9484,1.1919650464773874,0
9485,0.35759961001446744,0
9486,1.0843795116634234,0
9487,1.529187086309244,0
9488,1.029740826686856,0
9489,0.7350265090113707,0
9490,1.086895736657797,0
9491,0.29869266790647325,0
9492,2.1636867909771715,0
9493,0.32164899454916485,0
9494,1.4204967882837731,0
9495,0.22679896618770784,0
9496,0.6695155670480197,0
9497,0.935523118912349,0
9498,0.398539597745753,0
9499,1.0385642467625966,0
9500,0.8056783838307467,0
9501,0.5543341023483485,0
9502,0.7753581956701263,0
9503,2.5194945270214584,1
9504,0.8333917441084079,0
9505,1.5283046311171187,0
9506,0.10592582820556976,0
9507,1.4168892696067483,0
9508,0.5993940159410354,0
9509,0.35818649281227116,0
9510,1.4295183661705884,0
9511,0.18871108080887905,0
9512,0.817561535234901,0
9513,2.8531483018221815,1
9514,1.15485710742355,0
9515,0.29149464166212924,0
9516,1.5560090117399796,0
9517,0.34569623712712183,0
9518,0.7782275624361599,0
9519,1.172999449898811,0
9520,0.48602365063027664,0
9521,4.212482674788847,1
9522,0.3627722959324487,0
9523,0.22238248679134748,0
9524,0.38007760496974335,0
9525,0.8442168590826394,0
9526,0.9073451768660743,0
9527,0.8235117322996327,0
9528,0.21329248103663917,0
9529,1.2632513229195828,0
9530,1.251768669275021,0
9531,0.16777350863442528,0
9532,0.5073185128270651,0
9533,0.8374617687488748,0
9534,0.538539225451115,0
9535,1.0057114985716094,0
9536,0.29286792237344905,0
9537,0.7121090832020514,0
9538,0.7012477172463534,0
9539,0.2698977259472342,0
9540,0.8275007643966491,0
9541,0.5862803736279039,0
9542,0.8303201330593429,0
9543,0.8984874668701959,0
9544,0.13752371361996032,0
9545,0.7430279682272295,0
9546,0.5485636516535564,0
9547,3.752938155633256,1
9548,1.0149794598413375,0
9549,0.30028081260834005,0
9550,0.4035069515334825,0
9551,0.4968044892960838,0
9552,0.21835345703501208,0
9553,0.6329373300379914,0
9554,0.3307975936051738,0
9555,2.759230980424376,1
9556,2.2938498016309863,0
9557,0.28784492579795873,0
9558,0.4376089943426966,0
9559,0.438842104645145,0
9560,1.0498238013825696,0
9561,0.3746378765301564,0
9562,1.1499571185749646,0
9563,0.5459289150129578,0
9564,2.163096853730272,0
9565,1.563638541732224,0
9566,0.5271263953971116,0
9567,0.09710210816977594,0
9568,0.2677227282078577,0
9569,0.5442957293610249,0
9570,0.8826777812119218,0
9571,0.2640297393102491,0
9572,1.3497000918323354,0
9573,1.0122094818256333,0
9574,0.6573817171968427,0
9575,1.7059761271800151,0
9576,0.18192027116052834,0
9577,0.2709023051373074,0
9578,0.6258582542838507,0
9579,1.0865030467472352,0
9580,0.26728343463963283,0
9581,0.27138451946068026,0
9582,1.157400239281856,0
9583,0.3518649019336823,0
9584,0.7697724155276306,0
9585,0.9956695987884056,0
9586,0.6239738105795525,0
9587,1.2338036467437685,0
9588,2.2063096508654945,0
9589,0.6967126337288552,0
9590,0.3878275874291163,0
9591,0.325992405248578,0
9592,0.591075057848873,0
9593,0.5674038823624883,0
9594,0.22611633696162534,0
9595,2.2447041122231366,0
9596,1.2453992481440257,0
9597,0.48456072936129,0
9598,1.216154262336545,0
9599,0.6456566844384566,0
9600,0.21069267291603055,0
9601,0.8936132320433599,0
9602,0.6631070054439678,0
9603,0.4482723682689402,0
9604,2.14814766696745,0
9605,0.7747231345697594,0
9606,0.4723546028776651,0
9607,0.8177033164244565,0
9608,0.3891602720745723,0
9609,0.21814015343005022,0
9610,0.5867633218317418,0
9611,1.035285719271686,0
9612,0.4800143653307816,0
9613,0.7138390060748815,0
9614,1.2936172493252844,0
9615,0.6766087565779682,0
9616,1.3711411792154997,0
9617,0.257606194427929,0
9618,0.9881954769964612,0
9619,0.1735791816929747,0
9620,1.2707321111292966,0
9621,1.3290410742969267,0
9622,0.6076728665866504,0
9623,0.6414134818044464,0
9624,0.9804822854420394,0
9625,0.495404621401539,0
9626,0.8683536809201804,0
9627,1.5522127032834863,0
9628,1.4575983975364606,0
9629,1.562104875404502,0
9630,1.288576169258676,0
9631,2.7756700503059157,1
9632,1.9805765583475305,0
9633,0.31825804510708655,0
9634,0.2099192489746719,0
9635,1.548601510453511,0
9636,0.8733105223252215,0
9637,0.3046872926975989,0
9638,1.3872782692752594,0
9639,1.2709475567356843,0
9640,1.0616212148366353,0
9641,0.3443572371575857,0
9642,0.97256471121561,0
9643,0.3059020637270862,0
9644,0.11950727611303254,0
9645,0.7032856509682743,0
9646,0.42038254291270033,0
9647,1.309620726350978,0
9648,0.8580802815051675,0
9649,0.22775835264031502,0
9650,0.9226760337763871,0
9651,0.7953693096376458,0
9652,0.5053463279115469,0
9653,1.5160029330861111,0
9654,0.900070060223998,0
9655,0.17684296057488047,0
9656,1.7673862516785703,0
9657,0.416912984752096,0
9658,0.7742218349428787,0
9659,0.8632951771400634,0
9660,0.3383751300283279,0
9661,0.2833756659867758,0
9662,0.3194515367617055,0
9663,1.3431920806503805,0
9664,0.6657546113118495,0
9665,1.2546895794857815,0
9666,0.12993782040477111,0
9667,1.0611423568500893,0
9668,3.293816887268327,1
9669,0.896478268068934,0
9670,0.7432735136825506,0
9671,2.0062352065520788,0
9672,1.9308598353021285,0
9673,1.1043927822980133,0
9674,1.0046293264636585,0
9675,0.9056168036051069,0
9676,0.3846307002195683,0
9677,1.2759723643719105,0
9678,0.3053446247900411,0
9679,0.6012702259395238,0
9680,1.188845187069526,0
9681,2.0164233276243335,0
9682,0.31459687242209367,0
9683,1.342666162757654,0
9684,1.3457432124760398,0
9685,1.472998478311093,0
9686,0.18686108291867762,0
9687,0.5228711915985316,0
9688,0.7414400524493538,0
9689,0.14492792023605422,0
9690,0.8834237485320771,0
9691,1.0190243427885266,0
9692,0.2328721049006738,0
9693,1.4257364212643544,0
9694,0.9870241826447069,0
9695,0.28493195624104856,0
9696,0.41553724587995966,0
9697,0.4460978823078885,0
9698,0.5880142530557813,0
9699,0.8559132342216451,0
9700,0.9494412734648854,0
9701,0.3986799296650155,0
9702,0.19260662602038456,0
9703,0.3388417715065054,0
9704,0.5579547078180418,0
9705,0.658170804638544,0
9706,0.8659181361409383,0
9707,0.7287704479301818,0
9708,1.0325473558710807,0
9709,1.555001877265256,0
9710,0.6794426737316339,0
9711,0.21673180871664072,0
9712,0.74322189521926,0
9713,1.35746906080202,0
9714,0.9906660770358842,0
9715,1.4527967761449563,0
9716,0.7133606227210708,0
9717,1.0400647140860428,0
9718,0.8149693488284422,0
9719,2.626228985784521,1
9720,1.270950965311555,0
9721,1.4256151923532312,0
9722,2.8458257204082296,1
9723,1.0093350552871416,0
9724,0.7023136350903467,0
9725,0.23743468378891408,0
9726,0.1811956861649692,0
9727,0.27701159038297607,0
9728,0.540184236076289,0
9729,1.2728820441484943,0
9730,0.3058317365088707,0
9731,1.3428503084339312,0
9732,0.6812253409429221,0
9733,0.2520173902397219,0
9734,0.21810553310499,0
9735,0.5324895630826487,0
9736,0.4573058669603608,0
9737,0.29828979393065824,0
9738,1.9520250215161146,0
9739,0.42658905553411525,0
9740,0.2025125704707252,0
9741,0.2856081028947461,0
9742,1.8950921542105945,0
9743,0.7969443798607424,0
9744,0.22981141318741152,0
9745,1.8500189081726326,0
9746,0.5131266334956595,0
9747,0.4820567165611491,0
9748,0.8156722884355071,0
9749,1.5601835370608597,0
9750,0.4243581352538607,0
9751,0.7314232915106879,0
9752,0.46896593982540563,0
9753,0.2154108630040657,0
9754,0.15398687352909,0
9755,1.3896401494461303,0
9756,1.2748666727590336,0
9757,0.6045924541979394,0
9758,0.5471606804140103,0
9759,1.027956682598282,0
9760,1.1519260728677176,0
9761,6.043915006127025,1
9762,0.5317955658992457,0
9763,2.9324834402549667,1
9764,1.0952797235703258,0
9765,0.4301616132243275,0
9766,0.7988597723554648,0
9767,0.5387626861288445,0
9768,1.6548851667867044,0
9769,1.5883230946830549,0
9770,1.3164390218170972,0
9771,0.4994934492187039,0
9772,1.4421649071519667,0
9773,0.3956411696261565,0
9774,0.6739374196494816,0
9775,0.19266701585643978,0
9776,0.5631974946047165,0
9777,1.1551390151021461,0
9778,0.6495233387701709,0
9779,2.183757079297056,0
9780,0.260956643536472,0
9781,0.6171244496170708,0
9782,0.20853034266988507,0
9783,0.19899221033735454,0
9784,0.34038731357659713,0
9785,0.6917089933173202,0
9786,0.9458198925909767,0
9787,1.1172644810663153,0
9788,1.1818717196973858,0
9789,2.651894586136489,1
9790,1.4025352225173795,0
9791,0.5891165078042511,0
9792,0.3739238996486483,0
9793,2.990612467191305,1
9794,1.0395128804501619,0
9795,0.7524583345796024,0
9796,0.2180365711678464,0
9797,0.787673975914568,0
9798,0.7579174650761636,0
9799,0.9274214232146794,0
9800,0.1723574260938528,0
9801,0.38917643553104897,0
9802,0.4692856999501755,0
9803,1.235227715910322,0
9804,0.6635402576032277,0
9805,0.2575432219392189,0
9806,0.31195638292432043,0
9807,0.8142317313429357,0
9808,1.0529490325035415,0
9809,0.3095126329365507,0
9810,0.5491856932338088,0
9811,0.742099574449159,0
9812,1.398186275882951,0
9813,0.2878334240592716,0
9814,0.5127781612521476,0
9815,1.2374819676731703,0
9816,1.5817954113996193,0
9817,0.2319295924967763,0
9818,0.5155784532668795,0
9819,0.22545578980186268,0
9820,0.8333859320189909,0
9821,0.8448146170247781,0
9822,1.3061515049568462,0
9823,0.22730753919838645,0
9824,0.21172662168810225,0
9825,2.3247180342218736,1
9826,1.524490592395535,0
9827,0.8366907246029249,0
9828,0.5873906854611617,0
9829,0.7407666913040003,0
9830,2.6440374827639035,1
9831,0.29217684902692215,0
9832,0.9705677523998218,0
9833,1.1125397498838319,0
9834,2.3564050523807056,1
9835,0.6924760834845223,0
9836,1.8095245429748754,0
9837,1.8250014880750527,0
9838,0.49561853536813266,0
9839,0.20227027624289798,0
9840,1.4685743277526027,0
9841,0.9069262640157307,0
9842,1.7575908061806058,0
9843,0.7900982877484409,0
9844,1.57766929730545,0
9845,0.953508417918471,0
9846,1.8739096052093174,0
9847,0.5564800553664735,0
9848,0.9184392796015637,0
9849,0.2146201347069848,0
9850,0.4814987396496398,0
9851,1.4608062808757811,0
9852,0.23136985140745603,0
9853,0.26717442798405433,0
9854,0.19361286825213725,0
9855,0.8753188007359366,0
9856,1.3349201776083857,0
9857,1.221547918194678,0
9858,0.3149964699702736,0
9859,0.3528726392682212,0
9860,0.9800551229273682,0
9861,3.80135431449857,1
9862,0.8547492952466413,0
9863,1.058291069284829,0
9864,0.16403757218802215,0
9865,0.7837920588947729,0
9866,1.1024252696449246,0
9867,0.747330520462519,0
9868,1.0142355263818197,0
9869,0.6245076772422776,0
9870,0.5146891442308432,0
9871,0.6256175155735494,0
9872,0.14071371578455827,0
9873,0.4995758348482296,0
9874,0.23961591112764286,0
9875,0.32595224170494813,0
9876,0.9658063362065192,0
9877,2.4356016090365107,1
9878,0.6771264592963575,0
9879,0.13934328946200664,0
9880,1.1291165339405713,0
9881,0.7157893761032726,0
9882,2.0126475473599053,0
9883,0.3685346079752786,0
9884,0.5442560981599123,0
9885,1.6570162156474773,0
9886,0.428927827103181,0
9887,2.26557240011372,0
9888,1.1543005491324643,0
9889,0.4128399796298776,0
9890,1.049837612641912,0
9891,0.38336455793691726,0
9892,1.5183035153371904,0
9893,0.7000385244943801,0
9894,3.464679786141969,1
9895,0.49575931568687526,0
9896,1.0404957435405695,0
9897,1.0066925639579094,0
9898,2.571465276024101,1
9899,0.7577425540253647,0
9900,0.46595229894221885,0
9901,1.5945280818075211,0
9902,1.113058807740508,0
9903,0.20585644098362194,0
9904,0.608004545438875,0
9905,0.6577904684362841,0
9906,1.92049122558406,0
9907,0.2997898455726725,0
9908,0.6814669613137786,0
9909,1.1337758941008171,0
9910,0.3397599090151764,0
9911,2.8105287961567136,1
9912,0.4977217118685955,0
9913,0.6758374427778551,0
9914,2.638900208912246,1
9915,0.24311410339707887,0
9916,1.3290927396771282,0
9917,1.201193283902318,0
9918,0.865684163471724,0
9919,0.6950024791402186,0
9920,2.213919109978632,0
9921,0.29214354313035346,0
9922,1.240900707876379,0
9923,0.21212994289580553,0
9924,0.23623528165218505,0
9925,0.6258197349583852,0
9926,0.205471361987947,0
9927,2.0959520920867254,0
9928,0.8737499019432743,0
9929,0.13375585697178954,0
9930,0.9667658678345854,0
9931,1.2017744172206375,0
9932,0.6046721372695604,0
9933,0.8903862599179423,0
9934,0.6984327014425482,0
9935,0.2710736718879752,0
9936,0.19599739728509702,0
9937,0.8505903884674779,0
9938,0.4096853599841529,0
9939,0.7605782229726837,0
9940,1.396230919794932,0
9941,0.2616591648271498,0
9942,0.9487141234708142,0
9943,0.5014377040623204,0
9944,0.3509835722612743,0
9945,0.8174618461147777,0
9946,0.3685391858186044,0
9947,0.5286632411515113,0
9948,0.32910694179275607,0
9949,0.7023830080294887,0
9950,0.8778260582621487,0
9951,0.7447805965348234,0
9952,0.6694279179884656,0
9953,0.6152326382261177,0
9954,1.2369396034161173,0
9955,0.7760611630289831,0
9956,1.1625877129434294,0
9957,1.1404700899568085,0
9958,1.7636639564723489,0
9959,0.9573011455518555,0
9960,0.3322417499170033,0
9961,0.6724615920089256,0
9962,2.0747850275438546,0
9963,1.3413275777481135,0
9964,1.5596360789106067,0
9965,0.33470254984719805,0
9966,0.6191976623463875,0
9967,0.21661472950760285,0
9968,1.0421210840187378,0
9969,0.41720755861695735,0
9970,0.19598973856492613,0
9971,0.435981152965449,0
9972,0.3587045445558516,0
9973,1.3618344405523317,0
9974,0.33070773946792326,0
9975,0.26956893427738005,0
9976,1.1708460227059887,0
9977,2.8890506564584384,1
9978,0.6892464001419212,0
9979,1.9997471583406417,0
9980,0.3486372714023831,0
9981,0.5801928293520093,0
9982,0.6222487219523684,0
9983,0.3837267435322279,0
9984,1.237533735087863,0
9985,1.0881790841644485,0
9986,0.36904515174881547,0
9987,0.5746919356309248,0
9988,0.7529186311962982,0
9989,1.9463205845616236,0
9990,0.44889470151075167,0
9991,0.7946302158147835,0
9992,1.484573671459758,0
9993,0.28210958058003544,0
9994,0.700403386664368,0
9995,0.13701784819147592,0
9996,0.23372316130829662,0
9997,1.251427059520524,0
9998,0.7867061727051473,0
9999,0.25914881495767383,0
10000,0.15992531909445643,0
10001,0.2484886634916256,0
10002,0.17500024134562628,0
10003,0.36310656737094354,0
10004,1.2507421932966012,0
10005,0.428634802576493,0
10006,0.7762247318997867,0
10007,0.7345972879173834,0
10008,0.7687416282965573,0
10009,0.6103858434052635,0
10010,0.3931953771515769,0
10011,0.7865541333371108,0
10012,0.6423895297672837,0
10013,1.1836776595877,0
10014,0.36144439412536833,0
10015,0.788655146446762,0
10016,0.7039894408377154,0
10017,2.755993994617176,1
10018,0.5932763502960082,0
10019,0.3406171847295123,0
10020,0.5958746217657294,0
10021,2.3789257298128907,1
10022,0.539571840923923,0
10023,1.2873755471709853,0
10024,0.4227447438475142,0
10025,0.16256777563927355,0
10026,0.45374520046349465,0
10027,0.7051135469665455,0
10028,0.9025198478836749,0
10029,1.6540498454237345,0
10030,1.047809941717805,0
10031,0.9627494018495207,0
10032,1.0922738903230944,0
10033,1.6100556201856524,0
10034,2.912821063580557,1
10035,0.8298938818587704,0
10036,1.0507508817863382,0
10037,1.4403408285660417,0
10038,1.180984777315066,0
10039,1.8337678574929548,0
10040,1.9164026730953139,0
10041,2.6681722235508003,1
10042,1.1236485652422503,0
10043,0.2504647042903302,0
10044,0.17363414700199228,0
10045,0.22039828096785738,0
10046,0.3448760607894048,0
10047,0.4287048060355761,0
10048,1.028732050216128,0
10049,0.7780019919876183,0
10050,0.33176436316259966,0
10051,1.382808452776668,0
10052,0.4380840951252612,0
10053,3.0357871790833695,1
10054,0.640615326414757,0
10055,0.4802639099819065,0
10056,0.25779916412493353,0
10057,3.17468269014795,1
10058,0.32659422897403456,0
10059,0.3867460145694553,0
10060,1.0028415266945723,0
10061,0.909654829063105,0
10062,1.0950569105585857,0
10063,1.5647691545595166,0
10064,0.9951202866080046,0
10065,0.7384011338888591,0
10066,0.348688636575066,0
10067,1.3603830695511223,0
10068,0.560023864791035,0
10069,1.5425397895895105,0
10070,1.4705523841131312,0
10071,1.3566606870355122,0
10072,0.3647518634844361,0
10073,1.9160868495578616,0
10074,1.2550564626071457,0
10075,0.96433476609999,0
10076,1.5464438055746155,0
10077,2.604022632158996,1
10078,0.3193109050205375,0
10079,2.3131958472572705,0
10080,0.3153181041222179,0
10081,0.7454856438638858,0
10082,1.4045694612384465,0
10083,0.30363559717371685,0
10084,1.459839396348766,0
10085,0.21685811230100197,0
10086,1.3253567200428702,0
10087,0.9978925960232903,0
10088,1.3449823083881827,0
10089,2.93920721619185,1
10090,0.7127761800432455,0
10091,1.0633376001599157,0
10092,1.3066217951570236,0
10093,0.8309819990699008,0
10094,2.272398363557027,0
10095,1.6432602388864628,0
10096,0.3005471452282391,0
10097,0.7002006310781697,0
10098,0.3476912903323158,0
10099,0.7716693107527905,0
10100,0.4632873683854344,0
10101,0.5198264833355901,0
10102,0.9294246295657551,0
10103,0.1369989857114135,0
10104,0.17836534984347055,0
10105,1.3123256009768236,0
10106,0.17468070261728658,0
10107,0.2850741532986424,0
10108,0.24981694069403276,0
10109,1.893123641112437,0
10110,0.21776297786730922,0
10111,1.398605013706972,0
10112,0.9840092424040083,0
10113,1.0184391492918206,0
10114,0.36450413342737653,0
10115,0.23983875246321995,0
10116,1.1561835436361927,0
10117,0.3384122764204561,0
10118,1.37852437776654,0
10119,0.5298970717945317,0
10120,1.2936409698910343,0
10121,0.5199070957363103,0
10122,0.6321078635480172,0
10123,0.22298627953939532,0
10124,0.4390846772492279,0
10125,0.3118764616083262,0
10126,0.32109754583475025,0
10127,0.6309864701909336,0
10128,0.6166656989334659,0
10129,1.6930344169636258,0
10130,1.096115661245261,0
10131,1.3144731735482518,0
10132,1.2120816668269536,0
10133,0.40966844251866574,0
10134,1.1421769768659567,0
10135,0.7186588613350493,0
10136,0.2706748416971581,0
10137,0.5497260228281181,0
10138,0.9553575715831629,0
10139,0.8105711745539619,0
10140,1.792788739004863,0
10141,0.11265381757624282,0
10142,1.3063809428852438,0
10143,0.8212048263780192,0
10144,1.128960413135675,0
10145,1.599287527248436,0
10146,0.5636975116220667,0
10147,0.837975951748773,0
10148,0.7674144103896914,0
10149,0.2788854029362377,0
10150,0.6605773146570675,0
10151,1.2461475412745746,0
10152,0.3689875458533245,0
10153,0.277021269016778,0
10154,0.7045075025016059,0
10155,0.6101660932508166,0
10156,0.19433057355582858,0
10157,1.0928850654746205,0
10158,1.1738906248554863,0
10159,0.58779843018247,0
10160,1.038637475575809,0
10161,0.2800119948458081,0
10162,0.329202033603076,0
10163,0.9721350393266779,0
10164,2.4389370504672736,1
10165,0.4990755210174734,0
10166,0.24799942573981681,0
10167,0.2503613045483556,0
10168,0.9996140800996031,0
10169,0.3433656293426437,0
10170,0.24786018312720287,0
10171,0.4449221721738204,0
10172,1.6903001665883146,0
10173,0.6658419869841403,0
10174,0.10387088569619443,0
10175,0.7212353768296952,0
10176,1.6788880723759463,0
10177,0.22383439222525486,0
10178,1.4542421382505122,0
10179,0.8436891905978079,0
10180,0.5300211002454411,0
10181,0.6743126529428188,0
10182,0.30110445848435863,0
10183,0.8605177664242568,0
10184,2.8440239634893354,1
10185,0.37476715398378796,0
10186,0.39670872009576286,0
10187,0.36976343881091517,0
10188,0.4868063462433058,0
10189,5.027824618529502,1
10190,0.5664470928097556,0
10191,0.7688311076759107,0
10192,0.15390472621033754,0
10193,0.5892539806034127,0
10194,1.9163713973556487,0
10195,0.28357268482651904,0
10196,0.6161189249574005,0
10197,0.4247629625996862,0
10198,0.2261282919382838,0
10199,0.23109329491546102,0
10200,0.47004957433490785,0
10201,2.0823586164257257,0
10202,1.6679437996910877,0
10203,0.3282450927995698,0
10204,1.201711189957056,0
10205,2.266494102138784,0
10206,0.40099626300899277,0
10207,0.44829283844827117,0
10208,2.2366015328454116,0
10209,0.9592504278802284,0
10210,0.4323732425158656,0
10211,0.2867202110391746,0
10212,0.6661848357450573,0
10213,1.2594677576783986,0
10214,0.29830438283915023,0
10215,0.8264980392684451,0
10216,1.254049397345247,0
10217,0.8620887809130563,0
10218,0.7518655558012527,0
10219,0.6215530150671267,0
10220,2.1383996625713992,0
10221,0.1755592927254815,0
10222,0.37072200508486447,0
10223,0.8006725524865633,0
10224,1.4431089108244162,0
10225,0.741564986667407,0
10226,0.3827646754373332,0
10227,0.5700564430244712,0
10228,0.35018773724669405,0
10229,0.7482318117639232,0
10230,0.7866865847782771,0
10231,0.8462049594233487,0
10232,0.1847797709730572,0
10233,0.5450378085554011,0
10234,0.42804993549777065,0
10235,1.2144062796889572,0
10236,0.6018113836225552,0
10237,1.1025039674502637,0
10238,0.4714847178310274,0
10239,0.7492069788371066,0
10240,1.2398045416552965,0
10241,1.187028139418884,0
10242,0.54521769226919,0
10243,0.1735408360325549,0
10244,0.3476526066489574,0
10245,1.2301079676165017,0
10246,0.45627661402098474,0
10247,2.216549563259373,0
10248,1.6990674633951799,0
10249,0.8087026711444784,0
10250,0.11617324823610975,0
10251,0.43087670299064385,0
10252,1.0557308308277773,0
10253,0.560636191560843,0
10254,1.044455053916557,0
10255,0.8141972706850875,0
10256,1.312119632882131,0
10257,0.45868509778054384,0
10258,0.41462251133342126,0
10259,1.6814080577420079,0
10260,0.953607598641146,0
10261,1.3876828667686139,0
10262,0.23079744014077055,0
10263,0.4944892060691732,0
10264,1.8959747835340472,0
10265,0.11651345972985964,0
10266,0.218728446984563,0
10267,0.9311838545140232,0
10268,0.4601585622861631,0
10269,1.7694904799419295,0
10270,0.7081461190635308,0
10271,0.3373070620030566,0
10272,0.255005549046314,0
10273,0.3250238805967741,0
10274,0.8013996127810475,0
10275,1.7648259863666425,0
10276,0.6688552322870749,0
10277,0.261404706771379,0
10278,0.6236012120692566,0
10279,1.4428404395005345,0
10280,5.137883788002864,1
10281,0.6042457235261095,0
10282,0.4455213224518091,0
10283,0.3952771386166499,0
10284,0.967840541465244,0
10285,1.817916400222336,0
10286,0.23921533499320105,0
10287,1.1532746813500236,0
10288,0.9497374536232538,0
10289,0.12116085070588697,0
10290,0.2642506551396678,0
10291,0.6586960801850371,0
10292,0.3780941941492351,0
10293,1.4352496628766338,0
10294,0.30261793653846797,0
10295,0.8741292507282162,0
10296,0.1401307291419028,0
10297,1.1821453201666157,0
10298,0.7551692345303777,0
10299,1.1825931792940942,0
10300,2.042113848047722,0
10301,0.3015678027478881,0
10302,0.943812430071481,0
10303,0.2895939853640358,0
10304,0.6208013298554281,0
10305,0.5966206432411565,0
10306,0.887789392999624,0
10307,1.2329919506146463,0
10308,1.049544321262836,0
10309,1.689946497828164,0
10310,0.6647781079743582,0
10311,0.4957114556132801,0
10312,1.6897166471644134,0
10313,1.072990236183706,0
10314,0.9706841912715817,0
10315,0.21264513073735172,0
10316,1.040079644965204,0
10317,0.530202540747595,0
10318,1.4543100986601432,0
10319,0.9536997121953974,0
10320,0.2915299037075602,0
10321,0.6639170764169332,0
10322,0.23821593862330875,0
10323,0.44706468568567503,0
10324,2.5013628288240883,1
10325,0.762825925461072,0
10326,0.48839540863629816,0
10327,0.5871326307823914,0
10328,0.4778169247743488,0
10329,1.1005952157267391,0
10330,0.8902733315271751,0
10331,0.32116227302905265,0
10332,0.6050784971189515,0
10333,0.8295402934676386,0
10334,1.5825133970835363,0
10335,0.3399082115379466,0
10336,0.3799128208256214,0
10337,0.706302138229642,0
10338,0.760669237161799,0
10339,1.0985922285287248,0
10340,1.2806068729001558,0
10341,3.959661639265576,1
10342,1.0221472817650084,0
10343,0.7796673277692806,0
10344,0.38645617410362226,0
10345,0.3349871726487221,0
10346,0.6424346563586081,0
10347,2.0491518422489734,0
10348,2.3965079915165655,1
10349,0.5083439538304846,0
10350,0.12173215036246907,0
10351,0.20671982907923017,0
10352,0.9415410017575324,0
10353,1.052976961213134,0
10354,0.6356871583077791,0
10355,0.6072749860355375,0
10356,0.928754762145736,0
10357,2.233877998852174,0
10358,0.41140255276788473,0
10359,1.3031103826176362,0
10360,1.0944522977893716,0
10361,0.6562776777508332,0
10362,0.2965755305788014,0
10363,0.5936779582126384,0
10364,0.9471247799630202,0
10365,0.7508898194864175,0
10366,0.5740351855441277,0
10367,0.23728047714151276,0
10368,0.2798014273457107,0
10369,1.1811040103535015,0
10370,0.8107470882497256,0
10371,0.25554649574417665,0
10372,0.4410375715028181,0
10373,0.22175934069166922,0
10374,0.10331037415922115,0
10375,0.1352898787625206,0
10376,1.675567643800564,0
10377,0.9786591535085929,0
10378,0.6980096798178989,0
10379,2.2143622834259182,0
10380,0.741664447611415,0
10381,0.23042645966750408,0
10382,1.060236938546733,0
10383,0.23759233178300318,0
10384,0.3842299437936876,0
10385,1.0450610490931154,0
10386,0.24398253823919056,0
10387,0.43244068166298977,0
10388,0.08220093315385975,0
10389,1.8505349871819479,0
10390,1.1321566756105041,0
10391,0.648575647310936,0
10392,0.6593311232674285,0
10393,0.25899580727098886,0
10394,0.2105953646847853,0
10395,1.259557273921612,0
10396,0.08152237620524325,0
10397,0.6389791573812825,0
10398,0.4484208185471757,0
10399,1.7781234808812658,0
10400,1.2507969464764417,0
10401,0.6722006070130156,0
10402,0.6577314552977649,0
10403,0.32268027723866954,0
10404,0.9633098688142583,0
10405,0.9996163501538977,0
10406,2.047336999840771,0
10407,2.8483898057622445,1
10408,1.4334040276428937,0
10409,0.6622301358260951,0
10410,0.6570648862574279,0
10411,0.4221510523001607,0
10412,0.23294216309777466,0
10413,1.1093695817630398,0
10414,0.2566343266869879,0
10415,0.5632205073953496,0
10416,0.17780590977102959,0
10417,0.4972022100439185,0
10418,0.649919177661221,0
10419,0.5929158736790823,0
10420,1.0007342838868054,0
10421,0.22591767291694032,0
10422,1.2233422631699333,0
10423,0.8634768258990541,0
10424,0.9440098918054218,0
10425,0.7840325806227437,0
10426,0.4427599066147323,0
10427,0.23067276212338772,0
10428,3.1694829462408505,1
10429,0.2732538445166021,0
10430,0.16706977639737408,0
10431,1.3891833015889956,0
10432,4.234010329374213,1
10433,0.26459392479459387,0
10434,0.2308037841198413,0
10435,0.48274190372630377,0
10436,0.8071695077898392,0
10437,0.653596439777967,0
10438,0.7418434558406733,0
10439,0.4833014689777487,0
10440,1.8674179878716415,0
10441,0.7918721164924412,0
10442,1.9056557692824605,0
10443,5.219635643955166,1
10444,1.0267065497995915,0
10445,1.0003269059143882,0
10446,1.0770894588306779,0
10447,1.5341135028409851,0
10448,0.2425198405038474,0
10449,0.5242200030467099,0
10450,0.9937599903074418,0
10451,0.8652896216157224,0
10452,0.2641500056535122,0
10453,0.3216761604986326,0
10454,1.44933358645496,0
10455,0.38482253641724584,0
10456,1.4763135056675254,0
10457,0.7020769086862501,0
10458,3.5869037415473826,1
10459,0.6125029395524934,0
10460,1.5879881498953095,0
10461,0.9250203107593993,0
10462,0.5623401418139962,0
10463,0.5005182795004828,0
10464,0.6990584435199001,0
10465,1.7940316908674565,0
10466,0.9150475954998198,0
10467,0.8727149040482336,0
10468,0.4923616486482656,0
10469,1.143621964559167,0
10470,0.6000559816718456,0
10471,0.7746715848540041,0
10472,2.5923087971395353,1
10473,1.1677580066148021,0
10474,0.8752503977620595,0
10475,0.4380022621335294,0
10476,0.6015200616069375,0
10477,0.41473438972829185,0
10478,0.8180336708674067,0
10479,3.237315535787127,1
10480,0.6558458911988133,0
10481,3.1443748866450467,1
10482,0.3357774509877419,0
10483,1.609163154419798,0
10484,0.16892495913356353,0
10485,0.2864062570548142,0
10486,0.13295297384692514,0
10487,1.0842356514283615,0
10488,1.1372678358794406,0
10489,0.9138412970521349,0
10490,1.7724821699394417,0
10491,1.6096173850041828,0
10492,0.8251085490835786,0
10493,0.10289041926698879,0
10494,0.36353061317356294,0
10495,1.1255141686834302,0
10496,1.497606960484569,0
10497,0.8416594743211956,0
10498,0.3207057950417963,0
10499,0.42824947967367544,0
10500,0.3503806628325009,0
10501,0.320375996073897,0
10502,0.8116396617413209,0
10503,2.83008752290079,1
10504,1.6267242696577948,0
10505,0.15258224783042126,0
10506,0.30683644602549787,0
10507,0.2222857582407606,0
10508,0.37667469909010726,0
10509,1.5092960643699296,0
10510,1.170671557278275,0
10511,0.8733476220774581,0
10512,1.077715434888282,0
10513,2.2861815072323464,0
10514,1.2341108434354926,0
10515,0.9442938735233092,0
10516,2.3399303707133767,1
10517,2.296661449756047,0
10518,1.7394659530509267,0
10519,1.9255791788561152,0
10520,0.44444581688518064,0
10521,1.5907360923510474,0
10522,0.18582976984261612,0
10523,0.8275362841568429,0
10524,0.6811369860569207,0
10525,0.9658933648951639,0
10526,0.5748047788346102,0
10527,0.5145267290825339,0
10528,0.40217223165309185,0
10529,0.4379598777795601,0
10530,0.30380945017100175,0
10531,0.7673006765890371,0
10532,0.7581993985151634,0
10533,0.5793676199972921,0
10534,1.0842231845168626,0
10535,0.6020859499121588,0
10536,1.6073034051180133,0
10537,0.5313145409130519,0
10538,0.45051524221875133,0
10539,2.1154246626992363,0
10540,0.7690272662639328,0
10541,0.9100588520594801,0
10542,0.9430063053612837,0
10543,1.3614598279193117,0
10544,0.5490514859850205,0
10545,1.8916516917028108,0
10546,1.5822681039360647,0
10547,1.515023872319101,0
10548,0.5039841268349669,0
10549,1.6191532844290595,0
10550,0.33647829209035757,0
10551,0.43782099266493446,0
10552,0.43372349143249433,0
10553,1.2477707538164733,0
10554,0.2961074335360781,0
10555,1.6758212421777259,0
10556,0.3029895955981342,0
10557,0.29006067926708323,0
10558,0.9089334447490339,0
10559,0.7955825696247811,0
10560,0.19673307237053633,0
10561,0.621304888674447,0
10562,0.4713481538829729,0
10563,0.7070179950629898,0
10564,0.6584615213795332,0
10565,0.35469514686997944,0
10566,0.7980156514600881,0
10567,1.9574012454211343,0
10568,1.3098709110900635,0
10569,1.86623101383115,0
10570,1.6044710683994754,0
10571,0.7730161786348184,0
10572,0.6334578543838846,0
10573,0.7407621524062651,0
10574,0.47340711051862117,0
10575,0.43269929354859515,0
10576,0.8363888849435778,0
10577,0.9239513677660872,0
10578,0.14195707364533233,0
10579,1.7870095146945295,0
10580,1.457172222194715,0
10581,0.5361943901854618,0
10582,1.1282520419451658,0
10583,0.8075952262729951,0
10584,0.41250253267090586,0
10585,1.2178541205165014,0
10586,1.5451346849575076,0
10587,0.6265182827073928,0
10588,1.1167456652004237,0
10589,0.2611109073043891,0
10590,0.4680526982223213,0
10591,0.6120191692618853,0
10592,0.3203526258732423,0
10593,0.8041782368920687,0
10594,0.6919223556736662,0
10595,0.9922005222514135,0
10596,0.31860960766480995,0
10597,1.096236029823901,0
10598,1.9599138277419261,0
10599,0.347401984191224,0
10600,1.6413056588250523,0
10601,0.564684638235238,0
10602,0.4255075099053798,0
10603,0.225246542290875,0
10604,0.35942361460479477,0
10605,0.7375811392240526,0
10606,1.7909536261024397,0
10607,0.7421051385046876,0
10608,0.4529969617277927,0
10609,1.3656652710883592,0
10610,0.8995090766795221,0
10611,0.1763432890151369,0
10612,0.5200275825794226,0
10613,1.1602451059501273,0
10614,1.2061789393448634,0
10615,1.8837605238880575,0
10616,1.0917114186026553,0
10617,2.5986056694958988,1
10618,1.5315418953005033,0
10619,0.32477942269161697,0
10620,0.37146477450578586,0
10621,0.10803495214828099,0
10622,0.2642387388577706,0
10623,0.3707499553183887,0
10624,0.7003178069724834,0
10625,0.3020500484754279,0
10626,2.1460130949294043,0
10627,1.1778022767849403,0
10628,1.5489428228925604,0
10629,1.3521413004161411,0
10630,1.0646825046205284,0
10631,0.8531445002582194,0
10632,0.9654713680960437,0
10633,0.5848326399167856,0
10634,0.43161906767425523,0
10635,0.6565010801150699,0
10636,1.328015926176829,0
10637,0.2024891737052788,0
10638,0.7758272597788476,0
10639,0.25265999640829534,0
10640,0.6988664573124334,0
10641,0.4276141303796993,0
10642,0.8847233334633685,0
10643,1.630688389970572,0
10644,1.5346911203031879,0
10645,0.3120234319409562,0
10646,1.0424517764906653,0
10647,1.6531748147069494,0
10648,0.8653975017405722,0
10649,1.178749623870139,0
10650,3.9394254854197612,1
10651,2.058637705424817,0
10652,0.22056687487283883,0
10653,0.22390410441075415,0
10654,0.7726216298012074,0
10655,1.86904474160592,0
10656,0.2856790107455602,0
10657,0.8097573141750122,0
10658,0.8507906480821212,0
10659,0.13775842480272515,0
10660,0.3809284548252546,0
10661,1.968519948593481,0
10662,1.2467456694418537,0
10663,0.7694623574023678,0
10664,2.2801597125759283,0
10665,0.8102405529673847,0
10666,1.2671299275477677,0
10667,1.1544908833094538,0
10668,1.5580204268918814,0
10669,1.4798692894261534,0
10670,1.434437459544583,0
10671,0.23802924671298661,0
10672,0.9585565387815145,0
10673,0.731711946423281,0
10674,2.4036384479303337,1
10675,0.16896619999458118,0
10676,1.8821807752384427,0
10677,0.9828312992438955,0
10678,0.8147819394832873,0
10679,0.8432720648236163,0
10680,1.1535334602383474,0
10681,0.3272165540639858,0
10682,1.838168323086866,0
10683,0.23291307437742342,0
10684,0.7920492066001638,0
10685,0.4498203679351899,0
10686,0.487646360570718,0
10687,1.002644519600296,0
10688,0.17514776747299318,0
10689,0.2501577507023398,0
10690,1.3115045203155753,0
10691,1.5856047212265911,0
10692,0.9269356126039388,0
10693,3.2612528503113367,1
10694,0.3700045290453531,0
10695,1.6121238344766684,0
10696,0.5306933826242132,0
10697,1.927629830856187,0
10698,0.09689357888634884,0
10699,1.2936337568147345,0
10700,1.3185371709099043,0
10701,0.3011554706498814,0
10702,0.2916468344166306,0
10703,0.28686434188662513,0
10704,0.3414986532250138,0
10705,0.1285412592361807,0
10706,0.17369184404577123,0
10707,0.5543795543547156,0
10708,0.4595826307487241,0
10709,0.15995592513680262,0
10710,1.2703151841485867,0
10711,0.29437640255282665,0
10712,0.950294898943298,0
10713,0.23524787800300154,0
10714,0.42143243786314527,0
10715,1.3433776585915582,0
10716,1.2927207971424237,0
10717,0.29706671526870687,0
10718,0.39376356022288284,0
10719,1.1632142804425925,0
10720,1.6393095327077432,0
10721,0.20265485718068638,0
10722,1.36514895576748,0
10723,1.8969633858527069,0
10724,0.4829318476081788,0
10725,0.4388465274333667,0
10726,0.5079948001042771,0
10727,0.18707292353652066,0
10728,0.8898790322564031,0
10729,1.303625602261969,0
10730,0.6076382694016097,0
10731,0.5435610652336142,0
10732,1.178555460255234,0
10733,0.5226545320037788,0
10734,0.6739322680606206,0
10735,0.4012736900865592,0
10736,1.1367309594964259,0
10737,0.15177517993477557,0
10738,0.7452989244204554,0
10739,1.6626985630012332,0
10740,1.3122349063861076,0
10741,0.06509180349651662,0
10742,0.34487849567406903,0
10743,0.6047476109423944,0
10744,0.7290106769930329,0
10745,0.6469955606479438,0
10746,1.0792447857754348,0
10747,1.2710261867523651,0
10748,1.2991889266346255,0
10749,0.1556336424234043,0
10750,0.5223490981439849,0
10751,0.2535884767094079,0
10752,0.7916935536864111,0
10753,1.1565135015388217,0
10754,0.2015071913104422,0
10755,0.14017092827579114,0
10756,0.3696119843182433,0
10757,0.4226477205940296,0
10758,0.2509508281635626,0
10759,0.5857326738683788,0
10760,0.13165493073961185,0
10761,0.19605036419939653,0
10762,0.22651496302984864,0
10763,0.09494952910004675,0
10764,0.353359853469155,0
10765,0.20134141885510504,0
10766,0.5640798429966588,0
10767,1.0628600758322229,0
10768,2.4185656115345875,1
10769,0.25098266840621053,0
10770,0.979139584640299,0
10771,0.8359270566752702,0
10772,0.22141789912271742,0
10773,0.7463177081551378,0
10774,0.820140893355769,0
10775,1.1362561414902121,0
10776,0.8632742108505823,0
10777,0.5178850596970235,0
10778,0.3388528201951235,0
10779,1.1024686980311544,0
10780,2.7035493153135532,1
10781,0.47515797694067247,0
10782,0.4590631030751884,0
10783,0.5176382620350404,0
10784,0.3966165909530084,0
10785,1.0229855592162358,0
10786,0.2990252380444859,0
10787,0.9246926110697749,0
10788,0.1952738889990319,0
10789,0.6302375864859943,0
10790,1.4010726967601115,0
10791,0.5079938015136639,0
10792,1.044437552395945,0
10793,2.4372053508264546,1
10794,0.49042546131986475,0
10795,2.2048732032366436,0
10796,0.9568795288531602,0
10797,1.2304219263924385,0
10798,0.34219141740472514,0
10799,0.4146049401008618,0
10800,1.171943556351437,0
10801,1.2573402567654177,0
10802,0.5546376609984626,0
10803,0.5123033001500453,0
10804,0.23539534386285316,0
10805,0.7435157523637393,0
10806,0.5073085722904225,0
10807,1.4777819542038184,0
10808,0.7442756380232908,0
10809,1.2264045009630882,0
10810,1.27271339082332,0
10811,0.6384746932925115,0
10812,0.30476676404605396,0
10813,2.4372757453735763,1
10814,0.31077247706474137,0
10815,1.936423598235186,0
10816,1.4399016756494856,0
10817,1.4244731777904351,0
10818,1.4143487110290154,0
10819,0.2365471652972147,0
10820,0.126589522784093,0
10821,0.2789317782478568,0
10822,0.4851333826554319,0
10823,0.767917799425494,0
10824,0.6565466171537114,0
10825,0.6858448326974129,0
10826,0.16787851163584677,0
10827,1.1004796403839152,0
10828,2.4870259755475153,1
10829,0.69427715681192,0
10830,1.220891565601153,0
10831,0.24069075672240076,0
10832,0.19843407391578158,0
10833,1.0254990512635342,0
10834,1.6520561603184736,0
10835,0.8237662687669628,0
10836,0.22782004461154926,0
10837,0.2240958248991757,0
10838,1.3509197726395015,0
10839,0.6012455612134369,0
10840,1.4175770678471267,0
10841,0.4835375861910718,0
10842,1.367768896041397,0
10843,0.24043590563206668,0
10844,0.815738527050252,0
10845,0.7657103431598526,0
10846,0.9862382507589202,0
10847,0.7341973784084221,0
10848,0.7894202123721079,0
10849,0.8970792595167723,0
10850,0.5110137012726235,0
10851,0.20521080267373257,0
10852,0.2872864237203017,0
10853,0.6014679494292722,0
10854,1.2616653049982367,0
10855,0.5222131948910267,0
10856,5.152125501627692,1
10857,0.9002853211369832,0
10858,0.6211229271908587,0
10859,1.8375144510304349,0
10860,0.8582273175507812,0
10861,1.1872467630445729,0
10862,0.6648028317384567,0
10863,0.34463940767581985,0
10864,0.5462886734131986,0
10865,0.6182349192876228,0
10866,0.9559480357120957,0
10867,0.8049564511442769,0
10868,0.2728411544071296,0
10869,0.24473462237205465,0
10870,0.32449507047232007,0
10871,0.4115806122529483,0
10872,0.6287240418490476,0
10873,0.5639719839164149,0
10874,0.8437132029739486,0
10875,0.8797038505154994,0
10876,1.677917520460089,0
10877,0.687081122586924,0
10878,0.7677777863979728,0
10879,2.770904091117286,1
10880,1.282581557546671,0
10881,3.1127854693595642,1
10882,1.846441639418191,0
10883,0.7955657008535862,0
10884,1.0122415702854046,0
10885,0.5189187788022991,0
10886,0.3000338869635421,0
10887,0.3259797047207102,0
10888,0.3556572741315421,0
10889,0.311924090386049,0
10890,0.6930005319832229,0
10891,0.4814203468754393,0
10892,0.5784172030929972,0
10893,0.7341666467178045,0
10894,1.0094040396303021,0
10895,2.1361443958528294,0
10896,1.3905113245118839,0
10897,2.007817999679697,0
10898,0.5607266842460217,0
10899,1.8547462910013146,0
10900,0.23837248140741138,0
10901,0.35794546912852193,0
10902,0.1376845216782765,0
10903,1.039604534951796,0
10904,0.5281585101366051,0
10905,0.19484227102925697,0
10906,1.2611421531299085,0
10907,0.6428506448816671,0
10908,1.1972916400955225,0
10909,1.3539130933012835,0
10910,0.7762621189836333,0
10911,0.7703135081685412,0
10912,0.5525473749648571,0
10913,1.3026212962873673,0
10914,1.9198421862439887,0
10915,0.5947902324694684,0
10916,1.2631186820944456,0
10917,2.6123249137825844,1
10918,0.5655410832374932,0
10919,3.199166767781552,1
10920,0.5443760393295217,0
10921,1.2327154037536208,0
10922,0.3123745086234761,0
10923,1.1547521895490507,0
10924,0.6151412110261428,0
10925,2.670215461039927,1
10926,0.26893107874382116,0
10927,0.5304641070360325,0
10928,0.29479226579706536,0
10929,0.2001562924038313,0
10930,2.385491425266911,1
10931,0.30067636430265726,0
10932,1.1588810302935946,0
10933,1.0058689602863058,0
10934,0.15461059280587502,0
10935,0.8553004647233926,0
10936,0.6047615698080087,0
10937,4.462874092878991,1
10938,2.6532916531915816,1
10939,1.8996729780280284,0
10940,0.18549444944490373,0
10941,1.7381700165096299,0
10942,1.32668558908565,0
10943,0.41874858325907305,0
10944,1.7770998224443708,0
10945,0.6574650590513136,0
10946,0.818320369447445,0
10947,0.5577061516080721,0
10948,1.316712835861567,0
10949,0.3152799978618688,0
10950,0.6241942313270362,0
10951,1.1221643827306746,0
10952,1.1070884924838864,0
10953,0.3028373321386623,0
10954,0.6496691643654323,0
10955,1.812453399518116,0
10956,1.071517712709389,0
10957,1.3058040806048812,0
10958,1.8678050873114667,0
10959,0.3016800891640713,0
10960,6.49241472110464,1
10961,0.44705778730324824,0
10962,0.2379579735117324,0
10963,0.327073877560525,0
10964,1.4036649093103,0
10965,0.33551270824615675,0
10966,0.4943933656574292,0
10967,0.7186088450990417,0
10968,1.5492722607692084,0
10969,0.3495920836126777,0
10970,0.35063947786798744,0
10971,1.5603821360306245,0
10972,0.28432481119406766,0
10973,1.0181706094584755,0
10974,0.2997074058800112,0
10975,0.28915697339255386,0
10976,0.18197410690148347,0
10977,1.530008321742044,0
10978,1.4334662851393265,0
10979,0.700332766195366,0
10980,0.1499338889963541,0
10981,0.6627096321178063,0
10982,2.328886414772094,1
10983,0.6956978781201034,0
10984,0.6109670719363554,0
10985,0.130514625052692,0
10986,0.18765845281730228,0
10987,1.0995397397006943,0
10988,0.32492192111284474,0
10989,0.689222073661727,0
10990,1.8303232192352255,0
10991,1.7392111110532291,0
10992,0.615483956895937,0
10993,0.6827838430017965,0
10994,1.9946332212487021,0
10995,4.764871956018341,1
10996,0.9652665463549199,0
10997,1.7243323903683905,0
10998,1.1422234220922225,0
10999,0.1738095232705712,0
11000,0.4496527528334603,0
11001,0.9237583080486822,0
11002,2.739812736787406,1
11003,0.5646989040098754,0
11004,0.25047586472698646,0
11005,0.40875279024782085,0
11006,0.6334225274797219,0
11007,0.7587425808309011,0
11008,0.9358223570191659,0
11009,0.9490739283886886,0
11010,0.9426100222332223,0
11011,3.7071295633766637,1
11012,1.4772770692062447,0
11013,1.4849549356499634,0
11014,0.5124027881635711,0
11015,0.3387599468433856,0
11016,0.7789295182594158,0
11017,0.46667780203315024,0
11018,0.40518100846227634,0
11019,0.6672000418101023,0
11020,1.2301758720591078,0
11021,2.676964932880559,1
11022,0.8042226839401694,0
11023,0.4990920333259288,0
11024,0.5865979305162468,0
11025,0.29479537210234336,0
11026,0.5479656720176365,0
11027,8.148038819764853,1
11028,0.5542672719791624,0
11029,1.0637731370100372,0
11030,0.2652886891569263,0
11031,0.49478045110376423,0
11032,1.855548748636113,0
11033,0.6353059627270368,0
11034,1.3004198502645328,0
11035,0.55349543252914,0
11036,1.2909455871050743,0
11037,1.099347345433476,0
11038,0.5716760924238998,0
11039,0.21337062359974493,0
11040,1.3861566847861506,0
11041,0.7489334719914996,0
11042,0.6728513477415363,0
11043,1.171703170781438,0
11044,1.1868918827247783,0
11045,0.30819545761402944,0
11046,1.5839371485730203,0
11047,0.6443649723119976,0
11048,0.33461256137657414,0
11049,0.6089603143386034,0
11050,0.1768052892729483,0
11051,0.29496395599062464,0
11052,1.4681854281343438,0
11053,1.4129071705292584,0
11054,1.1218189489371577,0
11055,0.26832742510677726,0
11056,0.288423266810227,0
11057,1.4104915152829716,0
11058,0.9496324789973606,0
11059,1.1270005693547223,0
11060,0.13698143480291536,0
11061,0.4756705871816339,0
11062,1.294394412936584,0
11063,1.064881415862697,0
11064,1.3882273201692807,0
11065,0.6348095717243245,0
11066,0.38576275768441903,0
11067,0.6054646040706008,0
11068,0.8652085598576313,0
11069,0.33891114243525866,0
11070,0.5867259104663247,0
11071,1.296445500390007,0
11072,1.1240762989799806,0
11073,0.7185729017777007,0
11074,1.008664143954922,0
11075,1.457080200696825,0
11076,0.927386813136561,0
11077,0.19854625392190495,0
11078,2.2046965258791387,0
11079,2.0264957000232147,0
11080,0.7587726764502905,0
11081,0.2611279967890704,0
11082,0.1385465592847303,0
11083,0.3634543171062344,0
11084,0.9699073808633468,0
11085,1.1515275599241053,0
11086,1.3680881555703608,0
11087,1.7333095861196859,0
11088,0.6792038933656672,0
11089,2.483369130252458,1
11090,1.0859395927374158,0
11091,0.41435425898574973,0
11092,0.5222778437017973,0
11093,1.2037673288383899,0
11094,1.5477807157152619,0
11095,0.7704518970048101,0
11096,1.0587744763637916,0
11097,0.19011952546284244,0
11098,1.4353711296366125,0
11099,1.7495242644619016,0
11100,0.640931148899698,0
11101,0.8650867451949059,0
11102,0.6597396238756271,0
11103,0.8158629951560782,0
11104,0.7469086515535627,0
11105,0.7272686392209746,0
11106,1.2951366819867207,0
11107,3.096446271041671,1
11108,0.38463602866211855,0
11109,1.049929031235611,0
11110,0.598873192692351,0
11111,0.6824472407851561,0
11112,0.4481423575758664,0
11113,0.26023882109034774,0
11114,0.1220431318087021,0
11115,0.6259770346252289,0
11116,1.2387193275820512,0
11117,0.9948918764478449,0
11118,1.0639610649806297,0
11119,0.8124963797280482,0
11120,0.21564231068246267,0
11121,0.18438605414340453,0
11122,0.5388204652180184,0
11123,0.5148920511873606,0
11124,0.2558425001458652,0
11125,0.394056781138202,0
11126,0.29303500809055477,0
11127,1.3746119263779668,0
11128,1.005051664806711,0
11129,0.8301583854758239,0
11130,1.302238855727002,0
11131,0.5606618567162772,0
11132,0.743684413971394,0
11133,2.8466722144887777,1
11134,0.17716620791582485,0
11135,0.2060856899309548,0
11136,0.3419710220143549,0
11137,1.0662873483297124,0
11138,1.0916384901519058,0
11139,0.6220671433459574,0
11140,0.8722572813282745,0
11141,1.063133749227465,0
11142,0.9524868623800877,0
11143,0.4644366096562275,0
11144,0.9874406003374865,0
11145,0.8108647805252929,0
11146,0.6414794357399046,0
11147,0.4735328775050055,0
11148,1.2250746263170402,0
11149,1.4985302076986606,0
11150,0.4665169230486841,0
11151,1.2265769863418148,0
11152,1.7987765816168373,0
11153,0.18811072512148413,0
11154,0.8144109799407067,0
11155,1.0274106928302396,0
11156,0.4651719176830681,0
11157,0.2416858045008376,0
11158,0.40918082155875746,0
11159,1.1410168260108435,0
11160,0.14415182622131167,0
11161,0.9868847234772108,0
11162,0.7725817290546919,0
11163,0.26898121911292805,0
11164,0.298855015831074,0
11165,1.1888876632121876,0
11166,1.8463769518719446,0
11167,0.9934291645108859,0
11168,0.09118745692449726,0
11169,1.1982724192847862,0
11170,1.1286550819030015,0
11171,1.004162565185234,0
11172,0.27509017193750995,0
11173,2.253201788291965,0
11174,0.6779237779115216,0
11175,1.2985637819404512,0
11176,0.752860702004795,0
11177,0.2646804998202336,0
11178,0.43448418603320516,0
11179,0.4447120466602733,0
11180,1.0645883873323683,0
11181,0.32361138161049813,0
11182,0.8504168135628829,0
11183,0.7975490991327205,0
11184,1.4643561570894086,0
11185,1.1077292581781457,0
11186,0.7664255204586322,0
11187,0.6569216552856967,0
11188,1.0414003640430605,0
11189,0.49229622883533775,0
11190,0.9222183323500579,0
11191,1.4389291458323368,0
11192,2.632546484573763,1
11193,0.8259484357306495,0
11194,0.17523100510030537,0
11195,1.0474313903442223,0
11196,0.7141395434755826,0
11197,1.9623823845519948,0
11198,1.1751366538234893,0
11199,0.4368314148092944,0
11200,0.7334133340558653,0
11201,1.3107504863474069,0
11202,1.383153513436806,0
11203,0.6896969645012712,0
11204,0.6606430388684146,0
11205,1.0013482688947566,0
11206,1.7325007823310759,0
11207,1.446367626367636,0
11208,0.5660552922944657,0
11209,1.2539552568488375,0
11210,1.4414849882112506,0
11211,1.9418552358285825,0
11212,0.729678403501899,0
11213,1.0880063050866973,0
11214,0.19853043519288952,0
11215,1.264851010817987,0
11216,0.2593391636737989,0
11217,1.3254451636377904,0
11218,2.025581532329997,0
11219,1.0460486725553637,0
11220,1.361301074169118,0
11221,0.22912734777707203,0
11222,0.6556259460647871,0
11223,0.2416603638649359,0
11224,0.28697432939932693,0
11225,0.9035801139717501,0
11226,1.2446713941706031,0
11227,1.790664580142866,0
11228,2.0838447269604243,0
11229,2.0104093160432988,0
11230,0.15879861175977658,0
11231,0.3249635197258566,0
11232,0.6628962205959703,0
11233,1.3973244879897155,0
11234,0.09662562702905478,0
11235,1.57589980330817,0
11236,1.8296605064267837,0
11237,2.2528791498815375,0
11238,0.30136567385198304,0
11239,1.6190343634114785,0
11240,1.0107435096246253,0
11241,0.21864308976597582,0
11242,1.1069242488859525,0
11243,1.4544358765806444,0
11244,0.9080984450074098,0
11245,2.5067518070790227,1
11246,1.1164683367405597,0
11247,0.6631621404893334,0
11248,0.2685028149935419,0
11249,0.4524036417768532,0
11250,0.6272114856105092,0
11251,1.3874769620408496,0
11252,0.44593718088487977,0
11253,0.4065854161101072,0
11254,0.5275387549081499,0
11255,0.31444056225158246,0
11256,0.5037001991791838,0
11257,1.4703727418110137,0
11258,1.6403309725285535,0
11259,1.582746818666301,0
11260,0.6414977474839977,0
11261,0.43668476537310796,0
11262,0.7481005405486473,0
11263,0.6837880554026882,0
11264,0.9414454403602296,0
11265,1.2474339268175663,0
11266,0.292573307321434,0
11267,0.6892697699731251,0
11268,0.6266723052682985,0
11269,1.0616453917285116,0
11270,0.8901789445584122,0
11271,1.1047107883246832,0
11272,1.3102425682924115,0
11273,0.25540242203636115,0
11274,0.3274001032649327,0
11275,0.6057354646053896,0
11276,0.46519238008656066,0
11277,0.88467293478454,0
11278,0.35222097104428285,0
11279,0.43485676701438464,0
11280,0.20190682899167306,0
11281,1.078561361207518,0
11282,0.6985007789248201,0
11283,0.30563357081123427,0
11284,1.1630137547512196,0
11285,0.5610859449341877,0
11286,1.3081769081616552,0
11287,1.2363739480850902,0
11288,0.8457400232916367,0
11289,0.12058269339470742,0
11290,0.4301868533856642,0
11291,0.27046542234203486,0
11292,1.0503154312216136,0
11293,0.5777289979216472,0
11294,0.11543170608233995,0
11295,0.9647638578684289,0
11296,0.5150587799851162,0
11297,1.0416165391270749,0
11298,0.3419641027975863,0
11299,1.5332091945463464,0
11300,0.2361211192355727,0
11301,0.3968917533720324,0
11302,1.6649787782734893,0
11303,0.8207863314151099,0
11304,4.7877272574267735,1
11305,0.3049707271080849,0
11306,1.100237127983425,0
11307,0.8297283626676691,0
11308,0.4507832023055286,0
11309,0.470234785603264,0
11310,0.1342772468767858,0
11311,1.616592310775756,0
11312,1.0936921102598895,0
11313,0.9945307311047189,0
11314,0.5903237807560038,0
11315,1.1777973009929075,0
11316,1.3201291246065872,0
11317,0.7344548738955691,0
11318,1.5135571580511982,0
11319,0.3250891871594884,0
11320,1.6205529350080714,0
11321,0.5215150942605907,0
11322,0.764272645096552,0
11323,1.0807761637300488,0
11324,0.29744938782605057,0
11325,0.24639999527297043,0
11326,1.0177387864475893,0
11327,0.21604991270891363,0
11328,0.5484916900409503,0
11329,3.006006525947079,1
11330,1.3731031981929873,0
11331,1.4695162883183162,0
11332,0.7534687137024327,0
11333,0.8197870536346045,0
11334,1.2456304867294086,0
11335,0.15301377506168562,0
11336,0.7134202789272358,0
11337,1.0618317295202657,0
11338,1.6555940033753238,0
11339,0.49893587394199457,0
11340,0.602935185408618,0
11341,0.17783287865751854,0
11342,0.6369749293407858,0
11343,0.7320285998230226,0
11344,1.077909574194078,0
11345,0.3212601777866927,0
11346,1.0257970084833636,0
11347,1.51222366103902,0
11348,0.46317872898902,0
11349,0.6061975562953879,0
11350,0.10163960693275845,0
11351,0.32338703338709784,0
11352,1.5041010904972176,0
11353,1.0931401030542862,0
11354,1.2164380842002092,0
11355,0.8081298565740049,0
11356,0.5150288992515216,0
11357,0.39510718522475574,0
11358,0.23919634088626368,0
11359,1.2105414187023782,0
11360,0.36277960169481205,0
11361,2.5392477857922144,1
11362,0.5102514214141477,0
11363,1.1883085465168086,0
11364,1.1617012521582046,0
11365,1.1389920576536228,0
11366,0.4387085654575881,0
11367,0.04961832297733765,0
11368,0.9516596891303877,0
11369,0.5778978052733558,0
11370,0.7391272917460749,0
11371,0.800186958978462,0
11372,1.011134221546359,0
11373,0.6058534000879983,0
11374,1.025676183126139,0
11375,0.8385491774755913,0
11376,1.2733093240247684,0
11377,0.25340921193530275,0
11378,0.97727960688567,0
11379,0.13853893498956044,0
11380,0.5734144893615604,0
11381,0.9054601164098948,0
11382,0.26775357605900607,0
11383,0.37520725053070897,0
11384,0.5639322154802208,0
11385,0.1708616498956618,0
11386,0.22327652529493816,0
11387,0.6741547131165271,0
11388,1.3314587812798202,0
11389,2.2794382760477907,0
11390,0.9256157536647638,0
11391,0.5625425381772542,0
11392,0.9612021668599932,0
11393,0.5355145255617193,0
11394,0.8683407208787051,0
11395,0.270637022870587,0
11396,0.5910040115635136,0
11397,0.7565867716335402,0
11398,0.7077620466164017,0
11399,0.27188342967193657,0
11400,0.47080627277408593,0
11401,1.552787921220546,0
11402,0.35051808484813607,0
11403,1.2676024230321041,0
11404,0.3665859978776042,0
11405,0.959641575146974,0
11406,0.2543352977172413,0
11407,1.4620468346231963,0
11408,2.5066527614425413,1
11409,0.41402712558325405,0
11410,0.6238088542134115,0
11411,0.44248267159190907,0
11412,0.25517412451931926,0
11413,0.7014029741912127,0
11414,1.6435785054189587,0
11415,1.833197588090065,0
11416,1.0732411545412597,0
11417,0.9034176428318915,0
11418,0.15147387380767258,0
11419,0.9215871776264484,0
11420,1.301886941148664,0
11421,1.1965837033689297,0
11422,1.0878983713640373,0
11423,0.5555527058645024,0
11424,0.7056046509902727,0
11425,1.2836328548189377,0
11426,1.0671633842417072,0
11427,1.7794891049281645,0
11428,0.43977119699203737,0
11429,0.4386655572978637,0
11430,0.6220158354579713,0
11431,0.42301204111379975,0
11432,0.8866301530451969,0
11433,0.819286335811093,0
11434,1.2542649004555533,0
11435,0.17708928282867284,0
11436,1.0889799566913254,0
11437,0.17271335544378422,0
11438,0.14978257754394977,0
11439,1.8598587426309634,0
11440,1.5815643999118418,0
11441,0.7150114503335023,0
11442,0.5405872325241837,0
11443,1.051912444685706,0
11444,1.1432960158145444,0
11445,1.5114911502160888,0
11446,0.8046793400712611,0
11447,1.3187327252952907,0
11448,1.677018010229905,0
11449,0.3036890433775395,0
11450,0.6959445447831177,0
11451,2.175638313756239,0
11452,0.5990539644279179,0
11453,1.010994348734355,0
11454,0.8550890528152522,0
11455,0.27567423487278414,0
11456,0.832841732816615,0
11457,1.815912982592676,0
11458,0.23735128707748682,0
11459,0.30243439691596585,0
11460,0.8300203085561646,0
11461,1.292140702480265,0
11462,1.197267687972097,0
11463,0.267122700997183,0
11464,0.9281690186721512,0
11465,0.10708502273678441,0
11466,1.5667340596748265,0
11467,1.2398724229184765,0
11468,0.6178191759537395,0
11469,0.5855477414556429,0
11470,0.24992450004096528,0
11471,0.17737146214199198,0
11472,0.7925588067053456,0
11473,0.39313849477414187,0
11474,0.28670671002986714,0
11475,0.7134781658845117,0
11476,0.9604261035023434,0
11477,0.3462442598754818,0
11478,1.8506570376623046,0
11479,0.8655380007103913,0
11480,0.2916885232766185,0
11481,1.0546107178621873,0
11482,0.3821991524729291,0
11483,0.26728681764313544,0
11484,0.3296517837596544,0
11485,0.7200187158514243,0
11486,0.14790854525634897,0
11487,0.3680709661310804,0
11488,0.33263143347983076,0
11489,0.642247138272839,0
11490,2.120849675026379,0
11491,0.4380997602693297,0
11492,0.409996548310429,0
11493,0.4090094158931776,0
11494,0.9853307577730611,0
11495,0.2705951880301393,0
11496,0.3176021071629518,0
11497,4.62764905360734,1
11498,0.10031164508104065,0
11499,0.9662038361989957,0
11500,1.5955649480484129,0
11501,0.26254523254642115,0
11502,0.9761763122283824,0
11503,0.23204365894515983,0
11504,0.5891154590424071,0
11505,0.8855897575357561,0
11506,0.35188298887719993,0
11507,2.6893976531230352,1
11508,2.1558256321508718,0
11509,0.38705976495709055,0
11510,2.344874408045381,1
11511,0.6912331293838508,0
11512,0.48191892897909866,0
11513,0.2559866053370019,0
11514,2.2707212671742387,0
11515,1.121763890489142,0
11516,1.7382983773205396,0
11517,1.2623250079978026,0
11518,0.35968131408730997,0
11519,0.8095152665094728,0
11520,0.6790363875800512,0
11521,0.12221268128232395,0
11522,0.22503020604323618,0
11523,0.20454877405128613,0
11524,0.782865639321671,0
11525,0.9785722572317486,0
11526,0.6541688597466213,0
11527,0.8721520049103058,0
11528,0.4933434742945904,0
11529,0.6107220539300651,0
11530,0.8353569009701435,0
11531,6.384657524450297,1
11532,0.5401707238904551,0
11533,3.5187807993220277,1
11534,0.1719769439343007,0
11535,1.094322853204309,0
11536,3.1731509084873375,1
11537,0.826304446438843,0
11538,0.9726520288894406,0
11539,0.13030505593598488,0
11540,0.9209316007758451,0
11541,0.5703685825116376,0
11542,1.3332201138019755,0
11543,0.7138069376996863,0
11544,0.3556539410267908,0
11545,0.3787186268989363,0
11546,0.09658002076810089,0
11547,3.420517231638938,1
11548,0.1843534861571511,0
11549,0.3510277773303884,0
11550,0.09436388913837793,0
11551,1.0261436285445857,0
11552,0.17238645784915407,0
11553,2.281353319826113,0
11554,2.4684546704039194,1
11555,0.31358595163117026,0
11556,0.761219688817606,0
11557,8.979822551931235,1
11558,0.5744705634459419,0
11559,1.7960248804590155,0
11560,1.0254730849023346,0
11561,0.19494062525223033,0
11562,1.4889311657724562,0
11563,0.33642261659252537,0
11564,1.1751474269683169,0
11565,1.2719255214450835,0
11566,0.5997025986032104,0
11567,1.8560583851508745,0
11568,3.470667119980613,1
11569,0.6590376705753942,0
11570,3.5244202706854666,1
11571,0.2990833335715838,0
11572,1.7847634170523308,0
11573,0.19243256337374132,0
11574,0.28841381212250417,0
11575,0.7543010630505823,0
11576,0.6927214666668553,0
11577,0.3527810832129441,0
11578,0.2641510249701711,0
11579,0.7783342257590202,0
11580,0.325090640684067,0
11581,1.2472485593164013,0
11582,1.6989212778487541,0
11583,1.0787402461109497,0
11584,1.226308292793064,0
11585,1.2824261225099078,0
11586,1.1209884025650445,0
11587,3.1292945658478244,1
11588,0.226126838003041,0
11589,0.2832653399050048,0
11590,1.294966070147082,0
11591,1.705725533696142,0
11592,0.5544959553226402,0
11593,1.1434145612905038,0
11594,0.518885234849426,0
11595,0.5089297758738943,0
11596,0.1425943396677613,0
11597,1.1499636785832767,0
11598,1.1354003451488661,0
11599,1.5355265657586568,0
11600,1.1480312258943786,0
11601,0.517765118431031,0
11602,0.4966590244879159,0
11603,0.590092224812333,0
11604,0.59439933952863,0
11605,0.5867451034397493,0
11606,0.9710477439925203,0
11607,0.7990833842597143,0
11608,0.6537513429180287,0
11609,0.42094674515823927,0
11610,0.14214996107377886,0
11611,0.7605537232719687,0
11612,1.4695372900683115,0
11613,0.4582305075464438,0
11614,1.5733048467733581,0
11615,0.5785326699719431,0
11616,1.024310650667685,0
11617,1.5043523770148983,0
11618,0.18653244034378033,0
11619,0.7178616890322592,0
11620,0.2960420189386478,0
11621,1.4346570930641374,0
11622,1.0850870701859,0
11623,0.8319990703691842,0
11624,1.8413833516698106,0
11625,0.7033325322349466,0
11626,2.1956045032284903,0
11627,0.6889545220093276,0
11628,0.777059322223899,0
11629,1.1362227017486952,0
11630,1.0597239668106382,0
11631,0.2554594917015388,0
11632,1.1380053489473994,0
11633,1.0735797610421312,0
11634,2.1917348616819465,0
11635,0.4598406160325748,0
11636,0.0892004768037803,0
11637,0.6823711379265401,0
11638,0.46285232192799947,0
11639,0.36889927163325875,0
11640,0.16179533040006647,0
11641,0.6714116287424062,0
11642,0.774537726523897,0
11643,1.5073469052901445,0
11644,0.3046340341906154,0
11645,1.12422942129615,0
11646,2.0778122947166704,0
11647,1.5239750141159163,0
11648,0.5635983645767334,0
11649,0.37698070803926625,0
11650,0.5999745601721552,0
11651,0.13535628439015562,0
11652,0.7854779787429585,0
11653,0.2541064613697217,0
11654,0.2267258235469444,0
11655,0.9033008038549288,0
11656,0.19084888518110693,0
11657,1.039900722747724,0
11658,0.8249510767862891,0
11659,0.38048078564796406,0
11660,1.4021722505655672,0
11661,0.615716444886597,0
11662,0.3849324804500133,0
11663,0.46272114052534485,0
11664,2.4456660834072044,1
11665,1.1379112360981012,0
11666,1.8130508241184031,0
11667,0.2853050957783819,0
11668,0.15782879812821782,0
11669,2.369835209517693,1
11670,0.7721604148316533,0
11671,1.412092878906128,0
11672,2.3735191727521725,1
11673,0.3346993262816457,0
11674,2.069452451242836,0
11675,1.1829252379698643,0
11676,0.7903404495369868,0
11677,0.7688455785042672,0
11678,0.29974174010326177,0
11679,1.8280258912960057,0
11680,2.710107743057802,1
11681,0.9951283454629806,0
11682,0.29235402675379596,0
11683,0.4714652570183434,0
11684,0.520576726738238,0
11685,0.6749735277011891,0
11686,1.0975745290635004,0
11687,1.3405985033239707,0
11688,0.9110945379216713,0
11689,0.3331008163651422,0
11690,0.9601244673564228,0
11691,0.7517084356893594,0
11692,2.575135120915296,1
11693,0.2031021169394147,0
11694,0.556835893889661,0
11695,1.0646138108668681,0
11696,1.0840999721817137,0
11697,0.21329932985768257,0
11698,0.5558606216981246,0
11699,0.6581589907619778,0
11700,0.4240391551673836,0
11701,0.9757003141630634,0
11702,1.7328393446059536,0
11703,0.16659153708269173,0
11704,2.228913301285793,0
11705,0.5603572887701066,0
11706,1.1963865041430035,0
11707,1.257178491118044,0
11708,0.6176919883661435,0
11709,1.0415977829252452,0
11710,1.2836001057465782,0
11711,1.366174208817749,0
11712,1.4329520772895403,0
11713,0.37828333643725304,0
11714,1.3203802623427052,0
11715,0.39831483945311597,0
11716,0.48929865139811446,0
11717,0.3655739086017931,0
11718,0.4266966897004171,0
11719,0.2604850768698081,0
11720,2.0947110469098447,0
11721,1.431107567509903,0
11722,1.5021169306191837,0
11723,0.983663532692003,0
11724,1.0169857288345374,0
11725,1.235959353367491,0
11726,0.4558886458790365,0
11727,0.7325157159533988,0
11728,0.9471691221805216,0
11729,0.07827271354969692,0
11730,1.2200738216021663,0
11731,0.19560480069056915,0
11732,0.6179913632668205,0
11733,1.2057626196510562,0
11734,0.9700786437533828,0
11735,0.15536167050071378,0
11736,2.8304284171767744,1
11737,0.27276083313746197,0
11738,1.4395147057716842,0
11739,0.8613264008205117,0
11740,0.5807586896746828,0
11741,0.3841194635882429,0
11742,0.742013028787561,0
11743,0.8494103233411409,0
11744,2.279367929833322,0
11745,1.5595665341136213,0
11746,1.6926418444818985,0
11747,0.3985083790633747,0
11748,0.857749189733196,0
11749,0.885800158731136,0
11750,1.1290058767332325,0
11751,0.5415166182651626,0
11752,1.5872217551681183,0
11753,0.5290258398785118,0
11754,1.0377917248383866,0
11755,1.972226638440614,0
11756,1.4221289222582563,0
11757,0.2503321873173805,0
11758,0.3607917059945378,0
11759,0.457636700639109,0
11760,0.7160761475827632,0
11761,0.9718494745162694,0
11762,3.7148308914796067,1
11763,0.16636468846558117,0
11764,0.1487264717080556,0
11765,1.909225515197032,0
11766,2.023727619661333,0
11767,1.3446583688397005,0
11768,1.7490068832540224,0
11769,1.3266529363745379,0
11770,1.3598032041079804,0
11771,0.7195894446577729,0
11772,1.607239328572693,0
11773,0.2783085626190871,0
11774,0.662817524258082,0
11775,0.3778365646161415,0
11776,1.1576931143658575,0
11777,1.4641309594629264,0
11778,0.37951593529832095,0
11779,1.4420354671347106,0
11780,0.20061310710850827,0
11781,0.705534807319599,0
11782,0.9546360764894446,0
11783,0.4453057848665331,0
11784,2.0472628758113256,0
11785,1.2284972165047843,0
11786,0.27917969618571,0
11787,1.9377562306253093,0
11788,1.1024692145572113,0
11789,2.7864415951807016,1
11790,0.2780938642902792,0
11791,1.1129388155488482,0
11792,1.1143638519245684,0
11793,1.1390760860243914,0
11794,0.4321106179828179,0
11795,2.298404301320312,0
11796,0.24427540083495408,0
11797,0.30491629477010196,0
11798,0.5092068306484696,0
11799,0.7257007104741284,0
11800,0.21591794122120317,0
11801,1.0911846772700455,0
11802,0.6725599484779179,0
11803,1.7380664865181743,0
11804,0.6073682987229783,0
11805,0.2544563056763282,0
11806,1.507065918695635,0
11807,0.6164154454182608,0
11808,0.7912777300651387,0
11809,0.702381206716191,0
11810,0.20914682517060892,0
11811,0.8905378988403353,0
11812,0.28413606590568474,0
11813,1.207650158809566,0
11814,1.1720621962288236,0
11815,0.29551352397027403,0
11816,1.8143105085850855,0
11817,0.46857301917043,0
11818,0.8585039257796186,0
11819,0.6934362450627256,0
11820,1.0303236213278886,0
11821,0.18747780113120913,0
11822,0.2809968727045392,0
11823,1.5395019070041684,0
11824,1.1415840322054618,0
11825,0.18696473788943838,0
11826,0.4003373955090671,0
11827,0.8686915018045027,0
11828,1.1000661778398464,0
11829,0.8493459147607499,0
11830,0.8100210251377463,0
11831,1.4343485923904606,0
11832,0.3035692226536354,0
11833,2.6375073462161986,1
11834,0.4885725172511757,0
11835,1.2475210288563297,0
11836,2.295816647495104,0
11837,0.9763619658831292,0
11838,0.7941464376852891,0
11839,0.8329775529510817,0
11840,2.3094463275246633,0
11841,3.816009962389218,1
11842,0.6274084436219615,0
11843,0.7746336990145182,0
11844,1.9354042563345366,0
11845,0.25301471953213384,0
11846,0.874509445246356,0
11847,1.0520581823812891,0
11848,1.4551616406371384,0
11849,3.487455935052253,1
11850,0.37010926849823705,0
11851,0.31007480401092563,0
11852,0.9801135908008778,0
11853,5.424327862872955,1
11854,0.5946739453481359,0
11855,2.5797363456076647,1
11856,1.107556665459222,0
11857,1.22729743155037,0
11858,1.2488480947816964,0
11859,0.5933955498658182,0
11860,1.058086572090335,0
11861,0.20213688592962006,0
11862,0.4946995152217103,0
11863,0.7737170384914617,0
11864,0.6120620734410762,0
11865,1.0284690647030896,0
11866,2.7014223911625574,1
11867,4.360286077198394,1
11868,1.0498918352711295,0
11869,0.21352735150899055,0
11870,1.2478641266124333,0
11871,0.6989642941671259,0
11872,0.7064762103328862,0
11873,1.1637624525947063,0
11874,0.5712377015237798,0
11875,0.3664039020415073,0
11876,0.8030156532090487,0
11877,0.535163219262882,0
11878,0.6089273542949245,0
11879,0.8641989677229404,0
11880,2.558158447478797,1
11881,1.053092490647709,0
11882,0.3506009848480446,0
11883,1.3726290038855358,0
11884,0.23688430306127928,0
11885,0.37100134382279915,0
11886,0.4992271414873876,0
11887,1.4003971501605363,0
11888,1.4262220238240237,0
11889,0.1363217652264175,0
11890,0.18375422903048072,0
11891,0.7686952664821229,0
11892,1.4537716059921548,0
11893,0.295102506676031,0
11894,0.2989667211759106,0
11895,0.7055879050953153,0
11896,0.7059398202469791,0
11897,0.9217439860802752,0
11898,1.5085311474959409,0
11899,0.22277855357706944,0
11900,0.2057443497180833,0
11901,0.7113874600171528,0
11902,0.42971489267689034,0
11903,0.6337382675851801,0
11904,0.5184769014537822,0
11905,0.6577121897063116,0
11906,0.4548226397819689,0
11907,0.9186661419403095,0
11908,0.9767107420414878,0
11909,1.3039745065771697,0
11910,0.7222612042517047,0
11911,0.5458341574278399,0
11912,2.2274397593589113,0
11913,0.8436844294627012,0
11914,0.19903192786428298,0
11915,1.6313618949106208,0
11916,1.5121719327545589,0
11917,0.7216213712367916,0
11918,0.4994275389427251,0
11919,0.3031349486747802,0
11920,1.2488783577011437,0
11921,0.9208705649106177,0
11922,0.25682816773992045,0
11923,0.616337094072166,0
11924,0.6788120498620813,0
11925,1.599953639928427,0
11926,0.7633531741538924,0
11927,2.406931322908638,1
11928,0.6994313114060726,0
11929,1.1274831102689982,0
11930,0.5040232467685417,0
11931,1.9730863634260296,0
11932,0.22748101861702583,0
11933,1.0622136843355907,0
11934,0.29904394262954465,0
11935,0.7122525379649671,0
11936,1.5758658610143477,0
11937,1.396031020039908,0
11938,0.8397190573426337,0
11939,1.2233408753557524,0
11940,0.5970416289498958,0
11941,1.256354197832654,0
11942,1.1956822004553689,0
11943,0.1842653078884344,0
11944,0.231262999490541,0
11945,0.20292624197269654,0
11946,0.6820196980654076,0
11947,0.5424416452352805,0
11948,1.395216865639173,0
11949,3.2289814545404574,1
11950,0.9472488549351491,0
11951,0.8808657529585968,0
11952,1.092028062971509,0
11953,1.1050837736606514,0
11954,0.367387477469915,0
11955,2.338974584488446,1
11956,0.5192853187122854,0
11957,1.4166573266651086,0
11958,3.3104481654982223,1
11959,0.5745557700929222,0
11960,0.6301205131160069,0
11961,1.8333883632840973,0
11962,0.16453045499167668,0
11963,0.7188760644260712,0
11964,0.6563016409729802,0
11965,0.8718491187666076,0
11966,1.2754671006481004,0
11967,0.8924671006782571,0
11968,0.9713522055254874,0
11969,0.726509294868678,0
11970,0.853390374144104,0
11971,0.410544444835433,0
11972,0.5725555095254956,0
11973,0.06893263522486057,0
11974,0.9954934523330241,0
11975,1.7057410860460869,0
11976,0.16053561488600912,0
11977,2.0168851759436075,0
11978,0.2446143186474357,0
11979,0.5357812872844433,0
11980,2.637907815164925,1
11981,1.9143118212684445,0
11982,1.6088807829415352,0
11983,1.2440304318660176,0
11984,1.7202918748974345,0
11985,0.36873919387776277,0
11986,0.27475361857049496,0
11987,1.30375900618594,0
11988,0.8582821041225385,0
11989,0.36913064989158034,0
11990,1.0820781540838234,0
11991,0.4885650866252827,0
11992,2.0018769336359887,0
11993,1.2273906214863304,0
11994,1.0513663641383517,0
11995,0.17211769327677304,0
11996,1.3811670045181148,0
11997,1.9247449272159678,0
11998,0.2808056019773692,0
11999,0.706885758748709,0
12000,3.3445353328431096,1
12001,0.48611494176855885,0
12002,0.8675660618590537,0
12003,2.4371794208770123,1
12004,0.9950526458681616,0
12005,1.0136777205749596,0
12006,1.352449831315472,0
12007,0.8253714144526505,0
12008,0.10537483469214012,0
12009,0.19131214746428105,0
12010,0.8142290949066474,0
12011,0.19146793142085902,0
12012,0.3202534115469219,0
12013,1.4390206590693915,0
12014,0.44962862902753875,0
12015,0.6229391219371812,0
12016,0.7916206040589223,0
12017,0.8753901445875314,0
12018,1.3174988676856096,0
12019,0.496079891130959,0
12020,0.1790798550459792,0
12021,0.6826173875591144,0
12022,0.3446798032201518,0
12023,0.2946816092467282,0
12024,1.036042310151787,0
12025,0.7008727095393648,0
12026,0.46268622140360655,0
12027,2.376779656147302,1
12028,0.5808846257407317,0
12029,0.7890050405848271,0
12030,0.27638891090021256,0
12031,0.22117686977639553,0
12032,0.339611339299612,0
12033,0.8470833974963037,0
12034,0.3228487041890589,0
12035,1.4188713736213097,0
12036,1.3372777587358837,0
12037,1.5767215748322598,0
12038,0.30405628401552315,0
12039,0.4358167435374984,0
12040,0.3669925004597783,0
12041,0.9460158311378806,0
12042,0.17305678827026366,0
12043,0.6366084953917678,0
12044,0.8601010019652383,0
12045,0.3714978566916585,0
12046,0.1459456766543127,0
12047,1.1121545840629252,0
12048,0.5466975013618308,0
12049,0.24758206627853285,0
12050,1.1186006537890847,0
12051,0.28625467417152584,0
12052,0.19986744590691696,0
12053,0.6843763134411174,0
12054,0.7889098132264096,0
12055,1.0478363832395718,0
12056,0.33308687662585035,0
12057,1.612856138075117,0
12058,0.2842842226688466,0
12059,2.259704561909966,0
12060,0.5810489345621004,0
12061,4.075030500530139,1
12062,0.3646509563014521,0
12063,0.7047742028665622,0
12064,1.400066482387049,0
12065,1.6460620199538105,0
12066,0.6163665267193704,0
12067,0.6261283066064143,0
12068,1.8301908584418516,0
12069,0.2741215427179819,0
12070,0.8593076602181758,0
12071,0.8646275097423703,0
12072,1.5584038788794288,0
12073,1.2692162791585075,0
12074,0.1806098348687539,0
12075,0.1430629127710646,0
12076,0.3466564304845296,0
12077,1.6207966879070863,0
12078,1.3208137868467649,0
12079,1.987921180021149,0
12080,0.45803796499269084,0
12081,0.9259704045006307,0
12082,1.001163361847457,0
12083,1.5917086509951155,0
12084,0.37625872876027033,0
12085,0.8284392143899424,0
12086,0.3414837498094607,0
12087,0.3634543171062344,0
12088,2.0868548189507545,0
12089,1.6579753175997503,0
12090,1.602608835372073,0
12091,1.3839336961318023,0
12092,0.8410177061519034,0
12093,0.3728409393005004,0
12094,1.010540888631122,0
12095,0.30778650606973945,0
12096,1.227374557168711,0
12097,0.4293713607800127,0
12098,1.7517743901496445,0
12099,0.45327658820700006,0
12100,0.7729988100898921,0
12101,0.7045184863921446,0
12102,0.7068934368130599,0
12103,1.2744421513817334,0
12104,0.6487488003102364,0
12105,2.8335024668456095,1
12106,0.1769280019055483,0
12107,0.3064917759005737,0
12108,0.2625104212023828,0
12109,1.0533395445482614,0
12110,1.0785903513163069,0
12111,0.6922100015026209,0
12112,0.5789630026344733,0
12113,2.002859739423391,0
12114,1.8758173954223913,0
12115,0.16638329492161952,0
12116,2.2434964318920247,0
12117,0.61348234283727,0
12118,0.2799425769952043,0
12119,0.879933208373048,0
12120,4.026820282172641,1
12121,1.036656878564457,0
12122,0.6351402880766588,0
12123,1.3550230583212224,0
12124,1.1670028276300417,0
12125,0.6359399046367333,0
12126,0.2617546412843966,0
12127,0.32154482763866754,0
12128,0.5770877027022501,0
12129,0.2610345656572334,0
12130,0.7816688947586622,0
12131,1.0783864191443944,0
12132,0.4344693599730907,0
12133,0.21915147950847355,0
12134,0.39490986532976213,0
12135,0.8654915946876246,0
12136,0.5765367297602739,0
12137,0.30499958164084,0
12138,0.19585187331681192,0
12139,0.2037916425328455,0
12140,0.5696833771719687,0
12141,0.30704132808055373,0
12142,1.1129272317443373,0
12143,1.6487292483455191,0
12144,0.8282185237470838,0
12145,0.13926795648907658,0
12146,0.5632822837909573,0
12147,0.3147967050305408,0
12148,0.316944782233556,0
12149,1.115158113119283,0
12150,0.7846668542662905,0
12151,0.7522450935014428,0
12152,0.1768333907790043,0
12153,0.5221103045238514,0
12154,1.8324050995396877,0
12155,0.8822397168190367,0
12156,1.332345624040298,0
12157,0.6040840252186543,0
12158,0.9107640420155472,0
12159,0.4711309268885128,0
12160,1.0326855163673445,0
12161,0.2534838501081335,0
12162,0.6282203003830872,0
12163,0.7497578575881951,0
12164,0.3408744979131774,0
12165,0.48967871178228994,0
12166,0.4109053363061294,0
12167,1.5648600607055474,0
12168,0.5855484518886634,0
12169,0.8945722268022834,0
12170,1.043749574967177,0
12171,1.1423836437670123,0
12172,0.15964909532757338,0
12173,0.6730269458994421,0
12174,0.9124147901131172,0
12175,1.037105115362997,0
12176,0.663455480891429,0
12177,0.6561362548496006,0
12178,0.45747938772551516,0
12179,1.069426735949703,0
12180,0.20415590128518427,0
12181,1.3868519820018053,0
12182,1.097055559235789,0
12183,0.8935381768179178,0
12184,0.21548568661361883,0
12185,0.5359866576927919,0
12186,0.3258228201994894,0
12187,0.4500630280804052,0
12188,0.4426730159504751,0
12189,1.2296043503776874,0
12190,3.448182186929573,1
12191,2.2224092545655836,0
12192,0.8713165772823415,0
12193,0.8961436348683179,0
12194,1.1945570012068247,0
12195,1.0104272183786724,0
12196,1.1167965612063093,0
12197,1.6483995560264035,0
12198,0.4433146200140137,0
12199,0.46494118460468314,0
12200,1.239567684491306,0
12201,1.298937366495798,0
12202,0.33162587593293114,0
12203,1.4990100177620636,0
12204,0.7569243300795282,0
12205,1.1191333411836881,0
12206,1.531177199831977,0
12207,0.31306166432037413,0
12208,0.9599319353983813,0
12209,1.4534786432467122,0
12210,0.1979086563426513,0
12211,0.21157317897851083,0
12212,0.25871210150846213,0
12213,0.18940053255582823,0
12214,0.7866238119487929,0
12215,0.70910809125547,0
12216,1.273316998131964,0
12217,0.5441928359616115,0
12218,1.6600574620269164,0
12219,0.2201036918865536,0
12220,1.0706833161428306,0
12221,0.933825235579534,0
12222,1.9398176842995885,0
12223,0.38398468458968293,0
12224,1.0077291806636401,0
12225,0.16373690507412672,0
12226,2.2857794870029884,0
12227,1.9476833837463368,0
12228,0.27453984576460333,0
12229,1.0220249014353908,0
12230,0.7339632682497073,0
12231,0.46472344695712636,0
12232,0.24911126333103795,0
12233,1.1675407743469661,0
12234,0.9566252757460815,0
12235,1.0582646677139844,0
12236,1.0115106354370778,0
12237,1.1680389038666918,0
12238,1.0326612068188492,0
12239,0.778471386916373,0
12240,1.4918160636028663,0
12241,1.3063499832595096,0
12242,0.6471836473546146,0
12243,0.8014231409654734,0
12244,1.3013879810905133,0
12245,0.23632585142586882,0
12246,0.5148593005731668,0
12247,0.7361586915868763,0
12248,2.817879420884602,1
12249,1.0642276352549487,0
12250,1.9857925379656802,0
12251,0.14693063050798555,0
12252,0.5875362364411563,0
12253,0.6989981124695746,0
12254,1.0320928884111227,0
12255,0.979569590935148,0
12256,0.7439483758762048,0
12257,0.19066562787987537,0
12258,0.20675138718188374,0
12259,0.704981220935235,0
12260,1.931925557535207,0
12261,1.822963742281938,0
12262,0.40617088445516547,0
12263,0.37880328650836714,0
12264,0.4847855436391992,0
12265,0.19290545110860702,0
12266,0.4637361657728463,0
12267,0.9464428298961165,0
12268,0.6865669443807632,0
12269,0.14717005910874867,0
12270,0.21975991589812738,0
12271,1.0144409898387816,0
12272,0.35212353753323206,0
12273,0.5328864585272892,0
12274,0.32614886494086576,0
12275,0.98222262165362,0
12276,3.3983534146388004,1
12277,0.42196556208045644,0
12278,0.6611580518253156,0
12279,0.3874665575026917,0
12280,1.3805566593906065,0
12281,1.4754025274672342,0
12282,0.9584682968645503,0
12283,1.2829900029005623,0
12284,0.9847036414854926,0
12285,0.37572914035730276,0
12286,0.994888508931027,0
12287,0.693240948323176,0
12288,1.0113605745391447,0
12289,0.3841615112449256,0
12290,0.17268627267094133,0
12291,1.0677696923609843,0
12292,1.1675372303934757,0
12293,1.778079678504993,0
12294,0.4954099724963098,0
12295,0.7643846352580795,0
12296,0.5990562592892603,0
12297,0.9941738952635755,0
12298,0.25980739609039694,0
12299,1.0046773497338641,0
12300,0.2379809495686092,0
12301,0.9201776028934002,0
12302,1.6026692175742554,0
12303,2.8867563219860015,1
12304,0.9855830106271736,0
12305,1.186316173385508,0
12306,0.8863922953819792,0
12307,2.447441738032088,1
12308,0.24423867453047848,0
12309,0.26360313254326295,0
12310,0.3953806221327979,0
12311,1.055904245901551,0
12312,1.2331115461406585,0
12313,0.4690080827810391,0
12314,0.21044973026720043,0
12315,0.4812909004939329,0
12316,1.487907424261819,0
12317,0.33502518890643546,0
12318,1.2925261310105591,0
12319,0.9510036186621971,0
12320,1.4805482918553632,0
12321,1.1816934513470123,0
12322,0.7827633958353826,0
12323,0.5100208852656019,0
12324,0.08477188105808163,0
12325,0.1931048922248495,0
12326,0.45705780935364915,0
12327,0.1928205314968229,0
12328,2.4043169077045086,1
12329,0.852378577905346,0
12330,10.827304037229847,1
12331,0.9057451215870367,0
12332,0.2812418391594721,0
12333,0.5857093339902337,0
12334,0.1238951087861802,0
12335,0.7114945688737027,0
12336,0.08943309871611196,0
12337,2.253652956318389,0
12338,0.1569909965210734,0
12339,1.6145180275299462,0
12340,0.8679629167124352,0
12341,3.5173497834640854,1
12342,0.298332083426159,0
12343,0.5409684417521514,0
12344,1.2732165788742373,0
12345,0.8632714273913542,0
12346,0.4696684405351988,0
12347,1.178918333114468,0
12348,0.42205972592664914,0
12349,0.49882445465813585,0
12350,0.3868148872744766,0
12351,0.6163985983081558,0
12352,1.674352986584821,0
12353,1.1198960817680652,0
12354,0.4479737581265882,0
12355,0.1690444339377733,0
12356,2.506549459596184,1
12357,0.30973911983612346,0
12358,0.5148009951671669,0
12359,0.39425739008025606,0
12360,1.0481216844465497,0
12361,0.8850162850676467,0
12362,0.6977708205437368,0
12363,1.6555609121648653,0
12364,1.7757441636327447,0
12365,0.8352425024619246,0
12366,0.9809240353301263,0
12367,0.7674728055096358,0
12368,1.0725189190796223,0
12369,0.5103114171113048,0
12370,0.7687883812767545,0
12371,0.7439508296824092,0
12372,1.2850284206677325,0
12373,2.6724568487200475,1
12374,1.2140191667704852,0
12375,0.39710095882017293,0
12376,1.197264952560575,0
12377,0.5155353994586918,0
12378,0.8355844092419777,0
12379,0.4437288139969867,0
12380,1.5271727813821556,0
12381,2.7528389723499322,1
12382,0.23044601110220317,0
12383,0.5075648388337547,0
12384,2.1173906366819244,0
12385,0.4470216649277868,0
12386,1.7467656494517834,0
12387,0.7443131563312264,0
12388,1.9093458133508592,0
12389,0.14782644628781333,0
12390,1.7831556544162914,0
12391,0.9198960887686184,0
12392,0.3627589258278236,0
12393,0.35386732184720404,0
12394,1.0742910238320462,0
12395,0.8198391666343131,0
12396,0.9967438486513174,0
12397,1.6365646355924994,0
12398,1.2960721648200773,0
12399,0.3243876995423475,0
12400,1.1095211707761623,0
12401,2.0660598920827944,0
12402,0.40886550902560187,0
12403,1.3186927291736368,0
12404,1.204581005190831,0
12405,0.1073252394294015,0
12406,0.9416145050974626,0
12407,1.3057900373236968,0
12408,1.5398516486475662,0
12409,1.521508374160557,0
12410,1.5447128666849546,0
12411,0.31350306444089615,0
12412,0.6482790042582492,0
12413,1.0093701767831436,0
12414,0.26794460351416616,0
12415,2.7656050142571313,1
12416,0.34426810204801134,0
12417,0.23935311480297278,0
12418,2.6542114302118764,1
12419,0.3004522634977005,0
12420,2.0974133138463156,0
12421,1.0856642270746322,0
12422,0.7078605995935866,0
12423,1.2395419296284511,0
12424,0.9104806332464754,0
12425,0.8588395460033009,0
12426,0.5270866978535851,0
12427,0.2989544364544693,0
12428,0.6040631400773357,0
12429,0.4341087985280609,0
12430,0.5519734988658861,0
12431,0.7142915918529879,0
12432,0.5519734988658861,0
12433,0.5055804643107026,0
12434,1.2726045713380372,0
12435,0.7339168623942782,0
12436,0.4720384198248554,0
12437,0.09804458287646674,0
12438,0.2011949799432815,0
12439,0.2021076580555138,0
12440,0.69355168516376,0
12441,1.5158177398716934,0
12442,1.5159817112653524,0
12443,0.8279527349903857,0
12444,0.09947547010746453,0
12445,0.6047039209168013,0
12446,0.7072924339842775,0
12447,0.5184991175537064,0
12448,0.3860917986414841,0
12449,1.1469711951268295,0
12450,0.6173247747870528,0
12451,1.272189297148398,0
12452,0.1892933973734756,0
12453,0.5929899105115157,0
12454,1.140962331278239,0
12455,0.07914239934298624,0
12456,0.37769894468144993,0
12457,0.15050632858161248,0
12458,0.4342186379753775,0
12459,1.4979485502976795,0
12460,0.31299106862478954,0
12461,1.1922310829785083,0
12462,1.7043279090022048,0
12463,1.96264550021164,0
12464,1.1788392125527865,0
12465,1.522822888480274,0
12466,0.3288920798001061,0
12467,0.902092124973213,0
12468,0.6602577303381926,0
12469,0.4026536932104623,0
12470,0.42779937221902464,0
12471,1.7470935924889623,0
12472,1.0080008149025932,0
12473,0.6517780131374697,0
12474,2.137059642751006,0
12475,0.39676917281974294,0
12476,1.3945409504655217,0
12477,0.6905042670409853,0
12478,0.14268661444199057,0
12479,0.20388400030811926,0
12480,1.4888362068481424,0
12481,1.0625046536396545,0
12482,0.7989572741073013,0
12483,0.7566444615406076,0
12484,0.236639986970196,0
12485,0.2725115970020728,0
12486,0.50319848573113,0
12487,0.2886256912413395,0
12488,1.9565153131728015,0
12489,1.6194131780842114,0
12490,0.18247643138877062,0
12491,1.365467785379439,0
12492,0.34159257493885675,0
12493,0.6646822175751637,0
12494,3.075396883809412,1
12495,0.7951763272668207,0
12496,0.8678990988421296,0
12497,1.4602702615731693,0
12498,0.7914696252487127,0
12499,0.6723489732383168,0
12500,0.399278682449122,0
12501,1.6927780594768849,0
12502,1.8122799663134992,0
12503,1.1384749676152592,0
12504,1.2117223908961645,0
12505,0.30830555395702175,0
12506,0.7425530198002358,0
12507,0.84587408576661,0
12508,1.09147804819641,0
12509,0.4726340967923191,0
12510,0.157060277304875,0
12511,0.7671223617348093,0
12512,0.6684442857593688,0
12513,1.2482289319357949,0
12514,0.3086859953027758,0
12515,0.7610721028427362,0
12516,0.4852153221577028,0
12517,0.18684899782066283,0
12518,1.5097894990346017,0
12519,1.1095052438619093,0
12520,1.4092487096563695,0
12521,0.6070028989324787,0
12522,0.5776935346260748,0
12523,1.2263120966533472,0
12524,0.856173465692023,0
12525,1.3536432882174716,0
12526,0.8014175067434411,0
12527,0.16954022008303699,0
12528,0.39022011441321974,0
12529,1.203227629416731,0
12530,0.9902210610687072,0
12531,1.0892446610154727,0
12532,0.7144457769357002,0
12533,0.560965388673176,0
12534,0.5343514116526636,0
12535,0.4487063586491713,0
12536,0.677762866856163,0
12537,0.6994424207914732,0
12538,0.4552490153371219,0
12539,0.32465293597227485,0
12540,0.7201400792617875,0
12541,3.381604768668429,1
12542,0.8715983551793398,0
12543,0.24320538226639754,0
12544,0.16756191253136113,0
12545,0.2575869232093725,0
12546,1.3693965494351588,0
12547,1.6110782112831508,0
12548,0.3119992670473932,0
12549,0.12828495335358545,0
12550,1.835213213886243,0
12551,0.7681929214838826,0
12552,0.5330873618230778,0
12553,0.446016419900128,0
12554,0.23078873058243107,0
12555,0.3316559990058638,0
12556,1.0951739586426228,0
12557,0.09222923366388865,0
12558,0.875583170219096,0
12559,0.9575921548826425,0
12560,0.7614970681979589,0
12561,2.009392586856653,0
12562,0.47914637364334495,0
12563,0.6883417732502543,0
12564,0.4857372637932401,0
12565,1.2132339913662478,0
12566,0.31623143837947887,0
12567,4.364983600144269,1
12568,0.2132309233174674,0
12569,0.7574731234105707,0
12570,0.11177382674244049,0
12571,0.2573259620824988,0
12572,0.7265441337286522,0
12573,2.128907569306879,0
12574,0.4644344502178613,0
12575,1.1103481174107852,0
12576,0.8032369143363652,0
12577,0.34038631095144767,0
12578,3.102762581018793,1
12579,1.5329912555263996,0
12580,1.212736571204379,0
12581,0.47275787125008834,0
12582,1.9934691847805652,0
12583,0.8877205193499271,0
12584,0.6732621186400298,0
12585,0.9289546099225918,0
12586,1.6217593082660624,0
12587,0.6098277548506398,0
12588,0.682449225514279,0
12589,0.6890424451734131,0
12590,0.6839198899992198,0
12591,0.7540784688473914,0
12592,1.1813129770688793,0
12593,0.4027961167909422,0
12594,0.22325974777951746,0
12595,0.16712584604746922,0
12596,0.2828969108836191,0
12597,1.002098341591585,0
12598,0.8621858442259317,0
12599,0.41495420204316014,0
12600,1.400029013605542,0
12601,0.48912062964586295,0
12602,0.28788112213296246,0
12603,1.1369413806727202,0
12604,1.0974847225508806,0
12605,0.39671530824145396,0
12606,0.5045185697498453,0
12607,0.21870369775229825,0
12608,0.9818803427745555,0
12609,1.1021075836350613,0
12610,0.40880312083467374,0
12611,0.3156643373227899,0
12612,0.24802571220341063,0
12613,1.049156161641747,0
12614,1.320226706282495,0
12615,3.6280123888204683,1
12616,0.9239617746935325,0
12617,0.3052473584503789,0
12618,0.7263622934505068,0
12619,0.8289075903494953,0
12620,1.2747776649636133,0
12621,0.6663921770980844,0
12622,1.6789646941467335,0
12623,0.8849168718417412,0
12624,0.39364067481767256,0
12625,0.5113109608523656,0
12626,0.6535482877366344,0
12627,0.2780801777995198,0
12628,1.7326790144817792,0
12629,0.4307024021315553,0
12630,0.26999667413679246,0
12631,0.579729526184017,0
12632,0.7585362889980894,0
12633,0.49052329098758457,0
12634,4.141816047223015,1
12635,1.276916836862039,0
12636,1.6771476391428686,0
12637,1.5187171408770677,0
12638,1.3195844852798682,0
12639,2.1232995731046476,0
12640,0.10997192264308091,0
12641,2.5453834654805716,1
12642,1.1021597228506972,0
12643,0.18955415231091316,0
12644,0.4131232947089131,0
12645,0.6606754399629238,0
12646,2.775514938059471,1
12647,0.5980728577435761,0
12648,0.15879079390066542,0
12649,1.326786306081898,0
12650,0.9288355783967447,0
12651,0.6048960383396186,0
12652,0.9772589573131822,0
12653,0.9386591171969518,0
12654,0.5659076578249487,0
12655,2.772791315809697,1
12656,2.2641340391005995,0
12657,0.4812722009627569,0
12658,0.7823998332577868,0
12659,0.6908382778022426,0
12660,0.22907628833941826,0
12661,0.3233598298490738,0
12662,0.3130354885611621,0
12663,1.1839055341013234,0
12664,0.8873204300268738,0
12665,0.8450468263067833,0
12666,3.537425266885971,1
12667,0.9251091589225899,0
12668,0.7126476829329356,0
12669,0.7173526393727204,0
12670,0.6751831499552461,0
12671,1.54943674639788,0
12672,6.932463465172309,1
12673,1.7910503948260392,0
12674,0.7506650198982152,0
12675,0.27079259399409095,0
12676,1.2271584047472675,0
12677,0.20420153062970758,0
12678,0.45983423188882605,0
12679,0.733250696530777,0
12680,0.70972369605181,0
12681,0.4422058579451954,0
12682,1.835173270477518,0
12683,0.7396478739435394,0
12684,0.4273614855238863,0
12685,1.513454944532823,0
12686,0.3411855000154114,0
12687,0.8883766646783344,0
12688,1.5317897637555868,0
12689,0.7336153235091929,0
12690,0.5283820262413068,0
12691,0.2723534670449837,0
12692,0.29519146416115605,0
12693,0.4057920150097381,0
12694,1.2896360646583491,0
12695,1.3879419501989827,0
12696,3.6314177227400677,1
12697,0.3289339544962927,0
12698,1.3294305462599958,0
12699,0.729878937945971,0
12700,2.6115350314785735,1
12701,0.9896349066635033,0
12702,0.12494018226364463,0
12703,0.8229805293912044,0
12704,0.9379152499824948,0
12705,0.24304052861640962,0
12706,0.9520313368166662,0
12707,1.3025626056388173,0
12708,1.2889612116516243,0
12709,1.083596212900408,0
12710,0.24893374391572726,0
12711,0.363851902203477,0
12712,1.8334290045709476,0
12713,0.20422448217490913,0
12714,1.0551600694946324,0
12715,1.2601510774331852,0
12716,0.8487358778832619,0
12717,0.24195355214779196,0
12718,0.9973894278956136,0
12719,1.2281926046186045,0
12720,0.1787593899097176,0
12721,1.0787781032183326,0
12722,2.992683171164817,1
12723,0.35856035645913475,0
12724,0.7589108277364858,0
12725,2.9879968744255665,1
12726,1.2712193626502115,0
12727,0.4312114268878139,0
12728,0.11997500544203317,0
12729,1.317563251447171,0
12730,0.804584775614195,0
12731,1.3003488788025899,0
12732,1.4308533954969014,0
12733,0.3924718897552956,0
12734,0.20184218158798933,0
12735,0.11538100227157524,0
12736,0.3701584345445868,0
12737,0.2639907437382951,0
12738,0.6767152417135668,0
12739,0.4802579113243282,0
12740,0.10416721138443434,0
12741,1.9986270776522015,0
12742,0.46143188128120843,0
12743,4.79207843000423,1
12744,0.9908294321898709,0
12745,1.402841313374315,0
12746,0.38421129887064365,0
12747,0.31466793687893857,0
12748,0.10894759431373738,0
12749,0.4522977590233336,0
12750,1.1551443609352916,0
12751,4.791941657405895,1
12752,0.7565042912728484,0
12753,0.9230176335109765,0
12754,0.4781266915333717,0
12755,0.4264137396903071,0
12756,0.5817584699294804,0
12757,0.23806408497390566,0
12758,0.736222703380764,0
12759,1.0754283901214854,0
12760,0.5684733752951193,0
12761,0.4007366041377291,0
12762,1.6233631746604325,0
12763,1.099587737406606,0
12764,2.6198738492037195,1
12765,0.774020788022786,0
12766,1.2296567858304424,0
12767,2.0822857599980433,0
12768,0.683589446667858,0
12769,1.206931194554708,0
12770,1.3175317847574646,0
12771,0.7187846134165834,0
12772,1.371548238869627,0
12773,0.8403262493714688,0
12774,1.3618745133835017,0
12775,0.16814758631565518,0
12776,0.6232326824109262,0
12777,0.45067889395288574,0
12778,0.7756915261666302,0
12779,0.40754065412874996,0
12780,1.8989029647753823,0
12781,2.317549719489834,0
12782,0.33209092314790906,0
12783,0.5059055511657867,0
12784,1.1066401163311343,0
12785,0.44909868752900406,0
12786,2.554649507598191,1
12787,0.8270162729531394,0
12788,1.378109313777295,0
12789,2.3797141463627063,1
12790,0.26821399349552716,0
12791,0.2784182569897558,0
12792,0.7765306623130672,0
12793,0.753193985186896,0
12794,0.9741535042709841,0
12795,1.2595359879926444,0
12796,0.47398368381067096,0
12797,1.3129583154453972,0
12798,0.5195952639108395,0
12799,1.7690272601141452,0
12800,0.9070253189007029,0
12801,0.10701543149536837,0
12802,1.2925308935786926,0
12803,0.6040428197857638,0
12804,1.7457806021193143,0
12805,0.7268930119746018,0
12806,0.47867084717088815,0
12807,0.4397574908610823,0
12808,1.3040230661312073,0
12809,0.7624865759837742,0
12810,0.6823239836559079,0
12811,2.736747753866287,1
12812,1.0435087222158497,0
12813,0.43118823760465874,0
12814,1.1459304276583953,0
12815,0.17600805828673954,0
12816,0.18642387520886514,0
12817,1.1831738580819497,0
12818,0.8147638598242803,0
12819,1.7222352627643485,0
12820,0.4528470273644311,0
12821,2.2261647978889054,0
12822,1.0045133890232283,0
12823,0.7602889457694382,0
12824,1.5029065176094727,0
12825,1.676688294631217,0
12826,0.6143030078632636,0
12827,0.510365277222299,0
12828,3.860810096622682,1
12829,4.383037273461031,1
12830,0.7996774789220528,0
12831,0.6483593418358082,0
12832,0.7236062937609757,0
12833,0.7720288664726862,0
12834,0.43028853064342715,0
12835,1.70732544315656,0
12836,0.5355862857221867,0
12837,0.34598961654718763,0
12838,0.9077749809727008,0
12839,0.5861002380882431,0
12840,0.5799335692432551,0
12841,1.9305129211299161,0
12842,3.5446975597450505,1
12843,0.5701011026267001,0
12844,0.9311934057871343,0
12845,1.1182036100835344,0
12846,0.17190264850498177,0
12847,0.48566943325053485,0
12848,0.24606289889008667,0
12849,0.6329031657891179,0
12850,0.8669852669507133,0
12851,1.1761367001888992,0
12852,0.9291860283628515,0
12853,2.5568034644269764,1
12854,1.8104047347461987,0
12855,2.7667542703197294,1
12856,0.8584128010139972,0
12857,0.9715760520743864,0
12858,0.7840620888093037,0
12859,0.9144334922804778,0
12860,0.3569688837243345,0
12861,0.5245043386120049,0
12862,0.13821983137962665,0
12863,0.8530209867002952,0
12864,0.6833547037290812,0
12865,4.17159759827633,1
12866,0.23157056287814726,0
12867,1.0389632483577336,0
12868,0.6842119812762697,0
12869,0.6012974516512197,0
12870,0.231272291820979,0
12871,1.0870281956061658,0
12872,0.4577315758451947,0
12873,0.12336931538310458,0
12874,0.5070117269410049,0
12875,0.9344160703368491,0
12876,2.081833313227164,0
12877,1.2843731957341575,0
12878,2.3149469247136607,0
12879,1.1274083983456706,0
12880,0.6105379304330916,0
12881,0.8212416361885767,0
12882,0.49810760624776346,0
12883,1.262705124265433,0
12884,1.3908021074307886,0
12885,0.9311498299266681,0
12886,0.6853960004814293,0
12887,0.3439883872760797,0
12888,1.1354926736957032,0
12889,0.6095129873917402,0
12890,0.2792906418240045,0
12891,0.5315216715961072,0
12892,0.6478148744796375,0
12893,0.4323305199117682,0
12894,1.692397531641792,0
12895,0.3607324749468505,0
12896,3.7441073772516034,1
12897,0.983058108412694,0
12898,1.077772243753532,0
12899,1.1429953375948712,0
12900,0.3398581862044388,0
12901,1.0602892119989398,0
12902,1.7484731022225475,0
12903,0.5214594970686286,0
12904,1.0234706940822809,0
12905,1.3711163569344,0
12906,1.9698784434522296,0
12907,1.1285849653884237,0
12908,1.3381898598103574,0
12909,0.4403215716752917,0
12910,1.2953694251057406,0
12911,0.7678176112655078,0
12912,0.5502313179536209,0
12913,0.9430484740456444,0
12914,0.6008343213729213,0
12915,0.7202256755003222,0
12916,1.3871882632652492,0
12917,2.317128978903955,0
12918,2.153683498358813,0
12919,0.25569135550365296,0
12920,0.4242387710233402,0
12921,0.7937875696146868,0
12922,0.9000754008588846,0
12923,1.1264440319199776,0
12924,1.6378198911779989,0
12925,0.24580964516936393,0
12926,3.24391216630191,1
12927,0.3846384502074027,0
12928,0.865614427319548,0
12929,0.4437492370567189,0
12930,0.5724695999929976,0
12931,0.6069526619428035,0
12932,0.21487552002457705,0
12933,1.9374681204324848,0
12934,0.6098077228430845,0
12935,1.7097491271210443,0
12936,1.071935047165224,0
12937,0.7937819102636302,0
12938,0.46273772927271484,0
12939,1.2468042555907533,0
12940,0.25908968382510417,0
12941,1.6571591939360129,0
12942,0.635181145121487,0
12943,0.21352144569954473,0
12944,2.0007278184312622,0
12945,1.4402414399004322,0
12946,0.732149685283909,0
12947,0.6262854900886503,0
12948,0.9763960573137804,0
12949,0.2695714466914184,0
12950,0.25207159551804115,0
12951,0.08542487426092711,0
12952,0.673994294717296,0
12953,0.14682911017856967,0
12954,0.8108020468286383,0
12955,1.721560727421729,0
12956,2.1162245958338124,0
12957,0.9096838167839529,0
12958,0.3616971455237155,0
12959,1.0993170564993868,0
12960,0.7449078049314173,0
12961,0.5130044065349054,0
12962,0.8444388192865262,0
12963,0.45143732860295777,0
12964,1.7132664520622072,0
12965,0.9467850903145593,0
12966,4.403696440605517,1
12967,0.7009842113496976,0
12968,0.6028751701349719,0
12969,1.0647553506100655,0
12970,1.00681508319825,0
12971,0.13567619562345737,0
12972,0.5077842822073098,0
12973,0.22719271733374527,0
12974,1.8428932015236157,0
12975,0.12532416399552984,0
12976,0.9076471064391608,0
12977,1.3382411109951065,0
12978,0.9638727320489668,0
12979,0.5855940767863814,0
12980,0.5136461621325881,0
12981,1.675867036186532,0
12982,0.8362930303674357,0
12983,0.31789917846818305,0
12984,1.8330749392207806,0
12985,0.4570172793469931,0
12986,0.7805985550194388,0
12987,0.8114384299134937,0
12988,0.3795486286816073,0
12989,0.5318615689675598,0
12990,0.9006887331292839,0
12991,0.2409635692828104,0
12992,0.6670728318796946,0
12993,0.18186964219166488,0
12994,1.1266312831351004,0
12995,0.12661429730793772,0
12996,1.4683550000023309,0
12997,1.3260128980066415,0
12998,0.8264411256789739,0
12999,1.311615793185851,0
13000,0.8207384952060991,0
13001,0.15271253856292835,0
13002,0.4525795623292909,0
13003,1.828486392750353,0
13004,0.13941850988568036,0
13005,1.2700020966171812,0
13006,0.09965216709476994,0
13007,0.26272256428993074,0
13008,0.3852761406570043,0
13009,2.412043073016151,1
13010,1.5648948648674565,0
13011,0.3996300467577522,0
13012,1.5110444647405994,0
13013,1.217115768601752,0
13014,0.15740669250298173,0
13015,0.5196040294465011,0
13016,0.7489605300009644,0
13017,0.18450114079672447,0
13018,1.0479132820305879,0
13019,0.9047050725643689,0
13020,0.9153418725904586,0
13021,0.11130359488196558,0
13022,0.2645557772941658,0
13023,1.0519262578243982,0
13024,0.18868337980252664,0
13025,0.6855955193039343,0
13026,0.8037208003946261,0
13027,0.2952499088142601,0
13028,1.4461557868294332,0
13029,0.7650238445258621,0
13030,0.23076830855470948,0
13031,0.15192111191480476,0
13032,0.24789001546872966,0
13033,0.6998074298027228,0
13034,0.27423668785178534,0
13035,0.24748839051444937,0
13036,0.8132514237831637,0
13037,0.4816818324631016,0
13038,0.4188976575836323,0
13039,0.6058343300712099,0
13040,0.8780729960509855,0
13041,0.10990536071842971,0
13042,0.9845693766768131,0
13043,2.050662553869894,0
13044,0.1443640515056884,0
13045,0.8992039966023345,0
13046,2.0773827433808743,0
13047,1.2213762767113026,0
13048,0.5657043888156604,0
13049,0.5442569448301322,0
13050,0.2921808718440377,0
13051,0.5465713540824773,0
13052,0.5327024438761337,0
13053,1.9558058811451144,0
13054,0.8734508917048516,0
13055,1.7481221386423353,0
13056,0.3728267584617604,0
13057,0.8810602288114768,0
13058,1.336689616601517,0
13059,1.5067158082987002,0
13060,0.5357881890313471,0
13061,1.0565195579674493,0
13062,0.34399929309285,0
13063,0.2802922850500026,0
13064,0.26183563005453897,0
13065,0.28622493396123183,0
13066,1.0251357174110898,0
13067,1.3875436684578393,0
13068,0.24128238481654707,0
13069,0.9292715321883577,0
13070,1.0751389056498926,0
13071,0.641916648246055,0
13072,1.4964624425015862,0
13073,3.064777288818972,1
13074,5.331876520314093,1
13075,1.154309453519126,0
13076,0.23662204808819096,0
13077,0.7805898245278452,0
13078,0.8786199023408177,0
13079,0.7997740487523776,0
13080,0.568174056414774,0
13081,1.3570048192121817,0
13082,0.5921798526970595,0
13083,0.8911569614016865,0
13084,1.7838902587435688,0
13085,2.301227867666467,0
13086,1.079752459855747,0
13087,1.5342783774004023,0
13088,1.1383014432066687,0
13089,0.48156638170508187,0
13090,0.7872787539932407,0
13091,1.0292584811677874,0
13092,0.5901964330065175,0
13093,0.9625946941370376,0
13094,0.4684159640467511,0
13095,0.27817203143374136,0
13096,0.3910166310799664,0
13097,0.604899742256481,0
13098,5.853817500155995,1
13099,0.3034373727900796,0
13100,0.8008741996148018,0
13101,0.23580699098270924,0
13102,1.0994680804256052,0
13103,0.1783037475970902,0
13104,0.3620245493049383,0
13105,1.0068070406062781,0
13106,0.3083732139326405,0
13107,1.437847052606833,0
13108,2.850265876364187,1
13109,0.39122663327782614,0
13110,0.2860366150991502,0
13111,1.4664158862466792,0
13112,1.1569498213713132,0
13113,0.6637167554615321,0
13114,0.8802742118413628,0
13115,0.39031181691811495,0
13116,4.8549525737418575,1
13117,1.2523640032935281,0
13118,0.4125814831460787,0
13119,0.8042225183337806,0
13120,0.37162491745739734,0
13121,0.631519197562159,0
13122,0.32363782594569346,0
13123,0.3034126524702311,0
13124,1.7131819288983958,0
13125,0.3022879631749882,0
13126,0.6630744355692808,0
13127,0.7664842726952671,0
13128,1.0855645777257104,0
13129,0.8498208285583907,0
13130,0.323113975301817,0
13131,0.2337567778702922,0
13132,0.09803933734683694,0
13133,2.856119987427623,1
13134,0.9579884028822075,0
13135,0.46373540712575156,0
13136,0.5890478530153512,0
13137,0.3733024989553174,0
13138,0.9665538354808831,0
13139,0.9825500544942987,0
13140,0.15164097660700088,0
13141,0.4057046751578123,0
13142,1.3771066757227004,0
13143,0.23982130476714988,0
13144,1.135399893372356,0
13145,0.6749068269383665,0
13146,0.6131812673018158,0
13147,2.8560322392008444,1
13148,1.5455400098165701,0
13149,0.35747761338970463,0
13150,1.6830429478822435,0
13151,1.060234621105915,0
13152,0.834704261026437,0
13153,1.0022005757111057,0
13154,1.3948917548910158,0
13155,0.4758468314937546,0
13156,1.0880744490752625,0
13157,1.3499484642839699,0
13158,1.1458368110247281,0
13159,0.3216527593147021,0
13160,0.14149363708804513,0
13161,0.8192210773603567,0
13162,1.1353701827176892,0
13163,1.6016468474018253,0
13164,0.42658323478854143,0
13165,0.4791576009092351,0
13166,2.85149555445641,1
13167,0.9876516389940164,0
13168,1.2685484188843978,0
13169,1.1440238473716255,0
13170,0.45721675098560677,0
13171,1.611469221414416,0
13172,0.47128140748103675,0
13173,1.9819885147255925,0
13174,0.5473252417930574,0
13175,1.5299177486506519,0
13176,0.16733717948379784,0
13177,1.7710061936173542,0
13178,0.642131281931725,0
13179,0.6091969296907683,0
13180,1.0058963517669088,0
13181,0.19089591863818609,0
13182,2.583591515225413,1
13183,1.9931883158967032,0
13184,0.7416370476713541,0
13185,3.286249748080001,1
13186,19.940901305811305,1
13187,1.2410561797907778,0
13188,1.1730074846887035,0
13189,0.456522482248,0
13190,0.38356485434098275,0
13191,0.4298607420602045,0
13192,0.49858499296520054,0
13193,0.4535559211173468,0
13194,0.424330651181244,0
13195,0.12319968261428511,0
13196,0.7558072727800182,0
13197,0.8459920319659965,0
13198,4.66432426985308,1
13199,0.5117285394688325,0
13200,0.8744065834055693,0
13201,1.8195259141173317,0
13202,0.2100757312446213,0
13203,0.2478022353716316,0
13204,2.074852506096479,0
13205,0.36725762622746166,0
13206,0.23141427887391944,0
13207,0.4408880200550055,0
13208,0.20174570657233906,0
13209,0.187057012350558,0
13210,0.7964439927463454,0
13211,1.105819666991229,0
13212,2.1742378308785364,0
13213,0.5021608920424119,0
13214,1.175511792501379,0
13215,0.23217665502515006,0
13216,0.8546930536305991,0
13217,2.2129552072394674,0
13218,1.1328339074934042,0
13219,0.19823169832932291,0
13220,0.25241265192206136,0
13221,0.4017153594710529,0
13222,0.2560192118985811,0
13223,0.17592796921993945,0
13224,0.4139338175567898,0
13225,0.5373039189572587,0
13226,1.4514499939066337,0
13227,0.20160959988562607,0
13228,1.0598343525223786,0
13229,0.6710780737554903,0
13230,0.1825165927715678,0
13231,1.4056032875874824,0
13232,0.31707003378515897,0
13233,0.4123874064448311,0
13234,0.6280261205028296,0
13235,0.6407463041571536,0
13236,0.16692209797918436,0
13237,0.9180363838589095,0
13238,0.5257104957428916,0
13239,1.3105667346467251,0
13240,1.4398016254419408,0
13241,0.5824916227177036,0
13242,0.5224999265749304,0
13243,1.212665538862895,0
13244,1.0728421263425751,0
13245,1.6917782873905864,0
13246,0.8236933202523058,0
13247,0.6603459136150771,0
13248,0.8783803270804856,0
13249,1.9848450060361729,0
13250,0.8367352980143912,0
13251,0.7677621315580118,0
13252,1.1740641713048834,0
13253,0.8989800200139244,0
13254,1.7589470306195,0
13255,0.29037633047998634,0
13256,0.5727092125902995,0
13257,0.5241024871848723,0
13258,1.8545200310251584,0
13259,0.3806877883111577,0
13260,0.14416926678383885,0
13261,2.346175763186235,1
13262,0.925044113685383,0
13263,0.961513760138037,0
13264,0.41836812515584876,0
13265,1.246463689240214,0
13266,1.4733404523054088,0
13267,0.4666919177262455,0
13268,2.0095356658650876,0
13269,0.7397692657208637,0
13270,0.4977207341274261,0
13271,1.8345746061750863,0
13272,0.8497457055825933,0
13273,0.6781475079299163,0
13274,0.15448464606291318,0
13275,0.2196586002311837,0
13276,0.48955998400717615,0
13277,0.8333807721660875,0
13278,4.270981137891968,1
13279,1.1488159139918679,0
13280,1.251544282178941,0
13281,0.4082773020343981,0
13282,0.8334504556627224,0
13283,0.5158167796836381,0
13284,0.7874827812998345,0
13285,0.6850727564453309,0
13286,0.20101603811738214,0
13287,0.41354435139061874,0
13288,2.7530361473662133,1
13289,0.8926686649791277,0
13290,0.6188387991007714,0
13291,0.4140718352701308,0
13292,0.22813526710674958,0
13293,0.9277693344550009,0
13294,1.6875170595980962,0
13295,0.21501368936342097,0
13296,0.4169129590424223,0
13297,0.8304584038571713,0
13298,2.1655752362137366,0
13299,0.15135792058259212,0
13300,1.0668226450005691,0
13301,0.31073351554970585,0
13302,0.7388988439599,0
13303,0.4065037437068977,0
13304,0.7532842902593211,0
13305,0.7408016787436827,0
13306,0.5569887909907275,0
13307,1.1044282263834684,0
13308,1.1988645674801106,0
13309,0.385177152779079,0
13310,0.7260900289035022,0
13311,1.2452887166913809,0
13312,1.1128657181035566,0
13313,0.792028076181094,0
13314,0.2650825728176308,0
13315,0.12596399002087727,0
13316,2.1963882016868124,0
13317,4.302006408982221,1
13318,0.5055697943397505,0
13319,0.5213406189899907,0
13320,0.5087788529146191,0
13321,1.383281421819965,0
13322,0.7609969127088261,0
13323,0.392436167847073,0
13324,0.8701960116444818,0
13325,1.1453874061464449,0
13326,0.088627681474994,0
13327,0.6037295483970313,0
13328,1.8259543324586318,0
13329,1.7385763671093328,0
13330,0.6915913197233646,0
13331,0.25424684766938854,0
13332,0.29201080258813417,0
13333,1.0867197677693146,0
13334,0.7689128334037584,0
13335,2.7056994302483455,1
13336,0.4761154504180333,0
13337,1.053011694457087,0
13338,1.5248387016099845,0
13339,1.4696751415556095,0
13340,2.3651585796411294,1
13341,0.282276910327454,0
13342,0.07636432379816091,0
13343,0.7992213857744013,0
13344,0.24639550345619315,0
13345,0.23693256752113023,0
13346,1.6768711495579887,0
13347,0.47241872743673713,0
13348,0.6250136534394463,0
13349,0.6023470026090237,0
13350,0.6905039761825028,0
13351,0.2651472144410567,0
13352,0.28780092232134047,0
13353,0.8799427139180291,0
13354,0.34482326131593366,0
13355,0.4429538752210892,0
13356,1.3723372068095423,0
13357,0.5416516812635314,0
13358,1.3016783589714538,0
13359,1.2898248766378442,0
13360,0.44379447681371165,0
13361,0.3748962457835575,0
13362,1.2255612847701767,0
13363,2.0623447388454474,0
13364,0.8117539384371935,0
13365,0.7947169526054851,0
13366,0.7360401317100618,0
13367,1.4593044481874649,0
13368,0.20378073169946767,0
13369,1.2227662372605967,0
13370,0.3967334193089466,0
13371,1.4852383223116854,0
13372,0.9771040845780306,0
13373,0.4914939143538078,0
13374,1.6466591494698863,0
13375,0.23115492748265973,0
13376,0.723282620001119,0
13377,1.3520349050559612,0
13378,1.5764416560700532,0
13379,0.3174840263857889,0
13380,2.4449364041385073,1
13381,0.739644260310885,0
13382,0.3442866140519792,0
13383,0.2959718191073789,0
13384,0.550577311627336,0
13385,0.6683815550937976,0
13386,0.3104232460867684,0
13387,1.4785674633465709,0
13388,1.6221297761678042,0
13389,3.4990937237316073,1
13390,0.4071006270784328,0
13391,0.7571355948384927,0
13392,0.20367275028732634,0
13393,0.2562103186381257,0
13394,0.897855127492886,0
13395,0.5678183788110499,0
13396,0.9507327765929727,0
13397,0.6947680503402628,0
13398,1.8434113396007767,0
13399,0.7018044004591721,0
13400,0.3804160371316477,0
13401,2.454180289714509,1
13402,2.6957507966007586,1
13403,0.5913125520282916,0
13404,0.29710316968036865,0
13405,0.9436074625939119,0
13406,1.02129420152828,0
13407,0.477451035791422,0
13408,1.7917632943448738,0
13409,0.7230885526949891,0
13410,1.1377751125760835,0
13411,2.0114650879382894,0
13412,0.28495097203165926,0
13413,0.5013138285359238,0
13414,1.408735764216684,0
13415,2.4506958131444216,1
13416,2.5287907068714155,1
13417,0.7255844153849436,0
13418,0.8600773609446566,0
13419,0.17877596806740778,0
13420,1.0176132830984803,0
13421,0.5010555914000776,0
13422,1.2813324711153253,0
13423,1.1526683439797165,0
13424,1.5307948590087246,0
13425,0.18378696855529494,0
13426,0.35011870999431455,0
13427,0.17691956742586273,0
13428,0.7348675321835938,0
13429,1.2379683337011689,0
13430,0.8232765475488406,0
13431,0.459839902056443,0
13432,1.1632243544943754,0
13433,0.13590761067820195,0
13434,0.35054881792877396,0
13435,0.738700836099477,0
13436,3.0779315741018856,1
13437,2.929605505356176,1
13438,0.46158702452804584,0
13439,1.6844708212423687,0
13440,0.2624517979216036,0
13441,0.7165757985284247,0
13442,1.7045061514327748,0
13443,0.36848179714826357,0
13444,1.3312309923668713,0
13445,6.536484139404538,1
13446,0.2078828802125552,0
13447,2.9009601594787755,1
13448,0.3013692362191857,0
13449,0.2881782690379803,0
13450,1.5093267504539205,0
13451,0.3273960828847848,0
13452,0.5998739488722322,0
13453,0.4304006331740025,0
13454,0.9117925539951093,0
13455,0.8970001581090742,0
13456,0.4464371814615137,0
13457,1.760692721681411,0
13458,1.306589568460335,0
13459,2.1180161657828327,0
13460,0.87613685379938,0
13461,0.29469671643184564,0
13462,0.32692254207335286,0
13463,0.9381921817916868,0
13464,0.4318078382086412,0
13465,1.3214215874956199,0
13466,1.943493574003265,0
13467,1.2041244704425502,0
13468,1.1455630699064687,0
13469,1.6879911370199494,0
13470,0.2143103742213094,0
13471,0.20668164955448134,0
13472,0.8561172865211788,0
13473,0.48839437599505775,0
13474,0.23782330582414657,0
13475,1.1247575775665364,0
13476,1.0262010924183502,0
13477,3.5028579096075774,1
13478,1.5959880392474435,0
13479,1.4619598253269186,0
13480,0.42878877849219316,0
13481,1.1492074159868615,0
13482,0.2522364444124103,0
13483,0.32734724607628723,0
13484,1.2773801172805792,0
13485,0.8073086385742417,0
13486,0.640838821160769,0
13487,0.4016180253044338,0
13488,0.9098545675231613,0
13489,0.12573217152319316,0
13490,1.5547348376890144,0
13491,0.6736132265711349,0
13492,0.6059788104500498,0
13493,0.47111896741245685,0
13494,0.3471822538641728,0
13495,0.9597462273781975,0
13496,2.501661870138698,1
13497,0.5775905657288409,0
13498,1.2017765772898568,0
13499,2.3578586830317674,1
13500,0.686633365651859,0
13501,0.6071640785803563,0
13502,0.7480203744641827,0
13503,0.16088757147747895,0
13504,1.0953810667418524,0
13505,0.8335871624423428,0
13506,0.7279371935658535,0
13507,0.8102319333244115,0
13508,0.4474611624027814,0
13509,1.4069992170376917,0
13510,2.137373279430396,0
13511,0.4172048529909714,0
13512,0.3604415268165419,0
13513,1.038564395862441,0
13514,0.2169382617966659,0
13515,1.2322680115281839,0
13516,0.6165618912752018,0
13517,0.8611813158719215,0
13518,1.6683095081955166,0
13519,0.6102459357204546,0
13520,0.6315357923219851,0
13521,3.511317368729307,1
13522,1.1469947088346164,0
13523,0.4029582498438198,0
13524,0.4629676251254823,0
13525,0.5819513381647072,0
13526,1.2647390092088417,0
13527,0.5537946670480258,0
13528,0.7692256944734701,0
13529,0.5649236315957037,0
13530,0.8455468826074736,0
13531,1.8343433403685538,0
13532,0.31156556568966465,0
13533,0.23765502649261902,0
13534,0.23861346735121955,0
13535,0.36999236052570533,0
13536,0.5013413008308207,0
13537,0.972335415258424,0
13538,0.8951116733382145,0
13539,2.710308825148765,1
13540,0.9432886326904029,0
13541,0.877047101899955,0
13542,0.4309397861548092,0
13543,1.0875650869369025,0
13544,1.8388386743094123,0
13545,0.9755374043656048,0
13546,1.025797204813744,0
13547,0.6159170731080615,0
13548,0.6888784540211328,0
13549,0.6609328014692043,0
13550,0.21699317071972618,0
13551,0.7110390643829168,0
13552,0.5925394887805521,0
13553,3.452219612648624,1
13554,1.8046195059264658,0
13555,0.6231399089202722,0
13556,0.06529056590201021,0
13557,0.24771079195722584,0
13558,0.5498032500395891,0
13559,1.3968746697680035,0
13560,0.5270261243173011,0
13561,2.821590088582419,1
13562,2.223977106927067,0
13563,0.16178103477386357,0
13564,1.3184222285904805,0
13565,0.9030404339418803,0
13566,1.9257548370245843,0
13567,0.4597036943255536,0
13568,0.7520454348099157,0
13569,0.60084781392202,0
13570,1.4068229461681665,0
13571,2.641028137050345,1
13572,0.5527626045570017,0
13573,1.085796243393134,0
13574,0.23385922532212766,0
13575,0.3240941477987379,0
13576,0.8631992042531962,0
13577,1.3658577613598182,0
13578,1.0375998599965042,0
13579,0.9557896218165078,0
13580,0.7590806964825612,0
13581,0.11275445063881728,0
13582,0.7642972582871819,0
13583,1.3181276271567093,0
13584,0.90081369159813,0
13585,0.8823477190899748,0
13586,1.0387288635003566,0
13587,0.3702959856345184,0
13588,0.29197811716135924,0
13589,1.4089255118821402,0
13590,0.8091026083900559,0
13591,0.3363412890181559,0
13592,2.0300487370521623,0
13593,1.8958722777202,0
13594,0.4279823366937917,0
13595,0.18488355399294915,0
13596,1.072055520202125,0
13597,0.18840664053668593,0
13598,0.1506005321435233,0
13599,1.1204656646167366,0
13600,0.9942610472849147,0
13601,1.015796665698217,0
13602,1.0241993019434539,0
13603,0.24492086414478526,0
13604,2.777108589460095,1
13605,0.687581917399695,0
13606,1.4022520699166865,0
13607,0.6915977778840177,0
13608,2.2525218039183335,0
13609,0.45278504486458193,0
13610,0.5041371775786915,0
13611,0.4735602571342383,0
13612,0.29637424822333475,0
13613,2.0925897813113683,0
13614,1.2015438161309224,0
13615,1.2610627266810224,0
13616,0.511282865379909,0
13617,0.2740445440902873,0
13618,0.24807419618214815,0
13619,1.5818704561335504,0
13620,0.24696989244708972,0
13621,0.4820960076487121,0
13622,0.8056733251502053,0
13623,2.1646306581925217,0
13624,1.8745757907090848,0
13625,1.1630533976147939,0
13626,0.6502441888739773,0
13627,0.39330501467594947,0
13628,0.5416745988080469,0
13629,1.294789958625566,0
13630,0.6548866420010493,0
13631,0.21993901557313564,0
13632,0.3782698117024948,0
13633,0.5733190826769814,0
13634,0.38348835991523067,0
13635,1.8654669814812874,0
13636,0.29032313735395,0
13637,0.7298375331023146,0
13638,0.7283748807841981,0
13639,0.24892806619093708,0
13640,1.3297858789115278,0
13641,0.17505901163861198,0
13642,0.47491262708033233,0
13643,0.7947475190481802,0
13644,0.5521861132684396,0
13645,0.4547381283908586,0
13646,2.386550979466769,1
13647,0.3640973640640513,0
13648,1.482203552205581,0
13649,1.807286843346936,0
13650,0.34259418463186203,0
13651,0.1396270682132794,0
13652,1.2211812629747452,0
13653,0.6802913663824479,0
13654,0.3778884330325149,0
13655,0.914988839965936,0
13656,1.3579201606657594,0
13657,2.0007100060674974,0
13658,0.5609744513803687,0
13659,3.4808883359100937,1
13660,0.9408054658978324,0
13661,0.5526979235542429,0
13662,0.314501425678915,0
13663,0.2716590635363635,0
13664,0.4823664558653248,0
13665,0.5662713588437558,0
13666,0.6803174365931146,0
13667,0.4064837931812644,0
13668,0.37340283884342135,0
13669,1.9218002573571753,0
13670,0.2674992835056253,0
13671,0.2778097992159642,0
13672,0.8264851066242492,0
13673,0.18275444500029064,0
13674,0.7329890309319439,0
13675,1.1589114862234702,0
13676,0.42210831187520526,0
13677,0.41744386585189625,0
13678,0.3617620369282047,0
13679,0.8333001130661021,0
13680,0.5403925533829566,0
13681,0.5983103411642362,0
13682,2.2454616256838933,0
13683,4.242930777889334,1
13684,0.1816564522318483,0
13685,4.072937932366375,1
13686,0.9448645217567577,0
13687,0.4214144461494538,0
13688,0.32259043263782816,0
13689,1.4229547767040276,0
13690,0.6130039639037589,0
13691,0.9810338353612572,0
13692,0.28642040898583776,0
13693,0.9875972481152232,0
13694,1.4718932525030124,0
13695,1.0268540104203314,0
13696,0.44863141046124816,0
13697,1.3563816127124928,0
13698,1.0183613946814514,0
13699,0.44584854535409946,0
13700,0.579451535069041,0
13701,0.3695986711029754,0
13702,0.8904840171350233,0
13703,1.318215652030098,0
13704,1.6322470731998144,0
13705,0.7845980345236382,0
13706,0.13185767681895072,0
13707,1.8759352886182945,0
13708,1.4289030238859675,0
13709,0.5560456979544791,0
13710,0.7389683477601988,0
13711,1.153000181717659,0
13712,1.4458476151790838,0
13713,0.4636870221953611,0
13714,1.3385608109438099,0
13715,0.662951038179851,0
13716,1.8760857303802472,0
13717,0.360791189682066,0
13718,0.3697308221343073,0
13719,1.383108459522958,0
13720,0.5916387172311082,0
13721,0.27068945019392826,0
13722,0.6873380420141404,0
13723,0.23510915357145756,0
13724,0.911143500710617,0
13725,1.0393086537049456,0
13726,1.4499916537670618,0
13727,0.22210303341976784,0
13728,0.9767749099998128,0
13729,0.9925965308726195,0
13730,2.2560011110750167,0
13731,0.16767942500904567,0
13732,3.6825623608032387,1
13733,0.4944222285589171,0
13734,0.1834494746739202,0
13735,0.4726663124927928,0
13736,0.5628892821646423,0
13737,0.5592805926847724,0
13738,0.272553553931466,0
13739,1.464942297060412,0
13740,0.2566401624847681,0
13741,0.4167209047464094,0
13742,1.4756240660677702,0
13743,0.9551819403587263,0
13744,1.12535304630803,0
13745,0.16620513556461886,0
13746,0.9604504810292143,0
13747,0.4025834649389406,0
13748,1.5490371803654173,0
13749,1.3332445395576298,0
13750,1.3736897899854656,0
13751,1.1556140818011098,0
13752,2.3882766454832765,1
13753,0.26198460267365287,0
13754,0.9462971528916417,0
13755,0.5638513419627404,0
13756,0.3372573523485055,0
13757,1.0418666171649174,0
13758,0.3765253852126393,0
13759,0.986686610446349,0
13760,2.4253085190111925,1
13761,0.35873836608897725,0
13762,0.9525904735410787,0
13763,0.4074809038469017,0
13764,0.7764414307471263,0
13765,0.5672842078530891,0
13766,0.20789348125330714,0
13767,0.17233263530327667,0
13768,0.39751681066611894,0
13769,6.062719758431155,1
13770,0.32707203324276113,0
13771,2.422487080387812,1
13772,0.6109052076638702,0
13773,0.19347475533600847,0
13774,1.1128001266895824,0
13775,3.271537931674834,1
13776,0.6186875480547742,0
13777,0.20833080611282315,0
13778,0.26423684216157634,0
13779,1.2362189590445554,0
13780,0.8938454264592013,0
13781,0.7460711713720858,0
13782,3.089130785255893,1
13783,1.3939662906591355,0
13784,0.22425125599820833,0
13785,0.7034438901495682,0
13786,0.9338896930845909,0
13787,1.1937796570816483,0
13788,0.4996052880518912,0
13789,0.4316441532402818,0
13790,0.4524220845642768,0
13791,0.22455236858131009,0
13792,0.24171219971131466,0
13793,0.3407698830417417,0
13794,2.3421651518546227,1
13795,1.6109662888324299,0
13796,1.0395802405228154,0
13797,0.6828896322840464,0
13798,0.2292230092250799,0
13799,0.14066558173739033,0
13800,1.1392614732524833,0
13801,0.5269180463152727,0
13802,1.0059381362881834,0
13803,0.4258021860075366,0
13804,1.450538300756507,0
13805,0.357509525406165,0
13806,0.6696717040748752,0
13807,0.6071904549920871,0
13808,0.30334322685906495,0
13809,0.31593575648336203,0
13810,0.7875958824871964,0
13811,0.22024678878103726,0
13812,0.5110060603925396,0
13813,1.4039564076526685,0
13814,1.2139093413060082,0
13815,0.6722307646307388,0
13816,0.7197666810631494,0
13817,0.7327605199111915,0
13818,1.6728374544267972,0
13819,0.6606749595861778,0
13820,0.33093442971096704,0
13821,0.6420341016051699,0
13822,1.0603511849228542,0
13823,0.3581615346172159,0
13824,1.5609579093926202,0
13825,1.6679016748630695,0
13826,0.9103450953348796,0
13827,0.8597876983188243,0
13828,1.4664235369797083,0
13829,0.8436143237301647,0
13830,0.4412379832025254,0
13831,0.3494861772505387,0
13832,0.2173271703510856,0
13833,0.6044926221744114,0
13834,0.5360606609129602,0
13835,1.1167543263616104,0
13836,0.6035889832163271,0
13837,0.4148051111990532,0
13838,2.71153179211154,1
13839,1.4895867924810189,0
13840,0.33030485847435676,0
13841,1.0778002094045749,0
13842,1.3485351725202495,0
13843,0.2639251509631787,0
13844,0.31004715718037756,0
13845,0.7946073605039189,0
13846,0.28468519868461717,0
13847,1.4090558192078493,0
13848,0.9743798723725513,0
13849,1.3935003816920764,0
13850,2.486060777239811,1
13851,0.3951177374138887,0
13852,1.2360227919374476,0
13853,0.6821723452474853,0
13854,0.22637438671497864,0
13855,1.1623732912817326,0
13856,0.15599851403719528,0
13857,1.9494513599642596,0
13858,0.39798044793106735,0
13859,0.25113916894302557,0
13860,0.8152615466757569,0
13861,1.4292097541270714,0
13862,0.5443549605694441,0
13863,4.747412649743402,1
13864,0.7577446381498112,0
13865,0.7023607887230414,0
13866,0.8031609775216954,0
13867,1.8403974947399966,0
13868,0.40443991218452685,0
13869,0.4356357173437068,0
13870,0.4593056067304987,0
13871,1.0339672663418527,0
13872,1.1402364819196835,0
13873,1.8404706188421387,0
13874,0.3290344782945858,0
13875,0.3137264468524863,0
13876,0.8999296383564614,0
13877,0.22433209342821786,0
13878,0.3000205609336592,0
13879,1.0587035687612865,0
13880,1.2814196456528026,0
13881,0.507225403202481,0
13882,0.37118608719734597,0
13883,2.682903611926706,1
13884,0.17284146777337886,0
13885,0.37169446087304564,0
13886,1.0826683209237005,0
13887,2.0305262068022913,0
13888,0.46500948664566905,0
13889,0.6834654492569421,0
13890,0.9633984073635762,0
13891,0.42198894179881297,0
13892,0.2708027788628371,0
13893,0.4628279557254241,0
13894,0.5135106287819582,0
13895,1.328511445302683,0
13896,2.530223357004922,1
13897,1.274954259936516,0
13898,0.30844382808318105,0
13899,1.0197038025429521,0
13900,0.1403949403800082,0
13901,1.0614237350680509,0
13902,0.8283967828499387,0
13903,0.47967675311339797,0
13904,0.7424345060914418,0
13905,0.7873177912702486,0
13906,0.9822264891179782,0
13907,0.2165942560962672,0
13908,0.4367098101645583,0
13909,0.4690612649111857,0
13910,0.4341851092521429,0
13911,3.0832551804905157,1
13912,0.06488643087060608,0
13913,1.3423841673197399,0
13914,0.75863912959377,0
13915,6.397227493781114,1
13916,0.706801231602543,0
13917,1.1820325979076896,0
13918,0.6139348703052516,0
13919,0.37358382997974926,0
13920,0.7902141394720186,0
13921,0.6857688027300194,0
13922,0.4125731620403318,0
13923,3.411708757307533,1
13924,1.0808206117499781,0
13925,0.8357740670720835,0
13926,0.3829915770092536,0
13927,0.4166970889489984,0
13928,1.337096720066122,0
13929,1.6821136976307187,0
13930,0.6048809696898428,0
13931,0.23996716195171705,0
13932,0.2398286439389384,0
13933,1.1408623488408303,0
13934,0.5520416051135038,0
13935,1.216428929556604,0
13936,3.081995302489253,1
13937,0.49346864890625464,0
13938,0.3207195965523852,0
13939,0.11286124643040667,0
13940,0.7409311952079809,0
13941,0.9892432988161932,0
13942,0.8804278919399625,0
13943,1.0772203762619161,0
13944,1.0415719699862773,0
13945,0.10842765155593334,0
13946,2.022050290374964,0
13947,1.5677442465213036,0
13948,1.070627791068032,0
13949,1.4686587829860671,0
13950,0.8948640135337218,0
13951,1.6202395308142168,0
13952,0.8174193675007164,0
13953,2.096515991590585,0
13954,1.336804117159542,0
13955,3.0332027692527435,1
13956,0.5606930521881671,0
13957,1.0464754089134634,0
13958,0.7032530640940803,0
13959,0.5104168365160294,0
13960,1.1543457610036867,0
13961,4.001000474931211,1
13962,1.3357776282061433,0
13963,6.3101823371361565,1
13964,0.3129683108722664,0
13965,0.6607606979834694,0
13966,1.7567886768410634,0
13967,1.046377527378652,0
13968,1.3463816208979076,0
13969,1.3413158696587477,0
13970,2.0328357843454947,0
13971,0.4200735024288356,0
13972,0.21127874016597542,0
13973,1.3776180738844388,0
13974,0.2390668989119436,0
13975,0.9893311231565376,0
13976,0.43299990626741086,0
13977,0.41720825394801625,0
13978,0.25609045767774524,0
13979,0.6081667457867511,0
13980,0.11514914716525526,0
13981,0.14899832206079908,0
13982,0.609601508214132,0
13983,2.2212751031820264,0
13984,0.6148033462043367,0
13985,0.16724874913075832,0
13986,4.928682162366968,1
13987,1.3716181242594914,0
13988,0.31431372223617693,0
13989,1.5980092874065488,0
13990,1.08897500988892,0
13991,1.7695259613949337,0
13992,0.6115343625631702,0
13993,0.34543904486208515,0
13994,1.3981885767053717,0
13995,1.1242231479544977,0
13996,0.4720083181011092,0
13997,2.4732351983157104,1
13998,2.098791759817474,0
13999,0.3172854390212154,0
14000,1.1867162909442013,0
14001,1.7696097670264126,0
14002,0.5952016715421387,0
14003,0.21297753012048948,0
14004,3.22364609273125,1
14005,1.6380790470674225,0
14006,0.8851577033366947,0
14007,0.790687854419501,0
14008,1.3008352433372958,0
14009,0.13657175621703196,0
14010,0.8407123435336314,0
14011,1.0253946198748969,0
14012,1.9280242495495483,0
14013,0.4216927918660751,0
14014,0.5711831997905271,0
14015,0.7443640510227124,0
14016,1.6352260971386052,0
14017,1.629099512992541,0
14018,0.2819816695393677,0
14019,4.136953744810829,1
14020,1.4775336450976677,0
14021,0.9136456022892873,0
14022,0.7794350524810223,0
14023,0.5896230492347645,0
14024,1.2172301119221864,0
14025,0.8775801741137567,0
14026,0.4468392706627046,0
14027,0.21953606788152397,0
14028,0.9878487906045372,0
14029,0.28459712887539695,0
14030,0.5802533152990662,0
14031,0.11749971591745804,0
14032,1.3075546647680611,0
14033,0.6082468895456719,0
14034,1.0889285502410482,0
14035,0.5247660098450706,0
14036,1.750234846919393,0
14037,0.5924351197675225,0
14038,0.8287700080443539,0
14039,1.067172207250413,0
14040,2.503295171237677,1
14041,0.18219440016985616,0
14042,1.2177915331510203,0
14043,2.3260035133923678,1
14044,1.078179327604282,0
14045,0.08266490478906154,0
14046,0.5714518588337414,0
14047,0.6816903637275159,0
14048,1.429060192810884,0
14049,0.7928383186823668,0
14050,2.1638266690898513,0
14051,0.34113948991966636,0
14052,0.9810147933825109,0
14053,0.9959703456120824,0
14054,0.16717387951568624,0
14055,0.44578069267594833,0
14056,1.219678430651328,0
14057,2.2834212248432584,0
14058,0.2989476180891754,0
14059,0.9199721215134182,0
14060,0.11461053415560454,0
14061,1.3627359818517522,0
14062,0.6875845793243852,0
14063,0.4499092056443209,0
14064,0.41976497592566336,0
14065,0.9798774515603403,0
14066,1.0653854296550678,0
14067,1.0111014347138059,0
14068,1.1441348978063368,0
14069,0.42929113452464246,0
14070,1.8751256308580975,0
14071,2.8708863042946517,1
14072,1.0268270685551044,0
14073,0.382016095527764,0
14074,0.9865147779274214,0
14075,0.7264835103493115,0
14076,1.8293893237548882,0
14077,0.6144230458757678,0
14078,1.5505140151029209,0
14079,0.9644977443384477,0
14080,0.84854571349805,0
14081,0.8758228416146328,0
14082,0.5433020498797645,0
14083,1.1575558612292711,0
14084,0.7720137934739149,0
14085,1.2466965261768421,0
14086,1.381634804719423,0
14087,0.8369551007316982,0
14088,1.0201998697101087,0
14089,0.8119487589521288,0
14090,1.6712537526968572,0
14091,0.8239142645852965,0
14092,0.33050319683510815,0
14093,1.7752281859773198,0
14094,3.1026248197719384,1
14095,0.1608274366384525,0
14096,1.25798515720606,0
14097,1.2839506117003274,0
14098,0.7139980435473137,0
14099,0.4500820052586688,0
14100,0.2363120307416861,0
14101,1.1045056342079,0
14102,0.8548480355869683,0
14103,0.974703181315229,0
14104,0.8996150364692811,0
14105,2.5119925158291196,1
14106,1.3739505494544988,0
14107,1.0439908717223898,0
14108,0.7403090853857455,0
14109,0.8638739252350618,0
14110,0.9063774274367556,0
14111,0.6379198933922449,0
14112,1.7751219921439798,0
14113,1.1732114464774142,0
14114,0.2387004002074659,0
14115,0.12927962643282598,0
14116,1.0760036780064355,0
14117,1.4976229771829648,0
14118,0.39472714663907105,0
14119,0.9555045357894472,0
14120,0.8792166759195752,0
14121,1.5074977520552815,0
14122,0.2656364430918039,0
14123,0.29635197737976354,0
14124,1.6669611088223468,0
14125,2.169299029073712,0
14126,1.0244447726213513,0
14127,1.6326605818617594,0
14128,1.036396325856855,0
14129,0.417835244330926,0
14130,0.9164356919915313,0
14131,0.3158562857345843,0
14132,1.3159132087330625,0
14133,1.8094942455632013,0
14134,0.4726833044653991,0
14135,3.8517578476352816,1
14136,1.7255116540517847,0
14137,1.7179825228390182,0
14138,0.9516528661319079,0
14139,2.003615782162855,0
14140,1.0315810562543624,0
14141,0.5371472692764626,0
14142,0.41423306586131065,0
14143,1.2601169296970443,0
14144,2.0713609308498397,0
14145,0.6454600252598408,0
14146,0.7503918744469406,0
14147,0.27395989732565296,0
14148,1.1573626947608058,0
14149,2.0202393968600263,0
14150,0.8441739420779092,0
14151,1.7229987663557598,0
14152,0.40909425139377814,0
14153,0.7662142677698818,0
14154,0.40000543064939736,0
14155,0.7391033401094523,0
14156,0.7164494088532203,0
14157,0.2567598887179122,0
14158,0.23370213479988186,0
14159,0.23641197812329057,0
14160,0.7315171836491399,0
14161,1.2493740403055047,0
14162,1.3808260200881202,0
14163,0.6353526222702269,0
14164,0.3695908645330679,0
14165,0.7573201688336323,0
14166,1.061317802175461,0
14167,0.1957365660796441,0
14168,0.1059783545748002,0
14169,1.371551979947085,0
14170,0.34465173616489003,0
14171,1.9058102391710445,0
14172,1.8774018211138888,0
14173,0.7172848713633768,0
14174,1.5368207397256446,0
14175,4.541998736276691,1
14176,0.3095090393717587,0
14177,0.3713456944782246,0
14178,1.0586196503556498,0
14179,3.551196424237523,1
14180,1.687284627179385,0
14181,0.6827326059514567,0
14182,0.3221885427960619,0
14183,0.992687099799161,0
14184,1.3147464808863902,0
14185,2.0514653674075776,0
14186,1.479000751034554,0
14187,1.6992475232709712,0
14188,0.28798071422641036,0
14189,1.3194334943383208,0
14190,0.3614577627877149,0
14191,1.2676835965546909,0
14192,0.7463894111463708,0
14193,0.2992316863740248,0
14194,4.627168767172874,1
14195,0.20523487393022316,0
14196,0.541336834175832,0
14197,1.1133682105052496,0
14198,1.5602810302026318,0
14199,1.2907845587970386,0
14200,1.0512121876167682,0
14201,2.594015634596864,1
14202,0.8978158465338939,0
14203,0.27306306174127604,0
14204,0.9507453543404794,0
14205,0.40240687214453985,0
14206,0.5484949439284542,0
14207,0.7876436144100216,0
14208,0.24995049021277493,0
14209,1.3396132340655718,0
14210,0.6099914691554982,0
14211,1.1375031580586714,0
14212,0.3257755485892453,0
14213,1.202289389759945,0
14214,0.8648411501874135,0
14215,0.8167889903443545,0
14216,1.1886782745119222,0
14217,0.7257249935192939,0
14218,0.2242264638757268,0
14219,0.23066917620805638,0
14220,0.6504507475702856,0
14221,0.11320137394791048,0
14222,1.4283171531628667,0
14223,1.131390018922168,0
14224,1.6246048222781926,0
14225,1.108228717826626,0
14226,0.5260636325949761,0
14227,0.495280509946897,0
14228,0.16011553797519157,0
14229,0.23232169453312154,0
14230,0.28258585418922344,0
14231,1.2336871983888642,0
14232,0.9535087813471078,0
14233,0.6911659254371321,0
14234,0.790994418548569,0
14235,0.5608881516581341,0
14236,0.8724747417162257,0
14237,1.2943012358144408,0
14238,2.108640687451054,0
14239,0.21696233941489385,0
14240,0.6661860718176359,0
14241,1.9100846882710112,0
14242,0.5366031728974046,0
14243,0.9356061606624906,0
14244,1.5062457109262215,0
14245,0.5404555746424413,0
14246,0.8439892253449024,0
14247,0.5369447316549179,0
14248,2.253970193911516,0
14249,0.5647119767583401,0
14250,3.09265639167363,1
14251,0.7444037781758458,0
14252,0.40678276928802093,0
14253,0.4767604485349173,0
14254,0.5099250491476122,0
14255,0.46775632171824755,0
14256,0.7696154776604375,0
14257,0.3261374425339102,0
14258,0.3924377719885893,0
14259,0.8308050470702806,0
14260,0.9628136775770356,0
14261,1.104891721975203,0
14262,0.6123190296741962,0
14263,1.1858408412372599,0
14264,1.4297916852415713,0
14265,0.5852078231477862,0
14266,2.5265729147419664,1
14267,0.7206322874673659,0
14268,0.9886256924257394,0
14269,1.1725096126075756,0
14270,0.6262732352861773,0
14271,0.5426283820046234,0
14272,1.758028211169759,0
14273,1.5925438479895526,0
14274,2.1354614529277804,0
14275,2.635447536449896,1
14276,0.20757224139948027,0
14277,1.3398768723254646,0
14278,2.1844792009427154,0
14279,0.6831257440301232,0
14280,1.2707377129207185,0
14281,0.5178419763179233,0
14282,0.22746283164820708,0
14283,2.4147790363991506,1
14284,0.6760742061955891,0
14285,2.1192865672356582,0
14286,1.0802838386576332,0
14287,1.010155870650826,0
14288,0.8256810529268052,0
14289,0.9858817923385848,0
14290,0.22422313973865501,0
14291,0.8575494503686457,0
14292,1.2408023603315388,0
14293,0.2510320681686359,0
14294,0.5519734988658861,0
14295,1.0952162832085157,0
14296,4.346006048140143,1
14297,0.4683893082492417,0
14298,0.5518596168073296,0
14299,1.6063870716021817,0
14300,2.140421304962889,0
14301,0.4801196018230508,0
14302,2.3099653151738933,0
14303,1.2888031061314946,0
14304,0.7236311371111512,0
14305,1.225034305946081,0
14306,0.9912703912539994,0
14307,2.2713407693899574,0
14308,4.0508746336827715,1
14309,0.39120564362487364,0
14310,0.40731491773070355,0
14311,0.3396278684345005,0
14312,0.44307786759470486,0
14313,0.19363681156400994,0
14314,0.6234198556386464,0
14315,0.8120349008950154,0
14316,0.37024488731774347,0
14317,1.3690084909868019,0
14318,0.28517282083442,0
14319,2.3738868073009045,1
14320,0.259425442610952,0
14321,0.40369253176076836,0
14322,1.8734068083910542,0
14323,0.4018846608985667,0
14324,0.1796857807613083,0
14325,0.9556584454227393,0
14326,0.46453552064445097,0
14327,0.2567683602255905,0
14328,1.4640713130867062,0
14329,0.4036740948622997,0
14330,0.9091927017151853,0
14331,1.2559601953012192,0
14332,5.685781237887641,1
14333,1.09823153895067,0
14334,0.7602285575456742,0
14335,0.6153127382809875,0
14336,0.5264079486849327,0
14337,2.068938961445442,0
14338,0.8956221403883685,0
14339,0.8715990103407947,0
14340,0.23847058595634912,0
14341,0.7517279145998998,0
14342,0.8152332786604853,0
14343,2.8446855490941156,1
14344,0.9859385486128754,0
14345,0.6390608738450398,0
14346,1.2325891724808182,0
14347,0.42912235843247454,0
14348,0.30709953850850763,0
14349,0.15945986220091196,0
14350,0.16806839357191775,0
14351,2.145858812966847,0
14352,0.8097061819409987,0
14353,0.8208648000372551,0
14354,0.36410875377470286,0
14355,3.737605218779401,1
14356,0.666972560761833,0
14357,1.4096817563055235,0
14358,1.0507994018547682,0
14359,0.35398067694646534,0
14360,1.1810749134106033,0
14361,1.8290264919491737,0
14362,0.43721014743421904,0
14363,0.777222808883646,0
14364,2.0892060690171483,0
14365,0.42614056653829646,0
14366,0.7202624113830014,0
14367,0.9680774284457516,0
14368,1.9504193954754434,0
14369,1.0191269278589463,0
14370,2.6097111885825166,1
14371,2.157312550051919,0
14372,0.45410878045427516,0
14373,0.554605833816262,0
14374,1.216499925914008,0
14375,1.034156499877682,0
14376,0.6719809871623799,0
14377,1.2547414623807494,0
14378,1.3085770703235178,0
14379,0.41682187802865156,0
14380,0.674924601710408,0
14381,1.7091347630992992,0
14382,0.7926981127887778,0
14383,2.2814020886357502,0
14384,2.6727713140338962,1
14385,0.437047978428388,0
14386,0.6432511430760803,0
14387,0.13171989594346106,0
14388,0.30123412200288335,0
14389,0.6462825663980125,0
14390,0.6260444978374371,0
14391,1.412382741370419,0
14392,1.289474744150378,0
14393,0.48148026152212103,0
14394,0.7662025861041297,0
14395,0.7914915205714579,0
14396,1.3820547037237838,0
14397,1.0802069645295365,0
14398,1.5573901994570931,0
14399,1.5985789446570549,0
14400,0.44553009615309236,0
14401,1.8670206909560512,0
14402,0.23628468768651462,0
14403,2.8971464620712304,1
14404,0.8659019795643644,0
14405,1.6035666499848698,0
14406,0.36878180176936737,0
14407,0.20435572313110537,0
14408,0.28305614098941695,0
14409,0.3106044826322492,0
14410,1.3957666711282681,0
14411,1.0460046291187162,0
14412,0.7137325782984696,0
14413,0.2077000675030011,0
14414,1.1562845266559367,0
14415,0.3422743631822843,0
14416,1.067926283996339,0
14417,1.1753260111641297,0
14418,1.4932854384296008,0
14419,1.8423708725090413,0
14420,0.14620936826932399,0
14421,0.369674173190168,0
14422,0.7519533221092825,0
14423,2.3229669586837742,1
14424,1.4112660414348948,0
14425,2.4863293118134764,1
14426,0.9724385882468909,0
14427,0.1699239792124614,0
14428,0.5459198275287772,0
14429,0.6205926041141742,0
14430,0.3206645645415634,0
14431,0.30701424223796336,0
14432,1.033042095940372,0
14433,0.36941405838062874,0
14434,0.40419537675521944,0
14435,1.073347506824372,0
14436,0.24019861929386838,0
14437,0.293597335082456,0
14438,0.7607408606784873,0
14439,2.2542713032748254,0
14440,1.2992789883064393,0
14441,1.6388746694299443,0
14442,0.33740711932231116,0
14443,0.3912747908584954,0
14444,1.478208712450917,0
14445,0.3871864183198672,0
14446,1.6564808823906731,0
14447,0.1882001107105632,0
14448,2.351177411553432,1
14449,0.4834761146991561,0
14450,0.7583206513222439,0
14451,0.2878208373160905,0
14452,0.562459199101534,0
14453,1.9203044951284327,0
14454,1.8507335525200865,0
14455,0.22504580748015587,0
14456,1.5623439603052043,0
14457,0.7988982135462608,0
14458,1.183408594705961,0
14459,0.5372268524558848,0
14460,0.35903126305472405,0
14461,0.23311111159066153,0
14462,0.190593848340552,0
14463,1.12074434135963,0
14464,1.2258679241800166,0
14465,1.0108691969392318,0
14466,0.8193871052915018,0
14467,1.509281153194099,0
14468,0.8475676677451149,0
14469,0.5092932495786359,0
14470,1.6748922681656473,0
14471,0.6230843051589947,0
14472,0.3520797716055597,0
14473,0.4950826938741685,0
14474,1.2185789586444689,0
14475,0.2926043485642318,0
14476,0.5155506595611532,0
14477,0.4015631923988293,0
14478,0.4239848237822176,0
14479,0.3746242737714455,0
14480,0.5509629078575649,0
14481,0.9217854221302509,0
14482,0.23849974273524072,0
14483,0.7710203978072542,0
14484,0.6903737010192332,0
14485,0.5552763899520567,0
14486,0.42356423231128737,0
14487,0.4280062649814148,0
14488,0.8572022210131628,0
14489,1.3373653147520814,0
14490,0.30382501002676376,0
14491,0.337881253988558,0
14492,1.3882327197793578,0
14493,0.26720508807598387,0
14494,0.6640018274570403,0
14495,0.9842684990696032,0
14496,0.18314374927014673,0
14497,0.9322217377272052,0
14498,3.5793383705353037,1
14499,1.0418230478606918,0
14500,2.2414667433811335,0
14501,0.4693686015882676,0
14502,2.4530846476005648,1
14503,0.18397384886970833,0
14504,0.32317073912018374,0
14505,1.3187862126295355,0
14506,0.13846847914805482,0
14507,1.5441275014375642,0
14508,0.5036055615026424,0
14509,0.9547974977277512,0
14510,1.0335393983092735,0
14511,11.70086569439504,1
14512,1.7343414851947692,0
14513,9.352587375686062,1
14514,0.17237135167757586,0
14515,1.8191412620692986,0
14516,0.31256934767019606,0
14517,0.234354258796221,0
14518,1.3590710480188553,0
14519,0.8854927014449195,0
14520,1.2954976390985857,0
14521,0.9858597239983456,0
14522,0.684225708162735,0
14523,0.5734309999770272,0
14524,5.300825479206859,1
14525,0.649152644100552,0
14526,0.8921047202990255,0
14527,1.2149118951061944,0
14528,0.5331723121704126,0
14529,2.8967166609312653,1
14530,0.553099291586018,0
14531,0.2160635344689783,0
14532,0.6626620538459087,0
14533,0.9576283521389104,0
14534,1.3257831389655,0
14535,0.7181677160605299,0
14536,1.2347059399418718,0
14537,0.31885346960851424,0
14538,0.4746629851726369,0
14539,1.0088021556315432,0
14540,0.6367064385445411,0
14541,1.192669669668486,0
14542,1.323738385832971,0
14543,0.400762535594468,0
14544,0.4272009437500112,0
14545,0.22498381942887838,0
14546,1.2694117817742092,0
14547,1.100870476088383,0
14548,2.2521551358763556,0
14549,0.09593315082890923,0
14550,0.44636914648171916,0
14551,1.2446859236304593,0
14552,0.3788930911922988,0
14553,10.349263871907366,1
14554,0.3915452380823214,0
14555,0.38424026773141023,0
14556,0.4543879599204601,0
14557,2.3373566090310214,1
14558,0.303442318920896,0
14559,0.4009010887648844,0
14560,1.2761268834366466,0
14561,0.8143500500243708,0
14562,1.5557950319987452,0
14563,0.744340562480892,0
14564,3.8399193521447303,1
14565,1.2062538257523971,0
14566,2.435930821500725,1
14567,0.794137996748603,0
14568,0.9404467576448919,0
14569,0.7311293524127864,0
14570,1.9095816361255893,0
14571,1.2351070656727887,0
14572,0.773338408159578,0
14573,0.6213134655277524,0
14574,0.7013761200086568,0
14575,2.134313787426255,0
14576,0.8777016734347016,0
14577,0.5771729172107032,0
14578,0.30553579679881465,0
14579,0.3045224300272004,0
14580,0.29860316102234635,0
14581,0.9930068848054472,0
14582,1.8744648117566818,0
14583,1.3184508933712809,0
14584,0.984319469760576,0
14585,0.09650859639292973,0
14586,1.4211744351267885,0
14587,1.7783824143883282,0
14588,3.416613326810487,1
14589,0.7698785453835149,0
14590,0.2568173928053419,0
14591,0.987137850534611,0
14592,0.18612980987718136,0
14593,1.0224690257651616,0
14594,0.9853714023999105,0
14595,1.365425069258245,0
14596,0.5566200876251378,0
14597,0.3378853585139233,0
14598,0.8433959215311877,0
14599,0.559194253101008,0
14600,0.33893376944299,0
14601,1.274228646999618,0
14602,0.24452117937887025,0
14603,0.8101410431183733,0
14604,1.2634579867675577,0
14605,0.19821826537050907,0
14606,1.3050409253830706,0
14607,0.59649027760611,0
14608,1.823832144786472,0
14609,0.20969547734492916,0
14610,0.9262711229843298,0
14611,0.4922442810488488,0
14612,0.26481423724624764,0
14613,0.4024681242652849,0
14614,1.6266923876049622,0
14615,2.9271542888006366,1
14616,0.11978335697127325,0
14617,2.262845043428286,0
14618,0.8688218168870045,0
14619,0.6564241336831028,0
14620,1.5403074653759135,0
14621,1.8387054780989793,0
14622,0.3501419285349546,0
14623,0.3018970834462392,0
14624,0.6945083044394496,0
14625,1.3536949530389353,0
14626,0.27373252204475773,0
14627,1.3975471192537978,0
14628,0.27533012219719766,0
14629,1.363299725193759,0
14630,0.6608151341319548,0
14631,2.3971960582848775,1
14632,0.22199423862469897,0
14633,1.3361536551570719,0
14634,0.529082617979628,0
14635,0.4455978410380851,0
14636,1.3154000896508848,0
14637,1.9583629586375015,0
14638,0.7610910835524526,0
14639,0.5411976471031341,0
14640,0.17900812174953362,0
14641,0.7734181836685272,0
14642,0.4026440130989015,0
14643,0.7736339286876166,0
14644,0.4436678838095852,0
14645,0.5988615982228984,0
14646,0.3064914254469329,0
14647,0.25608219166594004,0
14648,1.250312900583292,0
14649,0.9105793012774008,0
14650,1.3043745731398828,0
14651,0.5266198178613318,0
14652,0.2892243189564712,0
14653,2.8420473820575736,1
14654,0.33311384097692115,0
14655,0.8519725336530097,0
14656,0.1507929353483637,0
14657,0.3389680138737452,0
14658,0.22907373633596836,0
14659,0.21080976012797747,0
14660,0.10103469623788111,0
14661,0.35071215235698294,0
14662,1.8973076064753627,0
14663,0.42323562982361984,0
14664,0.0952811202489853,0
14665,0.339002552575444,0
14666,2.1455442927888706,0
14667,0.5038659972032,0
14668,0.6638789177038077,0
14669,0.3879130294757567,0
14670,1.8631658931494202,0
14671,0.13795172792163246,0
14672,0.8337926949562331,0
14673,0.7789905835075074,0
14674,0.08139889363367259,0
14675,0.7016787483053376,0
14676,0.258231069341422,0
14677,0.633950537943492,0
14678,0.5113021574001515,0
14679,0.6417001027836784,0
14680,0.41110320774213055,0
14681,1.2531722278197202,0
14682,0.597335212403367,0
14683,0.9627833054652569,0
14684,0.14944850212551342,0
14685,0.4518571791455626,0
14686,0.3158206280921606,0
14687,0.31875872173866754,0
14688,2.513123390422231,1
14689,0.22731997607392818,0
14690,0.24460813255891062,0
14691,0.35876308131232715,0
14692,1.2274353269322789,0
14693,0.3167161584101856,0
14694,1.174013980080613,0
14695,1.2585962691064323,0
14696,1.29468132659903,0
14697,1.7411405924534396,0
14698,1.2417828072930024,0
14699,0.32547457093376375,0
14700,1.445661526404515,0
14701,2.2888506643639444,0
14702,0.5664636235899507,0
14703,0.37078291821828097,0
14704,1.2255101824469914,0
14705,0.43879284039336924,0
14706,0.4796340546358975,0
14707,0.4805732246534249,0
14708,0.7629520236041281,0
14709,2.868880930111474,1
14710,0.24774138727010805,0
14711,0.5006968984241653,0
14712,2.3890110922971886,1
14713,1.3471064221147635,0
14714,0.19527791742007278,0
14715,0.3951653031595052,0
14716,0.2885553772140085,0
14717,0.8643955851321321,0
14718,1.4672051444746748,0
14719,1.9509187765813132,0
14720,1.2281324723655875,0
14721,2.7797518287734055,1
14722,0.33827287935856065,0
14723,1.2846914145346109,0
14724,0.23120192376167603,0
14725,0.2907539939777316,0
14726,1.484580892165733,0
14727,0.36226325393359876,0
14728,1.2419660315121281,0
14729,0.8184630615742069,0
14730,0.20568734014496992,0
14731,0.35484614467665543,0
14732,1.484544010692305,0
14733,0.2944206952595169,0
14734,0.14116384516044606,0
14735,2.4340143633500966,1
14736,0.3273557051785445,0
14737,1.4501721570771036,0
14738,5.986618352764905,1
14739,0.4410162310500455,0
14740,1.125075970915987,0
14741,0.7806994039343721,0
14742,0.6489117039487104,0
14743,3.5671768982573697,1
14744,0.5564592343592709,0
14745,0.9486922730257863,0
14746,0.9510057605416243,0
14747,0.1661715184142663,0
14748,0.7126423047577054,0
14749,1.7662835373551236,0
14750,0.9784699840628454,0
14751,1.3956674528459136,0
14752,1.207959636304442,0
14753,0.9595607428406785,0
14754,0.5351814861863883,0
14755,2.1957869466378166,0
14756,0.6738614445491414,0
14757,0.6130247147716892,0
14758,5.690376947728181,1
14759,0.43943046734655783,0
14760,0.9873049806475123,0
14761,0.42270814300834425,0
14762,0.4182623095809818,0
14763,1.4738322160910446,0
14764,0.21559768665627937,0
14765,1.3005020569323384,0
14766,0.18986968930985218,0
14767,0.4470445202260396,0
14768,3.3297465048420314,1
14769,0.40391253465987004,0
14770,1.286018239995164,0
14771,0.5356474085683314,0
14772,0.18603698434465527,0
14773,2.3349080912716174,1
14774,0.4573886261284607,0
14775,1.8565808421501662,0
14776,0.6644423296281277,0
14777,0.3402783713176719,0
14778,1.099029848727503,0
14779,0.521088873178057,0
14780,1.0535912472258366,0
14781,0.24093473993186806,0
14782,0.3002228242335369,0
14783,1.1282253137086347,0
14784,1.6075408406633076,0
14785,0.4084962210821999,0
14786,0.13562755392045373,0
14787,4.035602969091951,1
14788,1.627350124592469,0
14789,1.2118291184415164,0
14790,0.2422048958738018,0
14791,1.4133034072849804,0
14792,0.7143179460922863,0
14793,2.0349630353291905,0
14794,0.6948096757142943,0
14795,0.5087740752276648,0
14796,0.46942251158845305,0
14797,1.1587767949551107,0
14798,1.2049239986499374,0
14799,1.0686838829538539,0
14800,0.9190211879235936,0
14801,1.087352557671972,0
14802,0.7771255273613384,0
14803,0.6664508999591762,0
14804,0.9794642104475326,0
14805,0.3139325953803212,0
14806,2.2889539481677734,0
14807,0.6772642589346196,0
14808,0.2016254144774346,0
14809,1.4911374943463223,0
14810,1.290531371782166,0
14811,1.1666701603190541,0
14812,0.2682567053682462,0
14813,1.2175448639349291,0
14814,0.28540092443466075,0
14815,1.0454037535084986,0
14816,1.463444949672353,0
14817,0.522900143712155,0
14818,0.6699904935148812,0
14819,1.7165407224214946,0
14820,0.5804139350879887,0
14821,1.1773920890233425,0
14822,0.6012610385978284,0
14823,0.42511508440326196,0
14824,0.3114077422058016,0
14825,0.690762302090607,0
14826,0.4410598293446621,0
14827,1.378586303805513,0
14828,0.7573823847811134,0
14829,0.2032700580189139,0
14830,1.2414331606546078,0
14831,0.9684752262716237,0
14832,1.060330379179567,0
14833,1.6180605320470545,0
14834,1.0953027740463397,0
14835,0.40882759625373144,0
14836,0.2268664335919123,0
14837,1.4225616093916362,0
14838,0.23944099586925716,0
14839,0.8860793868778118,0
14840,1.4664532703725188,0
14841,1.3636736364261806,0
14842,1.5092043154859514,0
14843,0.09796773152717309,0
14844,3.221857652294915,1
14845,0.46642430669990437,0
14846,0.14647676838530205,0
14847,3.3120777956288556,1
14848,0.28190734660857164,0
14849,0.558711150341115,0
14850,0.6541095850910009,0
14851,0.3801708210669096,0
14852,1.0345701029979337,0
14853,0.5142745244255152,0
14854,0.7404563482571519,0
14855,1.5713106271619566,0
14856,0.18595232455036964,0
14857,1.9769858045552133,0
14858,1.5546710332287794,0
14859,0.9094567858792845,0
14860,1.2089483346898617,0
14861,0.5250645976018717,0
14862,0.29404019708126194,0
14863,0.6605169172315927,0
14864,0.12792538928934588,0
14865,0.15872531812633184,0
14866,1.2959987855811517,0
14867,1.0373212660722397,0
14868,0.3673381340366226,0
14869,0.23657855832823152,0
14870,3.256463311407555,1
14871,1.2180033305412796,0
14872,0.32167048983371355,0
14873,0.8833487798014786,0
14874,1.2552452620352947,0
14875,0.10892378083378465,0
14876,0.37525351680597613,0
14877,2.466481218371185,1
14878,0.18186206584510178,0
14879,0.33903341713676777,0
14880,1.2815057391405624,0
14881,1.111433002172587,0
14882,2.0076795513097307,0
14883,0.6083252751533406,0
14884,0.8425188573828901,0
14885,0.7130556799877088,0
14886,0.9262566845957633,0
14887,1.1085112409163873,0
14888,1.54334765570027,0
14889,0.30244752586722673,0
14890,0.9531523759465165,0
14891,1.6909496267044488,0
14892,0.4851994119779932,0
14893,0.36789300391474045,0
14894,0.2698837042997074,0
14895,0.6424971150512979,0
14896,0.15781037580403412,0
14897,0.9607228400953183,0
14898,0.18552786166808352,0
14899,0.942084495642378,0
14900,0.9836208720899096,0
14901,0.20023062052426543,0
14902,0.7241480817725516,0
14903,1.0043875248102534,0
14904,0.8234687232426883,0
14905,1.831388852324973,0
14906,0.17643338078778562,0
14907,0.592915390672765,0
14908,1.0819912866163075,0
14909,0.23463528802338454,0
14910,0.3700062956234317,0
14911,1.9255071688509902,0
14912,1.5863786245031113,0
14913,1.6990080843198594,0
14914,0.4091258082168256,0
14915,2.596691704129445,1
14916,0.9245198093081184,0
14917,0.21881029018803141,0
14918,0.45263896226668193,0
14919,3.2446674603195538,1
14920,0.7877306789839196,0
14921,0.4148432160521171,0
14922,0.45921335033422467,0
14923,0.565715480049429,0
14924,0.7316860202848121,0
14925,0.5886906315343589,0
14926,1.7566180406242644,0
14927,0.8909981917167988,0
14928,1.7727280081606185,0
14929,0.2827257045004103,0
14930,0.976581855985111,0
14931,0.24822041407120113,0
14932,0.4866805898593928,0
14933,0.6805747625376861,0
14934,0.3638965762542831,0
14935,1.215924109088038,0
14936,0.2801689600247036,0
14937,0.5281473666485168,0
14938,0.6880462313048163,0
14939,1.076846400974437,0
14940,0.19521226057362967,0
14941,0.5482715721490726,0
14942,0.4367747262432756,0
14943,0.42256569795573606,0
14944,0.9620069747726447,0
14945,0.43505500982346373,0
14946,0.2585718835398948,0
14947,0.18449209716759993,0
14948,1.8641687839041754,0
14949,0.3766016828563535,0
14950,0.6679623245942589,0
14951,1.2719509111010183,0
14952,0.29923408929343187,0
14953,0.3002237244185551,0
14954,0.6568541313934139,0
14955,0.17251126197751118,0
14956,0.07734366572680852,0
14957,0.3343956685333791,0
14958,0.8077196152162545,0
14959,0.16128352679585786,0
14960,0.6112139458183503,0
14961,1.0932676511124861,0
14962,0.47691587081328485,0
14963,0.2974229130728857,0
14964,0.32891785583474753,0
14965,0.6413829740320264,0
14966,0.21899003986246127,0
14967,0.14604795170208718,0
14968,1.1871328157073848,0
14969,0.2432461916342406,0
14970,1.1880482574106659,0
14971,0.5948495511884729,0
14972,1.7366054147253251,0
14973,1.6344590523948295,0
14974,1.1525014867053476,0
14975,0.8922519800429314,0
14976,0.5689185761224603,0
14977,0.4413359388774937,0
14978,0.7422834938484775,0
14979,0.6989240102839156,0
14980,0.6064339470138181,0
14981,0.19867967535360415,0
14982,1.0774910096139108,0
14983,1.1972476604598838,0
14984,0.9076510225224157,0
14985,0.3943751235463024,0
14986,0.2934447052699082,0
14987,1.7839163109130804,0
14988,0.6775597586691625,0
14989,0.3309257272652009,0
14990,3.9095811889361136,1
14991,0.9070641299663519,0
14992,1.2710519087198882,0
14993,3.394878338707591,1
14994,1.2065401532016664,0
14995,0.7234157234509759,0
14996,0.549566259305717,0
14997,1.0033293315443208,0
14998,0.24681140606789054,0
14999,0.1737344727608357,0
15000,0.69644010958337,0
15001,0.7591478320597032,0
15002,0.22778913949322832,0
15003,0.4491761578617666,0
15004,0.4383892759296891,0
15005,0.579333579386055,0
15006,0.17878955336761912,0
15007,2.1669824504637663,0
15008,0.7900359413698356,0
15009,0.6294812088324662,0
15010,1.5123682067630315,0
15011,0.526935087814129,0
15012,0.8208722889147773,0
15013,1.0961889126690814,0
15014,1.52112053184695,0
15015,0.2910575083249154,0
15016,0.9383659306675428,0
15017,0.4631328591930647,0
15018,1.1071254328249194,0
15019,0.5035039667006596,0
15020,1.264204721384715,0
15021,0.24450940644613112,0
15022,0.13491784069956034,0
15023,0.34342487499382235,0
15024,0.4066138871958572,0
15025,0.3018668091674403,0
15026,1.3244508814213025,0
15027,0.6146799097228726,0
15028,1.8567308305191212,0
15029,0.5790968193241826,0
15030,3.2875943309244846,1
15031,0.32464408527859756,0
15032,1.0327960371521687,0
15033,0.789875286354577,0
15034,0.8905794720207776,0
15035,0.18898854606778054,0
15036,0.5369045344944616,0
15037,1.6100285558403051,0
15038,0.4107779575339322,0
15039,1.0912847186487071,0
15040,1.9758476336293171,0
15041,0.40757024275854514,0
15042,1.508878397648059,0
15043,1.357763544345346,0
15044,0.8100098024462025,0
15045,0.43768613577082727,0
15046,0.2631547542935044,0
15047,0.12681883177261305,0
15048,1.7194265010370686,0
15049,1.129817409973131,0
15050,0.6552118288199411,0
15051,1.4386314904581328,0
15052,3.874137245148714,1
15053,0.10333049778801681,0
15054,0.7714922031509237,0
15055,0.7174432314857689,0
15056,0.9334657058865471,0
15057,0.16602918173461123,0
15058,1.6843904516109915,0
15059,0.35143818540104155,0
15060,1.2307198001313029,0
15061,0.13807574805062206,0
15062,0.6814234024343865,0
15063,0.8329439510964292,0
15064,2.6937731812526353,1
15065,2.7736871500942315,1
15066,1.0924553730405282,0
15067,0.6037965335584691,0
15068,5.217620836438473,1
15069,1.6297936096194647,0
15070,0.14450613981100915,0
15071,0.8841139151688244,0
15072,1.1069569025788808,0
15073,0.5073754068774792,0
15074,0.2543385693027392,0
15075,0.7475479018336055,0
15076,1.0624159924897156,0
15077,1.6769663710657574,0
15078,1.8023330098218977,0
15079,0.24017908942423047,0
15080,7.1469492395589445,1
15081,0.6547473007258489,0
15082,0.48177526948351435,0
15083,1.118691531500475,0
15084,1.0524418335667005,0
15085,0.9564789658815152,0
15086,1.7016625974994102,0
15087,0.14618560697520203,0
15088,1.0471108933536868,0
15089,0.5281383703056644,0
15090,0.18103454303381267,0
15091,0.9271297695909123,0
15092,1.7982087805491414,0
15093,1.052502519375523,0
15094,1.866938940541551,0
15095,1.2919803950579776,0
15096,0.2245667653195927,0
15097,1.1223888425148936,0
15098,0.10372232375549754,0
15099,0.7631160561794623,0
15100,1.1826197150234088,0
15101,0.34420706314058347,0
15102,0.8074176026356861,0
15103,0.9327727846271774,0
15104,5.344284897360077,1
15105,1.3551277773590023,0
15106,0.560528636023838,0
15107,1.2674180723004755,0
15108,0.708137438080453,0
15109,1.6915749487882472,0
15110,0.8535731936987936,0
15111,0.6717601284331953,0
15112,0.444893609261245,0
15113,1.1656628856593987,0
15114,0.2091492991133051,0
15115,0.28775256464282734,0
15116,0.9210782096621177,0
15117,0.9930926536242384,0
15118,1.418917058380139,0
15119,1.1083795600684434,0
15120,1.951816909017327,0
15121,0.2444363128110445,0
15122,0.2723197986841833,0
15123,0.28637334523265273,0
15124,0.7648103718251564,0
15125,2.886648802698142,1
15126,1.970783028426159,0
15127,0.3863632312120736,0
15128,0.7704990444640675,0
15129,4.445767147428556,1
15130,0.3917528951672884,0
15131,0.8641619708691717,0
15132,1.7195133352811898,0
15133,3.193294945439488,1
15134,0.230361588363236,0
15135,1.7564838112909509,0
15136,1.632186816920349,0
15137,1.317243533936077,0
15138,1.301031377111323,0
15139,1.983936590938616,0
15140,2.030507652897696,0
15141,2.222191675470442,0
15142,0.27414126260563143,0
15143,0.8869315548011883,0
15144,0.28011740477740404,0
15145,0.5880633304534484,0
15146,0.7918321442001824,0
15147,1.1322866636310818,0
15148,0.37810333613856695,0
15149,1.2134951533342324,0
15150,1.0403355750120062,0
15151,1.126010140214233,0
15152,0.30724596461731135,0
15153,1.2887981677271148,0
15154,1.3137216368998321,0
15155,1.1468122414693862,0
15156,0.18854136492765758,0
15157,0.1902220268430615,0
15158,0.7784763640075738,0
15159,0.6171606873379489,0
15160,0.5197658907211864,0
15161,0.10446109167750825,0
15162,1.463635795328204,0
15163,0.9039030731172357,0
15164,0.2584670998901606,0
15165,1.2283520648851192,0
15166,0.8245137877144095,0
15167,0.30116536374266334,0
15168,0.28189273246977226,0
15169,0.4227914311583092,0
15170,1.0820411542302868,0
15171,0.3692674466779172,0
15172,0.24708613027804405,0
15173,0.8946065318538258,0
15174,0.1349411774746166,0
15175,0.606471828985778,0
15176,0.19246116535171767,0
15177,0.24787508312559048,0
15178,0.7252706638089508,0
15179,1.0100572098522267,0
15180,0.3614113254996439,0
15181,0.33564136310527226,0
15182,0.1982717203179475,0
15183,0.3028954488016278,0
15184,0.2490839368666423,0
15185,0.47262012062509146,0
15186,0.6668503830606095,0
15187,1.3181698336722536,0
15188,1.2353072716648041,0
15189,0.4639919505861313,0
15190,1.1835747344760414,0
15191,0.5242760802570225,0
15192,0.3394705523141054,0
15193,0.500341733872731,0
15194,1.4298241221518435,0
15195,0.13925407924184421,0
15196,0.3673509173270274,0
15197,0.707680707761994,0
15198,0.6311212746088374,0
15199,1.0230414360495994,0
15200,1.3731872166163854,0
15201,0.8131470826064173,0
15202,2.901745915227532,1
15203,0.12001213982935485,0
15204,0.8686346503692919,0
15205,0.7904789107084789,0
15206,1.5872109405140198,0
15207,0.9469164381359455,0
15208,0.7865876742079866,0
15209,0.9788572489180783,0
15210,0.3998982608199804,0
15211,0.41410796889283785,0
15212,0.08678907132870411,0
15213,1.2692972460190823,0
15214,0.8086833774886003,0
15215,0.6061960360292901,0
15216,0.9673471947817308,0
15217,0.38491800756627625,0
15218,1.1195635880772368,0
15219,1.527616223029968,0
15220,0.8140933836156934,0
15221,0.6229664576184858,0
15222,0.3877884126058736,0
15223,1.2329187093140455,0
15224,0.19558588259650916,0
15225,1.0505511197221309,0
15226,2.892884731129098,1
15227,0.5292721612493299,0
15228,0.76304273114386,0
15229,0.9294420615005599,0
15230,0.5768506253757786,0
15231,0.6810939913912368,0
15232,0.27575178834838,0
15233,0.874537789463492,0
15234,0.9566209144039263,0
15235,0.19472081454340312,0
15236,0.4563438461122069,0
15237,0.5640291373764985,0
15238,0.5803661227787005,0
15239,0.9651435683121544,0
15240,0.1987885165082801,0
15241,0.2931799894432309,0
15242,0.2611014513309028,0
15243,0.4830135852100434,0
15244,0.8334545766091278,0
15245,0.29287837083700163,0
15246,0.45632389840811294,0
15247,0.48402559230761144,0
15248,1.5459155927917794,0
15249,1.4812327879870362,0
15250,0.4056675436090531,0
15251,0.6338994156372169,0
15252,0.20518537682107443,0
15253,0.7823570292766977,0
15254,0.4837009518754266,0
15255,0.8160116336670008,0
15256,1.83915528366887,0
15257,0.7836283819724252,0
15258,0.13229649239986574,0
15259,0.30257067614368915,0
15260,0.9281804385956283,0
15261,1.2091590138449504,0
15262,0.5442283959010467,0
15263,0.30271508163060357,0
15264,0.7096976674255264,0
15265,1.434842470497036,0
15266,0.7549281641219407,0
15267,0.42811052469510935,0
15268,0.3176042170626762,0
15269,0.4966521785408867,0
15270,0.1547741471287501,0
15271,1.332938510905942,0
15272,1.3580347743257077,0
15273,0.5972065215210361,0
15274,0.54189145485823,0
15275,0.34427743752096684,0
15276,0.36108381467954487,0
15277,0.41775851216747845,0
15278,0.575778644987304,0
15279,0.5357561833243427,0
15280,0.3142218456582677,0
15281,0.8610670178927708,0
15282,0.3610293510958427,0
15283,0.8129312286820387,0
15284,1.7474358502831642,0
15285,0.17438630864426802,0
15286,1.262250432319483,0
15287,1.820346497778625,0
15288,0.9593723196080248,0
15289,1.2247457694746926,0
15290,0.4180487462391298,0
15291,0.18472323649084083,0
15292,0.26547821987317044,0
15293,0.7897785005002416,0
15294,0.7050317075247614,0
15295,1.492979644805608,0
15296,1.3917922405448002,0
15297,0.8497433064107762,0
15298,1.0579650710540878,0
15299,0.5400433491949089,0
15300,1.7902988343964723,0
15301,0.5041437666933185,0
15302,0.18747937972267023,0
15303,0.41978457539762914,0
15304,0.8166385676506653,0
15305,0.8220123488086413,0
15306,1.6233471029413167,0
15307,1.2615149174049702,0
15308,0.5724292286477375,0
15309,1.6279470237692077,0
15310,0.9977497160124031,0
15311,0.7263107764668495,0
15312,1.4592582486758725,0
15313,0.26586090903518944,0
15314,0.3877116946183004,0
15315,2.853951165178442,1
15316,1.7925007160323023,0
15317,0.5331374360796748,0
15318,0.3158939577962856,0
15319,1.4988967820294516,0
15320,0.26777258439090945,0
15321,1.5712913366591512,0
15322,0.455991561681884,0
15323,1.1056712840215546,0
15324,0.6650721694108844,0
15325,0.3829910794687894,0
15326,2.223150305894623,0
15327,0.35281085114515526,0
15328,0.31719293772208534,0
15329,0.545219355341812,0
15330,1.9401764944508422,0
15331,0.9503583437535879,0
15332,1.0464779813671556,0
15333,0.3469943763093267,0
15334,0.6427898437347681,0
15335,1.1486310563875493,0
15336,0.17400034556057437,0
15337,2.8293122927212253,1
15338,1.8408422563855218,0
15339,0.7912637411524062,0
15340,1.1964199268897309,0
15341,0.40718975257055645,0
15342,1.0038295605782879,0
15343,0.7585285318717084,0
15344,0.8700180347551946,0
15345,1.752775891356101,0
15346,0.18983727133950362,0
15347,0.4266137003408271,0
15348,0.5659610038694968,0
15349,1.7036841520060921,0
15350,1.3510357949036969,0
15351,1.2451595785427003,0
15352,0.16515448067193633,0
15353,3.0473085035104885,1
15354,0.7126534740615253,0
15355,2.2043221168478326,0
15356,4.045690009553889,1
15357,0.8965956535837283,0
15358,0.5045361544862113,0
15359,0.5380576118843023,0
15360,0.7237496233081944,0
15361,2.5848802565712403,1
15362,0.6889299023975518,0
15363,0.4607541578684041,0
15364,0.901214514752704,0
15365,1.1087236122724082,0
15366,0.3098920086020852,0
15367,1.315214965824608,0
15368,1.3677876893153162,0
15369,1.0650162482925378,0
15370,1.975032116861962,0
15371,1.5431086571173522,0
15372,2.131338914604824,0
15373,0.2872055480565242,0
15374,0.7960006100533953,0
15375,1.192927315697024,0
15376,0.4024353989852873,0
15377,0.35413084486561724,0
15378,0.6211341526517403,0
15379,0.9284725736007644,0
15380,0.40665678004175554,0
15381,0.2909617928134917,0
15382,2.401237059144629,1
15383,1.029527208340348,0
15384,0.32876124497454084,0
15385,1.1493221762566328,0
15386,0.24222453319548584,0
15387,0.8330256428653844,0
15388,0.5895338913076634,0
15389,0.8215238395585797,0
15390,0.624010797705044,0
15391,0.5385693127822356,0
15392,0.3461886492546281,0
15393,0.9761414015574873,0
15394,1.4834252835825594,0
15395,0.6026573386282783,0
15396,0.39727689517648457,0
15397,1.2369149099984444,0
15398,0.4799439870839176,0
15399,0.2137385207115135,0
15400,1.315051058930153,0
15401,0.9049132566696472,0
15402,0.8973086503113914,0
15403,0.5297806050239222,0
15404,0.9255575504923217,0
15405,0.8686714034134372,0
15406,0.7810830029600324,0
15407,0.9803537598140215,0
15408,1.1450157764336175,0
15409,1.1158642927481703,0
15410,0.19465060018904032,0
15411,1.1567969625806684,0
15412,3.6126990042236216,1
15413,0.5272587890965229,0
15414,0.7940576685229974,0
15415,1.2894794089898534,0
15416,2.354030553907325,1
15417,3.002804423211219,1
15418,0.49632800983143943,0
15419,1.035558265584862,0
15420,1.4495676613005306,0
15421,1.5742698104693484,0
15422,1.7338284956218881,0
15423,0.3091400305329414,0
15424,2.4964019190608218,1
15425,0.954238325334005,0
15426,0.969885457975112,0
15427,1.4047641865858136,0
15428,0.39748981082233736,0
15429,0.9872140461453505,0
15430,0.7931542237936242,0
15431,0.5313479516718607,0
15432,0.08001298982126877,0
15433,0.6363425463496609,0
15434,1.442849527097448,0
15435,0.15755262866423317,0
15436,1.3428143734645595,0
15437,0.7341536119803986,0
15438,0.23262001161493714,0
15439,1.0321836781052476,0
15440,1.2127258526898195,0
15441,0.5587983228500143,0
15442,0.7392712698108828,0
15443,1.1110102246011853,0
15444,0.7794926577174242,0
15445,0.8458203270205769,0
15446,0.5909011139747777,0
15447,0.30661546854782407,0
15448,0.2232403273156796,0
15449,1.450487900849005,0
15450,1.719330663982835,0
15451,1.7644729010150417,0
15452,0.9325987329152479,0
15453,0.6478651398181976,0
15454,1.0449095533209594,0
15455,0.3012567987853051,0
15456,2.754736141415871,1
15457,0.3742869369930969,0
15458,0.13938845296692892,0
15459,0.7286504254748204,0
15460,0.4850078383061268,0
15461,1.339486025458187,0
15462,0.24597121550242643,0
15463,0.9493288357697818,0
15464,0.9539413942942613,0
15465,2.2472761487257076,0
15466,1.1771846663643883,0
15467,0.51448704871989,0
15468,0.22237111057626616,0
15469,1.416662842695703,0
15470,0.7410974687826789,0
15471,0.5432128385758495,0
15472,2.821242203891555,1
15473,0.7750477410942739,0
15474,0.491834987606817,0
15475,1.6393168860715612,0
15476,1.4929146712928845,0
15477,1.1379720525215018,0
15478,1.630334050323761,0
15479,0.558293929510657,0
15480,1.1946393448972636,0
15481,0.7062749953663795,0
15482,0.7625784925084572,0
15483,0.884862972766023,0
15484,0.28251590548077143,0
15485,0.5199651399612779,0
15486,1.0821236557343383,0
15487,0.1557184737419866,0
15488,0.41341278507530826,0
15489,1.9508160774826808,0
15490,1.3512863137453506,0
15491,0.44086417642834874,0
15492,0.49981467218871245,0
15493,1.146654386330498,0
15494,0.14370699835924444,0
15495,0.6734524318601739,0
15496,0.6986640376575595,0
15497,0.6955604520881937,0
15498,0.9432864476522743,0
15499,0.5831369162358635,0
15500,0.9271400074813648,0
15501,1.5254848470012896,0
15502,1.1628323331555168,0
15503,0.7719628203968364,0
15504,0.5649534030772749,0
15505,1.1735585113453268,0
15506,0.7199011486889793,0
15507,0.6044863298286509,0
15508,0.3630371661324969,0
15509,0.9236025759819416,0
15510,0.54412122868809,0
15511,0.26369557472819694,0
15512,0.21156433974911107,0
15513,0.614932722547547,0
15514,2.27829170607973,0
15515,0.4082018764441771,0
15516,0.10888123016460538,0
15517,1.4326784268618953,0
15518,0.7405585803606171,0
15519,1.025671578432728,0
15520,2.2476791755283387,0
15521,1.6229756470528784,0
15522,0.7021940193719132,0
15523,0.787441671026325,0
15524,1.2870753912782118,0
15525,0.7390251935499037,0
15526,1.1423978576435398,0
15527,0.5283771708893357,0
15528,1.0933024797441708,0
15529,1.4665407889223765,0
15530,0.7803430857791989,0
15531,1.3084076324601976,0
15532,0.27110374472701854,0
15533,0.2900973677902905,0
15534,0.6211386362796121,0
15535,0.8759413355450825,0
15536,0.3433404237078598,0
15537,1.9284039651146814,0
15538,0.5686340311759965,0
15539,0.9303843505196401,0
15540,2.0604089197007234,0
15541,0.2437271068206995,0
15542,1.0554279300909823,0
15543,0.21272527454043738,0
15544,1.2628214867806977,0
15545,1.3064189242636914,0
15546,0.4003223195267789,0
15547,0.1602406668050909,0
15548,0.6917474596092503,0
15549,1.9089626891638427,0
15550,0.31911304044706224,0
15551,0.7235258993008526,0
15552,1.4026465485496444,0
15553,0.8548195736890969,0
15554,2.087283898414654,0
15555,1.1258835755942678,0
15556,1.3403563249483696,0
15557,0.6308263781252075,0
15558,1.6795087667716893,0
15559,0.7569334662215059,0
15560,0.4856286057576753,0
15561,1.3130852921968645,0
15562,0.5996395071658381,0
15563,0.25761852817685377,0
15564,0.8436081545080125,0
15565,1.121425627166163,0
15566,0.4011862210548431,0
15567,1.559689100598692,0
15568,0.7318343271205875,0
15569,1.5430648043806319,0
15570,0.6831572387187637,0
15571,0.8810795291695459,0
15572,0.28334282928617927,0
15573,1.875081790364322,0
15574,0.2670161680397233,0
15575,2.7880779795622432,1
15576,0.46223224754079684,0
15577,0.20320195670382457,0
15578,1.5883962228543325,0
15579,1.7512904879466036,0
15580,1.332527091465522,0
15581,0.8382367685826193,0
15582,1.0578190195811863,0
15583,1.1128749574126737,0
15584,0.7023241112132721,0
15585,1.3592934663272855,0
15586,2.197796401509704,0
15587,1.0459035953323892,0
15588,0.24088894429009944,0
15589,3.1954863196224865,1
15590,0.549589736448222,0
15591,1.6688691159161977,0
15592,0.30710066675215264,0
15593,2.4096378796014895,1
15594,1.3062245346035293,0
15595,0.9637146110397747,0
15596,0.3230978040120148,0
15597,0.6043565836054733,0
15598,0.1750209181496673,0
15599,1.7631839002073142,0
15600,0.422300945509922,0
15601,0.2859986759660145,0
15602,1.4620111271751886,0
15603,1.4186051755641,0
15604,0.5042490398544462,0
15605,0.7265925861062319,0
15606,0.18308934815806874,0
15607,0.9709376516822577,0
15608,0.2946165275944878,0
15609,0.47693589264783326,0
15610,0.45448446180866886,0
15611,1.5116654532579776,0
15612,0.34366062661063407,0
15613,0.30891761102219883,0
15614,1.1244124821238437,0
15615,1.5449121922418958,0
15616,1.171334925358946,0
15617,0.10331037415922115,0
15618,1.007214014844069,0
15619,1.2793495064671194,0
15620,0.5947385362266531,0
15621,0.3706771254866778,0
15622,0.7054063719512281,0
15623,0.7385927863727403,0
15624,0.6425210318144481,0
15625,0.9180979251631328,0
15626,1.0991861087625843,0
15627,0.5459029908023382,0
15628,1.650541036069334,0
15629,0.9839162333251655,0
15630,0.4274842629286291,0
15631,0.5398622926064536,0
15632,1.343400500295291,0
15633,0.28475109230719076,0
15634,0.7501547297543968,0
15635,1.9599533500179553,0
15636,0.23869461916432916,0
15637,0.7025954096112239,0
15638,1.8474296054867048,0
15639,1.7061183024843796,0
15640,0.5138258137607832,0
15641,2.638076059435467,1
15642,1.2358498469314854,0
15643,0.6405792603260786,0
15644,1.894731291866772,0
15645,0.4293365045390799,0
15646,1.8284216420657706,0
15647,0.44271619846204385,0
15648,0.4123405830575262,0
15649,0.3847448711735416,0
15650,2.070604816490413,0
15651,0.7802309373135394,0
15652,0.7673764032627128,0
15653,0.5125187962482205,0
15654,0.9078306899869959,0
15655,0.7049257074399964,0
15656,0.9817167468300578,0
15657,2.5262164186396077,1
15658,1.9241501559301515,0
15659,0.9052267769021475,0
15660,0.7975332196176526,0
15661,0.28354863757985693,0
15662,0.43858892135116945,0
15663,1.0015531892697174,0
15664,0.6955802681741169,0
15665,0.9565989405294643,0
15666,1.359335897506533,0
15667,1.2049094336153245,0
15668,1.763514904202286,0
15669,0.20217166437328354,0
15670,1.8809357894488268,0
15671,1.9892239111543848,0
15672,0.38186713107152714,0
15673,3.2243596056386856,1
15674,2.2061058681250825,0
15675,2.1665263214067996,0
15676,0.20770720879939492,0
15677,0.42051592786676484,0
15678,0.9882767617257459,0
15679,0.7804405405600578,0
15680,2.78999608632378,1
15681,1.2731109697282954,0
15682,3.432351435101883,1
15683,1.0095368248733998,0
15684,0.583928943289001,0
15685,0.21659049039075756,0
15686,2.4258661206413548,1
15687,0.6402606178165957,0
15688,1.789729479027729,0
15689,0.16218951278408858,0
15690,0.18405040713833648,0
15691,0.10064654347582333,0
15692,0.7173126060688093,0
15693,2.2341403441587646,0
15694,0.7530401150401633,0
15695,0.2745717878663678,0
15696,0.5062694588972831,0
15697,0.5323573678403426,0
15698,2.094273121996223,0
15699,1.4824982239614861,0
15700,2.6063896339498163,1
15701,0.3575598345107662,0
15702,0.9200432487873563,0
15703,0.12193302772176691,0
15704,2.5927855958705277,1
15705,0.30820259001688743,0
15706,0.2808177262909399,0
15707,2.1345825749036402,0
15708,0.7186110748267399,0
15709,0.38934876008327146,0
15710,0.5216215977746861,0
15711,0.6396573644187511,0
15712,0.163313875547332,0
15713,0.7251455885170293,0
15714,0.9763599507509022,0
15715,4.330311655610938,1
15716,0.35851068319754503,0
15717,0.763778813656281,0
15718,0.672059107812505,0
15719,0.8247686693078908,0
15720,0.9789919620262053,0
15721,0.9458852930530387,0
15722,1.1889649459250198,0
15723,3.6780755800687666,1
15724,1.3758415921362972,0
15725,0.18728816222517916,0
15726,1.0790036677941486,0
15727,1.15433867060087,0
15728,0.3610011160120402,0
15729,0.2294872290372032,0
15730,0.26618179801829245,0
15731,1.6281015282599653,0
15732,1.152819533253305,0
15733,0.14998932245733348,0
15734,0.23511048321666497,0
15735,0.635735167918362,0
15736,0.5738473035012767,0
15737,1.3155466186556404,0
15738,0.37183838716058365,0
15739,0.46358581991969033,0
15740,1.0106957531954577,0
15741,2.2477975989219146,0
15742,0.9020907189676726,0
15743,0.9565863536222082,0
15744,1.3549478948184492,0
15745,0.48296296317837617,0
15746,0.8284858704957176,0
15747,0.6655003519746313,0
15748,0.8373090320564032,0
15749,0.6608817267232956,0
15750,0.8583225264235328,0
15751,0.20658779050085885,0
15752,1.745371815570249,0
15753,1.1897763109454171,0
15754,1.1106273524864747,0
15755,0.2873969633774041,0
15756,0.7060797942504229,0
15757,2.336216648082982,1
15758,1.5659094601513144,0
15759,1.0955587923635133,0
15760,0.9973029216456846,0
15761,1.1944569553921143,0
15762,1.4850119344182608,0
15763,0.6154056551848598,0
15764,0.25232226592076096,0
15765,1.1106467050896562,0
15766,1.059346294332371,0
15767,0.27988840838709017,0
15768,0.20708723665367676,0
15769,0.15763745468447196,0
15770,0.10327766312350115,0
15771,0.6754434544421734,0
15772,1.097710671114926,0
15773,1.0049865669858906,0
15774,0.6189263457051809,0
15775,0.6347895215813593,0
15776,1.2649219776246845,0
15777,0.5262213148597368,0
15778,0.7163545735658665,0
15779,0.8152428861168998,0
15780,0.25343064293674183,0
15781,0.845177666431273,0
15782,0.22905694418403452,0
15783,0.43939995888712546,0
15784,1.0134786693224043,0
15785,0.6278208387466074,0
15786,0.8262326439565255,0
15787,0.31590423623189645,0
15788,0.20260220297120046,0
15789,0.8351723188476677,0
15790,0.28043936760645594,0
15791,0.24422905717012164,0
15792,0.1675963241509056,0
15793,0.22801985809180025,0
15794,0.251842616218117,0
15795,0.6853766613266956,0
15796,0.5728271772674776,0
15797,0.7415778643431906,0
15798,0.44053476941328495,0
15799,0.22460187596979964,0
15800,0.4548284038992921,0
15801,0.6995626503655752,0
15802,0.9618382596102233,0
15803,0.25321650688937836,0
15804,0.6798428520213712,0
15805,0.8091455212880714,0
15806,0.19134599272888853,0
15807,0.6915716296334808,0
15808,0.8115125758662798,0
15809,0.5050911460858181,0
15810,1.1026036602598726,0
15811,0.23100645776809361,0
15812,0.9909252334851215,0
15813,0.7406601582427415,0
15814,1.166468166491726,0
15815,0.09889260453415842,0
15816,0.2968953794176513,0
15817,0.48046104522446553,0
15818,0.6619790242241083,0
15819,0.7451695214506756,0
15820,0.35629424846901786,0
15821,0.13671328241424066,0
15822,0.4120670431221292,0
15823,1.4362617744347748,0
15824,1.1206012193234087,0
15825,0.14393310080181093,0
15826,0.5173505522952834,0
15827,0.1445114691357891,0
15828,0.8096990558760162,0
15829,0.7335150702199458,0
15830,0.6164922434960663,0
15831,1.0860729429662217,0
15832,0.18965277844602882,0
15833,1.5354133554752551,0
15834,1.1412618325613268,0
15835,0.8278350958914086,0
15836,0.2378064815899188,0
15837,2.1580679771316307,0
15838,0.9133428282146256,0
15839,1.1064000216188044,0
15840,0.7870449640464838,0
15841,2.284840649918331,0
15842,2.148659963159363,0
15843,0.43657357593424173,0
15844,0.5313592727660408,0
15845,1.0425830528292803,0
15846,0.7400930651174411,0
15847,1.010808221392074,0
15848,0.2592059810599567,0
15849,1.1933614138695503,0
15850,0.32917303065290787,0
15851,0.6502402043246389,0
15852,0.5543386234972935,0
15853,1.3774569919084514,0
15854,0.299551207115467,0
15855,0.625211518014674,0
15856,0.6442302534707889,0
15857,0.8379316813065323,0
15858,0.5861279695803411,0
15859,1.1416217026013582,0
15860,0.8860350460882229,0
15861,0.3488285040258174,0
15862,0.7965231189477786,0
15863,1.2565266032056155,0
15864,0.37663404110509696,0
15865,1.42253725191329,0
15866,0.670321505376383,0
15867,1.106160844481431,0
15868,0.8334737030649535,0
15869,1.9413902486936792,0
15870,3.389722558017195,1
15871,0.2327565874775229,0
15872,0.3282667796866693,0
15873,0.40398673438838084,0
15874,0.14208254215250898,0
15875,0.7823540294782128,0
15876,0.15708858134809775,0
15877,0.3952130617024717,0
15878,0.25581338768031026,0
15879,0.4564096294844714,0
15880,0.6430341204135536,0
15881,0.1608855146381522,0
15882,0.12126510442960511,0
15883,0.25742898133784176,0
15884,0.25952745754028583,0
15885,0.7609709854959866,0
15886,0.9863487500970711,0
15887,0.5244642391181956,0
15888,1.0535760714958344,0
15889,0.4813688507402638,0
15890,0.8205487621597237,0
15891,0.1642624752105614,0
15892,1.0006697715116597,0
15893,1.0019308900428379,0
15894,0.699243228947782,0
15895,1.0328364296767838,0
15896,0.0951496343942321,0
15897,1.272661788665479,0
15898,2.152205254345082,0
15899,1.0245180606082107,0
15900,0.2615322003080552,0
15901,0.5495021785111548,0
15902,2.5722117366912345,1
15903,0.6232006404934956,0
15904,2.7287005405476186,1
15905,0.7853611786189866,0
15906,0.3478443294367336,0
15907,2.491357607306516,1
15908,0.25454751446489404,0
15909,1.0786848178282633,0
15910,0.41466386814056583,0
15911,0.7762660757177093,0
15912,0.6115318606595872,0
15913,0.6071560402806384,0
15914,0.1610790528106726,0
15915,1.359375012730424,0
15916,0.8842722060063466,0
15917,0.9715407498233078,0
15918,0.6203704072917196,0
15919,0.3579057813926476,0
15920,0.378541030864809,0
15921,0.3260395319393856,0
15922,0.9950303169776766,0
15923,1.1218539451558487,0
15924,0.7054770304165542,0
15925,0.29825891150452855,0
15926,0.8433983980511002,0
15927,0.7539044542361235,0
15928,2.317590745977154,0
15929,0.27634951956932435,0
15930,0.39895737259508285,0
15931,3.9526933163319002,1
15932,0.1991961080325078,0
15933,0.28733087268237945,0
15934,0.8236388435475133,0
15935,0.22481939487674082,0
15936,1.2771009481154716,0
15937,0.753022295618264,0
15938,0.7212429561678413,0
15939,0.9083552637533703,0
15940,0.430233508929991,0
15941,1.0816523238725897,0
15942,1.402713399214651,0
15943,1.3617775811635906,0
15944,0.45168465330660024,0
15945,0.2707720434253155,0
15946,0.2369935833457407,0
15947,0.4050268938206851,0
15948,0.14924956086087,0
15949,0.2606246761071105,0
15950,0.8403054321257433,0
15951,0.48029356787015864,0
15952,1.6255190992178732,0
15953,0.9403550974268619,0
15954,0.7114650351662345,0
15955,0.3268852421427681,0
15956,0.6738416226185054,0
15957,1.2617788316041985,0
15958,1.1309475833245224,0
15959,1.2536921915621888,0
15960,0.654047114198457,0
15961,0.35689529545561954,0
15962,0.5130127736834412,0
15963,0.2604492306126757,0
15964,2.0884059404275406,0
15965,0.8332186816805631,0
15966,0.8595131095544195,0
15967,0.6400958145887916,0
15968,0.5123977028386874,0
15969,0.8004097078711887,0
15970,0.39223857926516403,0
15971,0.7372867509525288,0
15972,0.8935351463927649,0
15973,0.43442142993676003,0
15974,0.35676556167252144,0
15975,0.678942916628419,0
15976,0.26327812676317247,0
15977,0.2601912318941485,0
15978,0.6511745339213165,0
15979,0.511507468467517,0
15980,0.7547965803693921,0
15981,0.8238853201128997,0
15982,0.5790246280114342,0
15983,1.2972089063750587,0
15984,0.8562361486573978,0
15985,0.6225763928864515,0
15986,0.558800200159466,0
15987,0.2829180783374915,0
15988,1.1199518353025582,0
15989,0.24368991990048144,0
15990,1.13620509161764,0
15991,0.8120102671392828,0
15992,0.44575577804774086,0
15993,1.4280588245665986,0
15994,0.6032071257429752,0
15995,0.4265870788071184,0
15996,0.5813482338273828,0
15997,2.144292556875384,0
15998,0.5782545777034152,0
15999,0.5360990975127378,0
16000,2.3182084084781396,0
16001,1.1002620258825992,0
16002,0.6497390846965596,0
16003,0.41923543610203956,0
16004,0.22408439052404322,0
16005,1.3893992332785037,0
16006,1.1601852622606672,0
16007,0.6399429027726578,0
16008,0.1361152406667978,0
16009,0.4403971137340591,0
16010,0.8287238146800237,0
16011,0.2717629471446183,0
16012,0.9127989549762304,0
16013,0.926860402892312,0
16014,0.4099397311721331,0
16015,0.2859073994477588,0
16016,2.7071924415527517,1
16017,0.15259750518174983,0
16018,1.4348391199967523,0
16019,0.6485138114075908,0
16020,0.3301817481301162,0
16021,0.48190609576858456,0
16022,1.875521683116586,0
16023,0.5814240566218217,0
16024,1.1454480931157545,0
16025,2.1063379715446566,0
16026,1.0737489424507678,0
16027,0.5411584631515707,0
16028,1.5510968658382063,0
16029,1.3742200131452462,0
16030,4.441124721137541,1
16031,0.3650178572812823,0
16032,0.19670391404657223,0
16033,1.3994062568041765,0
16034,1.072727350813021,0
16035,0.9038392802570716,0
16036,0.21249359015837452,0
16037,0.14703545723922862,0
16038,1.4771941791827183,0
16039,1.0614588093664268,0
16040,0.19720141587824971,0
16041,0.23111042885071434,0
16042,1.7231090096884354,0
16043,0.22287538469851262,0
16044,0.8410325066281482,0
16045,1.2205940841798901,0
16046,1.2552803989052617,0
16047,0.31583380297349134,0
16048,0.46942876672125894,0
16049,1.5407216456432589,0
16050,1.5203263815852022,0
16051,1.701658016844712,0
16052,0.6933329174705308,0
16053,0.9666032143035876,0
16054,2.432803824757655,1
16055,1.2245394076164613,0
16056,0.7494435229534158,0
16057,0.2601804229789541,0
16058,0.7893031232555402,0
16059,0.3260909615178111,0
16060,0.6777553625964099,0
16061,0.22004970091246795,0
16062,0.21598990667846252,0
16063,0.6176470869129042,0
16064,1.1796718872986516,0
16065,0.3717713567425215,0
16066,1.0757177111368421,0
16067,1.115403034731175,0
16068,0.7585457551485115,0
16069,0.5028596053239653,0
16070,0.3778756336240388,0
16071,0.3222814602528285,0
16072,0.674102931129039,0
16073,1.609805759735045,0
16074,0.7541438765748223,0
16075,0.7994514554998782,0
16076,0.25018081825793875,0
16077,0.962317008053566,0
16078,0.38434684623382553,0
16079,0.17854247620445796,0
16080,0.45502206043837023,0
16081,0.2902700221976239,0
16082,1.0759611794398463,0
16083,1.3867468720799085,0
16084,1.0353952085901073,0
16085,0.2529150292172237,0
16086,0.3619561436782665,0
16087,0.2129038178171486,0
16088,0.2651343943580368,0
16089,1.1252664016770624,0
16090,0.7697462511760985,0
16091,1.2810975520006316,0
16092,0.40340250250313314,0
16093,0.4690264645691148,0
16094,1.4394932714051756,0
16095,2.542680755154413,1
16096,2.0853087632820557,0
16097,1.341569558032731,0
16098,0.35708594436549296,0
16099,0.5222471282999654,0
16100,0.5647253905777518,0
16101,0.615888532652459,0
16102,1.8427342037176004,0
16103,1.636919205996237,0
16104,0.2651006792780805,0
16105,1.5210939247946778,0
16106,0.33820355005836555,0
16107,1.1402604995848094,0
16108,0.17387155209097477,0
16109,0.5286817147343255,0
16110,0.8080338650754317,0
16111,2.0441486978948826,0
16112,3.909047910479275,1
16113,0.30210978755242734,0
16114,0.8627258017442955,0
16115,0.5146749906318137,0
16116,0.830893717245942,0
16117,1.2079903717056475,0
16118,0.5929522514262718,0
16119,0.2815368475131778,0
16120,0.15847253915931966,0
16121,1.6087625913800885,0
16122,1.0829554092060516,0
16123,0.8581550227695534,0
16124,0.5417434649513668,0
16125,0.7124236780226412,0
16126,0.5319501738490946,0
16127,0.20110498734343155,0
16128,1.3189764805792734,0
16129,0.17635526548143143,0
16130,1.024338917743112,0
16131,0.2781683231063686,0
16132,0.4058291711921207,0
16133,0.19046066682477622,0
16134,1.3024421321397035,0
16135,0.9520900826452994,0
16136,2.1136069833638373,0
16137,1.8836487382173068,0
16138,1.4102067250303285,0
16139,0.401788074775897,0
16140,1.6124093094663627,0
16141,0.7965666461675792,0
16142,0.24911328396890373,0
16143,0.8851482147688857,0
16144,0.3956902504091806,0
16145,0.6764549414377639,0
16146,0.9593347536765332,0
16147,0.4060236391986286,0
16148,2.4843733717824787,1
16149,0.5317423337754796,0
16150,1.143950955010435,0
16151,1.0563823766270741,0
16152,0.26517430508485873,0
16153,1.5209782689110636,0
16154,1.1394005905590814,0
16155,0.3159340199057574,0
16156,0.9629695731177828,0
16157,0.8910062658135919,0
16158,0.7433919563503079,0
16159,0.33416654890307373,0
16160,0.6287873914893524,0
16161,0.33545934858622395,0
16162,1.100067831259453,0
16163,0.36538930369408257,0
16164,0.3049997377241374,0
16165,0.2500397666845879,0
16166,0.2364209743277878,0
16167,2.3707285604857473,1
16168,0.24663227890803086,0
16169,0.19680391408736186,0
16170,0.7414790359728926,0
16171,1.448242191237854,0
16172,0.8676917539717726,0
16173,1.3055232283725635,0
16174,0.8062724808896841,0
16175,0.37003000234677846,0
16176,0.24664031731181163,0
16177,0.29522733225325976,0
16178,0.1518392441517578,0
16179,0.1405196754088361,0
16180,1.0501240516851122,0
16181,1.0714646009912439,0
16182,0.8723376053933215,0
16183,0.7003279049827507,0
16184,1.0678525499210259,0
16185,1.355031064308549,0
16186,0.44181725967286134,0
16187,0.5171205109533709,0
16188,0.845961314633921,0
16189,2.2453774002037608,0
16190,0.5552650842786819,0
16191,0.3308003853986229,0
16192,1.674697019886335,0
16193,0.6742687136247218,0
16194,0.42266203121900503,0
16195,1.122031273728917,0
16196,0.4624521552521058,0
16197,0.48340939507053926,0
16198,0.22775793750143675,0
16199,0.3905801368381387,0
16200,0.04961832297733765,0
16201,1.908122908004983,0
16202,0.7252278140430345,0
16203,1.0282549647124166,0
16204,0.23512917143756368,0
16205,1.0100152588506028,0
16206,0.4684467112138536,0
16207,0.6071392116539407,0
16208,3.0195242954154793,1
16209,0.8213057501578029,0
16210,0.25413484082826904,0
16211,0.9324976643720619,0
16212,0.7037138505754967,0
16213,1.8258794808733847,0
16214,1.1317670457202844,0
16215,0.32064638401717155,0
16216,1.1458648233350937,0
16217,0.865989440382215,0
16218,1.1560630529243556,0
16219,0.9823882243729536,0
16220,1.3736077351814866,0
16221,0.7586144736310183,0
16222,1.1599435127659463,0
16223,0.6375853760955685,0
16224,0.3879087633950589,0
16225,0.8501215817382157,0
16226,0.894640859521896,0
16227,0.36177722069749885,0
16228,1.4805381658353398,0
16229,3.012387352166155,1
16230,0.3500873041793887,0
16231,4.625837719336443,1
16232,1.2597661582326274,0
16233,0.774797643844847,0
16234,0.6634162896878781,0
16235,1.2904699345408361,0
16236,0.552858884572392,0
16237,1.4269206408984698,0
16238,1.2157200331296067,0
16239,2.536361059661881,1
16240,1.0946679747663366,0
16241,0.7776946999407348,0
16242,1.5544218246778783,0
16243,1.4942952681431287,0
16244,0.2166864612888812,0
16245,0.7790067757315571,0
16246,0.9795299128231244,0
16247,0.7657093582232516,0
16248,1.3307485021311463,0
16249,0.2016583082250966,0
16250,0.8604536850358302,0
16251,0.7899073974666766,0
16252,0.6415176711313848,0
16253,0.400801932144383,0
16254,1.1197835412003383,0
16255,0.12905942152076183,0
16256,0.23534334614770205,0
16257,1.4563411257803778,0
16258,0.8726267179837853,0
16259,0.5179468306595105,0
16260,0.6896924718881726,0
16261,0.2972356216618871,0
16262,0.6773752084125981,0
16263,0.5916034669524046,0
16264,0.6284692139690162,0
16265,1.4797087381297978,0
16266,0.5018987712225881,0
16267,0.28441606387819796,0
16268,1.2337155599074747,0
16269,0.8988760285213659,0
16270,1.8275033408774022,0
16271,1.105652818710529,0
16272,1.488181145654054,0
16273,0.23875025807242028,0
16274,1.2662955326572323,0
16275,0.21938848550625584,0
16276,1.371470131048624,0
16277,0.8951352247764006,0
16278,1.400374672078912,0
16279,0.35636871210338894,0
16280,2.7726262518900784,1
16281,0.21999577459605274,0
16282,1.2331673061015784,0
16283,0.47159168700633514,0
16284,1.3574992248185946,0
16285,0.7729522433577355,0
16286,1.444793542822875,0
16287,0.3740806543957326,0
16288,0.16170439024802738,0
16289,1.0131047297388307,0
16290,1.013145448754476,0
16291,0.720133371162823,0
16292,0.4397330698524521,0
16293,0.19356387496012578,0
16294,1.4978040604539413,0
16295,1.3677465264475668,0
16296,0.5973127091324758,0
16297,0.6046099063612509,0
16298,0.7804453791335955,0
16299,1.1128380754463454,0
16300,0.9344794634991217,0
16301,1.5314137052658414,0
16302,0.4617495077441191,0
16303,1.3706941869819609,0
16304,1.6053288604711895,0
16305,1.0911307311312601,0
16306,0.173631321505562,0
16307,0.8440916614257731,0
16308,1.1961358233278847,0
16309,0.8050438183070853,0
16310,1.3175562071570055,0
16311,0.5401335548028137,0
16312,0.5739785111114506,0
16313,0.8115162302013582,0
16314,0.6625668212881948,0
16315,1.6220749878357545,0
16316,1.4052358784511803,0
16317,0.7509898020101671,0
16318,0.8582710583706377,0
16319,0.5915842983647939,0
16320,0.24412107073947,0
16321,1.495282009814466,0
16322,0.7653127391628868,0
16323,2.082779526316453,0
16324,0.7214019399272058,0
16325,0.894944987278367,0
16326,2.1507725262316453,0
16327,0.3204419134192375,0
16328,0.5481380215375589,0
16329,0.604693702250787,0
16330,0.30318187510906414,0
16331,0.4033181379684215,0
16332,0.4679067758148586,0
16333,0.2168647203078244,0
16334,0.7879113135964622,0
16335,0.30759355703551866,0
16336,0.2443367174452828,0
16337,1.3619969428318497,0
16338,1.2187787793925549,0
16339,0.33098146055746386,0
16340,0.897642173305489,0
16341,0.5041575997793525,0
16342,0.40940421204642297,0
16343,2.0148249384543604,0
16344,0.40847682800371626,0
16345,1.2411863004519628,0
16346,1.9675371413665914,0
16347,1.0797173336981924,0
16348,1.4052902530512206,0
16349,0.8821873496522052,0
16350,0.7255521590395793,0
16351,1.1439576881521485,0
16352,1.4269550849936625,0
16353,0.8322322940298076,0
16354,0.46121764774397356,0
16355,0.975968458796892,0
16356,0.873203305212426,0
16357,0.7252849113444174,0
16358,0.8477798245032986,0
16359,2.0508324323192317,0
16360,0.1592980204649171,0
16361,0.6533429957738295,0
16362,1.7582202137447969,0
16363,0.21016731721954537,0
16364,0.616530971267387,0
16365,0.30325798614979643,0
16366,0.8428212998429773,0
16367,1.0610560373782352,0
16368,0.38289655241065745,0
16369,2.378217423055875,1
16370,0.7655382663870094,0
16371,0.648463985279294,0
16372,0.21886244247632827,0
16373,1.6069621235656004,0
16374,0.6961983697448358,0
16375,1.1975123238023893,0
16376,0.8152855981513172,0
16377,0.5212948463915057,0
16378,0.5271069169206452,0
16379,0.49798642400269105,0
16380,0.47431437100096635,0
16381,0.34986966526812047,0
16382,1.2734054578360596,0
16383,0.5594552402065993,0
16384,0.9820519353430172,0
16385,0.2645970396687603,0
16386,0.7394194166316933,0
16387,2.3668583961469323,1
16388,1.1285468645356713,0
16389,0.5130043557623193,0
16390,0.20101137482507975,0
16391,0.951023345128067,0
16392,0.8616021075997345,0
16393,0.8892242840108089,0
16394,0.9871540700891362,0
16395,0.5482866185701932,0
16396,0.7275727328265394,0
16397,0.1519646500390564,0
16398,0.29098501520068,0
16399,0.40201908147175847,0
16400,0.6925896798500455,0
16401,0.5084047011128134,0
16402,0.3081508020588028,0
16403,0.4937804504405733,0
16404,0.5982915679752472,0
16405,1.378829787377477,0
16406,0.47563833236795566,0
16407,0.10133626672806743,0
16408,0.5226437275373005,0
16409,3.2772983346348896,1
16410,0.6915585810623399,0
16411,0.36537587265748084,0
16412,0.4528040425680361,0
16413,0.31746647067090594,0
16414,0.28637965312794894,0
16415,0.5773003737385177,0
16416,0.3241429790050359,0
16417,1.4034186719770592,0
16418,0.5212672608986761,0
16419,0.1864177682167097,0
16420,1.908282302660184,0
16421,0.25622961838873115,0
16422,0.34538136010292037,0
16423,0.7068350155404357,0
16424,0.8139989109025286,0
16425,0.5570661738390964,0
16426,1.560769976869865,0
16427,1.0664749275915324,0
16428,0.9557730244136453,0
16429,1.1983559513469337,0
16430,1.552863047082593,0
16431,1.1511004983771493,0
16432,2.796293424614851,1
16433,0.20059874459102844,0
16434,0.8264016170998717,0
16435,0.3020370115566939,0
16436,0.950702486902317,0
16437,1.1158717968349026,0
16438,0.6751812348969513,0
16439,0.6455126501691771,0
16440,1.1992523650394156,0
16441,2.219633948336615,0
16442,0.8728368579244637,0
16443,0.7713877969659133,0
16444,0.18339245198655477,0
16445,0.40072973650616517,0
16446,1.9531045077049558,0
16447,0.25003113804488314,0
16448,0.2200239038395147,0
16449,0.9943177247880973,0
16450,0.35832427354042196,0
16451,0.654345121539993,0
16452,0.4331037357664808,0
16453,1.4304307226925352,0
16454,0.9149469005928956,0
16455,1.2154534496224705,0
16456,0.38827239889617643,0
16457,1.0127679196843276,0
16458,0.6858743293379985,0
16459,1.601053757461846,0
16460,0.5715990777818118,0
16461,1.62143699275756,0
16462,1.9996360111016152,0
16463,1.258821254335913,0
16464,0.3453111154302182,0
16465,0.35112395320060674,0
16466,0.3555437053538407,0
16467,0.6807367420555238,0
16468,0.2306040816594634,0
16469,0.4048355151713986,0
16470,0.6930191439590656,0
16471,0.8112347320299534,0
16472,2.535279561259411,1
16473,1.5509151417816827,0
16474,0.5513428412943675,0
16475,1.7871934733313772,0
16476,0.7776432075117956,0
16477,0.34051486988499435,0
16478,0.4104026909580626,0
16479,1.080003207886332,0
16480,0.6254220984113426,0
16481,1.6659135013628241,0
16482,1.260391009958975,0
16483,1.066276356563251,0
16484,0.486671170817971,0
16485,0.9156401966412855,0
16486,0.4939063297487817,0
16487,0.7385691481024406,0
16488,0.9298378205690163,0
16489,0.8135406750530624,0
16490,0.9569052675512288,0
16491,0.8031322932716366,0
16492,0.337565438153831,0
16493,0.4615027992941766,0
16494,1.6631157516606283,0
16495,1.029817517002969,0
16496,0.7570722579680458,0
16497,0.44041108733401363,0
16498,0.43339404932723974,0
16499,1.2116147342617247,0
16500,0.1298073892996167,0
16501,0.7332263720408727,0
16502,0.6324515566968876,0
16503,0.09600920305058552,0
16504,1.0194102644794036,0
16505,1.2626068952940983,0
16506,5.816868772909268,1
16507,0.9541301423670419,0
16508,0.46802633517222053,0
16509,1.3577326052818288,0
16510,1.3104263069142748,0
16511,1.0198615329089278,0
16512,0.7298857779176828,0
16513,1.2869479391116012,0
16514,1.5828521515975993,0
16515,0.9231807199283011,0
16516,0.7524283177504019,0
16517,1.2352690818480017,0
16518,0.12426364249573707,0
16519,2.39564335889023,1
16520,0.8010147032430881,0
16521,1.0144317039213089,0
16522,0.1254888064540199,0
16523,0.09431287643005,0
16524,1.1159749418835367,0
16525,0.21259885804080722,0
16526,0.9603691556900626,0
16527,2.089564483359546,0
16528,0.21178887676569563,0
16529,1.855091108841161,0
16530,0.3181649801665582,0
16531,0.28017750937185376,0
16532,0.38165588691687874,0
16533,1.2735499416369593,0
16534,1.328033920238949,0
16535,0.541827655482993,0
16536,1.1303251933397485,0
16537,0.2154679772818116,0
16538,0.1516909149245814,0
16539,1.0056770913596849,0
16540,0.36682562678568864,0
16541,0.5975766716581703,0
16542,1.2968127488674817,0
16543,1.2779329949052056,0
16544,0.21740733857303055,0
16545,0.3405383315246488,0
16546,0.31903560632159483,0
16547,2.0360190418969326,0
16548,0.315120187595572,0
16549,0.9730031516900406,0
16550,1.6945495611441195,0
16551,0.8966869926100239,0
16552,1.3460702668781779,0
16553,0.7144769875961654,0
16554,0.9039070477183444,0
16555,0.9561794829335198,0
16556,0.31348419032142677,0
16557,0.25971005749991005,0
16558,1.1526192384732643,0
16559,1.7541682469280704,0
16560,1.5988111303410186,0
16561,0.9911988042315029,0
16562,0.6622400728313586,0
16563,0.33814387774953963,0
16564,2.4199158027295837,1
16565,0.506999062664921,0
16566,0.32836430873636535,0
16567,1.1949025999550764,0
16568,1.9617449995512306,0
16569,0.18107278590455095,0
16570,0.8373289175639869,0
16571,1.3755671902359767,0
16572,0.25925451040456987,0
16573,0.8906969049568492,0
16574,1.0750231025054138,0
16575,0.09347552609584096,0
16576,1.2382277528297816,0
16577,2.3922458183212267,1
16578,0.38796304337421084,0
16579,0.2149246367885565,0
16580,2.111455461327482,0
16581,2.2834849810708633,0
16582,0.9494544914849943,0
16583,2.3169401872443496,0
16584,0.13978234511813042,0
16585,0.9070173634210061,0
16586,0.6532712014568478,0
16587,1.725418135061005,0
16588,0.9679870280737826,0
16589,0.18024691849323163,0
16590,0.6436519272500336,0
16591,0.592301630002984,0
16592,0.36843756642746717,0
16593,1.12732953616695,0
16594,1.8690222568515449,0
16595,1.8412751974400845,0
16596,0.347478774088357,0
16597,2.196880049385275,0
16598,0.6832839879847187,0
16599,0.12965807989538947,0
16600,1.3266764789070034,0
16601,0.3752176349382292,0
16602,2.1093892249359345,0
16603,0.4731947258411252,0
16604,2.487305771295511,1
16605,0.4238936606828723,0
16606,0.47324682376561383,0
16607,0.3052079228061985,0
16608,0.24024714834953062,0
16609,0.8631170503356277,0
16610,1.8956924086875884,0
16611,1.6470057514543346,0
16612,1.0685291135837098,0
16613,0.3647975998005806,0
16614,0.8966494681661186,0
16615,0.6389815565158277,0
16616,1.4295789872217157,0
16617,1.8014013148517993,0
16618,0.569063353260579,0
16619,1.870636661507125,0
16620,0.9073681113874159,0
16621,0.2651780025228108,0
16622,0.788300528780953,0
16623,0.40994464944778136,0
16624,2.5486137566301172,1
16625,0.3265864646592868,0
16626,3.189391140551451,1
16627,0.3408798117625998,0
16628,1.1549084511481305,0
16629,1.1605416507089896,0
16630,0.6030579838115899,0
16631,0.6676880858446712,0
16632,1.1358210789929255,0
16633,0.30325637677990464,0
16634,0.7806309602397332,0
16635,2.7420569983837084,1
16636,0.11288045210208322,0
16637,1.403592769233698,0
16638,1.2666067207492275,0
16639,1.2342768462939706,0
16640,0.5283649738760134,0
16641,0.7077186619021838,0
16642,0.6114967333269181,0
16643,0.6087360029633979,0
16644,0.2369972589690054,0
16645,0.9327351707316318,0
16646,0.32955504027415056,0
16647,0.7801407715989469,0
16648,0.2568716801458645,0
16649,0.45808595631560534,0
16650,0.31298002076122133,0
16651,0.9025867124564341,0
16652,0.21122638905170943,0
16653,1.9337523582443736,0
16654,0.8392808298846675,0
16655,0.33100992386453226,0
16656,0.8339487859780711,0
16657,2.3753854944978308,1
16658,0.18074826451149667,0
16659,0.19002268064244957,0
16660,0.3211164797617882,0
16661,0.4808496825187502,0
16662,1.4860532840585396,0
16663,0.20663286255653368,0
16664,2.4556493022112678,1
16665,2.094945427273879,0
16666,1.7031442654127233,0
16667,0.7174270163330335,0
16668,0.340229936230805,0
16669,2.0156432471749572,0
16670,0.7095287632664599,0
16671,1.6128725986504784,0
16672,0.7578800830943327,0
16673,0.44660045891475464,0
16674,0.8340205388060141,0
16675,0.35155189464175357,0
16676,0.3614271636987112,0
16677,0.18280420647312376,0
16678,0.2300360549120763,0
16679,0.9614656906543114,0
16680,0.4318466216038682,0
16681,0.6713735597576866,0
16682,0.727826618313571,0
16683,0.9093812017686798,0
16684,0.23006380742933347,0
16685,1.1551968323887607,0
16686,0.5550607324171521,0
16687,0.49594816436250777,0
16688,1.15061611157427,0
16689,0.7727242562937218,0
16690,1.0323471755750082,0
16691,0.3265507982966482,0
16692,1.213729670980758,0
16693,1.1354668571896451,0
16694,1.0613971950987475,0
16695,0.3320338450135754,0
16696,1.5163323278096648,0
16697,0.9920861339421208,0
16698,0.6014524079307161,0
16699,1.9711822308847844,0
16700,1.8797643210630568,0
16701,1.029544170340436,0
16702,1.2905636892597514,0
16703,0.29292667464683486,0
16704,1.4463328218563345,0
16705,1.098382065313938,0
16706,0.8064172786738327,0
16707,0.5315046926446703,0
16708,1.1122351941831616,0
16709,0.5422921607280358,0
16710,0.8016524521272764,0
16711,1.5015479817431987,0
16712,0.20675653622485113,0
16713,1.8849618200016665,0
16714,0.6029031622156237,0
16715,3.104999158235379,1
16716,0.5719179620530616,0
16717,1.118106444047929,0
16718,0.746353644834475,0
16719,0.8137398728700038,0
16720,1.1093088826359077,0
16721,0.2577722883898577,0
16722,1.6247784969118968,0
16723,0.32065039600008644,0
16724,0.9946110718650516,0
16725,0.6067508416133018,0
16726,1.7156652812211024,0
16727,0.7571824649696266,0
16728,0.2696987087234578,0
16729,0.8414109609715913,0
16730,0.7119729730494837,0
16731,0.4682528136337417,0
16732,1.8312169166346752,0
16733,0.3344308322682982,0
16734,0.23639794751094892,0
16735,0.7243514277186236,0
16736,0.44499351468570525,0
16737,0.6904855896111737,0
16738,0.19555334393907509,0
16739,1.5413542855797915,0
16740,1.0418373253794875,0
16741,0.18604695219336714,0
16742,0.7813214561153703,0
16743,0.8998552267107925,0
16744,0.35891061910297095,0
16745,0.5772958838632343,0
16746,1.2102209129951809,0
16747,0.733220289119486,0
16748,0.8999723090168155,0
16749,0.8862470670413838,0
16750,0.5976052308176285,0
16751,0.9592610882630936,0
16752,0.42925122917363856,0
16753,1.526838510300609,0
16754,0.44226050551278,0
16755,0.3920777874687963,0
16756,1.5130515002757483,0
16757,1.2680118067942026,0
16758,0.19440836601338568,0
16759,0.23987282328542453,0
16760,0.4047045363637894,0
16761,0.48389527971397445,0
16762,1.101780954982504,0
16763,0.16991465577728276,0
16764,1.4612370822984524,0
16765,0.1785938900715646,0
16766,0.6767455666331375,0
16767,1.2657546325230498,0
16768,1.9548353983552123,0
16769,0.4287044254083939,0
16770,1.572983402642274,0
16771,1.2416924735768635,0
16772,0.4732056923985053,0
16773,0.2796019398538988,0
16774,0.3136285407150359,0
16775,0.5573507421185292,0
16776,1.4535794321695235,0
16777,1.090458641351366,0
16778,1.8442513950679698,0
16779,2.465243505481639,1
16780,0.3102429789949802,0
16781,0.8467282410462882,0
16782,0.44466015100658113,0
16783,0.24433640152873332,0
16784,0.24845687232875707,0
16785,0.8143733669404446,0
16786,0.3718575630835515,0
16787,0.370944138583006,0
16788,0.6237717689647768,0
16789,1.3694785338048254,0
16790,0.7306229072342887,0
16791,1.1087728049885957,0
16792,1.6067280427095665,0
16793,0.24839447452216068,0
16794,0.20316520292865947,0
16795,0.9603195130277085,0
16796,0.40675022606432376,0
16797,1.6237588280631243,0
16798,1.30779928723985,0
16799,0.7430895829291531,0
16800,0.3078708660699191,0
16801,0.4739828067353552,0
16802,0.8008401371930297,0
16803,0.601966291065619,0
16804,0.4287286722006315,0
16805,1.0328781042163915,0
16806,0.5322656606186962,0
16807,0.5537691107210367,0
16808,0.2310543177195819,0
16809,2.921077156598148,1
16810,0.520070480420246,0
16811,0.7427666104546042,0
16812,1.0000843703998759,0
16813,0.9468021842266203,0
16814,0.2748738110505027,0
16815,0.4004392679650429,0
16816,0.29132684463105757,0
16817,0.3422290447817375,0
16818,0.4055185544861787,0
16819,1.2767377424426787,0
16820,1.7761216656106065,0
16821,0.7087492806809281,0
16822,0.5580418999665124,0
16823,1.0450077105264286,0
16824,0.23460943668291084,0
16825,0.9839469559524237,0
16826,0.5171948806880174,0
16827,0.9847812028393186,0
16828,0.4647561239638914,0
16829,2.781881497089012,1
16830,0.4458386471222104,0
16831,1.4009716414336868,0
16832,0.6808658291392149,0
16833,0.6091397892795261,0
16834,1.263475469323764,0
16835,0.649783111390714,0
16836,0.9890138785247892,0
16837,0.30697954110352427,0
16838,0.7711257805456135,0
16839,1.4412823450254866,0
16840,0.5418623275962846,0
16841,0.7878987271435041,0
16842,0.37825880730698136,0
16843,0.22919985979395502,0
16844,0.21824219641957962,0
16845,0.4327755578408099,0
16846,0.39571119632089935,0
16847,1.230554455456338,0
16848,0.27916749455762757,0
16849,1.469862370895909,0
16850,1.5863183365714453,0
16851,0.2987833312201985,0
16852,1.1770985443378583,0
16853,1.1351732227311786,0
16854,0.19083818355622276,0
16855,0.214726670369231,0
16856,1.740727440365815,0
16857,0.33173105237670636,0
16858,1.098891493288313,0
16859,0.3391057520361785,0
16860,0.8008782953402461,0
16861,0.7277164591628698,0
16862,0.790861307012684,0
16863,1.1728826289725665,0
16864,1.885961698725008,0
16865,1.8459512103081814,0
16866,0.31440930441726456,0
16867,3.349227802181595,1
16868,1.038558954250884,0
16869,1.2694106017945603,0
16870,0.807363616113339,0
16871,0.8958686155971536,0
16872,0.2618743731142058,0
16873,0.20102133673191896,0
16874,2.264081782810622,0
16875,1.2395415436351314,0
16876,0.9597019672138764,0
16877,2.6738910802289677,1
16878,2.21202914661554,0
16879,0.2152833161685998,0
16880,0.8642023148308196,0
16881,1.3928183225478867,0
16882,0.34421777702757395,0
16883,1.1036004250636693,0
16884,0.234825378042695,0
16885,0.30507874361916193,0
16886,0.2275437446129409,0
16887,0.398710879409541,0
16888,0.8783083330704805,0
16889,0.7605234884300869,0
16890,2.083230927128177,0
16891,0.9753419666331382,0
16892,0.26013485826293836,0
16893,0.20667850067131602,0
16894,1.145720699862181,0
16895,0.5255762492189893,0
16896,1.4701014659915965,0
16897,1.3336623228000852,0
16898,1.6037065345246755,0
16899,0.5616960180511839,0
16900,0.5112399565334831,0
16901,0.5285331169494728,0
16902,0.23272016012503932,0
16903,1.8315731535109545,0
16904,1.2326655442048167,0
16905,1.3878632155058788,0
16906,0.6616732254661708,0
16907,0.7929675266780803,0
16908,0.9216126745806749,0
16909,0.5575088892116773,0
16910,0.6624286164032415,0
16911,1.3629700467464623,0
16912,0.6514535874656665,0
16913,0.5782201217167451,0
16914,1.3954368484865454,0
16915,1.0250469008819063,0
16916,0.8227720461435283,0
16917,4.0816743098279895,1
16918,2.101856251366795,0
16919,1.4341746798444066,0
16920,0.6124634853961064,0
16921,0.5079087293838949,0
16922,1.3953867135814242,0
16923,1.2159047533369476,0
16924,1.1653694340314638,0
16925,1.63915081845045,0
16926,0.5021446717317841,0
16927,2.818179746896912,1
16928,1.5206652803216865,0
16929,0.3276086766241833,0
16930,0.5594845984349829,0
16931,0.39028460268732595,0
16932,1.2925287967300023,0
16933,0.6140635518652182,0
16934,0.4373874075962072,0
16935,1.1521949433077026,0
16936,0.5248235678685483,0
16937,1.7819166513473568,0
16938,0.4074924171354031,0
16939,3.0920236889078927,1
16940,1.421432853839675,0
16941,1.242572600595943,0
16942,1.871753291737442,0
16943,1.4315172376375767,0
16944,0.6525653567938304,0
16945,1.6585022733615205,0
16946,0.6231117563537338,0
16947,1.8213899766438366,0
16948,0.8582147126295714,0
16949,0.7805991124812373,0
16950,0.5996630997703897,0
16951,2.926239112969495,1
16952,1.2970502908093062,0
16953,2.011953182635814,0
16954,1.2820122115337078,0
16955,1.450126272144022,0
16956,2.2962354384842905,0
16957,1.554052906157458,0
16958,1.0680875006470945,0
16959,0.8344061512805414,0
16960,0.6216551736327193,0
16961,0.8786262364182983,0
16962,0.9022180181741497,0
16963,0.5372875357077189,0
16964,0.560876191242479,0
16965,0.5582959418644753,0
16966,0.4891567731849544,0
16967,1.974302044473514,0
16968,0.6923941438782235,0
16969,0.8150659884209176,0
16970,1.5852688990497499,0
16971,0.7695076232732277,0
16972,0.7547253426879721,0
16973,0.46889576623390894,0
16974,0.43642390486105215,0
16975,0.15494140535876944,0
16976,0.29110322280458856,0
16977,0.76988082444325,0
16978,0.9857105068080877,0
16979,0.5119247320884607,0
16980,1.2682486453081812,0
16981,0.7467331633983314,0
16982,1.0982895775608625,0
16983,0.29447094400532714,0
16984,1.41036966244492,0
16985,0.5175716942023751,0
16986,0.22052371941719268,0
16987,0.9696714617079673,0
16988,0.44975276107440953,0
16989,1.8371258343557535,0
16990,0.5944041125599286,0
16991,0.47481267114006076,0
16992,0.6713756696119317,0
16993,0.36558298865505645,0
16994,0.47774232196864014,0
16995,1.757798560629818,0
16996,1.1172976419747083,0
16997,1.6374763370863583,0
16998,0.1424199511527672,0
16999,0.4489329005348848,0
17000,0.18380933047953324,0
17001,0.5970672946326755,0
17002,0.33055848228865553,0
17003,0.17959408473860686,0
17004,0.6644938551627361,0
17005,1.3636603789421795,0
17006,0.9491993159536444,0
17007,1.105288862762011,0
17008,0.3826681000868389,0
17009,3.6502828465385972,1
17010,0.06450705947074853,0
17011,2.0507708978423658,0
17012,0.9251333137085724,0
17013,0.16256468482243006,0
17014,0.32076154889102304,0
17015,0.5225950578998638,0
17016,0.21211399015841131,0
17017,0.7194870922568459,0
17018,0.14744349595685197,0
17019,0.20789596649149483,0
17020,1.17216491861844,0
17021,0.2507484958697813,0
17022,0.921172071113799,0
17023,0.15867905758781584,0
17024,0.9390323299906337,0
17025,0.36171458117556166,0
17026,0.10795531210431453,0
17027,0.37972983665252774,0
17028,0.13600313186464622,0
17029,0.16304785394647653,0
17030,0.5862901051697138,0
17031,0.5611109829636367,0
17032,0.12491714118931978,0
17033,1.2446039423019783,0
17034,0.2128675576085061,0
17035,1.375861660011061,0
17036,0.2580375057539929,0
17037,1.366229953184469,0
17038,0.147333594936317,0
17039,0.8732825152623303,0
17040,0.7636050398726132,0
17041,0.9228943630888073,0
17042,1.04874375237015,0
17043,0.5959069793582146,0
17044,0.6054271105276271,0
17045,0.761253315555663,0
17046,1.4150856999352868,0
17047,0.9375795596218817,0
17048,0.6409213523136651,0
17049,0.5919115518144664,0
17050,0.9213260082338609,0
17051,2.2323067833209347,0
17052,0.8527047488548826,0
17053,0.9595204888961485,0
17054,0.348780914305156,0
17055,0.5317223364103909,0
17056,0.1254542802264746,0
17057,0.6708982800270505,0
17058,0.07098039412540243,0
17059,0.44599188522766486,0
17060,0.8856204042452388,0
17061,0.332002560460325,0
17062,0.11627855365733245,0
17063,0.6282876249354798,0
17064,0.3298215588976882,0
17065,2.296485117460671,0
17066,0.8143892096493615,0
17067,0.40752587408629,0
17068,0.48763831342470676,0
17069,0.43828026484652777,0
17070,2.0288894952051097,0
17071,0.26583214711179615,0
17072,0.24987677348780232,0
17073,0.20901082847050256,0
17074,2.268846015132384,0
17075,0.12552829020762976,0
17076,0.724567481160006,0
17077,1.2708218168754084,0
17078,0.23090331750672596,0
17079,0.3537568670494017,0
17080,0.3533796421956633,0
17081,0.2748299219345119,0
17082,0.881355296891155,0
17083,0.4654233726889447,0
17084,0.705208395761821,0
17085,0.7419429887589721,0
17086,1.8027600703900475,0
17087,0.8247329120839041,0
17088,0.28509364056706243,0
17089,0.421799532429689,0
17090,0.42655316899430423,0
17091,0.8647918421675105,0
17092,0.1666397597127631,0
17093,0.3989739716350744,0
17094,0.49736776871564237,0
17095,0.26370322248720507,0
17096,0.15371053074603122,0
17097,1.8816893185434012,0
17098,0.27100110292767515,0
17099,0.3635081524685161,0
17100,2.1711961651074114,0
17101,0.3429358143428984,0
17102,0.4280406029235242,0
17103,0.3204371506177133,0
17104,0.19782345215309846,0
17105,0.500056577429715,0
17106,0.13719364094715852,0
17107,0.6414298606797427,0
17108,0.4737873072859323,0
17109,0.7913586510632582,0
17110,0.0933293112493293,0
17111,1.2156497517404121,0
17112,2.8160395573813246,1
17113,0.3031576522769667,0
17114,0.13879882417175032,0
17115,0.8703368426962683,0
17116,0.40244031221459303,0
17117,0.23342990794325708,0
17118,1.5485254999037639,0
17119,0.9509968730252032,0
17120,0.4654761282243839,0
17121,1.4727468979676952,0
17122,0.19645179379905436,0
17123,0.1734325855489617,0
17124,1.3087358679551562,0
17125,1.3534941804099898,0
17126,0.3852960565665081,0
17127,0.47649849893438195,0
17128,0.5233078193418477,0
17129,0.2542374733333257,0
17130,0.29503691065615534,0
17131,0.07575302624507188,0
17132,0.4781243650089791,0
17133,1.0605793336985863,0
17134,0.20003154916761567,0
17135,0.5334214736841978,0
17136,1.0994155332383087,0
17137,0.8165791795098611,0
17138,1.7853125262064071,0
17139,1.1818338928201253,0
17140,0.2250467211785089,0
17141,1.0929009830821657,0
17142,1.4746958359722981,0
17143,1.5673742842919451,0
17144,1.404467972080414,0
17145,0.30706088308758417,0
17146,0.16096204023691513,0
17147,1.1088895771287501,0
17148,0.3467956099241736,0
17149,1.198313939040894,0
17150,0.2103365398044462,0
17151,1.1388258722970357,0
17152,1.6208791748539642,0
17153,1.7325178254459281,0
17154,0.2535401679828898,0
17155,0.8878095208711286,0
17156,3.2619434326005083,1
17157,0.14687317351550813,0
17158,0.5979823124959247,0
17159,1.23946387947958,0
17160,0.4050588326550022,0
17161,0.3334061719271463,0
17162,1.226662484575066,0
17163,0.26450607687957883,0
17164,1.1371099456992435,0
17165,0.8615171116679747,0
17166,0.10106708479534103,0
17167,1.3010931060888582,0
17168,0.4477108957950696,0
17169,0.16434158829284629,0
17170,0.4103698661681118,0
17171,0.3934118704547325,0
17172,0.19198173583514935,0
17173,0.21641548689818552,0
17174,1.7456198495931776,0
17175,0.3930597299127822,0
17176,0.7398246860207076,0
17177,1.687218245972532,0
17178,0.9723819847847814,0
17179,1.3360607350742437,0
17180,1.5444736455121089,0
17181,0.5862610074668387,0
17182,0.7603995005384919,0
17183,1.328651614431244,0
17184,0.9152123810690099,0
17185,0.24184011645731532,0
17186,0.42597509623567953,0
17187,0.3909645923209705,0
17188,2.313924096819627,0
17189,1.1634224046003871,0
17190,0.8435475700771697,0
17191,1.1115115190247908,0
17192,2.5318667757909368,1
17193,1.4036499548650787,0
17194,2.2932604791292057,0
17195,0.9587927561290772,0
17196,0.7443219898634346,0
17197,0.2694486627072894,0
17198,0.185171256826482,0
17199,0.34369897720683207,0
17200,0.20353238347278188,0
17201,3.1222369543425446,1
17202,1.0103558782322044,0
17203,0.5897523952431555,0
17204,2.2768835208847227,0
17205,0.6951012919874212,0
17206,1.0382953287358778,0
17207,0.6078725277189176,0
17208,0.6249948612643502,0
17209,0.33761132867611066,0
17210,0.5617512248666822,0
17211,0.14077427739979992,0
17212,0.8641979762835362,0
17213,0.8696063584766491,0
17214,0.19443239064281406,0
17215,0.15401879070532312,0
17216,1.4062281870487368,0
17217,0.08555142385390316,0
17218,0.3633089060667746,0
17219,0.614264761427958,0
17220,0.09964668028065449,0
17221,0.20658724406751627,0
17222,0.32461377611608455,0
17223,0.31580882291250567,0
17224,0.19565453556747836,0
17225,0.99190090178799,0
17226,0.37755337092285013,0
17227,0.5935526873146965,0
17228,0.37773856912829196,0
17229,0.3756596018697679,0
17230,0.6504469976379872,0
17231,1.1607312347581769,0
17232,2.0007822541108906,0
17233,0.3324369622388101,0
17234,0.6034730340255237,0
17235,0.3274385569581068,0
17236,0.4975800535902538,0
17237,0.4046480157567823,0
17238,0.6117982217908727,0
17239,0.9015557126754723,0
17240,1.2354971939866428,0
17241,0.823540758762044,0
17242,0.733592359068598,0
17243,0.35095446511943096,0
17244,1.258777922774254,0
17245,0.5484063474061811,0
17246,0.5558377554310517,0
17247,1.6775602655001325,0
17248,1.1720393186850189,0
17249,0.5653076672176105,0
17250,0.2970974441483908,0
17251,0.6514614028683164,0
17252,1.2313434973015567,0
17253,0.7246037312591975,0
17254,1.068777449036715,0
17255,0.6824077198906776,0
17256,0.4111964569160652,0
17257,0.3969352145866002,0
17258,0.9600060482788599,0
17259,1.671454436046858,0
17260,0.6134857113277115,0
17261,0.41616168519849356,0
17262,0.21716291249443861,0
17263,0.5299009090915087,0
17264,1.447530829613593,0
17265,1.9984276115267412,0
17266,0.3590034313221885,0
17267,0.9388546955066485,0
17268,0.8423685571827931,0
17269,0.2983861877307024,0
17270,0.27194182952044044,0
17271,1.6114139348938714,0
17272,0.6059523297452499,0
17273,0.4424085090385959,0
17274,0.2652094786748728,0
17275,0.9294857441948302,0
17276,0.292762592349382,0
17277,0.3197093014001874,0
17278,0.33869122000341306,0
17279,1.151825988106617,0
17280,0.31448927663726045,0
17281,1.4153984608737722,0
17282,0.22915304490785307,0
17283,0.5227174952234805,0
17284,0.23669917457955583,0
17285,1.7548348026681064,0
17286,0.9008433206886008,0
17287,1.211813782768622,0
17288,0.7840779339605575,0
17289,2.0336524120171995,0
17290,2.6293988196506675,1
17291,0.30605957939798367,0
17292,1.4096885804078716,0
17293,0.3980005384339194,0
17294,0.8590677444224394,0
17295,3.2192959326896635,1
17296,2.628537139186587,1
17297,0.6345527134051345,0
17298,0.43957845089993786,0
17299,0.37692847441203675,0
17300,0.38129647320226967,0
17301,0.39321208122116813,0
17302,0.7635490937904812,0
17303,0.8657269925681819,0
17304,1.1588208333325412,0
17305,0.2185039977877296,0
17306,0.7446532529852783,0
17307,1.0037128931642323,0
17308,0.842662886402859,0
17309,1.208640629405089,0
17310,1.276107029229958,0
17311,1.0383353182901,0
17312,0.47557806814082726,0
17313,0.20419853315354647,0
17314,0.5095248459638466,0
17315,0.8577717890774256,0
17316,1.6162490782942243,0
17317,0.8864415327084902,0
17318,1.8356737148996696,0
17319,1.5141325259591487,0
17320,1.369303675580991,0
17321,2.7475088829701475,1
17322,1.307975555265228,0
17323,1.5131824438328594,0
17324,1.790392359540796,0
17325,0.19620431640537278,0
17326,0.9010589804141134,0
17327,1.1356687213077006,0
17328,1.32250531505631,0
17329,0.40006598647960895,0
17330,0.47452639014479486,0
17331,0.608913484023102,0
17332,0.19409131589947407,0
17333,0.36925388749261534,0
17334,1.9589903001520086,0
17335,3.1878738267932,1
17336,0.6524594663523745,0
17337,1.4262142249770593,0
17338,1.4450853611975014,0
17339,1.1930938667228104,0
17340,4.701924803806236,1
17341,0.45550350125605127,0
17342,1.0816822007225044,0
17343,0.6833794651791312,0
17344,0.8366263951032398,0
17345,0.44285016174705233,0
17346,0.5263813008751423,0
17347,0.38702669994148964,0
17348,0.8604224863301748,0
17349,1.5242808820854106,0
17350,0.49869155461713743,0
17351,0.7622354186463552,0
17352,0.192792670680204,0
17353,0.2082570839726497,0
17354,0.2903805879933997,0
17355,0.31158991080932513,0
17356,1.735720060710473,0
17357,0.6498829760446654,0
17358,1.0409655796150656,0
17359,2.286773062078462,0
17360,1.6284490392226183,0
17361,0.7620026608488087,0
17362,0.9551603269072515,0
17363,0.9655949297559472,0
17364,0.7349337287899868,0
17365,1.284235183026615,0
17366,1.0657851679576882,0
17367,1.7871535917046912,0
17368,1.2210176667906796,0
17369,0.4203126969181489,0
17370,0.8032600409897542,0
17371,0.840297867640426,0
17372,1.1100539759149135,0
17373,0.19119510593614458,0
17374,0.7145214265104168,0
17375,1.656163403856716,0
17376,0.15408195683981535,0
17377,0.6692869816504468,0
17378,1.550230655805263,0
17379,0.8031926370347161,0
17380,1.960451433314276,0
17381,0.5187423470920848,0
17382,0.5609697159757306,0
17383,0.7890677958479151,0
17384,0.3523114135495812,0
17385,2.706018968717169,1
17386,0.860559248411793,0
17387,0.2846236768382825,0
17388,1.4902724215495398,0
17389,1.07137397251344,0
17390,0.18126505173264326,0
17391,0.23295273379469092,0
17392,1.176466316679774,0
17393,0.5257262429881038,0
17394,0.14277135432554425,0
17395,0.6439559846879451,0
17396,0.3649473905300436,0
17397,0.15576152495082102,0
17398,2.3348048593545228,1
17399,0.30884079152362903,0
17400,0.18897818636490304,0
17401,0.9803496428947833,0
17402,2.11659115245956,0
17403,0.4373792774726744,0
17404,1.0260784844766349,0
17405,0.13911662276985637,0
17406,0.7051567071685889,0
17407,1.1681798881223595,0
17408,0.1562642547880508,0
17409,0.5773489691194296,0
17410,0.1848190740008347,0
17411,0.2568029442323989,0
17412,0.2159384701395163,0
17413,0.2950449319489111,0
17414,1.77678063180729,0
17415,2.2735304153893643,0
17416,1.039446005494222,0
17417,1.1430921348600978,0
17418,0.655657279433823,0
17419,0.5145183512445684,0
17420,1.368503226933256,0
17421,1.1123321795516823,0
17422,1.7144204836871055,0
17423,0.4730425891720579,0
17424,0.5438446488555757,0
17425,0.22269507664937063,0
17426,0.7642392733504397,0
17427,1.360765840592362,0
17428,0.20910199975632354,0
17429,0.9924486304226032,0
17430,0.21697267832175426,0
17431,0.9979718554937687,0
17432,0.41197077162453793,0
17433,0.45355986030576895,0
17434,0.37520981477324405,0
17435,1.1348895528840193,0
17436,0.49513684051926565,0
17437,0.3813115784140752,0
17438,0.3898833016893807,0
17439,0.7480176083402423,0
17440,0.6889926747253144,0
17441,0.43214062476319304,0
17442,0.3908112298683618,0
17443,0.301537440449995,0
17444,0.18407392004728013,0
17445,2.169800313572034,0
17446,0.3379472348262288,0
17447,0.5664839508550444,0
17448,1.0357245861661097,0
17449,1.3873702390833726,0
17450,0.5433938484969074,0
17451,1.9825306938518714,0
17452,0.2713418099012533,0
17453,1.5155469633401135,0
17454,0.7590445337392655,0
17455,0.7674506904629375,0
17456,1.0530494102135577,0
17457,1.5144058529707647,0
17458,1.2907752563814863,0
17459,0.7532374904262318,0
17460,1.4450321432342477,0
17461,0.9902428175595454,0
17462,0.7074246086922484,0
17463,0.5331189375361498,0
17464,1.4358169215120848,0
17465,2.484477709614477,1
17466,0.6805037000199368,0
17467,0.30054314470140947,0
17468,0.7366080896341748,0
17469,0.27281627558152444,0
17470,0.19376669023898385,0
17471,1.561070944894794,0
17472,0.22527070676251815,0
17473,1.4147039643117705,0
17474,1.2041645568933164,0
17475,2.572034543059288,1
17476,0.5909149808024982,0
17477,0.7588604860538883,0
17478,0.17852397879870616,0
17479,1.215075491186057,0
17480,0.6393985112352769,0
17481,0.33955946802385767,0
17482,1.5158811581709974,0
17483,0.6475957465635771,0
17484,1.5584136880632358,0
17485,0.44057702073589844,0
17486,0.20727175228513567,0
17487,0.5731873540406893,0
17488,0.38971675897159874,0
17489,1.6614353971162674,0
17490,0.6866693974129081,0
17491,0.995471631194798,0
17492,0.20553515066906555,0
17493,1.1820753859048687,0
17494,0.24711497609303573,0
17495,0.3817573214239868,0
17496,0.49226490627016606,0
17497,0.49563256124808824,0
17498,0.8075877675714758,0
17499,0.3788063001173822,0
17500,1.3582973500142321,0
17501,0.46961993231806937,0
17502,0.41077670558451196,0
17503,0.9787840655871654,0
17504,0.9585177575421934,0
17505,1.6194820894126072,0
17506,1.079468353703018,0
17507,1.1357207490798662,0
17508,1.7505345853768404,0
17509,0.512085933451833,0
17510,0.5366329014101214,0
17511,0.4663594701089675,0
17512,0.37278803816357997,0
17513,0.5750249520348819,0
17514,0.798650033778474,0
17515,1.1915330890755251,0
17516,0.8958808935406843,0
17517,0.7660843442017186,0
17518,0.9296758783784445,0
17519,1.08360071406826,0
17520,0.63914950608427,0
17521,1.3016660574102463,0
17522,0.30771851452391435,0
17523,0.9015000593311129,0
17524,0.2711180818946902,0
17525,0.5647858954800367,0
17526,0.5116895177525851,0
17527,0.8035482972972321,0
17528,5.131035599934634,1
17529,1.3232508275545345,0
17530,0.2074490869409317,0
17531,0.6556460156311112,0
17532,0.5945154003396469,0
17533,0.7459764971873802,0
17534,0.4542224000765689,0
17535,0.4897121533274499,0
17536,1.399889431940538,0
17537,0.6219618937679743,0
17538,0.3165253687997474,0
17539,0.5482361797202623,0
17540,0.7446733497120915,0
17541,0.8340301777570446,0
17542,0.17007203320881376,0
17543,0.925566164680769,0
17544,0.9045816518560654,0
17545,0.21328743213799956,0
17546,0.9436336137386601,0
17547,0.9389981641210984,0
17548,0.2616029118440058,0
17549,1.0946686320833368,0
17550,1.9459175137066727,0
17551,0.14727862812021963,0
17552,0.26448172130208725,0
17553,0.7542048538381108,0
17554,1.0474769594882467,0
17555,0.6434422338208409,0
17556,0.3352057754636126,0
17557,0.6003085274142196,0
17558,0.3620352850005467,0
17559,0.17529449886438675,0
17560,0.19212537486616835,0
17561,1.5445686289843512,0
17562,0.7866464327928229,0
17563,0.5914923818322423,0
17564,0.657652916057811,0
17565,0.8051445769887074,0
17566,0.41013666370764434,0
17567,0.2676781349597922,0
17568,0.4882290581710692,0
17569,0.6414133028393173,0
17570,2.516863216607809,1
17571,0.5709282941099462,0
17572,1.7197011011166015,0
17573,0.9991990460182171,0
17574,0.3007843003251048,0
17575,1.3380861175966516,0
17576,1.2411884442377035,0
17577,0.812078024937757,0
17578,0.34676764519014214,0
17579,0.5001454547809897,0
17580,1.0734804194804313,0
17581,0.4994750796084655,0
17582,1.532896947660773,0
17583,0.9247525008290454,0
17584,0.26015253396750826,0
17585,1.001222430017253,0
17586,0.31491441843880585,0
17587,0.43940902263544945,0
17588,0.2377987133745556,0
17589,0.5107534562475124,0
17590,1.1804191023202975,0
17591,1.3809005674758483,0
17592,0.3975725314302737,0
17593,1.1852482739666967,0
17594,0.8110898955025473,0
17595,1.1045774601612728,0
17596,1.6118942872819133,0
17597,0.2102102505299078,0
17598,0.5730407053346118,0
17599,1.6886886659161995,0
17600,1.1276394271131878,0
17601,0.26768070121236953,0
17602,0.31939099757524847,0
17603,0.35411213496191934,0
17604,0.7246530094964608,0
17605,0.5919918502953416,0
17606,1.0607362717815085,0
17607,0.8360767009220302,0
17608,0.6800797878142835,0
17609,0.7734911127204045,0
17610,0.3383683293252539,0
17611,0.3953416727580393,0
17612,1.6059839269440084,0
17613,2.5780046712401465,1
17614,0.3416533224818189,0
17615,2.6459879691783037,1
17616,0.4570947614145485,0
17617,2.6564216776819998,1
17618,1.3788989087561854,0
17619,0.8189576768655245,0
17620,0.4283241235252132,0
17621,0.29934979904059567,0
17622,0.9152522712795574,0
17623,0.7491284504541933,0
17624,1.261381272773658,0
17625,1.1199615784301926,0
17626,0.5539246498723779,0
17627,1.0307915257418925,0
17628,0.7074803389054436,0
17629,0.38535524231906637,0
17630,1.3358765324499338,0
17631,0.5012000166387002,0
17632,0.3022564484418949,0
17633,0.14267670265293245,0
17634,1.4798223020345822,0
17635,0.4103103505290754,0
17636,0.8028661649751111,0
17637,0.3285332991434248,0
17638,0.8985918134737487,0
17639,0.3170048203555287,0
17640,0.08718188051871707,0
17641,0.31727424431625195,0
17642,1.2580005971678674,0
17643,0.45023840320096403,0
17644,0.9579177092327162,0
17645,0.7997291415434591,0
17646,0.630673045248173,0
17647,0.12745396714961238,0
17648,0.42185873734019796,0
17649,0.9208190541092387,0
17650,0.6185335632145199,0
17651,1.5525056981570429,0
17652,2.8930462209784564,1
17653,0.5266027476253667,0
17654,0.840844334396089,0
17655,0.23011191355597402,0
17656,0.9392183180915723,0
17657,0.24466652547450254,0
17658,1.7252478583644748,0
17659,1.590395789285365,0
17660,3.107920983684557,1
17661,1.5415934114852354,0
17662,4.332499496173114,1
17663,0.805650028396918,0
17664,0.5156661608860895,0
17665,0.28437629762841193,0
17666,1.3104169489048652,0
17667,0.7436731748301675,0
17668,0.7694079251184712,0
17669,1.0626131761200948,0
17670,0.42469429652932894,0
17671,0.25569714780480685,0
17672,0.4014498006447219,0
17673,1.2033500998359146,0
17674,2.212530099403589,0
17675,0.5179467128869526,0
17676,2.3452809029973354,1
17677,2.8253963695612727,1
17678,2.535283755038421,1
17679,0.39000393935485783,0
17680,0.879929332400787,0
17681,0.2595807342156659,0
17682,1.2891071345524845,0
17683,0.5199551526881134,0
17684,0.3001549274015215,0
17685,0.9621486297717533,0
17686,0.21941478206375145,0
17687,0.5555611900978675,0
17688,1.3800622577286816,0
17689,0.5554980446703839,0
17690,1.0651500915947305,0
17691,1.1407189240584927,0
17692,0.39398259959432097,0
17693,0.5225405088457323,0
17694,0.8312487625555084,0
17695,3.5778892094732617,1
17696,0.5677104867008295,0
17697,1.0015052068544705,0
17698,0.7824601455475267,0
17699,0.6685925792956853,0
17700,0.8838257995948166,0
17701,1.9686852207130499,0
17702,0.44070597743108414,0
17703,5.9643969157670655,1
17704,0.7955376689224403,0
17705,0.4301374789505578,0
17706,1.1895525430895184,0
17707,0.5751891545391381,0
17708,0.3758035789251625,0
17709,0.37918950402591933,0
17710,1.3575493391636861,0
17711,1.611493229207803,0
17712,0.5131085545532575,0
17713,0.4885208336910981,0
17714,1.0615143392464201,0
17715,1.3660313885574706,0
17716,3.037896512251114,1
17717,1.419645916992452,0
17718,1.8637600363533573,0
17719,1.2564380837495057,0
17720,0.9030730169949563,0
17721,1.2925055024872694,0
17722,0.4465621657483707,0
17723,0.27569252960274515,0
17724,1.9844509155489483,0
17725,2.154710942037981,0
17726,1.1644595174078558,0
17727,1.5168753207850707,0
17728,1.0954388822007546,0
17729,1.152710664194015,0
17730,1.1230068459283877,0
17731,0.4446829100263421,0
17732,1.3277490100507934,0
17733,0.27412355863759574,0
17734,1.7658330491763436,0
17735,0.8676658969453334,0
17736,1.1750590516829351,0
17737,0.985494253940546,0
17738,0.50541505123766,0
17739,1.0640532409966827,0
17740,2.236105329290189,0
17741,2.282704198302984,0
17742,0.5472108959426871,0
17743,1.313749855888899,0
17744,1.4735614399242944,0
17745,1.1245980063609722,0
17746,0.7583023565807655,0
17747,1.3213187385597653,0
17748,2.3811529345677416,1
17749,1.5243341757757054,0
17750,0.7857587135519561,0
17751,0.9731172547184203,0
17752,1.6964892984644067,0
17753,0.9413566318905527,0
17754,2.9301533945367724,1
17755,0.3858962902773763,0
17756,1.3616860844789227,0
17757,1.0595458216425153,0
17758,0.6614549666046232,0
17759,0.7978482315513674,0
17760,0.3740374399859571,0
17761,0.8180926031776462,0
17762,2.2884745975197514,0
17763,0.8915046643238735,0
17764,0.534728442055091,0
17765,1.1713893816237904,0
17766,0.8518943290844577,0
17767,3.216202102811758,1
17768,0.4973286850506301,0
17769,1.3826507056930548,0
17770,0.3278400922640825,0
17771,0.4246062185928102,0
17772,0.9520928164337249,0
17773,0.5701538536515384,0
17774,1.3738811552148327,0
17775,1.237704767732884,0
17776,1.927404209509459,0
17777,0.440451269197575,0
17778,2.4074717016184928,1
17779,0.7151597498872148,0
17780,1.7017278719672722,0
17781,0.9877039841485764,0
17782,1.7244009638568083,0
17783,0.5178146423918494,0
17784,0.9766615795535316,0
17785,2.560330358335171,1
17786,0.2603699118659287,0
17787,1.2337784095681859,0
17788,1.1803839007347992,0
17789,1.0295673908763547,0
17790,1.2260938476889496,0
17791,1.5557257466989127,0
17792,0.23947978442150292,0
17793,1.2503269748460482,0
17794,1.0841718855635807,0
17795,1.948928324674253,0
17796,0.6053484810914288,0
17797,1.4009611520496665,0
17798,0.5408467344584438,0
17799,0.21446157609200375,0
17800,0.24467177797449557,0
17801,0.6057458557928012,0
17802,0.9697715488750778,0
17803,0.4842912826246396,0
17804,0.48170204272246203,0
17805,1.1117716703640526,0
17806,0.6181761895721577,0
17807,0.3028805666430653,0
17808,0.7985501995652987,0
17809,0.7804480544218352,0
17810,0.33732784910815244,0
17811,0.20894880464189577,0
17812,0.23355762428872523,0
17813,0.1705650409995852,0
17814,0.9559489710511262,0
17815,0.2690927337639127,0
17816,0.1695005631711308,0
17817,0.7286580866195935,0
17818,0.6909264802825181,0
17819,0.2761857606892629,0
17820,0.8640128717207393,0
17821,0.1968148927138083,0
17822,0.5005759283045442,0
17823,1.1499304276897153,0
17824,0.2690857855764972,0
17825,0.17895244533170146,0
17826,0.5492146461840699,0
17827,1.9430290335959222,0
17828,0.3145372893318378,0
17829,0.4996931945998638,0
17830,3.8764373429338854,1
17831,0.9597182970354039,0
17832,0.9919768842256295,0
17833,0.7426189788401084,0
17834,0.3396923013758011,0
17835,0.6726178223221985,0
17836,0.9302308361189885,0
17837,0.29226088729938277,0
17838,1.0117256471857279,0
17839,1.5635510415125824,0
17840,0.7599015703806609,0
17841,0.1637024141523685,0
17842,0.3070529707275618,0
17843,2.129480801375925,0
17844,0.9895722665382692,0
17845,1.8607897683355978,0
17846,1.1545032004091094,0
17847,0.4322287526317414,0
17848,0.32909373873328407,0
17849,0.8116827138016713,0
17850,0.4745316192885739,0
17851,0.3846213758998929,0
17852,0.3839099814054925,0
17853,0.6784444227060704,0
17854,0.46386713732554774,0
17855,0.9248850629684293,0
17856,0.3162212889802322,0
17857,0.29944591015757915,0
17858,0.7457458326581957,0
17859,0.37465139613535553,0
17860,1.4875890057917132,0
17861,0.10839318566086523,0
17862,1.179057389340418,0
17863,0.4438171217076379,0
17864,0.6557133114698309,0
17865,0.958276550557349,0
17866,1.6931246411852563,0
17867,0.5480280292759566,0
17868,0.28807185657911477,0
17869,1.9134457828847637,0
17870,0.20669609144925047,0
17871,0.3885037817804588,0
17872,0.25588348250084103,0
17873,0.7425069338409113,0
17874,1.3104067942419735,0
17875,1.8853790756094355,0
17876,1.4857499577749624,0
17877,0.2640013816137245,0
17878,0.3550082901508777,0
17879,0.2571147888546896,0
17880,0.9370443930493743,0
17881,0.23212853895938856,0
17882,0.6988133037207862,0
17883,0.0903767910917002,0
17884,0.24902382697080877,0
17885,0.18067739858448337,0
17886,0.3133919862367203,0
17887,0.5092970188762008,0
17888,3.207834805371468,1
17889,1.5829249593749712,0
17890,0.33969076614600724,0
17891,0.7872553335627857,0
17892,0.9206837050217571,0
17893,1.4562862369551848,0
17894,1.467218780460651,0
17895,0.8420230906294627,0
17896,0.8750026369705605,0
17897,0.2800219955228544,0
17898,0.23010389266663997,0
17899,0.24305779145764705,0
17900,1.3045852447655775,0
17901,0.4123395889296774,0
17902,0.9248873319556662,0
17903,1.2421537846134083,0
17904,0.6803189798685274,0
17905,0.3872860423210831,0
17906,1.0804912725544344,0
17907,1.0877155735116697,0
17908,1.0513895197855017,0
17909,0.6185863688686639,0
17910,1.4828156196593016,0
17911,0.2231064529540268,0
17912,1.055767062995059,0
17913,0.5301468913385824,0
17914,1.7571646758110138,0
17915,1.0871447139508674,0
17916,0.45079664747267056,0
17917,0.34678400315131314,0
17918,0.5199433625499614,0
17919,0.8649460422132375,0
17920,0.1535784693587571,0
17921,1.171835212513551,0
17922,0.9966923454997996,0
17923,0.6430827399241117,0
17924,0.5075554063786347,0
17925,0.5011855362833078,0
17926,1.0297337772529185,0
17927,0.4958882408820903,0
17928,1.8946165288031263,0
17929,0.564035804565704,0
17930,0.3457777776666549,0
17931,2.2912155108532195,0
17932,0.585137052101748,0
17933,1.497519715310636,0
17934,1.4471297887526275,0
17935,0.28458098961337297,0
17936,0.20227013452962245,0
17937,1.7957447503369963,0
17938,1.501040729302567,0
17939,0.4679748839445542,0
17940,0.6556436023812034,0
17941,0.5113863338522642,0
17942,1.9421973348376056,0
17943,0.3771835394937549,0
17944,1.1823172201860184,0
17945,0.5991163933865618,0
17946,0.9936328016019955,0
17947,0.7260512696343182,0
17948,0.33781122331209473,0
17949,0.37022218085183417,0
17950,1.0048446840960157,0
17951,1.527237451346481,0
17952,0.1766952050355827,0
17953,0.3034421479007592,0
17954,0.678420499069951,0
17955,0.3611582281886888,0
17956,0.30036854366711624,0
17957,0.5351040259593088,0
17958,1.3078634057230585,0
17959,0.44011403701415813,0
17960,0.718975082897052,0
17961,0.6579491274897106,0
17962,1.5809056246536772,0
17963,1.3299551769846698,0
17964,0.2564609170792192,0
17965,0.6969109245784291,0
17966,0.33901075595019936,0
17967,0.5665055743694172,0
17968,3.15884080219089,1
17969,0.2249172013479323,0
17970,1.9288705726760433,0
17971,0.4822062354086484,0
17972,2.044592891039637,0
17973,1.129254171694485,0
17974,0.6732775634974365,0
17975,0.3647008872737886,0
17976,0.4349334732480665,0
17977,0.5165823267516257,0
17978,0.27584376716323056,0
17979,0.5552845866169486,0
17980,0.46704646573701636,0
17981,1.474107223598928,0
17982,0.5835151197332783,0
17983,0.2668363443723083,0
17984,1.6027087067105321,0
17985,1.2909491917454328,0
17986,1.3123941941746147,0
17987,0.9237028458385439,0
17988,1.7491756699172893,0
17989,0.47560137185896567,0
17990,0.5793035253244997,0
17991,0.2702118984409111,0
17992,2.957986981786276,1
17993,0.6770378976117895,0
17994,1.0858005321205377,0
17995,0.21652168481337036,0
17996,1.3133422059487676,0
17997,0.835052007308656,0
17998,2.6309016526899347,1
17999,0.5546091893159435,0
18000,0.9394200920597549,0
18001,1.388657556253902,0
18002,0.2414250931177934,0
18003,1.8263058256868867,0
18004,1.7331861199712417,0
18005,0.454292787336235,0
18006,2.2967222942560244,0
18007,1.4242844989121022,0
18008,1.4654659067123514,0
18009,1.5182154169543884,0
18010,0.4372976032602372,0
18011,0.14478728898266433,0
18012,1.5558933706768232,0
18013,0.8717211320340403,0
18014,1.3772123097253754,0
18015,0.3475658240845776,0
18016,1.2835736816662444,0
18017,0.25913801972196804,0
18018,0.352678223167744,0
18019,1.6282054257619332,0
18020,0.6463630975118742,0
18021,0.5400273166191218,0
18022,0.3313281944389586,0
18023,0.16763745991800527,0
18024,1.0239043103495908,0
18025,0.24557209188661014,0
18026,1.2204536680419484,0
18027,0.24508830870059528,0
18028,0.5081261563569157,0
18029,1.8947954406423544,0
18030,0.42892931459451855,0
18031,0.23310679446100072,0
18032,0.9647168415530644,0
18033,1.71238732846466,0
18034,0.6840043998545122,0
18035,1.4184293724161718,0
18036,0.6752417537375303,0
18037,0.14423768203133325,0
18038,1.311310078409953,0
18039,1.3907822309912021,0
18040,1.2441833362814252,0
18041,1.1927413709926915,0
18042,1.2177635618282503,0
18043,0.4946999160411559,0
18044,0.36717446944899385,0
18045,0.3998526577437088,0
18046,0.9948086146451646,0
18047,0.8218847389204319,0
18048,0.4223902980239632,0
18049,0.6542378906855293,0
18050,0.6468340122779445,0
18051,0.4755685547729146,0
18052,2.6012360102192753,1
18053,0.5592008753990318,0
18054,1.185393442665725,0
18055,0.21758740044916264,0
18056,1.6442579072460408,0
18057,1.256569839931759,0
18058,1.7642138203984892,0
18059,0.9267583046807808,0
18060,0.7701960588108234,0
18061,2.3455885779027175,1
18062,0.9701678270915058,0
18063,0.7049213086690813,0
18064,0.5660944030915822,0
18065,0.3855758703140796,0
18066,1.2510089628212167,0
18067,0.7122602137945063,0
18068,0.574378489885919,0
18069,1.3053617317910209,0
18070,0.21907301012321478,0
18071,0.5046256588521605,0
18072,0.5363693736029193,0
18073,0.8024118089029123,0
18074,0.6396408342260311,0
18075,0.5228920549959938,0
18076,0.33769253696898893,0
18077,0.595691962724781,0
18078,1.7285993547024319,0
18079,0.3155472991298226,0
18080,0.4537093355347629,0
18081,0.7086387380313761,0
18082,0.332572568347539,0
18083,1.0315341909427342,0
18084,0.06940243108626518,0
18085,1.4267541483716593,0
18086,0.36431625581106275,0
18087,1.1691969018209007,0
18088,1.205690237372869,0
18089,0.5696702366953981,0
18090,2.6637688052006343,1
18091,1.9046793578837018,0
18092,2.146870766437119,0
18093,3.0208420667671496,1
18094,1.2723981223530765,0
18095,1.1979801478102254,0
18096,2.4988197622416437,1
18097,0.9157361926576512,0
18098,2.072911278240543,0
18099,1.360010863601125,0
18100,1.149715858054729,0
18101,1.860006663439097,0
18102,1.4671358382739699,0
18103,1.153122137243189,0
18104,0.18956955545476503,0
18105,1.7938097348245183,0
18106,2.1948033004191134,0
18107,2.937426218218707,1
18108,1.0750249051711802,0
18109,0.8608560214536075,0
18110,1.0353989520767608,0
18111,0.6714050376627301,0
18112,0.31922596296526373,0
18113,0.1981508169904215,0
18114,0.9705069767874696,0
18115,4.543441225030149,1
18116,0.7309531792786104,0
18117,1.2094808984710295,0
18118,2.1337013415697106,0
18119,0.34909896373453997,0
18120,0.761232700730531,0
18121,1.2234671942946118,0
18122,1.0767947607142765,0
18123,0.5849746483479272,0
18124,1.9705912732790019,0
18125,0.6487388884026052,0
18126,1.7199694649623816,0
18127,0.6685513423173961,0
18128,0.9178506386637653,0
18129,0.4946749454837012,0
18130,0.8181332318464601,0
18131,2.383173216455258,1
18132,1.117766210605117,0
18133,1.057246521694983,0
18134,0.2028883773811027,0
18135,1.4304207826748572,0
18136,1.738468728368391,0
18137,1.0975138584380257,0
18138,0.7573406302068993,0
18139,0.5887110991464807,0
18140,1.6066124371992487,0
18141,2.154069810599565,0
18142,2.4767796343917086,1
18143,3.1030527955886065,1
18144,1.197050227059355,0
18145,0.37137355753541,0
18146,0.5377049167040369,0
18147,0.9838884215644408,0
18148,0.6157558496796718,0
18149,2.352050555178071,1
18150,1.3315958191575228,0
18151,0.6387604094057542,0
18152,0.5384753791469765,0
18153,0.41609986875854227,0
18154,0.26577439641276224,0
18155,0.959603317405606,0
18156,0.7684034237598952,0
18157,1.8477471688709328,0
18158,0.564426695167918,0
18159,1.4865718165281776,0
18160,0.8842721552660224,0
18161,0.8038144595788838,0
18162,1.056867070480756,0
18163,0.39745707080580966,0
18164,0.5239926675867069,0
18165,0.24498565020326132,0
18166,0.1634242709475998,0
18167,2.270682078788286,0
18168,1.006309239589074,0
18169,0.8876068782837254,0
18170,0.17167769749333944,0
18171,0.8562350909970696,0
18172,0.45097962345190323,0
18173,0.4188755665861108,0
18174,0.592593395578397,0
18175,0.8403052321380173,0
18176,1.6045559784675745,0
18177,0.6679410044760395,0
18178,0.723400044072766,0
18179,1.6934768134458529,0
18180,0.43150880155781113,0
18181,0.7659261304650201,0
18182,0.5598964829685681,0
18183,0.40207820288474777,0
18184,0.7502891093750719,0
18185,2.781019252250046,1
18186,1.4840337463860962,0
18187,0.2887304238602743,0
18188,0.7145246355706409,0
18189,1.0272709731349825,0
18190,1.109655935555528,0
18191,0.2933268220806776,0
18192,0.4532345867258357,0
18193,0.6282763106305316,0
18194,1.951058620962948,0
18195,0.17916708123964803,0
18196,0.5798193081402205,0
18197,1.246842380593226,0
18198,0.6660762414201696,0
18199,0.48434370693298623,0
18200,1.4152976132427215,0
18201,1.0426210072654503,0
18202,1.1767582748907388,0
18203,0.6652883820114027,0
18204,0.8388197811743335,0
18205,1.38096765237138,0
18206,1.881401416396703,0
18207,1.0057334844261694,0
18208,1.0913877853271423,0
18209,3.1893927609140733,1
18210,0.40172347689534693,0
18211,0.4232531137780432,0
18212,0.0970602025459359,0
18213,3.5027848468074367,1
18214,1.631600372895683,0
18215,1.7651215752351266,0
18216,2.430745134389677,1
18217,0.5705910332565745,0
18218,0.5639040302907476,0
18219,0.3570261142888882,0
18220,1.1908010181937505,0
18221,0.6959890323839654,0
18222,0.6615813839685298,0
18223,1.6590629706283593,0
18224,0.5055309736066727,0
18225,0.7077706572469588,0
18226,0.29285072319822125,0
18227,0.8577392726398851,0
18228,0.9836813783899256,0
18229,0.9008116738874744,0
18230,1.5890619194555025,0
18231,1.1635169386421627,0
18232,1.169189928842893,0
18233,3.650353477708778,1
18234,0.9250407745078795,0
18235,0.6903193641619695,0
18236,0.4287681772983851,0
18237,0.5071152882457157,0
18238,1.0562248401825856,0
18239,2.6309157926469777,1
18240,1.0541517866972867,0
18241,0.7175039592943246,0
18242,1.88091668016077,0
18243,1.4522664377858043,0
18244,1.4329211099116883,0
18245,2.603376416735661,1
18246,0.5004923726514212,0
18247,1.632723841624307,0
18248,0.3398127258281782,0
18249,0.402967454622526,0
18250,0.7613255799851639,0
18251,2.359828910169654,1
18252,1.6495717278396913,0
18253,1.3867573908533262,0
18254,0.3571184049515047,0
18255,2.0492444403643373,0
18256,1.5052378942805498,0
18257,1.6803244629976057,0
18258,1.6371608302058973,0
18259,2.0602878739216064,0
18260,0.6751273129995637,0
18261,1.142359635763073,0
18262,1.6862401358918127,0
18263,0.6142220574791131,0
18264,0.7765123893083384,0
18265,0.2925657233795895,0
18266,1.0926748314464452,0
18267,0.6074662071954098,0
18268,2.663613969812406,1
18269,1.122643066800929,0
18270,1.449908610170707,0
18271,2.1953235583570256,0
18272,1.7929967650233642,0
18273,1.2514585167755796,0
18274,3.487807986385826,1
18275,0.9132674790993773,0
18276,1.7319529216247502,0
18277,0.961756653508606,0
18278,0.6427835053799911,0
18279,1.0779363561329967,0
18280,1.4046216487842005,0
18281,0.6935584930444649,0
18282,2.2788242362356392,0
18283,0.967661498864544,0
18284,1.090935050413954,0
18285,0.6348913827439879,0
18286,0.9046468681115402,0
18287,1.98303150280609,0
18288,0.7587031916191829,0
18289,1.002878413227489,0
18290,0.804091257547831,0
18291,1.1384793868588325,0
18292,1.6464642373204619,0
18293,0.3761219797177012,0
18294,1.1081382937280193,0
18295,1.5028962340683047,0
18296,0.3829146195055671,0
18297,0.9094338759552386,0
18298,0.5659187139269497,0
18299,1.1803139305719408,0
18300,0.22530826110744612,0
18301,0.07492835919690415,0
18302,1.4790076756433455,0
18303,0.6189434930546744,0
18304,0.2535013190435885,0
18305,0.14132434523515527,0
18306,2.0334802419551687,0
18307,0.5844204446004125,0
18308,0.5774386033497709,0
18309,0.7965376797735904,0
18310,0.8459233158769424,0
18311,0.2862646451969355,0
18312,0.0808470116348324,0
18313,0.22638805055472058,0
18314,0.5513349330172235,0
18315,0.6195423999508678,0
18316,0.11250531850961742,0
18317,0.34631911224119727,0
18318,0.9392600048619304,0
18319,0.2506429121644592,0
18320,0.17992374895058663,0
18321,1.3549986429065244,0
18322,0.0796873175328477,0
18323,0.16290511180581377,0
18324,0.17538331173621682,0
18325,0.12448833914304887,0
18326,3.1011479657712364,1
18327,1.1293781319101714,0
18328,1.3863221147157685,0
18329,0.2631198948452715,0
18330,1.1085058402720938,0
18331,0.6245414904376567,0
18332,0.5998005568152757,0
18333,0.173945085369743,0
18334,0.1178376570180553,0
18335,0.9441808012360953,0
18336,1.5185744907241128,0
18337,0.2022245715650235,0
18338,0.12326069758435557,0
18339,1.3483410954943025,0
18340,0.713306880238794,0
18341,0.9259517611099856,0
18342,0.3566100393847459,0
18343,0.5276816979909534,0
18344,1.0193553107687454,0
18345,1.0304250708951168,0
18346,0.8004340037666718,0
18347,0.36910378004082595,0
18348,0.20520480757876033,0
18349,1.1346016064177238,0
18350,1.1225573685652617,0
18351,1.2190511003434419,0
18352,0.2602008339700927,0
18353,0.16699272392316655,0
18354,0.3109691811309761,0
18355,0.8200263448980506,0
18356,1.4433311213037876,0
18357,0.4216879171593028,0
18358,0.3131952447754571,0
18359,0.31288858821092014,0
18360,1.6448682925140048,0
18361,1.5941196908191677,0
18362,1.209690130915088,0
18363,0.5721963479883222,0
18364,0.3063354760631608,0
18365,1.0832457311202708,0
18366,0.19176567829336305,0
18367,1.048913275949324,0
18368,0.3569174414830175,0
18369,0.41620752453662957,0
18370,1.280077055868896,0
18371,1.541069432576863,0
18372,1.342271410336895,0
18373,2.0900428276051097,0
18374,0.5384850557704468,0
18375,0.36633568910401254,0
18376,0.4578460626235099,0
18377,0.3354485202154433,0
18378,0.8191095897663455,0
18379,0.7418161812467217,0
18380,0.3768323921301153,0
18381,0.5352128109901274,0
18382,1.3996015615234538,0
18383,0.4065595389818005,0
18384,1.0732704009430964,0
18385,0.18196302987993232,0
18386,0.15120402764915844,0
18387,0.1722849330287486,0
18388,1.5792387989982388,0
18389,0.36455950129481973,0
18390,0.49010617021757064,0
18391,0.3233685874379871,0
18392,0.8229175992333783,0
18393,0.71091163384716,0
18394,3.249589436232464,1
18395,0.7333322633530882,0
18396,1.5073664447574615,0
18397,0.1883774149765038,0
18398,0.5203897053552822,0
18399,0.9321582907517716,0
18400,0.21463230508992376,0
18401,0.2542802286406341,0
18402,0.4654010836065058,0
18403,0.7643947411030371,0
18404,1.168619683013991,0
18405,0.48550989121091775,0
18406,0.7482635035005727,0
18407,0.39031784842843265,0
18408,0.24587330286022807,0
18409,0.8390299680643558,0
18410,0.14435380754807184,0
18411,0.13986547527315105,0
18412,0.5364463488963034,0
18413,0.8106332457253653,0
18414,0.8670685593540728,0
18415,0.1904313742359694,0
18416,0.1454299810233928,0
18417,1.8546819226728233,0
18418,0.343503998111142,0
18419,0.5329382797162858,0
18420,0.17909831774075383,0
18421,1.1619324518653316,0
18422,0.29228256378668405,0
18423,0.9257438108891485,0
18424,0.8207073863484169,0
18425,0.7756872717078499,0
18426,0.24911566084346162,0
18427,0.27214535830651826,0
18428,0.9163592346229281,0
18429,1.1009196285542004,0
18430,0.16816454511984352,0
18431,0.32524684181868935,0
18432,2.5228119902951094,1
18433,0.8691374006533943,0
18434,1.2117538635943026,0
18435,1.1585658458811292,0
18436,0.6151886747507023,0
18437,0.749437893893943,0
18438,0.9380875552897473,0
18439,0.1612733795041701,0
18440,0.39477268178586955,0
18441,0.4050296342627321,0
18442,0.40417210726182057,0
18443,1.0775541913944449,0
18444,0.3589635153217779,0
18445,0.995059587158102,0
18446,0.47099898821570874,0
18447,1.499566479875139,0
18448,0.43010386447621335,0
18449,0.5168081058593017,0
18450,0.7240918457524561,0
18451,0.619555256626096,0
18452,0.2480631570401548,0
18453,0.21171323026028638,0
18454,0.8732051674545627,0
18455,0.24530294068391728,0
18456,0.48132021465250563,0
18457,2.1697256263519322,0
18458,0.16011573999943224,0
18459,0.26342822506273433,0
18460,0.250469573482702,0
18461,0.3307182162837858,0
18462,0.20720103859697728,0
18463,0.17762538947174406,0
18464,0.7427763250895709,0
18465,0.17079169561395807,0
18466,0.7255411436276844,0
18467,0.6624779280303909,0
18468,0.38801752408491896,0
18469,1.055265907756276,0
18470,0.21976551287221033,0
18471,0.7434768006905736,0
18472,0.8028026973748791,0
18473,0.26010592172637725,0
18474,0.44747229680764355,0
18475,0.14089717678256217,0
18476,0.2936819956611718,0
18477,0.535482396084225,0
18478,0.4034557748542159,0
18479,0.8725562883808241,0
18480,3.21443750125367,1
18481,1.0089013997124536,0
18482,0.2365082476888282,0
18483,0.41485724104854016,0
18484,0.4044577306667347,0
18485,1.5389232718402868,0
18486,1.4723825571702813,0
18487,0.3256883739749491,0
18488,0.41446360066233334,0
18489,0.9510519684936026,0
18490,0.438642546007529,0
18491,0.5020616118293691,0
18492,1.5528009720994824,0
18493,0.16437663786758624,0
18494,1.352232558923157,0
18495,0.5287732630569857,0
18496,0.3726216994269457,0
18497,0.477459927379031,0
18498,0.3285837706203521,0
18499,0.7450285188473279,0
18500,0.1955387372793247,0
18501,0.18724657251462967,0
18502,1.639872526517678,0
18503,0.6317306284263261,0
18504,1.5916218000051212,0
18505,2.0613996043896816,0
18506,0.1308715642458656,0
18507,0.5338672821164755,0
18508,0.41970482054821734,0
18509,0.25566973925556424,0
18510,0.1908431801147939,0
18511,0.23858095941500226,0
18512,1.1871711109548386,0
18513,0.4307045515324056,0
18514,0.2576663657692914,0
18515,1.0973641218307382,0
18516,1.0399295557673818,0
18517,1.2578819121552893,0
18518,0.2891132229639964,0
18519,0.3225790136540141,0
18520,0.1838960385190401,0
18521,1.5370505574165745,0
18522,0.16261319761844326,0
18523,0.28074410378352005,0
18524,1.4198065590239706,0
18525,0.3326871768927731,0
18526,0.3415439802894051,0
18527,0.38290306927472917,0
18528,0.5202142192690523,0
18529,0.14557424510982894,0
18530,0.38106687952377327,0
18531,0.36942927506616,0
18532,1.523759799612559,0
18533,0.20681750162183352,0
18534,1.0923578666719012,0
18535,2.6676460774632234,1
18536,0.4626719197996122,0
18537,0.2743201473292515,0
18538,0.9395515357488421,0
18539,0.6153076631434544,0
18540,1.0846358403719403,0
18541,1.8233265123830882,0
18542,0.8214459693919427,0
18543,1.1520079944271997,0
18544,1.2767894114973593,0
18545,0.5066030967016181,0
18546,0.25941925024261836,0
18547,0.4184300447417314,0
18548,0.9857962504749427,0
18549,0.6062161220872542,0
18550,0.13968675375362133,0
18551,0.9349544909520366,0
18552,0.3122091828308139,0
18553,0.40202381520990915,0
18554,0.43708248721739223,0
18555,1.4113400056815941,0
18556,0.1691284843867297,0
18557,0.2733792002398139,0
18558,0.335288580802809,0
18559,0.1430538614316047,0
18560,1.5654485140120193,0
18561,0.42397428987487695,0
18562,0.21677936782127505,0
18563,0.4276398626834596,0
18564,1.9964042597485645,0
18565,1.5435189987846334,0
18566,1.019849522104874,0
18567,0.1601126234380395,0
18568,1.5979559335866405,0
18569,0.6811901304665309,0
18570,1.0310759805665426,0
18571,0.17702774044247743,0
18572,0.7989153636503603,0
18573,1.1268390294171637,0
18574,0.7411058169807383,0
18575,0.3418760091581284,0
18576,2.1777939349018114,0
18577,1.5263912675395666,0
18578,2.098542659102182,0
18579,0.445553818155992,0
18580,0.38102776648986286,0
18581,0.41235341772138134,0
18582,1.2665279726192207,0
18583,1.0783618305346985,0
18584,0.18916268810554132,0
18585,0.841884926398661,0
18586,0.20064518829917227,0
18587,0.48776212673882846,0
18588,0.4321735079233612,0
18589,0.4927249484676361,0
18590,1.057767654264267,0
18591,0.34702855153516005,0
18592,0.7541534074116562,0
18593,0.8655430843259042,0
18594,0.3066316358278546,0
18595,0.6417178973773451,0
18596,0.21774172383012919,0
18597,1.8194170258032387,0
18598,0.2659280072343596,0
18599,0.4120491245876333,0
18600,0.24041664034949356,0
18601,1.3238326668371765,0
18602,2.558487584034853,1
18603,0.816234091579618,0
18604,0.4972127532439898,0
18605,0.24300442649893556,0
18606,0.988215463150925,0
18607,0.1188196439306366,0
18608,0.3648035922229417,0
18609,0.7038443648497464,0
18610,0.6707164561954173,0
18611,0.3224319865014327,0
18612,0.9993880452499575,0
18613,0.922394145124821,0
18614,0.4721216021569953,0
18615,0.6029998511772604,0
18616,0.7289829514024626,0
18617,0.8890402151533033,0
18618,0.7960757768464807,0
18619,0.31737038524525185,0
18620,0.42917591643111147,0
18621,0.7314059483540405,0
18622,0.3247555410467663,0
18623,1.6666329325466678,0
18624,0.21239018730610115,0
18625,0.7361826663978828,0
18626,2.2102784502664,0
18627,1.7478436917372373,0
18628,1.381527545721044,0
18629,0.23296718926489096,0
18630,0.9086960397727175,0
18631,0.5238453297447817,0
18632,0.10272593084551382,0
18633,0.9179626991061893,0
18634,0.899966942964648,0
18635,0.34806172735673646,0
18636,0.11657873177659576,0
18637,0.7966667003428023,0
18638,0.7368112480945935,0
18639,1.4522035496186096,0
18640,0.5258466411655441,0
18641,2.3027798936887054,0
18642,0.7297645620046376,0
18643,1.2527415851413755,0
18644,0.6157854854106162,0
18645,0.4927866727967406,0
18646,0.7413151397002142,0
18647,0.22490119838281122,0
18648,0.8358560352707144,0
18649,1.3953800268093475,0
18650,0.25357955614647476,0
18651,0.34379547631888235,0
18652,0.8417500923048129,0
18653,0.3769680908960276,0
18654,0.45646093967334095,0
18655,0.6117752596655496,0
18656,0.7719846258411331,0
18657,0.9819542752526601,0
18658,0.7243044410519863,0
18659,0.3886160422290449,0
18660,0.6064191621849684,0
18661,0.10394540450716894,0
18662,0.7007472595657406,0
18663,0.2938952572223166,0
18664,0.2556278904145626,0
18665,0.07532744524890699,0
18666,0.2331820611209779,0
18667,0.7655491489451105,0
18668,0.18647351921670402,0
18669,2.2460328641295604,0
18670,0.21132658276005398,0
18671,0.8099869269774821,0
18672,0.18877277052311667,0
18673,0.21895378990972172,0
18674,0.8417136574074384,0
18675,0.5211975843069283,0
18676,1.5696224769983282,0
18677,0.38117316712626736,0
18678,0.15509785315670346,0
18679,1.335430383780385,0
18680,1.2063277526453298,0
18681,0.3102702038260768,0
18682,0.31249361233470346,0
18683,0.7081719809588629,0
18684,0.5075087877829171,0
18685,0.5838906320391783,0
18686,0.6913831244995213,0
18687,0.4160783260931746,0
18688,1.3407109737051945,0
18689,0.18486053111463083,0
18690,0.7418168975529303,0
18691,0.964266445458524,0
18692,2.2808184641323583,0
18693,0.3824559680645102,0
18694,1.2162673156585884,0
18695,0.1514664439994577,0
18696,1.5165452962494796,0
18697,0.6457424715117589,0
18698,0.15274005936165777,0
18699,0.6462214204825224,0
18700,0.9752021432358348,0
18701,1.0858324379175017,0
18702,1.4711539262275484,0
18703,0.3766290508378713,0
18704,0.4390687229227105,0
18705,1.0355996803705356,0
18706,1.1871622214945825,0
18707,0.33479886996148883,0
18708,0.5695366206966692,0
18709,0.2762005139921485,0
18710,0.9341040368663893,0
18711,0.1701307274097152,0
18712,0.39796565982697973,0
18713,0.32147203501817956,0
18714,1.4740645398571908,0
18715,0.18348163489370078,0
18716,1.5904772896354238,0
18717,0.8767492849001453,0
18718,0.6766971761061331,0
18719,0.4717161567993438,0
18720,1.3636649855251926,0
18721,2.3273012200436596,1
18722,0.5541550479822467,0
18723,2.883959044027205,1
18724,0.9187530387281353,0
18725,0.8145056757718182,0
18726,0.7662388824357282,0
18727,1.3788544881248987,0
18728,0.20346513093777502,0
18729,0.27208036381752915,0
18730,0.21887584795572823,0
18731,0.9594109385301305,0
18732,0.324956342605922,0
18733,0.6062944403047338,0
18734,0.3033999233246956,0
18735,0.32335497289863674,0
18736,0.3162992544537597,0
18737,0.6143502483055403,0
18738,0.9472505571374349,0
18739,0.17590704269385576,0
18740,0.596720484966792,0
18741,2.3610605531680124,1
18742,0.14396474079410568,0
18743,0.4172944893073872,0
18744,1.102158938376526,0
18745,0.35754924477849037,0
18746,0.18148255578892844,0
18747,0.9151346713832739,0
18748,0.416449662214258,0
18749,0.35474230325079587,0
18750,0.4529901200563956,0
18751,0.5142802413046956,0
18752,0.7128076086784311,0
18753,0.8717239392830379,0
18754,0.3620182147002765,0
18755,1.807280740806735,0
18756,2.392506467802174,1
18757,1.2719863857648397,0
18758,1.44018474204011,0
18759,1.1576074639500398,0
18760,1.3261779870481072,0
18761,0.5679177018932501,0
18762,2.1348024904438434,0
18763,0.48300805373197003,0
18764,0.4006569632954499,0
18765,0.502831430168061,0
18766,1.397008318625058,0
18767,0.7574441911860177,0
18768,0.7551421117924388,0
18769,0.747863001090062,0
18770,1.2779729325720486,0
18771,0.5876385501976595,0
18772,0.2688321827999668,0
18773,0.4660809873220345,0
18774,2.1497206879275645,0
18775,0.47734586522977107,0
18776,0.5707318481362579,0
18777,0.0637276064287692,0
18778,0.8807851122863655,0
18779,0.840869602908519,0
18780,0.7786562612068575,0
18781,3.1627916632758524,1
18782,0.5953034558012955,0
18783,0.7612239417141314,0
18784,2.0549656065844473,0
18785,0.237368686426937,0
18786,0.24718423835110448,0
18787,0.20261555626953634,0
18788,0.33159518636384483,0
18789,0.6477688715723324,0
18790,0.19769600664675346,0
18791,0.7926395851288587,0
18792,0.549761355470607,0
18793,0.6984985660297767,0
18794,1.314157309165044,0
18795,2.136508348389569,0
18796,0.19914506663004397,0
18797,0.299276567082573,0
18798,0.30417361992028485,0
18799,1.3847073621624708,0
18800,0.19871903221766046,0
18801,0.22937811213653866,0
18802,0.3574433370784056,0
18803,0.7540854678054314,0
18804,0.5867884242711646,0
18805,0.9094259613700137,0
18806,0.6950715758951259,0
18807,0.3487811581703936,0
18808,0.588262788547826,0
18809,0.1880666184462967,0
18810,1.1515493236505887,0
18811,0.34466668094322434,0
18812,0.3204858930854394,0
18813,0.14884599423456762,0
18814,0.5466948377009442,0
18815,0.4915989736701191,0
18816,1.903041692644696,0
18817,1.5416357662141273,0
18818,0.09479025333112587,0
18819,1.3658963395505128,0
18820,1.4953696473193943,0
18821,1.2370843876739872,0
18822,1.0076240431929873,0
18823,1.1671394972876428,0
18824,0.18086885756177623,0
18825,1.4213244694829918,0
18826,0.9878407472361808,0
18827,0.3209395954712325,0
18828,0.337506745427438,0
18829,1.1865164082349182,0
18830,0.27319833253906123,0
18831,0.8074685806772933,0
18832,0.28917678259352575,0
18833,0.24079773289729042,0
18834,1.0321555796870143,0
18835,0.20259900310829043,0
18836,0.8825287276147886,0
18837,2.2411715937695718,0
18838,1.5680267003150372,0
18839,1.077382233048804,0
18840,0.9093434244662383,0
18841,0.17633618669764278,0
18842,0.23498977413830033,0
18843,0.08636326613816117,0
18844,0.2682695692504859,0
18845,0.4849478186307346,0
18846,0.4918976827069879,0
18847,1.118821499494217,0
18848,0.5059499616476988,0
18849,1.75930636451911,0
18850,0.4749508803675841,0
18851,1.8097563770446445,0
18852,0.5339135154582961,0
18853,1.034520581791781,0
18854,0.3138334887958143,0
18855,0.11617244367339012,0
18856,0.20193788718475894,0
18857,0.790339848231872,0
18858,0.43155019240274106,0
18859,0.40471737510322925,0
18860,1.712911022943962,0
18861,0.43858804113779915,0
18862,1.4976697720363692,0
18863,0.5352821966504135,0
18864,1.6490384332904813,0
18865,0.9436818044528265,0
18866,0.5115277106944232,0
18867,2.6515347970821863,1
18868,1.1047602226710087,0
18869,0.9248126798851247,0
18870,0.24198167602717596,0
18871,1.0202807809265213,0
18872,0.28325336250987115,0
18873,0.20721779695710857,0
18874,0.5406175231217732,0
18875,1.0198548642082912,0
18876,4.605824637846853,1
18877,0.5560571412333942,0
18878,0.3153823532997717,0
18879,0.17378212363709927,0
18880,1.1217612697904151,0
18881,0.3130344789891473,0
18882,0.30548945922705845,0
18883,0.09526142996133367,0
18884,1.0718969344370206,0
18885,0.4133214850951564,0
18886,0.4796726464705975,0
18887,0.7086849047948115,0
18888,2.207455302498765,0
18889,0.8935937942628348,0
18890,1.1740022653525908,0
18891,0.9287930154014485,0
18892,1.4190674853632952,0
18893,0.11258667394704047,0
18894,1.1088324424971219,0
18895,0.4397678667519922,0
18896,0.11690582608695418,0
18897,1.7472637280234928,0
18898,3.101347178901107,1
18899,0.6519521833558951,0
18900,0.5273485598845374,0
18901,0.19219254939624072,0
18902,1.2200495950343644,0
18903,0.9606026489251642,0
18904,1.5335302387108534,0
18905,0.26009123757602554,0
18906,1.434535651448265,0
18907,0.8792367689981055,0
18908,0.3728638499507221,0
18909,0.31489875191868855,0
18910,1.4076593701717368,0
18911,0.20205455427967212,0
18912,0.520344189504223,0
18913,0.9613569389433053,0
18914,0.575960419713319,0
18915,0.99896640668854,0
18916,1.1239185453471146,0
18917,0.4123732741527387,0
18918,0.4733175028908585,0
18919,0.6507964020798414,0
18920,0.7673075637723409,0
18921,0.27641908208640253,0
18922,1.9690540903212668,0
18923,1.2141647218848513,0
18924,0.2525954737268733,0
18925,0.3390265835052896,0
18926,0.9132536218639755,0
18927,1.5346855511608055,0
18928,0.6168493077718062,0
18929,0.6153715025137326,0
18930,0.10093577242188057,0
18931,1.3395421236073122,0
18932,0.5437594276763904,0
18933,0.8016156237510392,0
18934,0.7124155260008951,0
18935,0.6304305907943265,0
18936,0.7928797782967956,0
18937,1.9532746032517807,0
18938,0.5790539698126056,0
18939,1.1381935217540935,0
18940,1.158845479814177,0
18941,0.3729529066697676,0
18942,0.34348566192258223,0
18943,1.5222512845899867,0
18944,1.896116210108375,0
18945,0.6280919516592736,0
18946,2.0432905897749007,0
18947,0.9398459753160674,0
18948,1.8546719968909824,0
18949,0.2024744356306928,0
18950,0.32929709287352293,0
18951,1.0730642525187437,0
18952,0.523790779417335,0
18953,1.2126787670189618,0
18954,0.119432271607913,0
18955,0.15569297283733338,0
18956,1.2625865889094416,0
18957,0.6616885622043791,0
18958,1.6792371458227489,0
18959,1.2821611745977424,0
18960,1.3362803353492592,0
18961,0.5565375245965682,0
18962,0.27975714232726656,0
18963,0.8649109514115588,0
18964,0.2388664286218108,0
18965,1.3601800258148322,0
18966,0.46092774626752,0
18967,5.58667985038471,1
18968,1.2639450680587003,0
18969,1.566731369215915,0
18970,1.3328868658023,0
18971,1.4968138596598894,0
18972,1.2235880235186563,0
18973,0.21912552037990912,0
18974,1.3723258140732768,0
18975,0.28997993298801034,0
18976,1.1789921341407115,0
18977,0.23521984270011204,0
18978,0.17175741993042867,0
18979,0.9546127517631333,0
18980,0.4136226634434454,0
18981,1.51227473951786,0
18982,0.3953321145059946,0
18983,0.19564882804388428,0
18984,0.7877703251786601,0
18985,0.6207383635228076,0
18986,0.20748919431605115,0
18987,1.6513227358513418,0
18988,1.054502150680315,0
18989,0.27634282612413114,0
18990,0.35821410262418274,0
18991,1.1164690198202867,0
18992,0.08633406080912079,0
18993,0.16231285898893613,0
18994,0.24024647856942316,0
18995,0.17710662241472186,0
18996,1.3215874571937891,0
18997,1.6952025786355356,0
18998,1.083732495015149,0
18999,0.5619648123065385,0
19000,0.16537769560327217,0
19001,1.5845145704731742,0
19002,0.27734037836339687,0
19003,0.46608763356618443,0
19004,1.5343855582030013,0
19005,0.16336590996866013,0
19006,0.7202909227459973,0
19007,0.11032178444588232,0
19008,1.208381930532735,0
19009,0.5640665462847406,0
19010,1.3266289672720242,0
19011,1.3689220577325933,0
19012,1.085381491333353,0
19013,0.2757141741137013,0
19014,0.36352411929339434,0
19015,0.7671496422445039,0
19016,0.4952118602987823,0
19017,0.19404019885739562,0
19018,0.658427544225767,0
19019,0.8385084381405404,0
19020,0.48675824685355706,0
19021,0.6290784528857999,0
19022,1.0227097078773406,0
19023,0.4749547369793422,0
19024,0.6614558967514957,0
19025,1.7234422182653906,0
19026,0.30281151015447266,0
19027,0.21721397702669049,0
19028,0.6501014329837116,0
19029,0.9014454303508309,0
19030,1.3821114667741836,0
19031,0.342746785799542,0
19032,0.40965966274342974,0
19033,0.28260023068347284,0
19034,1.9735922035904765,0
19035,0.402758504599936,0
19036,0.2879342572284586,0
19037,0.5921611687838317,0
19038,0.20425482986640703,0
19039,0.34619838018488036,0
19040,0.47779509077608784,0
19041,1.3379006928905524,0
19042,0.33571672510393147,0
19043,0.5505641219651327,0
19044,1.6916776493509054,0
19045,0.15673027861349254,0
19046,0.7375173137036982,0
19047,0.42645491490457327,0
19048,0.5178906763029225,0
19049,2.5331791047101033,1
19050,0.87771445980005,0
19051,1.0919700520879096,0
19052,1.15653767042267,0
19053,0.3298599778377854,0
19054,0.14224230941548432,0
19055,0.43102039654455593,0
19056,0.9129284571475662,0
19057,0.8200242770585042,0
19058,0.4381324884704931,0
19059,1.190520651866504,0
19060,0.745751523798394,0
19061,1.833077593601819,0
19062,0.43145833326932764,0
19063,0.5300527328196715,0
19064,0.6706014661373942,0
19065,1.054225190681897,0
19066,0.2551634153990568,0
19067,0.2730151844203158,0
19068,0.2169367921842241,0
19069,0.349382253030596,0
19070,0.3944105804535815,0
19071,0.7282051021018187,0
19072,0.2350574603651577,0
19073,0.9584161396103996,0
19074,0.7626648355636627,0
19075,1.5871479403630553,0
19076,0.43107839060670283,0
19077,0.7295233994163711,0
19078,0.3228908394740101,0
19079,0.47908084421088465,0
19080,0.6485432990856621,0
19081,0.27308463224550666,0
19082,0.9616755404348616,0
19083,1.0115417505988158,0
19084,2.1521029403417464,0
19085,0.2974043752079136,0
19086,0.27866477876742335,0
19087,0.9261621072161283,0
19088,1.4063777615751825,0
19089,0.5364197847474408,0
19090,0.7771305196475644,0
19091,1.4097418247150184,0
19092,0.3214344614386885,0
19093,0.3588321964852413,0
19094,0.3571866317181037,0
19095,0.40055525283574,0
19096,0.1934712520381326,0
19097,0.3414775920618034,0
19098,1.8084734950608454,0
19099,0.6083474458303674,0
19100,0.8599558006243365,0
19101,0.49310096553126526,0
19102,0.6609286355054754,0
19103,0.6325973435813141,0
19104,1.2046380738833609,0
19105,1.178885370999336,0
19106,0.09703668288313244,0
19107,1.348298047626059,0
19108,1.6843777839614575,0
19109,2.501995366989321,1
19110,0.715175005565322,0
19111,0.23529332258923263,0
19112,0.5363232773903708,0
19113,0.36589342053091917,0
19114,0.12626407360101033,0
19115,2.2553748798111037,0
19116,1.4630963031650048,0
19117,0.6005605999577052,0
19118,0.3843765991520306,0
19119,0.20162128764059806,0
19120,2.700710353565709,1
19121,1.0623404522119582,0
19122,0.33721511366645657,0
19123,0.4378270866378206,0
19124,1.1236407194735214,0
19125,1.1425689749615797,0
19126,0.4584153661854913,0
19127,0.37412960276290075,0
19128,0.3320158473463967,0
19129,0.3834968503132873,0
19130,0.4699906043473887,0
19131,0.3874041570668544,0
19132,0.9605910616792146,0
19133,0.6713125501145351,0
19134,1.6045240543010184,0
19135,0.1593414905538172,0
19136,0.647942586445778,0
19137,0.7283016123234953,0
19138,0.22890148754050563,0
19139,1.9852248742182739,0
19140,0.5630847867393146,0
19141,1.9177093612047524,0
19142,1.4887023816830265,0
19143,0.21643463905349752,0
19144,0.3730530120667367,0
19145,0.6006080564069631,0
19146,0.847605171548184,0
19147,0.9561547362088219,0
19148,0.4423057178590454,0
19149,1.3166375427651622,0
19150,1.8120865030761433,0
19151,0.2817583066786943,0
19152,0.4726742436835224,0
19153,0.3440866417848339,0
19154,1.1252441426956348,0
19155,0.6210448783342841,0
19156,0.4064412220065243,0
19157,0.601839487154386,0
19158,0.906174543223486,0
19159,0.1930882791886706,0
19160,0.7444986283998792,0
19161,0.5787556656472296,0
19162,0.7687358760508454,0
19163,2.0709548520401535,0
19164,0.3233298557456429,0
19165,2.1033903159292455,0
19166,0.24311877532765394,0
19167,1.2841204769521855,0
19168,0.3142742545573305,0
19169,0.23671185994800834,0
19170,1.445004527730107,0
19171,0.4259275647493609,0
19172,0.3284992012796183,0
19173,0.9474492451508286,0
19174,1.399048705328875,0
19175,0.8920621089134411,0
19176,0.16608850584811186,0
19177,1.4533607142331468,0
19178,0.8528243365679836,0
19179,0.46285905123309734,0
19180,0.5638071552010434,0
19181,0.5975063165086574,0
19182,0.360564747009381,0
19183,0.10149733352507229,0
19184,0.12861490977686435,0
19185,0.8419803413712913,0
19186,1.7322704482656104,0
19187,0.9904089001229439,0
19188,0.5705740157077408,0
19189,1.2900013218185014,0
19190,0.3114142302764579,0
19191,2.006579160552775,0
19192,0.2455457967171486,0
19193,0.3267618287183354,0
19194,2.405156669823062,1
19195,1.1980893370878805,0
19196,0.7555109029567021,0
19197,1.819018407688801,0
19198,0.32215437546583353,0
19199,1.0398058880236576,0
19200,1.8562965991935516,0
19201,0.25407761672433454,0
19202,0.5985365332216231,0
19203,1.032780895970937,0
19204,0.19477022253215623,0
19205,0.4710775609681111,0
19206,0.24168196524931979,0
19207,0.40986766525298945,0
19208,0.5643274787859264,0
19209,0.10864932034862348,0
19210,0.3589743259290653,0
19211,0.5559062175550243,0
19212,0.7971767148693593,0
19213,0.19085025560192626,0
19214,2.5902854455370594,1
19215,0.21632971746867682,0
19216,1.4761055539853256,0
19217,0.37005787299915016,0
19218,0.5182656861104862,0
19219,1.4740685261272208,0
19220,0.4674703017933874,0
19221,2.7384679933781917,1
19222,0.6339511283960847,0
19223,0.29976008588524916,0
19224,3.0887034462981946,1
19225,0.48913424487578655,0
19226,0.23298683806324783,0
19227,0.6593899931451537,0
19228,0.9133710814201852,0
19229,0.20394336537190547,0
19230,0.31497825496073034,0
19231,0.1169785565975308,0
19232,0.32174526613792576,0
19233,1.586904244077233,0
19234,1.0740722719718263,0
19235,1.3979848055968165,0
19236,0.801272251622583,0
19237,0.20975921304564524,0
19238,0.4660090966655047,0
19239,1.56877749150245,0
19240,1.1617942159272636,0
19241,1.020243303150957,0
19242,0.3544515033521177,0
19243,1.7173221525491595,0
19244,1.4704941511848149,0
19245,0.9910224488128554,0
19246,0.535796969894127,0
19247,1.443277355949871,0
19248,2.2757431361149956,0
19249,0.9377171162554709,0
19250,0.5421229822472228,0
19251,3.0693815202451478,1
19252,0.6922674272951251,0
19253,0.27989051597454834,0
19254,0.7050507935566399,0
19255,0.46533674507094747,0
19256,0.3151899729863018,0
19257,2.501146953596365,1
19258,1.086800009715585,0
19259,0.21597157322015287,0
19260,0.9367541463252558,0
19261,0.47452205917330126,0
19262,0.7327664968825257,0
19263,0.2496364911604903,0
19264,0.5904214771196854,0
19265,0.41324925048228833,0
19266,0.1472580057425922,0
19267,1.4156006530014527,0
19268,0.8774334855108725,0
19269,0.7280412048187528,0
19270,1.4642622761889796,0
19271,0.2712143504661492,0
19272,1.85259099274461,0
19273,0.41854737031485867,0
19274,0.7688808071128899,0
19275,0.26682666074047845,0
19276,0.4601164751832493,0
19277,1.2116474742015448,0
19278,2.1068816769492584,0
19279,0.22286535183679126,0
19280,0.19303822349688193,0
19281,0.200806646731632,0
19282,0.37417037316086194,0
19283,0.28508986215388343,0
19284,0.5614299396739193,0
19285,0.3387027288099473,0
19286,0.7208972102306948,0
19287,0.610165798552148,0
19288,0.4082356577255582,0
19289,2.277974776409054,0
19290,0.3597457307245552,0
19291,0.3066405172164766,0
19292,0.6148312554337507,0
19293,0.34470349553477125,0
19294,0.5280689376229395,0
19295,1.2056441309195118,0
19296,0.3763850735075217,0
19297,0.36404845977369604,0
19298,0.919754993346077,0
19299,2.460324072943055,1
19300,1.0782519858764585,0
19301,3.3409582581551107,1
19302,1.6414884114361086,0
19303,0.2893803485768009,0
19304,1.4329033172905432,0
19305,1.1078855108306065,0
19306,0.32789711561278556,0
19307,0.7316852637449178,0
19308,2.218800246328418,0
19309,0.7016345575300205,0
19310,0.10784769068038684,0
19311,0.6322199367279833,0
19312,0.20498858491772745,0
19313,1.2087661591986754,0
19314,0.24311696736263927,0
19315,1.3462198483211023,0
19316,0.14990740076258752,0
19317,0.3188855781462244,0
19318,1.9551578994387477,0
19319,1.5630818039323535,0
19320,0.41193573269572337,0
19321,1.9028596449046042,0
19322,2.261590842739522,0
19323,0.09990318452543909,0
19324,0.15106558715654922,0
19325,0.9225400783991329,0
19326,0.6474835950418784,0
19327,1.2054903676985147,0
19328,1.117425156106574,0
19329,1.1766239235506852,0
19330,1.274203213749006,0
19331,0.865489422989411,0
19332,0.5171842418706358,0
19333,0.1778251756643825,0
19334,0.7315332285085944,0
19335,2.0320445161916956,0
19336,0.5690658382470667,0
19337,1.341379419354577,0
19338,2.7148058777054365,1
19339,0.45418172397259626,0
19340,0.21706570852567228,0
19341,0.3522675965909231,0
19342,1.660151876690282,0
19343,1.8307458737345133,0
19344,0.4150684729513564,0
19345,0.43714040663704756,0
19346,0.3985224012282495,0
19347,0.31764437752946967,0
19348,0.30650129734230164,0
19349,0.2700102108258668,0
19350,0.9668629753038926,0
19351,1.197985889848524,0
19352,0.8207149361415302,0
19353,0.5630204236201639,0
19354,0.5393310779952761,0
19355,1.386909807794078,0
19356,0.27930248018690007,0
19357,1.1898706057433792,0
19358,1.168852507908062,0
19359,0.2117444161323731,0
19360,1.2691872704207638,0
19361,0.3752893865287833,0
19362,0.46768807642920895,0
19363,0.3352192164655018,0
19364,0.5937895908796628,0
19365,0.4454495322823461,0
19366,4.085617748118014,1
19367,0.26160470086046017,0
19368,1.0627906402773513,0
19369,0.8807834001380181,0
19370,0.9689438175180276,0
19371,1.334764520829877,0
19372,2.4878962834033578,1
19373,0.9397085617397851,0
19374,0.810466425834899,0
19375,1.0885236934379754,0
19376,2.3790782244534916,1
19377,0.8787604902665619,0
19378,1.2070585109524319,0
19379,0.4725038268055636,0
19380,1.1080147991626548,0
19381,0.40019398383497695,0
19382,0.6520295842433323,0
19383,0.49330770351284653,0
19384,0.752234644604892,0
19385,1.8812972458222155,0
19386,1.6245035940365498,0
19387,0.2557005365135905,0
19388,0.6062940651458842,0
19389,0.47886140840617264,0
19390,1.548618391993459,0
19391,0.9163128784280593,0
19392,1.1806271132197155,0
19393,0.810412458468423,0
19394,2.3648317108213943,1
19395,1.0506097310874167,0
19396,0.8859389133320894,0
19397,0.5222642046906613,0
19398,0.14750731020924177,0
19399,1.444819382010793,0
19400,0.9815174870239554,0
19401,0.9192488118366746,0
19402,0.29202889149116207,0
19403,0.20581390636020838,0
19404,0.35581527087559234,0
19405,0.7160601360558436,0
19406,1.1757973705155067,0
19407,1.058672885965866,0
19408,0.9297748911943853,0
19409,0.12871534322949757,0
19410,1.6737440400993695,0
19411,0.2207498320532765,0
19412,0.815041847658914,0
19413,1.5754512247094437,0
19414,0.40094691132354743,0
19415,0.205759907789349,0
19416,0.18610541647074727,0
19417,0.9217535551125225,0
19418,1.6960261499069182,0
19419,0.464135020833333,0
19420,3.4438963707014927,1
19421,0.4980368278387126,0
19422,0.9921765393787357,0
19423,0.8199858886657634,0
19424,0.38172278060037346,0
19425,0.8408083771161566,0
19426,1.7621184939710404,0
19427,1.2302316295203422,0
19428,1.3953220350897184,0
19429,1.078407370162107,0
19430,1.652944354321188,0
19431,1.0068552026528998,0
19432,0.2860654373972401,0
19433,0.16769398999530422,0
19434,0.11861650333723632,0
19435,0.24658574500981006,0
19436,2.3524751863407265,1
19437,1.7945036783767967,0
19438,0.8489964680314855,0
19439,2.8037212683775374,1
19440,1.4549066974809233,0
19441,1.9398601642843036,0
19442,0.4797800452062758,0
19443,0.4628157538596878,0
19444,0.4672110472769936,0
19445,0.22582255529180784,0
19446,1.1518895839056134,0
19447,0.8035555688444959,0
19448,1.0620059415081569,0
19449,0.6103299780947515,0
19450,0.9783577620351857,0
19451,1.4826165610851976,0
19452,1.1534797979186648,0
19453,0.18418204474201633,0
19454,0.9959823844331428,0
19455,1.1163349690161053,0
19456,0.25504556909254933,0
19457,0.7446005036206289,0
19458,1.162897620180415,0
19459,1.0282405672667505,0
19460,0.7919045440300219,0
19461,0.5680119812643287,0
19462,0.27343192202248084,0
19463,2.221611189308967,0
19464,0.6811057233482577,0
19465,0.3453860571404065,0
19466,0.43233778799470796,0
19467,0.7855442391753514,0
19468,0.38386744727062205,0
19469,0.6133234059983919,0
19470,0.5905451090924181,0
19471,0.9572607993448796,0
19472,0.21602291938158974,0
19473,1.750187477732447,0
19474,2.0058826327916064,0
19475,1.8623485156637098,0
19476,0.6430307001734032,0
19477,1.3941633962584319,0
19478,0.5724329413927048,0
19479,1.6289466463590077,0
19480,0.8756167842937794,0
19481,0.4360669687887584,0
19482,0.3010495524825272,0
19483,0.5529775287857978,0
19484,1.1639191180669275,0
19485,3.8231901768486254,1
19486,0.70640832921871,0
19487,0.05886029528748269,0
19488,1.135786260737002,0
19489,1.1741236508546904,0
19490,1.069152323621966,0
19491,0.20055992008189233,0
19492,0.9338134899692394,0
19493,0.30231508603349655,0
19494,0.24383935004848362,0
19495,1.6067421770658474,0
19496,1.2834142880212747,0
19497,1.3125467070707009,0
19498,0.29413773170757046,0
19499,0.08678907132870411,0
19500,1.501222785871048,0
19501,1.2513034717849414,0
19502,0.4654025852782315,0
19503,0.9713946754043358,0
19504,0.4041856822992244,0
19505,2.0162904959837955,0
19506,1.279363810658052,0
19507,0.17416433713320523,0
19508,0.30466502578451593,0
19509,1.8732270842053673,0
19510,0.8279840330824195,0
19511,0.5742607539761078,0
19512,0.5729432455014987,0
19513,1.4847091866039523,0
19514,1.5988763482655508,0
19515,0.09592138932498646,0
19516,3.3762773329129034,1
19517,0.35049154240539854,0
19518,0.3167351558084557,0
19519,0.9714777539897955,0
19520,0.4333023498026307,0
19521,1.540871521561638,0
19522,0.41929727921334436,0
19523,1.4106809788524253,0
19524,0.5218356209067642,0
19525,0.6018407094133942,0
19526,1.4517287371295344,0
19527,0.3117164439187395,0
19528,1.8972507452651741,0
19529,1.1394326469274725,0
19530,0.6726217455956292,0
19531,0.7103287228194558,0
19532,2.7681314167369417,1
19533,1.0670975255415427,0
19534,0.26272079088783434,0
19535,0.36553181996620016,0
19536,0.30048267146128815,0
19537,1.1354699435418896,0
19538,0.9638565710769029,0
19539,0.14634636954486063,0
19540,0.5439795400460316,0
19541,0.5713515283677308,0
19542,0.23078965073237173,0
19543,0.18829849490413558,0
19544,0.6279368705601929,0
19545,1.1123859915414165,0
19546,0.20055031893340666,0
19547,0.7563029053191249,0
19548,0.35681246041141457,0
19549,0.7790147496012723,0
19550,1.7107696709740838,0
19551,1.4675514577423523,0
19552,0.23045169911031485,0
19553,0.6461712830708649,0
19554,0.9042794631131901,0
19555,1.2805766005918087,0
19556,0.6623469723092283,0
19557,2.5678698781433544,1
19558,1.939824404892083,0
19559,0.712127956214411,0
19560,0.15094909540377804,0
19561,0.9124618113547924,0
19562,1.6561441798096248,0
19563,0.3220760080376007,0
19564,0.23768528628564517,0
19565,1.2553251557475003,0
19566,1.7272553501155734,0
19567,3.1570269412849434,1
19568,0.3083815807138715,0
19569,0.24445541550103406,0
19570,0.3203350050619764,0
19571,0.0973816597150871,0
19572,0.5876394850934897,0
19573,0.9871746179089168,0
19574,0.48104959795341146,0
19575,0.8407112743025185,0
19576,2.806625827138352,1
19577,0.6559172936353102,0
19578,0.9798967343634857,0
19579,0.646239398862148,0
19580,1.0634895619974292,0
19581,3.858753192639341,1
19582,1.0818310670570845,0
19583,1.17694203981076,0
19584,0.9464377349949379,0
19585,0.4342295546200271,0
19586,1.5564899106639403,0
19587,0.3880909485315921,0
19588,0.3857446235336671,0
19589,0.30539705829615965,0
19590,0.9483945982965242,0
19591,1.6875792311217475,0
19592,0.39207892350970464,0
19593,0.6479561044330725,0
19594,0.6949422180097351,0
19595,1.7159416088106059,0
19596,0.7853857304329817,0
19597,1.226246242759902,0
19598,0.39580685494465184,0
19599,0.46793399583206224,0
19600,0.42086787324471137,0
19601,0.3304821612836669,0
19602,0.7928920100521396,0
19603,0.147512315370888,0
19604,0.07492835919690415,0
19605,1.8056540407066393,0
19606,0.6893206589621226,0
19607,0.32305261005227603,0
19608,1.607458773509384,0
19609,0.9088037649658917,0
19610,0.6822656946044423,0
19611,1.56381239341062,0
19612,0.6478885832810426,0
19613,1.2386567374837323,0
19614,0.7850398039283262,0
19615,0.6341213931781405,0
19616,2.2929739935079927,0
19617,0.32401215549678797,0
19618,1.8991163275564726,0
19619,0.22260726923683274,0
19620,0.6740724701088332,0
19621,0.5319806173810223,0
19622,1.315621071484911,0
19623,0.4459224416491761,0
19624,0.8574472947017453,0
19625,1.2451035933597383,0
19626,0.29710616764176523,0
19627,0.7272954244928795,0
19628,1.0205272413107496,0
19629,0.8894241258437754,0
19630,0.3681571292496238,0
19631,0.4321969549982926,0
19632,0.32846570045389134,0
19633,5.805053707914661,1
19634,1.5278767164427585,0
19635,1.7158928042515094,0
19636,1.5782735304322724,0
19637,1.4647842872921144,0
19638,1.7657519256174936,0
19639,2.8968716756409187,1
19640,0.7266439036751257,0
19641,1.718325243268883,0
19642,0.2711534060687562,0
19643,1.7357915069743513,0
19644,0.6683751590000433,0
19645,0.3845183206098555,0
19646,1.2530185905867104,0
19647,1.8457153388191085,0
19648,0.7068381831010336,0
19649,0.6795480012060271,0
19650,0.25834594953590023,0
19651,0.5285149195728766,0
19652,0.9394324640151742,0
19653,1.4358419634585329,0
19654,1.152683977036301,0
19655,0.266651557981426,0
19656,1.1746633346957842,0
19657,0.530755663498661,0
19658,1.0333177975614913,0
19659,0.5450924833150878,0
19660,1.5835445228972418,0
19661,1.0355140418417483,0
19662,4.759591953617532,1
19663,1.0126529842671772,0
19664,1.0396770586756188,0
19665,1.6334838109363043,0
19666,0.5080112742994987,0
19667,2.813961556356058,1
19668,0.30469940325725803,0
19669,0.40430692293109355,0
19670,0.5408253854542554,0
19671,0.6023019893755726,0
19672,0.6587805915215339,0
19673,0.2497128677255822,0
19674,1.0219687770943868,0
19675,1.3019841228549969,0
19676,1.5106422070627015,0
19677,0.6517015197011545,0
19678,1.1069880393630211,0
19679,0.5818238114300509,0
19680,0.7042776973540571,0
19681,0.40695745472525974,0
19682,0.5645463727458125,0
19683,1.5412084902288317,0
19684,0.871236954956111,0
19685,1.011421208322802,0
19686,0.39103799157862656,0
19687,1.0518153566776378,0
19688,0.6848863947173266,0
19689,0.5366224779671437,0
19690,1.0150502203476515,0
19691,0.47523997730684425,0
19692,1.3023720097636642,0
19693,0.33981337151857244,0
19694,0.5660193321617865,0
19695,0.5030200171821038,0
19696,0.9331034672058637,0
19697,0.4416606156783211,0
19698,1.9531686913176791,0
19699,0.5350207849490963,0
19700,0.29288777164079616,0
19701,0.302601833784584,0
19702,0.4372774980998894,0
19703,0.9894914401427977,0
19704,0.5142862550314233,0
19705,0.6680541238135065,0
19706,0.2727859320337647,0
19707,0.7832292822412278,0
19708,0.2737162191455788,0
19709,0.9555345166440352,0
19710,1.302533182048585,0
19711,1.436772246962294,0
19712,0.16208724256921136,0
19713,0.5280693451563605,0
19714,1.1038647078764994,0
19715,1.219017428189948,0
19716,1.6662349341955385,0
19717,1.8579639561609818,0
19718,1.5480707669815208,0
19719,1.872801712751094,0
19720,0.3445125410785731,0
19721,0.4553030041313487,0
19722,1.2621021656066365,0
19723,7.416471349410401,1
19724,0.45116518062168554,0
19725,0.3279919545414808,0
19726,1.5641544169515482,0
19727,0.3303943297015128,0
19728,0.2475694555305148,0
19729,0.48439846073423426,0
19730,0.8711484079272829,0
19731,0.23055094116158834,0
19732,0.28423979420821377,0
19733,1.4510703926371487,0
19734,0.6790505024050321,0
19735,0.3262174912672299,0
19736,1.5248983355027268,0
19737,0.8059450204494085,0
19738,0.18347289893206434,0
19739,1.2207446028044053,0
19740,0.31274517508578936,0
19741,0.4246053990461086,0
19742,1.2795818177760863,0
19743,1.5643551095816273,0
19744,0.5470140807859549,0
19745,1.2963107912911234,0
19746,0.23072948829634948,0
19747,0.32726499253257063,0
19748,4.49379005777295,1
19749,0.17530154144532664,0
19750,0.24887520457807186,0
19751,1.186989122622128,0
19752,0.46166527690945713,0
19753,0.7782929702830312,0
19754,0.6996871968084614,0
19755,0.260196103802266,0
19756,0.860610410027102,0
19757,1.2540125529096358,0
19758,1.4765915336433306,0
19759,1.5117379637873076,0
19760,1.0357866005695928,0
19761,0.8176208891179222,0
19762,0.40199229557541133,0
19763,0.8118784558287793,0
19764,0.29730520662293286,0
19765,0.806824049414654,0
19766,2.1152003724727546,0
19767,0.2916304316732613,0
19768,0.3203629116013696,0
19769,0.6885947021185344,0
19770,0.3896424701428283,0
19771,1.5783629983867455,0
19772,0.6495245695166524,0
19773,0.9730182705040289,0
19774,0.5057219930639254,0
19775,1.3939772294896515,0
19776,1.4675710086188722,0
19777,0.3442755553394293,0
19778,0.48738447092673887,0
19779,0.5535332690058958,0
19780,1.19271450538359,0
19781,0.16811807703977816,0
19782,0.719667141392194,0
19783,0.9638003171803053,0
19784,0.37058056699228786,0
19785,2.582798211441629,1
19786,0.7215068300374847,0
19787,0.15456195718905122,0
19788,1.9279760222029956,0
19789,0.3577861057625403,0
19790,0.422550582321623,0
19791,0.8551986653141819,0
19792,0.8594000689913479,0
19793,0.8483837058837042,0
19794,1.0018759653386204,0
19795,1.109612490940485,0
19796,6.687343371338064,1
19797,0.9209628264096628,0
19798,0.6159646767894201,0
19799,0.29913108168916064,0
19800,0.7399658650791456,0
19801,1.9526929509889661,0
19802,1.3520963007832472,0
19803,1.0237304014863455,0
19804,0.19662814926088146,0
19805,0.1806649766487546,0
19806,1.465957840806238,0
19807,0.17337666295381365,0
19808,0.20761653023586538,0
19809,0.6449171238274134,0
19810,1.003501955292975,0
19811,0.1964140058584143,0
19812,0.9437990452598202,0
19813,0.5301034051927295,0
19814,1.821211813729962,0
19815,0.3248556944773596,0
19816,0.8804055584816174,0
19817,0.4383641012944359,0
19818,0.6648577929397156,0
19819,0.6304504594832682,0
19820,1.7688977890639461,0
19821,0.3045569703333629,0
19822,0.14902781734567006,0
19823,0.24881445091124083,0
19824,1.1050962149188812,0
19825,1.939833645356692,0
19826,0.22295887068072173,0
19827,0.7386734260543714,0
19828,0.669429224088241,0
19829,0.7085250032275768,0
19830,1.2970325007632575,0
19831,1.3119994201002476,0
19832,0.4049148334547642,0
19833,0.45437084864021465,0
19834,0.4056556641031266,0
19835,0.4463946803398067,0
19836,0.28186010058416605,0
19837,0.5924392393940305,0
19838,0.4167300508595897,0
19839,0.41386125618095065,0
19840,1.3605789662514227,0
19841,0.47646619617155983,0
19842,1.4540432704461168,0
19843,1.0779747694393582,0
19844,1.451255643870425,0
19845,0.7660978305068427,0
19846,0.615514092922247,0
19847,1.6164472035698965,0
19848,0.5798124829769852,0
19849,0.4481677960826448,0
19850,1.2298418471127675,0
19851,0.6763945150419598,0
19852,0.4270982302571408,0
19853,0.35306764942721414,0
19854,0.2935047790767752,0
19855,1.1993501598679788,0
19856,0.8544931598508654,0
19857,1.898678200469003,0
19858,0.796288087627561,0
19859,0.3195187492673225,0
19860,1.3500228888195736,0
19861,0.48961918757966705,0
19862,1.8849501802399384,0
19863,1.0953396232376622,0
19864,2.4831205827084255,1
19865,0.4418385772801039,0
19866,2.0806366908228027,0
19867,0.1413666510048949,0
19868,0.350333104804929,0
19869,0.33733772921477945,0
19870,0.9481322546749397,0
19871,2.3463303965668425,1
19872,0.4794062876081993,0
19873,2.914008354398367,1
19874,0.33623626868120093,0
19875,0.8164252880675562,0
19876,0.8650043075882927,0
19877,0.21602396383106467,0
19878,1.0743542884049397,0
19879,0.5507559165962451,0
19880,0.23520472777241985,0
19881,0.9391670014061522,0
19882,0.2809551971810947,0
19883,0.7629313019805303,0
19884,2.189463359731692,0
19885,2.2179964630318607,0
19886,2.975919532786888,1
19887,0.9874666361540478,0
19888,0.22116339055929374,0
19889,1.4916135805047823,0
19890,0.38033272463693096,0
19891,0.5013920724716869,0
19892,0.8475354269370164,0
19893,0.29833790539262084,0
19894,3.2856676127256828,1
19895,1.1077185959802391,0
19896,1.3003943163499287,0
19897,0.1904376068185575,0
19898,0.789389106647825,0
19899,1.5977577725286773,0
19900,1.168457911315958,0
19901,0.32123245301923126,0
19902,0.42895349486358725,0
19903,3.539611202922825,1
19904,0.2692092093078503,0
19905,2.6966384307079263,1
19906,0.48446367769077725,0
19907,0.5715133426889021,0
19908,0.28708037916329554,0
19909,0.5123496107397036,0
19910,0.8577059287371886,0
19911,0.6364946567540963,0
19912,0.14486421065719657,0
19913,0.20879082461887197,0
19914,0.4576368219431745,0
19915,3.606399645753167,1
19916,0.7626025888412453,0
19917,0.2892883167903835,0
19918,6.583723396806031,1
19919,0.7322251495120901,0
19920,1.1370022389788388,0
19921,0.2972774517179114,0
19922,0.181463110375565,0
19923,0.24586640019625738,0
19924,0.39273627174089204,0
19925,0.5481115755775473,0
19926,0.20775739636495083,0
19927,1.8710268385738895,0
19928,0.19281824158154923,0
19929,0.3356683190091786,0
19930,0.18767691135221234,0
19931,0.6230733036864402,0
19932,0.4930917492917513,0
19933,1.8929577524147887,0
19934,1.1846863755922723,0
19935,1.9828426021563488,0
19936,1.9710130884442747,0
19937,0.7535406743575679,0
19938,0.41053943346508354,0
19939,0.5515489006928127,0
19940,0.9914592988388533,0
19941,0.47874764438242623,0
19942,1.282826189319112,0
19943,0.935785747342665,0
19944,1.1803319976313742,0
19945,0.5435822063380152,0
19946,0.33342010647348785,0
19947,1.2987886838822587,0
19948,2.754595077450903,1
19949,0.1605695568684261,0
19950,1.971419474877657,0
19951,0.5026440933485915,0
19952,0.9458265392419998,0
19953,0.5208869696084512,0
19954,3.9575521651119288,1
19955,0.566067679421432,0
19956,1.1728101169445482,0
19957,1.0257577901209083,0
19958,0.9048101742738683,0
19959,0.6505008801278883,0
19960,1.099287956923857,0
19961,0.7916063850603723,0
19962,1.381860249182827,0
19963,1.2562465004259384,0
19964,1.164512050502396,0
19965,0.5994217096931671,0
19966,1.0806334196854475,0
19967,0.4064898744527996,0
19968,1.8049549078934395,0
19969,0.6711396760315094,0
19970,1.7205056015116802,0
19971,0.23751608139968963,0
19972,0.6987149280500875,0
19973,0.48788596434811443,0
19974,0.8088327711628672,0
19975,1.1525810252559778,0
19976,0.8555515456312005,0
19977,0.2476480378092007,0
19978,0.14299096976764855,0
19979,1.0259357209627706,0
19980,2.680523952550009,1
19981,2.7990915953122335,1
19982,0.9138636736019766,0
19983,0.3648700908689882,0
19984,1.4745279853371778,0
19985,0.9693703296629372,0
19986,1.4575537399470728,0
19987,0.9736500283153336,0
19988,1.3483293833385883,0
19989,0.39873049043795106,0
19990,1.367938799570912,0
19991,0.4105794295351112,0
19992,0.9755375145106884,0
19993,1.0033435439707326,0
19994,1.2090686131440056,0
19995,0.46314898283246436,0
19996,0.17451724230886212,0
19997,0.9606524482125481,0
19998,0.7046579809089046,0
19999,0.9328937909479826,0
20000,0.6640898021719257,0
20001,2.1673887784006665,0
20002,0.1706700220088265,0
20003,1.6573261762601923,0
20004,0.49438864865806265,0
20005,0.3060195353511798,0
20006,0.5276542836998255,0
20007,0.2588190377869382,0
20008,1.302759681693411,0
20009,0.7027001910862276,0
20010,1.1330817671232176,0
20011,1.1216066464390362,0
20012,1.6514615462816011,0
20013,1.3175329275303815,0
20014,0.5430702391417149,0
20015,0.588854107380562,0
20016,0.5456477754951763,0
20017,0.25256949892904074,0
20018,1.2323068529124952,0
20019,0.4169853196495266,0
20020,0.4940886889759485,0
20021,2.07179370772013,0
20022,0.4847786185662063,0
20023,0.8869213725794627,0
20024,0.79019314891612,0
20025,0.6965855807951034,0
20026,0.8587567482969061,0
20027,0.8237578090645276,0
20028,0.12146674159405708,0
20029,0.5371672982868996,0
20030,1.3304617480840013,0
20031,1.5597334913421181,0
20032,0.9180263426214632,0
20033,0.4333387515157413,0
20034,0.13925170044046764,0
20035,0.6878550921222193,0
20036,0.4429741155994697,0
20037,0.8242150391992691,0
20038,4.445134006538396,1
20039,1.561981070145513,0
20040,1.0146987945017492,0
20041,0.6053662735897374,0
20042,1.0984253417250662,0
20043,0.7546332389389544,0
20044,0.22256080330802552,0
20045,0.16328190898251932,0
20046,0.9833237629317753,0
20047,0.15622406303887476,0
20048,0.3926556260790758,0
20049,0.6355550201932807,0
20050,1.3781757782584974,0
20051,0.5345915763393936,0
20052,0.4980945073982596,0
20053,1.5122552637048163,0
20054,0.5899123726144474,0
20055,0.1408272208982914,0
20056,2.342840691987258,1
20057,0.40938610352853805,0
20058,0.8787071452142626,0
20059,0.9185601873399104,0
20060,0.3808015262817663,0
20061,1.450511936615177,0
20062,1.913200900398289,0
20063,0.6215318759982085,0
20064,1.7614403030457602,0
20065,0.46279676691260335,0
20066,0.869187133844488,0
20067,1.3080420108260866,0
20068,0.22923279676094524,0
20069,1.134932775279236,0
20070,0.49578084197203626,0
20071,0.42389318410703314,0
20072,0.31879859374006364,0
20073,0.4508166436213264,0
20074,0.4160833925546985,0
20075,2.119457936140786,0
20076,0.9726888859153469,0
20077,2.941051539299089,1
20078,1.611423367904575,0
20079,0.23918501107383522,0
20080,2.9077407647641076,1
20081,2.435873186300468,1
20082,2.3108463692049788,0
20083,0.118205864225096,0
20084,2.733425232752201,1
20085,0.357854130931448,0
20086,0.790489724087502,0
20087,0.33243480045778584,0
20088,1.1629936966186225,0
20089,0.31186899046210736,0
20090,1.319855591911963,0
20091,1.6026654065241712,0
20092,0.20807735516840045,0
20093,0.14865754940400855,0
20094,0.8180341999741723,0
20095,0.4377389551460801,0
20096,0.6650948581065939,0
20097,1.8101610315061627,0
20098,0.4217932460272614,0
20099,0.4983792126240202,0
20100,0.15192105195196604,0
20101,1.1893439204246554,0
20102,0.1904280501279611,0
20103,0.33930879624564864,0
20104,1.4933816978721723,0
20105,1.1732779392415396,0
20106,0.5286533569497642,0
20107,0.2626944357808181,0
20108,0.5880915769994565,0
20109,1.612135064276752,0
20110,1.4202490024080996,0
20111,0.17519530179737716,0
20112,1.090724043878287,0
20113,0.6895376924923082,0
20114,0.5737302363524546,0
20115,0.859289845455536,0
20116,0.6664371388077164,0
20117,0.18814448027311928,0
20118,0.37944208822235775,0
20119,2.0444930202258695,0
20120,0.36487617781201975,0
20121,2.0376221054178374,0
20122,0.504748232398262,0
20123,0.5083306779897495,0
20124,0.26224669775625886,0
20125,1.207748323280075,0
20126,1.7864093416962366,0
20127,0.3306906171929332,0
20128,0.1610363105719156,0
20129,1.2852837516735616,0
20130,0.6710940549881212,0
20131,0.3740156291512887,0
20132,0.40967319851039397,0
20133,0.6553420719846628,0
20134,0.4366471567508577,0
20135,0.9925596751794149,0
20136,0.5134879426368257,0
20137,2.06149598535837,0
20138,1.6223961773226279,0
20139,0.3797546439912211,0
20140,0.44687389294833474,0
20141,3.96721640632376,1
20142,1.0478378889688544,0
20143,3.8558331820913443,1
20144,1.072416856817371,0
20145,1.143770291204995,0
20146,1.007570989138987,0
20147,1.744917345794646,0
20148,0.6653901640003484,0
20149,0.32462947077708604,0
20150,0.27523896451391056,0
20151,0.6812947530603739,0
20152,0.8549463098133406,0
20153,0.222069423653026,0
20154,0.21768130171299224,0
20155,1.7230679123052872,0
20156,0.3542279505359352,0
20157,0.30396077235502766,0
20158,0.9017797658958298,0
20159,1.0882068561934268,0
20160,0.9326719760829247,0
20161,0.42220347854494056,0
20162,1.6078429069194518,0
20163,1.4506222757155212,0
20164,0.6402777427421491,0
20165,0.9760537275457299,0
20166,0.34371027560271644,0
20167,0.24037619007486843,0
20168,0.27418587211756096,0
20169,2.3120239143664643,0
20170,1.0056780605282871,0
20171,0.7229671635319391,0
20172,1.6341265275965875,0
20173,0.9634674854599974,0
20174,1.2917969629888777,0
20175,0.5683393395969636,0
20176,1.200033107257168,0
20177,0.2664600898304409,0
20178,0.28343764251435116,0
20179,0.8880417017881543,0
20180,0.8305836179626226,0
20181,0.33102141506448607,0
20182,1.7712992088132253,0
20183,1.1443637083958293,0
20184,0.6227336647455909,0
20185,0.3325648060517132,0
20186,0.9090657746286048,0
20187,0.7616321222172757,0
20188,0.7654174449141516,0
20189,2.853307620341789,1
20190,0.5547704706120994,0
20191,0.7059275213505399,0
20192,1.368216086338454,0
20193,0.901392815354426,0
20194,0.2592229622094996,0
20195,1.8986691016736725,0
20196,0.5373511107820605,0
20197,0.6047823356445262,0
20198,2.011336245041286,0
20199,1.3722738413630788,0
20200,1.007816237532196,0
20201,2.27122055419046,0
20202,0.15030379503552488,0
20203,1.3859916156396805,0
20204,1.2527970829912873,0
20205,0.7076408549873314,0
20206,1.4272231458462266,0
20207,0.6585426835770487,0
20208,0.4513865720081891,0
20209,0.5270528729063679,0
20210,0.809391519376302,0
20211,1.236423815572081,0
20212,0.8075323290081734,0
20213,0.2134765202008751,0
20214,0.8556114612573646,0
20215,1.0260466304535996,0
20216,1.385489117588424,0
20217,0.30811515614901425,0
20218,1.2186463141518213,0
20219,0.9763800034457155,0
20220,1.0483105277915796,0
20221,0.2598552859761497,0
20222,0.27563682332387973,0
20223,1.5346719470320829,0
20224,1.1322608783513586,0
20225,0.42693268401679924,0
20226,7.1151058905642985,1
20227,0.6100127088641782,0
20228,1.5718537499363174,0
20229,0.7586427497266915,0
20230,0.2752527569670683,0
20231,0.7521744420128036,0
20232,1.1961441282019885,0
20233,0.26473150878619817,0
20234,0.9805277110723297,0
20235,0.8435858142799016,0
20236,0.518312419461889,0
20237,0.2621911026651898,0
20238,1.7970874855209629,0
20239,2.5967208159443653,1
20240,0.6006362069932152,0
20241,4.09317250825863,1
20242,0.733714406575312,0
20243,0.6337028287464758,0
20244,2.27435525374391,0
20245,1.5817564580744254,0
20246,0.5361212043165183,0
20247,1.2178580079337507,0
20248,1.6566193518394219,0
20249,0.5437708500699193,0
20250,0.3882524829511438,0
20251,0.16274330406992032,0
20252,0.8460908385857049,0
20253,1.0728457578075357,0
20254,2.4754069493925663,1
20255,1.0029323417216953,0
20256,0.26875374927699525,0
20257,1.4159428255991466,0
20258,0.3150918750461201,0
20259,1.4548100761554807,0
20260,1.8615954499405423,0
20261,5.176912092024395,1
20262,0.3444108976498713,0
20263,0.4178850961569206,0
20264,0.9645251052975246,0
20265,0.2351688861410977,0
20266,0.5658243412456356,0
20267,0.9999410783432353,0
20268,0.4163251074669752,0
20269,0.86939327067434,0
20270,1.0376049190694352,0
20271,1.2704194050294622,0
20272,0.9799439563471491,0
20273,1.1189282234493252,0
20274,1.3830314636027918,0
20275,0.39997314232101966,0
20276,1.7003750815632963,0
20277,0.43700618985343176,0
20278,1.4643028769757693,0
20279,1.8920643881002668,0
20280,0.2304761562159678,0
20281,0.566811226401233,0
20282,0.6968556036502818,0
20283,0.25957625543296825,0
20284,1.1955364126508992,0
20285,0.40184991974818907,0
20286,0.6390912772579074,0
20287,0.8205647233666283,0
20288,0.3585572082080941,0
20289,1.4758039367526976,0
20290,1.9768486572937263,0
20291,1.2284683946298907,0
20292,0.8034644052380457,0
20293,1.0433936801867794,0
20294,1.6111551983501982,0
20295,1.453510296971363,0
20296,0.5308187322342146,0
20297,0.5793858058777145,0
20298,1.327282134373304,0
20299,1.3635883286928316,0
20300,0.8350336631901767,0
20301,0.41069918730570504,0
20302,0.28542934336915665,0
20303,0.2687270727993657,0
20304,1.6377515164084908,0
20305,1.3035616046233558,0
20306,0.5892454809753986,0
20307,1.0816114343611996,0
20308,0.5240413128785081,0
20309,1.1114976337344735,0
20310,1.0621053523350668,0
20311,0.3628577976809601,0
20312,0.28932419077901017,0
20313,1.5611131625422783,0
20314,1.6171969500606145,0
20315,1.6374989367003796,0
20316,1.9097496972384929,0
20317,1.6865867651477722,0
20318,1.2422964109485983,0
20319,0.46521235275651246,0
20320,0.7475050340268907,0
20321,1.1541862167741133,0
20322,1.1413321347234722,0
20323,1.0735000060553712,0
20324,0.6999564231828705,0
20325,0.48868987588544943,0
20326,1.1847250505368716,0
20327,1.330904146352562,0
20328,0.7426531931713487,0
20329,0.9699436372460923,0
20330,1.4130479502585571,0
20331,0.4294899590280899,0
20332,0.6416160805663844,0
20333,1.1658076044652659,0
20334,2.1261433641025342,0
20335,1.7055140699335438,0
20336,0.300693936970417,0
20337,1.3192171612647432,0
20338,0.9439627956211772,0
20339,0.18966266793109754,0
20340,1.7305842079067362,0
20341,0.968632802693602,0
20342,0.6937725899719694,0
20343,1.4720118763794876,0
20344,0.5411954004000666,0
20345,1.2997444618304714,0
20346,2.28962471152003,0
20347,0.5945537091292282,0
20348,0.43888684879700135,0
20349,1.2810609221770421,0
20350,1.0895430486017743,0
20351,0.30611029011497226,0
20352,0.36882887761212685,0
20353,0.25541525254771874,0
20354,0.9388001760910326,0
20355,0.3224901077514679,0
20356,0.645561110024854,0
20357,1.0439215791943226,0
20358,0.4274951600784531,0
20359,0.934343836229733,0
20360,2.0443183194182977,0
20361,1.864243171951123,0
20362,0.9827927303346142,0
20363,0.739983629009598,0
20364,0.3577678180836114,0
20365,0.2256518646124769,0
20366,0.5301717738757162,0
20367,0.9247591856121925,0
20368,0.6955170731656198,0
20369,1.3590167223127776,0
20370,0.9424022160733714,0
20371,0.10776797598192196,0
20372,0.40859009483181435,0
20373,0.31726125774383984,0
20374,0.11722075300677406,0
20375,1.1139690700244103,0
20376,2.1158292654670867,0
20377,0.27137785338821774,0
20378,1.0926969897985532,0
20379,0.7122513595541704,0
20380,0.9208625310234592,0
20381,0.7717997026861673,0
20382,0.3202863289955274,0
20383,0.09243310025686703,0
20384,1.4088279747570367,0
20385,0.36607913692820004,0
20386,0.25921546511418486,0
20387,0.8257842718621623,0
20388,0.33044347437834604,0
20389,0.6463230346156921,0
20390,0.8053476795688873,0
20391,0.08565870313368562,0
20392,0.6178989393489822,0
20393,1.014431860254131,0
20394,0.581822732926321,0
20395,0.5582762006289931,0
20396,0.4833944413486736,0
20397,2.9129424871334875,1
20398,0.8861064065539661,0
20399,0.10991915982688083,0
20400,0.3621882635001364,0
20401,0.518492227650188,0
20402,1.7770378454390516,0
20403,0.6912504874961615,0
20404,4.541540937024715,1
20405,0.8082359560793316,0
20406,0.493244698749864,0
20407,0.09287500398363487,0
20408,0.30642696707741857,0
20409,0.11731904294208788,0
20410,2.314088663452472,0
20411,0.21459791393106614,0
20412,1.4641878832322146,0
20413,0.7017759629392821,0
20414,0.25847482752108897,0
20415,1.1920791939400854,0
20416,0.23809936058636794,0
20417,1.0980548452116738,0
20418,0.43022863279294815,0
20419,0.6154701848423073,0
20420,1.2137746564089886,0
20421,0.24002232078200322,0
20422,0.12315889821153289,0
20423,0.7858546447635328,0
20424,1.7918490481494818,0
20425,0.42002440524282714,0
20426,0.22346665498495422,0
20427,1.3682017445806633,0
20428,1.6380685452015207,0
20429,0.3771479326940422,0
20430,0.2273161230857798,0
20431,0.2983373762731275,0
20432,1.2083189527986125,0
20433,0.45794271719715435,0
20434,1.7522411676748628,0
20435,0.1845367887403258,0
20436,0.5402217996079927,0
20437,0.9510550288650496,0
20438,1.0263053249531602,0
20439,1.8346455268965787,0
20440,0.3560980201579558,0
20441,0.5456584501441081,0
20442,0.5204458685473613,0
20443,0.47150800106516966,0
20444,1.9257048265901298,0
20445,1.2010027709445512,0
20446,1.0403888661461047,0
20447,0.10879539067665908,0
20448,0.7132636058428494,0
20449,2.6006246141683205,1
20450,1.7360256675150605,0
20451,1.8206630446508782,0
20452,0.613262069552979,0
20453,0.5878834581568971,0
20454,2.0569082148013917,0
20455,0.8469976370927823,0
20456,0.7451308218338311,0
20457,0.25114695187536695,0
20458,0.7980031428455362,0
20459,1.088075697138228,0
20460,0.8739764023285105,0
20461,1.1186445672301049,0
20462,0.41555869412448015,0
20463,0.8465329452305035,0
20464,1.6990406373173734,0
20465,0.6776497922177093,0
20466,0.23687119009387286,0
20467,0.1638384062683019,0
20468,0.12147137301610875,0
20469,1.1138211697104918,0
20470,0.9773095941554105,0
20471,0.2723276585807405,0
20472,0.8027693150097432,0
20473,0.3722493735079131,0
20474,0.36210645322429885,0
20475,0.6654052135647673,0
20476,0.406052262210337,0
20477,1.140966719884632,0
20478,0.3990240107192081,0
20479,0.11035158263465643,0
20480,0.7621297554359712,0
20481,0.6826669560440571,0
20482,1.995625569484003,0
20483,1.056308559213422,0
20484,0.40775140723975356,0
20485,0.4345819758855981,0
20486,0.17390721198283507,0
20487,0.3296166875320177,0
20488,1.1164785152546044,0
20489,0.2982316977488907,0
20490,1.620956581854341,0
20491,0.46217748477465675,0
20492,0.9876089026965682,0
20493,0.5543155667667291,0
20494,1.8484134677435313,0
20495,3.9475084074140483,1
20496,1.113422814376006,0
20497,0.39022553380281355,0
20498,0.5962981334536949,0
20499,0.49311963579337226,0
20500,0.37602430544762955,0
20501,0.4801508062232219,0
20502,0.6161311607523298,0
20503,0.809931010390109,0
20504,1.8533634379995632,0
20505,0.21168874135930818,0
20506,7.709531100535484,1
20507,1.413863131502183,0
20508,0.7888534729009772,0
20509,0.1884347197069893,0
20510,0.33892978144735575,0
20511,0.26949445978250786,0
20512,0.6335611654066422,0
20513,0.6132268328929377,0
20514,0.934861508021011,0
20515,0.27820786614744597,0
20516,2.7210531855349025,1
20517,0.279919422993547,0
20518,0.5662286753371977,0
20519,0.25107198628752914,0
20520,1.1450919913584905,0
20521,0.5869060633993011,0
20522,0.1500425504277672,0
20523,0.3388722542113479,0
20524,0.5020122377252102,0
20525,0.8548714889070871,0
20526,0.5129739032874788,0
20527,0.9258084661253786,0
20528,0.1842428292680873,0
20529,0.24584571160914512,0
20530,1.2435388242842236,0
20531,0.5527874157567088,0
20532,0.41192173863719034,0
20533,2.591462252929356,1
20534,0.35648159371137217,0
20535,1.775521609241234,0
20536,0.52859856850731,0
20537,0.8971734306752979,0
20538,0.7249967900613848,0
20539,0.23541465788066224,0
20540,0.7081782951134628,0
20541,0.4596295805939071,0
20542,0.15342359871991268,0
20543,1.340074507494709,0
20544,1.247393019885562,0
20545,1.1208149224446562,0
20546,4.83608634991316,1
20547,1.1693189640663857,0
20548,0.7117729195753062,0
20549,0.35210333218300094,0
20550,1.1787510645880634,0
20551,0.2734798182098657,0
20552,0.5789401182359672,0
20553,0.4020378472707028,0
20554,0.5519451184812258,0
20555,0.9807372572082599,0
20556,0.2551497599368714,0
20557,0.2885741512649397,0
20558,0.25283308272088634,0
20559,1.623726221258832,0
20560,0.3538293370423748,0
20561,0.8155537538344706,0
20562,1.2622498115764342,0
20563,0.2959054484316347,0
20564,0.1832588303873138,0
20565,1.0670155542231752,0
20566,0.7454665913088107,0
20567,2.5146167260110266,1
20568,0.6712547802166604,0
20569,0.3452780747806953,0
20570,1.1726993326434,0
20571,0.34931326825107334,0
20572,0.4677539079376783,0
20573,1.227749239859378,0
20574,1.7879058907470982,0
20575,1.4948221310359844,0
20576,0.2960245441976582,0
20577,2.5746708790401063,1
20578,0.6084157994469004,0
20579,1.0850551483997897,0
20580,1.7746383693564176,0
20581,1.2416637685275265,0
20582,0.357451566708468,0
20583,0.2461534515577945,0
20584,0.8180472183286485,0
20585,1.1611524369063713,0
20586,1.5799204136748046,0
20587,0.2912490760650862,0
20588,0.5483721099480563,0
20589,3.7473845844660687,1
20590,0.850878613654934,0
20591,1.377865708167361,0
20592,0.128396698040069,0
20593,0.6619268574642254,0
20594,0.9096230898570618,0
20595,1.181303864703841,0
20596,1.3402310914492959,0
20597,0.8238336104479046,0
20598,0.7097602969035528,0
20599,0.7086558996376624,0
20600,1.2556412019622034,0
20601,1.306491508538414,0
20602,0.9267838129233723,0
20603,0.9523500868608025,0
20604,0.21609024579890126,0
20605,1.2628115579142727,0
20606,0.3062220670420523,0
20607,0.3356544113150183,0
20608,1.1385046971373236,0
20609,0.6483114509800355,0
20610,0.9901790238156541,0
20611,2.989373938980181,1
20612,0.32038486845354075,0
20613,1.0691635543919127,0
20614,1.317446311144002,0
20615,1.0528318960592373,0
20616,0.2568135764572517,0
20617,0.3706378966614562,0
20618,1.5932334632328693,0
20619,0.4789676503192523,0
20620,0.8147465009304101,0
20621,1.4360159927188572,0
20622,0.6481093788965533,0
20623,1.0270319281260551,0
20624,0.22410018578254903,0
20625,0.21223428271423686,0
20626,0.7293531087629264,0
20627,1.7391071725861245,0
20628,0.773098925383544,0
20629,0.3003084354654818,0
20630,0.8689286362797418,0
20631,1.6214301008950318,0
20632,0.7793384678510712,0
20633,2.17760581372834,0
20634,3.937844586266388,1
20635,1.1906158878068758,0
20636,1.0750394404561532,0
20637,0.7831801433411487,0
20638,0.364706296709499,0
20639,2.131912981664766,0
20640,0.10392665831255594,0
20641,1.9294984742303165,0
20642,0.491658945246903,0
20643,0.5696105132047242,0
20644,1.0483673338486084,0
20645,0.9456476415417228,0
20646,0.7138621803693349,0
20647,0.7699484168571116,0
20648,0.10653690209312505,0
20649,0.07268606853180025,0
20650,0.6866260675338284,0
20651,1.9657170188609476,0
20652,1.2359826485413656,0
20653,0.7478664406776382,0
20654,0.8971469389208041,0
20655,1.574798508810555,0
20656,1.025544397526288,0
20657,0.6290447458031834,0
20658,0.2188784621804368,0
20659,1.612390022729476,0
20660,1.0331115975740093,0
20661,1.4675618101839114,0
20662,1.8391552706241996,0
20663,2.156844566057594,0
20664,2.0377037456680265,0
20665,1.9378194358001495,0
20666,0.29207230557658026,0
20667,0.49437354690455326,0
20668,1.0048129401214427,0
20669,0.5755525491219265,0
20670,1.462491792274683,0
20671,0.6776445929567325,0
20672,0.6610405581936568,0
20673,3.3331114737236462,1
20674,0.627906291014579,0
20675,1.1383983811610516,0
20676,1.533996566887831,0
20677,0.8682530790166831,0
20678,1.098366413259099,0
20679,0.4263000585506889,0
20680,1.1906308287032372,0
20681,0.7335225650512858,0
20682,0.6004619656012329,0
20683,0.22726935528829798,0
20684,0.5548835891215219,0
20685,1.3078346969164572,0
20686,1.618467927401575,0
20687,1.1810236191811512,0
20688,1.6692958118814722,0
20689,0.9826325615679303,0
20690,2.4037123508351215,1
20691,0.6632011266867488,0
20692,0.20658131063075613,0
20693,0.17066124196218382,0
20694,1.0489980417433293,0
20695,0.8094683042754734,0
20696,0.18646304163190078,0
20697,0.26423028135752363,0
20698,1.0981929918853512,0
20699,0.596768979377065,0
20700,0.7377604779791236,0
20701,0.3795722227453345,0
20702,1.8985269888007106,0
20703,1.3194553362070935,0
20704,0.6819005475419909,0
20705,0.2201745121944934,0
20706,0.40898371655456794,0
20707,0.34563854060577104,0
20708,0.389288399168853,0
20709,0.8138509155110866,0
20710,2.1382601243034336,0
20711,1.2208112644290083,0
20712,0.2862674196787168,0
20713,1.025157959446087,0
20714,0.16821412332409946,0
20715,0.4322308181636834,0
20716,1.5714046266600346,0
20717,0.3342723604983413,0
20718,1.7682985612628788,0
20719,0.34184223637857053,0
20720,1.4854033080717457,0
20721,0.6172326502807792,0
20722,1.4484410025571646,0
20723,0.5205970306258341,0
20724,1.7791801705184287,0
20725,0.5694284829398794,0
20726,1.500245178446685,0
20727,1.6198521208059624,0
20728,0.19180287103906557,0
20729,1.3186901486147282,0
20730,2.9782203281886632,1
20731,0.27730082870742945,0
20732,1.2193282215483674,0
20733,0.8616433523471126,0
20734,1.8178601036671864,0
20735,0.1892464963894573,0
20736,0.6512052764605996,0
20737,2.1360357946223267,0
20738,0.7645750759867705,0
20739,0.7858352893929234,0
20740,1.0772653142218245,0
20741,1.4022586724671688,0
20742,0.23965839222267965,0
20743,0.6757736709483317,0
20744,1.6922043127760233,0
20745,0.470361358681354,0
20746,0.5147125795319712,0
20747,0.32810853893872344,0
20748,0.5795601493012285,0
20749,0.19191195593107083,0
20750,1.301993783553249,0
20751,0.24671628563684508,0
20752,1.3649427819860365,0
20753,0.2025120634738292,0
20754,0.7555670167878108,0
20755,0.7485724715946616,0
20756,1.0642296944211493,0
20757,0.9528034822463954,0
20758,1.0924360007367986,0
20759,0.11659748589864635,0
20760,1.1606018677258354,0
20761,0.09860847926876448,0
20762,0.8039241821653171,0
20763,7.021239162111632,1
20764,0.2259933402752968,0
20765,0.2764729721654068,0
20766,1.1285034940878294,0
20767,1.028270187868659,0
20768,0.7005656402688311,0
20769,2.261463808403912,0
20770,0.9667636415006887,0
20771,0.26460852329856194,0
20772,0.5302355482958528,0
20773,2.4899671506270074,1
20774,1.3196916671661527,0
20775,0.5511818536986359,0
20776,0.5251613323783313,0
20777,0.9108974215202315,0
20778,0.3707045302961357,0
20779,1.3653789720304363,0
20780,1.1221144884012981,0
20781,2.737461162261641,1
20782,0.6272173731592898,0
20783,2.142387609012605,0
20784,2.179092624432627,0
20785,0.37558641182355634,0
20786,2.2932288318196115,0
20787,0.5582259346547234,0
20788,0.6559063302120534,0
20789,0.7857362172151771,0
20790,1.3030181936268905,0
20791,1.1105059238348975,0
20792,1.310420984689385,0
20793,1.3566408532859309,0
20794,0.9928308751663117,0
20795,0.23187753315176343,0
20796,1.0865416363208606,0
20797,0.7708037531908245,0
20798,0.5382518407443401,0
20799,1.476675309257894,0
20800,1.2110585477924447,0
20801,0.8329440788563929,0
20802,1.3456722172435964,0
20803,0.7899578197171702,0
20804,1.0328803227430812,0
20805,0.2025086188272048,0
20806,0.7921362440993642,0
20807,0.3961651412970931,0
20808,1.4250081467338531,0
20809,1.4483804162596818,0
20810,1.438618873894638,0
20811,0.9122766366076409,0
20812,1.1720933081302352,0
20813,1.97548495547436,0
20814,3.91307177468581,1
20815,2.0412664631987476,0
20816,0.10939839995900205,0
20817,0.2876422363257694,0
20818,0.6159051729169365,0
20819,1.128959649217195,0
20820,0.6306246587386498,0
20821,0.37155481930253476,0
20822,3.4125059189492335,1
20823,0.5335793857715686,0
20824,0.8076317348585592,0
20825,0.35507869995622593,0
20826,0.7067271503231843,0
20827,1.392118428654485,0
20828,0.2454160546347318,0
20829,1.3357624096238838,0
20830,0.22717913880296833,0
20831,0.461016677540246,0
20832,1.5284986808296133,0
20833,1.125321387263188,0
20834,1.4422479556225878,0
20835,0.49165369561633715,0
20836,0.6765137265309829,0
20837,3.5863824037440053,1
20838,1.4089771141452736,0
20839,0.2639410390641562,0
20840,1.8908458698677486,0
20841,0.1980786196599238,0
20842,0.16561771321046045,0
20843,4.910403038952185,1
20844,0.6611572668171384,0
20845,0.7198737574130927,0
20846,0.18872187557653924,0
20847,1.5443745251487724,0
20848,2.067238738124466,0
20849,0.8373413141801404,0
20850,1.5548289797123773,0
20851,0.9026384052573231,0
20852,0.47123392980480655,0
20853,0.45690620457222286,0
20854,1.0341122112130126,0
20855,1.5561030839983025,0
20856,0.8864304769335909,0
20857,1.4104077046735715,0
20858,0.294369520475497,0
20859,1.0101160867934926,0
20860,2.662501605551287,1
20861,0.7813172964089988,0
20862,0.475266107142185,0
20863,0.9355829521717112,0
20864,0.48042849258584075,0
20865,0.8027260691357345,0
20866,0.5837138011911793,0
20867,0.7283361499916262,0
20868,1.0829546245762212,0
20869,0.6944501866957665,0
20870,1.319310978186714,0
20871,0.1426767026529462,0
20872,2.5520636883383547,1
20873,0.8501965857050191,0
20874,1.9844751290447327,0
20875,0.09884772742096636,0
20876,0.6365365907407151,0
20877,1.308581251307078,0
20878,1.2766938649361426,0
20879,1.0007294413190126,0
20880,1.2933949670750298,0
20881,0.8031105092136397,0
20882,1.7835330883089895,0
20883,1.249805516090745,0
20884,0.2947276004578564,0
20885,1.9448517435186936,0
20886,1.9296233548060155,0
20887,0.6575690391403355,0
20888,0.744085098535534,0
20889,0.20957247146586416,0
20890,0.2732148220591163,0
20891,0.48953629938448173,0
20892,5.608652535404859,1
20893,0.6453760410098356,0
20894,1.5858008604631093,0
20895,0.36367818035505156,0
20896,0.2720638463690424,0
20897,0.4982340259836963,0
20898,1.7904613352481333,0
20899,0.7158027585752194,0
20900,1.666226999286346,0
20901,1.8648173650260838,0
20902,1.3264179673500751,0
20903,1.320344374588951,0
20904,0.7325267049258385,0
20905,0.6045947316461558,0
20906,1.1459862072437186,0
20907,0.20107563424284378,0
20908,0.4843900487125783,0
20909,0.30307132408640436,0
20910,0.6764385761620603,0
20911,0.9078662619557708,0
20912,0.23145474506885638,0
20913,0.403692330475904,0
20914,0.25875970658914926,0
20915,2.7239608462907143,1
20916,1.2365023175151508,0
20917,1.5261781646814279,0
20918,1.090583876530514,0
20919,0.8070355169206657,0
20920,3.433155197423494,1
20921,0.444557898682638,0
20922,0.30530015636566804,0
20923,1.776366076409841,0
20924,2.0608146699567884,0
20925,0.47592039687448373,0
20926,1.9621802591768969,0
20927,0.901438757794282,0
20928,0.17256972416855687,0
20929,0.8084227613411764,0
20930,0.24488450922306967,0
20931,0.6992983964891808,0
20932,0.7849366372195614,0
20933,0.18301186113676837,0
20934,1.8270544519441878,0
20935,0.1981453439550111,0
20936,0.6042961456759683,0
20937,1.3263340658221894,0
20938,0.7606373196723392,0
20939,0.33185213343276565,0
20940,0.40120652362359505,0
20941,0.9936703203303834,0
20942,0.39104774979084206,0
20943,1.8488784579665343,0
20944,1.9220908511212254,0
20945,0.8326193412910913,0
20946,0.7749839946366288,0
20947,0.9963106667070981,0
20948,0.3107890828583484,0
20949,0.7032827083808673,0
20950,0.7286594395956321,0
20951,0.9424474831025875,0
20952,0.23144762061477558,0
20953,1.4442700909186568,0
20954,0.49380250224003974,0
20955,0.8394770042537276,0
20956,0.5086588185975737,0
20957,1.5032843552460016,0
20958,0.4845587186891023,0
20959,0.6258121992474204,0
20960,1.0880832511253007,0
20961,0.5803142557006759,0
20962,3.2455388581518463,1
20963,1.2216746682503687,0
20964,1.0562389953552487,0
20965,0.43579431650157413,0
20966,0.8948614158940688,0
20967,3.4407866892416052,1
20968,0.3574744674456269,0
20969,0.292037728794599,0
20970,0.6973458568708529,0
20971,0.30783067530968383,0
20972,1.208051256369104,0
20973,1.3342985491151802,0
20974,0.40436759730875477,0
20975,1.4925921250387777,0
20976,0.8010153165964382,0
20977,0.5883925215452269,0
20978,0.27434804297377896,0
20979,0.38381837879773445,0
20980,1.604877642603316,0
20981,0.4583511774482882,0
20982,1.0182263761216714,0
20983,0.43999929280595806,0
20984,2.28575849587379,0
20985,0.9803301099319264,0
20986,0.6249507356689097,0
20987,1.6414179250273544,0
20988,0.6364682362010617,0
20989,0.2892300128821913,0
20990,2.3503279641070924,1
20991,1.6965581880523348,0
20992,2.3064899615008003,0
20993,1.6459241049830904,0
20994,0.30459761906590865,0
20995,0.78680107494761,0
20996,1.603922313130535,0
20997,0.5494492071816663,0
20998,2.110992928431833,0
20999,0.42208317759979075,0
21000,1.0586607601252902,0
21001,1.232189529510523,0
21002,0.9979637879762457,0
21003,2.0346478658582874,0
21004,0.9977261487319826,0
21005,0.6546133703615056,0
21006,2.0316791537769654,0
21007,3.3523271235460497,1
21008,1.793946935511073,0
21009,0.2245811796584844,0
21010,0.9509243698267669,0
21011,0.255191175330907,0
21012,1.55464211887654,0
21013,1.5337548996184647,0
21014,0.8455051935480078,0
21015,0.8640937886726604,0
21016,1.2923254141018137,0
21017,0.5854568334984931,0
21018,0.32103868145611103,0
21019,0.4283820175205114,0
21020,1.2328584889014054,0
21021,0.2393967672749647,0
21022,0.9263947243879928,0
21023,0.3346748017045641,0
21024,0.6349490794249149,0
21025,0.4982753492978132,0
21026,0.5713118650089274,0
21027,0.7641726895502069,0
21028,0.3245553376474559,0
21029,0.32787534835405474,0
21030,1.4325914526952195,0
21031,1.7942927493980083,0
21032,1.3171039969395903,0
21033,0.7537196912854542,0
21034,0.5197743158314528,0
21035,0.4523370936069869,0
21036,1.2286471097012788,0
21037,0.867014503954756,0
21038,0.8168605342716955,0
21039,0.4265605676343408,0
21040,3.705019600972032,1
21041,0.18618450599564537,0
21042,0.4984641643708003,0
21043,0.19761316344883056,0
21044,0.42212020101885994,0
21045,1.2453266164215246,0
21046,1.9112090463513134,0
21047,4.4636676134665905,1
21048,1.2531585813820718,0
21049,2.434146122596402,1
21050,1.1603741972195034,0
21051,0.5100499654702331,0
21052,0.373277071916601,0
21053,0.5107435988465803,0
21054,0.33662239933096844,0
21055,0.3223427713699195,0
21056,0.7008580929843345,0
21057,1.7734180904973527,0
21058,0.8151501703541614,0
21059,2.2267368559218554,0
21060,1.3605017478686712,0
21061,1.3193297663217014,0
21062,0.21666639171523522,0
21063,1.059717570719595,0
21064,0.3833039417450057,0
21065,1.1169440813088634,0
21066,0.33514189189347554,0
21067,0.7221620889440628,0
21068,0.35771959534052633,0
21069,0.9435850193647305,0
21070,0.7050871974211137,0
21071,2.1225673307468393,0
21072,0.18330820946983248,0
21073,1.5028125930273348,0
21074,0.592603027354799,0
21075,0.9753839700780056,0
21076,1.191646176742021,0
21077,1.9139820650420283,0
21078,0.6174716039307293,0
21079,0.817366149147313,0
21080,0.9085859238852342,0
21081,1.8946683895118082,0
21082,1.478000354790026,0
21083,2.1383817351340584,0
21084,0.6676491942836776,0
21085,0.7508850320762197,0
21086,1.4889912543528576,0
21087,1.1485962461245465,0
21088,1.3100527391225014,0
21089,1.1039704785367945,0
21090,1.3595033833207466,0
21091,2.4164554192253673,1
21092,3.9992042057253014,1
21093,1.7261679389963476,0
21094,1.865176759062091,0
21095,2.5728433187636215,1
21096,0.39188763324850867,0
21097,1.0755063351104752,0
21098,1.651578017064228,0
21099,0.5221878074342722,0
21100,0.6683860366437097,0
21101,0.9316901929655298,0
21102,1.1734306879895935,0
21103,0.48071366162991414,0
21104,1.3775948686839272,0
21105,0.6740318687218773,0
21106,0.30367670952499204,0
21107,0.9265261973069725,0
21108,0.4109378078373426,0
21109,0.5224670611002835,0
21110,1.339720434856175,0
21111,0.5169052448207463,0
21112,1.217864643614313,0
21113,0.6278684112068933,0
21114,1.160747732945318,0
21115,3.331668896413858,1
21116,0.7920645618135314,0
21117,0.5042445541626781,0
21118,2.057492054790351,0
21119,1.5356860353913864,0
21120,1.2471669169732873,0
21121,0.373913414448939,0
21122,3.038781940312657,1
21123,0.5444840549379711,0
21124,0.3118228941902534,0
21125,1.7966323438377287,0
21126,0.6361100063843365,0
21127,1.6769832651642573,0
21128,0.6095491064643463,0
21129,1.1701412244989189,0
21130,0.46322999039976853,0
21131,0.5677562495214264,0
21132,1.0395985756265222,0
21133,1.3670010059676927,0
21134,1.947663395906666,0
21135,1.0212114408347819,0
21136,1.0433019266592132,0
21137,0.7825392179906135,0
21138,0.1873793163570116,0
21139,0.7218442524961561,0
21140,1.5327495084121483,0
21141,0.46835778724295735,0
21142,0.2621178630204827,0
21143,0.23466515211168168,0
21144,0.5025799884190928,0
21145,0.8253684132318344,0
21146,1.4571461017241676,0
21147,0.4204672554927898,0
21148,0.38869483708231495,0
21149,1.0511827169356236,0
21150,0.5313589149185128,0
21151,0.22482254769391802,0
21152,1.6947813815782182,0
21153,0.6055074607938135,0
21154,2.376340291827921,1
21155,1.6793681373073919,0
21156,1.1000389691554358,0
21157,1.436808112384186,0
21158,0.42081993876723667,0
21159,0.7489592786559245,0
21160,0.7205332856481512,0
21161,0.5342448032073812,0
21162,0.19581636060284116,0
21163,0.3437841916078007,0
21164,0.8544851428456681,0
21165,1.7745111581114146,0
21166,1.790836310699864,0
21167,0.3650723167740142,0
21168,1.6529804032018824,0
21169,1.0841590907088168,0
21170,0.8999704909847468,0
21171,1.2886112350967796,0
21172,1.9617099010833574,0
21173,1.8323907313972447,0
21174,0.4253722031349792,0
21175,0.9995318017342045,0
21176,0.354676555522111,0
21177,0.8711941806370384,0
21178,0.41839550346130594,0
21179,0.9628691195790487,0
21180,0.9829563936712526,0
21181,0.5148399760022798,0
21182,0.5306017916945768,0
21183,1.0809536045856853,0
21184,0.5226828867738085,0
21185,1.3203968176666443,0
21186,1.493438794081016,0
21187,1.126193286458181,0
21188,0.4024086093672096,0
21189,0.608822547637752,0
21190,0.899895698491952,0
21191,1.5475098492136288,0
21192,0.6709244888196209,0
21193,0.7616172225699458,0
21194,1.7023210191420262,0
21195,0.5673429268086909,0
21196,0.4271888945478416,0
21197,0.16963984050030678,0
21198,1.1786380183343987,0
21199,0.8720747730753026,0
21200,1.4742707815136735,0
21201,1.5241453886950227,0
21202,0.6871030120133974,0
21203,1.2412079897039892,0
21204,0.8138396194364141,0
21205,1.6656405085117156,0
21206,0.903326701231982,0
21207,2.2053864026378127,0
21208,3.143620028538956,1
21209,1.3275370434292821,0
21210,0.3516066983549224,0
21211,0.889891138530985,0
21212,1.1244592302647196,0
21213,0.6987771917822355,0
21214,0.5247487455636372,0
21215,1.3054576775753122,0
21216,0.3381292957799363,0
21217,1.0248756119759193,0
21218,0.9285690320612643,0
21219,0.2982755171367434,0
21220,1.0106989086240616,0
21221,0.7388634055632656,0
21222,0.3800917721299806,0
21223,2.211772815432689,0
21224,1.0437359911632176,0
21225,0.3736723363314375,0
21226,2.1358415950395284,0
21227,2.7848366192090497,1
21228,0.616600260159984,0
21229,0.9086805592797992,0
21230,0.2713019636004155,0
21231,0.5317168568454953,0
21232,1.237435113497655,0
21233,1.1063859503753686,0
21234,0.504288908903295,0
21235,2.1490152397965208,0
21236,0.5171881028850127,0
21237,0.45817927435234534,0
21238,0.47143865663380924,0
21239,4.21028622996967,1
21240,2.8513394349917394,1
21241,0.41730562449301434,0
21242,0.3545771765607753,0
21243,2.636040502357369,1
21244,2.3788265390024748,1
21245,0.7643335470902637,0
21246,0.4339899700498068,0
21247,1.6869219234218054,0
21248,0.9886438270893338,0
21249,1.5988100468089943,0
21250,3.9820335239578313,1
21251,0.8602083238132714,0
21252,0.8848905784136161,0
21253,0.5554090532888664,0
21254,0.4562677568122785,0
21255,1.2953474300704881,0
21256,1.139130627476655,0
21257,1.6261420056593234,0
21258,3.231199978644585,1
21259,0.7435969047488931,0
21260,0.27686669825253535,0
21261,0.8012077519652794,0
21262,0.9030218699101565,0
21263,0.46781493735735397,0
21264,0.3008064342234469,0
21265,0.7461657093585039,0
21266,1.4480667842133035,0
21267,0.5397325198162977,0
21268,1.2080765151499242,0
21269,0.4113127205774725,0
21270,0.6747109336374216,0
21271,1.5262189232101995,0
21272,0.18919487225680207,0
21273,0.516791374929381,0
21274,1.0202979212168377,0
21275,1.69418407272438,0
21276,0.4122462054749361,0
21277,0.8804099331921122,0
21278,0.3019488074109716,0
21279,1.6533048345451546,0
21280,0.7240899463129884,0
21281,0.5644356538100791,0
21282,1.9812874161269511,0
21283,1.6759794651097912,0
21284,1.1295318576562554,0
21285,0.40912069769967446,0
21286,0.34223721678299407,0
21287,2.4806246039710023,1
21288,0.896617589647882,0
21289,1.3135019118915057,0
21290,2.3772674862632535,1
21291,0.24654781443987858,0
21292,1.3042805196103031,0
21293,0.7983684450721145,0
21294,0.885262252766155,0
21295,0.627126249806645,0
21296,0.45227181230975055,0
21297,1.522538908088049,0
21298,1.4322771037091129,0
21299,1.8825905573684643,0
21300,0.6024079432125085,0
21301,1.4605853664444783,0
21302,0.25445494678037534,0
21303,1.4903052081092485,0
21304,0.41562224980876267,0
21305,0.6801858034540624,0
21306,0.24247397176484023,0
21307,0.33286958997527244,0
21308,1.846181805682584,0
21309,0.6419177204435194,0
21310,1.1696651717386575,0
21311,1.743369583635031,0
21312,0.9319731449922368,0
21313,0.19556653376845612,0
21314,1.663366346201622,0
21315,0.745988978997583,0
21316,0.5215299815449723,0
21317,1.6173787406171438,0
21318,3.534665153163367,1
21319,1.0396164293096632,0
21320,2.041816590200249,0
21321,1.68172579386314,0
21322,2.2388882576570546,0
21323,0.9030151080117228,0
21324,1.4259324802753919,0
21325,1.5856493123913276,0
21326,1.089330236058894,0
21327,1.2547930894845991,0
21328,0.3029117435386096,0
21329,0.8317147464917541,0
21330,1.1736782361719418,0
21331,1.2331051868059169,0
21332,1.1375381612455602,0
21333,1.7321930964462182,0
21334,1.771907932763836,0
21335,0.31178237381231655,0
21336,2.2425141393269152,0
21337,0.69726985241251,0
21338,0.5155975388734937,0
21339,0.3136417067128665,0
21340,1.409817802140641,0
21341,0.7986280347124677,0
21342,0.7658526518225658,0
21343,1.4949123593023255,0
21344,0.6040495698322468,0
21345,1.4053510856042015,0
21346,1.96053837044455,0
21347,1.0193479363195728,0
21348,2.043050682185402,0
21349,1.423752904789771,0
21350,1.034489151327797,0
21351,2.0625732033401247,0
21352,0.7820276685106802,0
21353,0.39534283785667335,0
21354,1.476970623856135,0
21355,0.43954766175209786,0
21356,0.41627543686848834,0
21357,0.31543072755406276,0
21358,1.0944161058116366,0
21359,1.0893386908328133,0
21360,1.4924008898097147,0
21361,1.1862683837498567,0
21362,2.4426155825061664,1
21363,1.1415070831972702,0
21364,0.6063451464582665,0
21365,0.39084361515876953,0
21366,0.64580430739994,0
21367,1.7592228931042224,0
21368,1.294404697047145,0
21369,0.2014833506368527,0
21370,0.9683703525520178,0
21371,1.9727642702901342,0
21372,1.29036700318014,0
21373,0.9195061220443901,0
21374,2.020856952759224,0
21375,2.768492742364171,1
21376,0.8347199012939276,0
21377,1.5665365981703712,0
21378,1.0275211002357105,0
21379,0.9696327475962508,0
21380,0.7161025158264925,0
21381,3.195661207364252,1
21382,1.2452490503668403,0
21383,0.8146341766698086,0
21384,1.2204624603804366,0
21385,2.1012877765610725,0
21386,1.7815254650370966,0
21387,1.024244220120635,0
21388,1.1096090636248528,0
21389,2.530291677145578,1
21390,2.448427029039366,1
21391,0.7792680603389912,0
21392,1.0395427783876,0
21393,0.5208647701750617,0
21394,0.44254845012555233,0
21395,1.3099692889784194,0
21396,1.3782460608771019,0
21397,0.882740049674166,0
21398,0.9470278221374429,0
21399,0.4348929458667241,0
21400,0.7902825977875692,0
21401,2.1154910142498773,0
21402,1.2423408307261057,0
21403,0.7413357411124535,0
21404,0.675854153522299,0
21405,0.20061423791021976,0
21406,0.27100337805008273,0
21407,0.876124394443907,0
21408,0.2859084876657965,0
21409,0.09955974283178706,0
21410,0.7467171332401042,0
21411,0.38236872860079274,0
21412,4.018580075149398,1
21413,0.3066702803645073,0
21414,0.34539287695973175,0
21415,0.6629304079061091,0
21416,0.8519247916736739,0
21417,0.7184622909716506,0
21418,0.31116307243000746,0
21419,0.29366836987781825,0
21420,0.4715638444060164,0
21421,0.5291611270890426,0
21422,1.2228267607170884,0
21423,0.952080616248853,0
21424,0.9814232089781327,0
21425,0.2695997750222051,0
21426,0.42621448886133856,0
21427,1.0213685107228494,0
21428,0.7417359269496183,0
21429,1.119297235143868,0
21430,0.2176306644019237,0
21431,1.1527167466269972,0
21432,1.2981191543570585,0
21433,1.0517784284963216,0
21434,0.35615942604591855,0
21435,0.9724701561414874,0
21436,0.20071608950595152,0
21437,1.2673755893838556,0
21438,0.4775386593179691,0
21439,1.2652952827637862,0
21440,0.8081377049081798,0
21441,0.7909640377167108,0
21442,0.33600364325719195,0
21443,0.9113559149486683,0
21444,0.36707418506404343,0
21445,1.1499537769054435,0
21446,0.7836148227685928,0
21447,2.06335015658421,0
21448,3.0465592650402273,1
21449,0.21991669049197576,0
21450,0.3867825053746873,0
21451,0.26812169089300575,0
21452,0.6923630692153374,0
21453,0.6049831326028132,0
21454,0.3548321682158095,0
21455,1.1451092962310718,0
21456,0.43287214523244977,0
21457,1.0179745470062023,0
21458,0.8230249280812995,0
21459,2.106250976894287,0
21460,1.735664455873755,0
21461,0.1895936012329606,0
21462,0.6246851886964573,0
21463,1.1577716844772035,0
21464,1.0925621052862131,0
21465,0.9144728318304877,0
21466,0.07492835919690415,0
21467,0.5195531881998795,0
21468,4.4438509963896,1
21469,0.3264443069652675,0
21470,1.288382913580016,0
21471,0.7651393137136608,0
21472,2.833348489692731,1
21473,0.5518795798870324,0
21474,0.60585232502993,0
21475,1.0378778318175095,0
21476,0.8787494373359879,0
21477,0.1210436891443614,0
21478,0.6866105236487794,0
21479,0.9379160042565935,0
21480,2.3635134470927652,1
21481,1.096826864758588,0
21482,1.2587361922923284,0
21483,0.17307703875989655,0
21484,0.426173916224164,0
21485,0.47873759590670667,0
21486,0.4714246803550591,0
21487,0.32931347038274883,0
21488,0.1812345453293948,0
21489,0.10971362927784163,0
21490,0.763821544353166,0
21491,2.6295142336706463,1
21492,1.1520152595619881,0
21493,1.0620061902768465,0
21494,0.23495204452360854,0
21495,0.8773635760124879,0
21496,2.1428854390608336,0
21497,0.9723705310014112,0
21498,0.21245397529166507,0
21499,0.9693135646932743,0
21500,1.1991824480583713,0
21501,0.2676206135620033,0
21502,0.5503576170630575,0
21503,0.18144036148073356,0
21504,0.4220629822538694,0
21505,1.4888692417784868,0
21506,1.5649572472526168,0
21507,1.294098174130386,0
21508,0.2052909619518652,0
21509,2.3241359748977906,1
21510,0.9839694372317431,0
21511,1.150692814518264,0
21512,1.6915614795491283,0
21513,0.3843254165630511,0
21514,0.46503784066563,0
21515,1.0678744246467284,0
21516,0.447874351112175,0
21517,1.2929931455277328,0
21518,0.45843881879671866,0
21519,0.35873478259485575,0
21520,0.33670526599042516,0
21521,0.14196688940835248,0
21522,0.29434029286068686,0
21523,1.34152250462518,0
21524,1.2620720783582373,0
21525,0.1666357083758042,0
21526,0.28873315453135484,0
21527,1.4760369841146885,0
21528,0.3352645833985444,0
21529,1.114925504044255,0
21530,0.7564711883267827,0
21531,0.15426290839537912,0
21532,1.0922775926290675,0
21533,1.0248516610063172,0
21534,1.4578857712676807,0
21535,1.0965061750303522,0
21536,1.2950229298692881,0
21537,0.2860810153688948,0
21538,0.29271321614101586,0
21539,0.9177709248464148,0
21540,0.3472116075997338,0
21541,0.3671095955071073,0
21542,0.13127522212579612,0
21543,1.46416533016957,0
21544,0.765230540150116,0
21545,1.7461698106331611,0
21546,0.10819089805826124,0
21547,1.245023978389089,0
21548,0.272299308163093,0
21549,0.572453728641868,0
21550,1.0634371596509715,0
21551,0.24873651022406912,0
21552,0.2792000123294033,0
21553,0.14496615656877163,0
21554,0.20200725607372422,0
21555,0.5559929052622251,0
21556,0.7305145794490004,0
21557,0.2838748871587554,0
21558,1.3395131619713674,0
21559,1.4554638505138473,0
21560,0.8101231184146263,0
21561,0.33244639172007695,0
21562,0.16555196347543158,0
21563,0.9999317996670166,0
21564,0.6991038584319389,0
21565,0.13672427664368914,0
21566,0.2400834248924995,0
21567,0.17844244938022852,0
21568,0.5091240768925447,0
21569,0.5078097961848982,0
21570,1.2241014043357927,0
21571,2.0100292335926433,0
21572,0.467795607311661,0
21573,0.5236086582656103,0
21574,0.5276978106238778,0
21575,0.15123163908154091,0
21576,0.540459376379873,0
21577,0.43911567719916056,0
21578,0.4897841883822947,0
21579,0.2665092517058912,0
21580,1.2204074506289957,0
21581,0.4414761201327063,0
21582,1.4359717309595779,0
21583,0.6987364704729428,0
21584,0.43677968090768404,0
21585,0.6994455828094528,0
21586,0.17582209325618708,0
21587,0.1788279381245445,0
21588,0.4121284957106589,0
21589,0.8294491297118958,0
21590,0.9128636705711115,0
21591,0.8571243018425913,0
21592,1.6588597208417126,0
21593,1.6645718496618478,0
21594,0.21065650400061126,0
21595,0.10938581630991369,0
21596,0.5613571839442989,0
21597,1.4780716623146892,0
21598,0.19278557386550924,0
21599,0.66061107973233,0
21600,0.3693777314871811,0
21601,1.0061425476064336,0
21602,0.2576458549494094,0
21603,1.808421395925658,0
21604,0.38616379174185783,0
21605,0.10710546339835277,0
21606,0.34541953306304957,0
21607,1.082144880314792,0
21608,0.7317975161110559,0
21609,0.13028236631560766,0
21610,0.3862332681551134,0
21611,0.4105215337860567,0
21612,0.5607445999090107,0
21613,0.7703085375402912,0
21614,0.24226376619962378,0
21615,0.24041016657904782,0
21616,1.015595161595275,0
21617,0.27196163421866176,0
21618,0.25327436395135183,0
21619,0.48075811704461424,0
21620,0.7168792749389734,0
21621,0.3514329304901582,0
21622,0.5280676560608505,0
21623,0.1723467408682921,0
21624,1.2122176062349206,0
21625,0.40577015650042353,0
21626,0.30093995365985304,0
21627,0.20473873297991635,0
21628,0.3389534208167182,0
21629,2.476160671706091,1
21630,2.9055178003354425,1
21631,0.6781742230867254,0
21632,1.1358117566013397,0
21633,0.5080623286794088,0
21634,0.9282043253006055,0
21635,0.3721293306782293,0
21636,0.5561759533254718,0
21637,1.0545420176986027,0
21638,0.6763858334139019,0
21639,0.9445047908657294,0
21640,0.9194514986754573,0
21641,0.6216624473941567,0
21642,0.4434467932810491,0
21643,0.17349879032538706,0
21644,0.8284492950983207,0
21645,0.2832468248662783,0
21646,0.28509510486491,0
21647,0.6006515604212629,0
21648,0.40091508787654223,0
21649,0.4106214820859824,0
21650,0.6639239367376207,0
21651,0.2836870331283391,0
21652,0.84186325537244,0
21653,3.832427771988847,1
21654,1.328180620974385,0
21655,0.18259597777440956,0
21656,0.772556722636141,0
21657,0.29131495592289613,0
21658,0.48577868129854435,0
21659,1.317406323387305,0
21660,0.20739945398686072,0
21661,0.5332711719191138,0
21662,0.21100717809589797,0
21663,0.15304991248782113,0
21664,0.26933406992350367,0
21665,0.4309638114531803,0
21666,0.35457228800974816,0
21667,0.617456622480368,0
21668,0.31783652859176953,0
21669,3.613579570886917,1
21670,0.8742456684343196,0
21671,2.127255576039399,0
21672,0.4687558852858045,0
21673,0.16349367384926883,0
21674,0.8615448259756808,0
21675,1.170821500549548,0
21676,0.47364780564560915,0
21677,0.10721152847882225,0
21678,1.6489317825954486,0
21679,0.3743084036873971,0
21680,0.15150594547548532,0
21681,0.06401668819834347,0
21682,0.3862417731243798,0
21683,0.06751887858081834,0
21684,0.1631465366924007,0
21685,1.406871765930326,0
21686,0.36921891183946637,0
21687,0.5008598421550735,0
21688,0.10412549717067043,0
21689,0.23093826718161564,0
21690,0.26209806528081986,0
21691,1.6612790917659226,0
21692,0.9303808861808326,0
21693,0.10646218272946606,0
21694,0.29283351377832423,0
21695,0.2195141357965215,0
21696,0.5451250169789207,0
21697,0.12680470196707758,0
21698,0.9693233555721508,0
21699,0.15824592453755593,0
21700,6.457232494221833,1
21701,0.49306013473652044,0
21702,0.4397706459249996,0
21703,0.1728519863177858,0
21704,3.271336659364877,1
21705,1.4908637245785603,0
21706,1.574400522830087,0
21707,0.7789551295157258,0
21708,1.8830518747851834,0
21709,0.7534862841941963,0
21710,0.9895136024393768,0
21711,0.8660360483330581,0
21712,0.37108571571936305,0
21713,1.8618767248170731,0
21714,0.8348404814904734,0
21715,0.30369220397882984,0
21716,0.6558852851042019,0
21717,0.8988183437334264,0
21718,0.8676282504722808,0
21719,0.1919056448689577,0
21720,0.16413979636557754,0
21721,0.2815790660864521,0
21722,0.11880327542670685,0
21723,1.1182059006448655,0
21724,0.8158992080701524,0
21725,0.28335863640029024,0
21726,0.5359904457283924,0
21727,0.5784210459074937,0
21728,0.8424834934470002,0
21729,2.40674507834873,1
21730,0.9580967746139635,0
21731,0.9704079018569407,0
21732,0.8111171838940645,0
21733,0.7125729927797302,0
21734,0.8536582598754855,0
21735,0.08992209675401072,0
21736,0.9808708692652772,0
21737,0.46545392387061757,0
21738,1.1695190068688817,0
21739,0.47607581745655914,0
21740,0.8530631196840126,0
21741,1.5688770085901338,0
21742,0.8323906350631864,0
21743,0.59212904597353,0
21744,0.1447470059347533,0
21745,0.2754508039635083,0
21746,1.0266091028065578,0
21747,2.3802324157839605,1
21748,0.18272288269737347,0
21749,0.1552300120406256,0
21750,0.7154555886534103,0
21751,1.3584835740445913,0
21752,0.27847943694279825,0
21753,0.25425857489603265,0
21754,0.6602642726590571,0
21755,0.9207086750857174,0
21756,0.7647180442021336,0
21757,0.3670894973756647,0
21758,0.36402289776579505,0
21759,0.9785114838442779,0
21760,0.6364450276117563,0
21761,0.2888208209368539,0
21762,1.045373611555135,0
21763,1.4131873649964906,0
21764,0.8073408673753135,0
21765,0.28598062190126206,0
21766,2.1839747645570258,0
21767,0.8181628784688879,0
21768,0.15607552013605056,0
21769,1.2735544831836312,0
21770,0.533283688081546,0
21771,1.149635301136127,0
21772,0.26008396987978255,0
21773,0.4970241762509076,0
21774,1.2468853185737916,0
21775,1.0500355239536137,0
21776,1.4555835195989897,0
21777,0.9312949362604946,0
21778,0.7288547878634251,0
21779,0.41931644203902846,0
21780,0.2630934312772137,0
21781,1.4198687258517786,0
21782,0.3525644635231016,0
21783,2.87900578199597,1
21784,0.9240873343215092,0
21785,0.09034315211112251,0
21786,1.001462892026978,0
21787,1.9669736281598422,0
21788,0.5401715913862868,0
21789,1.059588897865286,0
21790,0.46718135700287056,0
21791,2.097164592611233,0
21792,0.7931024465030856,0
21793,0.5085319086706795,0
21794,0.3007377449835216,0
21795,0.20021748318366792,0
21796,0.417677772324536,0
21797,0.3852552280084166,0
21798,0.15207833641866636,0
21799,1.4176893341451529,0
21800,0.7171769635186495,0
21801,0.7150830597154324,0
21802,1.2480204844722145,0
21803,0.9106247052686862,0
21804,0.4150722433720199,0
21805,1.2205355318223208,0
21806,0.3993633409189642,0
21807,0.4815567377826603,0
21808,0.18232078523123327,0
21809,1.5697488917602498,0
21810,1.0498489674393006,0
21811,1.0888249738450893,0
21812,0.22640944598838506,0
21813,0.27497199406112455,0
21814,0.4558668007559913,0
21815,0.4410212547859881,0
21816,0.4812718649301185,0
21817,0.3202449884047176,0
21818,1.1276422050752135,0
21819,2.000061473168762,0
21820,0.24589236956656402,0
21821,0.5201015718244337,0
21822,2.0966488696574275,0
21823,0.516787797096274,0
21824,1.1085016128130645,0
21825,1.5966364520465965,0
21826,0.4414894988867192,0
21827,0.9643336209288396,0
21828,1.1802006505587614,0
21829,0.7265847456918252,0
21830,0.11489026302173846,0
21831,0.8445676512762376,0
21832,0.18501073860264997,0
21833,1.1161616277405166,0
21834,0.4133918006387697,0
21835,0.26838985891551675,0
21836,0.28160124446360274,0
21837,0.6990161155334478,0
21838,0.32628901233653523,0
21839,0.8526057715287247,0
21840,0.7071989954623634,0
21841,1.0492778513706995,0
21842,2.245379335234423,0
21843,0.3164706381972203,0
21844,1.786648974610674,0
21845,0.32361726255284456,0
21846,0.4561677024230316,0
21847,0.811900618961525,0
21848,0.3131463358470946,0
21849,1.1878726707502127,0
21850,1.5289713768778426,0
21851,0.5362308976406622,0
21852,0.7760096842441437,0
21853,1.7938696437014112,0
21854,0.6334353286084082,0
21855,0.5127218316735613,0
21856,0.38335939974487543,0
21857,1.194683006467199,0
21858,0.5583383737419361,0
21859,0.39068049243813874,0
21860,0.5420976576412488,0
21861,1.0647110927497567,0
21862,0.5517143576827989,0
21863,1.1649774682933465,0
21864,0.5526847734625795,0
21865,1.2138675530178886,0
21866,0.5380992680538536,0
21867,0.4818090729081046,0
21868,1.7084233391620676,0
21869,0.45282788905164545,0
21870,0.9103575333776159,0
21871,0.674167705063989,0
21872,2.050243995185842,0
21873,0.12114697545263946,0
21874,0.18651616810685562,0
21875,0.5986160080181556,0
21876,1.5348235252773974,0
21877,0.265786135359564,0
21878,0.6022770399492845,0
21879,1.099093509970685,0
21880,1.0325486369729076,0
21881,0.15979291386267414,0
21882,1.6214400313838582,0
21883,0.616912041349108,0
21884,0.5459012268438583,0
21885,0.7214829958739634,0
21886,0.5233694825506741,0
21887,0.37703527899931844,0
21888,0.4414891420298409,0
21889,0.29326392681519825,0
21890,0.9787891257585043,0
21891,0.2597792739815885,0
21892,0.3340361408191472,0
21893,0.8278677565840246,0
21894,0.3601756636623749,0
21895,2.5357360820593517,1
21896,0.567682353706242,0
21897,0.43030100814267014,0
21898,0.7437519664795303,0
21899,0.4238580109867227,0
21900,0.5739375212401376,0
21901,0.4227682252806676,0
21902,0.9175072018405036,0
21903,1.283661346395331,0
21904,0.4241554219800153,0
21905,0.37266773294856603,0
21906,0.7556451462828251,0
21907,0.4193914342102789,0
21908,0.5054962550235336,0
21909,0.4191648893826276,0
21910,0.5150410578122753,0
21911,1.0690349001295398,0
21912,0.6593503993652684,0
21913,0.2089349050556395,0
21914,0.34352142632200533,0
21915,1.0837532913316195,0
21916,1.6062744474935442,0
21917,1.4302320113428386,0
21918,0.26748276023609197,0
21919,0.20769833782388353,0
21920,0.88163857817985,0
21921,0.4917624842502889,0
21922,1.031045654514811,0
21923,0.17154922756160484,0
21924,0.3493175470335314,0
21925,0.1739169861024812,0
21926,0.18006060608198796,0
21927,0.4163313538084064,0
21928,1.3119493502976765,0
21929,1.0072483014647955,0
21930,0.9083515455909936,0
21931,0.3952617191882533,0
21932,0.0904148085918377,0
21933,0.5829491063752485,0
21934,0.11596142936571974,0
21935,0.3729289309932513,0
21936,0.6539178935224587,0
21937,0.6797452893870884,0
21938,0.6218686830163552,0
21939,0.7236153657739628,0
21940,0.7619839598881564,0
21941,1.1767075000837297,0
21942,0.28544541496151005,0
21943,1.6097122680909421,0
21944,0.4312230539503498,0
21945,1.577147900539251,0
21946,0.7514926853862967,0
21947,1.3005002997367618,0
21948,0.23034459181513048,0
21949,0.24925535956295036,0
21950,1.2308096828340513,0
21951,0.9459473394653155,0
21952,1.6456157424271685,0
21953,0.4334534901791615,0
21954,0.8702685225445723,0
21955,0.31528410281036656,0
21956,0.26489136258474855,0
21957,0.1193685262436244,0
21958,0.13309788695906516,0
21959,1.47956094193341,0
21960,1.6608126321266306,0
21961,1.1599276852482099,0
21962,2.3479502332770568,1
21963,1.2972662123810579,0
21964,1.4958601195104,0
21965,0.8528936469010482,0
21966,2.409672009579883,1
21967,0.5583160443329445,0
21968,0.19212539767623696,0
21969,0.6309216597126265,0
21970,1.1696321706895594,0
21971,0.9424433457716666,0
21972,0.4789645716657242,0
21973,0.10482186581174804,0
21974,0.40549079972673685,0
21975,0.8056339748137124,0
21976,0.6738763436856471,0
21977,1.9663128345505902,0
21978,0.7129452171132031,0
21979,0.1332539282657426,0
21980,1.4955383497971766,0
21981,1.271222921357333,0
21982,0.5640643683540372,0
21983,1.0018394356592133,0
21984,1.6669782702024545,0
21985,2.971926068029841,1
21986,3.2818791225269672,1
21987,0.5811818913659657,0
21988,0.548287433581699,0
21989,0.6118947867146133,0
21990,0.17672348419309952,0
21991,0.9243019137574209,0
21992,1.592625088256962,0
21993,0.6982033909556867,0
21994,0.27457679560081,0
21995,0.6055761862840232,0
21996,0.11668175505228337,0
21997,0.45594676935909917,0
21998,0.32344376699589256,0
21999,0.22620948331151375,0
22000,1.9986325470781559,0
22001,0.5786040506290209,0
22002,1.1215539929209082,0
22003,0.9807529782490898,0
22004,1.0243197535844286,0
22005,0.16436567537806895,0
22006,0.5320002184878538,0
22007,1.3492604153679215,0
22008,0.5263105682607785,0
22009,0.9809886847469389,0
22010,0.8277461997229991,0
22011,0.4528161179674802,0
22012,0.3364144101451024,0
22013,1.681353445639067,0
22014,0.785981994341164,0
22015,0.5554143046248582,0
22016,0.4412119809975227,0
22017,0.18436924336872873,0
22018,0.3504813430406187,0
22019,0.5469942659902236,0
22020,0.3324359699868523,0
22021,0.10679222274634703,0
22022,0.5351721272151421,0
22023,0.4249199848016917,0
22024,1.1495501647780177,0
22025,0.5647177837784869,0
22026,0.5471088350059438,0
22027,2.5950510001892706,1
22028,1.97117020184909,0
22029,2.1539949146509563,0
22030,0.46991271181799854,0
22031,0.9797130739825992,0
22032,0.5932646488280088,0
22033,0.6416155335803726,0
22034,0.5569115096272677,0
22035,1.3395985391694096,0
22036,1.1867741553391995,0
22037,0.21114446502773032,0
22038,1.789758568223577,0
22039,1.8178956600345089,0
22040,0.5911778303319742,0
22041,0.45498417459269913,0
22042,0.5698814226453728,0
22043,0.38439546479987985,0
22044,1.2664170685271228,0
22045,0.530914525243235,0
22046,0.3649101954818559,0
22047,0.5208536682817445,0
22048,0.37567941586115594,0
22049,2.1704894100149947,0
22050,0.18028073195973482,0
22051,0.6124014898369128,0
22052,0.5599333344142454,0
22053,1.3208671942000834,0
22054,1.2810485461266978,0
22055,1.0405868522838717,0
22056,0.31737572359156097,0
22057,0.36568723411822135,0
22058,0.1763898870241994,0
22059,0.210314543964183,0
22060,0.5781839700773483,0
22061,0.33639034624291164,0
22062,1.771666501016424,0
22063,1.6621530174014585,0
22064,0.4703623622057241,0
22065,0.45284712943333394,0
22066,0.524274272122353,0
22067,0.12744896842316944,0
22068,1.4837082857634118,0
22069,0.8260775476924958,0
22070,0.7366255919450122,0
22071,0.48758487981333937,0
22072,0.4979674690440531,0
22073,1.722629502682537,0
22074,0.5651591310977166,0
22075,0.5617934021897995,0
22076,0.22471266782420293,0
22077,1.0590043962382827,0
22078,0.8446440721876559,0
22079,0.6998734071483661,0
22080,0.5546118080658596,0
22081,0.6977284242669182,0
22082,0.39477975290487366,0
22083,0.8036911402411597,0
22084,1.0103502926227186,0
22085,0.8045846980098735,0
22086,0.31071840763704967,0
22087,3.708387712652116,1
22088,0.2898538436084552,0
22089,2.126532646147438,0
22090,1.6088030380115133,0
22091,0.4027834931248818,0
22092,0.4597403156102038,0
22093,0.1786389663350039,0
22094,0.8977709959482674,0
22095,0.3682711591994417,0
22096,0.48191279103379514,0
22097,0.6807501619414849,0
22098,0.9465520159473515,0
22099,0.44354348106764424,0
22100,0.11353915222478998,0
22101,0.38380254583822604,0
22102,0.2978529037733111,0
22103,0.4881730023083509,0
22104,1.245835165944704,0
22105,0.3152141421960454,0
22106,0.38827535774179794,0
22107,1.863496171925614,0
22108,3.6108968051060577,1
22109,0.5588322522613679,0
22110,0.5271581304064004,0
22111,0.640989983608043,0
22112,0.1526061472442573,0
22113,1.7470246848602016,0
22114,2.63804406864822,1
22115,0.6194175583876064,0
22116,1.1137645544446362,0
22117,0.4727874176579664,0
22118,1.823792070026871,0
22119,1.5428384168369642,0
22120,1.2406120385654298,0
22121,0.146285507774718,0
22122,0.1307905334530722,0
22123,0.9961328484552958,0
22124,0.6664010808698204,0
22125,1.668454787298883,0
22126,0.5620990241877888,0
22127,0.6097159743933048,0
22128,0.560746535466883,0
22129,0.5398359126824556,0
22130,0.41837335200237435,0
22131,1.6652659378841137,0
22132,0.3872805264432614,0
22133,1.0978678152964372,0
22134,0.2967597901072015,0
22135,0.16315780510569394,0
22136,0.41595909772194045,0
22137,0.4700595838679379,0
22138,0.5244504046069884,0
22139,0.8693931956987504,0
22140,0.22607427893757315,0
22141,0.28057753733962115,0
22142,1.2934770142546386,0
22143,0.6102135839120729,0
22144,1.216997119652691,0
22145,0.19458404241314659,0
22146,0.8366448322004996,0
22147,1.4058917355676235,0
22148,0.30015786470193834,0
22149,1.032631661044115,0
22150,0.7593452803012296,0
22151,0.205901852771448,0
22152,1.076784398520711,0
22153,0.2819139461998539,0
22154,1.392681500197382,0
22155,1.1303365619953882,0
22156,0.44505024559716855,0
22157,2.043591886286255,0
22158,0.8848349099057427,0
22159,0.09079652068285796,0
22160,0.9946646882260504,0
22161,0.8936820772211951,0
22162,0.12448833914304887,0
22163,0.45061246070790306,0
22164,1.8912804605487417,0
22165,0.15597423932339616,0
22166,0.6457791500715299,0
22167,0.23220915023949562,0
22168,0.6385609251508413,0
22169,0.9504983076925877,0
22170,0.31009185505687986,0
22171,1.928171418415524,0
22172,0.3648124345880485,0
22173,1.0934215840658443,0
22174,0.3641506761398402,0
22175,1.5402405546211222,0
22176,0.5638504476846857,0
22177,0.6522165828748656,0
22178,0.469702008802441,0
22179,1.545855425905363,0
22180,1.3095482817328918,0
22181,0.4215146086015288,0
22182,0.3441346723898419,0
22183,0.5941611083769069,0
22184,0.3699997997690847,0
22185,1.9300582763408431,0
22186,0.09200380202669028,0
22187,0.8620839137937726,0
22188,0.772738078649059,0
22189,0.8363457009670567,0
22190,1.9335449426947506,0
22191,0.6008636025734884,0
22192,0.9527280752146658,0
22193,0.3582068769500847,0
22194,0.4328500930276781,0
22195,0.2152943326144034,0
22196,0.8255211118124294,0
22197,0.3081936524512562,0
22198,0.9010406079220395,0
22199,2.302120874105303,0
22200,0.32058830341447175,0
22201,0.22166589327557876,0
22202,1.224836710225557,0
22203,0.18022310541828065,0
22204,2.391771261844304,1
22205,0.6061951217573809,0
22206,0.11000474482523162,0
22207,0.8947070285811429,0
22208,0.39657842698403434,0
22209,1.2168199284929444,0
22210,0.8333015222582493,0
22211,0.6624649536679558,0
22212,1.0932363657257205,0
22213,0.978504669011879,0
22214,0.5456639591479542,0
22215,0.508193007092833,0
22216,0.1529574927597846,0
22217,1.3577726659554983,0
22218,0.41339615735169577,0
22219,0.8772439292523894,0
22220,0.5136233740831893,0
22221,0.3352681930364982,0
22222,2.390054790703651,1
22223,0.5839705752706744,0
22224,0.52511809545799,0
22225,0.20567917877621653,0
22226,0.16043378755532256,0
22227,0.5755280345294775,0
22228,1.149630526529854,0
22229,0.1528373387092372,0
22230,1.9713415371510359,0
22231,1.5148452013548108,0
22232,0.6407893616034794,0
22233,1.3233218151320727,0
22234,1.1538189291852872,0
22235,1.227875073614896,0
22236,0.24340565881205922,0
22237,0.7715697785335767,0
22238,0.3044894974283714,0
22239,0.6949320496270003,0
22240,0.5004560322972724,0
22241,0.7721828918284896,0
22242,1.4932370978866374,0
22243,1.515455800210393,0
22244,0.7061744232417216,0
22245,1.0062777492618584,0
22246,1.2982661292090212,0
22247,1.254878486185988,0
22248,0.3051721705168512,0
22249,0.27432307530629596,0
22250,0.2752641141494265,0
22251,1.325431033930677,0
22252,1.1060306945022906,0
22253,0.1010343712971686,0
22254,2.251992304747749,0
22255,0.6040581724693771,0
22256,1.2462854457689532,0
22257,1.2419851002348299,0
22258,0.1020061962399671,0
22259,1.2483498107975886,0
22260,0.1837299366157988,0
22261,0.14618560697520638,0
22262,1.907095401426978,0
22263,0.2396845562589053,0
22264,0.34183921391104233,0
22265,1.252585727225183,0
22266,1.060910716804758,0
22267,1.3422480940194734,0
22268,0.2715670398117263,0
22269,0.8384227057092929,0
22270,0.723424636402462,0
22271,0.4834841290305697,0
22272,0.33903270646412625,0
22273,0.3601708502967211,0
22274,3.034358703175743,1
22275,0.45318400192315894,0
22276,0.5979473443810035,0
22277,0.3027286974159256,0
22278,0.6401031623270916,0
22279,0.18834557559142068,0
22280,0.5958520453047793,0
22281,0.6732848182616953,0
22282,0.36398300232608805,0
22283,0.48213094521166144,0
22284,0.1554764547871284,0
22285,0.605225855737909,0
22286,1.8486713101092664,0
22287,1.9084678040102219,0
22288,1.0295677207987002,0
22289,0.6237304309424061,0
22290,1.4114085343160556,0
22291,0.4409778453771164,0
22292,0.27256691954773127,0
22293,0.24828682221419518,0
22294,3.23125689880462,1
22295,0.423686222124832,0
22296,0.3356980087879268,0
22297,1.2455470402338793,0
22298,1.284539167717969,0
22299,1.3645042775528016,0
22300,0.42657126991975086,0
22301,0.5667045415771361,0
22302,1.6454988709964369,0
22303,1.5748875299636864,0
22304,0.7096678012926529,0
22305,0.4788413775635759,0
22306,1.393679227669753,0
22307,0.3604804991423819,0
22308,0.08551292197738401,0
22309,0.3952549998314718,0
22310,0.386954010809597,0
22311,0.46798940778401554,0
22312,1.6019741467455504,0
22313,0.9163442733275875,0
22314,0.7179601209943473,0
22315,1.2272710213280666,0
22316,0.806785938989137,0
22317,1.0256631309496118,0
22318,0.11521391129743527,0
22319,0.5470585421433951,0
22320,0.4731064011463958,0
22321,1.1028206855380176,0
22322,0.7160032006336096,0
22323,0.6117623643293528,0
22324,0.19390150235847542,0
22325,0.1697343104488505,0
22326,1.433922608894857,0
22327,0.19758758462508358,0
22328,0.2651665771133446,0
22329,0.26571289682681193,0
22330,1.1329744960391073,0
22331,0.4361786060926821,0
22332,0.684794455194831,0
22333,0.5143839256635209,0
22334,0.7630029337346553,0
22335,0.6016410500174493,0
22336,0.20959608799088283,0
22337,0.7110905623492361,0
22338,0.5277078990518892,0
22339,0.3988512503883168,0
22340,0.5029853508896829,0
22341,1.3692724610238831,0
22342,1.3282866361747634,0
22343,0.5307589324714568,0
22344,1.3106432377203423,0
22345,0.8568718321270211,0
22346,1.5406936132686617,0
22347,0.5343544266899686,0
22348,0.4620132406174401,0
22349,2.176975256977946,0
22350,0.8903929431936387,0
22351,0.4588774742522329,0
22352,1.889357231097252,0
22353,0.22053941397600632,0
22354,1.0189838046801953,0
22355,0.638900674819679,0
22356,0.3318285165936923,0
22357,0.7000262269116101,0
22358,0.222448189831911,0
22359,1.1218912044139233,0
22360,1.462084093463976,0
22361,0.926647252114441,0
22362,0.22614352901735554,0
22363,0.6665345954462302,0
22364,0.3238058205679689,0
22365,0.7276617921957425,0
22366,0.6522059608793673,0
22367,1.0076064399205802,0
22368,0.5742675656755145,0
22369,0.648057982806454,0
22370,0.4480897407474435,0
22371,0.20278654175742633,0
22372,0.738886743592329,0
22373,4.2137312788260815,1
22374,0.9873753119272337,0
22375,0.8232259543004423,0
22376,0.26113883669420507,0
22377,0.35325917557585534,0
22378,0.46881879217424977,0
22379,0.1286188315201489,0
22380,0.856341031198394,0
22381,0.4286536211608517,0
22382,0.2725657952373066,0
22383,1.1311882192470535,0
22384,0.8503933012856191,0
22385,0.564570313538599,0
22386,0.6358187379542258,0
22387,3.0833550894497916,1
22388,1.6130354734140506,0
22389,2.323006076511361,1
22390,1.2155034404649112,0
22391,1.7527847329397002,0
22392,2.0625205034352545,0
22393,0.27912761862095425,0
22394,0.615169298928903,0
22395,0.45586753976532146,0
22396,2.1915267852023446,0
22397,0.4683829508892896,0
22398,1.0188698582011013,0
22399,0.5070491494812557,0
22400,1.4332427439043143,0
22401,0.9314066979655466,0
22402,0.20187395855913692,0
22403,0.3332366161987691,0
22404,0.41509628465636583,0
22405,0.7064390261116376,0
22406,0.3848869826195777,0
22407,1.017072678804388,0
22408,0.8344474187521612,0
22409,0.15188087482521584,0
22410,0.9042853000186415,0
22411,0.16994699156228718,0
22412,0.19508350783714312,0
22413,0.46889873413096694,0
22414,0.6231731940524922,0
22415,0.8432251661755442,0
22416,1.6079295482545668,0
22417,0.3299803616713056,0
22418,1.3725127249855482,0
22419,0.25536164388862537,0
22420,0.2495424464854988,0
22421,0.29917999147599983,0
22422,0.30206392299396256,0
22423,0.7732376276523046,0
22424,0.1365608060415106,0
22425,0.5359737386094718,0
22426,1.927907585921541,0
22427,0.90178284559044,0
22428,0.2437487841566262,0
22429,1.1235053650264664,0
22430,0.5912195426943743,0
22431,2.1849409302554017,0
22432,0.29484684173926695,0
22433,1.8181240377761405,0
22434,0.2867749957072595,0
22435,1.6134882144814455,0
22436,0.920220529286453,0
22437,0.9833020650051288,0
22438,1.2616947531882183,0
22439,0.4517010502855398,0
22440,0.31782714457278044,0
22441,0.5921935636085452,0
22442,2.3166875404882354,0
22443,0.7089748015775506,0
22444,0.13511147364214166,0
22445,1.272166957286141,0
22446,0.19231776045397783,0
22447,0.9224960853997463,0
22448,0.9012206596560501,0
22449,1.1435454533366307,0
22450,0.3080511762075465,0
22451,2.0125148833317765,0
22452,0.4729061317955298,0
22453,1.7063234777756626,0
22454,0.8579060360486779,0
22455,0.7819299794408161,0
22456,1.3414770534515312,0
22457,0.24197935764217765,0
22458,0.3031787475478728,0
22459,0.5003245801802135,0
22460,1.6690026227648063,0
22461,4.014613764570643,1
22462,1.566564044913538,0
22463,0.5613074431234145,0
22464,0.44080998616580863,0
22465,3.0766015552520587,1
22466,0.5834266915197908,0
22467,0.6923994696322302,0
22468,0.18573128867202496,0
22469,0.5141143596858336,0
22470,0.21374546060651706,0
22471,0.2935869024770249,0
22472,1.4251453812472352,0
22473,0.26558663139445315,0
22474,1.8280644202566187,0
22475,0.2251973853330722,0
22476,1.0829980295935864,0
22477,1.5021176203063653,0
22478,1.3138433812632662,0
22479,1.879505671914325,0
22480,2.080354554223365,0
22481,0.6956455628476567,0
22482,0.6132402583560449,0
22483,0.9632169683790573,0
22484,0.373200945804236,0
22485,0.14696300304717297,0
22486,2.2799097461324864,0
22487,0.7734648960142569,0
22488,0.9770839636917856,0
22489,0.587422183561267,0
22490,0.20411901950786926,0
22491,0.21247828223135193,0
22492,0.29375651149957155,0
22493,0.33035184709450915,0
22494,0.7771663222713502,0
22495,1.8344258455778424,0
22496,0.2742858371772448,0
22497,0.968342106687776,0
22498,0.3811757995785932,0
22499,2.3031956389336203,0
22500,0.35831504609801434,0
22501,0.36368308851364545,0
22502,1.2509564342138042,0
22503,0.5254249804186724,0
22504,1.395696594511989,0
22505,0.16735287575872754,0
22506,0.31738484296320313,0
22507,1.0133724499074748,0
22508,0.4955051948930456,0
22509,1.0954846847566553,0
22510,0.1660706681216233,0
22511,1.1250058815990136,0
22512,0.5358368667689939,0
22513,1.0745009698206398,0
22514,0.22835480637044508,0
22515,0.17145092717823457,0
22516,0.7195518726301166,0
22517,1.320485045939752,0
22518,1.8913758544064692,0
22519,0.7947389643285034,0
22520,1.746580850480558,0
22521,1.0444550478014012,0
22522,0.286406730528537,0
22523,0.7096751922521682,0
22524,1.8007580772933238,0
22525,0.6982116802812406,0
22526,0.547048905701858,0
22527,0.9893574550328588,0
22528,0.589048699906134,0
22529,1.4124431349922877,0
22530,1.4252885446110202,0
22531,0.22810653197483594,0
22532,2.5837097780057237,1
22533,0.345422473557605,0
22534,0.800964707066416,0
22535,0.1946663464781057,0
22536,0.819228526454982,0
22537,0.26866547416194436,0
22538,1.4102224266046641,0
22539,0.9831726326585024,0
22540,1.2194049449651432,0
22541,0.33106006910604735,0
22542,1.0145730248874376,0
22543,0.5656271405694329,0
22544,0.2496317424110933,0
22545,0.4573409379438774,0
22546,0.7341846642311745,0
22547,0.34497230599026263,0
22548,1.5702231901228205,0
22549,1.2273709068906484,0
22550,0.8237870509356038,0
22551,0.2546689196786558,0
22552,0.35025988040464995,0
22553,0.12792538928934588,0
22554,0.7792206551637604,0
22555,1.109936633969005,0
22556,0.7517930244399553,0
22557,0.8374179905765045,0
22558,0.47127441075115273,0
22559,1.1631344564528416,0
22560,0.675766129926881,0
22561,0.5339333511089221,0
22562,1.5412347705060594,0
22563,1.5551495611330282,0
22564,1.741399904338858,0
22565,0.6718322277774037,0
22566,0.38891932131972434,0
22567,0.14811743024095655,0
22568,1.1486005616624848,0
22569,0.459155972503448,0
22570,0.6385615375622532,0
22571,2.180907331560567,0
22572,0.6281885759721233,0
22573,0.423511533963285,0
22574,1.767571749898544,0
22575,0.21835853779875483,0
22576,0.291613887643734,0
22577,1.4426957242524638,0
22578,0.6013236596558078,0
22579,0.469117797506201,0
22580,2.0850155206685352,0
22581,1.0075185427929272,0
22582,1.5343928987310849,0
22583,1.0739961968291787,0
22584,2.1773434513753998,0
22585,0.6637120422005562,0
22586,1.0839127699122382,0
22587,1.6365796142621192,0
22588,0.8662436429158525,0
22589,1.4153265030113187,0
22590,1.762548788180863,0
22591,0.7032041255350832,0
22592,0.5424772724427055,0
22593,0.6605463521901926,0
22594,0.2641552638664134,0
22595,1.0601747980829022,0
22596,0.7293545094047077,0
22597,1.154520400853834,0
22598,0.26029046457637733,0
22599,0.6545372481482167,0
22600,1.7647613699452247,0
22601,0.6196988821963674,0
22602,0.483712123946659,0
22603,0.8789143050888818,0
22604,1.5265789856841299,0
22605,0.656933449434643,0
22606,0.7767955452449982,0
22607,1.3418087794020845,0
22608,1.0425663326843255,0
22609,0.36338429669174727,0
22610,1.2658458513144255,0
22611,0.6217757801045724,0
22612,1.6042756808435459,0
22613,0.445409519419851,0
22614,0.9123009932086822,0
22615,0.31200839685572546,0
22616,0.31117485198989314,0
22617,0.4236669988743763,0
22618,1.09865297600464,0
22619,1.7117766718180967,0
22620,1.4303779878366671,0
22621,0.5546032088260113,0
22622,0.9854154182738784,0
22623,0.47077968513352336,0
22624,0.5153434820700588,0
22625,1.5664701702539308,0
22626,0.2909019126679001,0
22627,0.9137956830989651,0
22628,0.5384995496234636,0
22629,0.6219120025732496,0
22630,1.5257431835305304,0
22631,3.896078313509817,1
22632,0.8392143879970936,0
22633,0.7224448823544163,0
22634,0.17034586914065059,0
22635,1.302877405267554,0
22636,0.635063442792098,0
22637,0.9639929197328654,0
22638,1.2164898550426755,0
22639,0.28458057089055494,0
22640,0.47468362002300735,0
22641,1.464943169010646,0
22642,0.7327476090102352,0
22643,4.950826270805424,1
22644,0.6078959952329538,0
22645,2.642426123940173,1
22646,1.215665230707829,0
22647,0.5752689892491981,0
22648,0.22283152873495338,0
22649,0.6466096412552321,0
22650,0.5121556804322646,0
22651,0.15293136145483407,0
22652,1.0508945283317066,0
22653,0.8112079896396136,0
22654,1.0342416464322342,0
22655,1.6471014871190355,0
22656,1.6053230510619199,0
22657,0.37710731455346613,0
22658,0.41136504427360954,0
22659,0.8319971590129063,0
22660,0.9730527689237893,0
22661,0.2332139559950653,0
22662,0.6190729700458462,0
22663,0.17434415889166693,0
22664,1.5374367680559942,0
22665,1.6485569647332334,0
22666,0.8678760763242644,0
22667,0.7357597901172893,0
22668,0.0935168883553815,0
22669,0.5236551232920618,0
22670,1.938999298778142,0
22671,0.3040282990446327,0
22672,1.0941066031380717,0
22673,1.3486193455397788,0
22674,0.7508647045593115,0
22675,1.0807416421169604,0
22676,1.4331116175614225,0
22677,0.5310802224236706,0
22678,1.4622826913226035,0
22679,1.675561092842439,0
22680,1.3020456734741974,0
22681,0.3101571328779466,0
22682,0.33450440153830696,0
22683,1.0473004328112963,0
22684,0.7296211884444411,0
22685,0.35055233559353055,0
22686,0.1989809355237484,0
22687,0.7116943001913165,0
22688,0.6378238104088902,0
22689,0.8588034374474273,0
22690,1.8214577727289025,0
22691,1.9652917331195325,0
22692,0.16839276512700202,0
22693,1.85393852688656,0
22694,0.9929423756350563,0
22695,0.2962272073948192,0
22696,0.20625865394450066,0
22697,6.872573457092417,1
22698,1.6171046127900257,0
22699,0.7662043042427322,0
22700,1.2372784894873499,0
22701,1.6833214890263122,0
22702,1.13562478452935,0
22703,2.5007281646039843,1
22704,0.6755143162843485,0
22705,0.5972648247066482,0
22706,0.4711119827811512,0
22707,0.3817769253470516,0
22708,0.5129000662198854,0
22709,0.46252481075715746,0
22710,0.45312619581786573,0
22711,0.825410874594158,0
22712,4.710685687979127,1
22713,0.5005150700593731,0
22714,0.8916040596907436,0
22715,0.6855398952472177,0
22716,0.6920518025677219,0
22717,0.8075898161848405,0
22718,1.3240956694910397,0
22719,0.9599155280160165,0
22720,0.1916822138256486,0
22721,0.37737519897469135,0
22722,1.4341492616954978,0
22723,3.322943670796912,1
22724,1.3209563330967096,0
22725,0.6876262727917146,0
22726,0.08827471733936126,0
22727,1.2340818208425557,0
22728,0.5690671087314032,0
22729,0.9329886679994338,0
22730,0.43827759077523043,0
22731,1.6796515558362077,0
22732,1.2286204367665183,0
22733,2.2579898115123735,0
22734,0.21598454769695435,0
22735,0.9087569019811156,0
22736,0.6743708664938751,0
22737,2.4577393742703575,1
22738,0.6694806954679278,0
22739,0.9253039133307791,0
22740,1.9009452746176294,0
22741,0.30909243128740643,0
22742,1.4574738223891643,0
22743,0.9951008085627674,0
22744,0.7309932913434107,0
22745,0.990767901023025,0
22746,1.3747621656175937,0
22747,0.34409483285875975,0
22748,1.293257737716461,0
22749,1.6172414207888515,0
22750,1.9766750727981646,0
22751,1.2380263659750612,0
22752,2.9765897032461353,1
22753,0.8654021530244776,0
22754,1.3622855102527365,0
22755,0.9426069217538959,0
22756,0.42989321180277795,0
22757,2.447933517901296,1
22758,0.9376110439775136,0
22759,1.8625969272101741,0
22760,0.6977435061318541,0
22761,0.5494340457550536,0
22762,1.210319626486467,0
22763,1.7650436269654493,0
22764,2.2050645874218957,0
22765,0.6926272062581569,0
22766,1.4082401064799648,0
22767,2.0602199585740357,0
22768,0.7823403703303331,0
22769,0.7635419876106532,0
22770,0.27242551438290025,0
22771,0.30214634905028803,0
22772,0.16464699503961894,0
22773,0.2635010608138621,0
22774,1.8582920568508847,0
22775,2.891988667398691,1
22776,1.2100598247248695,0
22777,1.7238062702562877,0
22778,0.5787127076919539,0
22779,0.877790610659434,0
22780,0.2625803209580098,0
22781,0.5285932599883414,0
22782,0.2860491252025709,0
22783,1.9239669119906353,0
22784,0.5599476566127152,0
22785,2.125714941923055,0
22786,0.8946251413168069,0
22787,0.5589183052232707,0
22788,1.2783031520858525,0
22789,0.9030965857712726,0
22790,0.4494239817797059,0
22791,1.5283911023168109,0
22792,1.8073732008059786,0
22793,1.8965154888725824,0
22794,0.22425744260594596,0
22795,1.7185197163338262,0
22796,0.39831271667933066,0
22797,1.5762935919592018,0
22798,0.15273435949681566,0
22799,2.3435309921418694,1
22800,1.0419328258252465,0
22801,0.39740838683404694,0
22802,1.0680206315043492,0
22803,0.6829902347168731,0
22804,1.3936299767618638,0
22805,2.552375805522046,1
22806,0.6135302397339759,0
22807,0.8801886815614663,0
22808,0.6649486166684563,0
22809,2.68400952457531,1
22810,1.1340995635643876,0
22811,1.7505855611584036,0
22812,1.242236433519011,0
22813,1.1689097446808314,0
22814,1.1669235384889078,0
22815,1.2035963239063578,0
22816,0.4829837182937052,0
22817,1.0890843680021505,0
22818,0.9828415341151289,0
22819,0.4941043399451697,0
22820,3.617706089263565,1
22821,1.4723874517281488,0
22822,0.18806135569105764,0
22823,1.6127774038724585,0
22824,0.5014123814783013,0
22825,0.22837205063534688,0
22826,0.7891033606445668,0
22827,1.3254676619508914,0
22828,0.31231404696767084,0
22829,2.7397066556729937,1
22830,0.7422879699982807,0
22831,1.0782757241637821,0
22832,1.7533884267694748,0
22833,1.1763740417239856,0
22834,1.3419962178463138,0
22835,0.990390052315329,0
22836,0.33194676841700615,0
22837,3.8847814105611724,1
22838,0.8494478860277797,0
22839,0.5458582083362481,0
22840,0.708769236618089,0
22841,0.8223667354172557,0
22842,0.787484955615898,0
22843,0.34087360254136234,0
22844,0.1788812585215454,0
22845,0.7634850395267513,0
22846,0.30803798503046415,0
22847,0.6935268679268148,0
22848,1.416465579589595,0
22849,0.1523347036738175,0
22850,8.592197822133764,1
22851,1.2778012599105713,0
22852,0.37856872415511916,0
22853,0.9557415367825565,0
22854,0.7510473791313539,0
22855,0.6098016327702741,0
22856,0.5431738912642627,0
22857,0.9935527281551014,0
22858,0.941953067776079,0
22859,0.5760676447888814,0
22860,0.8431964052373955,0
22861,0.1577617745845356,0
22862,0.9347356799450799,0
22863,0.6437470869969026,0
22864,1.3037949536899862,0
22865,1.279497672874003,0
22866,0.16312879673675945,0
22867,0.5795339439192162,0
22868,0.5321289226081094,0
22869,0.12714489084958153,0
22870,0.8329156281423176,0
22871,2.072107968920523,0
22872,0.924208801156085,0
22873,3.036199475883497,1
22874,1.1993294040818057,0
22875,0.2050647342635558,0
22876,0.2952955737017262,0
22877,0.5522900578950185,0
22878,1.8836722982636147,0
22879,1.6884248867471356,0
22880,0.6450601823756106,0
22881,0.828867737657913,0
22882,1.26065345049305,0
22883,0.8669207777980065,0
22884,1.6297887898641068,0
22885,1.168748547194792,0
22886,0.4538605832042272,0
22887,1.1127374062210351,0
22888,2.1620353445292464,0
22889,1.9281693360717358,0
22890,0.7799319965939466,0
22891,1.0609473787606423,0
22892,0.6953188794621854,0
22893,1.263803266370719,0
22894,0.6503788715401609,0
22895,1.2745629955782487,0
22896,1.3212207430726313,0
22897,0.4883280474513384,0
22898,0.5368562676139896,0
22899,1.119954801679323,0
22900,0.24483695823976456,0
22901,0.6370973874804258,0
22902,1.0013439978357839,0
22903,0.16999439421580695,0
22904,1.4071720630947948,0
22905,0.44396310504960984,0
22906,1.964239585172868,0
22907,1.1257717227159885,0
22908,0.16080358415266297,0
22909,0.44022415735228326,0
22910,0.154078649999252,0
22911,3.1194633644378245,1
22912,0.6903197242562307,0
22913,0.5093470406844175,0
22914,0.1876033288261653,0
22915,0.6846007320879341,0
22916,0.7087275577866887,0
22917,0.6761960301370575,0
22918,2.1958898316977784,0
22919,1.017258942645583,0
22920,1.5596755277350511,0
22921,0.17650718172649477,0
22922,0.4350831238207128,0
22923,2.075149646331811,0
22924,0.62382046981097,0
22925,4.519721374845512,1
22926,0.7947504184088224,0
22927,0.7116533075882611,0
22928,0.8067610695079287,0
22929,0.40764684297386433,0
22930,0.5873030798279468,0
22931,0.3262950721717668,0
22932,0.672887930684636,0
22933,0.5908478402291171,0
22934,0.57554022366366,0
22935,0.3912940360716508,0
22936,1.31529803912044,0
22937,1.0334008361952363,0
22938,0.4878437536496584,0
22939,0.4038607366665775,0
22940,0.17017168050228054,0
22941,1.3259794662419324,0
22942,0.24591755985605007,0
22943,0.2842784145914788,0
22944,0.18947873346970887,0
22945,1.1687461456436599,0
22946,2.530566248652388,1
22947,0.41511754955590535,0
22948,1.2800220802496687,0
22949,1.5850105029414951,0
22950,0.5768196310007214,0
22951,1.3470413287267151,0
22952,1.0760731159085666,0
22953,1.4885074532585054,0
22954,0.7545908068275541,0
22955,1.467327339541729,0
22956,0.37556773245874525,0
22957,0.2893772047539869,0
22958,0.6158396220756174,0
22959,0.3912013673401686,0
22960,0.5867940968179386,0
22961,1.1992640954702711,0
22962,0.6685712438946305,0
22963,0.23653837785044077,0
22964,1.0110368336082352,0
22965,1.8552191620217773,0
22966,0.0898299305245778,0
22967,0.33799223732963346,0
22968,2.472636265290525,1
22969,1.2471678566735882,0
22970,0.41165205058645454,0
22971,0.7824391493285374,0
22972,0.4920178470584283,0
22973,0.9957100860528243,0
22974,0.1765421699846128,0
22975,0.7174357096603964,0
22976,0.6642035107211377,0
22977,2.4193946021326793,1
22978,0.5239754154974057,0
22979,0.37898286839481005,0
22980,1.0157914050947667,0
22981,0.5461278829680625,0
22982,0.7712537821641153,0
22983,0.36712991951656737,0
22984,0.2595414017054788,0
22985,1.7056227435529685,0
22986,4.344335077323276,1
22987,1.3053744268665268,0
22988,2.841626867570914,1
22989,0.206600566318658,0
22990,0.10697141391489948,0
22991,0.7825965030935156,0
22992,0.8318531940268367,0
22993,1.261903786080847,0
22994,1.158266088357966,0
22995,0.6151006513995123,0
22996,0.5075470488031384,0
22997,0.7840113976673726,0
22998,2.108866833442259,0
22999,0.38155197962940146,0
23000,0.23571587679343925,0
23001,1.3215115865883498,0
23002,0.8587880944698567,0
23003,6.5085604195080125,1
23004,0.6421215153906756,0
23005,3.659306367228943,1
23006,0.8155405733327283,0
23007,0.328866602420734,0
23008,1.204479176941688,0
23009,0.15052055590563584,0
23010,0.6527093646287068,0
23011,1.5979061010420186,0
23012,0.4171733925426985,0
23013,3.575190171117486,1
23014,1.4165356752835803,0
23015,0.507170111494728,0
23016,0.45611514242471624,0
23017,1.5119116413070928,0
23018,1.8214900565734489,0
23019,0.8970357306097334,0
23020,0.9099811217146151,0
23021,0.6464753738312046,0
23022,0.5529089207735629,0
23023,0.6964011470676261,0
23024,1.0066814293855169,0
23025,0.4525543354901204,0
23026,2.39394812545853,1
23027,1.3496638233701423,0
23028,0.5091040816729538,0
23029,1.0826642540965665,0
23030,0.6926868001799671,0
23031,0.10634515209331677,0
23032,0.7304168761708165,0
23033,1.1873984651663352,0
23034,1.0001702963572268,0
23035,2.1329213504096307,0
23036,6.414927102800169,1
23037,0.46665227126143655,0
23038,1.7343510893377079,0
23039,2.4950701077194877,1
23040,0.6461868332973466,0
23041,0.6745585377411402,0
23042,0.686333921020505,0
23043,0.9101333805814058,0
23044,1.6000406415642783,0
23045,0.5642261209607833,0
23046,0.7428595040763443,0
23047,0.908174676346502,0
23048,1.6473951416198365,0
23049,3.9225836106661554,1
23050,1.1916091204030086,0
23051,1.4717062363566928,0
23052,0.18798949421157024,0
23053,0.23399545680678116,0
23054,1.3354857499300041,0
23055,0.35597681934773046,0
23056,1.1248368976816212,0
23057,0.297724694249711,0
23058,0.4251982535352462,0
23059,2.7880440294690034,1
23060,1.0390937114116106,0
23061,1.5175200829784925,0
23062,0.3330067528421738,0
23063,1.284342529582506,0
23064,0.6247468801280829,0
23065,0.5994572971637568,0
23066,0.9179805161362602,0
23067,1.167253744091192,0
23068,0.3706709279586701,0
23069,1.4859782342649486,0
23070,0.7889320154011727,0
23071,0.8756785467716629,0
23072,0.811403491264364,0
23073,0.32236815206367286,0
23074,0.6196697128801213,0
23075,1.0136671329328206,0
23076,0.956941379238156,0
23077,0.16867445671603737,0
23078,1.9027508737269643,0
23079,0.3648232279415839,0
23080,0.5519463013213126,0
23081,2.0311296145031994,0
23082,1.764953551645884,0
23083,0.2988100978442997,0
23084,0.7524045449881986,0
23085,0.628967828233451,0
23086,1.0677906155389048,0
23087,0.5957619935780186,0
23088,1.0541960973705256,0
23089,1.1748630120326333,0
23090,0.1303265915328054,0
23091,2.92120013169281,1
23092,0.9175741378459481,0
23093,0.1493979114702965,0
23094,0.5800615282892208,0
23095,1.7955695734566537,0
23096,6.148507915479707,1
23097,1.3853529387613122,0
23098,0.6201228857961363,0
23099,2.8110730156817,1
23100,0.7043436395620495,0
23101,0.42600805201788694,0
23102,0.612257715137764,0
23103,1.6040177586073638,0
23104,0.30749848103286875,0
23105,0.9239291269624539,0
23106,0.7537699611968337,0
23107,0.5427741456372609,0
23108,0.681991140924254,0
23109,1.0330193281992863,0
23110,0.8193605622553051,0
23111,0.9205247194008075,0
23112,1.5688415858977642,0
23113,0.8110122410240962,0
23114,0.25575676951755744,0
23115,0.32730922264360596,0
23116,0.2974148943103998,0
23117,0.5978833648903203,0
23118,0.5730297090896765,0
23119,0.4831145269452691,0
23120,0.32355368079428154,0
23121,0.7174793532927115,0
23122,1.542237734105985,0
23123,0.7204586015453648,0
23124,1.0492125949574402,0
23125,1.8033051432607596,0
23126,0.4504324385423428,0
23127,0.4172017997658992,0
23128,0.6527996820046089,0
23129,0.7226687492577607,0
23130,0.4582183792508677,0
23131,0.2250797515166898,0
23132,0.15754910594711388,0
23133,1.0318240119652367,0
23134,1.4052803754953949,0
23135,1.882486994078763,0
23136,1.3678635375043275,0
23137,0.24407481414346646,0
23138,0.9794415725328541,0
23139,0.21320717855004503,0
23140,0.12749931857215605,0
23141,0.5878168171807983,0
23142,1.6996704948808585,0
23143,0.37866341918339846,0
23144,0.4732634475150257,0
23145,0.1882699960982735,0
23146,1.4338489826706329,0
23147,0.7982331006809569,0
23148,2.696815682590617,1
23149,0.4695714805891642,0
23150,0.2185789776665525,0
23151,0.6581462516826969,0
23152,0.44960814327109677,0
23153,0.6213004005731769,0
23154,0.18985520376851275,0
23155,0.5209283033440387,0
23156,1.2519381907908163,0
23157,1.8479830186864714,0
23158,1.4099484439704753,0
23159,0.8321356661628293,0
23160,0.2343607361539895,0
23161,0.3738356300451912,0
23162,0.6007848900166352,0
23163,0.7357419428754508,0
23164,0.22277922173505735,0
23165,1.729567330037019,0
23166,1.2675907968617448,0
23167,1.0745750545247932,0
23168,0.18047851494536654,0
23169,3.6736786867195717,1
23170,0.6100544915477156,0
23171,0.5971745364219322,0
23172,0.8958715838233113,0
23173,1.6552908585417363,0
23174,0.8044289290866005,0
23175,1.7274585228563601,0
23176,1.197130732576095,0
23177,0.20744926476232037,0
23178,1.5639305501829306,0
23179,0.13682263210401438,0
23180,0.5130329000560316,0
23181,0.38889230573892164,0
23182,1.8855606666045197,0
23183,0.21183769449332596,0
23184,0.41162665421645467,0
23185,2.322923306943366,1
23186,0.883013426175179,0
23187,0.48003390856590283,0
23188,1.193925548152191,0
23189,0.2225694862523968,0
23190,3.5146568980785036,1
23191,1.072300775056816,0
23192,0.3557878766577056,0
23193,0.3016180445724597,0
23194,3.965926591706044,1
23195,1.0043660241736783,0
23196,0.6511326052875976,0
23197,0.32805570315609406,0
23198,0.6246994005763653,0
23199,0.34612498392835034,0
23200,0.430751277650727,0
23201,3.2266421545429496,1
23202,0.47348996553245887,0
23203,2.4526529523112846,1
23204,1.2716818213576044,0
23205,1.2581026790933674,0
23206,0.7839403538668142,0
23207,1.1464186519506705,0
23208,2.202360300974188,0
23209,0.64440002995341,0
23210,0.8664538748118467,0
23211,0.29371168135156756,0
23212,2.2279703374580313,0
23213,0.3214071960572674,0
23214,0.890524232368284,0
23215,1.4019923343488552,0
23216,1.1463205793959061,0
23217,0.34820642711795524,0
23218,1.4076585347287283,0
23219,0.3937539792085315,0
23220,1.6613291049936862,0
23221,0.2895745780302566,0
23222,0.7054772126802294,0
23223,0.6361197527100884,0
23224,2.373570419356866,1
23225,1.8032714766264533,0
23226,3.4916969002467937,1
23227,0.6293895066791709,0
23228,0.13803573632530614,0
23229,0.5498467698234059,0
23230,0.668602474816125,0
23231,0.44337461542518763,0
23232,0.1371085273233081,0
23233,1.2784191071870334,0
23234,1.0770492210558353,0
23235,0.3180906644908327,0
23236,0.6675741346820685,0
23237,1.5489828071969025,0
23238,0.26589509571256903,0
23239,2.0211445306357154,0
23240,0.5208997842571902,0
23241,1.094967473186702,0
23242,0.9854262220731005,0
23243,0.3717820552454526,0
23244,0.7519863788530714,0
23245,0.4730090558635368,0
23246,0.9277366545858735,0
23247,0.28669555217653714,0
23248,0.8413632109880982,0
23249,0.6309581658779648,0
23250,0.22021187533024733,0
23251,0.16896152589645239,0
23252,1.6855576945953323,0
23253,0.4191999232173914,0
23254,1.380724601262646,0
23255,1.0364303850481122,0
23256,1.9910751537742122,0
23257,1.3802642395516151,0
23258,0.9897843806671635,0
23259,0.7524294916912404,0
23260,0.742753454182551,0
23261,1.285979777464278,0
23262,0.7927303781665296,0
23263,1.0034320500595035,0
23264,1.3672011101357946,0
23265,1.1532153913346914,0
23266,1.6104706311096824,0
23267,0.35667367199556205,0
23268,0.8212509722071385,0
23269,1.0019197224953982,0
23270,0.34728653976284657,0
23271,1.2412814298193178,0
23272,0.9876526606196194,0
23273,0.5890168234292266,0
23274,0.37123488259738496,0
23275,3.325988838941131,1
23276,0.637088206527424,0
23277,0.1419346601698839,0
23278,1.158431859709492,0
23279,0.6785810147082143,0
23280,0.8760778661501487,0
23281,1.2847281769827426,0
23282,0.5954563759913343,0
23283,0.6583887693922291,0
23284,2.0779090938455598,0
23285,1.3121494479537241,0
23286,1.1375237590590266,0
23287,0.9115157759802177,0
23288,0.2714768834797451,0
23289,0.8002515342523834,0
23290,1.025211595140552,0
23291,0.18137566206359773,0
23292,0.8956080897902965,0
23293,0.3326095453263521,0
23294,0.6583949310879829,0
23295,1.038800081378356,0
23296,1.3177952183778536,0
23297,0.35961622151532713,0
23298,0.5828052240127072,0
23299,1.780702568600662,0
23300,1.9354398484111321,0
23301,1.4241716565002478,0
23302,1.0102848307310477,0
23303,0.15144231919890888,0
23304,0.6084877305737472,0
23305,0.16286741878422012,0
23306,1.36308885050575,0
23307,0.388180361567099,0
23308,0.9124742528990952,0
23309,1.2052093782496796,0
23310,1.383428072940114,0
23311,0.7177004193675345,0
23312,0.8367165656903435,0
23313,0.6715317257772522,0
23314,0.5223362859291669,0
23315,0.65968458112498,0
23316,1.3914157697519831,0
23317,0.16637778019509616,0
23318,0.6856026102885278,0
23319,0.2287773067992739,0
23320,0.6676708170685624,0
23321,0.6135983186953122,0
23322,0.8883354448284326,0
23323,1.2493561010625207,0
23324,0.8724059521971043,0
23325,0.9626891364636659,0
23326,6.027049940253533,1
23327,0.5967763789957898,0
23328,0.8944691373647536,0
23329,0.8085387646205554,0
23330,0.24012287217892864,0
23331,1.084818403599084,0
23332,0.9498345319816816,0
23333,0.46975901347227983,0
23334,1.62134396753451,0
23335,1.0085791812005926,0
23336,0.9312668086703108,0
23337,0.7321960957939444,0
23338,0.8503860554005044,0
23339,1.1763841914327169,0
23340,0.13454738281648504,0
23341,0.42309181340482277,0
23342,0.9475238275570941,0
23343,0.8604293495449623,0
23344,1.1581190536709705,0
23345,1.3341441795367919,0
23346,0.5495343518393099,0
23347,0.9859878062517329,0
23348,0.18444146115777912,0
23349,1.237575065775313,0
23350,0.3980218715708979,0
23351,0.8273047517989511,0
23352,0.5220589293825099,0
23353,0.13444291925111987,0
23354,1.2246811532887656,0
23355,1.1537200922483837,0
23356,1.049784176345661,0
23357,1.1098274800036385,0
23358,0.2854351692007164,0
23359,1.7518867600988024,0
23360,1.6903426453231234,0
23361,2.340831746151733,1
23362,0.2662949237178022,0
23363,2.2765073637762763,0
23364,2.2332292622589507,0
23365,0.8811812541044519,0
23366,0.5589151666595635,0
23367,0.502540396518415,0
23368,1.8988980963778872,0
23369,0.42840007756657494,0
23370,0.8163322975500836,0
23371,0.7578467058019919,0
23372,1.613913632165587,0
23373,0.7359475250843888,0
23374,0.9662457325072756,0
23375,0.312937692349038,0
23376,0.5787461515835786,0
23377,9.095432277636231,1
23378,0.8796372915009305,0
23379,0.271957543894609,0
23380,0.32447437018117087,0
23381,0.3635574988508321,0
23382,0.18661847983313423,0
23383,0.6794732435087243,0
23384,0.3114410647459707,0
23385,1.1420566968071726,0
23386,0.2239501896054315,0
23387,1.104266838063412,0
23388,0.5511005706747245,0
23389,0.8207221645827001,0
23390,0.3707215043033717,0
23391,0.7211507601281489,0
23392,0.3043632000858472,0
23393,0.7586157692320933,0
23394,0.7434195192477301,0
23395,0.6917246574813511,0
23396,0.40931549422789215,0
23397,0.4310922792418704,0
23398,0.36305349608644616,0
23399,0.4370530343478759,0
23400,0.13995599463890324,0
23401,0.7922335975546221,0
23402,0.7554278982152028,0
23403,0.378509119230111,0
23404,1.0372828448921958,0
23405,1.65912157085616,0
23406,2.4877579943361745,1
23407,1.42602207308017,0
23408,1.2548847384718762,0
23409,1.58114335942996,0
23410,0.5438994584677186,0
23411,0.2867762138888586,0
23412,1.3814990071184534,0
23413,0.17470060891759587,0
23414,2.2442256993151966,0
23415,1.777895206001513,0
23416,0.6679305319195098,0
23417,1.1295299115497066,0
23418,0.28346894786720506,0
23419,3.372504582216893,1
23420,0.769852643400544,0
23421,0.3416435543377748,0
23422,1.9951732003489684,0
23423,0.17763466765984276,0
23424,2.623544925719051,1
23425,2.1472752808877495,0
23426,0.36340246048836455,0
23427,1.1475559810941156,0
23428,0.46263480186788425,0
23429,0.8358268055812388,0
23430,0.8495363640344618,0
23431,0.11008486890806894,0
23432,0.16466277501011684,0
23433,0.756546790976856,0
23434,1.4635231952731362,0
23435,0.3658923090188196,0
23436,1.1651412101504168,0
23437,0.1324054335879809,0
23438,2.613930452892272,1
23439,2.1953821047402364,0
23440,1.3657387166255142,0
23441,0.9128409348440185,0
23442,1.281963436092202,0
23443,0.4354183900676348,0
23444,0.9955432033319361,0
23445,3.56054941762281,1
23446,0.9409375354525775,0
23447,0.5759161460683988,0
23448,1.221829902363579,0
23449,5.892112743630571,1
23450,1.007627755199414,0
23451,1.6684962485766959,0
23452,0.6114815747737551,0
23453,0.1957667657304511,0
23454,0.20482422484798915,0
23455,1.5332820693185254,0
23456,1.4745311747058512,0
23457,0.6893678327305761,0
23458,2.571071662460324,1
23459,0.8257087282772908,0
23460,1.8740717595872045,0
23461,0.6574990865608162,0
23462,0.47534965484918057,0
23463,1.1465766541922568,0
23464,0.6945141545606928,0
23465,0.3409948369392379,0
23466,2.101790735464726,0
23467,3.179182477611395,1
23468,0.7036846535861858,0
23469,0.8701077457665317,0
23470,1.080832958116396,0
23471,0.6005177412875339,0
23472,0.9475880465172988,0
23473,1.362596820653804,0
23474,3.996901652404985,1
23475,0.16107871837436297,0
23476,2.9420067251040387,1
23477,0.7114598631141127,0
23478,0.901434107544753,0
23479,0.2604515660591359,0
23480,0.12592589260719317,0
23481,0.5274798798426057,0
23482,0.3447803389368855,0
23483,0.20991982971823592,0
23484,2.2591682459557907,0
23485,0.5296854247531098,0
23486,2.3514383143321105,1
23487,0.4097368622417825,0
23488,0.5542660117198688,0
23489,0.6375811186090936,0
23490,0.7143083440998454,0
23491,0.18592237926348082,0
23492,0.7102422306570446,0
23493,0.6923357143406073,0
23494,0.7440857459525028,0
23495,0.4959804659351256,0
23496,0.26824669760543896,0
23497,3.0920323273543295,1
23498,2.4320709199197124,1
23499,1.7745659554045965,0
23500,0.5314537000235535,0
23501,0.6038196904814005,0
23502,1.4910731950582503,0
23503,1.1972222358776854,0
23504,0.6753146192734303,0
23505,0.7497922052402698,0
23506,0.9297231433700329,0
23507,0.8151437110793303,0
23508,0.5775565882850966,0
23509,2.495006614844597,1
23510,0.4553001966162721,0
23511,1.476547457728587,0
23512,0.6065098301208188,0
23513,0.6327264065109461,0
23514,1.5684944062522628,0
23515,0.7985012999662167,0
23516,0.8488633818612851,0
23517,1.9949209841091673,0
23518,2.6217263335892764,1
23519,1.061312248499377,0
23520,0.1804084775936289,0
23521,0.19438244182620085,0
23522,0.460975971406297,0
23523,1.0949917486816805,0
23524,0.48442857000655837,0
23525,0.3314154765703206,0
23526,1.6231892235837766,0
23527,1.5895726940164452,0
23528,1.6930419806820098,0
23529,0.9751714309576688,0
23530,0.5890570349848989,0
23531,0.6243973295041586,0
23532,0.6152059349519222,0
23533,1.5353334679368293,0
23534,0.49257819983176354,0
23535,0.2335637636739567,0
23536,0.8354876216987825,0
23537,1.5098889345236894,0
23538,2.096189789622428,0
23539,0.3452184026475025,0
23540,1.9790550542215333,0
23541,0.5793697752459528,0
23542,0.742561468414628,0
23543,0.5278710894987184,0
23544,3.967257307745799,1
23545,1.0268894608573915,0
23546,1.3809120039409966,0
23547,1.0393702509450693,0
23548,0.701605259742156,0
23549,0.39043928054867616,0
23550,0.4841480160033219,0
23551,0.6124944690949917,0
23552,0.8998972153063086,0
23553,0.5821237477429551,0
23554,0.820223211361931,0
23555,0.6298399661775891,0
23556,2.8151470262766196,1
23557,0.33957720334056024,0
23558,0.7708681454447932,0
23559,0.30021321891336916,0
23560,0.3613664206478323,0
23561,0.3290500194213041,0
23562,1.6172548614540596,0
23563,0.6126784320712726,0
23564,1.6803547500070102,0
23565,1.3334140306475477,0
23566,1.240156418306054,0
23567,0.6973107026545635,0
23568,0.5703157140701594,0
23569,0.3313340279358335,0
23570,1.996957487381748,0
23571,0.19809444306762602,0
23572,1.1017490624867379,0
23573,0.14401638786343027,0
23574,0.9249338804577096,0
23575,0.15624213853974883,0
23576,0.16224608907962143,0
23577,1.3562601198422592,0
23578,0.7817466260615898,0
23579,0.7269040733123553,0
23580,0.7225301359838983,0
23581,0.8654534675502589,0
23582,0.40293974335975113,0
23583,0.39611390004790276,0
23584,0.42973630706191057,0
23585,1.6039040617878448,0
23586,1.2261099398065602,0
23587,0.1438439924480411,0
23588,1.5409190634531353,0
23589,2.077927108496315,0
23590,0.24624040772739617,0
23591,0.3878817472151012,0
23592,1.6203445421442844,0
23593,0.7265878640590755,0
23594,0.8121755302730852,0
23595,0.9169153722643216,0
23596,0.6961248549871624,0
23597,1.2528472637575772,0
23598,1.0929005870383697,0
23599,0.7321335391633669,0
23600,0.9809017180473223,0
23601,0.3207951891436944,0
23602,1.5917215625587553,0
23603,0.922328263288312,0
23604,0.6584179868315269,0
23605,0.5575181380113754,0
23606,1.8701451916174534,0
23607,1.1709685766169362,0
23608,0.17496906533650725,0
23609,0.9254239955036467,0
23610,0.2169639015366291,0
23611,0.5882932973380984,0
23612,2.4819700748236313,1
23613,0.9052789359243661,0
23614,0.568220419036369,0
23615,1.2483999455734949,0
23616,1.9804160763784846,0
23617,0.6949016739741449,0
23618,0.7326041347421077,0
23619,0.18062791659251576,0
23620,1.2838524696082891,0
23621,1.0683233771957785,0
23622,0.26684233821264264,0
23623,1.755062255984004,0
23624,1.5272341236505749,0
23625,1.0277346587601575,0
23626,0.5841114258626824,0
23627,1.1303668710439534,0
23628,0.5717939046458286,0
23629,1.2930928929165966,0
23630,1.3635767185061711,0
23631,0.7194904447453492,0
23632,0.8966050231001702,0
23633,0.3774690312143171,0
23634,1.4917502191788723,0
23635,1.8892451632266674,0
23636,2.8743858052780644,1
23637,0.6334731993999684,0
23638,2.8241412983346383,1
23639,0.18854451249860035,0
23640,0.9282776205788144,0
23641,0.24051769427818934,0
23642,0.9727832424674666,0
23643,0.5135172901161928,0
23644,0.9441824852468874,0
23645,0.892456960666474,0
23646,0.6936347627378436,0
23647,1.158306719101183,0
23648,0.22382171687013744,0
23649,1.3166024896382897,0
23650,0.19291477171041382,0
23651,1.2493762799872496,0
23652,1.8624588691586674,0
23653,0.8986442167840497,0
23654,0.5973061206166819,0
23655,0.08678907132868446,0
23656,0.6579070104801141,0
23657,1.1214045922236469,0
23658,1.6158700786403144,0
23659,0.20324385183867116,0
23660,0.3159781379790467,0
23661,0.33427626457512105,0
23662,0.6456698470752082,0
23663,2.592687621225826,1
23664,1.3378214019993657,0
23665,0.6759500497318252,0
23666,1.3999414082173456,0
23667,0.1595425073173326,0
23668,0.6811693516056165,0
23669,0.39563870677875396,0
23670,0.766131121872483,0
23671,1.2760231603212693,0
23672,1.7704376204253862,0
23673,2.3323409150548944,1
23674,0.9906261201300064,0
23675,0.9466837188918203,0
23676,1.2431752432808902,0
23677,0.28343019377979173,0
23678,0.44922395446686325,0
23679,0.12146674159405708,0
23680,1.0701916923377444,0
23681,1.2737055164310374,0
23682,0.1618064708941045,0
23683,0.38142322170392556,0
23684,0.5835149472122286,0
23685,0.4447629621234029,0
23686,3.1377599584330276,1
23687,0.4114770649410394,0
23688,1.6183517216099914,0
23689,0.8699998264027059,0
23690,1.183600619709572,0
23691,0.8924831976165972,0
23692,0.6789424656549257,0
23693,0.45101105408227155,0
23694,1.3601763711221142,0
23695,1.6713841182247478,0
23696,1.539601833496032,0
23697,0.6819555341796745,0
23698,0.32880116667849346,0
23699,1.0259571035956891,0
23700,0.7520345551351533,0
23701,0.8886999794158044,0
23702,1.142245560274353,0
23703,1.4373728222297575,0
23704,0.6161811528138715,0
23705,1.7567564951930805,0
23706,0.7312032360924199,0
23707,1.7076915297291997,0
23708,1.1892785146477158,0
23709,0.6555431192166128,0
23710,0.3926954399690249,0
23711,0.8138359386331648,0
23712,1.1571207474326748,0
23713,0.939552971562739,0
23714,0.6049126325085821,0
23715,2.0591603763570863,0
23716,1.0657000770065763,0
23717,0.437857415556654,0
23718,2.711562279060613,1
23719,0.37795648134458193,0
23720,0.48348768527478886,0
23721,1.1278124955798794,0
23722,0.9973953084688718,0
23723,0.4114869059366436,0
23724,0.5802195518646569,0
23725,2.5654279517314813,1
23726,1.1182215324361038,0
23727,3.758399367346622,1
23728,0.33282266133191263,0
23729,0.17233596032448525,0
23730,0.22952619408952998,0
23731,1.0885998463876188,0
23732,1.6869613860188017,0
23733,0.387113711476316,0
23734,0.9232240875847324,0
23735,0.9078261474913525,0
23736,0.7287021173948809,0
23737,0.3072288807688671,0
23738,0.38590258757283996,0
23739,1.7416938399374147,0
23740,0.3175120663986202,0
23741,0.41784350652125435,0
23742,0.6674343893334782,0
23743,1.2187718925625581,0
23744,0.5045720697650916,0
23745,0.588997984886207,0
23746,1.0333551248623207,0
23747,1.0083929149032003,0
23748,1.6220426267418215,0
23749,0.9922206199758794,0
23750,0.5639655679914967,0
23751,0.7674915668512566,0
23752,3.0391654774353056,1
23753,0.6857154621311621,0
23754,1.2641817805285345,0
23755,0.29206934628866,0
23756,2.494341963072988,1
23757,1.397751743401527,0
23758,4.290433674564672,1
23759,0.7038891520793374,0
23760,2.439726610003773,1
23761,0.47174401517059084,0
23762,0.9374431664721129,0
23763,1.7624490933131405,0
23764,0.616302658959222,0
23765,1.3436095344897914,0
23766,0.6256837415021089,0
23767,0.3891144165249881,0
23768,0.4429792682973435,0
23769,0.6151371185982979,0
23770,0.9359301817932109,0
23771,0.5011338767169805,0
23772,0.36914465449049494,0
23773,1.059776705613974,0
23774,0.2422105505970909,0
23775,0.4644736417897752,0
23776,0.5204829824074795,0
23777,0.3349721644976819,0
23778,1.1960447585747467,0
23779,1.2853806053021573,0
23780,0.4820258329362265,0
23781,0.44897280726129685,0
23782,0.34977631732962633,0
23783,0.5330907945287088,0
23784,0.8974624384665153,0
23785,1.8851207829778545,0
23786,0.44550010373775184,0
23787,1.5866842794722409,0
23788,0.5860734591252775,0
23789,0.8563984196674316,0
23790,0.46721453932809,0
23791,1.1875079142335452,0
23792,0.353431619019386,0
23793,0.26344469269811216,0
23794,0.4844788567678343,0
23795,0.29351732841292677,0
23796,1.2266330493817224,0
23797,1.6641115199218155,0
23798,0.7796030698578044,0
23799,3.129377444747573,1
23800,1.9705601998583853,0
23801,0.32448558022984686,0
23802,0.888928969817696,0
23803,0.5532684386507449,0
23804,2.3074307533450664,0
23805,0.498403306109506,0
23806,1.329154209851041,0
23807,0.8987162404958523,0
23808,2.1579043577093007,0
23809,1.1416482249126454,0
23810,0.607754475691337,0
23811,2.3278632556547443,1
23812,1.1157014000373546,0
23813,0.2057213568305965,0
23814,0.4950313798510949,0
23815,6.879181192772665,1
23816,1.2059437637167523,0
23817,1.438105717462927,0
23818,0.19917484823372456,0
23819,2.401631010618756,1
23820,0.7861361282685777,0
23821,1.066793293527476,0
23822,1.717035810967473,0
23823,0.8963231312280561,0
23824,0.254901246182304,0
23825,1.3224054289722074,0
23826,0.6358847397381012,0
23827,1.2117430265521496,0
23828,1.0889536393610544,0
23829,0.7986914774207738,0
23830,0.8785378354957032,0
23831,1.191005853013197,0
23832,0.9387518375404031,0
23833,1.4772110424645857,0
23834,1.4912187033234336,0
23835,1.0668216875895733,0
23836,0.817497025632056,0
23837,0.9899195868582131,0
23838,0.6311738363847557,0
23839,1.0991552511242741,0
23840,1.4327544287948686,0
23841,1.2254199409566116,0
23842,0.7548980834473442,0
23843,0.5533365396757406,0
23844,0.42003180710554255,0
23845,0.8392004425312554,0
23846,1.9114578258801274,0
23847,0.4596807907669219,0
23848,0.7092422263997147,0
23849,0.9896693962138852,0
23850,1.9710404399674282,0
23851,2.6908477024803017,1
23852,0.6617506111885042,0
23853,4.400400547024764,1
23854,0.2669593113237019,0
23855,0.380727980396404,0
23856,0.8368422423022712,0
23857,1.929740355629806,0
23858,0.2647061875485433,0
23859,0.594767797844636,0
23860,4.7697850144776055,1
23861,1.5471748162177927,0
23862,1.1823435554955395,0
23863,0.3025150028331757,0
23864,0.5555440037336475,0
23865,1.2627204323172294,0
23866,1.4129016955919258,0
23867,0.8001880016357502,0
23868,0.7808392390830644,0
23869,1.4803844748972472,0
23870,1.7917737760969252,0
23871,0.12826593857617946,0
23872,2.1865799355940743,0
23873,0.8931361817454772,0
23874,1.334127323788249,0
23875,0.3645520300198587,0
23876,0.447052243826559,0
23877,0.06529056590201021,0
23878,0.19069388818796199,0
23879,0.27389903889684447,0
23880,0.7446700429179662,0
23881,1.2159745676360596,0
23882,0.21846502208504304,0
23883,1.097352953911994,0
23884,0.21281597400656532,0
23885,0.2979553137098672,0
23886,0.9411832496722997,0
23887,1.1796218799591995,0
23888,0.9966833969471681,0
23889,0.40536100985082896,0
23890,0.29973800737175027,0
23891,1.2121778201559041,0
23892,0.3290423799353561,0
23893,1.9121330549329407,0
23894,1.1743778127593303,0
23895,0.893994412009161,0
23896,0.8784954473147224,0
23897,0.22223714245700754,0
23898,1.1184733861048093,0
23899,1.942683052336943,0
23900,0.4511029953546464,0
23901,0.4215019711224512,0
23902,0.26268113354252365,0
23903,0.36975778588052505,0
23904,0.21933744337600952,0
23905,0.7219574634566532,0
23906,0.186076145210353,0
23907,0.10705293252886447,0
23908,0.34549449660514436,0
23909,2.1000940275926743,0
23910,0.27180859900311954,0
23911,0.7774079404488059,0
23912,0.5361946916761967,0
23913,0.31220539932689556,0
23914,0.12039125704053308,0
23915,1.087887693489558,0
23916,1.3263711304722408,0
23917,0.37721270936822254,0
23918,0.8034461596869308,0
23919,0.866371525163186,0
23920,0.5732659988320291,0
23921,0.37114749449406315,0
23922,0.37705193178699775,0
23923,0.2586789513006534,0
23924,1.804475465460013,0
23925,0.23855268969265975,0
23926,1.056574446430909,0
23927,1.2143132311252227,0
23928,0.30006660791425377,0
23929,0.1901812390185746,0
23930,0.6482329704057339,0
23931,0.7827695122942513,0
23932,0.24486803795068995,0
23933,0.5573312158169621,0
23934,0.7438953401808627,0
23935,1.0944096970153516,0
23936,0.3998754073160004,0
23937,2.1669599029158118,0
23938,0.3240800604098828,0
23939,0.5329828375242291,0
23940,1.2495432904795305,0
23941,2.0843231097187904,0
23942,0.3523690027512103,0
23943,0.8583894941776142,0
23944,0.3443859678851087,0
23945,0.5643269589306265,0
23946,0.4341545810755802,0
23947,0.5571415388514553,0
23948,0.7513126340789703,0
23949,1.2990146769569872,0
23950,0.7082499701892508,0
23951,1.1361511206476238,0
23952,0.9199216097098928,0
23953,0.8117484502309249,0
23954,0.12744790719098603,0
23955,0.9619590955041897,0
23956,0.4005851038133498,0
23957,0.7478584155254058,0
23958,0.9043299486534586,0
23959,0.9424871344283625,0
23960,1.2424720472048896,0
23961,0.21540416851033695,0
23962,0.8122630674928535,0
23963,0.1226908367019833,0
23964,1.1388107731351382,0
23965,0.09478311920593152,0
23966,0.08870630947735439,0
23967,2.38530552652176,1
23968,1.1220786851741515,0
23969,0.9657559036766361,0
23970,0.7487300546033259,0
23971,0.15346003064236277,0
23972,0.4995723743950077,0
23973,0.14107527716017246,0
23974,0.15143273549405442,0
23975,0.2390618825255144,0
23976,0.4509882007110001,0
23977,0.3422603133581202,0
23978,0.4559919619599925,0
23979,0.6576930086368309,0
23980,1.723180483298205,0
23981,0.8732580483396462,0
23982,0.9515451675998342,0
23983,0.25911649497329076,0
23984,3.0405522237373743,1
23985,0.2033610245745166,0
23986,1.81433215985786,0
23987,1.799685753728641,0
23988,0.4068524302859798,0
23989,1.5547027861901213,0
23990,0.25399133514510885,0
23991,0.6715587392335423,0
23992,0.14240493544597713,0
23993,0.4937018102711893,0
23994,0.17689876897627696,0
23995,1.1280269994340277,0
23996,0.18842706211285337,0
23997,0.180681371365558,0
23998,0.9221252446660271,0
23999,1.0079214351919425,0
24000,0.47093700025428636,0
24001,0.24477704601575784,0
24002,0.6208495819690386,0
24003,2.871617856000485,1
24004,1.021567102489786,0
24005,0.23092172525047933,0
24006,1.4698033536812598,0
24007,0.47725462158261134,0
24008,1.2545244177258292,0
24009,0.7410812600607476,0
24010,0.31995640119200586,0
24011,0.3735307789155974,0
24012,1.1650168468543136,0
24013,0.7824185959210234,0
24014,0.13304523990929715,0
24015,0.19777322618513674,0
24016,0.3626997626936165,0
24017,0.7661425461128479,0
24018,0.623261447940544,0
24019,0.5730711030547736,0
24020,1.5650495893485243,0
24021,0.8356897086343695,0
24022,1.5330316129706336,0
24023,1.0334804806541895,0
24024,1.014999021539266,0
24025,0.9479738949290079,0
24026,1.1664484772561075,0
24027,0.9168531913002876,0
24028,1.623642873950215,0
24029,1.3312595354038435,0
24030,0.5322906819064797,0
24031,0.27442613522270254,0
24032,1.2954839777704978,0
24033,0.2497957178310804,0
24034,0.36695048924425133,0
24035,1.3547226327682385,0
24036,0.9043501272500883,0
24037,0.7442344564903596,0
24038,1.1081032680746439,0
24039,0.7029758107923127,0
24040,0.8280915521890805,0
24041,1.4814672127095863,0
24042,0.9834822602686675,0
24043,0.7690721852115828,0
24044,0.1494222431435309,0
24045,0.20044254628671404,0
24046,0.48850289793617263,0
24047,0.3073254223998285,0
24048,0.3575786126421819,0
24049,0.14187462627999856,0
24050,3.558724373744751,1
24051,2.284399436204827,0
24052,1.0251596345759324,0
24053,1.5715402689502889,0
24054,1.2315336728685566,0
24055,0.19146346305293918,0
24056,1.1857222106552034,0
24057,1.5611741963676666,0
24058,1.1492573060016829,0
24059,2.4844360064775053,1
24060,2.3257824851790683,1
24061,0.2891522711006183,0
24062,1.5628202948504923,0
24063,1.501787187482964,0
24064,0.7508049282832221,0
24065,0.8420075000616055,0
24066,1.7747750141825016,0
24067,0.7139667707575056,0
24068,0.18737739930630895,0
24069,0.6087718123636591,0
24070,0.7943689701165069,0
24071,0.7928662609924638,0
24072,1.3736530024772469,0
24073,0.40848785921166986,0
24074,1.8427971563911991,0
24075,1.8238557547594076,0
24076,0.5954274132024788,0
24077,1.547273655296244,0
24078,1.0390977168470104,0
24079,0.3716680805828539,0
24080,0.5693816413698937,0
24081,0.9536475098938662,0
24082,0.4936101899785045,0
24083,0.3367144645718295,0
24084,1.1283390239333904,0
24085,1.833730323183253,0
24086,0.27589560782460587,0
24087,0.92225012924211,0
24088,0.27667129258881207,0
24089,1.3078096601215723,0
24090,1.602565435892915,0
24091,1.048440699957912,0
24092,0.9603985429222662,0
24093,3.011019643136489,1
24094,2.245102783629505,0
24095,0.4899157177013075,0
24096,0.6965140768901963,0
24097,0.7855967408921986,0
24098,1.7034834248374637,0
24099,0.7009769883657732,0
24100,0.1678366780221109,0
24101,1.1192556969151177,0
24102,0.746440411405982,0
24103,1.874916401460565,0
24104,1.4279021602495212,0
24105,0.09778484354052293,0
24106,0.41417925886689694,0
24107,0.35425479426210316,0
24108,0.460725003395004,0
24109,1.0594478459898937,0
24110,0.25956993137392914,0
24111,1.672862266772907,0
24112,0.1412080334309805,0
24113,1.7348774253577162,0
24114,1.4113290653294157,0
24115,0.7159323626897184,0
24116,2.93841552339203,1
24117,4.413345624976505,1
24118,7.360589353087013,1
24119,1.0812180748352875,0
24120,0.8775693880962955,0
24121,1.3443081647632888,0
24122,0.06488643087060608,0
24123,0.22432071648080748,0
24124,0.17328532838057273,0
24125,1.160439479805266,0
24126,0.8559929866104925,0
24127,2.9679004055392246,1
24128,0.45454946669016427,0
24129,0.40918778297279046,0
24130,1.2684447512748105,0
24131,0.5865661567334401,0
24132,0.4890838446299002,0
24133,0.27732419314966766,0
24134,0.8131272302611567,0
24135,0.6063268449872617,0
24136,0.501620623811043,0
24137,1.4690862355063268,0
24138,0.24374493550550547,0
24139,0.8868970068929285,0
24140,0.3147012286906818,0
24141,1.4060205570061102,0
24142,0.36222311978738964,0
24143,0.06827871837952301,0
24144,0.1692802238872842,0
24145,0.38883003282562695,0
24146,2.2346253732919945,0
24147,0.4105728532502262,0
24148,0.2494199061918457,0
24149,1.2906828679231492,0
24150,0.7132992016334111,0
24151,0.3542291227033312,0
24152,1.3891339120456676,0
24153,1.234355453830143,0
24154,0.7645972523626426,0
24155,1.4570437358472073,0
24156,0.17022894836739902,0
24157,0.685876039531908,0
24158,1.3294707264383512,0
24159,1.5155357639332123,0
24160,0.5750749974347863,0
24161,1.135052939149529,0
24162,0.19863136535176737,0
24163,0.4642188556763103,0
24164,1.04535646427964,0
24165,1.1046020143310349,0
24166,0.5822360455417287,0
24167,1.1059350833999746,0
24168,0.7266175781969172,0
24169,0.4500710468075656,0
24170,2.6541401179767097,1
24171,1.2638909381857335,0
24172,0.6742023813846973,0
24173,0.4228135175094536,0
24174,0.9165668169562121,0
24175,0.19273699966106722,0
24176,2.2896816496797023,0
24177,0.33457000590627073,0
24178,1.678978488605912,0
24179,2.417136676807965,1
24180,0.2789454294884262,0
24181,1.0017970426488179,0
24182,0.9226771487161625,0
24183,0.6664557459061176,0
24184,1.3444427785058128,0
24185,0.4521064929654509,0
24186,1.4250381087727397,0
24187,2.8696367736367403,1
24188,0.5031983408383012,0
24189,1.3105250476418315,0
24190,1.7367072683055234,0
24191,0.9693924744830247,0
24192,0.3773698566033684,0
24193,2.2287400609094385,0
24194,0.1584164407028411,0
24195,1.3517233448058872,0
24196,1.2709106171077604,0
24197,0.38266465321803844,0
24198,1.4067968782894646,0
24199,1.2659796872471536,0
24200,0.5065775663840232,0
24201,0.5294845395383667,0
24202,1.8423285166355794,0
24203,0.5406746717679528,0
24204,0.27416149955984076,0
24205,1.4907931746505771,0
24206,2.5519482885984304,1
24207,1.8807698701149715,0
24208,0.20500428330998482,0
24209,1.354163585672747,0
24210,2.3864948379449955,1
24211,0.7830091950985489,0
24212,1.0308377962310415,0
24213,1.3357891256526948,0
24214,0.7424029437718964,0
24215,2.4303367928286437,1
24216,1.7124287173722958,0
24217,1.1480896667946572,0
24218,0.8717685811080088,0
24219,2.5615703225840654,1
24220,1.4591060937582618,0
24221,0.48145370934963355,0
24222,2.906007241860009,1
24223,2.322804887686325,1
24224,0.48415042267179026,0
24225,1.4432804070879837,0
24226,0.7266984946680934,0
24227,0.8631632783041503,0
24228,1.0988986503371225,0
24229,0.7173324553798677,0
24230,0.5816033048289209,0
24231,0.6887762053825908,0
24232,1.1539107153496269,0
24233,2.807343459877127,1
24234,0.917429562662136,0
24235,1.3847651574241062,0
24236,1.158191899391342,0
24237,0.28457745378962185,0
24238,0.200748540598719,0
24239,2.1874134917131505,0
24240,0.5095512774813294,0
24241,0.3126003993227117,0
24242,0.6678644230589574,0
24243,0.9556599371692108,0
24244,2.2280970368251096,0
24245,0.6944408492063472,0
24246,0.6900687386150735,0
24247,1.9670686814406544,0
24248,0.5425003048023859,0
24249,1.8273065514024993,0
24250,1.6070481533533965,0
24251,0.4581160724055243,0
24252,1.2433313696640989,0
24253,0.4187241475232485,0
24254,1.4289757334282374,0
24255,0.28309333136231574,0
24256,0.968169442696359,0
24257,0.9908622323172116,0
24258,1.1606593523580966,0
24259,0.5613450027710888,0
24260,0.4897122223650044,0
24261,0.8825950394154475,0
24262,2.458983783750582,1
24263,0.9596440845859678,0
24264,0.10319228823287512,0
24265,0.699507928564344,0
24266,0.7892532743733351,0
24267,0.7571921285373799,0
24268,2.458630780512152,1
24269,0.13816323134701608,0
24270,0.19094747308550158,0
24271,0.613137551523588,0
24272,0.8903155150038881,0
24273,1.90818335064318,0
24274,2.06869742986867,0
24275,0.6775376763183144,0
24276,0.33219101038871257,0
24277,0.6959266520153042,0
24278,1.0108707903276113,0
24279,0.22737122578546254,0
24280,0.6448400957660707,0
24281,0.7406630670084113,0
24282,0.25282845862261316,0
24283,0.4842106076698515,0
24284,0.9899955796034291,0
24285,0.9557997804252139,0
24286,3.0701554312468127,1
24287,0.7647243898430622,0
24288,1.4736635395218727,0
24289,0.8636432001551115,0
24290,1.8758091211089323,0
24291,0.9230979150517836,0
24292,0.27511278164093367,0
24293,0.2595459006228141,0
24294,0.33358720599517977,0
24295,2.4751504735711682,1
24296,0.9804156370884003,0
24297,0.576356801683365,0
24298,0.3475920040709751,0
24299,1.1921183560006072,0
24300,1.1670023867473875,0
24301,1.4608437783752288,0
24302,0.4888536506761305,0
24303,1.1127111615591818,0
24304,0.5317426474204512,0
24305,0.416911698663592,0
24306,2.249484989840888,0
24307,1.921291575618622,0
24308,0.4717799558426746,0
24309,1.0123833649830167,0
24310,0.8258174702824232,0
24311,1.125246344692054,0
24312,0.8158196954757788,0
24313,0.27699190423163106,0
24314,3.4341822226991825,1
24315,1.1383663299093336,0
24316,0.7888292751432397,0
24317,0.9351804467774011,0
24318,0.46624237387753836,0
24319,0.8151707902314917,0
24320,1.960426969074149,0
24321,2.3370800925436956,1
24322,3.3512865245259595,1
24323,2.3143648431435677,0
24324,0.7240521487767233,0
24325,0.2639537262599887,0
24326,0.2826248555189651,0
24327,1.1784819905204358,0
24328,0.5412214796982021,0
24329,1.2185841674062916,0
24330,1.4702661502260375,0
24331,0.7710100584918402,0
24332,0.6700615311673619,0
24333,1.2244577564833063,0
24334,0.8453263674878901,0
24335,1.2289136103076677,0
24336,0.49807032600783174,0
24337,1.6429643268200196,0
24338,1.2136176143837956,0
24339,0.6042652273233069,0
24340,1.0928854549559432,0
24341,1.2423258814292344,0
24342,0.799368734762341,0
24343,2.0523083706852927,0
24344,1.9379644565612495,0
24345,0.9950518382982683,0
24346,1.0830350315927928,0
24347,0.7133597993075954,0
24348,2.7024607271404255,1
24349,0.20178288855886972,0
24350,1.2819380976750292,0
24351,1.1809456758768746,0
24352,0.7998931910639229,0
24353,1.9258513314529815,0
24354,1.2217258422058639,0
24355,0.1321011575664734,0
24356,2.865585761560826,1
24357,5.010242660614361,1
24358,1.576991511977289,0
24359,0.5423665751129569,0
24360,0.6870440276990217,0
24361,0.1161800144695064,0
24362,1.3512138665146445,0
24363,0.35201074575604097,0
24364,0.8938681550841826,0
24365,0.7147415076710162,0
24366,0.19524289528341646,0
24367,8.310430953869112,1
24368,0.29699166349272993,0
24369,0.5642153951617302,0
24370,1.7892030622386295,0
24371,3.005718835945788,1
24372,1.271170081179091,0
24373,1.013778336320263,0
24374,0.3903867580949385,0
24375,0.6387784273620827,0
24376,2.3864893819066473,1
24377,0.3995501396173182,0
24378,0.3493380248226967,0
24379,0.412678482778026,0
24380,0.520632964208633,0
24381,0.547773024198014,0
24382,0.902740703424973,0
24383,0.7959944164029535,0
24384,3.2106966237683237,1
24385,1.2205108102584556,0
24386,1.0311865530948958,0
24387,0.7172546994898064,0
24388,7.232699493776066,1
24389,2.2392782300693987,0
24390,0.21384412917808734,0
24391,1.1091926807504904,0
24392,2.2730764480124055,0
24393,0.32528871938629284,0
24394,0.9202146096048726,0
24395,0.9562744439993682,0
24396,1.097975261549252,0
24397,1.110504250863971,0
24398,0.48284504643610227,0
24399,1.0496771837200038,0
24400,0.5116563486003652,0
24401,0.7368560242431006,0
24402,1.2940224477753683,0
24403,1.9571701398617936,0
24404,0.2839841185094433,0
24405,1.4759016528732074,0
24406,0.8753697271073648,0
24407,0.232990182206398,0
24408,1.2077924283373498,0
24409,0.33996780951840894,0
24410,0.3252886027235765,0
24411,0.7912354980598911,0
24412,0.5306878344537587,0
24413,0.664512750591167,0
24414,0.7951216638355765,0
24415,0.8223077583044371,0
24416,0.41882425321380634,0
24417,0.5909981741036293,0
24418,0.5539506127841172,0
24419,0.4399256617316928,0
24420,1.7356995228756074,0
24421,0.7442257756236905,0
24422,1.1132311320186707,0
24423,0.3809667860869629,0
24424,1.0853598875570565,0
24425,0.37896641609093845,0
24426,2.7375591797987058,1
24427,0.87084681226329,0
24428,0.6365134507702919,0
24429,0.37054379486485345,0
24430,0.8671797269676255,0
24431,0.6657964578374767,0
24432,1.0091403638787895,0
24433,0.5541500880543504,0
24434,0.7130591241423754,0
24435,0.4215973521648403,0
24436,0.2827042446200297,0
24437,0.4246380080800115,0
24438,1.0985266849156408,0
24439,2.1347899909832635,0
24440,0.9362304694685903,0
24441,0.7837600770848765,0
24442,0.4709603404916871,0
24443,1.7994049014350537,0
24444,1.5588084726211529,0
24445,1.6548336027248307,0
24446,1.7610321341931923,0
24447,1.2289633031449245,0
24448,2.037874718522625,0
24449,1.2128507240108184,0
24450,1.044883759046137,0
24451,0.20867974192029362,0
24452,0.6245714615846812,0
24453,0.9298211972068684,0
24454,0.6330149255948628,0
24455,0.4011875979624314,0
24456,0.6188849730968615,0
24457,1.2110840820414654,0
24458,0.6731732553747599,0
24459,1.417647930763744,0
24460,0.49477444922998604,0
24461,0.5560636409124633,0
24462,0.3631433048115003,0
24463,0.7732516554573057,0
24464,1.0026839771428404,0
24465,0.38945070944396026,0
24466,1.6656088408427934,0
24467,0.5508660798709724,0
24468,1.3100109809883165,0
24469,0.7730297409273219,0
24470,2.4425542700235097,1
24471,2.106929835810944,0
24472,1.089898241751727,0
24473,0.5509352927434311,0
24474,0.3837328413518104,0
24475,2.7847186979142857,1
24476,2.4360852465100598,1
24477,0.5057986956113771,0
24478,3.250226293162695,1
24479,0.3607779918434305,0
24480,0.3361406446252081,0
24481,1.6089738632665327,0
24482,0.23510059325961657,0
24483,0.24897522998491178,0
24484,1.395049084027502,0
24485,0.5800102666607831,0
24486,0.6606661068264023,0
24487,0.365181064197355,0
24488,0.3156904278358992,0
24489,1.2800565788560903,0
24490,1.7211113062187753,0
24491,1.666878294292983,0
24492,0.32771550941182687,0
24493,1.6626027351834793,0
24494,1.2326767604143363,0
24495,0.6129500771995259,0
24496,0.44585133977791624,0
24497,0.8640085413938966,0
24498,0.874848190312153,0
24499,2.0339130184941023,0
24500,1.20075378985241,0
24501,1.1669574196249939,0
24502,0.5293112918060681,0
24503,0.6514452046908356,0
24504,0.6868417017431838,0
24505,0.420152160155079,0
24506,1.0413236728759663,0
24507,2.1569836905538358,0
24508,0.8207578566451252,0
24509,0.43723137881714724,0
24510,0.26774736404216515,0
24511,1.0392152043632565,0
24512,1.3687462114474216,0
24513,0.5080997551223653,0
24514,0.33121171077657763,0
24515,1.0124561145728597,0
24516,0.7402207635969924,0
24517,0.4194122008110163,0
24518,2.324323254753044,1
24519,1.9975778185215993,0
24520,0.9113676413199627,0
24521,0.30979457159519946,0
24522,0.5447471489718574,0
24523,1.32019968990833,0
24524,1.864105012260994,0
24525,0.6659086519242763,0
24526,1.2404675726268566,0
24527,1.6182678725413016,0
24528,0.5050859374864352,0
24529,0.24095231512403598,0
24530,0.9124751238964948,0
24531,0.2696402628404605,0
24532,0.7941351234142026,0
24533,0.5660380805790272,0
24534,0.2047892847932713,0
24535,0.8069560709780843,0
24536,0.6289452506248882,0
24537,0.5110942967942937,0
24538,0.3531411016879743,0
24539,0.48896331772903423,0
24540,0.3144244771945212,0
24541,1.2666740847076732,0
24542,0.29441391819541507,0
24543,0.2427881765515524,0
24544,1.348561401882232,0
24545,1.3191230132102567,0
24546,0.7352346756142747,0
24547,0.5305478415862674,0
24548,1.3750472298777008,0
24549,1.467686907868634,0
24550,1.8576018687238296,0
24551,2.135241861774575,0
24552,1.6919682504777473,0
24553,2.439388014225597,1
24554,1.5150456330482034,0
24555,1.1215746212597275,0
24556,0.22746520822661723,0
24557,1.2600566528820145,0
24558,1.2198627223002823,0
24559,2.498920517854369,1
24560,0.1563377537491574,0
24561,0.4966373277168629,0
24562,0.9368387518851625,0
24563,0.8920291830439397,0
24564,0.3351862799429467,0
24565,0.35303554232514056,0
24566,0.4056975014730437,0
24567,1.3051871728571398,0
24568,1.3219448289230975,0
24569,3.243275060561854,1
24570,1.065771748490314,0
24571,0.21507807781808164,0
24572,0.1876621513190845,0
24573,1.6713280440014295,0
24574,0.33574142538401835,0
24575,1.3420139482357947,0
24576,0.271953821738341,0
24577,0.24029833629546204,0
24578,1.059377015370593,0
24579,0.8903685311204097,0
24580,0.38870863115360493,0
24581,0.23487723523241022,0
24582,1.5525103495102313,0
24583,1.2940472561255385,0
24584,0.6933159907497168,0
24585,0.19979894536898546,0
24586,0.1271771643658543,0
24587,1.672433599580741,0
24588,0.8043315965416202,0
24589,0.9948152796303736,0
24590,0.7125253396454474,0
24591,1.8662503720289236,0
24592,0.8766757014629549,0
24593,0.4841289688411653,0
24594,0.36457734916636453,0
24595,0.5144650618275359,0
24596,0.2460392502275822,0
24597,3.261699236109103,1
24598,0.8416650175746371,0
24599,1.1332597578080192,0
24600,1.3195950761869812,0
24601,1.5674746086562648,0
24602,0.7726553178376286,0
24603,1.0081166229987792,0
24604,0.9774619440783574,0
24605,0.4486539195191857,0
24606,1.4100133530633134,0
24607,1.5957952482108613,0
24608,1.3716801337339848,0
24609,0.2765704043139475,0
24610,0.5677849670898707,0
24611,0.7106835754575526,0
24612,0.4306580603350625,0
24613,0.5734057471818823,0
24614,0.4376087139290793,0
24615,0.3913558989303955,0
24616,0.8190531990073848,0
24617,0.8185266148513047,0
24618,0.2946821099482003,0
24619,1.7907099689542132,0
24620,0.19598972197695755,0
24621,0.20981150860349862,0
24622,0.4832454000108567,0
24623,0.3578752631792552,0
24624,1.3154968630781418,0
24625,1.2515508333828607,0
24626,0.29254925012690347,0
24627,0.31763908981615563,0
24628,1.0015273178781459,0
24629,0.4412312575371774,0
24630,0.9769054631668534,0
24631,0.22029198635532668,0
24632,0.7369853241870714,0
24633,3.3569927490639015,1
24634,2.2921361203784905,0
24635,2.1343856656515894,0
24636,0.7686832564010352,0
24637,0.9011438972145142,0
24638,1.7559221631450588,0
24639,0.24538918579754734,0
24640,0.23233138702980177,0
24641,0.4519130765560305,0
24642,3.5006070322230847,1
24643,0.7491927315070361,0
24644,0.5007189658709643,0
24645,0.7480579980589226,0
24646,0.9091229902338508,0
24647,0.42570789907534595,0
24648,1.5259703036336434,0
24649,0.2363339402158317,0
24650,0.4581526797836587,0
24651,1.4744899389955683,0
24652,0.6181145176819369,0
24653,2.2200260052210625,0
24654,0.5653531142818771,0
24655,0.5502499156051213,0
24656,1.594171087499547,0
24657,0.5012207909796562,0
24658,1.2289127274001193,0
24659,0.6953141477757883,0
24660,0.2213010097782211,0
24661,0.44088128375352487,0
24662,1.0731442165857321,0
24663,1.2952715338407972,0
24664,1.6117583888336866,0
24665,1.068066013506943,0
24666,1.0610160361617245,0
24667,0.19613742097776363,0
24668,0.18638188901231253,0
24669,1.5246590793019095,0
24670,3.2605096791728263,1
24671,0.3953665821466774,0
24672,0.3690417210868738,0
24673,0.5186407103237247,0
24674,1.396973817098082,0
24675,1.8195671118495873,0
24676,1.152003298204595,0
24677,1.7208694192455727,0
24678,0.8421558417365616,0
24679,1.1239854910538039,0
24680,0.9784734143027525,0
24681,0.719414771221482,0
24682,1.0178201376661247,0
24683,1.2600148461931966,0
24684,0.6195878221762353,0
24685,0.41959210171133776,0
24686,10.975204129313498,1
24687,0.7955501557027321,0
24688,1.0748503298112735,0
24689,1.0026425054962276,0
24690,0.8560864894087026,0
24691,0.48287352238125436,0
24692,1.8300619730406207,0
24693,0.9789897018670335,0
24694,1.0006180388394328,0
24695,1.188382856274691,0
24696,0.2200408298745086,0
24697,0.8608980435070549,0
24698,1.0084859783142508,0
24699,1.749074194973145,0
24700,0.668225062878348,0
24701,0.6854594244598589,0
24702,0.6628403753488298,0
24703,0.9867637808509777,0
24704,0.7329729337111928,0
24705,2.850089641113213,1
24706,0.3111528965448517,0
24707,1.5036550506627573,0
24708,0.8259780595846322,0
24709,0.7859159001151661,0
24710,0.2641226412580179,0
24711,1.6606266749440088,0
24712,0.5955551498647109,0
24713,0.4208373131991749,0
24714,0.9883457647275868,0
24715,1.821848145323322,0
24716,1.0494891443494159,0
24717,0.3753573396712273,0
24718,0.7997561767530159,0
24719,0.9144864233027956,0
24720,0.3368664035524267,0
24721,1.7615882208037668,0
24722,0.7852445759098468,0
24723,1.6903198263134616,0
24724,0.6404123051557005,0
24725,0.8887763601477253,0
24726,0.473556078034465,0
24727,1.8265084078064777,0
24728,0.9124929082982192,0
24729,1.3117245633007353,0
24730,1.3240655648583823,0
24731,4.591240069580668,1
24732,0.986438238661161,0
24733,1.2685598913879226,0
24734,0.7717445157390967,0
24735,0.643258149924326,0
24736,1.1405478927301247,0
24737,0.4225195072095483,0
24738,0.4305992937468123,0
24739,0.4401889245999281,0
24740,1.045234357432871,0
24741,1.0598848820609423,0
24742,3.416084645015902,1
24743,0.22742249433368783,0
24744,0.38512156407919595,0
24745,0.9688150620808619,0
24746,1.9581936587961697,0
24747,0.652801660269871,0
24748,0.6979523389514417,0
24749,0.7320615504534873,0
24750,1.5851583016125743,0
24751,0.1912542405460385,0
24752,0.8588433795600023,0
24753,0.2932514140412141,0
24754,0.6758697760436316,0
24755,0.9860578419665351,0
24756,0.6169917595680936,0
24757,1.4537131782600867,0
24758,1.7217536203110015,0
24759,2.092464694793866,0
24760,0.8831753410989446,0
24761,0.37214087062620466,0
24762,1.8647105784380869,0
24763,1.8808144117394459,0
24764,1.1783462395627489,0
24765,2.0097651175030955,0
24766,2.190695433549984,0
24767,0.6011983067499743,0
24768,0.8199201470240585,0
24769,0.5885321728819033,0
24770,1.2318229416432367,0
24771,0.4423069695776157,0
24772,0.7619826621482156,0
24773,1.0666083983676897,0
24774,0.805645928975806,0
24775,0.665554402386182,0
24776,0.7740206775612648,0
24777,1.738493734247821,0
24778,4.139353434492003,1
24779,0.3717250524580392,0
24780,0.6452854800542871,0
24781,0.9884563406982128,0
24782,0.30704665633660333,0
24783,1.8192149701721412,0
24784,1.1903629881963957,0
24785,0.6961074961670419,0
24786,0.25854474605120215,0
24787,0.5294484333292899,0
24788,0.21837792066688416,0
24789,0.2931968682097221,0
24790,0.4090681255836424,0
24791,1.5653115622506553,0
24792,0.30193132804367623,0
24793,2.0545416053699013,0
24794,0.8353562834343,0
24795,2.165878214014856,0
24796,0.9119977418651353,0
24797,1.1721296471412928,0
24798,1.1950714211675362,0
24799,2.5174513110631267,1
24800,0.43148423186831114,0
24801,0.972509985536907,0
24802,0.33264423953644967,0
24803,1.217943275858086,0
24804,0.7637678822046509,0
24805,0.5743445872896137,0
24806,0.9790879432393325,0
24807,0.9248493473928994,0
24808,1.1118810171854485,0
24809,0.9766591003401089,0
24810,0.8033438191251685,0
24811,0.40087862001073604,0
24812,0.8167809629966303,0
24813,0.19885017799702492,0
24814,0.30351897051963606,0
24815,0.811225247057898,0
24816,1.1145636728740285,0
24817,0.845614010018668,0
24818,1.1471552384364507,0
24819,0.43729587700629297,0
24820,0.22666054151033008,0
24821,0.498838980515859,0
24822,0.33714249161165355,0
24823,1.0953640996581495,0
24824,2.762915201439276,1
24825,1.6125490579924677,0
24826,0.6571994686583369,0
24827,0.6125643110900798,0
24828,0.9806040360057098,0
24829,0.583442948202599,0
24830,0.17757296711788978,0
24831,0.31023167526513373,0
24832,0.626775312834506,0
24833,0.5654075688085155,0
24834,2.022443060323082,0
24835,0.21630967729967704,0
24836,0.44155936286120845,0
24837,0.29816793455197094,0
24838,0.8670483616317576,0
24839,0.15469592985004402,0
24840,0.40354405940035826,0
24841,1.6224499109051114,0
24842,5.78409810914055,1
24843,2.417572502024054,1
24844,1.1085839551842276,0
24845,0.31342888098442495,0
24846,0.1224449968165218,0
24847,3.8781469526050016,1
24848,0.7277634073843118,0
24849,1.3413276314139242,0
24850,1.1686971440781633,0
24851,1.2076357446399233,0
24852,0.7773936748730039,0
24853,1.933980908073482,0
24854,0.24041732005734245,0
24855,0.7444415863354014,0
24856,3.0354739304133598,1
24857,1.5388562883189516,0
24858,0.6965068718688533,0
24859,0.8719431623843834,0
24860,0.7823260476936132,0
24861,0.4793942108480291,0
24862,0.34266465198622936,0
24863,0.7323280884484723,0
24864,0.5902109435363195,0
24865,1.3061287096484206,0
24866,0.7528968718601824,0
24867,0.7242038969039644,0
24868,0.9696735525550014,0
24869,0.9878690379293719,0
24870,0.5565917942784876,0
24871,0.8946279254432448,0
24872,0.265001735222194,0
24873,0.35352627320893476,0
24874,1.7914887234683874,0
24875,1.8187461204581752,0
24876,1.8543197545950103,0
24877,2.5289560310921315,1
24878,1.7171328621640818,0
24879,2.1359868764085546,0
24880,0.7828879583136437,0
24881,0.4137896731742516,0
24882,1.2432298296200721,0
24883,1.1593796331857096,0
24884,1.4820937255809192,0
24885,0.8973943676858263,0
24886,1.7153178161191107,0
24887,1.469860959295709,0
24888,1.0832167133081896,0
24889,1.7306089668100815,0
24890,2.8821906911914232,1
24891,0.6564241913510005,0
24892,0.8548392268440302,0
24893,0.4597233813383784,0
24894,1.8526540382655523,0
24895,0.29155937844550006,0
24896,0.325818517427589,0
24897,0.38832307901796587,0
24898,0.9439391563172531,0
24899,0.990744008334481,0
24900,0.5758944452235206,0
24901,3.588499486824368,1
24902,1.3646801737041958,0
24903,0.8406495922018603,0
24904,0.4468292066780748,0
24905,1.0858155386894353,0
24906,1.39638782112537,0
24907,1.6831354397979248,0
24908,0.700029212455024,0
24909,1.9546989490190565,0
24910,0.6018677739263777,0
24911,0.6923081395987596,0
24912,0.876210312083975,0
24913,1.1838246569966437,0
24914,1.5091863141079442,0
24915,1.7802994532579526,0
24916,0.9692268601553498,0
24917,0.17908066692326588,0
24918,0.9142671971294976,0
24919,0.7373014978278178,0
24920,9.458578743822315,1
24921,0.26422911716431335,0
24922,0.7998425509496263,0
24923,0.771066872334108,0
24924,0.6577569334728318,0
24925,0.2534277598104403,0
24926,0.35055659910032766,0
24927,0.1597115019980872,0
24928,0.5854968135327397,0
24929,1.4334892507050436,0
24930,0.608309954130035,0
24931,0.3183731336562462,0
24932,0.584578943912381,0
24933,0.5702652775240488,0
24934,0.8611087495307752,0
24935,1.5948983450863128,0
24936,0.5524774047793757,0
24937,2.04421812481738,0
24938,1.2544526349201794,0
24939,0.5539555801661404,0
24940,0.9067854801689048,0
24941,1.289131757133128,0
24942,1.5207115446548443,0
24943,2.224936001885336,0
24944,0.2569076992088879,0
24945,0.9798438167793769,0
24946,0.442479758248151,0
24947,0.6971072003134806,0
24948,1.676419034893943,0
24949,0.7982560989043884,0
24950,1.446956772713422,0
24951,0.3504331598180129,0
24952,0.7271539946153414,0
24953,0.24110521826067174,0
24954,0.624083790315108,0
24955,1.8652357205245937,0
24956,1.2193576615710275,0
24957,0.6454909797058879,0
24958,0.40440331571001115,0
24959,1.347602060991592,0
24960,0.5793243813375386,0
24961,0.4503259394111005,0
24962,0.7407081488473013,0
24963,1.638534863475083,0
24964,0.1678193478442418,0
24965,0.23326905455248195,0
24966,1.2660090429071866,0
24967,1.3973359292191108,0
24968,1.3760504080520959,0
24969,0.7137544923075579,0
24970,0.8359965474490292,0
24971,0.7235013446232893,0
24972,0.7956070952568952,0
24973,0.7670266694786646,0
24974,0.5868039233122835,0
24975,0.2530900295106092,0
24976,1.324594815729927,0
24977,1.4054268321368806,0
24978,4.480609657690644,1
24979,0.40003419757503045,0
24980,1.221713071262598,0
24981,0.16472375811056733,0
24982,1.2249024150333905,0
24983,0.734432870544939,0
24984,1.3921692921556714,0
24985,1.1540913214701616,0
24986,0.7403353263016959,0
24987,0.5046754240862537,0
24988,0.9338755185236594,0
24989,0.958336801981801,0
24990,0.6383829804157459,0
24991,0.6521421647044081,0
24992,1.4023002888831377,0
24993,1.1754122045331417,0
24994,0.2802218921434238,0
24995,1.7263658285673116,0
24996,1.021920746636778,0
24997,2.030550355779618,0
24998,0.4944265152022849,0
24999,0.9840711034720027,0
25000,1.2845578542056681,0
25001,3.856531364174665,1
25002,0.3869757789572512,0
25003,1.0492940857610042,0
25004,0.34053255646271563,0
25005,1.544073427567311,0
25006,1.5608312039498593,0
25007,1.268960739827604,0
25008,2.3287584936512777,1
25009,1.682900559188169,0
25010,0.8269698143021623,0
25011,0.5374002522625801,0
25012,0.6099831116731402,0
25013,5.828277455667366,1
25014,0.27105447585286,0
25015,1.8543125351032952,0
25016,0.8999323447284088,0
25017,1.09339709415646,0
25018,0.6740804347504398,0
25019,0.8213800190030971,0
25020,0.8247570249950774,0
25021,0.7619583170940994,0
25022,0.6101315119063132,0
25023,1.1146460590593654,0
25024,0.9602632410538442,0
25025,1.3496416237859543,0
25026,0.4730744274273994,0
25027,2.055203347535794,0
25028,1.1169484120606024,0
25029,1.8150891855404367,0
25030,1.1196261322913525,0
25031,0.4780826425605745,0
25032,0.6522132307183486,0
25033,0.1543736459652786,0
25034,1.6347773743423963,0
25035,0.4388218452033275,0
25036,0.745139467519712,0
25037,0.8063661792359881,0
25038,1.9107889853070936,0
25039,0.9522499419698519,0
25040,0.7453141629589137,0
25041,0.8696168636645325,0
25042,1.5206103918999871,0
25043,1.7291224662158378,0
25044,0.6197557816010424,0
25045,0.6951809976339056,0
25046,1.8958540835786457,0
25047,1.560728334870417,0
25048,2.8771627696141615,1
25049,0.7978534472923915,0
25050,1.3389575971873964,0
25051,3.4873398583503694,1
25052,0.17343135944773058,0
25053,1.4476337184188717,0
25054,0.6151373583372284,0
25055,2.1881810745663643,0
25056,2.2088729621532996,0
25057,0.5527021899890554,0
25058,0.9488616286927136,0
25059,1.3465616165882957,0
25060,2.1486023967268824,0
25061,1.5342000880997184,0
25062,1.4401032677271137,0
25063,0.2999603486089446,0
25064,0.6271030822247832,0
25065,0.6599110342432776,0
25066,0.2961612116731123,0
25067,1.6333930541234536,0
25068,0.9264295266904622,0
25069,1.0808367286775569,0
25070,1.0310194765542158,0
25071,0.9249041459418781,0
25072,0.3228944689664928,0
25073,0.4937907745981692,0
25074,0.19069611462458516,0
25075,1.9481723636292407,0
25076,0.7024280947196362,0
25077,0.48055483543440386,0
25078,0.7066579432963943,0
25079,0.9936263010491215,0
25080,0.9440073793448593,0
25081,1.2298764721467257,0
25082,0.724522839738844,0
25083,0.9572734953988181,0
25084,2.14027025118955,0
25085,0.27671802123543615,0
25086,1.4110680199688344,0
25087,1.1636707198250664,0
25088,1.9358083185301596,0
25089,1.6964407444671488,0
25090,2.7257646512401768,1
25091,1.1202798965082366,0
25092,0.4182941143795036,0
25093,0.5933286578267198,0
25094,5.888160506148483,1
25095,0.6425007691621802,0
25096,1.2337814629860517,0
25097,0.6220909378251027,0
25098,2.9700117401995,1
25099,2.0736167236734877,0
25100,1.1640591312049091,0
25101,1.5603929004426338,0
25102,1.0931734067331915,0
25103,1.1575724956461746,0
25104,0.7067010798616216,0
25105,0.6076143663089388,0
25106,1.2162351704800352,0
25107,0.25203205275719665,0
25108,1.0540617570659385,0
25109,0.5120269592400154,0
25110,1.021107403934698,0
25111,0.90581985360381,0
25112,0.7884855437878604,0
25113,0.24784197437285238,0
25114,1.7122702233549614,0
25115,0.24162565210745654,0
25116,1.0652178498796467,0
25117,0.3495314350784483,0
25118,1.2506602042560868,0
25119,1.1222033803308427,0
25120,0.8297092101260055,0
25121,1.672322856236373,0
25122,2.9876696679196697,1
25123,3.948363446656489,1
25124,0.8324965246754481,0
25125,1.2287371717077968,0
25126,1.8689435157496468,0
25127,0.38609991744987304,0
25128,0.817873566804554,0
25129,1.498561759851246,0
25130,0.9643472901606399,0
25131,0.7260177834911229,0
25132,2.4910856790426577,1
25133,0.7337217451815053,0
25134,0.3724576569192086,0
25135,1.4472134663249474,0
25136,1.168852001842653,0
25137,1.4865246073312666,0
25138,0.8235821687132411,0
25139,0.6880956134959344,0
25140,0.5271891594009339,0
25141,1.8211872468700967,0
25142,2.357282031132421,1
25143,2.990707455205188,1
25144,0.5591856125592576,0
25145,0.3511196550572464,0
25146,2.8423462851787136,1
25147,2.0962631602339834,0
25148,0.2946899208035114,0
25149,1.19236554072674,0
25150,0.3828682131597666,0
25151,0.836878122730697,0
25152,0.36830514296775985,0
25153,0.23287105024688876,0
25154,0.5274033451404736,0
25155,0.41515963422250407,0
25156,0.32564732422517784,0
25157,1.3051415436602067,0
25158,1.6776178543081872,0
25159,2.029229062787433,0
25160,0.25827020248310123,0
25161,0.19828716352864872,0
25162,0.828141742698509,0
25163,0.40619803986628805,0
25164,0.6472272799386705,0
25165,0.20211218818095586,0
25166,0.9860641758824539,0
25167,0.7151337091869673,0
25168,0.19742613383957663,0
25169,1.811448233638067,0
25170,0.8146495773677435,0
25171,0.17322482657003574,0
25172,0.8380396277181072,0
25173,0.18787316077484587,0
25174,0.6534494101260425,0
25175,0.9771418085061867,0
25176,0.5728145407366861,0
25177,1.6311219229584075,0
25178,0.18831553409644158,0
25179,1.103727139330306,0
25180,0.7740611664027977,0
25181,0.8921936566949347,0
25182,0.9842769200101895,0
25183,0.22190586510182278,0
25184,0.13704756433666807,0
25185,0.5218801744536655,0
25186,0.14322550826124106,0
25187,0.11829895349075885,0
25188,1.4605541724462718,0
25189,0.2567749009234703,0
25190,0.5222237092598963,0
25191,0.32376482114751887,0
25192,1.2198053126181478,0
25193,0.153945374290387,0
25194,0.3816838942558749,0
25195,1.2710162140455803,0
25196,0.2782322634298045,0
25197,0.29379968912900595,0
25198,0.7035839005029867,0
25199,0.692007208762256,0
25200,0.24818198640940628,0
25201,0.12846134711770113,0
25202,0.6999307125781413,0
25203,0.6763582117387361,0
25204,0.4956783652460606,0
25205,0.3714640494957167,0
25206,1.2264248644357165,0
25207,0.24685493636960326,0
25208,0.3427407585943171,0
25209,0.0967569285863983,0
25210,0.6623563015506633,0
25211,0.23786117036848245,0
25212,1.1621976409171917,0
25213,0.3891945692658051,0
25214,0.6297846939339664,0
25215,0.09896669400734745,0
25216,0.34962303991326305,0
25217,0.21176213502541827,0
25218,0.19588807765031835,0
25219,1.227712844397758,0
25220,0.643220840219548,0
25221,0.46732921758482704,0
25222,0.39623296405338226,0
25223,1.2306403868283435,0
25224,2.024535422579736,0
25225,0.6900248024847769,0
25226,0.39215854521615834,0
25227,0.31200759571293146,0
25228,0.1078015350951838,0
25229,0.40628378526828685,0
25230,0.0968204582670646,0
25231,0.7853768391405056,0
25232,1.1868926266494657,0
25233,0.6819892497407085,0
25234,0.5349097305322176,0
25235,1.5067648008548136,0
25236,1.0939123189725408,0
25237,0.6725973818513797,0
25238,0.7783567222439942,0
25239,0.20842418494468157,0
25240,0.8373359428330598,0
25241,0.47923079808173297,0
25242,0.8077807571832878,0
25243,0.6005804164721728,0
25244,0.9983904231505534,0
25245,0.9063915641659843,0
25246,0.3358825698952907,0
25247,0.38100897928898064,0
25248,1.1672209909031825,0
25249,0.24209220608576865,0
25250,0.8742754996636435,0
25251,0.3759240959061392,0
25252,0.4155579397384231,0
25253,0.21807730113922053,0
25254,1.2568337386568895,0
25255,0.3326723167899675,0
25256,0.28280318982928593,0
25257,0.6521159406015034,0
25258,0.4449808682820781,0
25259,0.3317504246266163,0
25260,0.8304599248461694,0
25261,0.8157955405838953,0
25262,0.4699973976413957,0
25263,0.0706819723919516,0
25264,0.4332082087867247,0
25265,0.3153036406829727,0
25266,0.7852525432349463,0
25267,0.10811449668511039,0
25268,0.5111932116704964,0
25269,0.11868601511461419,0
25270,1.265422348407402,0
25271,1.4792883881575676,0
25272,0.9909218431547095,0
25273,0.1066554781044973,0
25274,1.2227785702825913,0
25275,0.16979483074297055,0
25276,0.8930153909084775,0
25277,0.6836840317212205,0
25278,0.38325231424447803,0
25279,0.5290172982857072,0
25280,1.5343596267660005,0
25281,0.8972681740517778,0
25282,0.32322440821716586,0
25283,0.7996233996278967,0
25284,0.4210195508847178,0
25285,0.5418457772187724,0
25286,0.556192602635751,0
25287,1.5829495289330537,0
25288,0.14092833731139015,0
25289,0.8341461664409205,0
25290,0.5942153270892689,0
25291,0.22328807160300151,0
25292,0.5615929692907582,0
25293,0.24262679689733196,0
25294,0.6465768878554394,0
25295,0.16027680919667203,0
25296,0.43268731304023567,0
25297,0.1870124811457063,0
25298,0.4653145182607622,0
25299,0.18958926115827684,0
25300,0.15655608554526532,0
25301,0.4648307054823785,0
25302,0.6994155770084717,0
25303,0.30726153992933425,0
25304,0.27322947422765764,0
25305,0.6047378598048434,0
25306,1.1910292722025253,0
25307,0.15313668673933362,0
25308,1.975343765408151,0
25309,0.3988856642308217,0
25310,0.7906418376645742,0
25311,0.8259576607881742,0
25312,1.2713209681213207,0
25313,1.3446158408558169,0
25314,0.15931661033320857,0
25315,0.3289991532911327,0
25316,0.48577094536463294,0
25317,0.3440308068613275,0
25318,0.5661394709776578,0
25319,0.6374739102241879,0
25320,0.9902599807598484,0
25321,0.38269462365482876,0
25322,0.34450211872123154,0
25323,0.2841919126496693,0
25324,0.8669385892509135,0
25325,1.3344656719357526,0
25326,0.18582606561273846,0
25327,0.8484140532184561,0
25328,0.32137808847157673,0
25329,0.3757134712643327,0
25330,0.49531101199715344,0
25331,0.15967019805495106,0
25332,3.78747022690182,1
25333,0.8339086531588269,0
25334,0.5470098283569464,0
25335,0.677874078966431,0
25336,0.22471380127811966,0
25337,1.0088831086085215,0
25338,0.37354849714364086,0
25339,1.3255938479841343,0
25340,0.46426182144412953,0
25341,0.9011678578586505,0
25342,0.19298003695628405,0
25343,1.499340157053552,0
25344,0.37462100989219627,0
25345,0.2367147553819537,0
25346,1.0073855616697456,0
25347,0.4629382205655673,0
25348,0.2014956512026987,0
25349,0.1821368723788746,0
25350,0.6613083597621415,0
25351,0.8899557322426241,0
25352,0.3037537018457043,0
25353,1.605077386186005,0
25354,0.6171675199812009,0
25355,0.07707945194828379,0
25356,0.35647130821936335,0
25357,0.6988923737882045,0
25358,0.7783897328714293,0
25359,0.5093795041471295,0
25360,0.7295717170563834,0
25361,0.25728218078338044,0
25362,0.1710723416160123,0
25363,0.442294798215337,0
25364,0.20830417804430432,0
25365,0.5445448976481344,0
25366,0.28716853978727547,0
25367,0.7158623184978803,0
25368,0.1861359646103657,0
25369,1.0945725875090262,0
25370,0.5629971154335054,0
25371,1.1941516568819832,0
25372,0.319897476354684,0
25373,1.1121222782446951,0
25374,0.5147893391071545,0
25375,0.21046905468596505,0
25376,1.2004093176629103,0
25377,0.9062167474920706,0
25378,1.8001076836365466,0
25379,0.2670206505348479,0
25380,0.49210166673911326,0
25381,0.8758080590536853,0
25382,0.40822946041618635,0
25383,0.6372743707022084,0
25384,1.4229436054831521,0
25385,0.482548855991036,0
25386,0.6391453378425634,0
25387,2.7945795192174168,1
25388,0.21623232201236559,0
25389,1.8451261137317079,0
25390,0.7430846559057376,0
25391,0.33817182086995434,0
25392,0.708064022623381,0
25393,0.48386872064665437,0
25394,0.07658104012124725,0
25395,0.9966519248802423,0
25396,0.4752860433174978,0
25397,1.5825598165174457,0
25398,0.5914210289103808,0
25399,0.21137056996473053,0
25400,0.18950092295399001,0
25401,0.525779100365712,0
25402,0.3397218054597707,0
25403,0.17943142174198176,0
25404,0.4365283521324246,0
25405,1.2570336419249704,0
25406,0.19750475401144074,0
25407,0.9807818798639982,0
25408,0.7289905370550145,0
25409,0.8903860915610107,0
25410,1.6130481182640448,0
25411,1.1339596046591156,0
25412,0.29819193941409833,0
25413,0.2211518238644313,0
25414,0.9717629810197262,0
25415,0.34125852748898905,0
25416,0.3727501882166453,0
25417,2.944997982779099,1
25418,0.23553443345314756,0
25419,0.20591512834833314,0
25420,1.167712017510446,0
25421,0.39185015642476956,0
25422,1.6277818250227818,0
25423,0.7916375354765245,0
25424,0.13907714293155315,0
25425,0.16368771760556378,0
25426,0.8354084384931835,0
25427,0.5923848472136053,0
25428,1.1313491655791217,0
25429,0.22857756298777857,0
25430,1.6387295823065167,0
25431,3.8863707644355885,1
25432,0.234062426245913,0
25433,1.2506834437663596,0
25434,0.6519157605688667,0
25435,0.6858714269498145,0
25436,0.9680519513983225,0
25437,1.9371970921995458,0
25438,0.922645397936197,0
25439,0.31714559345866516,0
25440,0.420883278692256,0
25441,0.5750248732719453,0
25442,0.2168460513272584,0
25443,0.7548445235583405,0
25444,1.406599401603419,0
25445,0.2231469004142245,0
25446,0.16768504116120375,0
25447,0.8566587236379659,0
25448,0.37167612025016455,0
25449,1.7517293269791239,0
25450,0.37672723565306154,0
25451,0.5851926382839567,0
25452,0.7168683500925317,0
25453,1.1553102181105719,0
25454,0.38321376995349077,0
25455,0.23940158893093919,0
25456,1.0201809102202801,0
25457,0.8571252113184217,0
25458,2.0647510436477874,0
25459,1.2663273188851794,0
25460,1.0430873176377689,0
25461,0.2544077838593241,0
25462,0.6540436165282142,0
25463,0.15483870083400603,0
25464,0.2765482774407236,0
25465,0.6529510077339454,0
25466,0.14936474548100437,0
25467,0.7259402824612956,0
25468,0.3129888622508246,0
25469,1.3964836440704602,0
25470,1.1544798081117604,0
25471,1.482083080924315,0
25472,0.46866020887151016,0
25473,2.4245834716995747,1
25474,0.39418575611518,0
25475,0.16649338539020164,0
25476,1.6623245733506529,0
25477,0.39395380634008015,0
25478,0.5218341717651391,0
25479,0.8517441699673405,0
25480,0.6440430799924038,0
25481,0.8093956584948027,0
25482,1.2425940986343207,0
25483,0.16175766761520083,0
25484,0.762635342118678,0
25485,0.29985868070305993,0
25486,0.7889314635362684,0
25487,0.47502842468016215,0
25488,0.6315880540496306,0
25489,0.3127986583325111,0
25490,0.2992375418843052,0
25491,0.9827450862163716,0
25492,0.891419101173156,0
25493,2.1910071620237686,0
25494,0.19045128360019378,0
25495,0.23246640532146517,0
25496,1.2994811726042006,0
25497,1.655657499579121,0
25498,0.44083104152620367,0
25499,1.2218155856137254,0
25500,1.6451864997237167,0
25501,0.49618345347958065,0
25502,0.6857226538792677,0
25503,0.7097684094011566,0
25504,0.30394735675737666,0
25505,0.31065245212078957,0
25506,0.31650833183882987,0
25507,2.6316169212965494,1
25508,0.5034369749880393,0
25509,0.19571716095364153,0
25510,0.7633000283413096,0
25511,0.0671774794714867,0
25512,0.10949099019266792,0
25513,0.3200650554629313,0
25514,1.0833870772293988,0
25515,0.2289362808985982,0
25516,0.19230769960699895,0
25517,0.3726066604923749,0
25518,0.5340426548748275,0
25519,2.9465478982819024,1
25520,0.1841379514165952,0
25521,0.600210262389228,0
25522,0.3485532996471329,0
25523,0.18146887691360764,0
25524,0.44397425492693676,0
25525,1.5245503156895257,0
25526,1.4110214410102646,0
25527,1.7035495776388743,0
25528,0.6340243262799643,0
25529,0.6836912988356707,0
25530,0.5321212287664604,0
25531,0.20613985499020168,0
25532,0.40414626746632676,0
25533,1.2600987037729876,0
25534,0.19557816913138057,0
25535,1.256073381124616,0
25536,0.40269856462492404,0
25537,2.037068513349982,0
25538,0.8966398921751686,0
25539,0.2138954246934106,0
25540,1.6362817493058226,0
25541,0.2311600326561556,0
25542,0.4583008592758577,0
25543,0.2612365335917954,0
25544,0.350755930498253,0
25545,0.30087647065506784,0
25546,0.42751304624100095,0
25547,1.1331908777445032,0
25548,0.36428122961118553,0
25549,1.667234540379635,0
25550,1.4972831792985126,0
25551,1.2304496057442549,0
25552,0.7164439930460658,0
25553,0.7392653345734178,0
25554,1.5051619885423428,0
25555,0.5869735226063612,0
25556,0.17031497882910618,0
25557,1.300605316968874,0
25558,0.5559760661335866,0
25559,0.5592768966283292,0
25560,1.0766196100326313,0
25561,0.6506152630325619,0
25562,1.0280934023640507,0
25563,1.267771787414274,0
25564,1.9258682043600328,0
25565,0.18226311339513587,0
25566,0.32529516550488025,0
25567,3.204773831362437,1
25568,0.7019173483068775,0
25569,0.7864636224165535,0
25570,0.5865679187280122,0
25571,0.38484012794080336,0
25572,1.091599395721477,0
25573,0.21968944517184097,0
25574,0.6624672703206865,0
25575,2.668581451107354,1
25576,0.6237771981149962,0
25577,0.2276841011557324,0
25578,0.6797888473337397,0
25579,0.4419884312341191,0
25580,0.9798995269712746,0
25581,1.3002663598276656,0
25582,0.5646779859466674,0
25583,2.58641466109236,1
25584,0.6549510109977363,0
25585,0.21894545858307435,0
25586,1.5835447668352511,0
25587,0.8863413381654066,0
25588,0.30942679723010386,0
25589,1.380409523699191,0
25590,1.1738202804964457,0
25591,1.2775040402639355,0
25592,0.5636084569411983,0
25593,0.2711933874514084,0
25594,0.5980082995428857,0
25595,0.4175811127128945,0
25596,3.532489423779219,1
25597,0.17579869898888317,0
25598,0.614929800091409,0
25599,0.7764594376949436,0
25600,1.986382571539074,0
25601,2.925221418045017,1
25602,0.3861341301729852,0
25603,0.17833041202798694,0
25604,0.8251249215612653,0
25605,0.255234838577187,0
25606,1.230750342273367,0
25607,1.1367121304533128,0
25608,0.23669917457955583,0
25609,0.14285999920332487,0
25610,0.6130439397641699,0
25611,0.34827489230555175,0
25612,0.3657415769994925,0
25613,0.47927942718525773,0
25614,0.9219386046406995,0
25615,0.3101297717835159,0
25616,1.1610097107284771,0
25617,0.7685622671912563,0
25618,0.6492491611725542,0
25619,0.7519303510688455,0
25620,0.2293377375246493,0
25621,0.32177158496498565,0
25622,1.3275115216903057,0
25623,2.5642609336029687,1
25624,0.48987045865928813,0
25625,2.0235679124253223,0
25626,0.9606863696153105,0
25627,0.4864932069923979,0
25628,1.338633964547539,0
25629,0.5183692923914895,0
25630,0.453996192317216,0
25631,1.1059265836716365,0
25632,1.1088058543034378,0
25633,0.3826147944843069,0
25634,0.21193915595214516,0
25635,0.1941040955219763,0
25636,1.303234349978101,0
25637,0.9579035919251775,0
25638,0.45992493904089915,0
25639,0.2727620050770284,0
25640,1.590890511505031,0
25641,1.3105234093196512,0
25642,0.22395967315978366,0
25643,1.266708815930562,0
25644,0.1888005096015179,0
25645,0.4912485528108711,0
25646,2.1845168022130412,0
25647,0.5692388439138342,0
25648,1.0427925340088193,0
25649,0.25847081324790705,0
25650,2.641918600511038,1
25651,0.4305456949494622,0
25652,0.12849740530341508,0
25653,0.0588093285785817,0
25654,0.1359230140135521,0
25655,0.814382435001435,0
25656,0.35098432365478527,0
25657,0.10254459893083098,0
25658,0.4325495800013382,0
25659,0.8432869202558658,0
25660,0.1196948140896968,0
25661,0.8872414013684914,0
25662,0.25101786453650504,0
25663,1.16810030494318,0
25664,0.7930725229337124,0
25665,1.0905226663931846,0
25666,0.4136700615925717,0
25667,0.13128332760163652,0
25668,0.6307796849821059,0
25669,1.080041081099212,0
25670,0.2863619349437351,0
25671,0.9327204375679233,0
25672,0.8858949157384274,0
25673,0.7855699697436138,0
25674,0.28831306599124434,0
25675,0.3066692934648861,0
25676,0.9871284265212761,0
25677,1.5266189276104636,0
25678,0.3199504072701028,0
25679,0.32155943922285674,0
25680,1.035712540997941,0
25681,0.610168278669873,0
25682,1.6305179363079059,0
25683,0.939707366730827,0
25684,0.46132628796403097,0
25685,3.6988031965635217,1
25686,0.8940974591883549,0
25687,0.5992489014591564,0
25688,1.4538702460548745,0
25689,2.6613590820449446,1
25690,0.39739647966431824,0
25691,1.148115896328348,0
25692,2.1637100632691935,0
25693,0.7966378419493075,0
25694,0.8632034767000739,0
25695,1.7495166839497436,0
25696,0.41414175343504384,0
25697,0.176321406754798,0
25698,0.36029798037190325,0
25699,0.27020128706010865,0
25700,0.697234477787827,0
25701,1.4433240761558241,0
25702,1.0069753798156897,0
25703,0.40621824639067083,0
25704,1.3685990723525223,0
25705,0.7031936576652885,0
25706,1.4015968228572326,0
25707,1.505000027683643,0
25708,0.5091082214709869,0
25709,0.2267464982521786,0
25710,0.22408919981229572,0
25711,0.7798857617541853,0
25712,0.8198602952604389,0
25713,0.29059824019481345,0
25714,0.5892318043286292,0
25715,1.355381018239759,0
25716,0.7421692052856192,0
25717,0.5072191122456581,0
25718,1.6286529243576173,0
25719,0.3445928923668783,0
25720,0.9779482015357388,0
25721,0.5424804964625596,0
25722,0.7739693634355056,0
25723,0.3606717975473921,0
25724,0.10544593630264573,0
25725,1.6181610716923749,0
25726,1.5983344718125536,0
25727,2.426773612358734,1
25728,0.9583754857014958,0
25729,0.37784948019426307,0
25730,0.7112885136842545,0
25731,23.416620826987838,1
25732,0.38020896391274095,0
25733,0.22353152399458337,0
25734,0.7112149105537047,0
25735,0.40064563673262193,0
25736,0.7031152112679452,0
25737,0.3784488816777296,0
25738,0.8201149597889371,0
25739,0.370172651597797,0
25740,1.8021227203366614,0
25741,1.0402461535487941,0
25742,0.610969500824301,0
25743,1.0228638361167384,0
25744,0.3628503758810802,0
25745,1.493834692387471,0
25746,0.6588474431824435,0
25747,1.0186097098076246,0
25748,0.9830397918678804,0
25749,0.35210011817287346,0
25750,0.9741884164184853,0
25751,1.0413446807127873,0
25752,1.0921374467722167,0
25753,0.7662274065381502,0
25754,1.5999274155020964,0
25755,0.48212329926404857,0
25756,0.5095648829448602,0
25757,0.6121947305237152,0
25758,1.6087805658433756,0
25759,0.28333278238449405,0
25760,0.7978472943155486,0
25761,0.5078937490865486,0
25762,3.0715691886180134,1
25763,1.0793790048344238,0
25764,0.6917511214439325,0
25765,0.4205259569610484,0
25766,2.706604114999395,1
25767,1.8283994657254887,0
25768,1.9426048811334489,0
25769,0.709250425506705,0
25770,0.9422845342452645,0
25771,2.7506550218508425,1
25772,0.7874178822165765,0
25773,0.9395756542610062,0
25774,1.0091762639649422,0
25775,0.7261604173087207,0
25776,0.30322329341785464,0
25777,0.9169360037747849,0
25778,1.107389031885257,0
25779,0.6031962717895827,0
25780,0.4727284482307386,0
25781,1.0064343650778047,0
25782,0.6674776428288994,0
25783,1.125816364303637,0
25784,0.9363623986447628,0
25785,0.4860496369758172,0
25786,0.28140163000398555,0
25787,0.7873303573498819,0
25788,0.32044011356814284,0
25789,0.7901482160582379,0
25790,0.5680379341356268,0
25791,0.8618554909327891,0
25792,2.248157919524968,0
25793,1.1943897219926423,0
25794,0.40895062311027386,0
25795,0.24561335200207907,0
25796,0.3340866441843549,0
25797,0.4173474342239693,0
25798,0.19914295660465584,0
25799,2.076041568873962,0
25800,0.18062954623952304,0
25801,1.244468294156865,0
25802,1.45291851006034,0
25803,0.6587465348562271,0
25804,0.7875154399084116,0
25805,0.102441344595402,0
25806,0.5196173155439976,0
25807,2.4855307537462257,1
25808,1.0800460167308734,0
25809,1.617622393064725,0
25810,1.5231301243962123,0
25811,0.605838647207629,0
25812,2.005975201178507,0
25813,1.4027275211197243,0
25814,0.33597103973168574,0
25815,0.5670451129378413,0
25816,0.7391707566573641,0
25817,2.0594578993918575,0
25818,0.3384729976280755,0
25819,0.17204675188856064,0
25820,1.8471105665054286,0
25821,1.3906575182920187,0
25822,0.8070454510234033,0
25823,0.678986001602538,0
25824,0.5659624835624866,0
25825,0.9567456480478116,0
25826,0.818339798693378,0
25827,0.5900864219868751,0
25828,0.6228738712879867,0
25829,0.10911180044182403,0
25830,0.5391514659458194,0
25831,0.49049773689703946,0
25832,0.6348502670196574,0
25833,1.341345774312439,0
25834,0.5507037706943074,0
25835,1.2544087419673147,0
25836,0.36833556393612377,0
25837,1.975400011515888,0
25838,1.2070344814930096,0
25839,1.1163921291225087,0
25840,2.1418565857101433,0
25841,0.44011486911486114,0
25842,0.5309846479476201,0
25843,1.4296513749691515,0
25844,0.4539436658888629,0
25845,0.20582059650934853,0
25846,0.2771380910622881,0
25847,2.1634930443732703,0
25848,0.5261083984373208,0
25849,0.7855579029049284,0
25850,0.4640557838355832,0
25851,1.6361705027647475,0
25852,0.6449391166042051,0
25853,0.7713827747950325,0
25854,0.2769010379700502,0
25855,0.16456477711998413,0
25856,0.8289642986926754,0
25857,2.6367977229601047,1
25858,0.13440555690662617,0
25859,0.17375736313390952,0
25860,2.6225719974944073,1
25861,0.6856353279079948,0
25862,2.962963472522275,1
25863,0.5312174659837847,0
25864,0.33872174399647803,0
25865,0.6843841188258782,0
25866,0.7775309166403962,0
25867,0.2961889832810815,0
25868,0.23529338951915996,0
25869,5.451885358940555,1
25870,1.395160511756558,0
25871,1.2971428627774273,0
25872,0.8564353314531552,0
25873,1.907656165221514,0
25874,0.9681096266504534,0
25875,4.022630950412813,1
25876,1.7090341381492433,0
25877,4.20879938392344,1
25878,0.7755668481762795,0
25879,0.9148259848197535,0
25880,1.047770523999534,0
25881,0.46371806917993574,0
25882,0.2497213662274363,0
25883,0.8186188246960429,0
25884,0.610570507826446,0
25885,0.9513012964947354,0
25886,0.4644071769365129,0
25887,0.990226419821289,0
25888,0.8363226496161473,0
25889,1.0196228302689947,0
25890,1.3856803841588061,0
25891,0.1715971332772296,0
25892,0.9286211275004641,0
25893,0.2374295633968829,0
25894,1.1524220721272393,0
25895,3.7785945238488465,1
25896,0.23710846236439478,0
25897,2.555949200033192,1
25898,0.3090471126818548,0
25899,0.5968687851775624,0
25900,0.9927940596534205,0
25901,0.6004417394989804,0
25902,0.637945578911374,0
25903,0.3961783716084121,0
25904,1.5118383081582332,0
25905,0.13585986296114236,0
25906,0.18263539032826503,0
25907,0.6143843169407682,0
25908,0.5029826211336992,0
25909,0.3673047290768908,0
25910,1.0772808343680231,0
25911,0.43485785849904357,0
25912,0.8266678338526748,0
25913,3.6164624229009625,1
25914,0.2507776782202195,0
25915,1.1310747965745958,0
25916,0.3517544466255452,0
25917,0.6753326935735345,0
25918,0.8987219496346445,0
25919,0.4394341684273827,0
25920,2.426128037903195,1
25921,0.4292925859612029,0
25922,0.110541092895672,0
25923,1.103814273608327,0
25924,0.32954718155800106,0
25925,1.1760706333524802,0
25926,0.6583481793323893,0
25927,2.3014316502063563,0
25928,0.13590342880008452,0
25929,0.9630080795554464,0
25930,0.6446769231959422,0
25931,0.8514219379250099,0
25932,3.4642156079146167,1
25933,0.3627503846122885,0
25934,1.5207700463907337,0
25935,0.3074271145687041,0
25936,1.6722296480988355,0
25937,0.2888570217487909,0
25938,0.6876765885061201,0
25939,0.9973360907170514,0
25940,0.7025074465904575,0
25941,0.9040459931684197,0
25942,0.7354793108458585,0
25943,0.6070658094773713,0
25944,0.21728004339225046,0
25945,0.2917398383964732,0
25946,0.9943646900259514,0
25947,0.5837895755855185,0
25948,1.2710335377765285,0
25949,2.8621977242503203,1
25950,2.442788743422041,1
25951,0.3226262667623959,0
25952,1.1554903663045186,0
25953,0.7282628994122177,0
25954,0.7167223954422914,0
25955,0.730297284717468,0
25956,0.9506941366333651,0
25957,2.7306971243585236,1
25958,0.5649246221208937,0
25959,0.49830380584361356,0
25960,0.6405175856585894,0
25961,1.3763197052453546,0
25962,0.5016480966762485,0
25963,0.5465813580829698,0
25964,0.3825450944841099,0
25965,1.12315069659846,0
25966,0.301473333208829,0
25967,1.2083697870357013,0
25968,1.8706843777942097,0
25969,0.17961096517352387,0
25970,0.6819009815487577,0
25971,1.0531625303702732,0
25972,0.11625446008943759,0
25973,0.7112695002354166,0
25974,2.4826537955137242,1
25975,1.3085778892432556,0
25976,0.23390777649380606,0
25977,0.14657316659862868,0
25978,1.49584164571553,0
25979,2.024951954883094,0
25980,0.32067048202963144,0
25981,0.9670199950016866,0
25982,0.6673707971097045,0
25983,0.9047152314003182,0
25984,1.151688254563369,0
25985,0.2519427397677694,0
25986,1.2940911830365336,0
25987,0.30433671416868585,0
25988,0.7745925296375417,0
25989,2.051845030974205,0
25990,0.6857428552316153,0
25991,0.1792495005682609,0
25992,0.8114977387800127,0
25993,1.2777010569470875,0
25994,1.330803743865642,0
25995,0.7554266931289402,0
25996,0.30550843161576924,0
25997,0.42298683693848427,0
25998,0.5586917791447022,0
25999,0.2717302722826012,0
26000,0.20104163298607852,0
26001,0.8154050851456015,0
26002,2.931462553755771,1
26003,0.2917442476216222,0
26004,0.9416855776380203,0
26005,1.071584379951308,0
26006,2.093277675097588,0
26007,0.6902051882108715,0
26008,0.17270161798184155,0
26009,0.37226822056760844,0
26010,0.969017342792136,0
26011,0.30384158928934735,0
26012,0.7587412503286783,0
26013,0.7420202141712171,0
26014,0.4531928731595105,0
26015,0.5376124296522995,0
26016,0.5959937256527043,0
26017,0.20115901104066242,0
26018,0.8616917408051357,0
26019,0.94303285590392,0
26020,0.4513386214949466,0
26021,1.8782020983917733,0
26022,1.0271865576756063,0
26023,0.4462040963024979,0
26024,0.3599050875653054,0
26025,0.36027944169246945,0
26026,0.601322536196023,0
26027,0.3160550416272268,0
26028,2.860705787719481,1
26029,1.8407718803335897,0
26030,0.4411599914465083,0
26031,0.39701556519226633,0
26032,1.3221066124973437,0
26033,0.7738728926035744,0
26034,1.0514126489338396,0
26035,0.4833077657799859,0
26036,2.0299736825896306,0
26037,0.845474600580388,0
26038,0.0772604300886646,0
26039,0.487769098964385,0
26040,0.5870881589134245,0
26041,0.7747909522009593,0
26042,0.7884689473739181,0
26043,0.8089139385843765,0
26044,0.8572341439021713,0
26045,0.5663236138534796,0
26046,1.7819992886578213,0
26047,2.454913834661642,1
26048,0.4163256813563727,0
26049,0.8580213860444204,0
26050,1.3515752257141505,0
26051,0.9002183899182977,0
26052,0.4306220069504986,0
26053,2.9697270241040874,1
26054,1.8089081949786,0
26055,0.1339258461832317,0
26056,0.40858241270917856,0
26057,1.699106242668141,0
26058,0.0637276064287692,0
26059,0.5532871327121269,0
26060,1.0598274698355783,0
26061,4.420160406843027,1
26062,1.8432641604321376,0
26063,0.6559085817182788,0
26064,0.2924689045455521,0
26065,0.14343645672477115,0
26066,0.6225454525285933,0
26067,2.431157194169701,1
26068,0.301614512942216,0
26069,0.4354112821532505,0
26070,0.4205498629617521,0
26071,1.3255276130159135,0
26072,1.8566032836866389,0
26073,0.33231380005247896,0
26074,0.7176531534307052,0
26075,1.0272475382405788,0
26076,1.0533765638014718,0
26077,0.3469943726652569,0
26078,0.9433856102442538,0
26079,0.8082972733013921,0
26080,0.97793648448702,0
26081,0.4383433343811599,0
26082,0.45438923408362053,0
26083,0.2726629143643881,0
26084,0.766602804195929,0
26085,1.1098562012410749,0
26086,3.1474088474115622,1
26087,0.4321548804602801,0
26088,1.5634705134468505,0
26089,0.6239970203057605,0
26090,0.7024563507150787,0
26091,0.44047284231826633,0
26092,1.1116504648592234,0
26093,1.0999813149572515,0
26094,0.4598933141246235,0
26095,1.279902217339894,0
26096,0.14252831048337883,0
26097,4.303816336148546,1
26098,1.090474466417529,0
26099,0.8693159992922188,0
26100,0.36950036653747714,0
26101,0.37729494712966727,0
26102,0.16942222695136275,0
26103,0.957364584396655,0
26104,0.685524365007035,0
26105,0.17094051822655063,0
26106,1.0766745155867818,0
26107,1.6227979183453236,0
26108,1.0909194668871156,0
26109,0.3715373957106399,0
26110,0.6201942164969931,0
26111,0.3621620143602942,0
26112,1.6842805430676804,0
26113,0.1870078058460855,0
26114,0.3044418310301328,0
26115,0.16129029348653728,0
26116,0.24862842038513158,0
26117,2.1860241855037645,0
26118,0.2617963456486581,0
26119,0.7269571981371868,0
26120,1.1980806932880526,0
26121,3.4241156652821885,1
26122,0.6134836738582627,0
26123,1.840944959224816,0
26124,0.673367031573004,0
26125,0.7209196066296336,0
26126,1.5191353256555857,0
26127,0.3135637137586361,0
26128,0.4564943700264002,0
26129,0.6210440488385425,0
26130,0.8677119844977026,0
26131,0.35565806977589326,0
26132,0.3865905104893646,0
26133,1.7338891085565211,0
26134,0.7326093672713714,0
26135,0.34469513762648213,0
26136,2.1386328257427647,0
26137,0.6602709757872729,0
26138,0.491794401447896,0
26139,0.21920547361364023,0
26140,0.4124132588814877,0
26141,1.262681612624981,0
26142,0.5671645551912277,0
26143,1.1136032673228526,0
26144,2.165200069650358,0
26145,2.0073032215518034,0
26146,1.5233492071016912,0
26147,0.20306953916951312,0
26148,0.9715614145083812,0
26149,2.8273366561005253,1
26150,0.8615070382103905,0
26151,1.5539157184362278,0
26152,0.8755349565807489,0
26153,0.7849206063071146,0
26154,1.2077377216684932,0
26155,0.0792446267450643,0
26156,0.5880455043512507,0
26157,0.7212922871893123,0
26158,1.6968415878668786,0
26159,2.386442435629513,1
26160,1.6369006320724253,0
26161,0.40496732041567257,0
26162,1.6437269718162644,0
26163,0.6911770239015071,0
26164,1.5533296014784035,0
26165,0.32226940482365596,0
26166,0.48200506638007445,0
26167,0.9941747074700078,0
26168,0.8706055862369724,0
26169,0.9675998009818135,0
26170,0.7274119263222419,0
26171,0.28857613626228285,0
26172,0.7434815690945701,0
26173,1.3965253786600074,0
26174,0.5549702490083087,0
26175,0.37612133548206383,0
26176,1.628925597256836,0
26177,0.2441204792776591,0
26178,0.23439706880152905,0
26179,0.4324034115281984,0
26180,0.5530277130877614,0
26181,0.47585751817634936,0
26182,0.6030234618260559,0
26183,1.3959308817235787,0
26184,0.4343921518076616,0
26185,0.8587934612271331,0
26186,0.2805583267496045,0
26187,0.19594398746868022,0
26188,1.765261727120556,0
26189,1.6255137045486703,0
26190,0.6620725037063349,0
26191,0.29333576751872226,0
26192,0.5393900676725811,0
26193,0.7907718851283383,0
26194,0.3604779665213638,0
26195,0.5429544242658704,0
26196,0.27003937681058787,0
26197,1.7259819548145074,0
26198,0.7232973502836436,0
26199,0.615783785130036,0
26200,0.6203110809038176,0
26201,0.23880790688798298,0
26202,0.3276679837502664,0
26203,0.07738320036926445,0
26204,0.29385210636937825,0
26205,0.5376477517770718,0
26206,1.3572146963804417,0
26207,2.214267689777705,0
26208,0.6619480011030655,0
26209,0.7012521932348871,0
26210,1.813605759510504,0
26211,0.8967542053746229,0
26212,0.26139634405345513,0
26213,1.2236530443554194,0
26214,5.336846335080052,1
26215,1.0394863232759408,0
26216,1.3112954994468637,0
26217,2.4208570408931687,1
26218,0.227456695507999,0
26219,0.4042397893521832,0
26220,0.16128669784718863,0
26221,1.1262658530327596,0
26222,0.34599275547830766,0
26223,0.8688380857560813,0
26224,0.42358465452132565,0
26225,0.4777918855724657,0
26226,0.17106814390772565,0
26227,2.840133425428294,1
26228,0.21270694715890973,0
26229,0.3973029352769403,0
26230,1.7918795451493992,0
26231,0.5392334879042938,0
26232,0.4389510317186186,0
26233,2.4767171327559887,1
26234,1.4489153879299068,0
26235,0.6447243258178206,0
26236,0.8663251858162779,0
26237,1.6349767300128097,0
26238,0.7558718742466629,0
26239,0.2424335950227971,0
26240,0.42585045917182274,0
26241,0.5648038575127446,0
26242,1.2077051047441318,0
26243,1.3808861539060147,0
26244,1.9880137410623218,0
26245,0.3601309297830562,0
26246,0.6395528846578159,0
26247,0.29737596508049463,0
26248,0.7609892584466778,0
26249,0.08827471733936126,0
26250,3.041952501794478,1
26251,1.3323418541368897,0
26252,0.16301777638736523,0
26253,0.6057581185089056,0
26254,0.7373584101602125,0
26255,0.9727513432350268,0
26256,1.1568130066725362,0
26257,0.29120959046090017,0
26258,0.226198890059431,0
26259,0.4291006198378987,0
26260,0.6370629436437257,0
26261,0.5947295922426009,0
26262,0.4653674438298693,0
26263,0.4345817603460757,0
26264,0.36095197947436947,0
26265,0.2740653812837216,0
26266,0.2592774323975504,0
26267,2.1805555668971297,0
26268,0.2735352904250328,0
26269,0.5106771674086098,0
26270,1.0823201735480166,0
26271,0.663901632129325,0
26272,0.13718071450177705,0
26273,0.6090674632309991,0
26274,1.4000173315673599,0
26275,0.6966760781525295,0
26276,1.0763268286308694,0
26277,0.43582830670607225,0
26278,0.22305198387633007,0
26279,0.2058243947965166,0
26280,1.3738494900773073,0
26281,0.4227244852956997,0
26282,0.9748032863191639,0
26283,1.261820320964421,0
26284,0.2873273406594217,0
26285,1.3025101773068282,0
26286,0.9353789696982112,0
26287,0.3930271611215201,0
26288,0.5626499376986922,0
26289,0.21753486305807015,0
26290,0.7625978637298493,0
26291,1.6875676565408266,0
26292,0.9879192653563316,0
26293,0.7157362871465601,0
26294,1.1685140597794652,0
26295,1.4623363388270207,0
26296,1.116457699194442,0
26297,1.1412762003581034,0
26298,0.2929846995102695,0
26299,0.5955670980997401,0
26300,2.4597075898377105,1
26301,0.4281708001069166,0
26302,2.455480708508604,1
26303,0.8528179476494906,0
26304,1.3480186416562439,0
26305,0.18373842632367005,0
26306,1.5094690243850715,0
26307,0.4308590814734332,0
26308,1.1126765254757758,0
26309,0.6638391128730654,0
26310,0.1806135556164302,0
26311,0.15757786072493463,0
26312,0.16458287303130872,0
26313,1.4214159762068799,0
26314,0.5967145454251571,0
26315,0.7362969602343288,0
26316,2.418988843198412,1
26317,0.6565725608163825,0
26318,0.1501907868910999,0
26319,0.35702383703096763,0
26320,0.37764659872513356,0
26321,0.4968195014083728,0
26322,1.8031007504981296,0
26323,0.8745924954753566,0
26324,1.666926436123721,0
26325,0.15579900880533346,0
26326,1.2436382494724239,0
26327,0.618125675181304,0
26328,1.4723081193277199,0
26329,1.645430650205687,0
26330,0.8702246404287545,0
26331,0.39178776393109105,0
26332,1.4546811668287132,0
26333,1.0846655192496528,0
26334,0.11470631288312146,0
26335,0.5913622305420796,0
26336,1.0102416355587225,0
26337,0.3734489902971767,0
26338,0.870467042296956,0
26339,0.5702742804717216,0
26340,0.6668327931720771,0
26341,2.2023967806272564,0
26342,0.37487996421574366,0
26343,1.3009496589953946,0
26344,1.1913445310984954,0
26345,1.1517431893139864,0
26346,1.5238547282599777,0
26347,2.1805293859284167,0
26348,0.15771651124575464,0
26349,0.27378858034925413,0
26350,0.3135987179137674,0
26351,0.6917762895660058,0
26352,0.6376290481126284,0
26353,1.5789518946117151,0
26354,1.097784445004827,0
26355,0.5623819892576634,0
26356,1.9419446413909163,0
26357,1.3945676455770002,0
26358,1.2961969403769527,0
26359,1.2565583781493275,0
26360,0.4622124189993092,0
26361,0.3276705920649281,0
26362,0.8714434948652064,0
26363,0.20991658481582012,0
26364,0.23275458074856853,0
26365,0.8178816836083975,0
26366,0.871171146342491,0
26367,1.4111033578032994,0
26368,1.03793548606848,0
26369,1.1476122933285235,0
26370,0.14722332044581168,0
26371,0.47809310357558754,0
26372,1.505016941616271,0
26373,0.65870570060527,0
26374,0.9587317799515956,0
26375,0.45449620989985745,0
26376,0.6153962573826017,0
26377,0.5475651893268376,0
26378,0.4853451004017293,0
26379,0.16072136156811662,0
26380,1.1890721339234684,0
26381,1.5665513212855382,0
26382,0.2969200906787406,0
26383,0.563945879365645,0
26384,0.5367589685712586,0
26385,0.8493198154642462,0
26386,1.9976122637978322,0
26387,3.1918327211859863,1
26388,0.44688155846876604,0
26389,0.3226327308383569,0
26390,1.955178569504347,0
26391,1.6916629253271704,0
26392,0.8374674601116692,0
26393,0.16822225758914952,0
26394,0.9929416873822984,0
26395,0.7430353836173575,0
26396,2.356267042019106,1
26397,0.4547482702375074,0
26398,0.31208471898205387,0
26399,0.5311172995315843,0
26400,1.6629156760414248,0
26401,0.6849405088747638,0
26402,0.3004764944259327,0
26403,0.5189234699919121,0
26404,0.2069055900875246,0
26405,1.6399827408104772,0
26406,3.4250442503158816,1
26407,1.1346525925797877,0
26408,0.5359475046542587,0
26409,0.36411290218306863,0
26410,0.6463707650531751,0
26411,1.7973973487756267,0
26412,1.54178600210438,0
26413,0.3694399578371382,0
26414,0.6371242444807639,0
26415,0.5670033885097268,0
26416,1.3954655929338444,0
26417,2.3551277039909935,1
26418,2.240461696767323,0
26419,0.35099406825579615,0
26420,1.6695802333159016,0
26421,0.7898441929243207,0
26422,0.5430553130579744,0
26423,1.0723580005693816,0
26424,0.46367466188704853,0
26425,0.53564968829,0
26426,0.6836181453127705,0
26427,0.7213913007201622,0
26428,0.4657042140178981,0
26429,0.17381195328192053,0
26430,1.152911476591645,0
26431,0.3304278496104143,0
26432,1.179163799693717,0
26433,1.7317783418655064,0
26434,0.6116315424579872,0
26435,0.8150518380409885,0
26436,0.7346968893615407,0
26437,0.2520664216182502,0
26438,0.512407735711018,0
26439,0.8898598932888877,0
26440,0.8151787465601794,0
26441,0.637974642091869,0
26442,0.6714962000492666,0
26443,0.20176443755155654,0
26444,0.4510118129598813,0
26445,0.08180073571928162,0
26446,2.1280537359479146,0
26447,3.6218965144749555,1
26448,0.34223979075157906,0
26449,1.2256460896274972,0
26450,0.515452838548714,0
26451,0.4966886201766895,0
26452,0.3871078333891079,0
26453,1.0224404054319194,0
26454,1.6749363919836089,0
26455,1.2281304336593313,0
26456,1.6930794763081316,0
26457,0.8020010257084325,0
26458,0.4142720379412478,0
26459,0.20910632075894747,0
26460,0.33716895250977547,0
26461,2.6854894830415446,1
26462,0.162545349021224,0
26463,1.9669512865112533,0
26464,0.2781834783279481,0
26465,1.270450264539368,0
26466,1.631064720151946,0
26467,0.29171077673650153,0
26468,0.1749599187550891,0
26469,0.3412888011995961,0
26470,0.7352983185445626,0
26471,0.3614290794262758,0
26472,0.3883391270215283,0
26473,0.6086905424054299,0
26474,1.0933757326388434,0
26475,1.2188542981572508,0
26476,2.8698215451501596,1
26477,0.45647180937834353,0
26478,0.2573125308790707,0
26479,1.2359769096971518,0
26480,0.3461798915612497,0
26481,2.474170026331683,1
26482,0.4240540926160977,0
26483,1.2118973218725706,0
26484,3.3967204720571447,1
26485,0.3953686852262217,0
26486,0.46004263475705554,0
26487,0.7320980486206838,0
26488,1.2004330014420608,0
26489,0.9348424976111055,0
26490,0.41245766217040725,0
26491,0.4230199540015419,0
26492,0.6091020232210113,0
26493,0.31312185422930794,0
26494,0.6847970518225317,0
26495,0.7354689492770065,0
26496,0.7422414498314651,0
26497,0.28928947021610574,0
26498,1.1452056979464,0
26499,1.2869973794964573,0
26500,0.6491890069517685,0
26501,0.733929086435369,0
26502,1.1816632457236538,0
26503,0.7703047674841944,0
26504,0.8187766430094128,0
26505,0.5359050762844173,0
26506,0.7978176819649857,0
26507,2.8912905680494374,1
26508,0.7133395534907203,0
26509,0.990113786482187,0
26510,0.6431696744167877,0
26511,2.146575778137892,0
26512,1.5401997087496304,0
26513,0.4345948438706261,0
26514,0.3459701638892846,0
26515,0.6645924880260818,0
26516,0.6205052702179228,0
26517,0.9070422106893268,0
26518,0.9417714437586749,0
26519,2.1697078818575375,0
26520,1.1814692254278847,0
26521,1.3431948631953627,0
26522,0.3903431879628352,0
26523,1.26200274985195,0
26524,1.1171360587879502,0
26525,0.9173097731510754,0
26526,1.3498703702713535,0
26527,0.9861954260812,0
26528,1.4326830562322734,0
26529,0.5395185085284495,0
26530,1.1108856312885949,0
26531,1.1136218867773633,0
26532,0.5191537106126309,0
26533,1.2390207914099798,0
26534,0.27834597321316557,0
26535,1.10152796243382,0
26536,0.24243059814679535,0
26537,1.115947374175427,0
26538,0.26481147697275464,0
26539,0.9739454271989578,0
26540,1.43766561586817,0
26541,1.239678552595422,0
26542,0.5744667126173619,0
26543,0.7758066596505111,0
26544,0.8203519923619197,0
26545,0.2726859170546846,0
26546,2.237298395525575,0
26547,4.618945676267346,1
26548,0.17258115122530093,0
26549,1.8913356743727405,0
26550,1.4464522234441621,0
26551,1.067004675417336,0
26552,1.387113869787767,0
26553,1.6803379848508881,0
26554,1.1464031868895634,0
26555,0.2523422259561235,0
26556,0.6641205347381967,0
26557,2.9142480040773395,1
26558,0.6611226144903146,0
26559,0.4418708127499345,0
26560,1.2463775039709604,0
26561,0.7688837012606117,0
26562,0.8516619212999647,0
26563,0.9618396565243275,0
26564,1.621104741444801,0
26565,0.5150892528995066,0
26566,0.2126345683206538,0
26567,0.3678134861550503,0
26568,0.42757019068093205,0
26569,1.5088479116063276,0
26570,1.3023892637901195,0
26571,0.8081086202474017,0
26572,0.263984750755039,0
26573,0.35559476129806705,0
26574,2.015312771817368,0
26575,1.0738813535945024,0
26576,0.498449252097741,0
26577,1.6999206088972432,0
26578,0.8125403595999325,0
26579,0.5720820124344655,0
26580,2.4088162961887964,1
26581,1.1033275031702632,0
26582,0.501798699499171,0
26583,2.1386765900153613,0
26584,0.47452759543513573,0
26585,1.680350991316177,0
26586,0.08590767468050917,0
26587,1.1793363285480445,0
26588,0.9799280681355684,0
26589,1.3353358392753527,0
26590,0.3301348320372143,0
26591,0.7142594651416719,0
26592,1.54394959656497,0
26593,3.51164888523817,1
26594,1.097314970072289,0
26595,0.1987126305954781,0
26596,1.2023451497214197,0
26597,1.3646365168819663,0
26598,1.2491662438331153,0
26599,1.586588403305623,0
26600,0.31783615660869674,0
26601,0.0885965892682284,0
26602,1.2003509056947426,0
26603,0.27242626115140134,0
26604,0.8266629670083008,0
26605,1.1996084990834812,0
26606,0.7294960604507577,0
26607,1.483474050765255,0
26608,0.6778550480901574,0
26609,0.9953109829011367,0
26610,0.12405094081443706,0
26611,1.5524258435705212,0
26612,0.1783591547971338,0
26613,0.13791255311417427,0
26614,1.8874594251154142,0
26615,0.9007553271259898,0
26616,0.20195738874419633,0
26617,0.16490930578611565,0
26618,0.3114316934479941,0
26619,0.6772715669445539,0
26620,0.9416150395176563,0
26621,0.08901390120565146,0
26622,0.12561771922021206,0
26623,0.13574590923195343,0
26624,0.1074523515639009,0
26625,0.4722549982443205,0
26626,1.6617743301735821,0
26627,0.44937335393413597,0
26628,0.27154416511363844,0
26629,1.0541073581719964,0
26630,0.971569220448804,0
26631,0.9817060776773658,0
26632,0.10800607542932376,0
26633,0.14412328195707472,0
26634,0.24363220413512465,0
26635,1.0401569547160427,0
26636,2.27758646988136,0
26637,0.13928344651273247,0
26638,0.42312013485502364,0
26639,1.5130901860478665,0
26640,0.3526282953551488,0
26641,0.7927398528648918,0
26642,0.53583785049551,0
26643,1.0775461754155973,0
26644,0.1433051382160872,0
26645,0.11676985089310565,0
26646,0.23487717346386927,0
26647,1.4828891653373568,0
26648,0.594225969806377,0
26649,1.3211135377421719,0
26650,0.4456446519892864,0
26651,0.2028204827826377,0
26652,0.3194265419110578,0
26653,2.067627912042073,0
26654,0.5654833204747274,0
26655,0.22091863537259565,0
26656,0.15316826677868622,0
26657,0.16948582140983903,0
26658,1.1821912172962006,0
26659,2.3557371142641594,1
26660,0.7559394140207905,0
26661,0.39850844054770485,0
26662,0.11614089078223744,0
26663,3.188040925232248,1
26664,1.2441898306429207,0
26665,0.726811888253263,0
26666,0.9036525009665747,0
26667,1.2050228228168671,0
26668,0.12214133810973382,0
26669,0.45912474556631044,0
26670,2.5837091318271637,1
26671,0.9724767269658594,0
26672,1.919936894262745,0
26673,0.3539275613580938,0
26674,0.766264660671349,0
26675,0.17193910313053515,0
26676,0.708038132344505,0
26677,3.31334309639623,1
26678,0.09330433024060418,0
26679,1.0061011468063104,0
26680,1.232914127713598,0
26681,0.9228556604814427,0
26682,0.22644056322842573,0
26683,0.43818332481142547,0
26684,0.2450971752667356,0
26685,0.48336162974278124,0
26686,0.2782506397303566,0
26687,0.493466519182729,0
26688,0.1221921191823701,0
26689,1.23758725889813,0
26690,0.7711982437441086,0
26691,0.2140569970284097,0
26692,0.6582369355098432,0
26693,0.8393004542110326,0
26694,2.4587505999213253,1
26695,0.6765253379153295,0
26696,0.09856165618452817,0
26697,0.14571540723169304,0
26698,0.2854531718266973,0
26699,0.21102914008781362,0
26700,0.43652575600645643,0
26701,1.070204450652684,0
26702,0.42334942692683997,0
26703,0.2556177698573095,0
26704,0.5647941017564801,0
26705,0.7110454015583264,0
26706,1.0501949720416466,0
26707,0.1393224315452583,0
26708,0.7355858279228678,0
26709,0.5696849553332088,0
26710,4.922951548554696,1
26711,1.2147385579051229,0
26712,0.7549388144852704,0
26713,0.5681251634309905,0
26714,0.2136535536003056,0
26715,0.6399703492615256,0
26716,2.4673851440220966,1
26717,0.6900428898623057,0
26718,0.15679794536786745,0
26719,0.2370751321445479,0
26720,0.1296135979359136,0
26721,0.6509723815025918,0
26722,2.183285878981173,0
26723,0.3086756122092393,0
26724,0.9983360957175241,0
26725,0.4402590284725424,0
26726,1.0286455945857693,0
26727,0.8422592310659356,0
26728,1.0085788755066507,0
26729,0.22719571176238582,0
26730,0.3060559648048972,0
26731,0.22440541680964307,0
26732,2.3610244124342605,1
26733,2.0976131380357463,0
26734,0.28381219350638065,0
26735,0.5140084640161234,0
26736,0.5326028830842491,0
26737,0.9803453136195358,0
26738,0.27736862851755306,0
26739,0.9711594257838086,0
26740,1.6547638007776964,0
26741,1.154482739869147,0
26742,0.45190225537415485,0
26743,0.9564209453524366,0
26744,0.6160227626798604,0
26745,0.48539248894488446,0
26746,0.8556044362086016,0
26747,0.67310299868927,0
26748,0.29530531384239,0
26749,1.1240013527076438,0
26750,0.24785600316761572,0
26751,5.149821148171275,1
26752,0.3018840547307828,0
26753,1.2024923241209264,0
26754,1.0378732572127944,0
26755,0.1823407629083454,0
26756,0.7155019563119327,0
26757,0.34954336095495064,0
26758,0.13463652593997855,0
26759,0.9474324870196587,0
26760,0.6528776763755442,0
26761,0.7741468854648859,0
26762,0.8050061918148949,0
26763,0.4990693254187454,0
26764,1.4147329696813418,0
26765,0.24375196496953144,0
26766,0.10260981092280208,0
26767,0.10623865667236636,0
26768,1.1767664671730445,0
26769,0.5544111185055259,0
26770,0.3960931928431083,0
26771,1.6257618486625192,0
26772,2.1173694820740154,0
26773,2.7592997894351305,1
26774,0.8720210190836305,0
26775,0.4158424407672247,0
26776,2.0740829841096007,0
26777,0.34173946205616257,0
26778,0.8015462837441234,0
26779,0.5524371162252291,0
26780,1.7640787400508544,0
26781,1.8022295052218689,0
26782,0.808459664439577,0
26783,0.6744641022640757,0
26784,2.095901213601262,0
26785,1.0046188029083964,0
26786,0.48305612746985094,0
26787,0.23540881121752802,0
26788,0.550034691640142,0
26789,0.799669280232271,0
26790,0.7613738806162889,0
26791,1.8659683716022166,0
26792,0.9376482162080995,0
26793,0.8668185933695339,0
26794,2.1369516054486803,0
26795,0.9855200441169625,0
26796,0.5265550079370479,0
26797,1.1530390000466553,0
26798,0.3952026661378711,0
26799,0.943801348093864,0
26800,0.477647750244761,0
26801,1.1649818901685234,0
26802,1.2198672600081404,0
26803,1.791102607690582,0
26804,1.159824466450481,0
26805,0.16053561488600912,0
26806,0.7051109896080826,0
26807,1.7244169759144063,0
26808,0.4788152532004948,0
26809,0.41085938698029956,0
26810,0.22425317588357446,0
26811,0.26475170604750864,0
26812,2.2588750885898063,0
26813,0.3169429880840672,0
26814,2.1960860593153346,0
26815,0.5055770583526507,0
26816,0.5128309804137116,0
26817,0.294809566980873,0
26818,0.14560281821409002,0
26819,0.22663630223368952,0
26820,4.253863870485448,1
26821,0.3525915676482819,0
26822,1.1802687623575652,0
26823,0.2440491301613763,0
26824,1.4358842217614018,0
26825,0.3278302365876068,0
26826,1.107572558380469,0
26827,0.38992279923251333,0
26828,1.0919208673265612,0
26829,0.36089350739776477,0
26830,0.4154241271906301,0
26831,0.5838810420253828,0
26832,0.41493109817934376,0
26833,1.7639748832855073,0
26834,1.1348532356731886,0
26835,1.4289972500455481,0
26836,0.7415449766755048,0
26837,0.726058877532966,0
26838,3.7516645474761154,1
26839,1.0614649331120045,0
26840,1.3914944365217257,0
26841,1.3461370009929703,0
26842,3.5692233581211936,1
26843,0.3263505990265279,0
26844,0.39930236355356363,0
26845,1.0413330989629341,0
26846,1.2759339440652413,0
26847,1.0797112706367273,0
26848,0.588903385212799,0
26849,0.5681865665396344,0
26850,2.9984411858686264,1
26851,0.5681898945327181,0
26852,0.3823924704351319,0
26853,0.6292088001513533,0
26854,0.5895719142812008,0
26855,1.1579804008576577,0
26856,0.21908711459324942,0
26857,1.3054977047424974,0
26858,1.5579196822916646,0
26859,0.9717815225081108,0
26860,0.1673797402257003,0
26861,0.5883952421936243,0
26862,2.0981986959005132,0
26863,0.45132600928163563,0
26864,0.09906779375338129,0
26865,1.0418982512601525,0
26866,0.5786248974196452,0
26867,1.9646714346776597,0
26868,0.4810544460866589,0
26869,1.8692339960289963,0
26870,1.2197450123537958,0
26871,0.6033530948284346,0
26872,1.7961479788120953,0
26873,1.143425685901186,0
26874,1.1840182542983657,0
26875,1.007843667202215,0
26876,0.7874029931490846,0
26877,1.8427028437937527,0
26878,1.020761645905702,0
26879,0.9606159521471183,0
26880,3.010114470978494,1
26881,0.9412939549285365,0
26882,1.7380808943763348,0
26883,3.2944910555703486,1
26884,0.9763639996015281,0
26885,1.5445472380639107,0
26886,0.3575716657901089,0
26887,1.3827538197333236,0
26888,2.148964543731556,0
26889,0.9513226829480163,0
26890,3.914106441440366,1
26891,1.774370814416813,0
26892,0.7722713265901185,0
26893,2.1801134556627533,0
26894,1.6518578964633552,0
26895,0.33414530404669895,0
26896,0.3652283164239748,0
26897,1.0638229751775792,0
26898,1.1394631246290534,0
26899,0.509914432772941,0
26900,0.19801533866856774,0
26901,0.21871492488598557,0
26902,0.21731995088155753,0
26903,1.8197719800753194,0
26904,1.536775979166514,0
26905,0.6817799274340877,0
26906,0.5079324066133427,0
26907,0.47071399409904113,0
26908,0.25960995449285573,0
26909,0.741012636748361,0
26910,0.9620125212021001,0
26911,0.36291032557971936,0
26912,0.38420813000756604,0
26913,0.3752071092977624,0
26914,0.5982506387274996,0
26915,1.292283762923891,0
26916,2.203362287872423,0
26917,1.7422812769900484,0
26918,0.6865130435622129,0
26919,0.7205519949181884,0
26920,0.3940685610979989,0
26921,2.0510308587726054,0
26922,1.0056912902390416,0
26923,0.4974633385419522,0
26924,1.0997615561243315,0
26925,1.831068371192273,0
26926,1.330989391489265,0
26927,0.38606475469852064,0
26928,1.1292981541048621,0
26929,1.0157775536069298,0
26930,0.24702564921797615,0
26931,0.20947766353892106,0
26932,3.2545101021996623,1
26933,1.4213469278306115,0
26934,0.9611714573019396,0
26935,0.14873229746437155,0
26936,1.4459683347860808,0
26937,0.5601951209491678,0
26938,0.5482891288198852,0
26939,0.6707924363566904,0
26940,2.9106549098877323,1
26941,0.9389007265722498,0
26942,0.4198925055315959,0
26943,0.40021993395912003,0
26944,1.2830792265927746,0
26945,0.5244316056597691,0
26946,0.8530627222789068,0
26947,1.1224948030583655,0
26948,0.6042648306181985,0
26949,2.3280586385118758,1
26950,0.5110176668606398,0
26951,0.4143984004733829,0
26952,1.6124917676265684,0
26953,0.594184224565187,0
26954,0.6443266318464325,0
26955,0.3769623932702225,0
26956,1.323236749558216,0
26957,1.6278075536085281,0
26958,0.4213066695388405,0
26959,0.6430825425986261,0
26960,0.5375644063505847,0
26961,0.3848843433189451,0
26962,0.6978154193346604,0
26963,2.2049954808827037,0
26964,0.8566046540367157,0
26965,0.4060492111766315,0
26966,0.27592950014090956,0
26967,0.4069749603764869,0
26968,2.506796156312683,1
26969,0.7888134812916269,0
26970,0.7579586983347539,0
26971,0.27174796106334403,0
26972,1.0271419138225273,0
26973,0.9168471043742852,0
26974,0.34071305725879625,0
26975,2.108310911316731,0
26976,2.346939454110594,1
26977,0.5909837298483435,0
26978,2.6050047102697116,1
26979,0.7800767193821456,0
26980,1.073764115920143,0
26981,0.4970702071194445,0
26982,0.6183344417364867,0
26983,1.313414270654891,0
26984,1.2424461703542256,0
26985,0.6717484490493064,0
26986,0.4139002024466126,0
26987,1.7611849770922767,0
26988,0.47871330955589697,0
26989,1.5733196742350182,0
26990,0.20136560578074897,0
26991,0.69108479610222,0
26992,0.5816341188016543,0
26993,0.19403678871072882,0
26994,1.9265900115338517,0
26995,1.3024066823958018,0
26996,0.3288481072822615,0
26997,1.2720299960327768,0
26998,0.28269647918146473,0
26999,0.738480649556398,0
27000,0.9132759942579269,0
27001,0.5111071527874135,0
27002,0.6505317915311493,0
27003,2.0024490843515714,0
27004,0.7704268345951387,0
27005,0.4962572715516128,0
27006,0.8808720035266798,0
27007,1.4761447953282172,0
27008,0.8001904831898546,0
27009,1.2100375686483602,0
27010,0.8648046340300244,0
27011,2.694227410745836,1
27012,0.7565095366843303,0
27013,1.5382149965045748,0
27014,0.8291709427618468,0
27015,1.15104053799128,0
27016,0.685749017529979,0
27017,0.3588226765605705,0
27018,0.22028331247070962,0
27019,1.0906603953595682,0
27020,0.22888308812930713,0
27021,1.6292389839547028,0
27022,0.5451148179376619,0
27023,0.2526350798551552,0
27024,0.5973070014183758,0
27025,0.6941617697466294,0
27026,0.4865545359177673,0
27027,1.4660961462542716,0
27028,0.2884590915787334,0
27029,0.42244439384990445,0
27030,1.150257690112783,0
27031,2.1292664203381224,0
27032,0.6794588303202016,0
27033,1.179031041915601,0
27034,4.528475007105768,1
27035,1.0701178566164231,0
27036,1.3069980421631624,0
27037,1.1132389917370182,0
27038,0.6441767873270994,0
27039,0.2781832464283692,0
27040,1.2166974110334012,0
27041,0.933202907296133,0
27042,0.9282124140574105,0
27043,0.897252495146763,0
27044,0.996135191706203,0
27045,1.4812500988726347,0
27046,0.6918645018517021,0
27047,0.6677378242328426,0
27048,0.7447631541510009,0
27049,2.04586535735741,0
27050,0.5692225111012397,0
27051,1.1426209345184755,0
27052,0.19117003535336394,0
27053,1.0144406092909475,0
27054,0.8109736508368475,0
27055,0.2781472638350923,0
27056,0.43898589544386457,0
27057,0.7885235206537956,0
27058,0.6983483683344888,0
27059,0.7602598984646922,0
27060,0.41279073218513285,0
27061,1.0620639235408567,0
27062,1.3992195569447163,0
27063,1.404621240730145,0
27064,0.17612964770283793,0
27065,1.5739078129992032,0
27066,0.5073997855918304,0
27067,1.313296753405205,0
27068,1.4186485276639265,0
27069,1.0157894848583067,0
27070,0.636350896391489,0
27071,1.0880608896457633,0
27072,0.5757819394431941,0
27073,1.2344446751325955,0
27074,0.6140584181044654,0
27075,0.6069144577048406,0
27076,1.3263239115367655,0
27077,0.39690031286610367,0
27078,0.32964996067978103,0
27079,0.953628376873759,0
27080,1.844856312947826,0
27081,0.3378962731730903,0
27082,0.3658771082311876,0
27083,1.4044455801268128,0
27084,1.272131603641937,0
27085,2.0766092733306722,0
27086,1.228447677231624,0
27087,1.8035207144507464,0
27088,1.0172144630355404,0
27089,0.40603303781129396,0
27090,0.33207895084393196,0
27091,1.0168182593929467,0
27092,0.7864857137720568,0
27093,1.0954609602142624,0
27094,0.8470527891983373,0
27095,2.209099150360628,0
27096,0.45698796827278604,0
27097,1.5190838754938425,0
27098,1.0042952886368968,0
27099,0.3889641005903427,0
27100,1.1655389336672444,0
27101,2.197452233848603,0
27102,0.19080337892174817,0
27103,0.14782810042814135,0
27104,0.7377830897787916,0
27105,0.7182206584091506,0
27106,0.5027006944131122,0
27107,0.6566711384774532,0
27108,0.6308622846604314,0
27109,0.23380891980559387,0
27110,0.7852643830341581,0
27111,0.4768886116740168,0
27112,3.2860686022069237,1
27113,0.2496222738080569,0
27114,1.5448580191934138,0
27115,0.7325093772738522,0
27116,2.9854268728394473,1
27117,0.8986031534238578,0
27118,0.39627518758667807,0
27119,0.8133934182582717,0
27120,1.87019884559746,0
27121,2.898820744285293,1
27122,3.0375686647871447,1
27123,0.6134483197148819,0
27124,0.4995515309462272,0
27125,0.6740209991468195,0
27126,0.3988920181867662,0
27127,0.7780413058358963,0
27128,0.9978104774854447,0
27129,1.1953675847051195,0
27130,1.802451655002923,0
27131,0.21299008466927788,0
27132,0.7356126286554283,0
27133,1.0655057728166841,0
27134,0.48624296433767056,0
27135,1.4721631518999356,0
27136,1.5709825051652015,0
27137,1.5772060203474012,0
27138,0.6542028020056121,0
27139,0.8708380005556675,0
27140,1.7234611260171981,0
27141,10.354902551904948,1
27142,0.732883591661659,0
27143,2.388413049319321,1
27144,1.4772965128751476,0
27145,0.9749679630253449,0
27146,3.7444220017078416,1
27147,0.5128606768884624,0
27148,0.6184009267157495,0
27149,0.8880518661939167,0
27150,1.1835496003507047,0
27151,1.1068915166232371,0
27152,0.8459638473830381,0
27153,0.4903365562019209,0
27154,1.283054477321207,0
27155,1.1652240239969769,0
27156,1.8556926130568439,0
27157,0.4978576426478307,0
27158,0.1256356021088266,0
27159,0.7405516111651914,0
27160,1.1600937617558014,0
27161,0.7169590796377407,0
27162,0.18325465056356877,0
27163,1.7232412213199164,0
27164,0.21579814345575227,0
27165,1.180679206653079,0
27166,0.6217192027656502,0
27167,0.2155232597853093,0
27168,0.49966142427801563,0
27169,1.0366578247504805,0
27170,0.4407897384456104,0
27171,0.22483010701075248,0
27172,0.16290444502233734,0
27173,0.49355527226619567,0
27174,0.9855607586364759,0
27175,0.3105263082936527,0
27176,0.42413157551304687,0
27177,0.7500205925237792,0
27178,1.380116297279174,0
27179,0.4996377044948299,0
27180,0.7915067439399242,0
27181,0.4736260362574686,0
27182,0.4966562746441282,0
27183,0.999528654165634,0
27184,0.9219086161001782,0
27185,0.4973290701930012,0
27186,0.4179069234646146,0
27187,1.2223947180311532,0
27188,0.43768363872082333,0
27189,0.8797111575527046,0
27190,2.6217210339770256,1
27191,0.23758475680090418,0
27192,1.132499907031161,0
27193,1.0291314679360188,0
27194,0.8080500296255524,0
27195,1.0189157239360314,0
27196,1.370713584135159,0
27197,1.5835850067439936,0
27198,1.7101661840960283,0
27199,0.2587630645536347,0
27200,0.5696155079145065,0
27201,0.31271408885984386,0
27202,0.38599374722397595,0
27203,1.9054480042618933,0
27204,0.9140913570792056,0
27205,1.7962213429160712,0
27206,1.738189139663111,0
27207,1.9422281077312238,0
27208,0.4932505569992964,0
27209,0.9279795195450558,0
27210,0.45852535938011235,0
27211,0.9070834527115677,0
27212,0.6303068414460764,0
27213,1.3028024096519426,0
27214,0.3157531720224117,0
27215,1.1367969464070533,0
27216,1.2372894265414458,0
27217,0.9068516490992717,0
27218,1.2768506288661903,0
27219,0.6180565241543926,0
27220,0.24711904255344264,0
27221,2.14568290216017,0
27222,0.849672776904022,0
27223,1.0623616359504724,0
27224,1.2547735428831321,0
27225,1.0856011318650682,0
27226,1.1162576954289556,0
27227,1.5568853613060565,0
27228,1.0524712499060305,0
27229,1.3118600716130266,0
27230,1.1848035669012904,0
27231,2.228258521944414,0
27232,0.9194666739606161,0
27233,0.4569037684745691,0
27234,1.3636154439654427,0
27235,0.7617825688793397,0
27236,0.5045088410221783,0
27237,0.975961089957641,0
27238,0.9036635549884326,0
27239,0.6900008188210112,0
27240,0.5908780325019125,0
27241,0.2913411742644449,0
27242,0.20205142232256595,0
27243,0.5666669459052723,0
27244,1.2740204754313926,0
27245,0.3457622740665282,0
27246,1.1386388609436136,0
27247,1.1608414473114834,0
27248,1.2426620436568925,0
27249,0.9628384081165257,0
27250,0.42449070721776627,0
27251,0.8049288926130134,0
27252,0.20579629286100318,0
27253,1.6586907172532093,0
27254,0.8785541821855235,0
27255,1.4927995144247221,0
27256,0.4677160379752797,0
27257,0.8151710598708342,0
27258,1.2469976045789999,0
27259,0.667967764105311,0
27260,0.6657189198337792,0
27261,1.2329421503651496,0
27262,0.976324190498041,0
27263,2.5118027772137816,1
27264,2.8521513839849737,1
27265,0.2759068386540151,0
27266,0.35700538930799797,0
27267,1.4011813429972297,0
27268,1.735026050645439,0
27269,0.9579750188549252,0
27270,1.5919643572819806,0
27271,4.570588759689576,1
27272,0.797624579464155,0
27273,0.1581041223593369,0
27274,0.482684986790873,0
27275,0.8162406473292348,0
27276,1.0570557027759269,0
27277,0.6273050007755697,0
27278,0.29140298542711945,0
27279,1.1396487516436542,0
27280,0.402318254960932,0
27281,0.44415770561332807,0
27282,0.3894532612312531,0
27283,0.42649207768704445,0
27284,0.16430027066418357,0
27285,0.560210174437791,0
27286,1.765849222586252,0
27287,3.607536149282167,1
27288,1.479539232607229,0
27289,0.3500214323094452,0
27290,1.1973145099768385,0
27291,1.8708658544113193,0
27292,2.015177792746191,0
27293,0.1233126895477042,0
27294,0.6843709893183517,0
27295,0.19403678871072882,0
27296,0.22828308652744073,0
27297,0.15144925189764752,0
27298,0.9598494407861221,0
27299,2.686813568328218,1
27300,0.5055341594248032,0
27301,1.039081214025624,0
27302,1.6781374732058723,0
27303,0.5522220040052914,0
27304,2.664551577407012,1
27305,0.9955591887697317,0
27306,1.1637042014908823,0
27307,0.2204883692187713,0
27308,0.6817919510109919,0
27309,1.9833068347045515,0
27310,0.20959476557244455,0
27311,1.5516777213773865,0
27312,2.227812056969891,0
27313,1.3155753066069487,0
27314,0.3440840121147278,0
27315,0.46027851415145327,0
27316,1.0984803341736122,0
27317,0.7387658813550215,0
27318,0.3263259840045981,0
27319,2.3860978583075547,1
27320,1.2711717948573062,0
27321,1.1667494946709476,0
27322,1.4686040977726624,0
27323,1.0009737618019539,0
27324,2.4261606665717266,1
27325,0.16637061191925645,0
27326,1.2324644362326784,0
27327,1.6853903637204688,0
27328,0.548198167951341,0
27329,0.2904258755539225,0
27330,1.2531043879938495,0
27331,0.35864597563179534,0
27332,1.4098901505428159,0
27333,2.3824290838065894,1
27334,0.49926955977951576,0
27335,0.9155092846604649,0
27336,0.4843494487616402,0
27337,0.5896546304635345,0
27338,1.3396835614407407,0
27339,0.7887092094430144,0
27340,0.4057295200825668,0
27341,1.6243336260504648,0
27342,0.7236600273205724,0
27343,0.4890957875245828,0
27344,0.47113468969860006,0
27345,0.38882040063926776,0
27346,0.44741686913889855,0
27347,0.839006534452343,0
27348,0.5018488187874178,0
27349,1.3880406965311136,0
27350,0.4192128924389875,0
27351,0.11950727611303254,0
27352,0.6809758609531188,0
27353,1.4451015460763015,0
27354,0.5409696918586329,0
27355,1.061047477476844,0
27356,0.9823218639431517,0
27357,0.336964074527211,0
27358,0.23236989513553166,0
27359,2.1810771437675385,0
27360,1.2792382194700465,0
27361,0.22426959958149223,0
27362,0.4083578413543087,0
27363,0.5647669070838105,0
27364,0.3718010984964629,0
27365,0.8495480401850866,0
27366,0.7336299587915199,0
27367,0.6821499219200122,0
27368,0.3431601833052687,0
27369,2.1546263909010896,0
27370,0.5257906038354773,0
27371,2.2059678054837564,0
27372,0.5562610753640127,0
27373,0.5297343400580347,0
27374,0.6390844174661074,0
27375,0.3100124391807317,0
27376,1.0924870335894752,0
27377,1.0956562079900347,0
27378,3.454902966099867,1
27379,0.3876628954647997,0
27380,0.9844959394732848,0
27381,2.1845944913297326,0
27382,0.47439494461919585,0
27383,3.7989740304701085,1
27384,1.1657177754934804,0
27385,0.3899665440782198,0
27386,0.9075863305653666,0
27387,0.7328271611914514,0
27388,0.7717006868719147,0
27389,1.9532829926040307,0
27390,0.8260475595501979,0
27391,1.1436138958414965,0
27392,0.39265508479131145,0
27393,0.7096715474362142,0
27394,0.5240928894710911,0
27395,0.9545413325669159,0
27396,1.5367588749088203,0
27397,1.5310919091101618,0
27398,0.3575581094436632,0
27399,0.29376256021754255,0
27400,1.2902939167796081,0
27401,1.0486695681234146,0
27402,0.5147211593212804,0
27403,1.3693368649063777,0
27404,0.6491853040687527,0
27405,2.4143347668116713,1
27406,0.435947227150011,0
27407,1.8395600574057691,0
27408,2.413138090169963,1
27409,0.2467566340751044,0
27410,1.1664032912819988,0
27411,0.3295563995557151,0
27412,0.8867788358291744,0
27413,1.4694720546436737,0
27414,0.48422782535741604,0
27415,0.2406583215635596,0
27416,1.7408245714882014,0
27417,0.7544166986610366,0
27418,1.6349877452192427,0
27419,0.39646370789325086,0
27420,0.28188852839654965,0
27421,0.4828717347337726,0
27422,2.3395366296045887,1
27423,0.16560840042430985,0
27424,0.557955512604175,0
27425,1.788775980602071,0
27426,0.5688992818718075,0
27427,1.2671550182957454,0
27428,0.7505485230297498,0
27429,0.311073865609525,0
27430,0.3844192207342979,0
27431,1.2320820773458032,0
27432,1.3689857848492566,0
27433,1.595294924055958,0
27434,1.025892450315308,0
27435,1.9106198169736985,0
27436,0.21006245746912958,0
27437,1.9960870484578428,0
27438,3.5510419317908357,1
27439,0.7015523845113961,0
27440,10.537228881849666,1
27441,1.573914508370379,0
27442,0.26698186506160776,0
27443,2.0998424655774377,0
27444,0.9654424903935244,0
27445,0.3879483325974787,0
27446,1.5014489358045695,0
27447,0.6814523111519872,0
27448,1.0972394348025918,0
27449,0.3028042652837422,0
27450,0.5865128679487431,0
27451,0.5073813713423219,0
27452,1.2899142805104833,0
27453,0.5839113158368937,0
27454,0.727627452676019,0
27455,1.7548625311580062,0
27456,0.38876731537028897,0
27457,0.9692881516784819,0
27458,1.1744925102858121,0
27459,1.3676432975765418,0
27460,0.3018260210250908,0
27461,1.1210740995604607,0
27462,2.4320969071207434,1
27463,1.397466742350769,0
27464,0.8098826932061058,0
27465,1.4760436541337687,0
27466,1.6990178952369113,0
27467,3.6134869030041195,1
27468,0.8901609728803509,0
27469,2.1345993612612832,0
27470,0.3415133934898291,0
27471,2.9826585786707893,1
27472,1.3369114058673215,0
27473,1.1940714078538934,0
27474,0.919182569646764,0
27475,0.5047442819851762,0
27476,1.0292122920818836,0
27477,2.1030658307638177,0
27478,0.7573211973544646,0
27479,0.3722818181737713,0
27480,2.0011903557059467,0
27481,1.4062568526504164,0
27482,0.9986127356180742,0
27483,0.9261859761383677,0
27484,1.135883788924383,0
27485,1.2987982489027883,0
27486,0.24892392739018923,0
27487,0.6173496346700196,0
27488,0.3040588159972703,0
27489,0.656817146221867,0
27490,0.3705533297784789,0
27491,2.6298849071043664,1
27492,0.2241805691248535,0
27493,1.2635939361046205,0
27494,1.5432079132183358,0
27495,0.7272962883975591,0
27496,0.5351310374770263,0
27497,2.4562674402949316,1
27498,5.046174398187304,1
27499,1.3422195749517976,0
27500,0.2731345836019199,0
27501,1.6175435585845512,0
27502,2.124306181407543,0
27503,0.45351301378371334,0
27504,0.6537797869280737,0
27505,0.6301020500476382,0
27506,1.1401266102005594,0
27507,0.5309204661753395,0
27508,0.9464441770325301,0
27509,0.9923212312322136,0
27510,2.712098963438562,1
27511,1.314113412038104,0
27512,2.6719840308751244,1
27513,0.37007075086470376,0
27514,0.5327732309721408,0
27515,0.43139906004997963,0
27516,0.1833782097283445,0
27517,1.1740157728881226,0
27518,4.002739632037484,1
27519,1.0322199175923885,0
27520,0.7379720330894515,0
27521,1.288102104397438,0
27522,1.23058560244638,0
27523,0.7464251377055332,0
27524,1.0388796903693915,0
27525,1.2386305339288186,0
27526,2.0439840419314823,0
27527,1.427392163091355,0
27528,1.4784911665370657,0
27529,0.8523460106503989,0
27530,0.6526533360542358,0
27531,1.093229799693619,0
27532,0.36457713126721647,0
27533,1.4469986472481415,0
27534,0.8675152940475485,0
27535,1.6520836492360391,0
27536,0.8968403023137803,0
27537,0.4473375945567182,0
27538,0.8750070358462757,0
27539,0.7333296790884971,0
27540,3.248296728249276,1
27541,0.978627000894841,0
27542,1.3309210521478103,0
27543,0.8898361917825263,0
27544,1.0207662331251628,0
27545,0.8423244464723822,0
27546,0.7275175559890814,0
27547,2.5379964383954148,1
27548,3.968817352545069,1
27549,0.7114618265367028,0
27550,1.0035117443921864,0
27551,1.6841668175609363,0
27552,0.8083784401991656,0
27553,1.141732678244233,0
27554,1.0976859350149506,0
27555,2.6759328653817938,1
27556,1.62670244055852,0
27557,4.75471656510846,1
27558,0.8943649027241214,0
27559,1.6421893126384994,0
27560,1.0243751941659145,0
27561,0.7567381377304019,0
27562,0.25031120534760276,0
27563,0.7341825503540333,0
27564,1.7902660857634536,0
27565,1.0887616965279276,0
27566,0.6467055408247818,0
27567,1.0586611559263295,0
27568,1.6329914629627513,0
27569,1.5634101144678874,0
27570,1.3052517880309287,0
27571,0.5160533198739692,0
27572,1.9056656081961834,0
27573,0.43917701186856206,0
27574,0.3342386900708656,0
27575,2.8722840725429593,1
27576,0.5943740524827289,0
27577,1.6600130307085954,0
27578,0.4973221971079599,0
27579,1.9060543317389438,0
27580,2.3807508760200533,1
27581,1.8897722194821829,0
27582,3.4075432778917736,1
27583,0.72817741835962,0
27584,0.41316669535967127,0
27585,1.4015083983187502,0
27586,0.3811621216550519,0
27587,0.7517494668122178,0
27588,0.8256327029562274,0
27589,0.5899308970425114,0
27590,0.7613886288906473,0
27591,0.5333049000247807,0
27592,0.18048314097728108,0
27593,0.4490030238284312,0
27594,0.4153583274793175,0
27595,0.4240683411187291,0
27596,0.5000382172796995,0
27597,0.2473391601173954,0
27598,0.16107798945391094,0
27599,0.9069691890137577,0
27600,0.6967549007888121,0
27601,0.8734047687104252,0
27602,1.4436414289528847,0
27603,0.6014207303833785,0
27604,0.21693892967647427,0
27605,1.2839979601522837,0
27606,0.27909197113647827,0
27607,0.5158245878192316,0
27608,0.48740713364791616,0
27609,1.7436802786224928,0
27610,0.31358170699921456,0
27611,0.16852701394424746,0
27612,0.2278864959142445,0
27613,0.6818116623265942,0
27614,1.3714941487040808,0
27615,0.7944363123757135,0
27616,0.1852526628929752,0
27617,0.35353718887598656,0
27618,0.9807696436051779,0
27619,0.0786345975298339,0
27620,0.20142128772668552,0
27621,0.5348391602674089,0
27622,0.45357838372813053,0
27623,0.9674699126563524,0
27624,0.5634899977831136,0
27625,1.7159915527492167,0
27626,0.5881877177519811,0
27627,0.7828015808177723,0
27628,0.7439842958638636,0
27629,0.4515793920257223,0
27630,0.8670405438534367,0
27631,0.5337617812769226,0
27632,0.2327938533839887,0
27633,0.08580777545207856,0
27634,0.6049156997920617,0
27635,0.28699289238385817,0
27636,0.16598610347774143,0
27637,0.40270373476456545,0
27638,0.16980644625739502,0
27639,1.0790451182782206,0
27640,0.15093349921552682,0
27641,0.17801834799822105,0
27642,0.204718113688038,0
27643,1.1453767101513783,0
27644,0.277582972558683,0
27645,2.053152886705811,0
27646,0.28739439407600237,0
27647,0.20853575666951674,0
27648,0.7836408759919988,0
27649,0.6315573750025477,0
27650,1.403337288103967,0
27651,0.8837425112984612,0
27652,0.3950999033024757,0
27653,0.8257767286848227,0
27654,1.4714725972870302,0
27655,0.13772952581584894,0
27656,0.19168092462430253,0
27657,0.30261944133835084,0
27658,0.1386130985992767,0
27659,0.7596421328460993,0
27660,0.7288379335197833,0
27661,0.5571944324489829,0
27662,1.5489000440293634,0
27663,0.8881646254434884,0
27664,0.5411800287135546,0
27665,2.0279507561242456,0
27666,1.9367188397878539,0
27667,0.21024668734319035,0
27668,1.4845975005967407,0
27669,0.4140305849948372,0
27670,1.597683959447103,0
27671,0.2408994067593663,0
27672,0.13878372541925751,0
27673,0.9928338745941059,0
27674,0.13662742404459083,0
27675,0.20137381927797277,0
27676,1.5736857185250115,0
27677,0.4014246749986853,0
27678,1.226836900730304,0
27679,1.1551021169075024,0
27680,0.2578044583191489,0
27681,0.778439938105102,0
27682,1.2557315412480774,0
27683,0.16772589847661537,0
27684,0.23363592570705255,0
27685,0.40272037440942954,0
27686,0.09281792688792652,0
27687,0.4546633083333808,0
27688,0.21071335721621667,0
27689,0.11648205002645584,0
27690,0.7152851274860164,0
27691,0.6358383871281592,0
27692,2.296724151888457,0
27693,0.655651952025387,0
27694,0.16069352391942232,0
27695,0.28593139094322734,0
27696,0.4275752877517355,0
27697,0.32072170661991023,0
27698,0.34925857817737577,0
27699,0.6495044225870694,0
27700,0.5070531309527685,0
27701,0.5270697788100661,0
27702,0.4990919691815767,0
27703,1.127462769503754,0
27704,0.7612743368596085,0
27705,2.4454823718200367,1
27706,0.2327631050834304,0
27707,1.5230589452736638,0
27708,0.1209602827661483,0
27709,0.12720092195081567,0
27710,0.6338583900319279,0
27711,0.7844535099186628,0
27712,0.3829663725360061,0
27713,0.231202677152142,0
27714,0.5229103119240286,0
27715,0.3445066717977843,0
27716,0.3596853760801523,0
27717,0.29733153859432637,0
27718,1.3857939772271628,0
27719,0.22601803617495989,0
27720,0.8381421820416974,0
27721,0.22245967861723875,0
27722,1.264580111326289,0
27723,0.18214211985233006,0
27724,1.2210347823106709,0
27725,0.2380750230708811,0
27726,0.5231670925880654,0
27727,0.5206406340730626,0
27728,0.9480222633532552,0
27729,0.2081217834159701,0
27730,0.5231697574523204,0
27731,0.35275581180386617,0
27732,0.20523079953256387,0
27733,0.39904150553267403,0
27734,1.2862758295169152,0
27735,0.16413568586602964,0
27736,0.6678694577917994,0
27737,0.11372144988339834,0
27738,0.3247306911696007,0
27739,1.5557940210739063,0
27740,0.28890642996481014,0
27741,0.2868928001602197,0
27742,0.43115836508287214,0
27743,0.1639960036799089,0
27744,0.9105578218831223,0
27745,1.0896165986360127,0
27746,1.2536099423490015,0
27747,0.8131668395435281,0
27748,0.8338086679347911,0
27749,0.2222877932714172,0
27750,0.1743291887965335,0
27751,0.32003741233963307,0
27752,0.2697539050351235,0
27753,0.5024608642456024,0
27754,0.7007348301006633,0
27755,0.41428341207965413,0
27756,0.26678659905609714,0
27757,0.1966469571846489,0
27758,1.0222450818132454,0
27759,0.7774375094316665,0
27760,0.2661344974278056,0
27761,0.7688445980457048,0
27762,1.1374912260472578,0
27763,0.9313879514550706,0
27764,1.1647508777901816,0
27765,0.15607552013605056,0
27766,0.12421331679652603,0
27767,1.9891412341218704,0
27768,0.39995329118258516,0
27769,1.3055662063406939,0
27770,0.38728343306381374,0
27771,0.41790434790945097,0
27772,0.20679563163214607,0
27773,0.9901876795203284,0
27774,1.0824128046896937,0
27775,0.520367536553908,0
27776,0.7106065417055978,0
27777,0.14297405148699546,0
27778,0.47241230638644965,0
27779,0.8859869352432679,0
27780,0.2660399122695582,0
27781,0.15106113175765445,0
27782,0.20114318502923662,0
27783,0.5877249207167615,0
27784,0.3260091975147682,0
27785,2.262957016429968,0
27786,0.12981545585691406,0
27787,0.6241166032435722,0
27788,0.611306814623202,0
27789,0.087206091822382,0
27790,0.6670668510697183,0
27791,0.15108120817124696,0
27792,0.26633614429937935,0
27793,1.8126208938832504,0
27794,1.6283292241237028,0
27795,1.505367438665136,0
27796,0.6814760626525432,0
27797,0.8528690961492694,0
27798,1.4788011634833906,0
27799,0.5658285799811134,0
27800,0.46671295186695083,0
27801,2.4088706939523115,1
27802,1.1169283638256304,0
27803,0.21298551409056543,0
27804,2.3670825846757264,1
27805,0.19048667243503487,0
27806,0.2649311027084381,0
27807,1.272872482447545,0
27808,1.4403073713529133,0
27809,1.2528254061371622,0
27810,0.21549809928604918,0
27811,0.19413661280225186,0
27812,1.5681569686298813,0
27813,0.2553407315288526,0
27814,0.8669497431678739,0
27815,0.5624169155141623,0
27816,1.2006791670015993,0
27817,0.4137923583756454,0
27818,1.9775421113916427,0
27819,1.5440492938148365,0
27820,0.16980863559459639,0
27821,0.293144320296792,0
27822,0.9401454852775839,0
27823,0.5972986629386012,0
27824,3.598152925566789,1
27825,0.7330320303271473,0
27826,0.733753125645494,0
27827,0.6264778587775455,0
27828,0.6784347605478038,0
27829,1.4365537878899823,0
27830,0.8634851021034308,0
27831,1.00613112263997,0
27832,1.6027944673454535,0
27833,0.5648455974749562,0
27834,0.43366808094651416,0
27835,0.7424929135289903,0
27836,0.20545131847997267,0
27837,1.016681270607587,0
27838,1.767196303844497,0
27839,1.3377934988112539,0
27840,0.5959379894613559,0
27841,1.5156669327082917,0
27842,0.8425418549947299,0
27843,0.3978524087988353,0
27844,2.446829672081301,1
27845,0.769064306429831,0
27846,0.22025384129211453,0
27847,0.38390353771779717,0
27848,0.620630966728732,0
27849,0.3739987959045208,0
27850,1.1862594169730962,0
27851,0.9595991871831255,0
27852,0.9693169954392962,0
27853,1.081016037735361,0
27854,0.33490359265827707,0
27855,0.3110262886693663,0
27856,0.23997289336687372,0
27857,0.5413403825136769,0
27858,0.5362719020511773,0
27859,0.3159223237352015,0
27860,1.2678237511778772,0
27861,0.5544045185697972,0
27862,0.4720101532560116,0
27863,0.6482434681197097,0
27864,0.7097173380226736,0
27865,1.6423480933331576,0
27866,1.3282710345715896,0
27867,1.5137217457503471,0
27868,1.5742878761647838,0
27869,0.1943082532851257,0
27870,0.15052053464054155,0
27871,2.311094261918284,0
27872,0.15038498505495898,0
27873,2.3341839343584034,1
27874,0.3547346422469782,0
27875,0.3298329834591579,0
27876,0.446972624949729,0
27877,1.69073641852283,0
27878,0.7309901784227056,0
27879,0.3425415860408103,0
27880,1.8625693192864798,0
27881,1.1143200639165056,0
27882,0.4941626213688727,0
27883,0.6922534838204459,0
27884,1.3037644109282627,0
27885,0.9786887842727289,0
27886,1.2198497186625041,0
27887,0.4182758811489327,0
27888,1.0681382841615983,0
27889,0.333229645440257,0
27890,1.350014434425639,0
27891,0.7103889678156486,0
27892,0.3599640355973928,0
27893,0.21524977558262823,0
27894,1.9448603737280574,0
27895,1.9036729148646026,0
27896,0.9064712316650804,0
27897,0.688067526932431,0
27898,1.0486323575262004,0
27899,0.34014058519197055,0
27900,0.26787961981868375,0
27901,2.5795302373295135,1
27902,0.3962171379414358,0
27903,2.3227649220977846,0
27904,0.8865736935647087,0
27905,0.46786556354659725,0
27906,1.8221599101686707,0
27907,2.2329277395394476,0
27908,0.36499497332399633,0
27909,0.09650859639291942,0
27910,2.062201863410176,0
27911,1.4919907984220284,0
27912,0.947666250651196,0
27913,0.8971877561827994,0
27914,0.13414343376370116,0
27915,1.2104314440464679,0
27916,1.1250113078007917,0
27917,0.031689395127044925,0
27918,0.8231433824458639,0
27919,1.4563141575518617,0
27920,1.328111293039717,0
27921,0.7688086544363798,0
27922,0.7281074881659699,0
27923,3.1704112034163234,1
27924,0.2981917525734855,0
27925,1.182781128106526,0
27926,0.3302116699477541,0
27927,0.8545366243339478,0
27928,0.06372760642877709,0
27929,0.24604172180486894,0
27930,0.6130464081956912,0
27931,0.2742980296401753,0
27932,0.7259122088683199,0
27933,0.5219485692891928,0
27934,1.0941611127212372,0
27935,0.43415768785353814,0
27936,0.37021857025296406,0
27937,1.0664566879249089,0
27938,0.7416457988254994,0
27939,0.5870263111161773,0
27940,0.787494522972414,0
27941,1.9260844529447305,0
27942,0.40993839980558705,0
27943,0.3899392928474126,0
27944,0.3034386585635452,0
27945,0.4592827351417701,0
27946,0.24064840534308382,0
27947,1.434346405081837,0
27948,0.3563880941629949,0
27949,1.3740199535725615,0
27950,1.5890840221233067,0
27951,0.14973375214230852,0
27952,1.6411085171457558,0
27953,0.2110563190511196,0
27954,0.8206821795051116,0
27955,1.139823245231239,0
27956,0.6548961206114969,0
27957,0.4174337075171984,0
27958,0.4149293461987299,0
27959,0.19137257662635734,0
27960,0.3278392939477575,0
27961,0.7061161521434716,0
27962,0.5380656323798002,0
27963,1.0466745120855403,0
27964,2.9008328866747655,1
27965,0.3060779348718067,0
27966,0.08678907132870411,0
27967,1.3274897572011501,0
27968,0.1335280200258127,0
27969,0.26529463749024795,0
27970,0.5939258904758815,0
27971,0.7187964860608067,0
27972,0.8968224230420956,0
27973,0.6373559146510926,0
27974,1.1829348320377366,0
27975,1.0005567502370458,0
27976,0.4834889065507239,0
27977,0.8809568140524486,0
27978,0.6293482264204942,0
27979,0.17317408439402304,0
27980,0.3440324793328514,0
27981,0.33019910004096353,0
27982,0.38026446787223434,0
27983,0.7037485060269202,0
27984,1.2003668709231277,0
27985,0.23521207512511727,0
27986,0.9597214466452788,0
27987,0.2607974202300388,0
27988,0.66266441943733,0
27989,1.016893117118409,0
27990,0.34101341525607465,0
27991,1.9319866109741248,0
27992,3.829449240566732,1
27993,0.481662846953928,0
27994,0.47953776701889234,0
27995,0.9354204412041541,0
27996,0.26207190451269985,0
27997,0.5294044261926654,0
27998,0.6097349521316279,0
27999,1.29093731518936,0
28000,0.4343290167338492,0
28001,0.36997140938454265,0
28002,0.3559389894966224,0
28003,34.22512490711328,1
28004,1.028734400461685,0
28005,1.2737040653889704,0
28006,0.24000852425094465,0
28007,0.4266094234509559,0
28008,1.5186702097536353,0
28009,0.15055798776705936,0
28010,1.1853476894604944,0
28011,0.7293671994638645,0
28012,0.7606694355351404,0
28013,0.37616794614323645,0
28014,0.9277545185684559,0
28015,0.659510206587225,0
28016,0.1901519678468737,0
28017,1.5796145956755445,0
28018,0.6364991058593359,0
28019,1.3172744481130212,0
28020,0.44057985599594984,0
28021,1.2269391104285092,0
28022,0.39875737587002413,0
28023,0.4161797544652108,0
28024,1.071743598321103,0
28025,0.7876866329788336,0
28026,0.6217752772992429,0
28027,0.5213566675242571,0
28028,0.7499890910011393,0
28029,2.849482983235794,1
28030,0.35060639178529074,0
28031,0.8743892526952951,0
28032,1.1160183370209424,0
28033,1.0708187529725142,0
28034,1.0776274729918398,0
28035,1.2412814877762444,0
28036,0.3014990774294658,0
28037,6.116126458444141,1
28038,0.5141865551045822,0
28039,1.0091674696044208,0
28040,1.5395660056606508,0
28041,2.0065324863674787,0
28042,0.2919386280870224,0
28043,1.841666647739892,0
28044,0.26934672602465,0
28045,0.28775827611308746,0
28046,2.2853448260572646,0
28047,0.7956253198900283,0
28048,0.24919791960443005,0
28049,0.7099720950131458,0
28050,1.413539299344957,0
28051,0.35899231280741606,0
28052,0.6921822782856075,0
28053,1.3343864307192532,0
28054,0.36689015931841623,0
28055,0.5141031639033387,0
28056,0.5836977254309826,0
28057,0.4340434706334128,0
28058,0.7771759354303975,0
28059,0.7476158927765104,0
28060,0.22525702603814962,0
28061,0.5714728098714001,0
28062,1.515288439356914,0
28063,0.6021079306650854,0
28064,0.41542066888806933,0
28065,2.4413915514970186,1
28066,1.0199056819366565,0
28067,0.9542829974261489,0
28068,0.26474114480193267,0
28069,1.9471417514999854,0
28070,0.4695035263289434,0
28071,0.14332496754932106,0
28072,0.7974214263583372,0
28073,1.3606464324328642,0
28074,0.17567954736483077,0
28075,0.5554667000370842,0
28076,0.7382207709507057,0
28077,0.5482285178873199,0
28078,0.4849052993712382,0
28079,1.4018918781807663,0
28080,0.7280792865443344,0
28081,1.8953760542913585,0
28082,0.48062843018466006,0
28083,0.9273515880363487,0
28084,1.1885158580553274,0
28085,0.21824239970147752,0
28086,1.0653887436660632,0
28087,0.2595952335475872,0
28088,1.565808662816233,0
28089,0.6331866391381482,0
28090,0.44573220078399467,0
28091,1.233093084857086,0
28092,0.44372316043647475,0
28093,0.35545762750755044,0
28094,1.6984853817742256,0
28095,0.5873324000947561,0
28096,0.3801031668167019,0
28097,3.8280141870241713,1
28098,0.6613645303047575,0
28099,1.4273855307549856,0
28100,0.4823602228003838,0
28101,0.8330356408860625,0
28102,0.6124869343375154,0
28103,1.2179189644394353,0
28104,0.8703813540073233,0
28105,0.6465338815373758,0
28106,0.823558936066212,0
28107,0.5496275254534503,0
28108,0.5161665416101313,0
28109,0.8342744253369994,0
28110,2.5902321467604383,1
28111,0.24642044399100432,0
28112,5.622165552662024,1
28113,0.5313288230828671,0
28114,0.5531789947276432,0
28115,1.112187340735335,0
28116,0.827252428907834,0
28117,0.9169502705970384,0
28118,0.9624158147954208,0
28119,0.9679556858900382,0
28120,0.37196975380964964,0
28121,0.639509588779427,0
28122,1.1391199690048608,0
28123,0.49645945698241,0
28124,0.23052316537795164,0
28125,0.32018107758901865,0
28126,0.6993003881136625,0
28127,0.17143633670686603,0
28128,1.2458772787987853,0
28129,0.2348103679159636,0
28130,0.2754641207795009,0
28131,0.518418594873369,0
28132,0.9673288040402801,0
28133,0.21139324020705663,0
28134,2.9759039290402685,1
28135,0.4716641142621228,0
28136,0.5029177029086288,0
28137,1.6814486642933328,0
28138,0.6075459018029058,0
28139,0.6477794857532855,0
28140,0.5352385883621158,0
28141,0.9476608111408213,0
28142,3.8024502973084653,1
28143,1.692804402699684,0
28144,0.4480244350083916,0
28145,2.108177786731453,0
28146,2.516682435226263,1
28147,0.3827828539275903,0
28148,0.6095361384718311,0
28149,1.1729305026983916,0
28150,2.5176358187174066,1
28151,1.4661369928630976,0
28152,0.09532163880514335,0
28153,0.316281824523023,0
28154,1.094714730018879,0
28155,0.42739156637748865,0
28156,0.3821327896080108,0
28157,2.054611147878091,0
28158,1.7854683422836153,0
28159,2.05779959970785,0
28160,1.1975278286395392,0
28161,5.482297975164874,1
28162,0.5101770120388428,0
28163,0.9791238426091967,0
28164,0.9998205598716442,0
28165,0.5543517165100346,0
28166,0.27563169548811006,0
28167,0.4114864169157951,0
28168,0.9357277539537243,0
28169,0.10564062857205073,0
28170,1.0684487376363434,0
28171,0.4317249214561224,0
28172,0.26902043539271747,0
28173,0.1459547339673944,0
28174,0.8303924280907925,0
28175,0.16099839324821957,0
28176,0.429581367876088,0
28177,0.0922387072462102,0
28178,0.8319814398469246,0
28179,0.3441916944736893,0
28180,0.6228263878551478,0
28181,0.5409772563792268,0
28182,1.3970633468380929,0
28183,0.22442437560338044,0
28184,0.4991061749935458,0
28185,0.5716862975405825,0
28186,0.7740573571416128,0
28187,0.20696197699066926,0
28188,0.323975925259603,0
28189,0.2880355287204162,0
28190,1.6943830236745434,0
28191,0.21943241614380068,0
28192,1.1429805869133207,0
28193,2.4504504495051695,1
28194,0.36304782572516514,0
28195,2.507947583429008,1
28196,1.4650164542729525,0
28197,0.29796483141154695,0
28198,0.63831536519186,0
28199,1.2878189139854703,0
28200,0.7528049310208021,0
28201,2.032182375988076,0
28202,1.1435665377169328,0
28203,0.8437128343208341,0
28204,0.29823313576198307,0
28205,0.2611719429496802,0
28206,0.3412527913789914,0
28207,0.16717006845890953,0
28208,1.6501394318436016,0
28209,1.6167568716865233,0
28210,0.40482388671577657,0
28211,1.1045120749836081,0
28212,0.3734702808362994,0
28213,1.4451340575012988,0
28214,1.700080003613376,0
28215,0.5085297135910025,0
28216,0.7568545724734198,0
28217,0.49902575333251054,0
28218,0.8583236334238469,0
28219,0.20752573873362565,0
28220,0.38078395342669785,0
28221,1.2220627385292797,0
28222,0.515549360220765,0
28223,0.541278296034333,0
28224,0.3709049932430776,0
28225,0.337891921878423,0
28226,1.841206600348238,0
28227,0.5802864530855038,0
28228,0.04961832297733765,0
28229,3.459601321558483,1
28230,0.17255986172169058,0
28231,0.899580203766708,0
28232,0.95628366501122,0
28233,0.2952582994716931,0
28234,0.8868915377352314,0
28235,0.2854763480703293,0
28236,3.0157651632416203,1
28237,1.6805253296065483,0
28238,1.0197818889494286,0
28239,0.9246535987387514,0
28240,0.3925461900417435,0
28241,0.6246430907253572,0
28242,0.33691848711284544,0
28243,0.8865147687222864,0
28244,1.9956154003537894,0
28245,0.8795918325138962,0
28246,1.1838282474856177,0
28247,0.489412635947999,0
28248,1.2026614597662308,0
28249,0.9205225702871239,0
28250,0.2038959242069335,0
28251,0.9124861702483017,0
28252,0.5845848278096365,0
28253,0.22125062909793583,0
28254,0.44120035351528336,0
28255,1.103988301777329,0
28256,0.5244462272928602,0
28257,0.6244280799663421,0
28258,0.16979093135434623,0
28259,0.8628165345294196,0
28260,0.9722239402767461,0
28261,0.6005027469314681,0
28262,0.1759975647366192,0
28263,0.342746901895772,0
28264,0.9900460054744414,0
28265,0.1417831901037832,0
28266,0.7240179699113622,0
28267,0.33263681545207097,0
28268,0.23968097992934653,0
28269,0.8097258882398346,0
28270,0.16673948400839275,0
28271,0.33057292640283154,0
28272,1.3312916849730518,0
28273,0.27849558452055445,0
28274,0.4716447280391943,0
28275,0.2676541814503792,0
28276,3.190895983238594,1
28277,6.29371935639629,1
28278,1.8750978157248652,0
28279,0.6592321538518565,0
28280,0.29594474014476885,0
28281,0.6543156348693681,0
28282,0.4467422772967223,0
28283,0.7761224667498198,0
28284,0.5802044948817835,0
28285,0.7211537038750395,0
28286,0.35095299788518614,0
28287,0.5352653719997084,0
28288,0.2562226255583508,0
28289,0.4459152959657448,0
28290,1.05977783424507,0
28291,1.4459332849794455,0
28292,2.4794269906774127,1
28293,1.0264336329511679,0
28294,0.22025972878967698,0
28295,0.44349248709187783,0
28296,0.4774356201152802,0
28297,0.8713531791241234,0
28298,0.12591686074071204,0
28299,0.3236063209055269,0
28300,0.331659437648647,0
28301,1.5234815035021758,0
28302,0.465109550578472,0
28303,0.27707008295788976,0
28304,0.7307443031232139,0
28305,0.6637378196921653,0
28306,0.26571665159900065,0
28307,0.43371753792274886,0
28308,0.2772157096932099,0
28309,0.6868433880065297,0
28310,1.9549441358563424,0
28311,0.8456480811075388,0
28312,0.563760506718026,0
28313,0.81203702673509,0
28314,1.3472241328865653,0
28315,0.6859400665415638,0
28316,1.0530057128782624,0
28317,0.1250945854058658,0
28318,1.75930803343963,0
28319,0.21244072796645583,0
28320,1.3327534702200945,0
28321,0.5259250910590297,0
28322,0.2404488163220369,0
28323,0.6166596514017447,0
28324,0.5453495007698282,0
28325,0.8503326199551559,0
28326,0.5415862475163383,0
28327,0.11138630191573613,0
28328,1.5744919234689883,0
28329,0.7800600190438136,0
28330,2.5346091879152226,1
28331,0.8819246643228658,0
28332,2.494501091720257,1
28333,1.9498311850282046,0
28334,2.8466212369381787,1
28335,0.29273531412595133,0
28336,0.5039737704903609,0
28337,1.816064819926312,0
28338,0.2798863781035523,0
28339,0.6204679199121375,0
28340,1.7261610919922774,0
28341,1.320841372480198,0
28342,0.5181767362543466,0
28343,1.680549852001235,0
28344,1.4676646581738284,0
28345,1.7216297050910812,0
28346,0.22219590128414984,0
28347,0.9887787121339077,0
28348,0.3417403019579311,0
28349,1.4527143758893302,0
28350,4.087832658318861,1
28351,0.592283796618436,0
28352,0.38259091112708676,0
28353,0.9118555791806419,0
28354,0.1720282310298069,0
28355,2.5986245629347167,1
28356,0.4664765006939902,0
28357,1.7550910706228158,0
28358,1.8725779010041677,0
28359,0.6064636117723087,0
28360,0.5355808065293439,0
28361,0.45829195707127324,0
28362,0.9015735469023415,0
28363,0.3817889836400068,0
28364,0.3714091522982351,0
28365,1.0460689300871375,0
28366,0.7174581232656584,0
28367,0.9349833733107002,0
28368,0.9024059883536442,0
28369,0.3088292787635424,0
28370,1.0635353272944301,0
28371,1.595702853668348,0
28372,0.46012039059220766,0
28373,0.5858093881642634,0
28374,0.9342731506030064,0
28375,0.2436205781250574,0
28376,0.5020534766250793,0
28377,0.37343704628675656,0
28378,1.1439069644477997,0
28379,0.22378181672429132,0
28380,1.0237206261230964,0
28381,0.426061731275951,0
28382,1.148313300104616,0
28383,0.5332702240035156,0
28384,1.256351252031391,0
28385,0.7652127392255293,0
28386,0.7994704120806536,0
28387,0.2933064369896985,0
28388,1.9530381775386936,0
28389,1.4508148509874128,0
28390,0.39232667462262744,0
28391,0.5101696469512277,0
28392,1.1253803533150755,0
28393,0.42886331161321845,0
28394,0.6771215704969062,0
28395,0.40476399577092187,0
28396,1.1721605709206928,0
28397,1.140893170303412,0
28398,0.28207711349944087,0
28399,1.5379615948757857,0
28400,0.2207439892379961,0
28401,0.7179175230744012,0
28402,0.6939574120957478,0
28403,0.9408185603131741,0
28404,0.1956546061816831,0
28405,3.5271859345407854,1
28406,0.07492835919690415,0
28407,0.36588853238993524,0
28408,0.6575610839124575,0
28409,0.457673722747111,0
28410,0.16178388984762557,0
28411,0.23401728726031273,0
28412,2.092067749702526,0
28413,1.502956960289692,0
28414,0.826078066255517,0
28415,0.26001319782142407,0
28416,0.8784189656143147,0
28417,0.11301767345283872,0
28418,0.935093739977377,0
28419,0.2863271266493726,0
28420,0.9389363180367376,0
28421,1.743355950682848,0
28422,0.5656399873371518,0
28423,0.6517941413603272,0
28424,0.801920669419174,0
28425,0.8633710599759745,0
28426,0.3265246885022021,0
28427,0.6397375011167735,0
28428,0.34353490975089607,0
28429,0.6007995632787719,0
28430,0.5660707075473864,0
28431,1.0555551838952195,0
28432,2.3880980888935417,1
28433,0.8666015350853229,0
28434,0.3605614148548681,0
28435,0.2062321274959616,0
28436,1.2654136779330654,0
28437,0.33447284474717404,0
28438,0.1517385667027917,0
28439,0.7774533048060563,0
28440,0.46248105957426916,0
28441,2.2973287668767703,0
28442,1.0487717124111195,0
28443,0.7582335803180281,0
28444,0.13528600730652215,0
28445,0.34472996344780793,0
28446,0.7027755606630222,0
28447,0.6691128953254684,0
28448,0.875164851409328,0
28449,0.9187201597982675,0
28450,9.581957531755524,1
28451,0.5040264207728181,0
28452,0.5615378416367165,0
28453,1.6722891294677606,0
28454,0.2996733197110619,0
28455,0.6038903752245981,0
28456,0.5493516681703394,0
28457,1.4742241119559716,0
28458,1.9912565338462689,0
28459,1.207731049544931,0
28460,0.39797922104040995,0
28461,0.7237218057851871,0
28462,0.4316498412346764,0
28463,1.1307293542913965,0
28464,0.7852781452680988,0
28465,0.1606909301880956,0
28466,0.36516485995503856,0
28467,0.4780247552268624,0
28468,1.6823757391687253,0
28469,1.2881745556626834,0
28470,2.2963318806624295,0
28471,0.8144025270331479,0
28472,0.3324865630170018,0
28473,1.0904563902923843,0
28474,1.5839467268749055,0
28475,0.23304565854208895,0
28476,0.9248231909707796,0
28477,0.4025731114751233,0
28478,0.42692476713619565,0
28479,0.7040357254178824,0
28480,0.3348460479802138,0
28481,0.47714432958545083,0
28482,0.706918037589614,0
28483,0.9343487523395504,0
28484,0.18932193975674258,0
28485,0.2149168863072853,0
28486,0.8472655769643543,0
28487,0.7786133546377055,0
28488,0.4130475043554435,0
28489,0.2591139803047309,0
28490,0.6544352571151669,0
28491,1.0438633484131947,0
28492,0.5774724291759318,0
28493,0.23321625063640017,0
28494,1.5104217741095216,0
28495,0.14553623254065667,0
28496,0.764184996763269,0
28497,0.35363639091194726,0
28498,0.3933136418685771,0
28499,1.575280496091933,0
28500,1.1221859573043538,0
28501,0.2888688768186852,0
28502,0.36306686064513677,0
28503,0.648254731794766,0
28504,1.2739192475916923,0
28505,0.19661832141768515,0
28506,1.6720578857996078,0
28507,1.763184287307137,0
28508,0.44082728118304715,0
28509,0.5193463921418127,0
28510,4.401918545181871,1
28511,0.6585829396198013,0
28512,0.2591763070748506,0
28513,1.3625747569985367,0
28514,0.14203471944660376,0
28515,2.720464380478373,1
28516,1.6026981551028583,0
28517,0.8679064256597803,0
28518,0.34559049020257004,0
28519,0.13911037550972066,0
28520,1.354984510709206,0
28521,0.8878808858959364,0
28522,1.3241392007506911,0
28523,0.6771305146944735,0
28524,0.16115158956279133,0
28525,0.4645065494710833,0
28526,1.435060086701603,0
28527,0.5230412235335477,0
28528,0.23012129453738392,0
28529,1.0639446886788244,0
28530,0.35207943334206454,0
28531,0.6668039153669723,0
28532,1.4118905700272317,0
28533,0.5748608692105638,0
28534,2.044443569975859,0
28535,0.9012457989585123,0
28536,0.9896368388915111,0
28537,1.856490604105361,0
28538,0.7438795156553779,0
28539,0.8953820060155513,0
28540,2.191916025990932,0
28541,0.5898928410779976,0
28542,1.055140335402491,0
28543,0.4181082090427493,0
28544,1.9642830768454602,0
28545,1.0809592080908281,0
28546,1.1408446886714134,0
28547,0.9370908581002858,0
28548,0.5568685427778417,0
28549,0.5783020544150108,0
28550,0.5701885021021382,0
28551,0.2609900625623534,0
28552,1.1113240369719892,0
28553,1.8726225690448388,0
28554,0.5716272806125153,0
28555,2.143657463649185,0
28556,0.4049920472693517,0
28557,1.0353450510097606,0
28558,0.5832714631218948,0
28559,1.007563752104583,0
28560,1.8481001322985862,0
28561,1.7146471520962827,0
28562,1.1488687161170985,0
28563,0.42757143106625595,0
28564,0.9795531023056585,0
28565,2.824103978649575,1
28566,0.41774771169215363,0
28567,0.19034463381397612,0
28568,0.9772308378301247,0
28569,0.2857488305979464,0
28570,1.042180516767902,0
28571,1.0055351689836767,0
28572,0.38923667527389016,0
28573,0.868884504094232,0
28574,0.7004646275684528,0
28575,0.20130045146659029,0
28576,1.0199812909530077,0
28577,0.3665906571757409,0
28578,2.1230305959612386,0
28579,0.14002016269341894,0
28580,0.6958157589935141,0
28581,0.6780178830269403,0
28582,0.8939076341008624,0
28583,1.9147488312000314,0
28584,0.3986629386184246,0
28585,0.6842315092543357,0
28586,1.239521066363904,0
28587,0.12862962699342267,0
28588,1.3568079393895478,0
28589,1.6079553682636671,0
28590,1.0157602901936615,0
28591,1.247352796440516,0
28592,0.31808876945488607,0
28593,0.637825627167773,0
28594,0.7602380728316304,0
28595,1.0697266472283369,0
28596,0.7840242810156861,0
28597,1.1971822586481218,0
28598,1.3921608666127345,0
28599,0.2059279654518161,0
28600,1.5492223766077735,0
28601,1.0552832783047126,0
28602,2.2003083527655116,0
28603,1.3867963459451507,0
28604,1.52990387113274,0
28605,0.2711096664073671,0
28606,0.5984327022489515,0
28607,0.16655395990678512,0
28608,0.8298412860880088,0
28609,0.36608852496444344,0
28610,0.2980196236672519,0
28611,0.8409231999462495,0
28612,0.6276694230353698,0
28613,0.7942651811736248,0
28614,0.8060838491356078,0
28615,0.45482077629447487,0
28616,0.15418581522330443,0
28617,0.2923532312533349,0
28618,1.1309772420710797,0
28619,0.34299050231134753,0
28620,0.4676722822693253,0
28621,0.18214084215845164,0
28622,0.8035690056237966,0
28623,1.5246715000866145,0
28624,7.863733807837133,1
28625,0.7847096990944603,0
28626,0.8014229119298111,0
28627,0.10212968061998155,0
28628,0.2948302022863596,0
28629,8.37259237135939,1
28630,1.2965683154030725,0
28631,0.6136838566763745,0
28632,0.2949353133728092,0
28633,0.8316401614724882,0
28634,0.5071513690496949,0
28635,0.846814763602865,0
28636,1.3984365709362536,0
28637,2.0338460981557898,0
28638,1.2511725276369456,0
28639,0.3920090561993681,0
28640,0.30361718436344337,0
28641,0.6291608413020875,0
28642,1.4947988269129302,0
28643,2.7805115604956425,1
28644,0.8155839429271999,0
28645,0.3708938206490571,0
28646,1.0018508511666073,0
28647,0.1848753065920318,0
28648,0.3627502838222151,0
28649,0.6842861540328633,0
28650,0.722741408747208,0
28651,0.14333002955471916,0
28652,0.44594903241074435,0
28653,1.798286608001033,0
28654,2.5142154655797735,1
28655,0.7860009434765827,0
28656,0.5376781153004616,0
28657,1.139623741585496,0
28658,0.9121324457791431,0
28659,1.0156269000228164,0
28660,0.34120534992678564,0
28661,1.1567454986987002,0
28662,0.7262223994788346,0
28663,0.17745602599990423,0
28664,0.6122293864712139,0
28665,0.27710356928942975,0
28666,0.7780997391464297,0
28667,0.36119469929297743,0
28668,1.9053441301696057,0
28669,0.5686481718572955,0
28670,2.4565510108939135,1
28671,0.49124198933285135,0
28672,0.33298373893001054,0
28673,0.3110464028242845,0
28674,0.2893065391247208,0
28675,0.6442059339197399,0
28676,1.3559560354554414,0
28677,0.6956939052172352,0
28678,0.16687109489110777,0
28679,0.5692483957062173,0
28680,0.6748070452580343,0
28681,0.32090319232000214,0
28682,0.2676935390260351,0
28683,2.014483129860528,0
28684,0.22439801821122773,0
28685,0.2709873480454187,0
28686,0.9391885826962261,0
28687,0.8889451824983808,0
28688,1.003838590314427,0
28689,1.535740117168189,0
28690,0.5093534994693266,0
28691,2.1323494128522937,0
28692,0.44788035369839163,0
28693,0.4380116347024038,0
28694,0.41824881762291855,0
28695,2.3008249673886345,0
28696,0.821838949216881,0
28697,3.384224212192642,1
28698,0.8500291198686597,0
28699,0.16870010189679271,0
28700,2.147941355193256,0
28701,0.3012722227366925,0
28702,1.2436557032448552,0
28703,0.19825485643250979,0
28704,0.32677888722252496,0
28705,0.7661242022188264,0
28706,0.8634158619707503,0
28707,2.205290530190866,0
28708,0.7959974140099328,0
28709,1.027289872057206,0
28710,0.13206842382605624,0
28711,1.3504971138267987,0
28712,0.42823057369119033,0
28713,0.5242847005985676,0
28714,0.5231814376504837,0
28715,5.850869840630608,1
28716,61.430862239771365,1
28717,1.1695057298950708,0
28718,0.3349096575479837,0
28719,5.095040612529371,1
28720,0.5652289757741515,0
28721,1.8026344722557002,0
28722,0.49055246099165517,0
28723,0.6467682745027209,0
28724,0.6270984129329904,0
28725,1.4952352817855046,0
28726,0.7044718696949951,0
28727,1.049869355766623,0
28728,0.24037758623252686,0
28729,0.8830917443156967,0
28730,1.1166090028210156,0
28731,0.48662313896679255,0
28732,0.6529816904790094,0
28733,0.43030366364703826,0
28734,1.213963491060339,0
28735,0.7280847483331553,0
28736,2.0151214604445102,0
28737,0.7144972547050981,0
28738,0.48758244677104745,0
28739,0.14111438986281497,0
28740,1.2780431794568152,0
28741,0.232197107116244,0
28742,3.1712873591007855,1
28743,6.909974083128756,1
28744,1.2240062398509302,0
28745,0.7596551163451986,0
28746,0.6209324794627828,0
28747,0.5530788373761599,0
28748,1.0286731245434633,0
28749,0.07898323459063113,0
28750,1.2807248288318682,0
28751,0.6767055447047207,0
28752,1.1223276039765158,0
28753,0.3122186177199685,0
28754,0.8246784392828257,0
28755,0.6848273940823351,0
28756,2.3119956984750956,0
28757,0.8190166205032362,0
28758,0.27058505683484524,0
28759,0.32739548605556,0
28760,1.8622449564585188,0
28761,0.5591972045789165,0
28762,0.15701502228332073,0
28763,0.5359372268859542,0
28764,0.24718236855665882,0
28765,1.0767285924662686,0
28766,2.074891630878852,0
28767,0.29181735332755093,0
28768,0.53171712991549,0
28769,1.472489863678338,0
28770,0.49952955124241133,0
28771,0.4865944262221099,0
28772,0.7481268183546765,0
28773,0.7164178791828351,0
28774,1.0391678338207757,0
28775,0.2907049212919645,0
28776,0.6133700963437797,0
28777,1.5014345462601706,0
28778,0.45510999794205675,0
28779,0.0588093285785817,0
28780,2.298485461287476,0
28781,0.29459509354370245,0
28782,0.435327923377632,0
28783,0.2725670131250376,0
28784,1.270810445665599,0
28785,0.727503318140106,0
28786,1.2989283746282614,0
28787,1.4721549755860264,0
28788,1.1241695293331706,0
28789,0.9462596584317978,0
28790,1.0381084535635456,0
28791,0.27109206614477077,0
28792,0.2564065014295275,0
28793,0.5228569692763407,0
28794,1.5816857352042466,0
28795,0.455195466508167,0
28796,0.5406196255608293,0
28797,0.25665729498511103,0
28798,1.601477019704206,0
28799,2.197965222506954,0
28800,0.38610678359370676,0
28801,0.6275920134316727,0
28802,0.904475160456504,0
28803,1.5905721099834735,0
28804,0.24986660240150543,0
28805,2.5199141431379743,1
28806,0.34172581206702557,0
28807,0.8661752333199662,0
28808,0.9385447425446417,0
28809,2.2588186135950754,0
28810,2.368317853110418,1
28811,1.0262573237354502,0
28812,0.5940544171365121,0
28813,0.3940193736660359,0
28814,0.25676456367642175,0
28815,0.788300587497149,0
28816,0.3939953834682101,0
28817,0.6356564479937804,0
28818,0.31535222560360976,0
28819,0.6108739469985534,0
28820,2.112566483220527,0
28821,2.1780187051713455,0
28822,1.5125257263819105,0
28823,1.0436816364048744,0
28824,2.449879229851154,1
28825,0.8730226502979651,0
28826,0.6425270263120215,0
28827,0.39666692263235537,0
28828,0.4317881091277938,0
28829,0.7946986539974225,0
28830,0.7359178706571813,0
28831,0.6443805764207453,0
28832,1.4578705756024732,0
28833,1.350489680260874,0
28834,2.818841585273642,1
28835,1.7662192894072148,0
28836,4.002589358842431,1
28837,0.6328592155619438,0
28838,0.7155928802506646,0
28839,0.7314639957844762,0
28840,0.9918132565622744,0
28841,0.4820862494136529,0
28842,1.6158189998210173,0
28843,1.1307831279560212,0
28844,1.512780125447779,0
28845,0.6853792534382819,0
28846,0.52687774980072,0
28847,0.5481177658446944,0
28848,1.277780395005783,0
28849,0.41344769073848386,0
28850,1.3677184774159534,0
28851,0.8975011644314905,0
28852,1.3437177203912014,0
28853,0.9164485036478556,0
28854,0.863683638442053,0
28855,0.9140474858567982,0
28856,0.19573479575466773,0
28857,1.0616612401635073,0
28858,0.9265504290555502,0
28859,0.4075503968838333,0
28860,1.6771923454914384,0
28861,2.235434846828434,0
28862,0.7420335683690741,0
28863,0.5131938954999772,0
28864,0.5199525335222537,0
28865,0.6524082800339401,0
28866,0.7193831637268614,0
28867,0.7126714229231599,0
28868,0.31993486727333337,0
28869,0.6860779981244607,0
28870,0.25567732491919776,0
28871,0.20384752578311033,0
28872,0.6784416337406166,0
28873,0.5597041230722788,0
28874,0.514050500732161,0
28875,1.6211106041922618,0
28876,0.6413398068284867,0
28877,0.7809170137112659,0
28878,0.7758007886825664,0
28879,2.0657772260274636,0
28880,0.3227360363887902,0
28881,0.5992289692086621,0
28882,0.8896627298360551,0
28883,0.7652804114643752,0
28884,0.7947961048572608,0
28885,0.18803353190517474,0
28886,0.25122286521302784,0
28887,0.7427306676099938,0
28888,0.332822566416222,0
28889,1.4738807520252526,0
28890,2.463989981833174,1
28891,0.8190509053272026,0
28892,1.315204167317978,0
28893,1.5068772140603528,0
28894,1.3574240048777741,0
28895,0.19111552691354391,0
28896,0.799239968883868,0
28897,0.6675394746682002,0
28898,0.8259670734404935,0
28899,1.0162791082395386,0
28900,0.3778706214502702,0
28901,1.040616396678838,0
28902,0.38378927724120543,0
28903,1.502240901825076,0
28904,0.9533578854432074,0
28905,1.0138928973402312,0
28906,0.6261545292474459,0
28907,0.5164663301397008,0
28908,0.6988410283977049,0
28909,1.899947951989515,0
28910,2.1826633462359437,0
28911,1.6780663825877429,0
28912,0.6855070928986142,0
28913,0.5330468122367438,0
28914,0.20850472775793066,0
28915,0.4982770659721458,0
28916,1.0148053287707488,0
28917,0.8664705276604554,0
28918,1.421852816488361,0
28919,2.5823323549881616,1
28920,0.1588127219219977,0
28921,0.896737434450045,0
28922,0.7470113621736214,0
28923,1.3217366595129356,0
28924,0.8314422692813054,0
28925,0.68806078644653,0
28926,0.24131748887078125,0
28927,0.965409644794998,0
28928,0.6124698918099962,0
28929,0.744900772327013,0
28930,1.342220622506589,0
28931,0.7315284377151107,0
28932,0.6687189780289511,0
28933,0.09299526308473387,0
28934,0.9906579710164406,0
28935,0.9464352756734495,0
28936,0.6323365585931864,0
28937,1.174108984589331,0
28938,0.9026560694901662,0
28939,1.1481507017830956,0
28940,0.40968720312560397,0
28941,0.15063083165942126,0
28942,1.279328498736013,0
28943,0.3184874286017782,0
28944,0.5113585717255591,0
28945,0.23997699950542734,0
28946,2.2328838406771694,0
28947,1.928041100810875,0
28948,0.2403504598716622,0
28949,1.3166888975492892,0
28950,1.5574694747883613,0
28951,0.7670774913647218,0
28952,1.7203489651958255,0
28953,0.21112004233966317,0
28954,0.42888610042016023,0
28955,0.856769883012689,0
28956,0.9790923538831267,0
28957,0.7359445450424412,0
28958,1.598318526965861,0
28959,0.2541941918588996,0
28960,0.3799711087356101,0
28961,0.2769965937646224,0
28962,0.2386507134941497,0
28963,2.8057001690338064,1
28964,0.5895949861430964,0
28965,0.6701898400800005,0
28966,0.429863503096081,0
28967,2.755688012658943,1
28968,0.6542633744388163,0
28969,0.9737167504806269,0
28970,1.244684303300605,0
28971,0.6142273372070068,0
28972,1.0979366999015707,0
28973,1.2120538963138858,0
28974,1.2507934307466397,0
28975,0.3497911614832964,0
28976,0.3017984174469444,0
28977,0.8600357276128976,0
28978,1.465252895000405,0
28979,0.8683731025025677,0
28980,0.8230885554528318,0
28981,0.5099155703497908,0
28982,0.4503328026774563,0
28983,0.22672494548083516,0
28984,0.4032783182410398,0
28985,0.5836854473193169,0
28986,1.6323474098359345,0
28987,1.8250664420660072,0
28988,1.2079037628432234,0
28989,0.2928242676650933,0
28990,0.3179281979022254,0
28991,0.3403619214613117,0
28992,0.38673923132555393,0
28993,4.963420563677954,1
28994,0.5478876218221652,0
28995,1.0865881868228418,0
28996,0.5272214311967544,0
28997,2.4513589696139726,1
28998,0.1502053806727932,0
28999,0.6454906004982901,0
29000,0.3119153826404618,0
29001,1.3157019747420053,0
29002,0.9492606605234531,0
29003,3.225690775151017,1
29004,0.9177312113915959,0
29005,0.3228444446195387,0
29006,0.5064886075282151,0
29007,0.3955232198511596,0
29008,0.4902118415117207,0
29009,2.7448634246730843,1
29010,2.059997907289097,0
29011,3.045405707316038,1
29012,0.38832671482534353,0
29013,0.6483033107431434,0
29014,1.2345300526594847,0
29015,0.7878641512824194,0
29016,0.18599581535970536,0
29017,0.453929754567176,0
29018,0.2594353554789499,0
29019,0.12759611745348284,0
29020,1.2958057741766162,0
29021,0.11327550790602792,0
29022,1.0240785482028911,0
29023,0.36057203930305365,0
29024,0.7806335067931576,0
29025,1.4346111302446716,0
29026,0.952667991353124,0
29027,1.027602610006258,0
29028,1.7034456138055585,0
29029,0.2990833580401235,0
29030,0.43717048145314397,0
29031,0.2072949905209125,0
29032,0.19168219188588248,0
29033,0.7530811271779425,0
29034,0.6547026261980392,0
29035,0.4827125936423071,0
29036,0.5229130668629997,0
29037,0.30468442860873407,0
29038,1.7082935156596857,0
29039,0.8456744305168276,0
29040,2.625158884227872,1
29041,2.007466421636611,0
29042,1.6651958955788544,0
29043,0.3575846582971162,0
29044,0.24494628050186606,0
29045,2.3672030053686504,1
29046,0.22862207875559037,0
29047,0.7646458033884092,0
29048,0.7929718532967469,0
29049,0.9463709592250137,0
29050,0.573410665099346,0
29051,0.5340013260996459,0
29052,2.1403697857010533,0
29053,1.6868152749420582,0
29054,0.3218254531038259,0
29055,0.5482283099635639,0
29056,0.828163462167345,0
29057,0.9629334490935333,0
29058,0.4800427532851148,0
29059,0.2906445761496301,0
29060,1.3701604728559045,0
29061,0.8253832306654492,0
29062,0.6059242705896263,0
29063,4.440688093145752,1
29064,1.45302427610968,0
29065,1.2839450299411053,0
29066,0.30985114237447614,0
29067,0.5248488790702829,0
29068,1.0173682593241242,0
29069,1.540540560151639,0
29070,0.3849222443128004,0
29071,0.6077748090802805,0
29072,1.8926163981917092,0
29073,2.151314708002546,0
29074,0.44131555490031593,0
29075,7.4494621402359416,1
29076,1.4114778004576405,0
29077,0.8538439530386128,0
29078,1.834061813874655,0
29079,1.6733509740355614,0
29080,1.0227885983479013,0
29081,1.8517284764622666,0
29082,0.4090736341158011,0
29083,0.47159068157082534,0
29084,0.5042520161289626,0
29085,1.064276874321293,0
29086,0.2827611783143561,0
29087,2.3917864098677875,1
29088,0.34150768774860324,0
29089,1.4752587202829823,0
29090,0.9529290392781515,0
29091,0.41698092326643155,0
29092,1.3285907458126784,0
29093,1.6953093603575264,0
29094,1.33096035895844,0
29095,0.7071222652894458,0
29096,1.024537591328179,0
29097,0.36236363163814567,0
29098,1.7448192084038943,0
29099,0.21495986640726533,0
29100,0.3303754943384241,0
29101,0.27490911908339133,0
29102,0.3521349868412437,0
29103,0.3454437688812293,0
29104,1.5158216515750929,0
29105,1.5563322175979422,0
29106,0.711408340062461,0
29107,0.8897390670423106,0
29108,1.9227839106736853,0
29109,1.201668935089091,0
29110,0.5012244883205271,0
29111,1.3611125031573155,0
29112,0.4256403145666142,0
29113,0.27110729052816007,0
29114,0.35454468378118353,0
29115,1.611550682406449,0
29116,0.27350132790437476,0
29117,1.5659274456150785,0
29118,2.9304126712417857,1
29119,0.8671211749992729,0
29120,1.7635515485328714,0
29121,2.0752212618781662,0
29122,1.2274464819431643,0
29123,0.308252766335649,0
29124,1.2096311038256757,0
29125,1.1791565786967553,0
29126,0.6667097928316966,0
29127,1.5320581850897494,0
29128,0.5955798529677436,0
29129,1.0587553439306678,0
29130,2.3827497981429784,1
29131,0.7561411045588606,0
29132,0.3675100099366081,0
29133,1.972945123585371,0
29134,1.004575979655822,0
29135,0.7315301041550717,0
29136,1.6653454961735867,0
29137,1.555147648978983,0
29138,0.256734810375311,0
29139,0.43449845308012175,0
29140,0.7663922608567327,0
29141,3.5246191478612294,1
29142,0.6012817685622188,0
29143,0.331678062343641,0
29144,0.1745939324809616,0
29145,1.23600049112652,0
29146,0.3379990121547697,0
29147,0.9568575369477538,0
29148,0.9160119668652742,0
29149,1.4606059622528025,0
29150,1.9351384920970436,0
29151,1.5419645192729725,0
29152,1.1417807873502057,0
29153,0.33980382965758,0
29154,1.7814552057148323,0
29155,1.5621777752912576,0
29156,1.1607597138925843,0
29157,1.0498021300618068,0
29158,1.124916309295994,0
29159,2.9426289311372864,1
29160,1.7877289142980892,0
29161,0.993614610805323,0
29162,1.5686437446621748,0
29163,1.0198781986230763,0
29164,0.5619289385564644,0
29165,0.35698798464031994,0
29166,0.18807281036533313,0
29167,0.8587993767311322,0
29168,0.6016128271867229,0
29169,0.9067341261809609,0
29170,1.243878945109292,0
29171,3.1650952832921484,1
29172,1.2454806531629719,0
29173,1.1676426231502746,0
29174,0.670236686781448,0
29175,2.229573675149309,0
29176,1.9450093165702556,0
29177,1.3091857697581148,0
29178,2.5211716177402637,1
29179,1.4838325484219133,0
29180,1.3048110027053696,0
29181,0.7847450642400718,0
29182,0.7934688416287143,0
29183,0.21194033826652375,0
29184,0.9857714960006121,0
29185,1.2670582128685455,0
29186,1.0866903723867345,0
29187,0.6474328945774807,0
29188,1.415862931714867,0
29189,1.0783141868135435,0
29190,0.20370574605577613,0
29191,1.11118657068935,0
29192,1.1118915896940602,0
29193,0.3443933799067918,0
29194,1.8422471137244565,0
29195,2.5025728602868,1
29196,0.5527962691987633,0
29197,0.29104935836189555,0
29198,0.9573393917375391,0
29199,0.1567908538182416,0
29200,1.2591629592581928,0
29201,0.4865874685697703,0
29202,1.152009251186377,0
29203,0.5033834503938144,0
29204,0.13750169450369165,0
29205,0.7059890480282388,0
29206,0.17059626584214296,0
29207,1.4221372814643651,0
29208,0.17731730751737879,0
29209,0.9893768970155783,0
29210,0.2730574415289071,0
29211,0.8592961497670946,0
29212,0.4841018087389307,0
29213,0.5430445165148103,0
29214,0.7529878999837388,0
29215,0.17931755256321447,0
29216,0.08686815443462323,0
29217,0.6281343037721034,0
29218,0.3162698451231992,0
29219,1.1149983143881799,0
29220,0.21376120414039274,0
29221,0.06090838551001517,0
29222,0.26582229981268435,0
29223,0.13360733534148253,0
29224,0.3276837202043149,0
29225,0.4805195067760761,0
29226,0.11502616432082262,0
29227,0.32409314289959096,0
29228,0.09736128985454273,0
29229,0.15550390223732846,0
29230,0.8973026472716843,0
29231,1.6770980923294352,0
29232,0.7241268878354814,0
29233,0.2266326913874464,0
29234,0.37013484171739075,0
29235,0.13877704945621142,0
29236,0.09396845186753802,0
29237,0.44745810888736165,0
29238,1.1541497251412245,0
29239,0.3354894162686545,0
29240,0.31931267279102854,0
29241,0.855412791984729,0
29242,0.5225055308121183,0
29243,0.3939195797132369,0
29244,1.6139451092196975,0
29245,1.25079636673729,0
29246,0.21912664154393333,0
29247,0.666575321196486,0
29248,0.18297746296880443,0
29249,1.2709797488016936,0
29250,0.7015619048459522,0
29251,0.19067839495695638,0
29252,0.21624531786134119,0
29253,0.42684980563410935,0
29254,0.20780210045088937,0
29255,0.1875763641412871,0
29256,0.1026092197817188,0
29257,0.20503455160748274,0
29258,1.0351822441514331,0
29259,0.6118265848573252,0
29260,0.10907169266873966,0
29261,0.8933347195534551,0
29262,0.17666452686222933,0
29263,1.1695392076935587,0
29264,1.0246825794182313,0
29265,0.3841194635882429,0
29266,2.0039715735045696,0
29267,0.40589756605293026,0
29268,1.4453108682456666,0
29269,0.4966769993534834,0
29270,0.8107687354517961,0
29271,1.9211652472152885,0
29272,0.7977461399641044,0
29273,0.6380991590390271,0
29274,0.7344574723855499,0
29275,1.8920106080654584,0
29276,0.18361893472362373,0
29277,1.7723980618594062,0
29278,1.2092995117298557,0
29279,0.7189185269492943,0
29280,0.7762162908433816,0
29281,0.8253611330996421,0
29282,1.5573771773423986,0
29283,0.3177655783101734,0
29284,0.2788166318399982,0
29285,1.0383985831404274,0
29286,0.9433820284684602,0
29287,0.9637476517107959,0
29288,0.4539623937667255,0
29289,0.4835766617127014,0
29290,0.7748044656225037,0
29291,3.0844308381180947,1
29292,0.7542613043193767,0
29293,0.9178932529025279,0
29294,0.24678315703958162,0
29295,0.9317029081551181,0
29296,0.22785217296482455,0
29297,1.210560620376762,0
29298,0.3553563113053509,0
29299,1.6604502455311831,0
29300,1.0931842561890484,0
29301,0.676224401777832,0
29302,1.605941188292593,0
29303,1.7007423203806489,0
29304,0.7569975253183834,0
29305,0.2583890631303832,0
29306,0.16390443734450724,0
29307,0.9454564849463971,0
29308,0.9440080374229615,0
29309,1.260111757721771,0
29310,0.21037517075952486,0
29311,0.7161037857876145,0
29312,0.8348181306528153,0
29313,0.35965629309773917,0
29314,0.24080574333535357,0
29315,2.7489543511389636,1
29316,0.2571147888546896,0
29317,0.4810781205652062,0
29318,1.7433721815709646,0
29319,1.307530467533208,0
29320,0.6950474556308333,0
29321,0.334261828010105,0
29322,0.8699374926491,0
29323,2.2804184769587734,0
29324,0.2521702221521503,0
29325,0.6605540105410281,0
29326,0.19219265804685587,0
29327,0.23505363785678463,0
29328,0.4334775214606662,0
29329,0.7162918607635199,0
29330,0.10023910049754181,0
29331,0.7921928795805939,0
29332,1.1663821592146708,0
29333,0.24155227665369053,0
29334,0.4625081398838063,0
29335,0.6257771684916374,0
29336,0.3758403023526877,0
29337,0.26128814464382577,0
29338,1.010799537575179,0
29339,0.1543613122161553,0
29340,1.4746502453331154,0
29341,0.5244391157854577,0
29342,0.3003238000879862,0
29343,0.8377571900089759,0
29344,0.16093312012575475,0
29345,0.3800210298584235,0
29346,1.376022645107617,0
29347,2.1315124727322625,0
29348,0.15021932378810393,0
29349,0.21397376261074114,0
29350,1.6366363222268745,0
29351,0.720635451426296,0
29352,0.7410448017718586,0
29353,3.2743425819969425,1
29354,0.3794290219215696,0
29355,1.2095046201526547,0
29356,0.9976325343024209,0
29357,1.2114096832358552,0
29358,0.8298958031863274,0
29359,1.1493304127279866,0
29360,0.7567237778036976,0
29361,1.929440804217472,0
29362,0.3620210781156114,0
29363,1.2580646942480622,0
29364,0.3459587180179501,0
29365,0.19825239832709504,0
29366,0.6358707280968119,0
29367,0.4659446109216768,0
29368,0.817840224606692,0
29369,2.2166781455774065,0
29370,0.3185489485048817,0
29371,0.2882400513862194,0
29372,1.2902676205209076,0
29373,2.3838622789022224,1
29374,0.3954335461476891,0
29375,0.17464303751225652,0
29376,0.4304579317023906,0
29377,0.3004351104091109,0
29378,1.4820070292558676,0
29379,0.1335041354405567,0
29380,1.1781738349886308,0
29381,0.17916323296165165,0
29382,7.521755448009219,1
29383,1.6135676105582326,0
29384,0.24301748590481864,0
29385,2.5966824718098045,1
29386,0.3029550777807987,0
29387,0.7374642884203693,0
29388,0.13770204970526664,0
29389,0.09405247874764103,0
29390,1.582632203701671,0
29391,1.5501238712091296,0
29392,1.3957626309761166,0
29393,0.24303283807814777,0
29394,4.6910576882574855,1
29395,1.1996676437656217,0
29396,1.2116929264480336,0
29397,0.4657324962412114,0
29398,1.2848356710034525,0
29399,0.491561240881844,0
29400,2.80493254538722,1
29401,0.6867261550278464,0
29402,0.7062949049468692,0
29403,0.38028161143642103,0
29404,2.4955572362707903,1
29405,0.38663229091813156,0
29406,0.3181084674441247,0
29407,0.28699951864272294,0
29408,0.8450358685807501,0
29409,0.09633149543133826,0
29410,1.0273193349184724,0
29411,1.2869003864461654,0
29412,1.401087118288922,0
29413,2.1677503834567204,0
29414,0.2871876015709508,0
29415,0.5454658440187627,0
29416,0.18783765622150045,0
29417,0.19926166542208096,0
29418,0.8496699076054712,0
29419,0.4745903389235111,0
29420,0.32321831035885495,0
29421,3.294714613356421,1
29422,0.9824511742614671,0
29423,3.9938078734150935,1
29424,0.24330955602122292,0
29425,1.1124109569218477,0
29426,0.2222506027192294,0
29427,1.4861213092176668,0
29428,0.1154222406916376,0
29429,0.18988248749125045,0
29430,0.3809948297644327,0
29431,0.8075218027953589,0
29432,1.3033591846278718,0
29433,0.5689191525798579,0
29434,0.9318467623851812,0
29435,0.42909593193850687,0
29436,0.6326937891701017,0
29437,1.021649204663193,0
29438,0.7254288795598485,0
29439,0.7866615394973058,0
29440,0.8426431925502049,0
29441,0.7423296410782577,0
29442,0.47526081500793305,0
29443,1.1207400851699707,0
29444,0.25459669383402417,0
29445,0.23483026124980183,0
29446,1.9589843779713334,0
29447,0.5574938230479336,0
29448,0.6689409887231229,0
29449,0.4658920650648521,0
29450,0.6132320676930842,0
29451,0.7964892930039669,0
29452,0.38073249174281115,0
29453,0.7201497607966978,0
29454,1.772398747616728,0
29455,0.29311229947480416,0
29456,1.5852804083801586,0
29457,1.220226567218702,0
29458,1.7389259943748947,0
29459,1.0446136853147647,0
29460,1.6182756002369516,0
29461,0.8785753291875311,0
29462,0.371376027724276,0
29463,0.3062163848807697,0
29464,0.45143782995040593,0
29465,2.1437447040936526,0
29466,0.5673291540691382,0
29467,0.3656221791967191,0
29468,0.32152814191518914,0
29469,1.0091281975264494,0
29470,1.053552030696733,0
29471,0.33440129311726124,0
29472,5.703308525924674,1
29473,1.3289094594508248,0
29474,1.6157101500442164,0
29475,0.32453689275687064,0
29476,3.648134365612786,1
29477,1.0645458496427522,0
29478,1.1462552421211114,0
29479,0.4023412933056342,0
29480,0.41363386155710413,0
29481,0.9012447861352759,0
29482,1.3715190893978249,0
29483,0.4619987837274862,0
29484,1.1625703851158424,0
29485,1.9113086139167508,0
29486,1.1995573704171911,0
29487,1.015765313915293,0
29488,2.589584632109359,1
29489,1.3840718992924421,0
29490,0.360334837572578,0
29491,1.673718231150842,0
29492,1.1681620094816874,0
29493,1.258094644324602,0
29494,1.074142772999658,0
29495,0.562586566567816,0
29496,1.5748325875275515,0
29497,1.9874413456332731,0
29498,0.6865269291385255,0
29499,0.32111396427241595,0
29500,0.6830609359444885,0
29501,1.3221213191509833,0
29502,0.4671497282901136,0
29503,0.48128737534080984,0
29504,1.220661019532455,0
29505,0.6492358932559449,0
29506,0.4782262066207541,0
29507,0.8314814226673548,0
29508,1.6504639099005083,0
29509,2.2125526894336787,0
29510,0.5612649348430601,0
29511,0.09662562702906544,0
29512,0.2352351445811373,0
29513,0.5857051496720191,0
29514,0.7860947349117456,0
29515,0.23079466383417963,0
29516,0.8107522459741295,0
29517,0.35544647367605153,0
29518,1.6093580143117627,0
29519,0.9546037910751526,0
29520,0.6996209601968161,0
29521,0.8410178037864465,0
29522,0.5129780664368964,0
29523,1.0348148537462845,0
29524,0.5720737957609117,0
29525,1.2459063065647122,0
29526,0.431003457164376,0
29527,1.000378625382186,0
29528,0.19499237169909223,0
29529,0.9565638820642057,0
29530,0.8929433809216004,0
29531,0.32614712760989056,0
29532,0.5291828203135076,0
29533,1.5073438641217174,0
29534,0.6704031671649544,0
29535,0.3791721196374495,0
29536,0.9453275040194331,0
29537,0.8615045215215723,0
29538,0.8018202683572297,0
29539,0.2975153481075138,0
29540,0.2153568523414088,0
29541,0.6258895201328623,0
29542,1.0678438724696115,0
29543,2.0960154824424126,0
29544,0.5039014757031275,0
29545,0.43564611820776616,0
29546,0.19316857841444204,0
29547,0.5021446464392703,0
29548,1.462711830097163,0
29549,1.8593861932657458,0
29550,0.5475844359563452,0
29551,1.1767096945291058,0
29552,1.6828658998481671,0
29553,0.8772969237370273,0
29554,0.2609684247854048,0
29555,0.3971738875251994,0
29556,0.6021228159428015,0
29557,1.4971976280955832,0
29558,1.632890626684997,0
29559,0.37209390654517666,0
29560,1.9264323252804982,0
29561,0.32557350259580564,0
29562,0.9514976393002538,0
29563,1.2244635422327448,0
29564,0.3536381319265051,0
29565,1.9490404334320304,0
29566,0.24475739012687542,0
29567,0.437407948059375,0
29568,0.6567827478246172,0
29569,1.4211178774608828,0
29570,0.6346443103384504,0
29571,2.8805064552359196,1
29572,0.49070561142490926,0
29573,1.776181797739649,0
29574,0.22548513079419327,0
29575,0.9522636583863617,0
29576,0.9587644769587254,0
29577,1.0274741568678265,0
29578,2.9823319915928996,1
29579,0.6086423045642123,0
29580,1.1220590568471176,0
29581,1.1852596383304737,0
29582,0.41024214450152546,0
29583,0.7859638465799069,0
29584,1.5060922304111195,0
29585,0.7799187109405736,0
29586,0.8212252403954651,0
29587,0.14136874325648735,0
29588,0.50421146048998,0
29589,0.1282498226297427,0
29590,1.120363542335032,0
29591,0.14445543581458659,0
29592,0.9069707565024201,0
29593,0.96458651122305,0
29594,0.22625796772806944,0
29595,1.0981644609510817,0
29596,0.5177184319891899,0
29597,0.7370892012108389,0
29598,0.43505492585572314,0
29599,0.3461609120419012,0
29600,1.241935093773945,0
29601,0.4545239174141399,0
29602,1.1358706111518742,0
29603,1.2138068491142202,0
29604,0.20419387132398947,0
29605,2.430374345594173,1
29606,1.8150292099249612,0
29607,0.24475747071715195,0
29608,0.34699614280093183,0
29609,0.7352277042820005,0
29610,1.6631036072766225,0
29611,0.8045977770193982,0
29612,2.01615070329516,0
29613,0.691472737066897,0
29614,1.2335871582811666,0
29615,1.0350722293133183,0
29616,0.8391791480313497,0
29617,0.2180002160859602,0
29618,2.3760775870391044,1
29619,0.6614111248993598,0
29620,0.865661476095412,0
29621,0.8347168157569073,0
29622,0.7890345580091317,0
29623,0.27730393528398095,0
29624,0.19371706942530115,0
29625,0.33815491487493243,0
29626,0.17811282882074858,0
29627,0.5299887743768112,0
29628,0.33797493070960033,0
29629,0.5834450913001038,0
29630,0.7910031644368807,0
29631,0.24540974096945617,0
29632,0.6730505830563314,0
29633,1.308302174688128,0
29634,0.3540038452479755,0
29635,0.6942056927575381,0
29636,0.9355010242932753,0
29637,0.8813575039116681,0
29638,0.6880289391952044,0
29639,0.29218337149674795,0
29640,0.9415164800276262,0
29641,0.5572294287465157,0
29642,1.3448231456830488,0
29643,1.7554142575424763,0
29644,1.0409729138516701,0
29645,0.4946257020265361,0
29646,0.9970532270825831,0
29647,1.5692844770098275,0
29648,0.5329229104189309,0
29649,2.1513241820649105,0
29650,1.8437477865247196,0
29651,2.086199407252672,0
29652,2.383944710345299,1
29653,0.29555478169889443,0
29654,0.3607590668395074,0
29655,1.7732768362512494,0
29656,0.8256232208290036,0
29657,0.30856725273909624,0
29658,0.2768076334167008,0
29659,0.47696974068061476,0
29660,0.9261094946905217,0
29661,2.9320677670319037,1
29662,0.16342913039427648,0
29663,0.27763577290352986,0
29664,0.6584080344593637,0
29665,0.2550004601365862,0
29666,2.707743286095531,1
29667,1.039744884728184,0
29668,2.5154475281188615,1
29669,0.9668860334601428,0
29670,1.2227459834622498,0
29671,0.29227232029009426,0
29672,0.4354677209824261,0
29673,1.738953031318341,0
29674,0.44320175910562004,0
29675,1.1756629894658752,0
29676,2.1965097315540536,0
29677,1.346416885452688,0
29678,1.166860823986365,0
29679,0.8085593237762971,0
29680,1.0255176730818385,0
29681,2.2617824667779445,0
29682,0.36058783042949816,0
29683,0.14550603723647276,0
29684,0.5725212892341646,0
29685,0.6964187644821652,0
29686,2.30622980470706,0
29687,1.2194563536877765,0
29688,1.5246756507836765,0
29689,0.22711123661980528,0
29690,0.8091356341683902,0
29691,0.299942127300438,0
29692,1.98218882580328,0
29693,1.525662121916056,0
29694,0.4299377947464439,0
29695,1.874708256526074,0
29696,0.8668173375630939,0
29697,0.5856482512610257,0
29698,0.30215570706984163,0
29699,1.515274444542235,0
29700,0.8665601171992712,0
29701,2.1019460613086847,0
29702,2.263266863802685,0
29703,2.3660684224620097,1
29704,1.5585397489932866,0
29705,1.123183181676677,0
29706,2.137315470386034,0
29707,1.2234216868700494,0
29708,0.48664543018747947,0
29709,0.9099650721843217,0
29710,0.7935180094867123,0
29711,0.8545011480142591,0
29712,1.1365423814642146,0
29713,0.6620444199989622,0
29714,0.19805388654063022,0
29715,0.5653652940768326,0
29716,0.5994353037157245,0
29717,1.1385730865273074,0
29718,0.5256176163244451,0
29719,0.9463781493120639,0
29720,0.6495678057190466,0
29721,2.771580711316792,1
29722,1.5288800253049524,0
29723,2.3945625439021065,1
29724,0.3819273432297082,0
29725,0.2920019946214327,0
29726,1.0686182208268682,0
29727,0.25667924973805845,0
29728,0.30614757587297553,0
29729,0.655305656928238,0
29730,0.21667504310973157,0
29731,1.9113334922069143,0
29732,1.4450289208208573,0
29733,1.756812549743896,0
29734,1.4740284424875878,0
29735,0.7056028674293996,0
29736,0.700422746718559,0
29737,0.9731931501238671,0
29738,0.643475723011416,0
29739,2.9839842324037393,1
29740,1.3698316683548928,0
29741,0.3376881261903913,0
29742,2.404939837434829,1
29743,0.9631293778786368,0
29744,1.7220563175544552,0
29745,1.5384591010468491,0
29746,0.7398234970403644,0
29747,1.1509079287742985,0
29748,0.5064262926227618,0
29749,0.27953287593689985,0
29750,1.1439602360518057,0
29751,1.062552053463728,0
29752,0.37860158886034495,0
29753,1.1783967397591675,0
29754,0.20735431340036659,0
29755,1.4987995767293203,0
29756,0.6905377058582612,0
29757,0.2616039520494313,0
29758,1.453896009918036,0
29759,0.8209479124949339,0
29760,0.20164183556529652,0
29761,0.8047542988466798,0
29762,1.0710522649755165,0
29763,0.4024419721454808,0
29764,0.20317236342156136,0
29765,1.1824401864384588,0
29766,1.2228713974439005,0
29767,1.3832606293359784,0
29768,0.8636601616981266,0
29769,1.2228603128798514,0
29770,0.8715338483585068,0
29771,1.624298091881452,0
29772,0.78627253211805,0
29773,1.9398472729887763,0
29774,0.2953275954153584,0
29775,0.823531352714977,0
29776,1.1633818476783135,0
29777,1.708564986879593,0
29778,1.5562210541334467,0
29779,1.3936679863698385,0
29780,0.7027747789191674,0
29781,1.2927359152781779,0
29782,1.0931456836020357,0
29783,0.9493774207087912,0
29784,1.0482165683056823,0
29785,0.44760067634815437,0
29786,0.40201327830714784,0
29787,1.1694954962250932,0
29788,0.7011935675676556,0
29789,1.183492226983328,0
29790,0.9885874454500524,0
29791,2.4251279277889517,1
29792,0.514187117724401,0
29793,0.40378359456345664,0
29794,1.1301698149422492,0
29795,0.3226263052017808,0
29796,1.1289722064504086,0
29797,0.3480418389199381,0
29798,1.9960830000997187,0
29799,1.763777043316188,0
29800,0.7187060961259331,0
29801,1.090231467211317,0
29802,1.4326439935006008,0
29803,0.5392129528823439,0
29804,0.9356822665122806,0
29805,0.2719182672142724,0
29806,1.4866104756025442,0
29807,0.24440329493201524,0
29808,0.5095641953819807,0
29809,2.2918548280824123,0
29810,1.1055044052017167,0
29811,1.3109121007904654,0
29812,1.3269638781491202,0
29813,1.1628663997213433,0
29814,1.5271379669021268,0
29815,0.16667644473086887,0
29816,3.059000901807205,1
29817,1.1967675127393604,0
29818,0.21466403986085886,0
29819,0.41872944259418804,0
29820,7.691544996008067,1
29821,3.540377648291932,1
29822,1.0221963034440913,0
29823,0.11761865715719359,0
29824,0.78930118593314,0
29825,1.1559707257969625,0
29826,0.5086876559584146,0
29827,1.3049176523995147,0
29828,0.8176417753494103,0
29829,0.374142812770575,0
29830,0.19904814088953288,0
29831,0.27579154700548925,0
29832,0.3508908533568378,0
29833,1.5690784574697196,0
29834,0.15287431758889442,0
29835,0.5423259592554374,0
29836,1.239400545201732,0
29837,1.4910754035925067,0
29838,0.4186155422263284,0
29839,1.3902644893660696,0
29840,1.2905602279757418,0
29841,1.6715555046262651,0
29842,2.120500783690979,0
29843,1.3054500391889903,0
29844,1.1662678392791643,0
29845,1.8504109539559557,0
29846,0.9584154371003727,0
29847,2.714263820162569,1
29848,0.9819924044654949,0
29849,0.36698047613571855,0
29850,0.3587391313073166,0
29851,1.4805150397299547,0
29852,1.9714460358354202,0
29853,0.8379392652264128,0
29854,0.7385760127882811,0
29855,1.3492510486306,0
29856,0.6177768155249689,0
29857,0.21740828331511955,0
29858,0.959447549152544,0
29859,0.44285673418863,0
29860,0.7109232553956447,0
29861,1.0402314014738858,0
29862,0.6217452936597841,0
29863,0.5597335565951902,0
29864,1.9295734508658833,0
29865,1.036445518157619,0
29866,2.249524647470853,0
29867,3.7852109092316533,1
29868,0.8655003272625356,0
29869,1.2597450949754774,0
29870,0.14082241181890492,0
29871,1.3314644110235985,0
29872,0.3679916622676678,0
29873,0.3233159354094901,0
29874,0.5757207563313809,0
29875,0.9638775016885666,0
29876,0.6584283069974182,0
29877,1.085568765380146,0
29878,2.5726135817183655,1
29879,0.3738140877486236,0
29880,0.6728391986693426,0
29881,0.5175117639900106,0
29882,0.904227768845346,0
29883,2.0121813952702996,0
29884,3.3173160605272174,1
29885,0.28024137590043585,0
29886,2.796813950478609,1
29887,0.561804840515744,0
29888,2.3256833386905944,1
29889,0.5569408017392691,0
29890,0.2010693965164309,0
29891,1.682157465364679,0
29892,0.6249148863780376,0
29893,1.4418884672732841,0
29894,0.3514437939863052,0
29895,0.8796885957935867,0
29896,0.6864385348965131,0
29897,0.49797528241187583,0
29898,0.3202370521972454,0
29899,1.2373545319440458,0
29900,0.43114755576944824,0
29901,0.7785481121678866,0
29902,2.2550307996664904,0
29903,2.6147881112637643,1
29904,0.380647766449712,0
29905,0.813783619254752,0
29906,4.838335259733761,1
29907,1.0755359763499237,0
29908,0.15880302787678713,0
29909,0.15287103681870087,0
29910,0.25783205519690827,0
29911,0.5540163444545215,0
29912,0.7329070483950696,0
29913,1.6157770535875275,0
29914,1.1872764911974472,0
29915,0.4847541769793267,0
29916,0.5029906570613838,0
29917,1.7715182140863175,0
29918,0.4519109278344783,0
29919,1.4512689712232176,0
29920,1.7417924158707478,0
29921,2.921409847931552,1
29922,0.3514031706386559,0
29923,0.5139515683055981,0
29924,0.23499167430863657,0
29925,1.5924246237866841,0
29926,1.0780976690910522,0
29927,0.734379304021159,0
29928,0.41501215857096574,0
29929,0.7838882964039079,0
29930,0.5678015827611527,0
29931,1.3902819687262096,0
29932,1.317998008239731,0
29933,1.9123306598352532,0
29934,0.3878015143777331,0
29935,2.6275894527687007,1
29936,0.9166767414203614,0
29937,0.5396558663034328,0
29938,0.7249046558046427,0
29939,1.769717005163578,0
29940,0.5980487943137127,0
29941,0.6476215239522864,0
29942,0.3281315666784204,0
29943,1.314719568736637,0
29944,1.0378677007326196,0
29945,0.2915462108657162,0
29946,0.9310556564380377,0
29947,0.4306966331320089,0
29948,1.6151933142116874,0
29949,1.3836914907878295,0
29950,1.0733907139386483,0
29951,0.7193856574524365,0
29952,0.6939033242252768,0
29953,0.861875941852397,0
29954,2.9500178375919077,1
29955,0.9732389086092349,0
29956,0.940174981897124,0
29957,3.1418965473719034,1
29958,0.8553407061483611,0
29959,2.5855179191875584,1
29960,0.23285921483315514,0
29961,0.16015415965709445,0
29962,1.2856246389307857,0
29963,21.43738207223227,1
29964,0.8885439956240158,0
29965,0.3753161897499326,0
29966,2.5827347415695323,1
29967,1.804666671835795,0
29968,0.6447819048511527,0
29969,0.6565799600758868,0
29970,2.028450423295057,0
29971,0.3071898886563867,0
29972,2.5661143893992673,1
29973,0.3452633556398669,0
29974,0.6637448545566877,0
29975,1.247801312721219,0
29976,0.996020696204007,0
29977,0.8738806584760177,0
29978,0.6161988128082952,0
29979,0.32664009263536553,0
29980,0.5229020426468521,0
29981,0.5649303247153187,0
29982,0.34001711105380916,0
29983,0.6052573135396533,0
29984,0.7945163344744763,0
29985,0.17212586467724267,0
29986,0.3992229570464783,0
29987,1.5589088702067682,0
29988,2.570729290999097,1
29989,0.5941797450548914,0
29990,0.9197626432134351,0
29991,1.025317157781799,0
29992,0.8682798116129632,0
29993,1.809053648115387,0
29994,0.5410618898080884,0
29995,1.260106698553632,0
29996,1.1519629186449694,0
29997,1.5646717238007983,0
29998,3.2732940883630635,1
29999,0.24372823848826924,0
