Index,Anomaly_Score,Is_Outlier
0,4.082565949869651,0
1,3.680006669414872,0
2,1.0850388496581205,0
3,0.7138127903181282,0
4,4.853476924608715,0
5,1.455388050691221,0
6,11.409785028568587,1
7,2.480817781663743,0
8,2.513532311429478,0
9,4.096035419840878,0
10,3.7193265699406544,0
11,6.3481416570376314,0
12,4.33063751759217,0
13,3.654679481129921,0
14,1.5093273532756457,0
15,3.327069322577203,0
16,2.305056909140642,0
17,19.177094252460638,1
18,0.8996549355965973,0
19,0.2134127124078105,0
20,3.990162436995367,0
21,0.5406080411958413,0
22,2.8444297180161398,0
23,2.2510816220525243,0
24,2.2418409642921873,0
25,1.1943481994222196,0
26,2.178236276050561,0
27,1.1753890715884494,0
28,3.109597013632356,0
29,0.5695493354895855,0
30,4.281456938478914,0
31,1.712126805695656,0
32,1.1138968019226487,0
33,9.44802193581612,1
34,3.627165576926848,0
35,2.1206002138421347,0
36,1.9170380483880558,0
37,3.784336669724661,0
38,1.5330254626912665,0
39,4.277817178813123,0
40,17.865576109029767,1
41,0.667348772263193,0
42,0.5639365832459241,0
43,1.2867361027079423,0
44,1.8897761608857366,0
45,0.3215819647501015,0
46,2.8448262958431245,0
47,5.189304516679486,0
48,4.391337535689311,0
49,0.3867490197011059,0
50,3.92651346233562,0
51,2.214766153089387,0
52,2.158440787867027,0
53,2.195066211210867,0
54,2.126979730463968,0
55,1.4625579281288323,0
56,3.464230236579951,0
57,1.7949158157840561,0
58,3.634853411698761,0
59,5.721150769270183,0
60,2.920407863894215,0
61,2.7237893699515587,0
62,1.673915104837963,0
63,1.6686873548429901,0
64,2.1318887964508892,0
65,12.57754573161515,1
66,2.8871194057212017,0
67,1.455476154006626,0
68,6.345456103493119,0
69,3.7577263043701317,0
70,0.6833025314552468,0
71,3.3309047730659955,0
72,3.4002980343169016,0
73,1.8289240898228738,0
74,7.626026865763832,0
75,0.8623499148293945,0
76,1.9036301870669385,0
77,0.7737548712344727,0
78,0.6849268218928023,0
79,1.0865226327262438,0
80,7.035421676385513,0
81,10.22337124244623,1
82,1.0482668903744947,0
83,4.074437321087206,0
84,1.171263711338042,0
85,5.383002495779689,0
86,3.22305863542231,0
87,1.8640070552906864,0
88,6.311853475950446,0
89,3.1555655661816173,0
90,4.3430661190477515,0
91,2.5220315065096726,0
92,0.7957981891375574,0
93,1.5917108475982618,0
94,0.6418920469430696,0
95,1.6025353507577458,0
96,6.5722395085693694,0
97,1.8948184612117263,0
98,1.315533413849005,0
99,1.3397591142933958,0
100,1.3296348722155977,0
101,4.577909528671398,0
102,12.518549908891362,1
103,0.8322369601579991,0
104,2.6875714568622424,0
105,3.340697911900548,0
106,0.8437575858198216,0
107,2.2223381056322826,0
108,16.567494345509832,1
109,0.5088344549617326,0
110,4.497291510848557,0
111,1.769894943998991,0
112,5.577883972374545,0
113,1.0297012547218876,0
114,0.6209914443420252,0
115,4.5461499043687645,0
116,0.9125706894486304,0
117,1.5555580815784955,0
118,2.986422286055614,0
119,3.689318567725508,0
120,3.349285081808814,0
121,0.6907151298122175,0
122,0.8617867339564325,0
123,4.868511673753699,0
124,0.49128970715054854,0
125,0.7348520063468506,0
126,3.090539117615203,0
127,3.0408924484936213,0
128,1.268410377475724,0
129,3.6635374117830506,0
130,3.125196894871548,0
131,3.276828003908861,0
132,3.2720665492811922,0
133,3.408552218841727,0
134,0.7243474746952673,0
135,3.4666447463011254,0
136,1.4394374892094925,0
137,1.0160116386269087,0
138,2.3435267579912984,0
139,1.0918424709624939,0
140,1.4281857757268595,0
141,0.7228630702163769,0
142,1.628764631589238,0
143,3.4068117967630034,0
144,2.726904606387173,0
145,2.767639028321618,0
146,1.1691656832784252,0
147,8.025288933065877,0
148,2.992998837999584,0
149,3.703905779262438,0
150,3.2173495626727844,0
151,3.4109007785101317,0
152,2.751615830379654,0
153,8.958743750418687,1
154,1.0026690703500516,0
155,2.6283718320356044,0
156,1.7740103530053717,0
157,2.425690224211652,0
158,14.352089956779405,1
159,3.2602186869794396,0
160,2.9749174999779173,0
161,4.082458446701356,0
162,2.176960124218819,0
163,3.908467002820951,0
164,0.7636940836838941,0
165,1.2527168321186688,0
166,4.390962557636145,0
167,7.626220639909637,0
168,2.4438431363104396,0
169,0.407961863086111,0
170,1.9119511024669862,0
171,1.0262708339615478,0
172,2.708017029250061,0
173,0.5835898820453225,0
174,1.893046735210293,0
175,4.173560697373868,0
176,3.173975639266074,0
177,2.743741975936744,0
178,0.5007774678517026,0
179,3.448104316982507,0
180,7.761049681621931,0
181,3.1862678884088496,0
182,11.454866417498696,1
183,1.1802562035114534,0
184,1.3583327389695974,0
185,2.2980892428577198,0
186,10.346965490081509,1
187,6.890650272497715,0
188,2.56543830881342,0
189,5.927746696904801,0
190,2.6379157836394644,0
191,2.670446731252655,0
192,3.17915104035711,0
193,5.013948315361142,0
194,2.96813163078533,0
195,1.699170681238556,0
196,0.5813904357150558,0
197,2.3985646538262335,0
198,3.758238656762204,0
199,2.7512329353916942,0
200,0.40694945978901026,0
201,4.39749568230354,0
202,3.099015165618158,0
203,1.4333106095849262,0
204,3.3648946481619744,0
205,3.2653273778529295,0
206,1.089004938612345,0
207,0.7495788487599334,0
208,0.9496923457997023,0
209,2.2564872109789187,0
210,9.245139025917966,1
211,2.645873701060094,0
212,0.909451127891309,0
213,1.9141342072341725,0
214,11.497352714371813,1
215,3.2550858788307573,0
216,0.5940540492732385,0
217,2.3763744121360104,0
218,3.5229483484961692,0
219,1.5678891838012787,0
220,5.415967157863296,0
221,5.122615040472469,0
222,3.815671834190446,0
223,3.547333052394317,0
224,4.99451302626206,0
225,1.980602646589639,0
226,2.1370385908740475,0
227,0.6161972843911204,0
228,1.3783756934063562,0
229,2.114450033298708,0
230,0.9477555395886309,0
231,2.4252254908121835,0
232,5.844965870752489,0
233,6.481236546121892,0
234,0.9393484441720421,0
235,2.496387719649087,0
236,2.081320370674957,0
237,2.301357382138305,0
238,3.4007399989552933,0
239,2.575558584792384,0
240,4.056831751910884,0
241,1.4470036428590423,0
242,0.4163086653994997,0
243,3.4735088779912777,0
244,4.405967874767386,0
245,2.119001594999666,0
246,4.562990030461379,0
247,0.944275225936386,0
248,3.9495559232641426,0
249,0.8106086139963481,0
250,1.9659807457936864,0
251,0.986427797724181,0
252,0.9650445390998844,0
253,6.350698964734111,0
254,2.5210724149959742,0
255,0.8904022400842444,0
256,2.924857162181826,0
257,4.598397551906794,0
258,1.5927980992474977,0
259,4.292919908266498,0
260,8.199640575602317,0
261,1.1600314316075584,0
262,4.696392948377649,0
263,3.580397367391605,0
264,2.3526063080666586,0
265,1.6697579410065992,0
266,1.6957353967597557,0
267,2.089408280853561,0
268,1.9549165707698646,0
269,2.897143472347732,0
270,1.6814984042785424,0
271,3.6205579787773745,0
272,1.9689130203267406,0
273,1.2286855994590027,0
274,0.5529182018103046,0
275,2.0403062603011484,0
276,4.281575559041745,0
277,0.4254058735735958,0
278,1.2920321748520576,0
279,1.5690183138587168,0
280,2.369711781149787,0
281,9.635859040378069,1
282,3.0259316899661264,0
283,0.9423081981301481,0
284,3.036378251017528,0
285,6.282406721130782,0
286,3.0206195238112357,0
287,3.343060859869512,0
288,1.6139015731475592,0
289,1.423945472217631,0
290,18.73216041873021,1
291,0.4486743478611403,0
292,2.6957962342625583,0
293,1.1715857676887693,0
294,0.36396914907746675,0
295,2.3584822126952725,0
296,1.0112594008517566,0
297,1.2972754879108066,0
298,2.45256157321518,0
299,4.070078617627063,0
300,1.533588860297076,0
301,9.124535639358305,1
302,1.1329827018541287,0
303,1.6129026937444322,0
304,1.964266711099375,0
305,1.116936405503472,0
306,3.2468118448004133,0
307,2.819642994732719,0
308,5.1924884957907205,0
309,2.784771728070129,0
310,3.0415737248054673,0
311,1.314200114847125,0
312,2.2732068837538177,0
313,5.625983770383062,0
314,1.4361785176805277,0
315,0.7059978229318326,0
316,1.302708056671151,0
317,2.758425405927819,0
318,2.9057652623938304,0
319,0.7460712897987541,0
320,2.3454559354314166,0
321,5.384874361880714,0
322,1.3259952011925336,0
323,3.261292972917196,0
324,3.059330813818628,0
325,6.104534382558159,0
326,4.2289466759410095,0
327,1.8598178120449154,0
328,10.38119532805734,1
329,3.2758568745904624,0
330,5.762656990065565,0
331,2.2495574743125824,0
332,2.9032897435310634,0
333,6.854981707838415,0
334,0.43316613741977067,0
335,1.2538275725067776,0
336,1.576112368635599,0
337,0.4482116675520578,0
338,0.7615306754143009,0
339,2.1010674345939435,0
340,0.5206332662710346,0
341,1.8651859561393207,0
342,4.995380114759472,0
343,18.792541822473734,1
344,1.542670111080049,0
345,2.4332761241693794,0
346,1.9122772938810089,0
347,0.7245157652330607,0
348,1.0599170890374414,0
349,0.4627466491946837,0
350,4.0415221889932065,0
351,11.110140175176918,1
352,0.7383252275769265,0
353,1.7167392036654594,0
354,3.3513516422485847,0
355,2.1287059115672498,0
356,1.4248459626737366,0
357,3.6989494625114463,0
358,2.7310276401463494,0
359,7.1914086735393745,0
360,14.959327395977471,1
361,1.4747673697150339,0
362,3.627017511644236,0
363,2.7210724862768623,0
364,0.456494573775007,0
365,3.5592603436425123,0
366,1.4215952666520941,0
367,2.909137032095332,0
368,0.5097684833234762,0
369,2.4006656594262807,0
370,3.61472896888797,0
371,5.599333486988414,0
372,2.6600778658149387,0
373,2.249668905744038,0
374,10.488565013771566,1
375,1.2436094224492895,0
376,2.365214212598464,0
377,3.1075583902926436,0
378,1.9196379406915587,0
379,1.2772296979179893,0
380,1.265013071565323,0
381,2.4270042570594015,0
382,3.17502948039997,0
383,2.6628008199952604,0
384,2.370559277343362,0
385,6.9919824411956,0
386,6.074021739658293,0
387,7.721055060854772,0
388,2.2004353103288925,0
389,9.162839079208068,1
390,0.5268417733446293,0
391,4.852073712353762,0
392,1.9202186874468896,0
393,1.2220249128740048,0
394,3.7141565322648673,0
395,1.5001942864781455,0
396,1.6344354716002674,0
397,0.6246507999712445,0
398,1.7140650253749368,0
399,2.8171381752839,0
400,10.184749138157054,1
401,2.078218084143123,0
402,2.2907837897945216,0
403,0.9289659938950747,0
404,3.483999563976494,0
405,7.187367008023329,0
406,1.8656488625730787,0
407,9.070272967926046,1
408,3.236021312897142,0
409,2.1457714242156425,0
410,1.6250771093515854,0
411,1.8313866427326908,0
412,2.088165968617704,0
413,2.416861484198522,0
414,13.812933672363677,1
415,2.5073506162419243,0
416,1.3905334825240336,0
417,1.321110414625069,0
418,1.057124713032592,0
419,0.7314242357977847,0
420,2.7440480809360426,0
421,2.391903697233323,0
422,1.2352546040298824,0
423,4.298941082304458,0
424,2.8341862352529663,0
425,1.1241452322041654,0
426,2.93151511744317,0
427,1.1612525144851162,0
428,2.9026587806571476,0
429,3.079803392178519,0
430,0.8025026525276592,0
431,3.577392898391921,0
432,0.7872404386585982,0
433,3.7204524701648407,0
434,4.7489144329818505,0
435,6.349935686728496,0
436,3.3035207743580273,0
437,1.5484765111360943,0
438,1.5584363647409527,0
439,3.2907204776498893,0
440,2.4215522317493763,0
441,3.9924819680715653,0
442,1.5787143508004469,0
443,1.6366010131711664,0
444,3.036177636177689,0
445,1.3758683104276916,0
446,1.5588328954462012,0
447,4.057186816702723,0
448,3.2399615993548747,0
449,3.5861126927112914,0
450,1.0530411242693856,0
451,9.004693503377291,1
452,10.63509822629577,1
453,2.7635507375321575,0
454,3.591982357195385,0
455,2.1306112491373863,0
456,3.5133550162120692,0
457,2.875471614937635,0
458,2.41693405259285,0
459,2.2437898653448367,0
460,1.6258194225040463,0
461,1.5435312128891163,0
462,8.826764234627253,1
463,5.903652398771597,0
464,4.987756186405574,0
465,4.3137444552512925,0
466,2.6785880597188703,0
467,1.2198453620872756,0
468,7.010836593233981,0
469,1.2643617480606026,0
470,5.402743302969607,0
471,6.618763159078273,0
472,0.8599897224508839,0
473,3.5986694472101783,0
474,1.5017976370823927,0
475,0.6235754951694816,0
476,1.420752029946056,0
477,2.1196602896683934,0
478,4.0741806044683875,0
479,0.3170995638385389,0
480,13.185775218957842,1
481,4.854999455507653,0
482,3.1205230600497305,0
483,3.163213802941529,0
484,0.721362616753845,0
485,2.7184020545502174,0
486,2.4491733899552273,0
487,1.9610478681232086,0
488,1.138837982901737,0
489,1.7202960391315927,0
490,0.5774310002992965,0
491,1.830719700695845,0
492,5.4426993681376725,0
493,2.3108583148692503,0
494,1.7367552244212983,0
495,1.1126335384048405,0
496,2.8128174482402413,0
497,1.2854201158648644,0
498,1.6327698411156528,0
499,3.354700747983121,0
500,2.415200904484488,0
501,1.7044018365630573,0
502,5.973280905008511,0
503,1.6560522104494355,0
504,4.186346801653074,0
505,0.5986876455310614,0
506,37.81736417622722,1
507,2.1386822736784805,0
508,2.090766164630285,0
509,2.235517651898739,0
510,2.7300018130976644,0
511,0.8669681504499296,0
512,6.660920186512372,0
513,1.5837944359049525,0
514,1.064436226054585,0
515,6.069222269963892,0
516,1.6905872107934417,0
517,0.9521435065970731,0
518,1.4879456915900662,0
519,2.362026297168585,0
520,1.388612564547201,0
521,7.154110196394197,0
522,20.411182189143847,1
523,1.842560244759974,0
524,1.2447601266444488,0
525,7.563727260715833,0
526,2.033378334330755,0
527,6.172632185460457,0
528,2.1366314632426286,0
529,5.676493452477965,0
530,1.6587050236696137,0
531,2.760799567965369,0
532,3.267283314234099,0
533,6.249606579366664,0
534,1.2103185830796321,0
535,2.4159254822436167,0
536,4.091637585155575,0
537,1.8415074169301529,0
538,4.1422658874869756,0
539,3.047918455288733,0
540,1.7051429957523678,0
541,0.8685916066771407,0
542,2.3829643485087706,0
543,4.457131079039574,0
544,4.193812770317577,0
545,1.7935679210062396,0
546,0.379350237063731,0
547,0.47083601067705405,0
548,2.739180688782945,0
549,1.5576699848794624,0
550,3.9567984469543784,0
551,3.4049496747424137,0
552,1.7939637057757247,0
553,1.7199890426644895,0
554,3.6960444117199853,0
555,7.977976095670391,0
556,0.9938628245415526,0
557,3.51117962194329,0
558,0.9665359768854404,0
559,1.911050662024397,0
560,3.3275579934513684,0
561,1.7769786984268676,0
562,0.8424622815001713,0
563,7.905260882191659,0
564,6.30863278222327,0
565,3.1941258773627825,0
566,1.0287114590083777,0
567,2.6569557410465108,0
568,0.8465978841909615,0
569,2.1721726256699605,0
570,3.5517957805962777,0
571,0.6029450087220781,0
572,2.562610364008784,0
573,3.830206940400705,0
574,1.9787270514577946,0
575,5.647138490850725,0
576,5.171969621149269,0
577,3.854684619874385,0
578,0.9148028689176567,0
579,3.138521181675361,0
580,1.8658888403395049,0
581,3.34272692737066,0
582,3.667414791011182,0
583,1.7152028560488333,0
584,1.279605249916009,0
585,1.211608708967456,0
586,0.4683519645246959,0
587,5.709746887782137,0
588,2.403759955872519,0
589,8.099934988598338,0
590,5.895260659356134,0
591,1.2603421841839164,0
592,1.7821278564676888,0
593,1.4068841947182191,0
594,1.9627155343723248,0
595,1.8096023721027068,0
596,3.2491011300740933,0
597,1.3200267132315922,0
598,1.6773040142811555,0
599,7.647169863912351,0
600,1.66185767700108,0
601,1.373368508015743,0
602,1.9954822291307857,0
603,2.514627902311683,0
604,0.48955599995164,0
605,1.5350306351170508,0
606,1.6747392844863127,0
607,2.344475811817626,0
608,2.7596078454588446,0
609,0.5106470280006401,0
610,7.248679988306178,0
611,2.604107050923184,0
612,0.8397557058782564,0
613,1.8490539426807813,0
614,3.5229467117630313,0
615,1.6019947573982365,0
616,1.57171397351434,0
617,2.8054712173437784,0
618,0.9891202325799652,0
619,1.1485632929961656,0
620,1.1249818469628998,0
621,0.5323941786394669,0
622,1.2937159435435215,0
623,2.0034622520651424,0
624,0.5515215399420472,0
625,1.1098801070316069,0
626,1.4308107818718434,0
627,0.4800890600077354,0
628,1.2336470596574012,0
629,4.209978308840287,0
630,2.5648006706279256,0
631,1.615104585004855,0
632,2.4026531920764556,0
633,0.5013679191907962,0
634,1.879471231298418,0
635,1.6043622010685212,0
636,0.92939991177579,0
637,0.5454993483529672,0
638,12.94621445751042,1
639,1.3011523922682577,0
640,2.071453312725305,0
641,3.538898511415648,0
642,1.604239792823518,0
643,6.929427540914192,0
644,1.7642314594678086,0
645,8.832951709884385,1
646,3.680229019399526,0
647,0.8410876367456017,0
648,5.614435464849222,0
649,6.349142241491531,0
650,0.4455744047851893,0
651,3.424225660671051,0
652,0.3621907324114245,0
653,5.048205848537218,0
654,0.7182418477754843,0
655,1.5208176571851721,0
656,2.944212438375831,0
657,1.0790584450696543,0
658,2.1043039691488943,0
659,2.8112876753104294,0
660,2.8288897295983544,0
661,2.7896248264745904,0
662,4.123498299799125,0
663,1.6195588621247845,0
664,2.1826891252687886,0
665,1.7606845821540813,0
666,2.78947924483959,0
667,0.6694673912177358,0
668,3.760676541423357,0
669,2.773921875606745,0
670,7.758990050777895,0
671,0.669938598935237,0
672,1.9550102033221877,0
673,2.9782835814148263,0
674,1.7599740804167323,0
675,3.5573388252595777,0
676,4.072057456643935,0
677,6.024337766601132,0
678,2.1402859341175553,0
679,6.3634819103623546,0
680,2.3034373535781567,0
681,0.3420128186722655,0
682,2.5185547713180862,0
683,2.8086481376075683,0
684,3.661154601796586,0
685,11.625000642094411,1
686,2.7006379122300044,0
687,2.0743830710682003,0
688,1.97274998928945,0
689,0.9281256218683269,0
690,7.554527545700066,0
691,2.414763451224717,0
692,3.0606224198833485,0
693,2.9872752778431844,0
694,2.556584649236237,0
695,0.28037886329168793,0
696,2.5678535007638468,0
697,2.53013263360476,0
698,9.707592882040275,1
699,3.871446140087072,0
700,3.0141913748061113,0
701,1.9688599174914831,0
702,2.6313786347503343,0
703,4.448966673289728,0
704,5.332641434330269,0
705,1.147118925430837,0
706,2.3765051724754502,0
707,1.9544473243916205,0
708,2.170010602805297,0
709,0.906820049508795,0
710,2.313923191595688,0
711,1.1016451663661402,0
712,4.5349634212623915,0
713,2.8601630848566,0
714,0.7416921779791774,0
715,0.8599086100752005,0
716,1.0888388758840832,0
717,1.8249559251994123,0
718,0.33737383148905137,0
719,2.669825124596015,0
720,1.0579845270977795,0
721,0.514609701171506,0
722,1.523979288127639,0
723,2.360112059199237,0
724,2.17345256483538,0
725,1.9916369941085508,0
726,3.4923125470827623,0
727,1.8602942569685121,0
728,10.492065934916706,1
729,4.609979756154693,0
730,1.0143567380369471,0
731,2.375860142612845,0
732,3.5950788355879957,0
733,0.6674270408202767,0
734,1.6485139368668067,0
735,5.09033081926712,0
736,1.5826618717726484,0
737,7.114450276721345,0
738,1.0241253695143595,0
739,2.4058434494123637,0
740,1.4134918337336209,0
741,1.4154266787846617,0
742,2.0123788788097445,0
743,3.23655563973197,0
744,3.298177083677972,0
745,2.3703055202183365,0
746,0.963221262087906,0
747,4.105913698433597,0
748,1.7570674787994631,0
749,6.3171296273003925,0
750,3.31912792001054,0
751,7.139794242084273,0
752,1.8262691260275858,0
753,3.7917999349258618,0
754,2.851927489828289,0
755,3.8119196415179926,0
756,3.505843977724346,0
757,4.166260480548238,0
758,5.245240649678796,0
759,0.5120080430551155,0
760,3.4923338723368054,0
761,1.9287693986776082,0
762,10.100643028550646,1
763,3.7998016355650117,0
764,2.3477288325531047,0
765,3.3859770778360407,0
766,1.540641397309469,0
767,3.348517606880205,0
768,1.522625097516846,0
769,0.79602632355601,0
770,3.837405990543043,0
771,1.0970559763308785,0
772,0.58556407918227,0
773,0.9902548027173388,0
774,4.66727303407656,0
775,3.428953836007714,0
776,3.4376262180171775,0
777,1.449689419862383,0
778,4.725512112487357,0
779,5.6058926450888205,0
780,3.324986079696939,0
781,2.9400927644711623,0
782,2.2111698979675194,0
783,1.5414505135116514,0
784,2.75895281001172,0
785,3.2418796585106264,0
786,1.2797319212474696,0
787,3.767653449994227,0
788,0.9153125332135872,0
789,2.4956794132469953,0
790,2.9951357786213224,0
791,2.2155602655852586,0
792,1.8076520038181678,0
793,1.3882913891003918,0
794,1.6014874963462187,0
795,1.1939354377334792,0
796,0.3142247905241853,0
797,2.3706177731318894,0
798,3.757859063172505,0
799,1.2020807248767966,0
800,2.614392017993268,0
801,2.9581219573499875,0
802,2.692089819953948,0
803,1.4022226803687892,0
804,1.5710169507312712,0
805,5.916692177370933,0
806,3.7546203425725917,0
807,3.0449914823953965,0
808,2.0867203209643983,0
809,4.930484623022547,0
810,5.7980847103644635,0
811,10.740013979774576,1
812,1.3383953944786862,0
813,3.821942894207629,0
814,2.8054329375137694,0
815,5.024480455932562,0
816,2.8933471877240295,0
817,3.8920727943946547,0
818,1.3561350462716295,0
819,2.379918426188025,0
820,3.4846323670666,0
821,1.6064422794218636,0
822,6.003353270117311,0
823,0.3822537142802291,0
824,0.789857413945482,0
825,2.176348876890602,0
826,2.4664826146051384,0
827,2.3581362125904226,0
828,19.800031168768694,1
829,4.350972092435697,0
830,3.205475660491308,0
831,6.693243926468395,0
832,8.084254572030083,0
833,3.235169733091766,0
834,1.8756609940492743,0
835,2.441312536113645,0
836,1.0653771647521464,0
837,1.2468382510778122,0
838,5.578595130302372,0
839,0.8895960681526314,0
840,2.3484676869751095,0
841,1.8087261250986024,0
842,1.8878247352747872,0
843,1.3839599770011581,0
844,8.277040435169518,1
845,3.0427865762537696,0
846,3.5310606953408135,0
847,4.556250852314903,0
848,10.163496581163772,1
849,4.5625204032538305,0
850,6.264235556588277,0
851,1.7967667382831336,0
852,2.073694820213611,0
853,0.7868790087393536,0
854,1.401682685922389,0
855,3.549355682141447,0
856,2.130213816716975,0
857,1.8131110889242117,0
858,1.7906444598372948,0
859,0.6081807878370604,0
860,0.7557401776766607,0
861,7.882242176406686,0
862,4.103303892619627,0
863,0.7292978986492467,0
864,1.2628341824216929,0
865,0.6661716727483136,0
866,3.4638510019734357,0
867,4.30521408986423,0
868,1.3724703530564948,0
869,2.9392722052173386,0
870,2.004211479562201,0
871,0.9985462791794398,0
872,3.0438947135545704,0
873,1.2665894840792762,0
874,1.1146244827115572,0
875,1.3286112363420692,0
876,2.065414385503443,0
877,1.7097618337416791,0
878,2.064467277293605,0
879,2.29117757931578,0
880,2.704013222432429,0
881,0.3738074475736514,0
882,2.9518343198313644,0
883,1.3999866478681686,0
884,1.3304593216197618,0
885,0.9424313033791484,0
886,2.6542011316682617,0
887,2.2911565946434638,0
888,1.5097350279252473,0
889,3.6933394967030235,0
890,1.1041571751618686,0
891,5.496512380706287,0
892,1.7394010518674274,0
893,2.999408047569863,0
894,1.1030269346836525,0
895,0.3391721515250173,0
896,7.490954969085847,0
897,3.633134178720305,0
898,3.6214825276360463,0
899,2.2759689760555086,0
900,2.052464859532132,0
901,2.3283923945926395,0
902,3.549057132777787,0
903,2.885153754992834,0
904,3.8183519453783203,0
905,5.989851496585768,0
906,4.212421927180135,0
907,1.1569162101869734,0
908,0.9385283038268231,0
909,10.903007913568985,1
910,3.534706093941862,0
911,12.01929526196716,1
912,1.459983107326276,0
913,2.3995418189063806,0
914,1.3422472676432242,0
915,0.6583207236783346,0
916,2.3818061531429273,0
917,0.5117553289231501,0
918,6.873450850574431,0
919,1.8398216877992013,0
920,1.8755247475626726,0
921,1.5674957795642324,0
922,2.4107179423917082,0
923,2.6134053343012456,0
924,0.6687857788152892,0
925,5.474896590533769,0
926,0.978111680587599,0
927,0.6313183590993408,0
928,5.086230557635912,0
929,1.0357617164537,0
930,1.7800823220185424,0
931,9.091770283963978,1
932,3.227562849841696,0
933,2.2439077094092337,0
934,0.7734299567693772,0
935,1.433276113032716,0
936,1.3128304642625888,0
937,7.174905880994489,0
938,2.2513905052081307,0
939,2.5955382631094834,0
940,1.406508438802955,0
941,1.033520759244552,0
942,1.9329841166440802,0
943,4.446963193187336,0
944,1.172703138693869,0
945,2.493305577383202,0
946,2.004763983992972,0
947,1.0651574759319387,0
948,13.253664880166346,1
949,3.546076062375358,0
950,3.6656206949775036,0
951,0.9158032641685561,0
952,11.737292927800553,1
953,2.2221945908182406,0
954,6.8513887719648805,0
955,6.482495611165613,0
956,5.644456119256237,0
957,2.834353940823095,0
958,5.444260140479388,0
959,3.623614109156026,0
960,4.927195940690079,0
961,1.9632618243663997,0
962,1.3445736968640343,0
963,1.519092832216777,0
964,2.640366239237686,0
965,5.31892098072704,0
966,2.3668573743221755,0
967,1.4694416196681659,0
968,2.575359731586959,0
969,5.473029883146007,0
970,6.205063213258084,0
971,1.4123205234593563,0
972,3.0852796590301192,0
973,2.6910865596759828,0
974,2.255487954145378,0
975,1.0846237349028536,0
976,2.130583018137742,0
977,4.019661804825621,0
978,1.2953132088365527,0
979,5.201367649375547,0
980,0.6277454945514306,0
981,5.212851465648961,0
982,9.798525854103165,1
983,1.347237860112696,0
984,3.5122717976742965,0
985,4.198886365816239,0
986,10.299507237374149,1
987,1.2871838176507118,0
988,13.20481430755289,1
989,3.8562624164971497,0
990,6.7159302823925,0
991,3.7639974266743383,0
992,0.8220308659531083,0
993,6.386107963046481,0
994,0.4655040816726535,0
995,4.891753476994614,0
996,3.7364202081703217,0
997,0.5134121361850333,0
998,2.234149305233386,0
999,3.7352887072283836,0
1000,8.274504711198142,1
1001,6.812028829928314,0
1002,0.7749686929593066,0
1003,0.6835094734322994,0
1004,1.757040388829446,0
1005,0.8578399925253911,0
1006,2.0343945495640208,0
1007,1.509754450162557,0
1008,4.966032737023934,0
1009,1.7724497812733566,0
1010,4.054421835708107,0
1011,4.8028494805241,0
1012,6.171200300195394,0
1013,1.193888294850302,0
1014,5.120028467693489,0
1015,1.862391512764474,0
1016,3.348134417647272,0
1017,3.6466456655595647,0
1018,2.380475265846573,0
1019,3.215592801438159,0
1020,3.952417823963157,0
1021,4.229727320238893,0
1022,7.897230231724672,0
1023,2.0832298302263834,0
1024,1.6986174465579134,0
1025,3.4532289996518895,0
1026,3.5583623813933634,0
1027,10.389515006276946,1
1028,8.040838585804979,0
1029,5.224009793688198,0
1030,8.36521791012519,1
1031,0.7136164150464427,0
1032,1.352060665440803,0
1033,1.1214008899866605,0
1034,3.1578710680869615,0
1035,3.347310979634516,0
1036,4.906268806516843,0
1037,2.8672174064709712,0
1038,1.0237700827618688,0
1039,3.7750551781566903,0
1040,1.608378310696023,0
1041,5.79576149839566,0
1042,0.8735091791884819,0
1043,1.4212554765515315,0
1044,1.79311524099177,0
1045,0.8187052968912504,0
1046,4.729208602586679,0
1047,3.658430573474453,0
1048,1.0138864086800832,0
1049,2.3961556430449003,0
1050,4.956965524158203,0
1051,12.114824943428635,1
1052,4.7057192940536705,0
1053,1.6852589003905345,0
1054,3.8526117464877885,0
1055,0.6515171366354436,0
1056,3.1304607827245166,0
1057,0.7094625239412683,0
1058,4.137171624465518,0
1059,3.551064059000754,0
1060,1.6910462271232183,0
1061,1.2901386062232125,0
1062,3.7046327728145534,0
1063,7.229396362022267,0
1064,1.8311656529321438,0
1065,9.50902528362583,1
1066,2.0678779258520255,0
1067,1.460705160753404,0
1068,2.7553145149892506,0
1069,3.2531434321411496,0
1070,2.3240390697694315,0
1071,5.13828757262847,0
1072,5.438333547985508,0
1073,27.18491411844524,1
1074,2.925022218252743,0
1075,6.330904263259831,0
1076,3.2583806874421763,0
1077,10.37024331728723,1
1078,0.9086650267789973,0
1079,3.3242081034522784,0
1080,1.9884801194608348,0
1081,1.881137862398162,0
1082,1.3971932301413006,0
1083,1.3651855963146804,0
1084,1.4902827443785422,0
1085,2.6123360841291277,0
1086,3.7314901939647456,0
1087,1.9442010960738478,0
1088,0.735751362817218,0
1089,3.358302145948876,0
1090,0.7714745251852374,0
1091,2.06329218500744,0
1092,5.0465121200949605,0
1093,0.4252251569462358,0
1094,2.8843332091577545,0
1095,4.577382363576566,0
1096,3.213015612774045,0
1097,1.712444159915584,0
1098,2.1183940683782994,0
1099,1.6274052953363483,0
1100,5.201766460156821,0
1101,2.2665062305025825,0
1102,4.479875363609263,0
1103,2.3210113609152194,0
1104,2.77146092163307,0
1105,6.396241091122685,0
1106,0.5048609010958914,0
1107,0.8203121091953295,0
1108,1.6251004324615852,0
1109,1.5904387411073553,0
1110,3.135698107901322,0
1111,0.9467912014040931,0
1112,1.3327499368857856,0
1113,5.874306670294482,0
1114,1.4884801945585702,0
1115,3.3561368110988843,0
1116,1.950167579178397,0
1117,2.983069773795206,0
1118,1.0883739496806113,0
1119,2.236076087475337,0
1120,3.1459153300513325,0
1121,3.3872460725383764,0
1122,2.9819573832935067,0
1123,2.006683887447709,0
1124,3.864115112435257,0
1125,1.157025197456734,0
1126,6.476277551898243,0
1127,2.715143940680685,0
1128,0.21764343730606667,0
1129,2.3315021664662754,0
1130,2.8084194279448416,0
1131,2.3173642303120467,0
1132,15.651562174157865,1
1133,2.8349569253172,0
1134,1.2909186610800631,0
1135,2.3674006864653685,0
1136,3.662952555139053,0
1137,0.5357457105833794,0
1138,3.4168225278097646,0
1139,2.964304748405179,0
1140,3.075439312151841,0
1141,2.4517156520493177,0
1142,3.1487688080548843,0
1143,2.6688981200391035,0
1144,5.043340814875816,0
1145,4.761836537701329,0
1146,3.4249773157292442,0
1147,7.729454621254749,0
1148,3.3527715141813235,0
1149,3.0629555839131717,0
1150,1.0805047109143693,0
1151,5.3163034975776045,0
1152,2.8451951070910666,0
1153,2.418111732413746,0
1154,3.113256722326221,0
1155,2.241465357060387,0
1156,3.6008742157987053,0
1157,2.257086072133341,0
1158,2.713293994800027,0
1159,3.1720865277457944,0
1160,2.5376447572819316,0
1161,1.1128951328747116,0
1162,5.123459813619566,0
1163,3.868477878062809,0
1164,0.6381458212092175,0
1165,8.579798442496221,1
1166,2.8683347533684387,0
1167,1.6297319201477556,0
1168,2.3731483006625016,0
1169,1.3947924312883748,0
1170,1.7650557898207129,0
1171,2.969506152457621,0
1172,6.267320647728383,0
1173,0.4950385188626585,0
1174,5.423133150638384,0
1175,2.568244669676999,0
1176,0.5945101871488866,0
1177,1.252928264595486,0
1178,1.0227594978344767,0
1179,0.6092356632949484,0
1180,1.8981245720654658,0
1181,6.177006844426632,0
1182,3.86279434084328,0
1183,1.9554887589224028,0
1184,4.44537415022187,0
1185,1.3887052866712046,0
1186,2.3403049137359457,0
1187,1.9213283928292841,0
1188,3.9373767496084864,0
1189,2.038813179092479,0
1190,2.2577420311602765,0
1191,1.9005068716358822,0
1192,1.4546395532916019,0
1193,9.45787453190809,1
1194,2.250102590084758,0
1195,0.6967055657199545,0
1196,1.366836157096339,0
1197,3.2740502625424566,0
1198,3.071564059766717,0
1199,2.5206331333174345,0
1200,5.763005963943416,0
1201,0.9285944857996813,0
1202,3.617539010711132,0
1203,5.124420845259185,0
1204,1.8396847990451795,0
1205,3.13685489111811,0
1206,1.4141216941782238,0
1207,5.301937342660618,0
1208,1.8699018938163812,0
1209,3.7302565295876433,0
1210,4.597932556858847,0
1211,0.8378934557243514,0
1212,2.979605662418108,0
1213,1.3714462986377474,0
1214,2.458771438742733,0
1215,3.2291523548566383,0
1216,7.17938463207802,0
1217,6.021393028250461,0
1218,0.6003558263218507,0
1219,2.6417073674185976,0
1220,3.4814792491311675,0
1221,2.692843273601854,0
1222,2.68179112386744,0
1223,1.196448852861189,0
1224,2.2198065056544656,0
1225,1.9773372621243854,0
1226,1.6164995681624648,0
1227,10.62832480780039,1
1228,2.008688281466614,0
1229,1.1146969838764382,0
1230,0.6014198908356256,0
1231,10.08472871332933,1
1232,3.7825184845158213,0
1233,1.156633465782993,0
1234,5.401454801277143,0
1235,1.3902323099265146,0
1236,5.363870034895043,0
1237,2.7278369638792004,0
1238,2.487626692861578,0
1239,2.206361741692395,0
1240,1.92775597714287,0
1241,4.178470047643491,0
1242,0.5339300593679002,0
1243,9.809562029856966,1
1244,0.7649967412124301,0
1245,3.1122954292069496,0
1246,5.596488854312401,0
1247,1.5235625356632645,0
1248,6.398767947887962,0
1249,6.074465629688897,0
1250,8.145724643633942,0
1251,4.140833309003541,0
1252,0.6453024069872275,0
1253,0.9593549665057404,0
1254,8.735255210570838,1
1255,3.4889509891817085,0
1256,0.6877259563173369,0
1257,2.9213426032307654,0
1258,0.4333819920883998,0
1259,2.1172339855169526,0
1260,1.447460409085354,0
1261,19.546388015156303,1
1262,0.8916189312975811,0
1263,2.507086801209115,0
1264,1.5766506092602548,0
1265,2.024983086693806,0
1266,2.4323323579890093,0
1267,2.2732251030946835,0
1268,4.039738195961564,0
1269,2.4237929832441965,0
1270,1.2589665908350358,0
1271,3.356130169184711,0
1272,5.5912597347548,0
1273,1.5256265269319056,0
1274,1.7038703712665224,0
1275,0.8321734661632755,0
1276,2.3646848518902517,0
1277,2.331573316842179,0
1278,1.1980138553859507,0
1279,1.177690566089612,0
1280,1.6525636401065356,0
1281,1.361037658359269,0
1282,8.774704120400665,1
1283,1.6651017442446225,0
1284,2.8546854023236015,0
1285,5.80479111193589,0
1286,5.119684613231946,0
1287,6.929581481123541,0
1288,2.9588427422542765,0
1289,1.4550667830956379,0
1290,3.519542249088843,0
1291,0.7138004628754103,0
1292,4.600330706799369,0
1293,5.653400670818661,0
1294,5.664933640541634,0
1295,2.5792524990184647,0
1296,2.3033152434193975,0
1297,3.0669354542618548,0
1298,0.7572701162534005,0
1299,3.7492002229244075,0
1300,3.6591432291634374,0
1301,2.122925649258456,0
1302,2.491077373882265,0
1303,3.1496568207250273,0
1304,0.39669086993833813,0
1305,9.18894825896434,1
1306,1.3145033705004099,0
1307,1.3922287654553824,0
1308,1.6160990718721044,0
1309,2.813769449705112,0
1310,3.66106203936824,0
1311,4.080073710922664,0
1312,1.617271934326383,0
1313,2.91904362190531,0
1314,4.746011072417349,0
1315,3.931228536913342,0
1316,10.927290809806511,1
1317,1.530414680511007,0
1318,2.1954377341242313,0
1319,5.56905474687015,0
1320,5.189227040708295,0
1321,1.5623959261083484,0
1322,4.360868490247558,0
1323,3.7295205072344757,0
1324,1.1598445622838818,0
1325,3.177292754240809,0
1326,1.7797045664884572,0
1327,2.761753532770416,0
1328,1.7358827481906223,0
1329,3.3308224641795645,0
1330,0.4518607149283322,0
1331,1.0289038317457253,0
1332,0.45972431380952844,0
1333,2.319464200687008,0
1334,3.0280369556336684,0
1335,1.3967776446051563,0
1336,2.277100738139038,0
1337,4.760722165770434,0
1338,1.484587999318841,0
1339,1.066127587304693,0
1340,7.36802687375373,0
1341,1.7135506867278991,0
1342,1.1039617219039832,0
1343,2.398979539677383,0
1344,1.9763431992404468,0
1345,2.546839973867631,0
1346,2.1618315651717857,0
1347,6.173370768357867,0
1348,2.015895571197702,0
1349,2.4914557780792124,0
1350,0.4850760869539912,0
1351,1.6033509265909214,0
1352,1.2747061355701446,0
1353,1.662819558035892,0
1354,1.4538898926136423,0
1355,0.9886116180440766,0
1356,0.701891421648485,0
1357,2.110313567004049,0
1358,5.71001644677095,0
1359,6.172264174594962,0
1360,2.5783352858034387,0
1361,1.29522871945676,0
1362,7.956576900783693,0
1363,1.895446935249581,0
1364,3.1235503783313945,0
1365,1.7171929285526404,0
1366,2.867562426310124,0
1367,1.2242549119185584,0
1368,3.4677152783242877,0
1369,3.308540381624738,0
1370,2.88226691366379,0
1371,2.105353824013716,0
1372,7.3645819022473455,0
1373,2.155700294739082,0
1374,3.5817671352124245,0
1375,5.779434528227981,0
1376,2.208304973705938,0
1377,1.774783544873653,0
1378,3.407004377831735,0
1379,3.453058357684848,0
1380,3.613005927461234,0
1381,2.6989970492545146,0
1382,2.1215471009441336,0
1383,14.66626016291117,1
1384,4.009126083843467,0
1385,4.145927118442141,0
1386,26.21564709620979,1
1387,3.404106591524815,0
1388,6.764802647404756,0
1389,2.2367536630810076,0
1390,3.765415602862306,0
1391,8.391799824482687,1
1392,1.3474692570908104,0
1393,0.41786878510026626,0
1394,4.214760419880905,0
1395,2.7473062007839455,0
1396,3.6736319348305897,0
1397,2.8397733832297294,0
1398,1.7221186088749934,0
1399,1.6777327149690455,0
1400,1.616022857624449,0
1401,1.8997679860361,0
1402,0.9222976684168686,0
1403,8.622395883247927,1
1404,0.9200324697954242,0
1405,3.5803527878867483,0
1406,1.1230922013087405,0
1407,1.6006823791050384,0
1408,1.6907466284275143,0
1409,1.2969907585400215,0
1410,1.0561025979849652,0
1411,3.156634971535154,0
1412,1.421161298621381,0
1413,2.645431754395455,0
1414,6.184522851930573,0
1415,1.0382503089019435,0
1416,2.6308216778462876,0
1417,5.843423806185959,0
1418,0.7692813761894698,0
1419,4.2943569346835035,0
1420,6.175975344883962,0
1421,2.8306590603454755,0
1422,1.9743142327200895,0
1423,1.2775011083969476,0
1424,2.58073901732855,0
1425,2.040335996927679,0
1426,1.1576020194984045,0
1427,3.0094405020446087,0
1428,2.9829483721809624,0
1429,2.260233522158241,0
1430,1.6900040363605777,0
1431,1.2947835317878882,0
1432,4.748118501041048,0
1433,1.1292733730625892,0
1434,2.9844753998086424,0
1435,1.938974328507625,0
1436,2.767806978551523,0
1437,2.3494288523072955,0
1438,2.571257209478057,0
1439,1.805062397059163,0
1440,2.9402404836338953,0
1441,1.4124337046163977,0
1442,1.0471606793916342,0
1443,4.540134332076901,0
1444,3.8257676475740867,0
1445,3.0054804334697414,0
1446,1.5099216632189847,0
1447,4.571960939588914,0
1448,0.7374785334499591,0
1449,2.4056485707969393,0
1450,0.811713572928493,0
1451,0.9992857714715482,0
1452,1.8043561205585115,0
1453,1.7752229326617404,0
1454,0.6778489834611937,0
1455,1.798984153102943,0
1456,1.8775936507245887,0
1457,6.4761873636522695,0
1458,2.379353739045738,0
1459,0.6137377141219693,0
1460,3.9404321041668795,0
1461,3.182873295045329,0
1462,1.2761495593606313,0
1463,7.495290435649877,0
1464,2.2111302584770343,0
1465,1.324199696739443,0
1466,0.5455872595529158,0
1467,1.2982719220452636,0
1468,1.5066736365644666,0
1469,1.6096224053022585,0
1470,1.9288618062534684,0
1471,2.5246953500765326,0
1472,9.868193126082845,1
1473,1.1570184010582716,0
1474,1.5875350815690086,0
1475,7.583968735926735,0
1476,2.923240750451771,0
1477,0.9661372963697118,0
1478,4.173130563834595,0
1479,2.8704328652362148,0
1480,9.593262027645347,1
1481,1.6733996656575127,0
1482,2.138288706055912,0
1483,1.529217127350637,0
1484,1.303082954931387,0
1485,5.242036200596284,0
1486,2.6616950758567444,0
1487,2.1665208407163665,0
1488,3.1476547685204905,0
1489,1.9270041551904205,0
1490,2.691443495462843,0
1491,4.111417785297088,0
1492,2.7162179138564984,0
1493,4.106730357243014,0
1494,6.033786940605354,0
1495,11.44933178985339,1
1496,9.233410596204582,1
1497,2.422941024233643,0
1498,2.8251978125247392,0
1499,4.170419119216711,0
1500,1.6172802947315337,0
1501,0.6855160398155176,0
1502,0.7757798057075346,0
1503,3.788083921808275,0
1504,1.7029416267046862,0
1505,3.821118111374909,0
1506,0.4466524456400819,0
1507,6.561666097244697,0
1508,12.356210584490407,1
1509,4.525034010963013,0
1510,1.538526625111144,0
1511,2.0449584364114504,0
1512,2.3622311154340583,0
1513,2.3530079521396052,0
1514,0.39227353739291276,0
1515,2.8788191060342303,0
1516,5.06127789515141,0
1517,5.524541524316394,0
1518,8.013904628315188,0
1519,2.7919829576895276,0
1520,9.829316669784975,1
1521,6.239797408197365,0
1522,0.9086961451474905,0
1523,1.5535393606766195,0
1524,1.834987893833916,0
1525,2.8360900201053907,0
1526,1.257252536240227,0
1527,0.9077212615307775,0
1528,0.8779345023004365,0
1529,1.7501103208367208,0
1530,0.6420689569358812,0
1531,5.2578617805775565,0
1532,3.634163942821006,0
1533,1.159079716273854,0
1534,0.6648734913912665,0
1535,4.035764441489554,0
1536,4.8348457849013275,0
1537,4.863991538051627,0
1538,1.112010580192394,0
1539,4.114032048273,0
1540,1.140268124462432,0
1541,1.130811397781423,0
1542,1.708388392586212,0
1543,2.236622965461287,0
1544,2.047017970781924,0
1545,1.378589264981319,0
1546,4.496628308513909,0
1547,1.5804184513764141,0
1548,4.186104438209559,0
1549,1.042593673424102,0
1550,2.1682708257703345,0
1551,1.5720891362540337,0
1552,2.0162175551760972,0
1553,2.566774615591233,0
1554,2.798738578647049,0
1555,7.762527820840825,0
1556,1.1602271918623719,0
1557,1.5691056567592443,0
1558,2.232306904275103,0
1559,3.380251045315222,0
1560,0.7678272749864807,0
1561,4.274615171544804,0
1562,1.9176434982352093,0
1563,3.41592359727413,0
1564,6.085810006752142,0
1565,1.0410837775361805,0
1566,1.7489597281215994,0
1567,1.4596294658890598,0
1568,3.291652449251598,0
1569,3.164163206042645,0
1570,2.417726623573459,0
1571,3.3777691229287883,0
1572,2.514296651089123,0
1573,1.5383432079903294,0
1574,4.17877719564425,0
1575,2.620157128575958,0
1576,1.3747213049655491,0
1577,1.1110571861759881,0
1578,1.8497025133467104,0
1579,1.0208065653692275,0
1580,6.3780229592798685,0
1581,2.0234340258990726,0
1582,1.1266071531613866,0
1583,5.400137832960916,0
1584,1.1438545577218628,0
1585,3.3207270958422073,0
1586,9.812400778779475,1
1587,2.7644241012469215,0
1588,2.4899947043718087,0
1589,4.8450317500720805,0
1590,0.9790059172165504,0
1591,2.5037399414758537,0
1592,1.822576168502548,0
1593,4.95273355172843,0
1594,2.6892381351897083,0
1595,15.761634197318893,1
1596,3.489949111072895,0
1597,2.7332728580283288,0
1598,3.1610234878161774,0
1599,1.5358754084508652,0
1600,0.9755742707973017,0
1601,0.28033748244399526,0
1602,3.8823929083558997,0
1603,0.7566935211515611,0
1604,1.6478855793557776,0
1605,3.1162901648810166,0
1606,5.805234510755022,0
1607,4.711170064773777,0
1608,5.410097467558357,0
1609,3.1097758591999525,0
1610,1.3697591055578282,0
1611,4.869709284957952,0
1612,4.848898656083682,0
1613,0.8945926066771591,0
1614,5.6259236504653956,0
1615,1.2191677985804732,0
1616,2.7201187153291886,0
1617,1.0797574611561713,0
1618,8.097843575108664,0
1619,4.948495845326691,0
1620,2.663391958230899,0
1621,2.2105929751275797,0
1622,0.6056957133784665,0
1623,4.472542392618363,0
1624,2.005074643717625,0
1625,3.1497155362313483,0
1626,2.6110633993444377,0
1627,1.3049282810365086,0
1628,2.9743883127852424,0
1629,2.7887663604658215,0
1630,2.69700037173659,0
1631,5.216373274000465,0
1632,2.379994504930972,0
1633,1.377393172819587,0
1634,5.6215965768985035,0
1635,1.0376050213480867,0
1636,1.0154463200914505,0
1637,2.9977839636963646,0
1638,4.039141964583033,0
1639,1.2326804114365393,0
1640,0.8961586696981605,0
1641,1.2805464440898218,0
1642,0.7369429494422072,0
1643,1.0097874892756726,0
1644,6.086134144245068,0
1645,1.2536820047337949,0
1646,1.8192551262952508,0
1647,6.142106572823343,0
1648,0.8085091940665028,0
1649,1.6800269983437819,0
1650,7.457954676615761,0
1651,1.553839520673265,0
1652,2.2944056202699366,0
1653,0.572571865593655,0
1654,0.8481259595423403,0
1655,2.6878857153153186,0
1656,2.7584397535574166,0
1657,0.8610701464120776,0
1658,2.3034499689547205,0
1659,2.353411914071321,0
1660,3.160388957078245,0
1661,1.0859150505330581,0
1662,5.631271680747589,0
1663,1.8467640344073157,0
1664,2.6792919670638455,0
1665,2.6179442391621546,0
1666,1.2751242569283603,0
1667,3.8260985003204158,0
1668,0.9414358068934836,0
1669,3.281057915503216,0
1670,1.1102336150982244,0
1671,4.268856564517676,0
1672,9.33286467464334,1
1673,0.47290424007131004,0
1674,2.3947284378314726,0
1675,2.5060980531573818,0
1676,1.448856964506274,0
1677,3.7439240843865322,0
1678,11.086828702473293,1
1679,0.3781970247922606,0
1680,8.292391816796167,1
1681,2.0696183410380544,0
1682,1.6313561271311743,0
1683,1.386132221133191,0
1684,1.192414932174782,0
1685,1.6453989467254917,0
1686,2.128400104541878,0
1687,0.9836782500040907,0
1688,1.3247223027033619,0
1689,3.631421782920677,0
1690,8.503877906954012,1
1691,1.6589982617547214,0
1692,0.3775738678729959,0
1693,2.559932936321374,0
1694,2.180495446757723,0
1695,1.802394188757957,0
1696,1.7383646001256325,0
1697,0.8371799475644075,0
1698,2.463733586488318,0
1699,3.3633741710458436,0
1700,3.8598628455751287,0
1701,1.43004718163111,0
1702,6.070447227924206,0
1703,11.377289548515973,1
1704,0.8659414683395664,0
1705,4.090104740897367,0
1706,3.1473706613114776,0
1707,5.595793478214846,0
1708,2.2838108918645466,0
1709,2.85096701847624,0
1710,3.0764848089881336,0
1711,3.581503558264159,0
1712,7.243166171436057,0
1713,2.925005147972398,0
1714,1.5115925678431066,0
1715,0.7969074314096133,0
1716,2.967191444046025,0
1717,1.525025579955271,0
1718,3.127953597837647,0
1719,2.862138914078568,0
1720,1.5472105037358783,0
1721,3.6126405986553727,0
1722,2.6948526934962507,0
1723,3.8955399757441094,0
1724,3.7761236488992194,0
1725,2.476561856801794,0
1726,2.604175136169205,0
1727,3.8085293834284975,0
1728,2.8060975369960617,0
1729,2.7629570956252882,0
1730,0.8722415333308128,0
1731,6.739487574673048,0
1732,2.6551999876743375,0
1733,1.8912227605032323,0
1734,0.9491251758862427,0
1735,2.284647784283216,0
1736,1.731665020905932,0
1737,6.970277756174622,0
1738,0.4076620956675355,0
1739,5.550374427953597,0
1740,9.766070701691678,1
1741,1.1920127959084679,0
1742,0.6940153547811765,0
1743,3.4626016492635467,0
1744,2.2212850756434426,0
1745,1.016109590999156,0
1746,0.4664948051288588,0
1747,5.325677796763538,0
1748,4.471333458948495,0
1749,0.9126780722012959,0
1750,4.538159915813279,0
1751,2.727435391300356,0
1752,9.101348575856631,1
1753,3.000199980775425,0
1754,0.5161508715772303,0
1755,1.8516467451652672,0
1756,1.4788966499984753,0
1757,0.3189460423842146,0
1758,0.8423946877614862,0
1759,0.4778436643432654,0
1760,5.728833217697316,0
1761,4.907913258558002,0
1762,1.3130768699011965,0
1763,3.3290991078258885,0
1764,1.94393754386882,0
1765,0.6187359412777512,0
1766,1.6016744466867427,0
1767,1.0757608571147246,0
1768,1.8652016993081828,0
1769,1.465988708146302,0
1770,1.8345209558541702,0
1771,1.0251819496521215,0
1772,2.8292786984576015,0
1773,2.6956297920218346,0
1774,0.6010389868874405,0
1775,1.2711003901504299,0
1776,4.207256659125966,0
1777,1.223661162817526,0
1778,1.0303524049259065,0
1779,1.7360027703363892,0
1780,1.8158678068492693,0
1781,0.7907460855345337,0
1782,4.009617872748681,0
1783,3.6250680015002383,0
1784,4.347244379712859,0
1785,2.5287134028447347,0
1786,2.481305460417354,0
1787,7.8775317493416805,0
1788,1.6704175513691217,0
1789,1.9523679409642807,0
1790,5.867280573764905,0
1791,1.6705255125525125,0
1792,2.156375769184783,0
1793,2.311071808282422,0
1794,1.228283646120445,0
1795,1.102308952946622,0
1796,2.5452274544094537,0
1797,1.9128358284094935,0
1798,4.794315735460158,0
1799,2.532400897701224,0
1800,0.5513391217677017,0
1801,0.999851914594595,0
1802,1.3714554483488384,0
1803,1.3064153331293538,0
1804,1.9699288868410876,0
1805,10.64469766241225,1
1806,2.445133334539423,0
1807,0.9195672743448304,0
1808,1.5340650699119804,0
1809,19.76946893461006,1
1810,2.918523545040844,0
1811,0.9973668255080511,0
1812,2.336280774907382,0
1813,4.086761458113592,0
1814,1.2754974970028787,0
1815,3.9862292650620788,0
1816,2.020702214194997,0
1817,0.8673370024318128,0
1818,15.43608027997303,1
1819,4.448236845869281,0
1820,1.8487019650724172,0
1821,1.259515217334583,0
1822,5.301781359091505,0
1823,5.335231980108069,0
1824,5.540117948874407,0
1825,12.354950254330554,1
1826,8.487538058186292,1
1827,1.2249975730005789,0
1828,6.4489536248786035,0
1829,1.7037292212044588,0
1830,2.4316575345993585,0
1831,17.739977130839907,1
1832,4.961808333738576,0
1833,2.685715576315144,0
1834,2.2378546392033467,0
1835,1.8290723884101823,0
1836,0.6110058755174498,0
1837,4.7746025258516385,0
1838,1.9945875631350782,0
1839,5.027928225263779,0
1840,0.8845269479085072,0
1841,1.7055330956109742,0
1842,1.439242704154147,0
1843,5.0695532284724205,0
1844,1.271136895796446,0
1845,5.082166758974546,0
1846,1.8984452655008541,0
1847,2.2167289086747886,0
1848,1.6144305924844053,0
1849,2.2885568817873847,0
1850,2.4737792163234436,0
1851,3.7180783687911947,0
1852,1.8106125314578512,0
1853,2.270683986117453,0
1854,2.272343165222145,0
1855,2.182442890843901,0
1856,1.5151153312235246,0
1857,2.2778999714809345,0
1858,1.610393186940837,0
1859,3.622261403652601,0
1860,2.0841520639016453,0
1861,6.762695073016195,0
1862,4.926528634016708,0
1863,0.7775355901448239,0
1864,3.61145557387699,0
1865,2.9840464117260113,0
1866,0.5220380984081874,0
1867,2.1296706343461422,0
1868,3.984327068106799,0
1869,1.6406968113013607,0
1870,4.3529221936801665,0
1871,0.7668907702337422,0
1872,9.127204671241692,1
1873,0.6740249800927107,0
1874,0.688248376496693,0
1875,9.633274872264478,1
1876,0.8662190468554434,0
1877,4.498958549685841,0
1878,3.4225499261962606,0
1879,1.857912229905664,0
1880,1.3219482822664503,0
1881,2.837685255225937,0
1882,1.034552084388377,0
1883,3.1215402897636673,0
1884,0.4968614302618437,0
1885,1.0526329732450046,0
1886,3.535277883120951,0
1887,3.353543876366617,0
1888,3.1114391747620846,0
1889,3.248507882837968,0
1890,2.7842169054000725,0
1891,8.035661053230589,0
1892,1.5433623879392877,0
1893,2.4102839278825203,0
1894,15.151890420606234,1
1895,4.6232327196742125,0
1896,1.419863904480464,0
1897,12.293209690818298,1
1898,3.093356356696055,0
1899,0.7770938904789606,0
1900,0.743534348879298,0
1901,2.21815564515456,0
1902,2.3806483303104153,0
1903,1.5784638929036314,0
1904,16.675259502088327,1
1905,11.881896465398503,1
1906,3.144890402279867,0
1907,1.5230674142979657,0
1908,3.0380492095248477,0
1909,0.6807126965013058,0
1910,0.8559764586468332,0
1911,1.7232018543158316,0
1912,2.8443385764640143,0
1913,10.037352112973768,1
1914,1.9992906222544826,0
1915,2.43237135335527,0
1916,1.397622325633108,0
1917,2.0444510333474226,0
1918,1.361878199428863,0
1919,2.0128364980456928,0
1920,4.832325738934179,0
1921,0.5099149562528597,0
1922,1.8269347210863007,0
1923,1.9120286371658217,0
1924,2.1575334289544945,0
1925,2.9839072536621973,0
1926,1.3263237186858012,0
1927,1.3443395161713885,0
1928,0.6624862796843369,0
1929,3.1871749539390097,0
1930,3.0960986799030095,0
1931,3.6540655639069257,0
1932,2.0962711488925927,0
1933,1.3475585817962852,0
1934,3.534922108258138,0
1935,5.507250940980529,0
1936,5.572074408068373,0
1937,2.9543764291551935,0
1938,2.1270797588128962,0
1939,2.9065329209344495,0
1940,1.3854509606021395,0
1941,1.1741420029462082,0
1942,1.5622185257019618,0
1943,7.967803941354292,0
1944,7.964923003190645,0
1945,0.7723274286439382,0
1946,2.3545988774267315,0
1947,15.013123684445892,1
1948,2.5131949027841154,0
1949,1.7054388488532903,0
1950,6.643159491460538,0
1951,1.8137591732704073,0
1952,3.989408828969173,0
1953,2.6640004770222823,0
1954,3.4274436889396775,0
1955,1.99720501103712,0
1956,2.664331643232985,0
1957,1.9537225979432407,0
1958,1.1885810397736647,0
1959,1.1787292939623497,0
1960,2.915747169665121,0
1961,6.913682123190285,0
1962,1.2214859926958348,0
1963,1.8744080759540467,0
1964,0.36864524474721044,0
1965,1.4103015765193896,0
1966,6.700948275786432,0
1967,4.506309733406427,0
1968,2.495652217642376,0
1969,0.7049343382113894,0
1970,4.281946449725216,0
1971,1.2899504573510305,0
1972,2.30189278782691,0
1973,0.6962512831898169,0
1974,0.6218974987929061,0
1975,2.6253979233301825,0
1976,3.1672243728759875,0
1977,3.8429160079198486,0
1978,4.043748861616828,0
1979,3.4198140495217135,0
1980,0.36864524474721044,0
1981,3.1800797750290775,0
1982,2.696925744683355,0
1983,0.8288432431736734,0
1984,1.5195114831030454,0
1985,6.164994769511091,0
1986,1.5183367888811776,0
1987,2.2373191394181178,0
1988,3.536824091041299,0
1989,1.3706970765584623,0
1990,3.436262862643256,0
1991,2.9587109276669015,0
1992,25.912887220688273,1
1993,3.2165429218114094,0
1994,2.4779440021129995,0
1995,4.7601602411993404,0
1996,0.610865961632686,0
1997,2.31378850089164,0
1998,2.7349318494731003,0
1999,2.6895496976373563,0
2000,0.3384637225290668,0
2001,3.664021657477681,0
2002,1.069763105715178,0
2003,1.5995496283150805,0
2004,1.7688997409152023,0
2005,1.3008152666173358,0
2006,0.8796126832660529,0
2007,4.361734020871096,0
2008,0.9672136004308588,0
2009,0.7885856592717269,0
2010,1.97583677747934,0
2011,4.971260378279551,0
2012,3.4587752843917476,0
2013,3.9083977851761356,0
2014,0.5123639935169001,0
2015,2.7614798170993806,0
2016,1.4595270727712857,0
2017,1.739068728682266,0
2018,1.1958957334148757,0
2019,2.281040579154752,0
2020,1.0713608261488714,0
2021,1.598829973206877,0
2022,4.312729588389643,0
2023,10.118157893407243,1
2024,1.7218365405768905,0
2025,1.4050070617368382,0
2026,1.3560233738037974,0
2027,8.74247967073933,1
2028,1.9567263006564375,0
2029,1.7451259094152263,0
2030,6.4623919781668375,0
2031,2.7741348044584417,0
2032,8.255503903768624,0
2033,3.538579261682311,0
2034,0.7445371642538632,0
2035,0.8803284490345764,0
2036,1.6701425667974619,0
2037,1.3422872766039027,0
2038,2.494523932661461,0
2039,6.549979412914431,0
2040,0.39775375665003343,0
2041,0.7749281552145569,0
2042,3.957453764318376,0
2043,0.5861148029101924,0
2044,1.35310027437738,0
2045,2.2513729422535884,0
2046,5.552647221820724,0
2047,2.632011332032477,0
2048,2.0770847105438226,0
2049,2.1972762711884872,0
2050,2.969189880330642,0
2051,2.8461504528148036,0
2052,1.8924189246543068,0
2053,4.103634711733557,0
2054,0.8168729535208517,0
2055,2.1019753656865365,0
2056,1.5935581231106117,0
2057,2.5136045865389565,0
2058,2.8692732974652544,0
2059,5.130637114486161,0
2060,2.3649906622771786,0
2061,4.671634947100317,0
2062,0.7918689949533426,0
2063,2.8004193968607747,0
2064,11.530339841787018,1
2065,5.837066537144606,0
2066,1.2377801551491516,0
2067,2.210683861090126,0
2068,2.4261587595037626,0
2069,2.28417183467207,0
2070,1.011634305256978,0
2071,2.579764281999254,0
2072,3.3451602086839354,0
2073,4.605452867968635,0
2074,1.975970295860937,0
2075,3.154814232041096,0
2076,1.0495410420689322,0
2077,4.505178498086067,0
2078,1.8496253595616587,0
2079,2.995702443135628,0
2080,0.8578886625501746,0
2081,2.116634214786659,0
2082,0.7494307670512942,0
2083,1.74757185133862,0
2084,2.1389869581481094,0
2085,0.5218359047672539,0
2086,2.7193902319362704,0
2087,3.646632392174115,0
2088,1.8719267775945405,0
2089,2.7032440773225326,0
2090,4.16811265586061,0
2091,3.4144832422440343,0
2092,0.4882900259725286,0
2093,6.207454985510918,0
2094,1.9280262346938926,0
2095,3.3370221714208013,0
2096,3.9594091133878426,0
2097,1.0448500565584575,0
2098,5.297033871782129,0
2099,2.1073271029079184,0
2100,1.720980909953183,0
2101,2.3985768730090506,0
2102,4.569755152599924,0
2103,2.9116614056135623,0
2104,4.131012989340918,0
2105,3.313774585003887,0
2106,0.8630663390667254,0
2107,3.055810728552573,0
2108,3.194169818554171,0
2109,4.104134523684889,0
2110,1.543170623906159,0
2111,0.841229840969415,0
2112,0.6769507508797721,0
2113,0.7738248093396971,0
2114,1.686273338440373,0
2115,2.7443138847622537,0
2116,2.7957161899317025,0
2117,3.76085887741672,0
2118,3.8108937411647674,0
2119,4.149873301825144,0
2120,5.133489499265798,0
2121,3.160613133257469,0
2122,2.87150176450617,0
2123,1.5781237215858779,0
2124,7.362653505757477,0
2125,2.153565052164986,0
2126,2.4732508041739423,0
2127,2.7847084589465196,0
2128,1.1200556083259448,0
2129,10.403942798736876,1
2130,5.411909668578472,0
2131,0.9903356919580922,0
2132,2.17845331716361,0
2133,0.7986422895346867,0
2134,3.668948064673459,0
2135,1.808833506066875,0
2136,2.496123071183597,0
2137,4.930120995965903,0
2138,2.368073954730042,0
2139,3.722515502410099,0
2140,4.582349965644387,0
2141,2.0882276907321757,0
2142,4.941044124120525,0
2143,2.0306609130377615,0
2144,4.509867475669808,0
2145,8.667180495944006,1
2146,4.454157393781424,0
2147,1.0409702027771075,0
2148,2.7765358916130807,0
2149,1.7034394657358198,0
2150,3.0825414783198877,0
2151,1.2649375471425948,0
2152,1.4649430506655887,0
2153,6.108715099758324,0
2154,0.7276158418431268,0
2155,3.1997969435045803,0
2156,3.9814151750533693,0
2157,2.6792233520681696,0
2158,1.0978163414155537,0
2159,1.003575559683241,0
2160,3.1032829500045582,0
2161,3.6508930330712794,0
2162,3.621500185454747,0
2163,1.9997015592653289,0
2164,15.603045413994106,1
2165,0.7620782503904685,0
2166,5.741965946748241,0
2167,6.670632119060044,0
2168,2.7732619579309126,0
2169,0.3269652083647761,0
2170,1.1242355232912364,0
2171,2.1503222605681254,0
2172,0.7264530745075387,0
2173,1.854197764045459,0
2174,6.442335043380316,0
2175,2.9781438489473926,0
2176,1.9772712472411587,0
2177,4.757293597826043,0
2178,3.54705301635111,0
2179,2.300780143501558,0
2180,1.9288629805077662,0
2181,2.370280569472374,0
2182,2.996645249829261,0
2183,2.274654046857722,0
2184,2.4523720228418555,0
2185,1.7855569022759277,0
2186,2.8772589800318102,0
2187,5.0727571163617275,0
2188,1.3671295734770885,0
2189,0.44751364264115606,0
2190,4.250406504366514,0
2191,2.295544390000031,0
2192,5.627003289179056,0
2193,3.6282976228307957,0
2194,3.2613361862087453,0
2195,2.674501949072186,0
2196,0.5380985168202999,0
2197,90.94873831061805,1
2198,4.847967078548786,0
2199,4.806928777766774,0
2200,1.878061953457183,0
2201,0.5160494928131928,0
2202,2.9969943118979274,0
2203,3.0639423741013347,0
2204,0.8449489688378851,0
2205,2.2484243413829734,0
2206,1.6054843956223976,0
2207,1.9206934409975636,0
2208,2.385705891322011,0
2209,0.6058530805347779,0
2210,1.8356794520875597,0
2211,10.506881721032833,1
2212,0.38976530245896773,0
2213,8.257796005238037,0
2214,2.312211021087894,0
2215,3.256305243189816,0
2216,1.3048875479533588,0
2217,1.1034543357165891,0
2218,5.969528455533474,0
2219,6.383283326167965,0
2220,1.5579491270350017,0
2221,3.9968999817582267,0
2222,6.921344737917612,0
2223,1.7362383914432,0
2224,4.646235923041331,0
2225,3.8276381017955297,0
2226,6.662978731356251,0
2227,3.409536300646882,0
2228,0.7816124660227415,0
2229,4.174482035597615,0
2230,2.851030580329858,0
2231,4.3535535682341795,0
2232,3.1251776762625263,0
2233,3.2118390661843135,0
2234,1.4989837021471069,0
2235,3.678273215223727,0
2236,0.5126474692870763,0
2237,1.8383703028156684,0
2238,1.291214192715258,0
2239,3.3291181712522526,0
2240,13.552124316307374,1
2241,2.7996270360464814,0
2242,1.9167564402803463,0
2243,3.7850259983833476,0
2244,8.222464974935342,0
2245,2.0401168653353747,0
2246,1.4620398133508359,0
2247,5.495800242553939,0
2248,0.3527693898705827,0
2249,28.29539337351356,1
2250,2.455703539140097,0
2251,2.9273916111044485,0
2252,5.98916848068673,0
2253,1.2270162400310538,0
2254,3.713892622248684,0
2255,1.6246946553222343,0
2256,1.1446035229852698,0
2257,1.698096149743509,0
2258,2.0201724932009575,0
2259,3.118877461127209,0
2260,0.8228086509648133,0
2261,1.1690093270997701,0
2262,18.44758169514247,1
2263,3.5654616333471423,0
2264,3.5327633518188377,0
2265,1.3337461457414699,0
2266,6.5108573923522695,0
2267,11.002092831934956,1
2268,2.369708484360847,0
2269,2.365767746708572,0
2270,2.1271746614319995,0
2271,1.7380158048438583,0
2272,4.87491242931464,0
2273,6.125005608284146,0
2274,1.4542576756165173,0
2275,3.7792860814615827,0
2276,6.930138264985313,0
2277,1.7690235134158565,0
2278,2.323529591206227,0
2279,1.2439902264608784,0
2280,1.2137229006275803,0
2281,3.8532725425735608,0
2282,1.4802719280820231,0
2283,3.012274302590006,0
2284,5.579414632676745,0
2285,3.9644421754783603,0
2286,3.9829186288408946,0
2287,2.896565283887575,0
2288,1.5503235375481041,0
2289,0.9085382288437931,0
2290,3.468523249894086,0
2291,6.000970028140803,0
2292,4.830635021063457,0
2293,8.54852087863505,1
2294,3.9038130319533715,0
2295,3.409987478813394,0
2296,6.319112655340229,0
2297,1.2053199268599435,0
2298,2.3090093180400744,0
2299,2.3304066110932045,0
2300,4.237682433780044,0
2301,3.992706894022936,0
2302,4.346137465029136,0
2303,4.1934761093926545,0
2304,1.105600269599978,0
2305,0.4001787647630365,0
2306,3.8321964803657105,0
2307,2.1868293371579752,0
2308,0.5166912423957516,0
2309,1.3884876849148504,0
2310,1.2328024782533546,0
2311,1.886081703166789,0
2312,2.9696378506443484,0
2313,2.1913282761321713,0
2314,1.2109898253232616,0
2315,2.5985961704765828,0
2316,1.9290402580628407,0
2317,1.1782310092596986,0
2318,1.9625453572606943,0
2319,5.919751606486843,0
2320,3.6205601584104268,0
2321,5.454625168420137,0
2322,2.020820468236859,0
2323,5.385317399409751,0
2324,12.353237023933245,1
2325,2.747658893080513,0
2326,2.2937015874758067,0
2327,2.2586854352200185,0
2328,4.966166354889816,0
2329,1.6522860554038041,0
2330,1.8686280823116124,0
2331,1.167378491487362,0
2332,5.150858825290999,0
2333,4.298927732528375,0
2334,1.833711658530657,0
2335,1.2869983623336654,0
2336,2.1798780312246104,0
2337,3.305837369604846,0
2338,2.54722762232389,0
2339,7.052824520383983,0
2340,2.867935159205935,0
2341,2.521796948344802,0
2342,2.0912985132548223,0
2343,3.449432270340518,0
2344,7.788987942682791,0
2345,4.723982389514365,0
2346,1.00007390469261,0
2347,2.3677824308857436,0
2348,2.304505693414075,0
2349,6.550791214056824,0
2350,2.269752267013183,0
2351,4.5996727956776,0
2352,1.531764241882945,0
2353,3.5778643218490847,0
2354,1.0688451009368187,0
2355,6.5782844987820885,0
2356,5.452444670748313,0
2357,1.7767275522413928,0
2358,3.424422877827216,0
2359,5.120217673792691,0
2360,3.5977499297268896,0
2361,2.3364387509140703,0
2362,5.49301971825433,0
2363,1.8146370234963447,0
2364,1.9199549979646027,0
2365,3.4108911813905456,0
2366,8.430251069465436,1
2367,1.984604399271714,0
2368,2.864950725623045,0
2369,1.2282393563446972,0
2370,2.005114742676959,0
2371,0.5597240463351845,0
2372,1.2011638933701552,0
2373,2.1487011853176083,0
2374,2.469844336441459,0
2375,1.865321294125743,0
2376,2.942431506700102,0
2377,1.4130666291342893,0
2378,2.0442762665677305,0
2379,3.3148223089080697,0
2380,1.1273859948856928,0
2381,4.483154897173993,0
2382,2.5470940179258927,0
2383,3.040352437266272,0
2384,3.0073457155844223,0
2385,2.4891986283398477,0
2386,2.5955181760033907,0
2387,0.8481872316668231,0
2388,3.4724976641570224,0
2389,3.3840469713387127,0
2390,5.464561985070511,0
2391,9.713768304635662,1
2392,3.1739863676833906,0
2393,3.796802350256869,0
2394,1.846051558452476,0
2395,1.264905947684523,0
2396,3.6380789975301147,0
2397,0.7367989213594536,0
2398,1.5676833640744503,0
2399,11.834732901514274,1
2400,1.6293745744161643,0
2401,2.692207924828139,0
2402,2.8892775137694993,0
2403,3.539385478617781,0
2404,3.6952277114773144,0
2405,3.6385344227495824,0
2406,3.18273741365577,0
2407,7.565779466636223,0
2408,1.6743202921928129,0
2409,0.9238029708322971,0
2410,0.30443935454494553,0
2411,1.968975163145276,0
2412,2.9081232951291485,0
2413,4.277416158156579,0
2414,2.5199743596564534,0
2415,0.46170907625213414,0
2416,2.546291759391246,0
2417,3.3052821506257084,0
2418,1.7070885276872692,0
2419,5.407360299777978,0
2420,4.976228920064103,0
2421,3.422513958444529,0
2422,2.8686638822037014,0
2423,1.1615368410317801,0
2424,2.4509777242199062,0
2425,2.3533409767246476,0
2426,2.4804733121354956,0
2427,2.7572676795811746,0
2428,6.078409838120237,0
2429,3.101620201145187,0
2430,0.781151459784874,0
2431,6.171767145183938,0
2432,1.82242349117593,0
2433,1.9401673461164228,0
2434,3.5471726428840498,0
2435,3.427057559538368,0
2436,4.376805499433918,0
2437,2.607076855162264,0
2438,1.3964620813008788,0
2439,1.4980331235242896,0
2440,7.5309191083405915,0
2441,2.635922321738769,0
2442,2.318011595639611,0
2443,1.6871521070869184,0
2444,2.2670794714285276,0
2445,5.997662414073455,0
2446,3.234071553154999,0
2447,4.31249832904298,0
2448,0.952557692069101,0
2449,1.2970794852846452,0
2450,0.9097861256264046,0
2451,2.9900104911758403,0
2452,1.6676860032671905,0
2453,2.2659184862986135,0
2454,2.839349410004691,0
2455,4.659188368483272,0
2456,5.220604899635093,0
2457,3.057151789819127,0
2458,1.6287170779716387,0
2459,5.193962336231348,0
2460,1.6670079292667046,0
2461,1.2545543780713961,0
2462,2.1674545730115384,0
2463,1.6028076189514104,0
2464,3.251791504305707,0
2465,13.406753982062696,1
2466,1.5250095533824006,0
2467,0.8464259936585191,0
2468,1.7087842672786946,0
2469,1.3437574199346827,0
2470,2.487706689395358,0
2471,2.382209942484026,0
2472,1.3483037032217269,0
2473,0.9606874003224123,0
2474,3.641876900685539,0
2475,2.7562388805902205,0
2476,1.1591151369874524,0
2477,4.7012412311097425,0
2478,2.021996879451458,0
2479,1.2411958791057218,0
2480,0.665699470889683,0
2481,4.265613798969901,0
2482,4.342806862567462,0
2483,0.9049162292435341,0
2484,2.784416506329254,0
2485,1.360291332683034,0
2486,3.7404198694783,0
2487,1.920668572746519,0
2488,3.6499468299529663,0
2489,2.021647742491601,0
2490,4.420505840007462,0
2491,0.8145909031286163,0
2492,1.794272684299222,0
2493,1.1164302736511,0
2494,2.4872887030404853,0
2495,4.062101778352835,0
2496,2.5210153290007735,0
2497,3.230551412834674,0
2498,1.5315739051356234,0
2499,6.497109626731742,0
2500,3.222940888538408,0
2501,3.3002090518626064,0
2502,1.5695239914015147,0
2503,0.5834117817553801,0
2504,2.5140689635345344,0
2505,3.2784402398609083,0
2506,2.124917268408567,0
2507,2.216680246872476,0
2508,0.6443233160075752,0
2509,4.2009909073376575,0
2510,1.7695480050677945,0
2511,4.273300270197925,0
2512,10.12709967236099,1
2513,0.8480526692816689,0
2514,7.226986300686377,0
2515,0.7264459231926128,0
2516,0.8230720291724922,0
2517,0.5840964455629354,0
2518,0.7845723279968001,0
2519,1.0842219230893888,0
2520,1.7128243235592164,0
2521,3.249853055694777,0
2522,1.0936047345365447,0
2523,1.7333604112964929,0
2524,2.3645312653935946,0
2525,0.6820650659461708,0
2526,5.134911802011065,0
2527,2.2599543405271474,0
2528,0.3779177739621107,0
2529,2.1876303095601553,0
2530,2.2406792359491643,0
2531,3.0009292511974985,0
2532,2.1488333198412075,0
2533,0.9768216154827898,0
2534,0.6754488400820108,0
2535,0.7464995947385025,0
2536,2.144266207798773,0
2537,1.544329139091375,0
2538,1.870535398375304,0
2539,2.570584018664658,0
2540,1.4479445677524998,0
2541,3.63492007285577,0
2542,2.6805166828748193,0
2543,0.7962873551430919,0
2544,0.7055293801057171,0
2545,0.966737223978127,0
2546,9.492463754641983,1
2547,0.6978616918999231,0
2548,1.527782286634041,0
2549,2.6147402476810044,0
2550,2.850711221833398,0
2551,0.9657979117848959,0
2552,1.0198551251022363,0
2553,2.72486614817946,0
2554,2.532860630074057,0
2555,2.2685662384723146,0
2556,1.5252248028173825,0
2557,4.0752980933646885,0
2558,1.0298592537302511,0
2559,2.5421333447133203,0
2560,4.6400093961814175,0
2561,3.897131152263705,0
2562,6.5931979254475745,0
2563,0.6212503020578433,0
2564,0.7074610106387247,0
2565,5.2767077536719755,0
2566,3.1622459290282445,0
2567,3.923939260830506,0
2568,3.13446925267002,0
2569,5.43850461967306,0
2570,2.8617331861467203,0
2571,0.690112402255391,0
2572,3.5074193735293933,0
2573,1.167233508995726,0
2574,1.3280943812976096,0
2575,2.5413457567859794,0
2576,1.1358512703846624,0
2577,1.4019271454024966,0
2578,2.145222329806662,0
2579,3.070588957169908,0
2580,2.2477833612687466,0
2581,4.087386472077954,0
2582,4.357182911538945,0
2583,3.710069122020245,0
2584,2.4569020696694626,0
2585,4.038796835072881,0
2586,1.3207231492002471,0
2587,2.3282672037738994,0
2588,2.37280444727025,0
2589,3.703388094152325,0
2590,3.1381064341056817,0
2591,2.8331325636791873,0
2592,22.9898597054139,1
2593,5.8905573030594205,0
2594,2.3691119635731486,0
2595,0.8096595242161247,0
2596,9.16602072487314,1
2597,0.7606051598730365,0
2598,2.2167876850810417,0
2599,1.4323865117277905,0
2600,1.4549460053861363,0
2601,3.4193395940237012,0
2602,2.9609720207517825,0
2603,4.207915009095386,0
2604,2.1761252733719516,0
2605,1.7084187593949833,0
2606,3.379127920400743,0
2607,2.2864181477891186,0
2608,1.8580714755700058,0
2609,6.169382273004372,0
2610,1.8792676430412707,0
2611,0.6820994287289982,0
2612,2.755712328056907,0
2613,1.3621060483204699,0
2614,11.316266212750463,1
2615,3.958098273876753,0
2616,4.375241300860188,0
2617,1.4363618769651938,0
2618,1.055036986487701,0
2619,2.3617413511630407,0
2620,3.273971510997622,0
2621,0.6099257061630474,0
2622,2.1953836212148614,0
2623,3.779351943650522,0
2624,3.0882250273956635,0
2625,0.9372907529297988,0
2626,3.334815665860169,0
2627,0.49473300791257707,0
2628,1.7359710502286894,0
2629,2.6022367872731156,0
2630,3.379043612081439,0
2631,1.0231665178547307,0
2632,3.2507523659015884,0
2633,2.7323625919312056,0
2634,0.44385968278726023,0
2635,3.769422458635089,0
2636,2.9931310338877553,0
2637,4.218937106592946,0
2638,4.63127503008217,0
2639,2.4853188331955938,0
2640,3.271076204640392,0
2641,5.253011967781965,0
2642,1.9888810516103248,0
2643,2.3438336373635247,0
2644,6.378123160727811,0
2645,1.535560191354258,0
2646,5.869545482383112,0
2647,0.46078025307803944,0
2648,1.7687386729045502,0
2649,1.7453947581626916,0
2650,1.7440538597034754,0
2651,3.956835755641267,0
2652,2.7254161376011607,0
2653,7.364473450551623,0
2654,2.142818758557096,0
2655,4.928241609253744,0
2656,2.6864181209683804,0
2657,2.7613450718647483,0
2658,5.263579055245638,0
2659,1.7657939057666463,0
2660,1.1554624246787433,0
2661,2.9009533560319567,0
2662,2.476124475995306,0
2663,2.6415840440369265,0
2664,2.7601031299473346,0
2665,2.7056804851201615,0
2666,2.1943173396264988,0
2667,4.823476797656402,0
2668,0.8698942699114608,0
2669,5.199223414932612,0
2670,2.6043112246200835,0
2671,0.6716270902786184,0
2672,4.31809056730693,0
2673,6.876516570295812,0
2674,1.7955985013392104,0
2675,4.004461217341448,0
2676,3.9088542200357432,0
2677,3.190311536680918,0
2678,2.402825398146098,0
2679,2.367835660723749,0
2680,1.5532533976813105,0
2681,1.8361416914789608,0
2682,0.5918025322302338,0
2683,2.908194233743816,0
2684,3.68934409032019,0
2685,1.453084490745315,0
2686,8.433891708622621,1
2687,47.510554224895095,1
2688,3.0618419891675623,0
2689,2.010798113583791,0
2690,0.8545419439914018,0
2691,2.744243399941569,0
2692,1.8904450808801896,0
2693,1.6953438726948542,0
2694,1.6032920128104113,0
2695,2.4040052857778016,0
2696,3.005535805298728,0
2697,0.6587990309953398,0
2698,3.4812053157973093,0
2699,2.337142188110454,0
2700,0.6766662467739277,0
2701,2.3667648827113568,0
2702,1.6186432724959916,0
2703,2.0882504169115714,0
2704,0.9164874965856006,0
2705,3.0969472013292876,0
2706,2.4997140983490054,0
2707,0.7280765343854669,0
2708,2.036034764675376,0
2709,3.122569215288662,0
2710,5.155093456629085,0
2711,3.54817295437548,0
2712,3.3825563554256077,0
2713,3.3295054787389864,0
2714,1.6960984983368823,0
2715,1.4811143357691263,0
2716,0.615503648724818,0
2717,2.5943661837239187,0
2718,2.340280196039949,0
2719,5.579277150086196,0
2720,0.5309891122273618,0
2721,1.5149314451475326,0
2722,6.560322014163542,0
2723,3.1271079181362365,0
2724,3.258927978307466,0
2725,0.31454908334043885,0
2726,3.038176795831275,0
2727,2.265433380440015,0
2728,5.507166931663823,0
2729,1.1629360689400903,0
2730,3.3410205454182584,0
2731,0.8867209951815045,0
2732,0.9755189213699088,0
2733,3.420531162170669,0
2734,4.924335306395785,0
2735,2.026077194757131,0
2736,0.762456669964077,0
2737,4.428569414458932,0
2738,2.409816227966315,0
2739,1.3084889605080978,0
2740,0.9214891878592267,0
2741,0.9358562280175089,0
2742,0.9307059822526077,0
2743,1.2754695393220659,0
2744,3.7302038322782862,0
2745,4.802766683778783,0
2746,2.9712121596263783,0
2747,1.9400961586434267,0
2748,3.9577468542778553,0
2749,0.7137297788791473,0
2750,2.247077060221723,0
2751,2.799149310776497,0
2752,1.0574644198801455,0
2753,1.0956049717117011,0
2754,0.7945317086570185,0
2755,2.4548131646533466,0
2756,13.061875476836402,1
2757,2.0191282904561874,0
2758,0.697719428828829,0
2759,7.50015921900356,0
2760,1.1439935420695733,0
2761,6.608315031615097,0
2762,1.76692942348097,0
2763,0.886252774726486,0
2764,1.3332025612410503,0
2765,1.5616774105826334,0
2766,1.792479507662483,0
2767,1.7283953835108052,0
2768,1.9090089635164484,0
2769,1.9133399789053982,0
2770,3.2973870492272193,0
2771,9.354790533951185,1
2772,1.8812724809996484,0
2773,2.9124205022984024,0
2774,7.97135056848368,0
2775,2.9458258219082096,0
2776,5.989205317711241,0
2777,4.829270797150858,0
2778,6.170571768414951,0
2779,2.140283721629309,0
2780,1.673265558617164,0
2781,0.4042838305076703,0
2782,2.099920486068138,0
2783,3.570517371174634,0
2784,1.7098420216306078,0
2785,2.6334532265118025,0
2786,2.242450493044139,0
2787,1.4713171035383574,0
2788,1.8157502446233527,0
2789,5.375231508411606,0
2790,3.347457351951635,0
2791,1.7828783563841286,0
2792,4.420170550746719,0
2793,6.10980826912826,0
2794,0.2646248308947222,0
2795,0.5736273679347765,0
2796,5.438976305967388,0
2797,1.7548100969282916,0
2798,1.8602902608751186,0
2799,1.0072013924305654,0
2800,3.52407193007815,0
2801,6.284568386190655,0
2802,1.7663717555812153,0
2803,0.7684944581718124,0
2804,1.4538506733173178,0
2805,1.7375366615926495,0
2806,0.7818948204654903,0
2807,1.6535810436461063,0
2808,5.079218642321456,0
2809,14.675686226417715,1
2810,1.7575193551771595,0
2811,0.741238162012944,0
2812,1.3354599059305714,0
2813,2.362586146004295,0
2814,0.8685076857917295,0
2815,1.14028418205563,0
2816,1.6325935369977782,0
2817,3.085741070838253,0
2818,1.742454509682905,0
2819,4.399470022954296,0
2820,2.9769340416978167,0
2821,6.087373737952401,0
2822,2.012468918419165,0
2823,1.6157673076748524,0
2824,1.0339254807165268,0
2825,3.4570983794522494,0
2826,3.7998417089213556,0
2827,3.507761759113026,0
2828,1.459655333134869,0
2829,10.911543004564974,1
2830,2.8138567454835597,0
2831,0.5327592025202742,0
2832,0.9311270384166392,0
2833,1.3333571333085357,0
2834,3.4347150844991674,0
2835,3.808788578757022,0
2836,4.67457061517299,0
2837,3.72951480153862,0
2838,1.2650766862560465,0
2839,1.338074826607874,0
2840,5.352811890978268,0
2841,4.051180282214486,0
2842,2.792521494634337,0
2843,3.0530640818493837,0
2844,1.7391640849716152,0
2845,1.1477121653669797,0
2846,12.405784189655249,1
2847,1.4900867278878407,0
2848,1.657569715291156,0
2849,4.375463460745481,0
2850,2.015918593743637,0
2851,2.5504514253115524,0
2852,2.84162717879101,0
2853,4.115258059222577,0
2854,1.0875343119647984,0
2855,5.084925873754841,0
2856,0.5626625895933302,0
2857,1.1457173866128565,0
2858,2.7124361235883545,0
2859,0.414663205095825,0
2860,1.772743852665112,0
2861,1.3719434869835476,0
2862,1.5789619570083935,0
2863,0.5674400540376285,0
2864,1.710654569124307,0
2865,2.0940092971067394,0
2866,0.634578580854355,0
2867,1.0756836072335176,0
2868,1.6674554179090855,0
2869,1.6540406665958527,0
2870,0.5671003047225339,0
2871,2.5524812526131258,0
2872,0.6240927015737354,0
2873,2.2114433637025543,0
2874,0.629827421637136,0
2875,2.492990755101174,0
2876,3.068452531865218,0
2877,4.912789698285517,0
2878,1.2539037957238408,0
2879,1.1867941889476248,0
2880,2.164529386279127,0
2881,2.599570077064293,0
2882,5.482717158639663,0
2883,5.97092975324537,0
2884,5.09811310954969,0
2885,2.7320851069401475,0
2886,2.541019190029965,0
2887,10.519643558423402,1
2888,3.4151347647665435,0
2889,2.1656789952222115,0
2890,7.768160748055391,0
2891,9.316205524465337,1
2892,4.497567309519061,0
2893,3.472048628130635,0
2894,1.6780994125562472,0
2895,5.194001632547408,0
2896,0.7586233927159384,0
2897,6.750048317326715,0
2898,1.9966974271392552,0
2899,2.2626369119099894,0
2900,4.37653988271778,0
2901,4.4165596856959,0
2902,0.5658185923974479,0
2903,2.8595030617883808,0
2904,1.2663901789131764,0
2905,6.351555451220659,0
2906,2.4311865695431947,0
2907,13.190196447640092,1
2908,9.488355544025751,1
2909,4.350082803306432,0
2910,2.3804357000942624,0
2911,1.6367376037528534,0
2912,1.6458410997760753,0
2913,1.6566790321091518,0
2914,3.0608163048995882,0
2915,4.699661224486773,0
2916,6.028005552446511,0
2917,1.1956503276075698,0
2918,1.5756532228609612,0
2919,5.273408882950976,0
2920,1.3257786689110376,0
2921,7.634244657885607,0
2922,2.274639360807094,0
2923,2.699953902233385,0
2924,4.82414750266828,0
2925,1.8648828268857036,0
2926,1.2290774269190523,0
2927,0.5220576999137633,0
2928,2.161230376249216,0
2929,4.56068733986391,0
2930,0.7663501567067357,0
2931,3.944941501555619,0
2932,2.105441214453145,0
2933,0.8081951106634552,0
2934,1.1883143589498018,0
2935,3.5553340570113403,0
2936,1.1731804237560728,0
2937,2.5467454239089893,0
2938,4.07957226695028,0
2939,1.8742579305138547,0
2940,3.9252422493225274,0
2941,9.422995377611247,1
2942,13.934183641225161,1
2943,0.9738330150927897,0
2944,3.8286330250049825,0
2945,4.810363157817819,0
2946,1.0570443627261197,0
2947,6.036139782677491,0
2948,2.0995208656368316,0
2949,0.9880731784294864,0
2950,2.436322083365411,0
2951,1.402348548318835,0
2952,1.7628980480307501,0
2953,1.833428987264363,0
2954,1.1172090318268943,0
2955,4.456784618338863,0
2956,1.0249417907591056,0
2957,4.207966718505314,0
2958,0.8718673689079741,0
2959,2.2685775231472665,0
2960,2.650045210185662,0
2961,12.026718654786938,1
2962,2.702040415215395,0
2963,3.1808627084771306,0
2964,1.8389226372752758,0
2965,1.710899701375369,0
2966,1.2119116782635986,0
2967,2.642590181642342,0
2968,4.027051589495447,0
2969,7.016664064805957,0
2970,2.6760201161574684,0
2971,0.9373640069444951,0
2972,8.58596329409758,1
2973,2.5087955502070995,0
2974,2.609473692075716,0
2975,1.561641704221,0
2976,2.60603912080097,0
2977,3.1435278240882183,0
2978,0.46601782614988785,0
2979,3.392548964119881,0
2980,2.323209635647868,0
2981,3.032510017172458,0
2982,0.9343087466741407,0
2983,3.2244054701883207,0
2984,6.651144516123387,0
2985,1.0839805752023886,0
2986,2.3264481158337893,0
2987,1.267892633872685,0
2988,3.6386493202950922,0
2989,2.8055728650510834,0
2990,3.619066643463114,0
2991,1.044462853593258,0
2992,1.7418212298019167,0
2993,3.449264480048787,0
2994,3.1100344911744875,0
2995,4.402197086576964,0
2996,3.4894030651905084,0
2997,4.940696046642397,0
2998,1.8233347966925855,0
2999,2.277156660586272,0
3000,13.68008631425335,1
3001,11.379846196650865,1
3002,6.425832829642949,0
3003,2.5033358419897285,0
3004,4.834917351682526,0
3005,3.9015913279973855,0
3006,2.2157524057350644,0
3007,2.0773238645069654,0
3008,0.601833422603086,0
3009,2.8328028779518246,0
3010,2.5603737262683075,0
3011,3.4242929357408007,0
3012,0.6308743066661786,0
3013,0.4428426224952902,0
3014,5.576939599301417,0
3015,6.965783328965439,0
3016,0.4513216358701543,0
3017,2.094101078728766,0
3018,4.15815783664273,0
3019,3.501174425009248,0
3020,1.901893354137577,0
3021,2.742678378272805,0
3022,1.877569914086109,0
3023,1.873065397785266,0
3024,6.054813114918234,0
3025,2.2457810445592283,0
3026,3.9923576773056135,0
3027,1.1299781259127213,0
3028,1.2815560123003071,0
3029,3.4327916483652325,0
3030,4.1656177894197945,0
3031,1.4166338833029817,0
3032,3.024884967805542,0
3033,6.121816038524844,0
3034,5.814922185506351,0
3035,2.128933218312642,0
3036,5.272385565039977,0
3037,3.919650385346946,0
3038,3.5409850872870203,0
3039,3.3129797831941543,0
3040,3.871307344863401,0
3041,0.6360227179265412,0
3042,3.096280944044618,0
3043,3.5958578070526914,0
3044,8.78861367391872,1
3045,0.6225402432841544,0
3046,8.594024057799897,1
3047,1.873706720598817,0
3048,4.595280929649577,0
3049,3.365157765329184,0
3050,5.902975748890259,0
3051,14.492292934817453,1
3052,1.8227407652653986,0
3053,1.594115472347063,0
3054,3.26438325968269,0
3055,0.42118601064999606,0
3056,11.767481746285648,1
3057,1.0678975186327095,0
3058,3.28595506581601,0
3059,2.688517313731431,0
3060,1.7992703607916998,0
3061,1.8817410492132212,0
3062,1.051028844700759,0
3063,3.6666726472639297,0
3064,1.9946412517696464,0
3065,4.105358659143378,0
3066,2.425230611490619,0
3067,0.5554972481075023,0
3068,5.974708387108676,0
3069,1.9074349778870305,0
3070,10.738035661005046,1
3071,3.488996801369227,0
3072,3.0571838728918195,0
3073,5.411167173935357,0
3074,3.448961062976738,0
3075,3.258012257036532,0
3076,2.3805597382868537,0
3077,5.3075664259294255,0
3078,1.2260520924722467,0
3079,2.245487268599773,0
3080,1.1904171837491435,0
3081,3.140683147988611,0
3082,1.9912166546039136,0
3083,2.490738788795055,0
3084,1.319255978960258,0
3085,1.5949449789754284,0
3086,2.8051267746466704,0
3087,8.394489211323494,1
3088,1.5930133289255701,0
3089,5.58396038919391,0
3090,0.7570221153723937,0
3091,1.6262085563474253,0
3092,2.29314602828813,0
3093,7.252081787587386,0
3094,1.3299029914624942,0
3095,1.0573413487973424,0
3096,1.8989050834519217,0
3097,3.9091479331697765,0
3098,1.2393258531577453,0
3099,3.190660061277692,0
3100,3.2628253569250143,0
3101,1.0565603710158784,0
3102,13.066003434413581,1
3103,5.074372184642909,0
3104,5.146201193439164,0
3105,9.500387172805347,1
3106,6.085425812753143,0
3107,3.5538404380902398,0
3108,2.1358448334522526,0
3109,10.687440679801524,1
3110,2.017581982806609,0
3111,1.856253053753986,0
3112,2.7721585719978683,0
3113,2.9660828319894637,0
3114,1.1400364372674285,0
3115,5.287575067165769,0
3116,0.7245546847312778,0
3117,0.9777612535849085,0
3118,0.9494941970447831,0
3119,9.332369429527496,1
3120,1.592527271384699,0
3121,9.636889388488777,1
3122,1.601085772463679,0
3123,1.2042849497691308,0
3124,3.427426016759934,0
3125,3.076114684897276,0
3126,2.884162443612443,0
3127,2.304048764471763,0
3128,3.3411939756483933,0
3129,4.423948875659142,0
3130,2.393491710661366,0
3131,6.88395032440343,0
3132,6.492750158045709,0
3133,4.521992646314152,0
3134,2.6323730328175468,0
3135,1.11887714955705,0
3136,1.0887260164456345,0
3137,1.9963198603051757,0
3138,1.650964410104734,0
3139,1.0110734522443743,0
3140,2.5055988585381543,0
3141,0.461026901343805,0
3142,7.433190771413233,0
3143,1.389851764555387,0
3144,4.660002445494655,0
3145,0.6408984674373209,0
3146,2.3314415775096426,0
3147,0.9477068617508305,0
3148,3.322801044121014,0
3149,5.4984198477796,0
3150,2.157294854101133,0
3151,8.940063476988472,1
3152,9.667013760369018,1
3153,1.2380107378595882,0
3154,4.561155157258172,0
3155,1.2927985429392541,0
3156,2.562067617825415,0
3157,2.760219709863979,0
3158,2.0852147560061054,0
3159,1.5610882724560127,0
3160,2.872858574581743,0
3161,2.579143146155723,0
3162,2.9812419296466266,0
3163,0.7216452872215678,0
3164,2.07875988151298,0
3165,0.3001411187240422,0
3166,1.9371210102124747,0
3167,4.674938844181479,0
3168,2.32844479337008,0
3169,2.4749751705764167,0
3170,1.917422690328245,0
3171,1.8431240026445546,0
3172,11.125897150412458,1
3173,3.067558909404718,0
3174,3.28148286339809,0
3175,2.3632013861587327,0
3176,0.5701257013812923,0
3177,0.769528824985435,0
3178,2.778551775593897,0
3179,4.066871928053528,0
3180,4.365522618996251,0
3181,3.9385127607606534,0
3182,2.838193707807753,0
3183,30.102813556051036,1
3184,2.8505881802588364,0
3185,3.1152890911560016,0
3186,2.5203828596297977,0
3187,1.0406250186514232,0
3188,2.4957690298046797,0
3189,1.535661455268342,0
3190,4.7467660390796445,0
3191,2.253227710881983,0
3192,1.322654285048738,0
3193,1.5043865166191297,0
3194,4.347261602228112,0
3195,2.4869081496676495,0
3196,1.9380097683261222,0
3197,1.2292832170555772,0
3198,1.1447698507574202,0
3199,9.814157018007956,1
3200,2.699422864264783,0
3201,3.029716690685453,0
3202,0.8646954494624987,0
3203,2.3711192424594354,0
3204,7.794801681005045,0
3205,3.2216536591391955,0
3206,1.9901187719133018,0
3207,3.37800843170808,0
3208,1.2543194430633668,0
3209,2.2484392883316295,0
3210,8.275549326433955,1
3211,1.5537327137526675,0
3212,2.2606917939251283,0
3213,2.0429865464751664,0
3214,2.6124298612818166,0
3215,2.8312406435711326,0
3216,1.910640461146493,0
3217,3.523688271607327,0
3218,0.6616419440489518,0
3219,1.7417356784956561,0
3220,25.328685203909075,1
3221,1.0887978281964628,0
3222,3.9751828833909264,0
3223,2.048600990300118,0
3224,2.148956211058287,0
3225,3.2621868033622214,0
3226,3.9827017263577273,0
3227,1.9610892033021237,0
3228,0.7161351560083266,0
3229,4.125497766447422,0
3230,1.6115207109785739,0
3231,1.5482964934682732,0
3232,1.1158684243303227,0
3233,1.2234177454680297,0
3234,0.4544670421130484,0
3235,4.217382245292991,0
3236,1.6794277964853628,0
3237,2.109822653092545,0
3238,2.6543826916638387,0
3239,5.583629740500634,0
3240,1.4725217368097927,0
3241,6.099289117378453,0
3242,2.9767243739335068,0
3243,3.2556723137347654,0
3244,0.5287760565459159,0
3245,2.3126543109564612,0
3246,0.808380538668759,0
3247,2.9166264959362396,0
3248,1.2674877994442042,0
3249,1.0464451587443109,0
3250,3.0364283366258364,0
3251,3.8525441507917626,0
3252,1.2811273238795329,0
3253,4.183117189374064,0
3254,1.2482153106018552,0
3255,0.49841650982094254,0
3256,4.069423802290252,0
3257,2.0781337657158496,0
3258,10.557923074520607,1
3259,1.8923488952571854,0
3260,1.4696209210495013,0
3261,4.482148585116136,0
3262,1.773901318296978,0
3263,2.7008002746507245,0
3264,2.5891112606202458,0
3265,1.201785905564052,0
3266,1.0904435657880043,0
3267,2.9355394120092217,0
3268,3.5997617790791803,0
3269,2.310123621976277,0
3270,6.759155835319602,0
3271,3.0280387506645425,0
3272,1.908567562735907,0
3273,2.0879463303883434,0
3274,0.998895602659604,0
3275,5.740948233749058,0
3276,1.472086431530879,0
3277,0.34910320207655243,0
3278,3.3149251870161365,0
3279,15.914821035677843,1
3280,1.1163468177998124,0
3281,1.207658720944693,0
3282,2.339335698141136,0
3283,1.3554805043060976,0
3284,0.6913403295582147,0
3285,18.563449344347067,1
3286,2.649252483290824,0
3287,3.2320925929170476,0
3288,2.3195907751686433,0
3289,2.7124008890243716,0
3290,0.8323850680530728,0
3291,3.6006147141832243,0
3292,1.0341844538437146,0
3293,0.6680365193759382,0
3294,2.452926071075024,0
3295,6.879152937433532,0
3296,0.7014969890035613,0
3297,3.9317834694609837,0
3298,6.379403968568251,0
3299,5.825778089143767,0
3300,2.3257842893827143,0
3301,0.35229045680988935,0
3302,1.6464959009299696,0
3303,2.7430754702171227,0
3304,1.7830698130084117,0
3305,1.3298394034480812,0
3306,0.4781348886624829,0
3307,3.3970658167100565,0
3308,0.6352507456039705,0
3309,0.9824179886352581,0
3310,4.297504504526731,0
3311,1.448704597874472,0
3312,3.2552801023513553,0
3313,3.266939360725671,0
3314,1.96707199829797,0
3315,22.013374718539072,1
3316,10.569230502979698,1
3317,2.7722148905445225,0
3318,2.88433880652197,0
3319,3.4999669524161647,0
3320,2.383303123244138,0
3321,1.60332131002937,0
3322,1.4806594077846078,0
3323,1.0341247524950241,0
3324,3.8352412976862924,0
3325,1.2125743960652575,0
3326,2.5258926009065172,0
3327,9.557279493270837,1
3328,3.392277436164494,0
3329,2.6314409870577573,0
3330,2.184658635921711,0
3331,1.766129735323878,0
3332,1.924411201556858,0
3333,3.9602301383830945,0
3334,3.1668948514557247,0
3335,0.9420332055608288,0
3336,1.6432424645998585,0
3337,2.3251908773755217,0
3338,2.0449991785058357,0
3339,4.5867140999435465,0
3340,3.6977331928943316,0
3341,5.717253850005291,0
3342,0.6830909051910161,0
3343,7.369126492269658,0
3344,2.3054444252768485,0
3345,0.6998287799510489,0
3346,2.6192993467765686,0
3347,1.5602276185833344,0
3348,4.813524064489286,0
3349,1.3862627463750046,0
3350,2.51404239468268,0
3351,0.5760902905786419,0
3352,7.453879470831068,0
3353,3.0574423962851087,0
3354,2.702699571164042,0
3355,3.9402894076379424,0
3356,1.9357534245219257,0
3357,2.3630589053471143,0
3358,2.4419782969827915,0
3359,3.1777478858050943,0
3360,3.039299694753,0
3361,3.3214916446917035,0
3362,9.72018963854828,1
3363,5.276268675988309,0
3364,4.130120350898448,0
3365,1.3047370560565388,0
3366,8.132194355198868,0
3367,0.6909636507249147,0
3368,2.157643987858363,0
3369,4.387257036149701,0
3370,1.0399080160940488,0
3371,0.8695886665980392,0
3372,1.894286407832109,0
3373,0.413207293759513,0
3374,4.3945098216319805,0
3375,1.4293363226842744,0
3376,3.258302365971079,0
3377,1.622791593894141,0
3378,4.035877557620545,0
3379,3.2296039934296963,0
3380,3.6691840558130777,0
3381,2.9884861702664702,0
3382,1.7382478047456302,0
3383,3.3102161547046567,0
3384,3.3248838124609343,0
3385,3.7531151447003857,0
3386,1.2963002163006907,0
3387,1.66885456194413,0
3388,3.3560411074955505,0
3389,6.272688298921782,0
3390,1.7211301183588803,0
3391,3.83800986147085,0
3392,4.664563758095766,0
3393,5.022949779156913,0
3394,3.7628977097206993,0
3395,2.32719722940267,0
3396,8.670339440597685,1
3397,1.4446144906715943,0
3398,2.763263058433071,0
3399,1.8684620155278842,0
3400,10.8693326524211,1
3401,1.2806804745344127,0
3402,7.152250351408459,0
3403,4.8717731493199015,0
3404,2.24335613776288,0
3405,3.144662252700845,0
3406,1.365044650079476,0
3407,3.841424532902354,0
3408,5.750300983692872,0
3409,2.525329525441416,0
3410,0.6038661616327682,0
3411,1.1334740168202335,0
3412,4.592268793718008,0
3413,4.249363865273735,0
3414,4.386674653400164,0
3415,1.961436172199437,0
3416,1.5480707261462128,0
3417,2.45960128954976,0
3418,5.4211269277453376,0
3419,10.03741830104764,1
3420,16.969653094706526,1
3421,3.7196564762873225,0
3422,2.1968617253993488,0
3423,1.1626869306095393,0
3424,0.8827613040999559,0
3425,4.12193576286037,0
3426,6.412420540840237,0
3427,1.9700038523178978,0
3428,1.8645134368158318,0
3429,3.467357404404169,0
3430,3.3359285803646945,0
3431,1.8227945207068559,0
3432,3.065832988805016,0
3433,0.794578337381367,0
3434,1.7167756744581055,0
3435,0.6376242990503019,0
3436,4.682106768932523,0
3437,10.240228776625566,1
3438,3.623234871617869,0
3439,4.877817127605112,0
3440,1.4805705911197966,0
3441,2.7901435939432315,0
3442,1.536231921526606,0
3443,3.292535249355498,0
3444,1.2039827765610587,0
3445,3.917144864139418,0
3446,1.7371845096514362,0
3447,2.6629766296816113,0
3448,16.171606961421194,1
3449,3.1589049817759656,0
3450,1.8903075362035415,0
3451,1.8532065941759364,0
3452,1.3488937225222692,0
3453,2.4766662772433814,0
3454,1.5841549900671035,0
3455,0.785004561396569,0
3456,1.9298759960472214,0
3457,5.627552652517659,0
3458,3.147317086647744,0
3459,3.470284859109219,0
3460,1.7032622483901023,0
3461,3.097324255256446,0
3462,2.18953075942902,0
3463,7.581591738129247,0
3464,7.961096635046859,0
3465,1.11980193198196,0
3466,0.9182879714988981,0
3467,2.471912725159682,0
3468,1.04613674329314,0
3469,1.6715243988256658,0
3470,2.9833151397045916,0
3471,3.9574745468666896,0
3472,1.677539800214168,0
3473,2.1945120979139943,0
3474,0.7084288533497403,0
3475,0.45985847133825775,0
3476,0.7045260319566192,0
3477,5.533972678685563,0
3478,3.2671942355822075,0
3479,10.160392912897061,1
3480,1.4423488174916597,0
3481,1.7764891272712684,0
3482,1.9415466515113722,0
3483,2.013403012939993,0
3484,1.3125871964622593,0
3485,3.7081079849367637,0
3486,3.8150885994783637,0
3487,0.4403595454540117,0
3488,2.1582902416776752,0
3489,1.0148501438220292,0
3490,4.788757531377318,0
3491,4.865709189819801,0
3492,2.632587179980943,0
3493,1.4420342494813279,0
3494,2.9106543756362373,0
3495,6.363077100484642,0
3496,0.7144094025433373,0
3497,5.024822097555176,0
3498,3.8748408896427327,0
3499,0.7988217409576834,0
3500,1.7513930849812325,0
3501,3.153045023430318,0
3502,2.121176490239285,0
3503,3.9384864019968537,0
3504,1.4106442029581072,0
3505,2.099005473693391,0
3506,3.151077124771613,0
3507,0.9682499314615093,0
3508,2.5690497939040133,0
3509,1.9659365580837647,0
3510,0.4475154689270803,0
3511,13.069038826887333,1
3512,1.3048868149528945,0
3513,1.9137283753032732,0
3514,1.427075161910008,0
3515,1.7915115613940182,0
3516,2.956418306853934,0
3517,3.112970163490592,0
3518,1.2404343918904555,0
3519,4.7752433054210375,0
3520,0.7090788463424872,0
3521,5.722375703378607,0
3522,1.0114286023701904,0
3523,0.5502551251110649,0
3524,0.917784920287653,0
3525,6.745678969753618,0
3526,1.4534645015665197,0
3527,2.645863798677042,0
3528,1.1948548097677538,0
3529,0.5794135167426108,0
3530,1.9346395888599042,0
3531,4.61583107453356,0
3532,1.3831277935962898,0
3533,2.146046441208279,0
3534,1.0390143442230595,0
3535,2.9760526982662157,0
3536,1.8398290647291475,0
3537,12.797049519693424,1
3538,1.1140589812736732,0
3539,5.736858429257087,0
3540,3.585702611345291,0
3541,0.9527763542120707,0
3542,2.6701793083642564,0
3543,2.135267008317775,0
3544,0.5024918603007614,0
3545,0.8942748251034376,0
3546,1.0415255857739967,0
3547,3.655641433507126,0
3548,1.5991071603284381,0
3549,4.399587676240197,0
3550,4.800815784763361,0
3551,5.089705468119297,0
3552,3.7894006503410034,0
3553,6.636416059396938,0
3554,3.582922677255354,0
3555,2.326594601027963,0
3556,4.0038378268263575,0
3557,1.5450213023564037,0
3558,1.6836915369946768,0
3559,1.142254403675383,0
3560,2.7390067307748165,0
3561,1.72013165109036,0
3562,1.3057778971140523,0
3563,7.468251829913667,0
3564,1.594475850665017,0
3565,1.1924514058413094,0
3566,5.588919221682514,0
3567,8.962665297830645,1
3568,3.6636111420786293,0
3569,1.8430825312040702,0
3570,1.4245804835668312,0
3571,2.2036296446821173,0
3572,2.706118452723729,0
3573,1.4801148880433284,0
3574,1.7152883858775878,0
3575,2.959923526362163,0
3576,5.671934685164362,0
3577,5.305214913422061,0
3578,2.0659231824545916,0
3579,3.4179627322486907,0
3580,1.347188338958517,0
3581,2.2932540986803813,0
3582,4.267264252285169,0
3583,2.9769559642808217,0
3584,2.047517161378989,0
3585,0.5819837068794128,0
3586,2.717210383939886,0
3587,0.7231979217606359,0
3588,0.5014343039869676,0
3589,2.2774233801143717,0
3590,0.7065441460949801,0
3591,1.0795783862695851,0
3592,4.2258283187131935,0
3593,4.01552822809671,0
3594,7.374005880142986,0
3595,4.545540430211403,0
3596,2.476044107737969,0
3597,2.1298523217505436,0
3598,4.278924204564899,0
3599,4.901929076333676,0
3600,0.3738074475736514,0
3601,0.9920158225563989,0
3602,3.0245030836465374,0
3603,3.50864084540053,0
3604,1.659214137475757,0
3605,3.217028171587874,0
3606,3.0137935689097204,0
3607,4.768158036092028,0
3608,10.326931246997345,1
3609,7.332908999181964,0
3610,1.7802999864000133,0
3611,19.714964234794163,1
3612,2.692907895167091,0
3613,2.827410709971896,0
3614,6.968418139864821,0
3615,9.318403383211288,1
3616,0.8826361895231062,0
3617,3.6332216103328694,0
3618,8.215541560502226,0
3619,1.167787549828312,0
3620,1.9038390547446749,0
3621,1.144023100904669,0
3622,2.0459093835059416,0
3623,3.836217060276462,0
3624,3.982604824401451,0
3625,3.6034955309202013,0
3626,0.6891725456142193,0
3627,1.4909321368983277,0
3628,1.7291517702899903,0
3629,2.137066575904817,0
3630,2.8808860200332576,0
3631,3.1921135597638655,0
3632,3.7637397582625547,0
3633,5.229267254755752,0
3634,3.85510700303489,0
3635,2.088114189037664,0
3636,2.143820619383253,0
3637,0.879904728695178,0
3638,1.4179800796252366,0
3639,1.5835420527259614,0
3640,3.4166263213241734,0
3641,4.080386728965862,0
3642,1.575424950422337,0
3643,2.2902731582079454,0
3644,2.8742238978187213,0
3645,2.7236385415832505,0
3646,6.726628878667456,0
3647,5.602945928426936,0
3648,7.681433251537582,0
3649,3.1195817989588948,0
3650,1.2876993320864767,0
3651,1.8259903845677745,0
3652,4.700516926073125,0
3653,2.52462901451065,0
3654,5.18439227356128,0
3655,2.0248018527027742,0
3656,3.1868904712126853,0
3657,2.0588742510204012,0
3658,1.8084191507366385,0
3659,4.163158201918752,0
3660,2.326223197292926,0
3661,3.1926774020014768,0
3662,4.738254994667803,0
3663,3.165608432787513,0
3664,4.511617894557854,0
3665,2.096121742644999,0
3666,7.095471895008745,0
3667,5.139852451719592,0
3668,4.81541412497834,0
3669,1.8972460911915405,0
3670,1.00489192485104,0
3671,2.940019052791461,0
3672,0.6891044740966037,0
3673,2.607743707338434,0
3674,2.002238906151661,0
3675,2.1312019327485237,0
3676,2.58257809048648,0
3677,1.66143540202342,0
3678,2.396983610335818,0
3679,2.673521841125039,0
3680,1.62374552995863,0
3681,6.1536165068825674,0
3682,3.1228630691807924,0
3683,2.2842103938131744,0
3684,2.400301439333,0
3685,4.037672307115826,0
3686,3.580683253298033,0
3687,0.5346619936423588,0
3688,6.3910261271013065,0
3689,3.231847978512845,0
3690,7.846620838618404,0
3691,7.040554552188468,0
3692,1.2835461971820148,0
3693,2.779320177851015,0
3694,3.8804425621731196,0
3695,2.2800868679962005,0
3696,0.5995991881411161,0
3697,2.288105887764866,0
3698,1.2897561503395119,0
3699,0.6593061372862811,0
3700,7.707912118220613,0
3701,0.7814899219842346,0
3702,4.064760236640951,0
3703,0.5808464277048505,0
3704,3.567483788054135,0
3705,1.329409440419936,0
3706,2.5724785688273455,0
3707,2.053629712560414,0
3708,4.772548436183405,0
3709,1.3367115934612457,0
3710,6.972719131383875,0
3711,2.655503580172023,0
3712,3.6640227478605207,0
3713,2.3576235631644806,0
3714,1.679355509953339,0
3715,6.035606083119217,0
3716,0.43057340638928526,0
3717,1.3555953257268798,0
3718,3.624681303389019,0
3719,3.5075111022134697,0
3720,1.3954863765469028,0
3721,1.976298899745788,0
3722,4.074239406352453,0
3723,2.1420241648068954,0
3724,0.6881270871050923,0
3725,7.210785215218028,0
3726,0.6204925090510944,0
3727,0.7468563752782622,0
3728,3.9188125852668536,0
3729,1.0569989988133186,0
3730,5.462381528120331,0
3731,3.4568797186065954,0
3732,8.140764568042517,0
3733,20.828855182842705,1
3734,1.0674007316831846,0
3735,4.758338809716543,0
3736,7.5477170766098425,0
3737,4.9635589122695505,0
3738,1.80809705610608,0
3739,4.288360875124884,0
3740,1.215868549911092,0
3741,3.654851086055586,0
3742,2.4558979284576234,0
3743,2.9629515195360145,0
3744,6.9887603092870965,0
3745,1.7861302396524816,0
3746,2.177926571829971,0
3747,2.3452745468258143,0
3748,3.547632123819461,0
3749,1.0038740784626188,0
3750,1.638522054698551,0
3751,1.2156877048414254,0
3752,3.7859466478242343,0
3753,3.3668252925614284,0
3754,6.615310962228368,0
3755,1.2123775387953206,0
3756,0.6005853451609542,0
3757,0.29544144820111823,0
3758,2.975116437138169,0
3759,2.193000441570883,0
3760,3.0464807273901813,0
3761,1.5614361920375748,0
3762,0.6107728700074095,0
3763,2.675465204505097,0
3764,2.776101856216862,0
3765,0.5500947798691594,0
3766,1.2938454709860485,0
3767,3.3878879919173235,0
3768,0.2245025183227976,0
3769,3.1710195342623066,0
3770,4.848327802434933,0
3771,9.411851095568561,1
3772,3.6366216493095,0
3773,6.1149365145863515,0
3774,27.96472631031211,1
3775,1.9498347973878114,0
3776,4.696519112197815,0
3777,1.1136233945033678,0
3778,3.0058072518861105,0
3779,1.417902582611237,0
3780,2.347244383407451,0
3781,4.436873585054472,0
3782,2.1182766716449786,0
3783,0.9414613201565819,0
3784,2.1852038196450865,0
3785,9.688835065234931,1
3786,4.610992187526007,0
3787,0.2241058669509725,0
3788,7.086318857774695,0
3789,2.043300000242829,0
3790,1.874737522254944,0
3791,4.214421374733978,0
3792,6.234588912668659,0
3793,5.423332321528886,0
3794,1.3484741767218889,0
3795,0.6471065254818009,0
3796,2.145756927647386,0
3797,2.4226975353320253,0
3798,3.5376831295934954,0
3799,0.2720493777819595,0
3800,1.708381724000343,0
3801,4.982495898946389,0
3802,10.33883090705463,1
3803,3.855485779100507,0
3804,2.731923050252999,0
3805,3.849020114551904,0
3806,0.5601554550121917,0
3807,1.6938618385345348,0
3808,4.266654346057129,0
3809,1.8490728916433357,0
3810,1.519683149644059,0
3811,3.145173189512254,0
3812,0.6514049433449676,0
3813,1.230010460239088,0
3814,2.908580520397186,0
3815,0.738733686321235,0
3816,2.454187582847229,0
3817,0.9223376683469104,0
3818,2.208806686838594,0
3819,1.395942377246683,0
3820,5.423035290002688,0
3821,2.4162869490256353,0
3822,5.914120420345176,0
3823,2.1814563816977444,0
3824,2.05602561092683,0
3825,5.073458726044915,0
3826,7.260832896009754,0
3827,0.6484793242110667,0
3828,1.7668377967934978,0
3829,0.7977709910638088,0
3830,0.5578380136973334,0
3831,1.7120818766304327,0
3832,3.053296718464821,0
3833,2.835577339696289,0
3834,2.9339502138907863,0
3835,2.510151998589792,0
3836,3.9774522332246938,0
3837,1.4624575084720717,0
3838,0.9596986175909805,0
3839,2.8935627481359605,0
3840,4.211888862230705,0
3841,3.689734026665,0
3842,0.4445460280235584,0
3843,0.8014081502470841,0
3844,5.510021768151758,0
3845,2.305357809166414,0
3846,0.71255642975855,0
3847,2.7484010095198768,0
3848,2.350344627619299,0
3849,1.1230213285192996,0
3850,2.8142399358690025,0
3851,3.142143045891936,0
3852,0.9319204958802985,0
3853,3.0733880619132163,0
3854,1.5876970193254196,0
3855,1.2199846883684513,0
3856,1.2613974404615464,0
3857,1.7184527609274172,0
3858,2.3555934141406976,0
3859,2.7269002464713177,0
3860,2.1282234593407496,0
3861,3.324807907965243,0
3862,6.770712131111733,0
3863,2.4910298912056317,0
3864,0.4436067436161816,0
3865,2.0077465874726013,0
3866,2.960309151527399,0
3867,10.656332466710834,1
3868,0.5523499877365214,0
3869,6.090668163285292,0
3870,1.2294344835016853,0
3871,1.3800258905371385,0
3872,2.145966215142494,0
3873,2.044343063876747,0
3874,5.39627333506592,0
3875,1.107159212788692,0
3876,2.391140207711539,0
3877,1.0176725583213817,0
3878,2.8175245859387603,0
3879,1.823170515880753,0
3880,4.886223321422964,0
3881,5.618868796676103,0
3882,2.822425205759426,0
3883,0.8482502321715871,0
3884,3.0799483904729312,0
3885,12.703596850532968,1
3886,1.8340201998461727,0
3887,3.2818481005399076,0
3888,1.7215904672779943,0
3889,3.451753429005934,0
3890,1.1905455981230408,0
3891,1.5877893747741312,0
3892,0.8336962510500739,0
3893,1.8967514208042053,0
3894,0.9777837119011977,0
3895,3.2805896960261065,0
3896,3.2323868919999352,0
3897,6.308126445835598,0
3898,1.5436711534123642,0
3899,0.9055992458193671,0
3900,1.7027827677567728,0
3901,1.1851085689376541,0
3902,0.7146536886927827,0
3903,2.3979029664674605,0
3904,3.9574977482096165,0
3905,5.2842400545161015,0
3906,9.685654302646377,1
3907,1.8234115297261615,0
3908,0.5249933301129467,0
3909,16.138802444803947,1
3910,2.6536481132097034,0
3911,0.37136243467439733,0
3912,1.4983006981002505,0
3913,7.478076196993023,0
3914,2.0389820169684536,0
3915,11.263966130378261,1
3916,2.0892677884070467,0
3917,4.222729241471551,0
3918,5.171549602650569,0
3919,2.9852959599992115,0
3920,0.7190959425249809,0
3921,4.7326164831284565,0
3922,0.7713652054961523,0
3923,2.55569135060339,0
3924,2.8065389255091784,0
3925,0.6177576999785117,0
3926,0.2828226071883436,0
3927,2.83150013583463,0
3928,2.8835746503712985,0
3929,0.7220689535735212,0
3930,1.794074453879452,0
3931,5.220767441137819,0
3932,3.0414975415099756,0
3933,0.7505215111370358,0
3934,2.1275577347135637,0
3935,3.4418315045421637,0
3936,0.4942563610095126,0
3937,1.5605389138918757,0
3938,2.1138210043338868,0
3939,4.415178770534008,0
3940,1.291329541291629,0
3941,3.3928979414548963,0
3942,6.754494609495823,0
3943,1.6350992809438902,0
3944,4.433644141688572,0
3945,0.997524296492316,0
3946,2.004826731946696,0
3947,1.2690740960052538,0
3948,1.9044782045962236,0
3949,0.7247884199734583,0
3950,5.939944869875786,0
3951,0.8971070272094689,0
3952,4.043330844354104,0
3953,4.212609721470222,0
3954,3.2717964706806297,0
3955,13.018450642058285,1
3956,2.830571357867257,0
3957,0.5325258506278077,0
3958,3.2112958189264833,0
3959,2.7743698159912142,0
3960,2.0281972015703498,0
3961,1.9736001391670388,0
3962,2.4239485951098088,0
3963,1.2833079429466598,0
3964,1.099991459567949,0
3965,3.747053274346395,0
3966,9.256223946618908,1
3967,2.8097085084778826,0
3968,3.642022379925161,0
3969,0.7529907256325499,0
3970,4.3121386489219855,0
3971,16.995594476568296,1
3972,3.4621425026237014,0
3973,2.0883531169320735,0
3974,2.984321222847114,0
3975,4.126285269619262,0
3976,2.814376977357065,0
3977,1.7465735979599264,0
3978,0.40594649763925517,0
3979,1.642493047883455,0
3980,2.1118480978077105,0
3981,2.0922224000703924,0
3982,0.5478431364410767,0
3983,2.573092337262591,0
3984,2.7154946800034065,0
3985,0.40181124114692846,0
3986,8.92879817032127,1
3987,1.9362190913967519,0
3988,3.3534129410885973,0
3989,3.4129821807314813,0
3990,5.053592326270399,0
3991,3.8874586467686867,0
3992,2.583919585199801,0
3993,4.261966436310652,0
3994,3.928757608232753,0
3995,3.7081523158613137,0
3996,1.2250036934286679,0
3997,0.8435767276589033,0
3998,1.6952828283374146,0
3999,3.981457987493401,0
4000,4.6431209547120895,0
4001,1.7378292119970633,0
4002,10.450035973017883,1
4003,6.31958711365471,0
4004,1.4067836034288221,0
4005,1.8636330527393825,0
4006,3.7189717289069675,0
4007,2.2152786820496724,0
4008,0.35830048186870905,0
4009,1.3441646249257058,0
4010,1.7241755331770838,0
4011,1.6981651235484705,0
4012,1.8957657102808159,0
4013,2.8169180890908967,0
4014,2.327740161548031,0
4015,6.630854434656113,0
4016,3.972200669716608,0
4017,0.8492076154755613,0
4018,0.7403809825582913,0
4019,1.0905650285211899,0
4020,0.830639597076581,0
4021,0.4544401222700393,0
4022,2.82008568083098,0
4023,3.3745364347855142,0
4024,2.9829572294449416,0
4025,9.029926215489242,1
4026,1.5920067439511179,0
4027,4.040486329349312,0
4028,0.6780988053995954,0
4029,1.2799032417960285,0
4030,1.1139120005228036,0
4031,1.8514932512628755,0
4032,1.9353699056477602,0
4033,3.3284408621488932,0
4034,2.174522213086213,0
4035,2.926997910300672,0
4036,1.3459900710538029,0
4037,4.086548019292677,0
4038,1.7996549612983226,0
4039,5.964485816861938,0
4040,5.871794975773444,0
4041,2.950063674833959,0
4042,0.9557739861414228,0
4043,0.5808882996843177,0
4044,1.3782818107010852,0
4045,0.6258829241861996,0
4046,1.8693065495747894,0
4047,4.973440025166954,0
4048,4.29683147322743,0
4049,1.8948528558628006,0
4050,2.279666206409535,0
4051,1.0928867027498943,0
4052,2.366170224604711,0
4053,2.8480983502557273,0
4054,1.2623845137899246,0
4055,1.1074262498009892,0
4056,2.3013506553685077,0
4057,1.2949820292900722,0
4058,10.480126492485283,1
4059,19.30293469249882,1
4060,12.098883501949935,1
4061,1.6858769712613757,0
4062,2.377276621006861,0
4063,0.46646412674297966,0
4064,2.648877682142272,0
4065,5.359485212431782,0
4066,2.805154066367843,0
4067,3.226482768694613,0
4068,4.537820075799033,0
4069,3.4780912315173813,0
4070,0.8345608158984316,0
4071,0.8627195829497261,0
4072,2.8921797700672296,0
4073,1.838964556354077,0
4074,3.416388350219614,0
4075,1.2330123958757533,0
4076,2.185832731064123,0
4077,2.4957015197994314,0
4078,0.9540633639951042,0
4079,2.1432039919896604,0
4080,1.1020053933355856,0
4081,2.389315043090851,0
4082,3.498706313717728,0
4083,1.7504127491107881,0
4084,2.7267456040241047,0
4085,2.4294017164015353,0
4086,13.121834052530195,1
4087,2.289095961103519,0
4088,2.537459158905077,0
4089,0.2241058669509725,0
4090,0.8154695693498357,0
4091,3.7258641709784817,0
4092,3.429688663430642,0
4093,2.521901512149572,0
4094,1.9532133916688026,0
4095,2.8918388988504975,0
4096,1.3585901057433936,0
4097,2.2509562038974944,0
4098,3.621338969697398,0
4099,8.852743796342926,1
4100,1.0455676082145964,0
4101,9.4807304808631,1
4102,4.585865539812384,0
4103,2.031902205319937,0
4104,3.8400322679773935,0
4105,2.396804796324773,0
4106,6.888450335875928,0
4107,6.3928547999404195,0
4108,4.045044213715303,0
4109,0.48362020902627206,0
4110,0.9656276707316667,0
4111,2.3461845550603555,0
4112,3.353932386130116,0
4113,6.953206375307754,0
4114,1.499166896857779,0
4115,7.134616493418466,0
4116,1.1056609167040996,0
4117,1.0322448473551364,0
4118,1.461107147951799,0
4119,2.749860259335715,0
4120,2.344965484874577,0
4121,2.7738808285552947,0
4122,0.7567430540527366,0
4123,4.14618958198074,0
4124,4.449890672369011,0
4125,1.6600272635637268,0
4126,3.8234708805672666,0
4127,2.7885748221029343,0
4128,0.9964851886853717,0
4129,3.2071165246806115,0
4130,1.2259222819502016,0
4131,6.168774351413631,0
4132,10.439845534281476,1
4133,2.982825401162993,0
4134,3.105776697566106,0
4135,2.7053423435764414,0
4136,5.141374089458255,0
4137,3.9392328006192554,0
4138,0.6428604281731009,0
4139,4.62134023844063,0
4140,0.7405806739985749,0
4141,2.580989768305875,0
4142,0.969423382960571,0
4143,2.561859425861479,0
4144,3.7717564461998876,0
4145,2.1423786064887547,0
4146,1.2401356166739221,0
4147,4.596518810400356,0
4148,1.4742369552895156,0
4149,1.9677096290912008,0
4150,3.702620996861945,0
4151,2.320996591231404,0
4152,6.578715496231821,0
4153,3.5200881691944326,0
4154,1.7483615461912552,0
4155,4.327410994515621,0
4156,1.5120046902931206,0
4157,4.708698210040546,0
4158,1.8209570223931444,0
4159,5.3279393137152145,0
4160,6.977697224538944,0
4161,2.7728870305538242,0
4162,0.6828469250722252,0
4163,1.9245310778262048,0
4164,4.693224507794065,0
4165,7.391991494158777,0
4166,5.207266992406774,0
4167,1.6125677047726512,0
4168,1.1182093605920636,0
4169,4.8526139833464415,0
4170,2.653894269224435,0
4171,2.641648543183735,0
4172,4.45128732230792,0
4173,3.2379005562117014,0
4174,2.487329995647815,0
4175,2.9153285565670095,0
4176,7.2706320507062125,0
4177,1.8074726120006153,0
4178,3.6270464840074945,0
4179,2.2422116863734924,0
4180,1.7295097361472667,0
4181,2.2882123520946505,0
4182,0.9944719281856838,0
4183,2.98574521707941,0
4184,3.219482738861339,0
4185,1.323661284475326,0
4186,4.284332741421364,0
4187,0.9550887583231252,0
4188,8.540196559753458,1
4189,4.040443584435858,0
4190,5.296408004667193,0
4191,0.9191081386362648,0
4192,3.4942530529067923,0
4193,2.341146818255653,0
4194,4.147917828890672,0
4195,4.132395786373216,0
4196,1.5479009384757194,0
4197,3.9033104594122596,0
4198,2.879414010302306,0
4199,0.5581741148423923,0
4200,2.729837643846712,0
4201,8.507625997503567,1
4202,3.5433936027646706,0
4203,3.4563653205325404,0
4204,1.6857177435300048,0
4205,5.8051165526163455,0
4206,0.5725268345245005,0
4207,1.6032976018028298,0
4208,3.274680640774344,0
4209,21.463533397276496,1
4210,2.3208879506389826,0
4211,5.14020911202032,0
4212,2.4755387714240604,0
4213,2.767648831561897,0
4214,1.2114672917564984,0
4215,1.1872423755356514,0
4216,4.3044981539428875,0
4217,2.18418432748461,0
4218,2.682223875687387,0
4219,0.44432616795747293,0
4220,4.732156028106984,0
4221,4.842150078457545,0
4222,5.771530762086317,0
4223,3.7040502973236955,0
4224,2.6219257769169144,0
4225,0.8227270558784026,0
4226,7.421815689322994,0
4227,3.0513340361098784,0
4228,1.8880835858816416,0
4229,2.2366607785539188,0
4230,1.2129828709177697,0
4231,2.698047339693993,0
4232,14.383398803790373,1
4233,1.6578242196684438,0
4234,2.470742638599632,0
4235,1.8388630514997095,0
4236,3.2986255303923797,0
4237,0.34637405497060036,0
4238,0.9234899338745388,0
4239,1.6868874469312694,0
4240,2.001489072892402,0
4241,1.4894876735638827,0
4242,1.0151474198862942,0
4243,3.0674028099120907,0
4244,1.2371461726087325,0
4245,1.1145593133388787,0
4246,3.6321303675959182,0
4247,3.1191488801094076,0
4248,4.565935597567843,0
4249,1.182389692928767,0
4250,1.0490209744811472,0
4251,4.354601668815845,0
4252,2.5440754434701893,0
4253,1.4130630689674741,0
4254,0.8497327601101768,0
4255,0.8703000301641036,0
4256,6.562407204100084,0
4257,11.270076799827091,1
4258,4.190873119026672,0
4259,1.769350575015759,0
4260,0.8223564642525365,0
4261,2.4478558460997926,0
4262,3.4137127505449785,0
4263,6.078880366401855,0
4264,5.722793409328503,0
4265,9.432629627988002,1
4266,2.2592849396276637,0
4267,3.472161076133788,0
4268,3.349385498135773,0
4269,1.396630452025337,0
4270,1.5787018234736985,0
4271,1.8792964267216947,0
4272,0.6952716362448058,0
4273,1.2926580970508392,0
4274,1.5523596918832459,0
4275,6.316064506121783,0
4276,0.7721272867854433,0
4277,1.560192051760228,0
4278,1.1047927254979006,0
4279,1.31524056167959,0
4280,1.978882404844039,0
4281,0.38183540827749035,0
4282,3.338981609226834,0
4283,2.210239837380443,0
4284,1.3086161921782373,0
4285,1.7229166824223128,0
4286,1.0734312382829936,0
4287,3.581177204683564,0
4288,0.9108735063945012,0
4289,1.8876440366889577,0
4290,1.6917885354303694,0
4291,0.7721650468876537,0
4292,0.8089265208961074,0
4293,1.9433388400920928,0
4294,0.7726966710346429,0
4295,5.404131234633538,0
4296,4.840336797131174,0
4297,1.1988720857156168,0
4298,2.2287399052077577,0
4299,4.617203987250871,0
4300,2.2390636822617833,0
4301,4.3011823855625035,0
4302,3.8877019307721303,0
4303,5.3418168189703055,0
4304,1.8062717136860809,0
4305,1.0739880228625185,0
4306,0.4329493067666292,0
4307,3.429549271870302,0
4308,3.5793978346835633,0
4309,0.6569427639014962,0
4310,2.0476409108990796,0
4311,1.8022459661049859,0
4312,2.9840689403099447,0
4313,4.852614297365676,0
4314,2.233437537643114,0
4315,0.6637745145507454,0
4316,0.7112101846589778,0
4317,2.168668384272716,0
4318,6.681850083091225,0
4319,4.122960317118019,0
4320,2.1237882651707296,0
4321,0.765961934822192,0
4322,3.1503833161885466,0
4323,17.246665424236976,1
4324,3.662344746604742,0
4325,1.761784810779058,0
4326,2.537207966377106,0
4327,0.8104836354239436,0
4328,1.8835785569093906,0
4329,2.3813956604243587,0
4330,4.501275659871747,0
4331,2.788447264893661,0
4332,4.237208253338639,0
4333,6.722578746301729,0
4334,1.4982658855600028,0
4335,1.8734513098325931,0
4336,20.273564185038467,1
4337,2.7569416105875075,0
4338,5.341876119738678,0
4339,2.2451583399308483,0
4340,8.529429124904588,1
4341,0.8472316342374224,0
4342,1.247577176489835,0
4343,5.134579172133001,0
4344,1.563601678941869,0
4345,2.6299253193126177,0
4346,3.077494722277962,0
4347,6.077644260995792,0
4348,1.0142012568891126,0
4349,2.495370409938017,0
4350,0.6630958121002918,0
4351,2.0163359910708185,0
4352,3.787018911589905,0
4353,1.88272596130262,0
4354,2.1693935656378684,0
4355,2.8106718527063297,0
4356,3.1252338191398636,0
4357,2.559834463796482,0
4358,0.9492725489276421,0
4359,0.7682774216355741,0
4360,4.065412950262102,0
4361,2.4205922045228356,0
4362,2.4426740497259707,0
4363,2.040414631142772,0
4364,3.838786970897429,0
4365,3.695235307856054,0
4366,4.255426745970779,0
4367,0.722281793684837,0
4368,1.9625055031446954,0
4369,1.4481542117074655,0
4370,3.353818143218571,0
4371,1.717074587830185,0
4372,7.734086896617884,0
4373,1.5880027076908554,0
4374,7.172230704234804,0
4375,2.853461681713882,0
4376,1.0099930718558034,0
4377,3.9166006014941894,0
4378,2.352291208612927,0
4379,2.2062385236812414,0
4380,5.285797688480503,0
4381,1.2550973737106341,0
4382,4.916283461629344,0
4383,5.562516997440546,0
4384,5.417451693106923,0
4385,3.3102339614484153,0
4386,4.8344239012688535,0
4387,8.742555443631414,1
4388,5.782764688671237,0
4389,2.5961232685979714,0
4390,2.337551891588859,0
4391,2.624916664304642,0
4392,0.43795203779430764,0
4393,0.8489058231143499,0
4394,9.596802350719647,1
4395,1.7499075798709725,0
4396,2.050541055251677,0
4397,1.5625646899117385,0
4398,6.6201310405283715,0
4399,2.416867509389019,0
4400,2.4753768736899087,0
4401,3.6074927969631867,0
4402,4.285408719754466,0
4403,0.63417460854562,0
4404,6.52315146513464,0
4405,3.291794893254614,0
4406,0.46203190135765465,0
4407,0.520723891406266,0
4408,6.9711289036182125,0
4409,3.721036473497231,0
4410,2.1863038226933664,0
4411,4.2955797235642645,0
4412,2.131753060438458,0
4413,2.5060972454363224,0
4414,9.014864746477343,1
4415,2.7474704142668327,0
4416,11.483522418485572,1
4417,5.210329345952845,0
4418,1.8596580513748004,0
4419,2.238011143941007,0
4420,1.448804939539925,0
4421,3.1711969336019106,0
4422,1.4623763338047375,0
4423,1.1733948559475909,0
4424,8.64198849099745,1
4425,2.1310928197132575,0
4426,0.8853096604297496,0
4427,2.6466929305161297,0
4428,12.40965826695214,1
4429,3.0109796871857304,0
4430,2.225391306936267,0
4431,2.4673134022700633,0
4432,4.548022720493316,0
4433,12.217948898853184,1
4434,0.5522445327486007,0
4435,0.2823260171860527,0
4436,0.6767707786335347,0
4437,0.8754229783283336,0
4438,8.628026477610023,1
4439,5.5335560358782665,0
4440,1.8960473386930163,0
4441,0.987410488907498,0
4442,1.0717940038732054,0
4443,6.190980197091034,0
4444,8.376710607604307,1
4445,0.6891295547504691,0
4446,4.830769350177952,0
4447,3.423143723431294,0
4448,1.5701065072000189,0
4449,1.8314376410639748,0
4450,0.9569155997804534,0
4451,0.8885493941736543,0
4452,0.8306032845107505,0
4453,1.9764621411275018,0
4454,3.0233042169065603,0
4455,1.8170232429136912,0
4456,1.1214502075593382,0
4457,3.2674653839475574,0
4458,1.1581283754518372,0
4459,2.235137304019763,0
4460,3.3507426279021115,0
4461,3.0113519269821936,0
4462,1.7163017565289351,0
4463,2.3737779115023954,0
4464,0.7935828230673037,0
4465,4.6406245119241625,0
4466,2.186889553967265,0
4467,1.8178175766616953,0
4468,4.718983803931041,0
4469,6.280403736149872,0
4470,4.219996767596403,0
4471,1.8966432819219927,0
4472,3.526717190898673,0
4473,2.4112042084557115,0
4474,2.5764463896165615,0
4475,2.580995953183467,0
4476,2.4397210048248237,0
4477,1.1700298218240275,0
4478,3.4123475914542474,0
4479,1.3987835447208397,0
4480,4.343725168253101,0
4481,12.516946747206058,1
4482,4.715128131129467,0
4483,1.1585930685061148,0
4484,5.5583926126841705,0
4485,0.8228915295106507,0
4486,3.404248204066852,0
4487,1.8219500181343002,0
4488,3.6714241556271485,0
4489,1.7426681350916453,0
4490,1.3300780560534942,0
4491,1.139181204182102,0
4492,1.6205021175690104,0
4493,2.3904364476271143,0
4494,4.256945254394827,0
4495,2.2368438900961984,0
4496,1.7792568727525633,0
4497,2.437435196835208,0
4498,2.4731271311851644,0
4499,0.6329389558432769,0
4500,0.9967997845550015,0
4501,3.7912034601396654,0
4502,2.313267929686771,0
4503,2.5791811078767615,0
4504,0.5091802094071326,0
4505,3.068702551976975,0
4506,3.4367602825581387,0
4507,5.011645484893525,0
4508,1.7326899460520122,0
4509,3.2439669395914406,0
4510,0.620840579141452,0
4511,1.1909353892307173,0
4512,4.922774006816158,0
4513,7.966343513113791,0
4514,1.3457448761162367,0
4515,2.66861536719243,0
4516,2.6782705674270533,0
4517,1.248566835081655,0
4518,3.96565326309049,0
4519,2.5012379027523433,0
4520,1.1700541535413922,0
4521,0.7850795448863949,0
4522,4.218454165544706,0
4523,1.9802768005331306,0
4524,5.8893721325815855,0
4525,2.3667655129186747,0
4526,3.3583806767810005,0
4527,2.382241505650489,0
4528,7.241020724509708,0
4529,0.8842626195101668,0
4530,3.2944370011972572,0
4531,1.7534547091236812,0
4532,0.6995029047983224,0
4533,5.782329172131388,0
4534,2.5135963811491657,0
4535,0.9290674704338195,0
4536,4.67030595838601,0
4537,6.178512929723636,0
4538,0.32899008009272884,0
4539,2.8317813466814785,0
4540,1.5148757266033421,0
4541,1.9737357720714594,0
4542,2.3071284152188962,0
4543,1.8376430264408372,0
4544,2.4911699219808763,0
4545,3.279938770545263,0
4546,6.715801571805211,0
4547,2.903034631332239,0
4548,1.697933084107307,0
4549,9.120067926537931,1
4550,3.0565161809588064,0
4551,1.9228169525133583,0
4552,9.59526810535908,1
4553,22.80899485204679,1
4554,3.675159813737055,0
4555,2.4648742011835028,0
4556,0.9614004837767826,0
4557,2.95697519920629,0
4558,1.7851709235292035,0
4559,5.119892189893012,0
4560,1.5966876962955028,0
4561,1.5454994737845873,0
4562,3.122678441038219,0
4563,4.195884945526287,0
4564,3.1944996491596123,0
4565,3.1700056396258987,0
4566,2.471468141368423,0
4567,1.8982679287862405,0
4568,0.6464660883004059,0
4569,1.3637751872204187,0
4570,1.9148116694151698,0
4571,2.206045295257161,0
4572,2.809134833427438,0
4573,2.5047066527474557,0
4574,2.41337082752036,0
4575,1.8690472883039095,0
4576,1.3766174688543074,0
4577,0.6169201004871423,0
4578,4.395377440975818,0
4579,5.622217375683182,0
4580,1.1771712231835025,0
4581,1.465133379197345,0
4582,4.584888701643942,0
4583,2.2999138927612237,0
4584,3.54598663461003,0
4585,0.28033748244399526,0
4586,1.0557529162254722,0
4587,2.1716754579577895,0
4588,1.5514708774270405,0
4589,1.7682490395067467,0
4590,1.74264454468646,0
4591,1.0078157406269252,0
4592,2.1373823540054264,0
4593,3.3780580477377,0
4594,2.572632097026411,0
4595,1.754681042698212,0
4596,0.7150938155839923,0
4597,1.7732816331967478,0
4598,3.452275926324589,0
4599,2.1851121113963488,0
4600,3.9241124052028007,0
4601,1.2574929675922375,0
4602,2.4922192934097582,0
4603,13.737815111461295,1
4604,1.0331019625879394,0
4605,2.3256839921637673,0
4606,2.4422239619917145,0
4607,9.408287796169367,1
4608,2.177810810286106,0
4609,2.1215017490877255,0
4610,1.5627672872878373,0
4611,6.631267827851922,0
4612,0.3456525969728562,0
4613,1.0547343605555788,0
4614,3.6434644516953596,0
4615,1.985083780544093,0
4616,1.7907500773076797,0
4617,1.0913506340216022,0
4618,1.1932349305963748,0
4619,1.586438164021574,0
4620,0.8843330052775725,0
4621,3.132795003288095,0
4622,1.9372718504009108,0
4623,2.389884671687955,0
4624,2.63599077421618,0
4625,12.519761033826665,1
4626,1.5518364967513774,0
4627,0.43145446915309005,0
4628,1.144004554287791,0
4629,4.187640875254652,0
4630,2.6493825688561756,0
4631,0.6053362784638394,0
4632,1.478326153839852,0
4633,4.6191855312859,0
4634,6.349641644024959,0
4635,4.139424901480536,0
4636,2.193513328283318,0
4637,0.5214514234044834,0
4638,2.348635806613989,0
4639,4.5720584010127086,0
4640,4.535647310372742,0
4641,1.3553716027033045,0
4642,1.4679676671270354,0
4643,5.279633077058995,0
4644,4.212339738508361,0
4645,4.94249563049614,0
4646,9.21075079448504,1
4647,2.4333195306177204,0
4648,0.8886264507773894,0
4649,1.810295117808835,0
4650,0.9748552585094465,0
4651,5.565657507141732,0
4652,2.621384434343916,0
4653,3.374496958154027,0
4654,0.9303427912348713,0
4655,3.3111702170916315,0
4656,1.4277607666468468,0
4657,0.9467097633749553,0
4658,3.0759752173001482,0
4659,1.397300064884156,0
4660,3.656179126676354,0
4661,1.6705617631663425,0
4662,0.5874777304453279,0
4663,5.474448201722696,0
4664,0.9830265778019326,0
4665,10.47822304182222,1
4666,1.1367468585284397,0
4667,2.4020389701427103,0
4668,1.6504470828706042,0
4669,2.8606829391756627,0
4670,5.5571000841964455,0
4671,1.409899647437927,0
4672,1.7820418711411576,0
4673,2.2350839250596346,0
4674,14.020342760729623,1
4675,1.0022297045206163,0
4676,3.9311174238699493,0
4677,1.1497668482854488,0
4678,4.591987125669741,0
4679,4.708130814081481,0
4680,2.43442453194191,0
4681,3.3167124538251174,0
4682,11.338494063549918,1
4683,5.606839334955519,0
4684,0.4619373483932634,0
4685,2.9231897150138315,0
4686,1.0564932689648276,0
4687,0.8998222612412601,0
4688,1.2462833422609758,0
4689,5.956935756143062,0
4690,3.9254334084390465,0
4691,0.5411229688859168,0
4692,2.5849641116040285,0
4693,1.2491582936672434,0
4694,1.1051791550439851,0
4695,4.947376335618385,0
4696,3.652129071154576,0
4697,3.7294547626159615,0
4698,0.7519399255612641,0
4699,1.371843635908324,0
4700,5.307263063554926,0
4701,1.2427114908065888,0
4702,2.9571430670843464,0
4703,9.367873148562877,1
4704,2.482118098279478,0
4705,3.766785471970076,0
4706,0.7263092085623021,0
4707,1.7264320112975635,0
4708,0.6181846902416981,0
4709,3.7228743905621604,0
4710,10.378441132830956,1
4711,1.648055687660811,0
4712,3.9500710793801472,0
4713,2.3731543191737243,0
4714,1.8481794201212256,0
4715,4.853443659101704,0
4716,1.030081710487865,0
4717,0.7712636468782335,0
4718,3.862822047692446,0
4719,2.1519937550399244,0
4720,1.8671126036539647,0
4721,1.8794525825515325,0
4722,3.032562656153616,0
4723,2.3058362228652243,0
4724,3.234184546520106,0
4725,2.7277708633955067,0
4726,2.9346109134171283,0
4727,1.5301251674407794,0
4728,2.122576259970823,0
4729,2.111417500995113,0
4730,1.906362084685466,0
4731,3.954700183554083,0
4732,2.500265018474286,0
4733,4.462739439082412,0
4734,7.336261741393977,0
4735,9.126429694151243,1
4736,2.0589886485728592,0
4737,2.3990916532097235,0
4738,3.840890240523267,0
4739,1.0566295863623476,0
4740,3.049806608027205,0
4741,6.038889381904857,0
4742,0.3278697179487138,0
4743,3.591936687887274,0
4744,6.085979832586511,0
4745,4.670678209753951,0
4746,2.8218803589333654,0
4747,2.6978888623447537,0
4748,4.383744303807543,0
4749,1.763041878169228,0
4750,0.6771895549225909,0
4751,1.0504226863981088,0
4752,3.8033112451751836,0
4753,7.42295703856843,0
4754,4.300746904463591,0
4755,5.68766192622704,0
4756,1.1762003855792844,0
4757,1.830152559098092,0
4758,8.255585918372322,0
4759,3.095307413018382,0
4760,2.7352197463131085,0
4761,8.181814507012751,0
4762,1.538628634363571,0
4763,3.449098692488173,0
4764,1.9307425565930825,0
4765,14.793805924507742,1
4766,2.2963859222347716,0
4767,5.008738951736303,0
4768,4.990285259696374,0
4769,4.450626849179107,0
4770,1.6432908016203136,0
4771,6.761859909788307,0
4772,1.243864514509059,0
4773,0.8404365535824546,0
4774,1.0602297371708596,0
4775,2.846594029241906,0
4776,1.1234765433933136,0
4777,0.7105765959175149,0
4778,4.100294432568033,0
4779,1.0144936955634767,0
4780,4.287092194814017,0
4781,4.403397486358771,0
4782,0.5802351522849972,0
4783,3.7713528849992537,0
4784,0.6084552956835131,0
4785,7.898882121211292,0
4786,4.193218454881969,0
4787,4.3317836382017445,0
4788,3.4541262164409092,0
4789,2.7161408837036762,0
4790,5.395693870125678,0
4791,4.553836276607781,0
4792,1.5476147846263388,0
4793,2.550257763295553,0
4794,4.408854256418662,0
4795,1.1219703900397378,0
4796,0.6588273941380689,0
4797,1.601987196136895,0
4798,5.4751415534280685,0
4799,2.1231319184748902,0
4800,1.9089385033780601,0
4801,19.625027031174223,1
4802,0.7410384864718643,0
4803,1.7176532119665093,0
4804,0.5753881806617331,0
4805,10.656590303947912,1
4806,1.1228106805350722,0
4807,4.419004296140031,0
4808,5.39075042391831,0
4809,12.99117439062921,1
4810,3.872901824294701,0
4811,0.626792329380084,0
4812,4.609350956179058,0
4813,1.6953772220329584,0
4814,1.7789422066412113,0
4815,2.0240452027572737,0
4816,0.7780628103564455,0
4817,0.9471322109816666,0
4818,2.688916088202584,0
4819,1.3077993880258625,0
4820,1.3149622769005305,0
4821,4.808951975814226,0
4822,7.447236895078819,0
4823,3.209574406961391,0
4824,3.485005915686208,0
4825,1.7608665701671666,0
4826,3.387799114265361,0
4827,0.9894689549789231,0
4828,5.007876509802126,0
4829,2.2353141942831423,0
4830,1.4450632684294207,0
4831,3.227793177635296,0
4832,3.5730838122834214,0
4833,1.2275174817000385,0
4834,6.697760165695991,0
4835,1.2291406531664424,0
4836,5.230672754645398,0
4837,0.920258193815746,0
4838,1.2555552724312662,0
4839,1.3352950060338533,0
4840,2.6344025695753492,0
4841,7.362511523947717,0
4842,3.396336286195841,0
4843,0.8522414666673315,0
4844,1.3067127420710736,0
4845,0.7417532711240686,0
4846,0.3008204907182922,0
4847,3.4890311992509226,0
4848,1.092308203711081,0
4849,0.561342834997531,0
4850,0.8926576628968127,0
4851,3.979164137379898,0
4852,2.3508567557184663,0
4853,2.8318891551644017,0
4854,2.0441115798246354,0
4855,1.6742625574549785,0
4856,1.2219364546764178,0
4857,2.749154818923141,0
4858,3.67606511263789,0
4859,3.1989097861759364,0
4860,2.733782414344881,0
4861,0.601302251703408,0
4862,3.5517018103259663,0
4863,1.001440087799223,0
4864,0.21439048591122536,0
4865,13.889155720968128,1
4866,2.3229392336153674,0
4867,10.820094793947867,1
4868,2.5719318406444542,0
4869,8.009238121451904,0
4870,0.9127561755400315,0
4871,0.9250695718749472,0
4872,1.2300101772737382,0
4873,6.89937014508046,0
4874,7.421544993686214,0
4875,2.354112928418981,0
4876,9.037171086697198,1
4877,1.5259603161986741,0
4878,1.2970700399322022,0
4879,1.5868770294081405,0
4880,2.3427933286373017,0
4881,0.7968943281143497,0
4882,1.9264577429532417,0
4883,5.1575756255330365,0
4884,2.305894282442743,0
4885,2.0306690888407224,0
4886,3.7933698600894585,0
4887,2.5768954645557245,0
4888,0.8246999513269452,0
4889,1.1461436721976597,0
4890,3.4577901991306885,0
4891,18.110204107131363,1
4892,1.1059997202098797,0
4893,3.5443033551117384,0
4894,2.1247559001334686,0
4895,2.91326616823101,0
4896,3.9063717983902086,0
4897,0.7769300465339557,0
4898,1.4598816587157653,0
4899,1.1898230822013218,0
4900,1.8870793286627867,0
4901,2.0648852008887606,0
4902,3.590816995705265,0
4903,3.2797215747228354,0
4904,1.428648959723606,0
4905,2.812920778999423,0
4906,0.5164911514421244,0
4907,0.6964844226014563,0
4908,3.9411003225093064,0
4909,2.756841339075638,0
4910,2.4619536523592407,0
4911,6.698819009411077,0
4912,1.1923137744301082,0
4913,11.641945812789816,1
4914,2.4154725478464294,0
4915,1.9894087043645046,0
4916,0.5732513873857165,0
4917,2.9906315079610155,0
4918,6.39427926704965,0
4919,27.693430995932875,1
4920,1.2198497782069313,0
4921,2.4044918944881055,0
4922,0.41892954840258695,0
4923,0.4737438796038393,0
4924,5.851283392058186,0
4925,2.3592267604548387,0
4926,3.618598640670996,0
4927,1.8243341205751056,0
4928,5.011007058837333,0
4929,3.207820408322664,0
4930,1.3306862579770402,0
4931,1.314730864503302,0
4932,0.8451701658125843,0
4933,2.862370029541759,0
4934,2.4952524941663246,0
4935,2.421267270708561,0
4936,1.4746729920721784,0
4937,2.749701704127169,0
4938,2.0031839811091134,0
4939,2.566483778774666,0
4940,1.0251231995844494,0
4941,0.612765065134623,0
4942,0.947332123694478,0
4943,0.519923045184585,0
4944,7.973349444002306,0
4945,1.7350260174814867,0
4946,1.8758884698348632,0
4947,4.768434929048583,0
4948,1.2468267960994726,0
4949,1.7904492478971543,0
4950,3.606171980784394,0
4951,1.9555359093607758,0
4952,1.9787476936782042,0
4953,2.951776679826132,0
4954,2.2459646162388984,0
4955,4.802671263776598,0
4956,7.386636068696389,0
4957,2.3784737821909876,0
4958,4.153974242178426,0
4959,1.7984368690870665,0
4960,3.352301508234551,0
4961,0.6793610616739282,0
4962,0.3895647611629976,0
4963,5.053035285218277,0
4964,3.410952319112074,0
4965,2.191199088034071,0
4966,0.9944651253653729,0
4967,0.552596043693172,0
4968,1.3579214369303025,0
4969,1.0018407368342634,0
4970,1.7601437219114051,0
4971,3.036762363171254,0
4972,0.9733887222125291,0
4973,7.099891034473321,0
4974,1.9481671561478866,0
4975,1.5499836126404507,0
4976,0.275349520542365,0
4977,2.1605678694707047,0
4978,2.63618925869582,0
4979,3.6218022390907714,0
4980,1.0455502489332473,0
4981,5.483481800061139,0
4982,3.0327011096306555,0
4983,4.341333842310083,0
4984,2.1271130077423885,0
4985,2.8805052475506896,0
4986,3.2273112336824643,0
4987,0.6769692478762881,0
4988,2.9740896843259694,0
4989,1.905755980778249,0
4990,3.283630022969382,0
4991,3.1214079623745965,0
4992,2.7324562189999875,0
4993,7.4525804836203315,0
4994,6.3898659978376555,0
4995,0.6667963557367174,0
4996,3.9287707499897815,0
4997,2.7858633935952115,0
4998,4.599083555286013,0
4999,0.6999200110048149,0
5000,2.6297623451456555,0
5001,9.673321618440804,1
5002,2.736971084645019,0
5003,1.2622041924403051,0
5004,5.949101713512629,0
5005,8.51322525341022,1
5006,0.4589970067685795,0
5007,2.9799675137188637,0
5008,3.5525684559758637,0
5009,0.6592160634279102,0
5010,1.4892456261981815,0
5011,6.062123685300782,0
5012,3.4493104060235424,0
5013,1.4970374555544714,0
5014,4.0726825091412,0
5015,3.0028722016527682,0
5016,3.0932755377714587,0
5017,5.034091462873927,0
5018,1.4034257009370725,0
5019,2.7539786720901698,0
5020,2.1626199574499245,0
5021,3.292983119770241,0
5022,2.875652017358202,0
5023,0.8820485697180255,0
5024,2.914386903268971,0
5025,1.6135856788692955,0
5026,0.996779347333937,0
5027,1.2976113298931247,0
5028,0.7582132341804619,0
5029,5.939725229593291,0
5030,3.003936191042123,0
5031,2.6332524238441923,0
5032,0.4266264556467147,0
5033,2.3444144973507113,0
5034,0.9804148278695158,0
5035,20.17264212184477,1
5036,4.09202801284444,0
5037,2.6336497022241203,0
5038,2.993554625005921,0
5039,2.7885583601380657,0
5040,1.2454455552135282,0
5041,4.677867658054852,0
5042,1.1384475307846005,0
5043,4.986627015536162,0
5044,2.944345096881799,0
5045,3.839224278049278,0
5046,3.817403241619165,0
5047,2.337409201517588,0
5048,4.287861826041401,0
5049,4.802382121791411,0
5050,1.09255974293453,0
5051,2.376866176158253,0
5052,3.6959070520401194,0
5053,1.9416342866049938,0
5054,1.9662611114641588,0
5055,0.5656661292469899,0
5056,2.0986276636015373,0
5057,0.7964987070363886,0
5058,1.705753672786833,0
5059,1.0053418889642611,0
5060,3.264860017614735,0
5061,3.735138712868326,0
5062,0.6173500615160391,0
5063,1.9307143890542435,0
5064,2.9072882698533173,0
5065,1.0042729875180094,0
5066,4.529545875957611,0
5067,1.9344289926447793,0
5068,3.1302031047334937,0
5069,1.162772391728629,0
5070,4.859340923093966,0
5071,1.5222216749938515,0
5072,3.6877709611607106,0
5073,3.277328364569667,0
5074,3.301517283520958,0
5075,2.8050261711627824,0
5076,1.9013537091572885,0
5077,10.91731047253501,1
5078,3.2202620062452527,0
5079,5.099520985661873,0
5080,2.65811227122308,0
5081,0.6356900191874786,0
5082,2.326857753904996,0
5083,2.560844971425922,0
5084,4.493867347008311,0
5085,0.6380568707253047,0
5086,1.9765332894625174,0
5087,0.9097932091951993,0
5088,1.035840667148777,0
5089,1.0807558008885148,0
5090,1.0871226942958463,0
5091,3.040299616838802,0
5092,8.983813245446113,1
5093,0.44753737198506166,0
5094,3.6035347974492793,0
5095,5.311607333649851,0
5096,1.7421685163541742,0
5097,4.609778295612715,0
5098,1.5348450847286348,0
5099,3.0021823581260594,0
5100,2.37125164702469,0
5101,1.2867046567747782,0
5102,0.4644493691071009,0
5103,5.395857309833456,0
5104,3.2885664638710694,0
5105,2.149126896508615,0
5106,4.189050867134739,0
5107,3.6464656170850094,0
5108,1.0595418774986634,0
5109,2.2846998618754863,0
5110,2.7003137692167067,0
5111,0.3730205028498761,0
5112,4.3331382618623975,0
5113,2.2627231017031817,0
5114,1.4771712738934004,0
5115,6.146876572578305,0
5116,1.6049181161828487,0
5117,2.758302471941948,0
5118,1.551176171578024,0
5119,4.062916341271639,0
5120,2.1440669306524076,0
5121,2.403505604569828,0
5122,0.9919257429590982,0
5123,1.7480527731747206,0
5124,4.843451440403204,0
5125,2.1156541776961744,0
5126,8.363746613028027,1
5127,1.7409773459095617,0
5128,1.4620922594643508,0
5129,3.8949280348595194,0
5130,4.92804376233426,0
5131,1.9480161947491597,0
5132,2.0987137767427706,0
5133,1.7268301157521344,0
5134,2.411736766610175,0
5135,2.6510166853884765,0
5136,2.7019886414615537,0
5137,2.384403535900813,0
5138,1.6884406775074865,0
5139,3.7508624772073547,0
5140,10.865091056466838,1
5141,0.8483975377131474,0
5142,1.3867100707191458,0
5143,2.4265366897523295,0
5144,1.7113085952370453,0
5145,2.671495327437957,0
5146,2.814653497320151,0
5147,1.2270324693038634,0
5148,3.7725227468434315,0
5149,2.226380478421023,0
5150,1.8479402972966261,0
5151,5.3252654005155895,0
5152,3.4061025603931827,0
5153,1.2665462726808332,0
5154,2.5708189102415195,0
5155,2.8560426682174835,0
5156,1.9808037343900178,0
5157,1.0529348561094385,0
5158,3.419039728757801,0
5159,3.7350402420581506,0
5160,5.266940841081808,0
5161,1.5656240366109673,0
5162,1.0963005095998999,0
5163,2.7376440570840708,0
5164,0.7601719762999444,0
5165,2.7989302730852277,0
5166,1.3914019670555335,0
5167,3.8783181386645196,0
5168,9.564122674259904,1
5169,13.648242662959097,1
5170,0.5830878355518314,0
5171,2.1437265749707946,0
5172,3.1167242402485007,0
5173,0.48366275049995716,0
5174,3.973289753649108,0
5175,3.8085511311517775,0
5176,4.9681754893950405,0
5177,3.009358157916836,0
5178,3.471472899478033,0
5179,4.336373780432274,0
5180,5.7195103329673165,0
5181,3.118222442102181,0
5182,3.6450298782508983,0
5183,4.898524703255281,0
5184,2.8259857359730205,0
5185,3.7921067318669888,0
5186,2.8741510564066437,0
5187,3.5855796727117655,0
5188,2.8831866529373538,0
5189,0.6799968917498335,0
5190,4.23094129636138,0
5191,1.6011018860722401,0
5192,1.252517551188098,0
5193,4.468855647122997,0
5194,5.06662989017048,0
5195,0.8415000405648777,0
5196,2.141773988285489,0
5197,0.7400835374990485,0
5198,1.9053948411615949,0
5199,3.217480823244666,0
5200,1.2928733029416386,0
5201,8.666892621935812,1
5202,3.783266549759747,0
5203,7.755561709393728,0
5204,2.3547074449801917,0
5205,1.447361216043833,0
5206,2.0897918169545213,0
5207,2.099898315301692,0
5208,2.032943252206134,0
5209,0.6108950483496159,0
5210,0.515341035251551,0
5211,4.269368936283612,0
5212,1.8231378602773785,0
5213,2.061923119204439,0
5214,4.581325473716441,0
5215,3.027324408893843,0
5216,0.9221630874982691,0
5217,4.355726920486037,0
5218,1.4304648444016048,0
5219,2.4587778895168007,0
5220,5.147110948820602,0
5221,1.3783744838339014,0
5222,7.719761990322367,0
5223,5.552971633288141,0
5224,1.9855844303982295,0
5225,2.286257888543142,0
5226,2.287532879729106,0
5227,3.11675650115627,0
5228,5.951940462460287,0
5229,2.0245989218943405,0
5230,0.2779802901005309,0
5231,0.45160645568581,0
5232,3.1690649788962513,0
5233,3.2284193105281487,0
5234,1.4957815778793966,0
5235,4.901879434593952,0
5236,5.986126228833073,0
5237,3.6836761270869767,0
5238,4.224137085064707,0
5239,2.6306272095310086,0
5240,1.2330748201297115,0
5241,2.3033148378524904,0
5242,2.785248413905655,0
5243,0.7255382047232574,0
5244,1.5001937346005108,0
5245,0.44976194102775274,0
5246,0.821964799349844,0
5247,1.7095731756598844,0
5248,1.788060723674316,0
5249,1.6892613986697549,0
5250,1.1092043354596621,0
5251,2.660272228749695,0
5252,1.4810667535053597,0
5253,1.6818644759667856,0
5254,4.764299771303938,0
5255,1.4802243041925496,0
5256,5.457270901801974,0
5257,1.4500902198986967,0
5258,0.5989558883006761,0
5259,1.7206328624051843,0
5260,2.414013949050905,0
5261,2.631086881602606,0
5262,2.23897964284078,0
5263,3.042933173058075,0
5264,0.6586337369953384,0
5265,4.752708014984303,0
5266,1.8199440460211724,0
5267,0.5580104667905134,0
5268,1.1957302117738693,0
5269,2.200739544705052,0
5270,3.459379924214524,0
5271,0.9280656812582717,0
5272,2.745769569119454,0
5273,3.2272744842315126,0
5274,1.8488254849270795,0
5275,1.1350185353194149,0
5276,2.6844208864629118,0
5277,5.6739489620402175,0
5278,4.7394084108112535,0
5279,1.2354508803184914,0
5280,4.14834403978608,0
5281,0.7776448543739463,0
5282,1.2942592825097468,0
5283,0.5202081688835181,0
5284,4.879489370277656,0
5285,2.8504758229379257,0
5286,13.133888712350377,1
5287,4.3670059441954026,0
5288,2.4273066992683923,0
5289,1.4097770790688982,0
5290,3.2753745559080896,0
5291,1.0838104789964942,0
5292,1.0720556096999987,0
5293,1.208656800590352,0
5294,1.393372745313801,0
5295,3.319378978766479,0
5296,115.02608220221484,1
5297,0.6353598070410811,0
5298,5.207767031131531,0
5299,2.5739493976244647,0
5300,6.0698959414892455,0
5301,1.972809408004441,0
5302,3.692996874728919,0
5303,5.296756407234524,0
5304,2.488461290297257,0
5305,4.28025859373366,0
5306,6.192207082229933,0
5307,6.949404231472131,0
5308,1.4867709982795934,0
5309,2.439584846774029,0
5310,3.7969000450015975,0
5311,2.8377312702210045,0
5312,1.7753032735140057,0
5313,1.1019124460625382,0
5314,6.868817128936761,0
5315,1.4898856538510963,0
5316,2.298629780398597,0
5317,0.9068947399158096,0
5318,2.4766982296522757,0
5319,2.2980789518535993,0
5320,2.4148672407967973,0
5321,3.2718593135454284,0
5322,1.6205907730189482,0
5323,0.34942835538372513,0
5324,1.380627712413451,0
5325,0.8210765417195188,0
5326,1.476952146689397,0
5327,1.9506258838874784,0
5328,0.549003243727289,0
5329,3.732292068921109,0
5330,1.4246255014228444,0
5331,3.3934843723006956,0
5332,0.6986468973562608,0
5333,8.042690608932082,0
5334,1.235658595612424,0
5335,2.85869032610298,0
5336,1.5418361149399922,0
5337,0.7991611755530678,0
5338,3.504837994768164,0
5339,2.4770900385891164,0
5340,2.175540448708473,0
5341,5.2476597920534,0
5342,3.330259501955518,0
5343,2.0734145525063683,0
5344,4.316466626974146,0
5345,3.819721403562548,0
5346,2.2447369617253186,0
5347,6.294725473647736,0
5348,8.42536582519512,1
5349,3.864633293284691,0
5350,1.6465965341829722,0
5351,4.480018363701748,0
5352,3.699036013291208,0
5353,2.7089773919651425,0
5354,2.7890948991055597,0
5355,0.9842639163590072,0
5356,1.5939027298959028,0
5357,1.908146927751324,0
5358,3.276007047527989,0
5359,1.1015730070000715,0
5360,0.4498484396115059,0
5361,1.6118727759777947,0
5362,1.6176358194476106,0
5363,3.9332961507294018,0
5364,5.136235276153703,0
5365,2.3627150086479163,0
5366,1.1718341337579674,0
5367,2.806810111907391,0
5368,2.0221215368612095,0
5369,2.68461394751063,0
5370,3.708590223051894,0
5371,3.04491515721127,0
5372,3.1086823370472865,0
5373,1.7573097457248399,0
5374,0.8974452636337478,0
5375,2.341496275198485,0
5376,2.5945596446397414,0
5377,2.720494167503908,0
5378,2.0321824715470616,0
5379,4.74433059066963,0
5380,0.7068598636633593,0
5381,0.8992978216733156,0
5382,0.840392494926271,0
5383,2.255373183431644,0
5384,0.22944612690243676,0
5385,3.04651338739627,0
5386,5.447148568805021,0
5387,4.077701465910114,0
5388,1.7585252883117197,0
5389,1.4670067975857537,0
5390,3.634074459256962,0
5391,1.3379827312614319,0
5392,2.5679571920131687,0
5393,1.6199013870975774,0
5394,4.124692977852534,0
5395,3.3138821088808017,0
5396,1.964418404511874,0
5397,5.7775222393369905,0
5398,2.5290846879979236,0
5399,2.405250700946865,0
5400,21.392416273008646,1
5401,4.935526826242414,0
5402,1.4338941109823906,0
5403,7.467842458985064,0
5404,2.9260114621844378,0
5405,2.626599918505294,0
5406,0.6800333041475495,0
5407,9.060138616911868,1
5408,2.2879134502175846,0
5409,3.8689949926859613,0
5410,0.7035083648143362,0
5411,0.4877457258602785,0
5412,2.9671172303894617,0
5413,2.414630686388246,0
5414,2.6355941072954456,0
5415,4.541925873123301,0
5416,0.8731688792622889,0
5417,3.0765531441306155,0
5418,2.709303146327447,0
5419,2.959675973351068,0
5420,6.019965827608212,0
5421,2.8332387144823583,0
5422,0.9817906361191554,0
5423,0.9283430351079353,0
5424,0.9330944195879366,0
5425,3.613648887827176,0
5426,3.4071719220129983,0
5427,2.163805365427645,0
5428,3.3722394024140425,0
5429,2.1613962406245966,0
5430,1.332318814053609,0
5431,2.3479207596421126,0
5432,4.412365095270311,0
5433,2.045549127001515,0
5434,5.059653823972137,0
5435,2.311858139224313,0
5436,2.6702316129482373,0
5437,2.4921128890093316,0
5438,1.801471791811097,0
5439,2.0943459855532205,0
5440,1.926547996548905,0
5441,2.4211514591820444,0
5442,5.4342556717756025,0
5443,3.5329216923739937,0
5444,7.234365206361094,0
5445,0.5239681142710669,0
5446,2.1686972250058174,0
5447,9.021453283815788,1
5448,1.8091313980295887,0
5449,15.194865194244944,1
5450,1.785687518868051,0
5451,1.5285000117889813,0
5452,0.8868934468271651,0
5453,4.402637904276085,0
5454,3.06200459851144,0
5455,3.590427922952993,0
5456,2.2889284018568743,0
5457,7.668830636175225,0
5458,3.8767095911169913,0
5459,21.850277397572537,1
5460,3.5295954425834255,0
5461,2.550896440353484,0
5462,1.918534572199915,0
5463,2.9465637971367817,0
5464,2.174375327416728,0
5465,2.1088803080666434,0
5466,3.219560399098084,0
5467,0.5524842194651653,0
5468,0.3802569025337802,0
5469,2.3644830353443433,0
5470,3.859542884985349,0
5471,2.4670434287707024,0
5472,5.251103264368947,0
5473,3.4117487563640796,0
5474,6.074918871442768,0
5475,1.0446258603706826,0
5476,2.329533668042651,0
5477,1.1499377389933654,0
5478,3.6755814820919572,0
5479,3.1312570480588686,0
5480,1.0408437828071964,0
5481,10.096182671137276,1
5482,2.4822467821945655,0
5483,1.919296684610427,0
5484,3.842759378598092,0
5485,3.232964968501183,0
5486,1.5394865271108809,0
5487,1.6735769090514205,0
5488,1.8193466763569142,0
5489,2.0658133018313927,0
5490,2.5618844200108186,0
5491,3.175128592094026,0
5492,1.926662950613657,0
5493,0.9818475015140231,0
5494,25.49466513149516,1
5495,3.2163484232706887,0
5496,12.974089384177573,1
5497,2.086569152790511,0
5498,7.251702365404385,0
5499,13.397087621426941,1
5500,2.1434442322177794,0
5501,4.570034502301814,0
5502,1.2807439820026578,0
5503,3.681925973072029,0
5504,3.1844225831314357,0
5505,0.545279322813917,0
5506,1.0899771160332012,0
5507,1.1315908614180639,0
5508,1.5902509556299098,0
5509,3.0050017929144106,0
5510,3.1677768711908425,0
5511,2.973371962738845,0
5512,6.654429792546682,0
5513,1.5416040375024744,0
5514,6.190281795214758,0
5515,2.0931370138854075,0
5516,2.7398254473603396,0
5517,5.688100564006748,0
5518,1.0910025988608796,0
5519,2.363452896172561,0
5520,0.6877393022772542,0
5521,0.45169396699559183,0
5522,1.1998206228990336,0
5523,5.625898093400438,0
5524,1.8574495558593365,0
5525,2.3276164675646083,0
5526,2.587406564227872,0
5527,1.2327516857209808,0
5528,6.082487645308173,0
5529,4.553198602822776,0
5530,1.0616204628485646,0
5531,3.361866405737948,0
5532,3.749235601794096,0
5533,7.992068895956054,0
5534,1.127002687325317,0
5535,2.2656903098658625,0
5536,2.2413588892814365,0
5537,4.887945235335924,0
5538,1.7060330416003724,0
5539,9.886702248196654,1
5540,1.5261141920141528,0
5541,2.5722310660928867,0
5542,4.09278453808389,0
5543,2.3157585803107947,0
5544,2.6142946991853004,0
5545,1.460660819589151,0
5546,1.0858924845417741,0
5547,1.3826450018725258,0
5548,8.374524837487707,1
5549,2.1390416841589746,0
5550,2.47515478021545,0
5551,1.5341159137732985,0
5552,2.319645192311209,0
5553,2.139464934067222,0
5554,2.8307005386591384,0
5555,6.191879820075063,0
5556,0.9502775884239185,0
5557,2.611651451311639,0
5558,1.233782254594705,0
5559,1.5083052733293223,0
5560,2.936280050320891,0
5561,1.4917218697231391,0
5562,1.5387337650390858,0
5563,8.425124219424758,1
5564,2.1238759343705715,0
5565,1.896940231213662,0
5566,2.3371960135354595,0
5567,1.9232278952284871,0
5568,0.7008721441717708,0
5569,1.1319626981965578,0
5570,2.9294807595199677,0
5571,1.5218916021694513,0
5572,2.7615536087108965,0
5573,2.1742647671477133,0
5574,0.6571582216312067,0
5575,10.158980662078879,1
5576,0.7062240256856022,0
5577,1.374819291557651,0
5578,1.135356180065,0
5579,2.8810392066923254,0
5580,3.3077087706956196,0
5581,3.3339827924306573,0
5582,1.782530184208037,0
5583,2.519680864749987,0
5584,1.9112000371834446,0
5585,7.3475008284757335,0
5586,1.019260968240113,0
5587,1.321855797595529,0
5588,3.1303315468012993,0
5589,1.0000982055078924,0
5590,0.9102042643805314,0
5591,2.054859971783549,0
5592,2.5717932634930687,0
5593,0.5351851323151879,0
5594,1.9254348455281483,0
5595,0.5270454531993445,0
5596,7.684542153028135,0
5597,4.1962049036750395,0
5598,2.6621840064105773,0
5599,2.6990910282218863,0
5600,3.400187392928431,0
5601,1.5166122183097805,0
5602,1.1742071993067227,0
5603,2.150259796861137,0
5604,2.751474035559324,0
5605,3.3703769834232373,0
5606,1.6888502373399157,0
5607,2.3154820731639707,0
5608,0.24538005732385498,0
5609,3.1513241593711054,0
5610,4.181573850118819,0
5611,1.2037937241618215,0
5612,0.7955141364018526,0
5613,2.7705589013980663,0
5614,0.5908525587329785,0
5615,11.162165388001963,1
5616,0.8523427508191396,0
5617,2.6224269839839196,0
5618,1.717950355308452,0
5619,0.788999306332861,0
5620,1.081520245911722,0
5621,1.8915882962190438,0
5622,3.3259782139294476,0
5623,0.758188493088871,0
5624,3.3715623244946795,0
5625,4.87976490496962,0
5626,5.009868873125872,0
5627,2.811846042120657,0
5628,1.393461670902352,0
5629,0.622336069037086,0
5630,1.5199283093875096,0
5631,2.483331002831465,0
5632,4.799508077279226,0
5633,3.9771176228336165,0
5634,3.906560246091244,0
5635,1.8043271164503023,0
5636,1.8719373175807588,0
5637,5.447071439402634,0
5638,1.9180327619894264,0
5639,1.5857866289547067,0
5640,4.966420809363538,0
5641,1.3702555607965878,0
5642,4.552318162887891,0
5643,1.7128230319025457,0
5644,15.422991522757947,1
5645,1.178924477158124,0
5646,1.7614257145354755,0
5647,1.742755310329646,0
5648,2.0649230053217362,0
5649,8.187940615005937,0
5650,4.958137673450902,0
5651,3.840276523887119,0
5652,3.195911480342279,0
5653,0.9186330651034689,0
5654,5.305300113254142,0
5655,2.407299245328672,0
5656,7.757666182253312,0
5657,4.519885431184153,0
5658,2.587674053254609,0
5659,1.4033578403757658,0
5660,2.011843837193093,0
5661,4.251275916786464,0
5662,2.5287006039115894,0
5663,5.6331200018035315,0
5664,1.4085791602992175,0
5665,4.385101224381024,0
5666,14.935652874599889,1
5667,6.70063856804571,0
5668,1.6463256237918018,0
5669,1.719645978926939,0
5670,0.4665247074281667,0
5671,2.0387391290275994,0
5672,5.383178053488677,0
5673,2.3012797749970484,0
5674,3.726012730802093,0
5675,1.8109148168341769,0
5676,2.2006122016989997,0
5677,2.0948452138886546,0
5678,0.8633488077959673,0
5679,0.9207377965468696,0
5680,1.5672131235724087,0
5681,1.7565697667930469,0
5682,2.4297012928307353,0
5683,1.1243297224214237,0
5684,1.9596771935073989,0
5685,5.542504630269239,0
5686,5.2592732242378135,0
5687,23.248822079649674,1
5688,3.5489846864309076,0
5689,1.0540603917106683,0
5690,1.8845677380287704,0
5691,9.96495378880182,1
5692,2.718468664720947,0
5693,1.2403283878455134,0
5694,2.238208867040313,0
5695,0.47885064284288814,0
5696,0.9788914941445209,0
5697,3.407664270121768,0
5698,1.3609605745233655,0
5699,1.2548535000270948,0
5700,0.909791747584274,0
5701,7.9433962256783435,0
5702,2.0909509488905744,0
5703,1.0483492357080204,0
5704,1.8802108970317633,0
5705,2.311646030054983,0
5706,16.208971788347007,1
5707,3.641789203612627,0
5708,3.9619622713388964,0
5709,5.677113416602416,0
5710,5.791520621761918,0
5711,1.8570414467494996,0
5712,11.93973417640962,1
5713,3.3806870951402685,0
5714,2.7373875930917992,0
5715,1.8617950745258396,0
5716,2.0972681238132265,0
5717,3.664805574889618,0
5718,6.0519808169741225,0
5719,1.1803705820534043,0
5720,3.3969186005924725,0
5721,1.9908724133648312,0
5722,4.5422626875612915,0
5723,3.8597678162574334,0
5724,1.6310491542145287,0
5725,2.4768403046161853,0
5726,3.7366951281399112,0
5727,1.541952496932921,0
5728,15.363958308207371,1
5729,2.0277126001799584,0
5730,4.7288393962216055,0
5731,5.531300068494223,0
5732,3.254675421092748,0
5733,4.530604953290278,0
5734,1.1874659263141831,0
5735,1.543910264896435,0
5736,3.3132689449406927,0
5737,0.9458799224977764,0
5738,2.6716575904486217,0
5739,1.5410866771483378,0
5740,2.3429994376139307,0
5741,9.405460070742318,1
5742,2.917596252329251,0
5743,2.691449565545822,0
5744,2.3688280354280926,0
5745,1.07297826135768,0
5746,2.6015733459200923,0
5747,4.860724674200322,0
5748,1.5544198101278124,0
5749,2.9050583028342545,0
5750,4.176039626532935,0
5751,3.4617537567952477,0
5752,1.7014291461542992,0
5753,0.49814100304934456,0
5754,3.6135520061284905,0
5755,2.091682575929414,0
5756,6.220174447656598,0
5757,3.1406396900721054,0
5758,1.6320103055538746,0
5759,3.6133240173412733,0
5760,0.8712879441295314,0
5761,3.7891729474541114,0
5762,1.8083796146609856,0
5763,1.582185640863355,0
5764,3.97168923681213,0
5765,2.5604508799710413,0
5766,1.090821614208908,0
5767,1.9898140658662213,0
5768,3.008752296619625,0
5769,3.0304906742995206,0
5770,2.74961015821112,0
5771,1.6071066693951528,0
5772,1.7829836908980736,0
5773,1.213706777030697,0
5774,0.900058984333243,0
5775,1.999870137511601,0
5776,1.2327557803478986,0
5777,2.0649800628893957,0
5778,1.2964043666423832,0
5779,0.9301668132388239,0
5780,0.886735342503894,0
5781,2.388437106157966,0
5782,1.8452352441130213,0
5783,2.7031198174736883,0
5784,0.5511876681579438,0
5785,3.478027082812582,0
5786,4.802312268968458,0
5787,4.4259687389149285,0
5788,2.5367475036190754,0
5789,2.845259346965263,0
5790,0.5915101409282566,0
5791,3.543510587907378,0
5792,5.50267249527382,0
5793,2.341528963762191,0
5794,2.828253099260381,0
5795,1.1509657157000497,0
5796,0.6652514972072534,0
5797,0.4520605007212529,0
5798,5.241655240393067,0
5799,4.86593761077986,0
5800,4.053931401086086,0
5801,3.5198652345304087,0
5802,3.823557741935268,0
5803,1.1387700435479489,0
5804,1.9787530730282714,0
5805,0.8711058496635569,0
5806,7.200096967946924,0
5807,1.0458235706802304,0
5808,5.118167878654405,0
5809,5.970080531330556,0
5810,0.8817204388088496,0
5811,3.5051514725380932,0
5812,2.847039408468657,0
5813,2.17042251042096,0
5814,1.7859725055192184,0
5815,2.1525398613265883,0
5816,1.9026445832420886,0
5817,9.864349061021736,1
5818,3.417759848563214,0
5819,3.5734880519051218,0
5820,1.4952694038854732,0
5821,1.1576243948955267,0
5822,4.017620540283149,0
5823,1.6863111035502836,0
5824,3.3539766697415003,0
5825,1.8047952164373071,0
5826,0.7167761026406272,0
5827,5.421854451317601,0
5828,2.5583503641017082,0
5829,0.610377078161362,0
5830,1.6905095710048774,0
5831,4.476688282251132,0
5832,3.4142434527223426,0
5833,2.7427973743812286,0
5834,5.57222398645909,0
5835,8.744319184728123,1
5836,3.0411258304421853,0
5837,2.6873912956095514,0
5838,2.0458317167082836,0
5839,0.45142481864743994,0
5840,1.2071802612525817,0
5841,9.186009263944346,1
5842,1.4410572081298563,0
5843,3.936706080981716,0
5844,6.050210006835931,0
5845,8.361557689566215,1
5846,5.2697022957154696,0
5847,1.0415269675989463,0
5848,1.9106051880092627,0
5849,3.4256854129769523,0
5850,11.869664040111017,1
5851,1.1512099923351395,0
5852,3.9997613422094207,0
5853,0.7024848129208916,0
5854,2.045513073999219,0
5855,3.9933588654729744,0
5856,2.6243642223343953,0
5857,3.705436853831404,0
5858,2.7346831792435307,0
5859,0.48670906308957285,0
5860,2.606886887845155,0
5861,3.3578691054764467,0
5862,1.5292230593759235,0
5863,6.299298932043629,0
5864,2.6015678926046055,0
5865,2.2555001195532944,0
5866,1.787294823669007,0
5867,2.5580272093776935,0
5868,0.7490719493200199,0
5869,2.622027538194154,0
5870,4.376849987812291,0
5871,1.601146241872262,0
5872,3.522257777944272,0
5873,2.538071382767467,0
5874,5.617726709129618,0
5875,3.212635684283639,0
5876,9.429680857306089,1
5877,12.365074932221722,1
5878,5.869757743649623,0
5879,0.48172660653238103,0
5880,1.4325350569083866,0
5881,2.0056431599196665,0
5882,0.8136444765830643,0
5883,2.6772439499955363,0
5884,1.646558341530681,0
5885,1.4976159622691465,0
5886,2.0006736255006135,0
5887,2.2198880483299135,0
5888,4.505607134876711,0
5889,2.130331851306415,0
5890,3.620965426617972,0
5891,1.7801348251340594,0
5892,1.5903995979446461,0
5893,1.8368051574415722,0
5894,5.822620409640365,0
5895,1.1829580310249233,0
5896,1.737244175516191,0
5897,9.220128756609467,1
5898,4.102366966906284,0
5899,2.284538184582751,0
5900,2.3928317257323877,0
5901,4.234322883656277,0
5902,3.7332940527640015,0
5903,2.299462751330119,0
5904,1.1295367080107754,0
5905,1.3271745128176013,0
5906,0.7627604103398153,0
5907,3.6756665234367847,0
5908,1.5271924437812274,0
5909,1.2020339463683218,0
5910,1.4834924189291803,0
5911,0.9409624994753334,0
5912,2.624715123357538,0
5913,1.1420816713396889,0
5914,5.7920970199293285,0
5915,4.645870369694844,0
5916,1.2961059577382121,0
5917,2.183919578923927,0
5918,4.19387558596244,0
5919,1.7058843320147077,0
5920,0.3942215146388822,0
5921,1.952943056507372,0
5922,1.714422699909853,0
5923,0.7657533971872017,0
5924,31.26962672291916,1
5925,1.8865298451520394,0
5926,1.1141145921812337,0
5927,3.735421812660253,0
5928,5.3836894451609565,0
5929,0.7814186745202637,0
5930,4.467759941522284,0
5931,1.6978436335496985,0
5932,6.878940407542962,0
5933,1.4957277788207057,0
5934,2.7676958699791347,0
5935,2.508600485115794,0
5936,3.0368727727177673,0
5937,0.728374923008222,0
5938,0.9465696362000549,0
5939,5.948713718830769,0
5940,1.0457208704529743,0
5941,1.8533920450806536,0
5942,4.756744894819741,0
5943,1.619909942691634,0
5944,2.283226793101835,0
5945,8.275056347251056,1
5946,4.590917419493129,0
5947,8.166688838684738,0
5948,1.2977900492027783,0
5949,0.8415694306855684,0
5950,1.1574151916700486,0
5951,0.7356017052576187,0
5952,1.7330725827729734,0
5953,0.309730183870603,0
5954,1.4800110200274446,0
5955,0.6606338260971807,0
5956,3.9218947117783287,0
5957,0.923315485863727,0
5958,2.6968960604054493,0
5959,1.3959539161871224,0
5960,4.046507502325256,0
5961,1.0037168233504312,0
5962,1.9986330647647832,0
5963,4.2529197027044034,0
5964,1.358358281492411,0
5965,0.8019655522220661,0
5966,1.0496461969996438,0
5967,10.817829226498827,1
5968,2.99572397010801,0
5969,1.276239881422059,0
5970,1.3915756145459202,0
5971,1.551469438594188,0
5972,0.9763993793196682,0
5973,7.304153911178081,0
5974,3.087257033452814,0
5975,4.47884867756386,0
5976,1.8125815217494512,0
5977,2.680262142310511,0
5978,3.404031609463213,0
5979,1.6826304230176272,0
5980,3.6207308049732903,0
5981,2.3035131136418707,0
5982,2.4544943917541575,0
5983,1.6664453439937552,0
5984,2.0825949773394132,0
5985,2.322282198904611,0
5986,1.3136880831568654,0
5987,1.550218480622217,0
5988,16.598002686967618,1
5989,1.3829865204629288,0
5990,4.696355556134553,0
5991,1.1572261305209988,0
5992,2.4571102221982515,0
5993,0.7676056903128939,0
5994,2.744216920157506,0
5995,2.237163525781548,0
5996,1.26458471948493,0
5997,3.412090217281936,0
5998,3.1120208328222656,0
5999,6.11288748823861,0
6000,0.7815942848733862,0
6001,1.449674661428835,0
6002,2.825056743612264,0
6003,4.483434020656586,0
6004,1.5370668883572933,0
6005,5.065777807229117,0
6006,0.3489206141106488,0
6007,1.5854916460498683,0
6008,8.802847526444703,1
6009,0.6647787245165482,0
6010,3.632373147532589,0
6011,0.7555404826277426,0
6012,1.8403355177884784,0
6013,0.4117534946016826,0
6014,2.3553617461400864,0
6015,0.8098042287049955,0
6016,1.6489810821129798,0
6017,1.7644247505387118,0
6018,3.464890956319119,0
6019,4.484652530171968,0
6020,0.4233619296213907,0
6021,1.899604651877592,0
6022,0.6099257061630474,0
6023,3.874702567547459,0
6024,4.540456110022147,0
6025,14.559148408153726,1
6026,4.138049442969973,0
6027,2.588458308845923,0
6028,2.1282537483063693,0
6029,4.176037952711083,0
6030,2.0233072179092644,0
6031,4.787322737433357,0
6032,9.652677121854195,1
6033,7.969870562643246,0
6034,1.3645918221113065,0
6035,4.141372719875605,0
6036,2.2195158097545717,0
6037,1.4060369090719556,0
6038,3.433956969663621,0
6039,2.006113060331306,0
6040,2.9008519575363576,0
6041,3.1290917828060327,0
6042,1.244727544826471,0
6043,1.4388846874205012,0
6044,4.002347498687314,0
6045,6.216104688380448,0
6046,2.841091497861746,0
6047,1.0596478876309916,0
6048,3.3918397146578436,0
6049,6.189612805600104,0
6050,3.437637625307421,0
6051,2.290992542471629,0
6052,4.054263225661313,0
6053,1.3577617652495346,0
6054,2.1139829674565234,0
6055,5.655969541856659,0
6056,7.634347288407745,0
6057,1.3707307581446733,0
6058,2.9104223926550015,0
6059,4.588745873359347,0
6060,2.1749863697595826,0
6061,3.1170654971560503,0
6062,3.5360613656649424,0
6063,2.1365193153304864,0
6064,3.2130150340179435,0
6065,1.9830854271410194,0
6066,3.0878363926595394,0
6067,2.1015536320033323,0
6068,8.578390565092526,1
6069,11.518862393201738,1
6070,1.6269933158019727,0
6071,1.7735820331494296,0
6072,5.002536987740797,0
6073,6.5732256767675326,0
6074,7.18187031884531,0
6075,1.40252741177394,0
6076,6.673763852516882,0
6077,2.2857680519251367,0
6078,4.607280908500206,0
6079,4.6606020714157514,0
6080,6.872525837040391,0
6081,1.232854114916053,0
6082,2.1471626456040385,0
6083,4.751991800364822,0
6084,2.9011488989792444,0
6085,5.360749690678409,0
6086,0.7977828368492488,0
6087,1.6522514143311722,0
6088,2.139320847555597,0
6089,4.828930226933488,0
6090,6.75576370710625,0
6091,8.865136812382897,1
6092,5.437431380250405,0
6093,3.4904888552122717,0
6094,1.0783689295529302,0
6095,6.146443960662841,0
6096,7.164576355997379,0
6097,0.8182475771174965,0
6098,2.379669533874802,0
6099,1.3199029080975602,0
6100,6.065678100124563,0
6101,4.776983074508845,0
6102,1.2362849663338444,0
6103,1.5600429212085483,0
6104,0.7249435374295171,0
6105,0.8360834672969879,0
6106,2.1426493063156076,0
6107,0.5615832963873174,0
6108,3.9105639729516404,0
6109,2.379584915561212,0
6110,5.825247641588433,0
6111,4.379952045722415,0
6112,6.205220830309842,0
6113,1.2135815175506883,0
6114,4.284608051266769,0
6115,5.075136716798636,0
6116,0.44614530644554884,0
6117,3.3381569705041816,0
6118,2.6535569258114475,0
6119,2.203334199683283,0
6120,2.408668173019883,0
6121,5.6555765905258095,0
6122,4.092283048700507,0
6123,2.08881063994886,0
6124,0.49678598418357134,0
6125,6.215134837902377,0
6126,2.5422576861407884,0
6127,6.104212825666816,0
6128,3.490625614548947,0
6129,3.2555154522145,0
6130,2.5258897828943185,0
6131,19.58353381375583,1
6132,1.3838211950861772,0
6133,1.852008856286494,0
6134,1.2042736499715152,0
6135,1.2771328692607222,0
6136,1.5623120146109752,0
6137,2.374570337739832,0
6138,2.4227813318273075,0
6139,6.045219116700679,0
6140,1.71761401658743,0
6141,6.1352917357022845,0
6142,2.782617970580556,0
6143,4.582306606739707,0
6144,3.6081696248136157,0
6145,5.125205753847511,0
6146,2.657344968368504,0
6147,3.6244195878429974,0
6148,3.2571131752814795,0
6149,1.950799041039064,0
6150,17.67244199590751,1
6151,4.616144394115055,0
6152,1.1965230590456288,0
6153,3.9041119279437293,0
6154,1.8952113909740473,0
6155,4.004313448166313,0
6156,0.6319840611849135,0
6157,5.662366857298355,0
6158,2.9503362818483923,0
6159,5.023803115199536,0
6160,0.47818889077589927,0
6161,5.685436183474356,0
6162,1.8095899240075863,0
6163,3.537343618195688,0
6164,3.236591790030446,0
6165,6.449197982673577,0
6166,2.59181650972373,0
6167,8.840634586740489,1
6168,2.269996115669911,0
6169,0.5055314482349978,0
6170,0.6767512225056365,0
6171,2.450417692321761,0
6172,3.7135020962852887,0
6173,0.6753243463626453,0
6174,5.065908132779561,0
6175,3.1114787498505634,0
6176,2.336251856468983,0
6177,2.998683251056784,0
6178,3.55515606713419,0
6179,1.4249412124098957,0
6180,3.4776062202965803,0
6181,3.614221960218139,0
6182,2.1055619325230674,0
6183,2.9533560518217628,0
6184,10.182884167690329,1
6185,4.0723415377498515,0
6186,0.42060335073606486,0
6187,1.0940231242039387,0
6188,2.312813275558546,0
6189,7.790218915810786,0
6190,1.2821682888428936,0
6191,0.6151838644212883,0
6192,2.7602270472258126,0
6193,4.462093085840874,0
6194,3.362336005954247,0
6195,1.2519787890148115,0
6196,3.403139233537459,0
6197,1.0185941869160682,0
6198,2.6133583892672068,0
6199,3.470166598568635,0
6200,0.8700620164307037,0
6201,1.4095837434957597,0
6202,5.2958120716572195,0
6203,1.2144029214364342,0
6204,2.689017253530041,0
6205,4.026643740619165,0
6206,1.5105213674134754,0
6207,3.079449943039853,0
6208,3.717756935027994,0
6209,1.635682054850738,0
6210,1.5562091106161495,0
6211,0.8897702307937769,0
6212,0.9323991668640197,0
6213,1.6890705113633053,0
6214,6.224539809621416,0
6215,3.7750410564560184,0
6216,2.030622410014467,0
6217,4.368459196568759,0
6218,0.993397091772753,0
6219,0.7980563623568047,0
6220,2.1337243177433938,0
6221,1.386910001815728,0
6222,1.3244497929462524,0
6223,3.0496629886534277,0
6224,5.505327781308066,0
6225,1.0973024858720073,0
6226,2.9215459383770557,0
6227,1.3289746722540166,0
6228,12.903621747172343,1
6229,1.3289261979734937,0
6230,2.7755884537922606,0
6231,2.489729055810299,0
6232,1.8625861377478181,0
6233,2.9475337551746716,0
6234,1.7655448287362838,0
6235,0.45995443030676153,0
6236,1.7595187844090938,0
6237,1.6379711236712347,0
6238,0.6739762772641276,0
6239,2.676131779642412,0
6240,5.242268941735646,0
6241,2.4053572322508887,0
6242,0.7345449933313255,0
6243,3.9521311674271162,0
6244,9.77241165713765,1
6245,1.4799705875061984,0
6246,1.5762659546158941,0
6247,1.2292253764885155,0
6248,6.6196067584174605,0
6249,3.750135314881377,0
6250,0.6475127076571536,0
6251,0.4910263970177068,0
6252,2.385239002506654,0
6253,0.789121626946351,0
6254,1.1932331246410923,0
6255,3.097337160015229,0
6256,3.2113898563694576,0
6257,3.1064485055005777,0
6258,3.2766847088773994,0
6259,3.595450434675376,0
6260,1.0770574267477349,0
6261,1.9206732033820064,0
6262,2.0600721450140873,0
6263,1.320507757547443,0
6264,2.856237311377915,0
6265,1.6211074545176616,0
6266,3.8942663593652136,0
6267,10.168144484422195,1
6268,5.0277637342668315,0
6269,3.5396851029398078,0
6270,1.7802771921832894,0
6271,3.6457060705222304,0
6272,1.192776244713953,0
6273,3.7852768130447108,0
6274,2.1386712269992105,0
6275,2.412799419398199,0
6276,2.2966208153613894,0
6277,3.7265295520087283,0
6278,4.128085943624239,0
6279,1.3010004969976365,0
6280,1.1993265236855366,0
6281,5.017275955970399,0
6282,0.6760610865848693,0
6283,2.416280123437211,0
6284,3.691938527149248,0
6285,5.052340265747917,0
6286,1.5371549528726047,0
6287,3.3346238975653564,0
6288,1.2283959757185936,0
6289,3.1859612134162165,0
6290,0.5229115913841632,0
6291,7.388604921590286,0
6292,2.3763478713237856,0
6293,5.411187457115533,0
6294,4.0749675469394315,0
6295,2.3873247295251403,0
6296,1.1514586414617765,0
6297,3.2408674378674522,0
6298,4.248320975447533,0
6299,6.411081475393496,0
6300,1.1339916539890764,0
6301,2.931633733552175,0
6302,4.828798725357405,0
6303,1.0855290708913796,0
6304,1.7626952142844643,0
6305,2.4209313822443663,0
6306,5.367179361059301,0
6307,5.702292566778728,0
6308,0.9663964392878428,0
6309,2.4645652663581954,0
6310,1.5110803988816313,0
6311,14.11488516373308,1
6312,5.476852602365578,0
6313,0.6249897167030125,0
6314,1.565230219344779,0
6315,1.6781620745022485,0
6316,1.6024203065888534,0
6317,2.501921372630676,0
6318,2.3820287584885715,0
6319,0.9252584495287351,0
6320,6.079760521071984,0
6321,2.808004591715665,0
6322,4.952530353997542,0
6323,1.0638586127439504,0
6324,15.643763829626334,1
6325,2.807260850326875,0
6326,3.6061258322566747,0
6327,2.1438778808696735,0
6328,3.4824641302995807,0
6329,1.286054901596324,0
6330,6.738535555499851,0
6331,1.4757957835989746,0
6332,4.009824838484447,0
6333,5.692200246124389,0
6334,2.946498476741505,0
6335,2.239451822607078,0
6336,4.879882284729463,0
6337,5.344844991038721,0
6338,3.9792989755398405,0
6339,4.441804476606207,0
6340,0.8771976516709111,0
6341,3.644042346448313,0
6342,1.7271685774599155,0
6343,3.285858494406114,0
6344,2.5025776969399582,0
6345,1.410012083563169,0
6346,1.496231074451502,0
6347,7.548395854285042,0
6348,1.9235725151828755,0
6349,0.8100394194346482,0
6350,0.7448183074480141,0
6351,3.1868400092558615,0
6352,3.9884442591414384,0
6353,1.9205601929422598,0
6354,1.3292619886107713,0
6355,1.9817391635825254,0
6356,2.364154357188235,0
6357,5.502363893789203,0
6358,4.733336426846276,0
6359,0.9944647068475952,0
6360,2.1648563973210404,0
6361,3.124105702946595,0
6362,1.4308800558728008,0
6363,1.7108229492945033,0
6364,1.3345904944238203,0
6365,2.2958867448542453,0
6366,2.0737808497705794,0
6367,3.142406021805748,0
6368,2.539748184091157,0
6369,2.0224877458465844,0
6370,8.497547091021232,1
6371,1.804819418470115,0
6372,1.5459068978055837,0
6373,9.50106219673919,1
6374,8.775152447423904,1
6375,1.0846345080033868,0
6376,1.9979408788858481,0
6377,5.180723310434358,0
6378,3.4307403486682726,0
6379,2.589170931684821,0
6380,1.9735370206479677,0
6381,2.921894892209982,0
6382,1.9812999498958728,0
6383,1.4910688906599792,0
6384,0.6997506964114741,0
6385,3.618004870525006,0
6386,3.0991950861915294,0
6387,7.625652472426306,0
6388,2.2927411445939665,0
6389,3.7440578427029636,0
6390,7.606232670210769,0
6391,2.1552359835288106,0
6392,3.172000988450767,0
6393,2.955769654954522,0
6394,2.5729275976790746,0
6395,3.923357796378825,0
6396,1.9213169681481859,0
6397,1.0063911551117073,0
6398,1.0531493283858182,0
6399,2.374301892124673,0
6400,0.7457095567093486,0
6401,1.2393145551523632,0
6402,0.5953650258352804,0
6403,2.497965953160162,0
6404,1.2417353952245835,0
6405,1.6983152710369718,0
6406,1.6967789135053435,0
6407,2.566289871095075,0
6408,0.5700683610272128,0
6409,1.493893590637382,0
6410,2.023843364433302,0
6411,4.813730887318913,0
6412,2.382514771346832,0
6413,2.472800098858689,0
6414,1.5429265069465823,0
6415,0.9770391685307653,0
6416,4.484647753009781,0
6417,2.718694085496411,0
6418,2.4928709728756053,0
6419,1.319081753249054,0
6420,3.2771708808377946,0
6421,1.6110912099629469,0
6422,1.6703500060986862,0
6423,4.512301168863744,0
6424,2.96518527207228,0
6425,2.7263836661260297,0
6426,4.641027100010941,0
6427,0.7455031864572383,0
6428,3.6207551999757808,0
6429,0.5144921361731686,0
6430,3.4305793823419264,0
6431,2.277322172873102,0
6432,2.131952470978978,0
6433,2.8480505627271406,0
6434,4.7970620212208805,0
6435,4.951521617806106,0
6436,1.472108139843958,0
6437,3.736682256746221,0
6438,4.588462102329714,0
6439,0.39731565190917123,0
6440,5.567137197970144,0
6441,0.7851947502898243,0
6442,1.5801541496768863,0
6443,1.0177418323844498,0
6444,6.296452493035792,0
6445,2.2961710197243734,0
6446,3.8074645988902844,0
6447,2.401641289507892,0
6448,0.5372447523305797,0
6449,1.1785053503533678,0
6450,0.9971286811008397,0
6451,2.0311466004949597,0
6452,4.539262853046433,0
6453,3.1651268784716176,0
6454,1.618648061810923,0
6455,1.5930914472158826,0
6456,4.040627179499621,0
6457,1.5511385783645328,0
6458,3.423836389132946,0
6459,4.357146785468122,0
6460,12.227397522989271,1
6461,0.8878851620089097,0
6462,2.2352607222017506,0
6463,3.419851799713812,0
6464,1.3825123475836283,0
6465,5.837155656726977,0
6466,0.3738074475736514,0
6467,3.097307827499354,0
6468,6.3909062711978954,0
6469,1.1763052456842162,0
6470,4.73448277242139,0
6471,13.753321322111931,1
6472,0.8841878262785713,0
6473,1.9108341487348888,0
6474,4.611928886353549,0
6475,0.8270765377960009,0
6476,10.370523261956249,1
6477,5.160282819589067,0
6478,2.638827780012565,0
6479,0.6475537132718399,0
6480,5.500758104412472,0
6481,1.9976952734591338,0
6482,2.372189815537445,0
6483,1.8394189618055734,0
6484,5.525933031366259,0
6485,2.685851259632359,0
6486,2.203530379218187,0
6487,1.869317071783328,0
6488,4.3811700089609875,0
6489,7.925095408979136,0
6490,2.015736122352689,0
6491,7.092823232084642,0
6492,2.891919224214313,0
6493,4.071575116342894,0
6494,0.7925984032462368,0
6495,3.685828339787042,0
6496,0.7919416041737415,0
6497,4.437404530056416,0
6498,2.8640149710148317,0
6499,4.031365634448279,0
6500,2.8511754020623115,0
6501,3.3829451260525087,0
6502,2.0079302037564033,0
6503,1.7299368873248506,0
6504,3.081483112707016,0
6505,0.5349001042758338,0
6506,3.236310455445576,0
6507,2.7094864561008842,0
6508,7.777683326851059,0
6509,2.2260728973816812,0
6510,1.6882824956765803,0
6511,1.933830742418648,0
6512,1.9235600757534572,0
6513,2.6752048928132863,0
6514,7.229143226184638,0
6515,1.0087487082858344,0
6516,3.7148131967000486,0
6517,5.281293646574405,0
6518,1.3375942752775174,0
6519,0.7406755411856185,0
6520,3.6091511980847586,0
6521,1.0849992026937663,0
6522,1.7561688365322492,0
6523,1.8530667135045467,0
6524,0.6770759792937681,0
6525,5.651391093757874,0
6526,2.379508331821968,0
6527,2.2813263653672067,0
6528,2.232283035154858,0
6529,0.27667379979413304,0
6530,2.1744114720975105,0
6531,3.390996550172224,0
6532,0.7094585730577343,0
6533,2.4161393819149546,0
6534,2.548649379885634,0
6535,1.0209079655688704,0
6536,1.2875543400724145,0
6537,5.747063047656474,0
6538,1.8648890923760972,0
6539,3.4341821554230667,0
6540,5.101467162291118,0
6541,1.1196609627180503,0
6542,1.709639978460187,0
6543,2.351724025231744,0
6544,8.687999563894095,1
6545,1.579055114303522,0
6546,1.3988844317605815,0
6547,3.251959843904113,0
6548,2.0873342235163164,0
6549,0.6709002431610732,0
6550,5.343634340584449,0
6551,3.2534392733066624,0
6552,1.7525135694613216,0
6553,2.6587590578645,0
6554,3.4008826366517346,0
6555,3.2024216342348297,0
6556,2.8304578674770076,0
6557,4.2437805395892045,0
6558,2.292526113185356,0
6559,1.6406134343313716,0
6560,2.3121733181502346,0
6561,1.4577863831890139,0
6562,1.5312781457791134,0
6563,2.240786484053496,0
6564,2.00879102953049,0
6565,1.7348521554847287,0
6566,2.6140119006654094,0
6567,2.930895117132383,0
6568,7.142566658581848,0
6569,2.997520783786261,0
6570,2.4400836072052585,0
6571,0.8431566166952483,0
6572,0.773746728266149,0
6573,2.8260652019763284,0
6574,0.8657163972467585,0
6575,1.9144489909222784,0
6576,1.966536430355525,0
6577,1.6929940337990514,0
6578,7.467862859676628,0
6579,1.5571356765842645,0
6580,1.0878194490756352,0
6581,7.297644673389068,0
6582,3.937951285115347,0
6583,2.3324125826510356,0
6584,2.262623798381549,0
6585,9.997951902190104,1
6586,5.838255071220804,0
6587,18.917711761011507,1
6588,4.760057111835652,0
6589,4.419524424091957,0
6590,3.715012428693479,0
6591,4.17442847256473,0
6592,22.490112938859863,1
6593,1.346003418045283,0
6594,5.513656852696488,0
6595,3.5580829417075543,0
6596,1.2102752492630013,0
6597,2.870630451222892,0
6598,2.5507611522316864,0
6599,1.367304897489503,0
6600,2.276195253895479,0
6601,7.223529666486852,0
6602,0.8119628924535298,0
6603,1.5087049236689343,0
6604,5.903525182794706,0
6605,1.1996258334772747,0
6606,1.7575249868015106,0
6607,3.3188652609889906,0
6608,1.4386510816780642,0
6609,12.268895580049389,1
6610,1.9192738407417163,0
6611,1.2902848357328793,0
6612,0.6352310435439251,0
6613,0.45902426993373496,0
6614,3.4040519109078313,0
6615,1.5321812348732613,0
6616,1.9238778038063453,0
6617,3.4090282626849517,0
6618,9.819446144945434,1
6619,2.517549074439829,0
6620,1.9146129830046517,0
6621,1.9306137789038034,0
6622,1.7846259632738632,0
6623,2.5754606231775337,0
6624,5.459545352288995,0
6625,3.294181077741051,0
6626,7.994906505652009,0
6627,6.794564831090027,0
6628,2.8492299764886155,0
6629,1.2790910350114268,0
6630,4.69284482608487,0
6631,1.9048051255563339,0
6632,1.5435554879467277,0
6633,4.381640818053783,0
6634,2.4566804056349847,0
6635,2.6916233673780314,0
6636,2.011308919917291,0
6637,3.5879726677630748,0
6638,2.6604848135940444,0
6639,3.8289961368848457,0
6640,1.6227884303811524,0
6641,5.384531744510482,0
6642,5.518979900440155,0
6643,1.4734818822170306,0
6644,1.5815791165732807,0
6645,1.54207769070542,0
6646,1.716879128572735,0
6647,2.2959220347217886,0
6648,2.3550854040871014,0
6649,4.388336815965162,0
6650,1.5176410907754712,0
6651,1.1795892709737317,0
6652,5.355744927337184,0
6653,1.1913602972864514,0
6654,3.8997251289044264,0
6655,4.318494912091781,0
6656,2.7147917200683,0
6657,1.6120786537539915,0
6658,2.832886927535473,0
6659,2.6029384177820685,0
6660,1.3658381768069827,0
6661,3.8716751609327185,0
6662,5.787361397051376,0
6663,1.8966394770493438,0
6664,2.0506108252671864,0
6665,4.32142183473299,0
6666,6.4205767080392,0
6667,2.1971463922067085,0
6668,1.3270231336042253,0
6669,4.8197461231183665,0
6670,10.455650354950809,1
6671,3.008457812680545,0
6672,1.3698665940627208,0
6673,2.4752379086088965,0
6674,4.307802534421375,0
6675,1.78822405505496,0
6676,2.960033117898414,0
6677,1.339752693684521,0
6678,0.5951502260101139,0
6679,3.1343878215112246,0
6680,1.399225340815242,0
6681,1.0224611160325265,0
6682,1.5079895991843388,0
6683,5.024507488317367,0
6684,3.320121925669193,0
6685,2.7737482241931057,0
6686,4.978145182967023,0
6687,7.4465107346348445,0
6688,3.0516083965087804,0
6689,5.935331289140401,0
6690,2.4158630221005066,0
6691,1.3515237453187237,0
6692,2.839788229598667,0
6693,8.64637259893536,1
6694,0.41630637418402316,0
6695,2.3768259478948357,0
6696,5.501903094103528,0
6697,1.5568844714107937,0
6698,2.459292341667933,0
6699,2.817257205154272,0
6700,1.771567251181253,0
6701,0.7124227150098049,0
6702,8.140123574625603,0
6703,2.4270879857270153,0
6704,5.089651333671181,0
6705,1.1820876510789178,0
6706,2.014648111960817,0
6707,2.478058694877932,0
6708,1.3980904855432057,0
6709,0.9893160559529279,0
6710,3.7388454333461083,0
6711,2.2387439779763607,0
6712,1.8724699903072588,0
6713,5.056676773228181,0
6714,1.9358560400268179,0
6715,3.2672734847258225,0
6716,2.97632462094086,0
6717,2.8362741929899764,0
6718,5.905462432440934,0
6719,3.2556683150098515,0
6720,3.042703261061396,0
6721,8.356714415690718,1
6722,14.214361339056776,1
6723,6.53201193180646,0
6724,2.720427802151378,0
6725,4.272657183591897,0
6726,2.5790616744233636,0
6727,2.3331411879624704,0
6728,1.1520574178702703,0
6729,4.377280396036571,0
6730,0.786191449585312,0
6731,4.163505060029083,0
6732,1.8954789333800994,0
6733,0.7980751905536881,0
6734,6.757325717096009,0
6735,2.0480658132794165,0
6736,1.1249041248504845,0
6737,3.3782449604036464,0
6738,0.9357295810421928,0
6739,0.7579571675078767,0
6740,0.24639644354839121,0
6741,1.1422044532044253,0
6742,6.097583944174752,0
6743,0.873271643872043,0
6744,2.2117107315762286,0
6745,1.4976645423644745,0
6746,2.5105814989610673,0
6747,1.9340596618107848,0
6748,0.7342553653940043,0
6749,3.7126141303483013,0
6750,1.960102141090205,0
6751,1.3793064539040185,0
6752,1.753434188015206,0
6753,6.544759106452772,0
6754,0.3264072902902221,0
6755,3.172180768972208,0
6756,1.900671104454264,0
6757,4.062186123113549,0
6758,3.755860190301926,0
6759,4.7644947645453,0
6760,2.928333768861498,0
6761,3.631004642857597,0
6762,0.6715493772398624,0
6763,1.4269669377521104,0
6764,2.9211125350260687,0
6765,2.1676800932785434,0
6766,2.5034152274242687,0
6767,2.943814814581225,0
6768,8.5348584555626,1
6769,1.872683322872904,0
6770,2.781087580981535,0
6771,5.052461297409285,0
6772,2.0105222244659458,0
6773,38.11300756905289,1
6774,7.363536570977519,0
6775,1.2738245822794683,0
6776,1.9236253727784633,0
6777,0.5788955975353106,0
6778,4.676435388817759,0
6779,3.9128552511526196,0
6780,2.486847935335484,0
6781,18.916903862495744,1
6782,10.088974016034646,1
6783,1.7745840264438308,0
6784,3.4527332861124647,0
6785,0.7129194440555136,0
6786,1.2042782347329075,0
6787,1.0326823608014615,0
6788,3.367512686802207,0
6789,0.9794562884094978,0
6790,2.657225061434279,0
6791,3.4302048726625123,0
6792,1.8181379167709428,0
6793,2.5413460720176273,0
6794,6.573479988369054,0
6795,0.5241043747554688,0
6796,3.5829839339642304,0
6797,4.832746422346891,0
6798,1.229058699803313,0
6799,1.2698915873837786,0
6800,1.970577366354085,0
6801,1.1755959117102832,0
6802,2.22383506021373,0
6803,0.873105370519187,0
6804,0.47293300559528345,0
6805,1.281662108242158,0
6806,3.7714977417770865,0
6807,4.147786033218753,0
6808,1.405253878839607,0
6809,1.4256561166448165,0
6810,0.7909710195972779,0
6811,7.051789913259499,0
6812,12.49267186986691,1
6813,0.9115516866835828,0
6814,1.1758824624306066,0
6815,4.249007859784479,0
6816,8.062649050536074,0
6817,1.759387641002586,0
6818,8.297255404964776,1
6819,1.278115289364982,0
6820,17.23691149358977,1
6821,0.7366737066731937,0
6822,1.480663992478635,0
6823,1.8340123908389587,0
6824,0.4847178830681631,0
6825,2.2378614319631835,0
6826,4.464013774015445,0
6827,2.3771216691765717,0
6828,5.418767586141473,0
6829,2.4133637465616626,0
6830,1.6670804039210563,0
6831,1.290002801667564,0
6832,1.9804405787774186,0
6833,4.0361885534063715,0
6834,0.4526837516743232,0
6835,5.475937488732199,0
6836,1.1140057336938052,0
6837,2.2012598720909575,0
6838,3.2427662521758664,0
6839,12.58379336680941,1
6840,1.9930464307748728,0
6841,0.9650676775178978,0
6842,1.8870303486597766,0
6843,2.3655124127542466,0
6844,1.1240638840344641,0
6845,2.8378158798967488,0
6846,2.2633261488418275,0
6847,4.825306465366372,0
6848,5.237366031638502,0
6849,1.4362873127366693,0
6850,3.6429347494359146,0
6851,1.15386763024402,0
6852,2.819288529054229,0
6853,7.804982378903465,0
6854,4.329806377130864,0
6855,1.1805265230552389,0
6856,1.3893928725694842,0
6857,2.286006731781367,0
6858,0.9359221003453005,0
6859,1.0329605893507519,0
6860,1.558356204742575,0
6861,4.4230984613220246,0
6862,1.4254166705922227,0
6863,6.713144647137285,0
6864,20.527889039679444,1
6865,0.9895609787818958,0
6866,4.121948424250196,0
6867,0.8090814016873246,0
6868,8.289988519276656,1
6869,6.979133265765927,0
6870,3.4274705996631227,0
6871,5.085389225696712,0
6872,3.4614267861908385,0
6873,2.6318743243580496,0
6874,2.135297595825556,0
6875,0.9407133714980832,0
6876,7.485548587963964,0
6877,1.6301268461537548,0
6878,1.411656222520585,0
6879,2.5267722211371773,0
6880,1.651249985455625,0
6881,4.532875952545925,0
6882,3.926790630775734,0
6883,5.898092903995991,0
6884,4.3637108339441335,0
6885,1.7882858907559736,0
6886,5.482603049817911,0
6887,0.6225680735376077,0
6888,3.608752026782569,0
6889,1.2893182878551201,0
6890,1.544631903575901,0
6891,1.356873395675924,0
6892,2.9690035986490972,0
6893,10.736418367248993,1
6894,1.8111201846594822,0
6895,7.652190265781027,0
6896,2.43848603876856,0
6897,2.2082829617372806,0
6898,3.8131418598377347,0
6899,0.5699867998113308,0
6900,5.683176967173489,0
6901,8.94756719058496,1
6902,2.434480091712937,0
6903,1.7807147615775618,0
6904,6.599777652411918,0
6905,2.590515390369217,0
6906,2.512972668647935,0
6907,4.122247253013594,0
6908,6.620312805202253,0
6909,2.8810799720568037,0
6910,2.3810787409712733,0
6911,1.1421175764204834,0
6912,35.66630062867353,1
6913,1.1722807448994361,0
6914,5.656214744236408,0
6915,2.6165761024914436,0
6916,2.905299965501947,0
6917,9.006603238536316,1
6918,10.074349332406118,1
6919,1.8042092997013772,0
6920,0.7290343381060121,0
6921,4.227859382216418,0
6922,2.621568713948331,0
6923,2.612261154504941,0
6924,3.5081204300025344,0
6925,1.1393841598766499,0
6926,3.7215983306507048,0
6927,1.0950225024122253,0
6928,1.3086273991703647,0
6929,2.1641354831252575,0
6930,2.1920711933469694,0
6931,4.009724128934317,0
6932,20.118817646009614,1
6933,2.452851947090184,0
6934,5.287401909669427,0
6935,3.476191841835424,0
6936,3.822789838709874,0
6937,3.8055304496456257,0
6938,1.5871745341357182,0
6939,2.3036646128251577,0
6940,1.6424839282593209,0
6941,4.245781040052788,0
6942,0.5713283463065422,0
6943,3.3174859914839088,0
6944,0.9475065428551717,0
6945,2.298333544378032,0
6946,3.5740233179444982,0
6947,3.2002052138120805,0
6948,5.784786393482259,0
6949,1.3231908139263397,0
6950,2.932026365191041,0
6951,1.6688842147825431,0
6952,1.704488192194692,0
6953,2.303206864665715,0
6954,0.35342859061527016,0
6955,5.063974686105146,0
6956,4.227380505063075,0
6957,2.3806931053092737,0
6958,1.3744595775932524,0
6959,2.2728864776007014,0
6960,2.008843734911137,0
6961,4.847907055158771,0
6962,1.0669603119568951,0
6963,5.425039022361085,0
6964,2.3273548849017156,0
6965,0.7607113242352513,0
6966,0.940393016234076,0
6967,1.39966483002298,0
6968,1.201213593201976,0
6969,3.4525762267486857,0
6970,8.343395944390032,1
6971,3.7539645065718665,0
6972,0.6828447982620431,0
6973,4.158805826672485,0
6974,3.5061684263226818,0
6975,2.856254125704982,0
6976,0.8351975590375347,0
6977,6.7274877824657615,0
6978,2.248836271248288,0
6979,6.703298968140111,0
6980,0.8916991991743981,0
6981,0.5004002380498997,0
6982,2.19788048619057,0
6983,1.8454537130638886,0
6984,2.922225305566469,0
6985,1.6790981552718747,0
6986,2.201513905315009,0
6987,3.0427761625664944,0
6988,1.991253011514993,0
6989,2.409191290403409,0
6990,3.290923042510799,0
6991,0.5467096711800065,0
6992,2.2934642795071265,0
6993,0.20199197318513365,0
6994,10.639892819744464,1
6995,2.815419147269782,0
6996,1.9230079936639872,0
6997,2.259503338523065,0
6998,4.7905661657307865,0
6999,2.2415585160224856,0
7000,1.2462531886892552,0
7001,4.412675822140122,0
7002,1.6359142964399647,0
7003,3.086076028224949,0
7004,3.0223848142615126,0
7005,1.1909701093868972,0
7006,1.8642844656938464,0
7007,2.427091869137712,0
7008,1.8234060612025458,0
7009,1.6043735028673725,0
7010,2.59219738572594,0
7011,3.4064263556266425,0
7012,4.043356488356644,0
7013,0.9109540600667427,0
7014,4.281104397188489,0
7015,6.214986823000886,0
7016,2.0471159805540586,0
7017,0.8364108326975406,0
7018,1.3074309935024577,0
7019,0.7493031955564988,0
7020,2.1960396799450526,0
7021,6.927785970558641,0
7022,2.8872721514563335,0
7023,4.049244101804321,0
7024,1.5763480392587503,0
7025,4.860450112854731,0
7026,4.036703882424934,0
7027,5.538968905957609,0
7028,4.654584229338568,0
7029,3.1489004035186374,0
7030,0.8472543149757155,0
7031,1.8521023479588474,0
7032,1.4146115388002432,0
7033,1.3235692742436929,0
7034,0.7383185090219797,0
7035,0.8424047310611481,0
7036,0.8074157874106384,0
7037,4.72348262931692,0
7038,3.774116393550153,0
7039,3.103141640231964,0
7040,6.696607510094577,0
7041,1.0600136256598915,0
7042,3.6700403256553846,0
7043,1.8181197691664412,0
7044,0.5309865182301264,0
7045,4.907971009676895,0
7046,2.1527712263319922,0
7047,2.705889719532334,0
7048,8.696841611903784,1
7049,1.5243483000237044,0
7050,3.3577124500568094,0
7051,3.1281106302464483,0
7052,3.567871795395081,0
7053,3.751079025285095,0
7054,0.7060302354037792,0
7055,3.683466543574615,0
7056,3.4472147400163937,0
7057,2.1400877540856285,0
7058,3.583038897130573,0
7059,3.651817629286664,0
7060,2.009500118674388,0
7061,1.913484917236299,0
7062,1.6227986810290862,0
7063,2.943725317194213,0
7064,1.5528164144313699,0
7065,0.6278794166481239,0
7066,2.2556930253209777,0
7067,4.039115564235415,0
7068,3.2988031208472894,0
7069,2.9103934144668333,0
7070,2.9776644402235406,0
7071,4.020566679539535,0
7072,3.08176579329668,0
7073,3.989159556531061,0
7074,5.863586317091299,0
7075,3.323161945573136,0
7076,0.9464664856069331,0
7077,2.6607341341517725,0
7078,2.4186352111136378,0
7079,2.5354871557046694,0
7080,10.755508607150405,1
7081,5.83918136328925,0
7082,3.904024401227755,0
7083,9.378966109696263,1
7084,2.6879894087455045,0
7085,0.24855794892269514,0
7086,1.3488956735890163,0
7087,3.6317444751269687,0
7088,2.1493529152923285,0
7089,1.4857425854339927,0
7090,0.7913218259433809,0
7091,1.0941305447571792,0
7092,1.8898319633448775,0
7093,4.841973709660129,0
7094,2.1345875258339566,0
7095,1.4617508199530094,0
7096,1.4648671247285112,0
7097,5.066756814226527,0
7098,1.8928014425980124,0
7099,2.3750324874428386,0
7100,1.1825584756549363,0
7101,0.4952784132668606,0
7102,3.415596101721002,0
7103,4.2126935606602025,0
7104,3.792629030463714,0
7105,1.396263183358271,0
7106,0.7511985497535495,0
7107,1.383286831359863,0
7108,1.4047537895892879,0
7109,1.936763648556739,0
7110,12.360065797189984,1
7111,5.654094519362589,0
7112,7.366027395835776,0
7113,1.4667649108139147,0
7114,2.6006179691856826,0
7115,2.3969134582566967,0
7116,9.459794268907872,1
7117,4.194121504060333,0
7118,3.9158425914097608,0
7119,6.540961222871199,0
7120,1.7487024513930014,0
7121,2.4334732505367684,0
7122,5.793755378726664,0
7123,9.716250090549364,1
7124,7.930168354891039,0
7125,1.5755096217160445,0
7126,1.0830841211756628,0
7127,13.421897200290722,1
7128,2.5036962270572207,0
7129,3.143116883057255,0
7130,3.10580399488474,0
7131,6.461275988423421,0
7132,3.155687616544909,0
7133,2.304718986663856,0
7134,3.855494669465524,0
7135,3.052260308364436,0
7136,1.9506013065335766,0
7137,2.648908622391901,0
7138,0.9065339781118222,0
7139,0.9911692032065833,0
7140,1.0030356116645451,0
7141,1.1693807894177815,0
7142,1.0606864207075613,0
7143,2.203232704819255,0
7144,2.256691681641859,0
7145,2.8175730590549,0
7146,19.096658412114326,1
7147,2.8502355102677583,0
7148,0.3961132303136757,0
7149,2.744180738466481,0
7150,1.48460506050177,0
7151,1.5856310321078841,0
7152,1.3875889734613644,0
7153,4.75307995428321,0
7154,1.7980949595515434,0
7155,1.3068648340751623,0
7156,1.2298562683327168,0
7157,0.4981668633406312,0
7158,1.0207184090584802,0
7159,2.345442112525574,0
7160,1.0126271239108782,0
7161,3.6502801800772575,0
7162,2.661082109901831,0
7163,0.5565546649776797,0
7164,0.661373920496245,0
7165,8.278061528336487,1
7166,9.3609187121544,1
7167,0.7617750008479871,0
7168,2.4997355374368206,0
7169,2.4811031734298714,0
7170,0.4790889600033635,0
7171,2.331361799694369,0
7172,2.2754717070279207,0
7173,1.0391334641390044,0
7174,1.527927507082173,0
7175,1.55119605990555,0
7176,5.390065711544256,0
7177,2.5613281162495416,0
7178,3.210855733055863,0
7179,1.8320217657673277,0
7180,1.6886394682094796,0
7181,5.213496475291032,0
7182,2.189533709691039,0
7183,1.5165892428472725,0
7184,3.6668413906194703,0
7185,2.1687075867680097,0
7186,3.588220304475745,0
7187,1.8025527922241984,0
7188,2.5554803754278956,0
7189,1.1809403653141297,0
7190,5.09972823420187,0
7191,0.7433433496979325,0
7192,1.7844937886535817,0
7193,2.236858099812821,0
7194,6.693287371402056,0
7195,2.341512699309582,0
7196,3.651480515314389,0
7197,1.104063267337876,0
7198,1.5167278947483738,0
7199,1.3777440270836085,0
7200,3.593799946014672,0
7201,3.9230764159521425,0
7202,2.720850152050029,0
7203,0.7769924392755533,0
7204,4.895367839762852,0
7205,5.76074373367029,0
7206,4.767480515989333,0
7207,8.839089882601534,1
7208,4.0160918938660295,0
7209,16.408957869183563,1
7210,4.6081841099520595,0
7211,4.437405529880805,0
7212,2.1677412528319664,0
7213,5.425147642390978,0
7214,1.0847752390881993,0
7215,2.4708129724617245,0
7216,4.917248746109808,0
7217,2.2245239196161615,0
7218,3.4028517032060446,0
7219,1.050276909261833,0
7220,1.616133161226967,0
7221,2.220074496025403,0
7222,3.292292885180034,0
7223,4.490560491628225,0
7224,0.5591260927837041,0
7225,2.399949602655011,0
7226,1.5576596295675047,0
7227,5.898211530383215,0
7228,0.715833992738365,0
7229,0.37827104610824147,0
7230,1.531935803982346,0
7231,1.5434398812443926,0
7232,2.3296292431217567,0
7233,2.28478559035596,0
7234,2.9390771447562742,0
7235,1.288763079874163,0
7236,5.298261584428914,0
7237,1.0122245980165279,0
7238,3.8345321916798283,0
7239,5.933213286365584,0
7240,1.301818329850854,0
7241,0.724856825544755,0
7242,11.022903858474177,1
7243,1.8497756767933176,0
7244,3.874846686840356,0
7245,1.2010873450994126,0
7246,0.36929244500016506,0
7247,3.298543197392986,0
7248,4.673278056013647,0
7249,0.478203726288837,0
7250,7.122887581957932,0
7251,0.5317919818183289,0
7252,3.731362182677549,0
7253,3.6662877272504155,0
7254,2.90821689984594,0
7255,2.9576905241368725,0
7256,4.901962731388871,0
7257,1.3204792750544072,0
7258,2.913376153923289,0
7259,5.964390382350819,0
7260,3.4660862888507107,0
7261,3.659687764433997,0
7262,6.0879259008888065,0
7263,2.366443038497864,0
7264,1.7645476334711698,0
7265,1.2682061141558307,0
7266,0.4510744072065905,0
7267,1.5162930676947437,0
7268,1.7752071422531823,0
7269,4.5012282198654505,0
7270,1.8662576566404914,0
7271,12.487070046415555,1
7272,4.696398663126003,0
7273,3.1413872990640437,0
7274,2.8098128828599935,0
7275,1.475764348325394,0
7276,3.9114453721465243,0
7277,7.43515856273367,0
7278,4.374685524792898,0
7279,4.41818377171866,0
7280,2.7359927653571505,0
7281,15.757402958549735,1
7282,1.638515868879385,0
7283,4.685114453138747,0
7284,7.185280407494782,0
7285,3.246016495494743,0
7286,0.943109217345419,0
7287,3.2216600034653924,0
7288,1.9054192126750233,0
7289,0.9907896238226042,0
7290,1.180117363903753,0
7291,5.69459525714619,0
7292,16.36060443618429,1
7293,0.7510335561260574,0
7294,1.467633343709099,0
7295,0.7926260755174829,0
7296,1.313537355245136,0
7297,24.313258713886174,1
7298,1.8550624598661372,0
7299,1.8858013355052166,0
7300,2.5082554165410422,0
7301,1.0795166484221095,0
7302,6.529071953951509,0
7303,2.654947187453415,0
7304,1.148050461097764,0
7305,2.6019087821835005,0
7306,1.6490725669654422,0
7307,3.4547814479039785,0
7308,2.826445154753281,0
7309,2.719603487566742,0
7310,3.5987217341717974,0
7311,2.5395134185650865,0
7312,10.297205182878523,1
7313,1.5675996365148555,0
7314,3.0560406310560153,0
7315,2.040794284470125,0
7316,2.231459867220093,0
7317,2.5360050442975353,0
7318,6.062146205550672,0
7319,0.8895960681526314,0
7320,10.233398546509742,1
7321,12.605609197810704,1
7322,5.37824298571204,0
7323,2.542079823420066,0
7324,1.9560971480507137,0
7325,1.1783726934668695,0
7326,2.5222947857865448,0
7327,2.2689996045243093,0
7328,13.74332470633826,1
7329,3.990252531989791,0
7330,1.345611861628808,0
7331,2.356141512774002,0
7332,1.7676221765538154,0
7333,3.5155743239597514,0
7334,2.9722344976579844,0
7335,2.5412384916009665,0
7336,1.1769692897458721,0
7337,2.601456566551003,0
7338,1.4797799636012032,0
7339,5.222089720052866,0
7340,4.662234227338511,0
7341,1.0705672543287459,0
7342,3.9342022997188404,0
7343,1.7371464498706655,0
7344,3.9706729512506063,0
7345,3.174167993946272,0
7346,0.6961489014327849,0
7347,1.5742284449773103,0
7348,1.2782665604755825,0
7349,2.61718166257775,0
7350,8.147023176886254,0
7351,4.794646280361431,0
7352,0.9518340876351161,0
7353,0.9028717254625432,0
7354,0.4608922784477019,0
7355,1.2938522759771716,0
7356,5.0860494069413535,0
7357,0.8931106482730653,0
7358,2.2066979284573067,0
7359,2.2600904644245845,0
7360,3.75834497990312,0
7361,1.6957176612849765,0
7362,5.554611344958963,0
7363,4.719181690977036,0
7364,2.4577351936437086,0
7365,14.223903392076767,1
7366,0.5097971141709728,0
7367,1.7243521840041873,0
7368,1.1193076796159476,0
7369,1.5770843868475852,0
7370,1.8164831500780008,0
7371,4.306768459084452,0
7372,1.2452689880039014,0
7373,0.41587036855334536,0
7374,4.045110087686045,0
7375,3.1349647250408674,0
7376,3.6561447927679738,0
7377,3.037933520658575,0
7378,2.206156732701815,0
7379,1.1568413815689946,0
7380,3.5598103681120743,0
7381,0.7454698314610863,0
7382,1.9205066611406538,0
7383,3.001007770997538,0
7384,2.2032121412604364,0
7385,0.9692349908814355,0
7386,2.3972375818174507,0
7387,1.6192140390960408,0
7388,8.340884225307589,1
7389,3.720277094707086,0
7390,4.4593023808189205,0
7391,0.970389070022275,0
7392,0.7247273572338744,0
7393,1.5239532189432659,0
7394,2.2235612726814193,0
7395,9.754620311021577,1
7396,1.9002447156114513,0
7397,0.5017013654816708,0
7398,1.8788607156043045,0
7399,1.9773866824676414,0
7400,0.8931661671000665,0
7401,0.5939472881931551,0
7402,2.089847582206693,0
7403,6.22701923538649,0
7404,1.3666884299505184,0
7405,2.1197232151574683,0
7406,1.4910578250476323,0
7407,0.8826057055490426,0
7408,2.1634614524630447,0
7409,5.495790172587397,0
7410,0.6839692451999979,0
7411,2.930505644272392,0
7412,0.40963509851832003,0
7413,0.7535010106361961,0
7414,0.7015782605452084,0
7415,2.5013543103174793,0
7416,4.241816056747752,0
7417,1.4054830310512307,0
7418,10.647458969709373,1
7419,2.616578427541927,0
7420,2.1713035505219707,0
7421,4.081834353833014,0
7422,1.9647525450307204,0
7423,4.979984205892333,0
7424,3.226961960356951,0
7425,4.173741569686469,0
7426,2.6921202494398146,0
7427,3.775173855460061,0
7428,1.3529916122388348,0
7429,3.0508481603909567,0
7430,0.46483216813003686,0
7431,4.945275422684615,0
7432,2.8080591951675347,0
7433,1.0890892813998916,0
7434,4.480821268923886,0
7435,1.8420981723642567,0
7436,1.638659500860849,0
7437,0.5516907036496149,0
7438,1.6136974027913344,0
7439,1.6631225749575407,0
7440,3.0020129552479373,0
7441,2.7856803761042586,0
7442,2.9191695149079306,0
7443,3.0656931017736624,0
7444,0.795978697258096,0
7445,0.8422320832039197,0
7446,2.848281660749228,0
7447,2.551805575166162,0
7448,7.249702373305634,0
7449,1.206923572112619,0
7450,2.345832917395472,0
7451,1.080007697400537,0
7452,0.33041205707139815,0
7453,1.8586873328294578,0
7454,1.3933763359791511,0
7455,0.585222075798565,0
7456,11.617636298216528,1
7457,1.1382652032650917,0
7458,2.876617016159064,0
7459,2.336227936753937,0
7460,6.105388789416253,0
7461,2.4928732344830364,0
7462,1.4366107411973956,0
7463,2.2279399328821996,0
7464,1.919422946166804,0
7465,2.4131132423389863,0
7466,5.993854598654333,0
7467,2.3355448537898154,0
7468,2.3334131882043563,0
7469,1.4859678342695302,0
7470,1.7161169146505446,0
7471,1.9234033149617662,0
7472,5.154732731265671,0
7473,1.891397270213066,0
7474,1.4428591173935161,0
7475,8.59440846944733,1
7476,0.9315145357801188,0
7477,2.387929498922963,0
7478,1.2146600776151943,0
7479,0.8371779208334144,0
7480,3.328078649185362,0
7481,1.1930837879378027,0
7482,1.4638628264898335,0
7483,9.91647932676062,1
7484,2.2968214813956953,0
7485,2.3432351947731838,0
7486,2.168588509127711,0
7487,0.957565412906787,0
7488,1.3652364747329324,0
7489,3.653674380960945,0
7490,2.0658091449026283,0
7491,1.1784460290480452,0
7492,0.7306630604439086,0
7493,4.592121584422803,0
7494,2.5824839670366972,0
7495,3.084389552596383,0
7496,3.341468673427137,0
7497,2.194792003781271,0
7498,2.9953914632387875,0
7499,4.034812857614893,0
7500,4.633333293488433,0
7501,6.454179995362768,0
7502,1.8895141859826787,0
7503,2.1019449562561605,0
7504,2.7032956594739788,0
7505,2.4709568103447177,0
7506,0.43527051740569794,0
7507,3.9229598369153975,0
7508,2.048105402211359,0
7509,8.844070742089398,1
7510,4.347739933369758,0
7511,1.8854282554438562,0
7512,1.9379409624415322,0
7513,5.216198485966487,0
7514,2.6995194528870368,0
7515,0.8713835704906698,0
7516,1.968765642518077,0
7517,0.5630014542526062,0
7518,1.5869645535890309,0
7519,1.7219466355187978,0
7520,9.287228504086015,1
7521,0.5011735994755603,0
7522,1.6181029330805774,0
7523,4.627655035033229,0
7524,4.163470045872601,0
7525,3.5148748532867953,0
7526,7.56531493663926,0
7527,2.8986178895003776,0
7528,0.5015602275609381,0
7529,1.2299702113450253,0
7530,10.92188909443232,1
7531,2.4887920901487934,0
7532,2.5498654417565114,0
7533,1.314296308229545,0
7534,2.596944948450301,0
7535,2.972405096015046,0
7536,1.8897880671111045,0
7537,3.912191624987401,0
7538,2.4604042426768915,0
7539,2.684602572671325,0
7540,1.2207296304311868,0
7541,2.5717552010485045,0
7542,1.2851845309453878,0
7543,3.8137733040164816,0
7544,0.8791415922122678,0
7545,1.7495714706152408,0
7546,5.248009704176716,0
7547,1.6507410330116101,0
7548,2.0607897924032836,0
7549,2.374618660454184,0
7550,2.128515039711568,0
7551,2.1237123215023916,0
7552,0.5217550950413979,0
7553,1.339617298585979,0
7554,1.3169154968338745,0
7555,5.582176097278662,0
7556,1.7486997007166991,0
7557,0.9255157080015074,0
7558,5.4535518354645856,0
7559,1.2279333070106226,0
7560,2.1182654839947026,0
7561,3.7105961888586267,0
7562,2.118838595235566,0
7563,2.0723268448644223,0
7564,0.8124747086949229,0
7565,5.104669954417433,0
7566,1.5877775241536982,0
7567,3.8518514840947353,0
7568,1.4408467193902206,0
7569,1.523911214088992,0
7570,1.1459306216140193,0
7571,3.056967045728987,0
7572,1.6032943155849466,0
7573,7.178230505409106,0
7574,1.0700861800666208,0
7575,2.076525825644874,0
7576,0.8076003055409167,0
7577,2.636767597601247,0
7578,1.0167114147409237,0
7579,3.263765053486874,0
7580,7.950454192697903,0
7581,1.6040387473918112,0
7582,1.678991583955226,0
7583,1.198312722492557,0
7584,3.0286967330489465,0
7585,5.419860211218652,0
7586,0.7570158195019749,0
7587,1.3274882173616205,0
7588,3.6167794697866738,0
7589,2.3890458232972134,0
7590,0.848758398865034,0
7591,1.7048201221830324,0
7592,0.9539364034658919,0
7593,4.398277614916856,0
7594,0.7943922759238488,0
7595,0.5403435406621602,0
7596,2.0366029855609327,0
7597,2.4619329309645677,0
7598,2.408256884032702,0
7599,7.218888696164756,0
7600,4.962345312965326,0
7601,0.8388934939024238,0
7602,1.0284164866467882,0
7603,1.9923768023253234,0
7604,3.4257998490945334,0
7605,2.7465788540298366,0
7606,0.8330242753303977,0
7607,2.174866005149146,0
7608,6.111560536700536,0
7609,1.6405958030573369,0
7610,6.726377757467612,0
7611,2.4399267541960357,0
7612,1.649238187025913,0
7613,1.993842274093628,0
7614,1.6472088757422783,0
7615,2.350291730470927,0
7616,1.9020387638337326,0
7617,2.4590574495442743,0
7618,4.20335092275688,0
7619,1.9816083701711138,0
7620,4.569060663526338,0
7621,2.6157366231072254,0
7622,0.459519276876202,0
7623,1.7367494046170397,0
7624,2.0130936331407514,0
7625,1.7378710262480246,0
7626,2.166944745613288,0
7627,0.7065537552402723,0
7628,2.452158510876863,0
7629,1.5487211181460476,0
7630,3.2787961157973435,0
7631,1.2681248786732544,0
7632,3.348520185312887,0
7633,2.4945600889778508,0
7634,0.7617960479045174,0
7635,1.2148655930585062,0
7636,2.424351433505559,0
7637,1.549001852051701,0
7638,2.2004794937331,0
7639,6.332198176784319,0
7640,0.5843858945872316,0
7641,1.1505888366246169,0
7642,0.9927718537096342,0
7643,1.8087368558633172,0
7644,5.871931976598278,0
7645,0.7446834561055409,0
7646,8.093133527020294,0
7647,3.803549447328753,0
7648,0.9496283176899399,0
7649,3.5279484696050023,0
7650,3.7566122715637187,0
7651,2.3344907009195803,0
7652,2.606824235720059,0
7653,0.8568618817989271,0
7654,0.5317410784632316,0
7655,2.1250391029147635,0
7656,0.7154032433370786,0
7657,3.7813715697916948,0
7658,2.943789067640155,0
7659,3.9067938696367674,0
7660,4.720280178445233,0
7661,0.5962913073052156,0
7662,2.9315862353949425,0
7663,4.777871832646095,0
7664,0.5527201430728056,0
7665,6.155388682983946,0
7666,6.063555201933539,0
7667,3.5458052011156562,0
7668,1.2993976343434268,0
7669,8.391639941230808,1
7670,1.3063279273376516,0
7671,11.524291494934477,1
7672,3.764079614209053,0
7673,1.995812829990238,0
7674,1.3994741646504065,0
7675,1.67256812027074,0
7676,2.9204495038770752,0
7677,3.013172946441142,0
7678,0.8869381690569431,0
7679,2.1172337139330395,0
7680,4.244185548296229,0
7681,4.443277159841844,0
7682,3.0900130403783055,0
7683,1.2552763522186765,0
7684,3.060623863408385,0
7685,1.6491244963275429,0
7686,1.521844020393188,0
7687,9.144810200620276,1
7688,3.878590727315627,0
7689,3.0065362934149573,0
7690,2.072552836801864,0
7691,2.9532020379882624,0
7692,7.484961318194255,0
7693,6.967768995875606,0
7694,0.7051051197640172,0
7695,3.9916514596856856,0
7696,2.170801129859391,0
7697,2.3435164949765777,0
7698,1.4585578572074913,0
7699,3.3843046996609165,0
7700,2.9110716305677844,0
7701,1.8577555559269772,0
7702,2.9305753906049663,0
7703,2.195463675157754,0
7704,6.877613355654805,0
7705,1.8523802222052486,0
7706,2.54003609364927,0
7707,2.0078599965036803,0
7708,9.743427240886843,1
7709,4.9164674246290865,0
7710,1.078159657328649,0
7711,2.5442452046196373,0
7712,1.2995101209756905,0
7713,2.5341708225176642,0
7714,4.420390788431729,0
7715,2.6465536894641444,0
7716,1.5726321895554645,0
7717,2.595783206901127,0
7718,2.727664690802611,0
7719,2.6884600030352153,0
7720,0.3882638554240118,0
7721,0.6182027867110153,0
7722,1.7390158974285344,0
7723,1.9020215425317994,0
7724,3.0293825487059545,0
7725,4.358629074254626,0
7726,0.4668526525837345,0
7727,1.240806218000519,0
7728,2.8747021317978922,0
7729,4.019340064783773,0
7730,1.975162788393248,0
7731,5.789710745456033,0
7732,1.9492574010001151,0
7733,2.0611066562447165,0
7734,1.6242345401008493,0
7735,2.457495647505986,0
7736,1.8143292460489493,0
7737,6.551695955850873,0
7738,1.819312909195531,0
7739,2.807248399578733,0
7740,1.2950615030214772,0
7741,4.2829849006236635,0
7742,3.2899470118717073,0
7743,1.8128339479894697,0
7744,0.724504720804713,0
7745,1.1373837962916906,0
7746,0.3004657651759244,0
7747,6.260396068098572,0
7748,2.9929283301760066,0
7749,6.617253160186967,0
7750,1.0652515658075885,0
7751,6.031816675561599,0
7752,12.731075739108565,1
7753,1.895453589430543,0
7754,2.7611328099642334,0
7755,4.846477937666109,0
7756,2.5983266044398956,0
7757,1.8990222311728702,0
7758,8.133671227346898,0
7759,2.503325969228221,0
7760,5.621469063341169,0
7761,1.4836510180920581,0
7762,0.8473730872246429,0
7763,0.7109340950787747,0
7764,1.72409171778791,0
7765,13.610926863199314,1
7766,1.2087656630011365,0
7767,1.3104642336125247,0
7768,3.5248616484031516,0
7769,4.055563826205489,0
7770,3.3675622699941403,0
7771,2.675319425415892,0
7772,0.9402925527080603,0
7773,2.1804290494916634,0
7774,5.634931915022059,0
7775,2.2774632577062657,0
7776,0.7780916304725852,0
7777,2.007359218046121,0
7778,1.6125235110140097,0
7779,2.0603378274762525,0
7780,0.8640151938543681,0
7781,0.8566418497229028,0
7782,4.513547512200235,0
7783,0.45137496646474856,0
7784,2.808050917217027,0
7785,5.291620494640482,0
7786,1.9230094250830418,0
7787,2.289826807448041,0
7788,2.3404836428212366,0
7789,2.206293445748695,0
7790,0.2926408222911429,0
7791,1.749434687182756,0
7792,1.5964513104550981,0
7793,0.8599135690908455,0
7794,7.739988385957985,0
7795,7.531356278623165,0
7796,2.708560270027639,0
7797,5.15501968157863,0
7798,2.561240642101389,0
7799,3.4703009891130665,0
7800,1.820049260435752,0
7801,1.3447785248319613,0
7802,1.313068150482681,0
7803,1.4841707627794445,0
7804,2.2297615814095564,0
7805,1.4156198993569233,0
7806,2.589226183103071,0
7807,2.288459771872426,0
7808,0.9444319597241427,0
7809,1.094233943502472,0
7810,6.420226910274347,0
7811,0.5483511378225698,0
7812,4.094337004568266,0
7813,2.146039346050849,0
7814,1.4181379060336492,0
7815,1.8049287939555465,0
7816,3.9124017407719682,0
7817,1.21772080956472,0
7818,3.1717056185261057,0
7819,0.9419917184759502,0
7820,2.596494758092407,0
7821,3.7910509110986768,0
7822,0.7909639471008805,0
7823,3.3259171422979272,0
7824,2.8188661515549667,0
7825,4.775547946366549,0
7826,3.070546089807265,0
7827,3.7785404993558633,0
7828,3.171100264159558,0
7829,3.3281273127115454,0
7830,1.259657916902713,0
7831,3.1765935215424452,0
7832,1.1657334810992297,0
7833,1.2109863174921311,0
7834,2.734396072077808,0
7835,3.9296488364361233,0
7836,2.6835291203789025,0
7837,11.488857255865444,1
7838,2.322837371341419,0
7839,4.377071858711162,0
7840,5.471547100870008,0
7841,1.5010550627107049,0
7842,0.3957804601292478,0
7843,1.9219664080680632,0
7844,1.5137517422764342,0
7845,1.5311749829073904,0
7846,1.7184085381199827,0
7847,4.313820595062664,0
7848,1.5008016711515184,0
7849,1.0126954043934984,0
7850,7.27976827237676,0
7851,1.9096001770321407,0
7852,1.8627961178021688,0
7853,2.8287167602495775,0
7854,1.277322705024841,0
7855,0.3623899964341201,0
7856,14.19309292146767,1
7857,0.4657805903412137,0
7858,0.5570846845120389,0
7859,1.680088244238648,0
7860,3.071404578378608,0
7861,11.700684021120251,1
7862,2.3122111581879503,0
7863,2.1216218495717047,0
7864,1.3476424378456586,0
7865,1.5729297378602822,0
7866,1.572723667357102,0
7867,3.5044435044256423,0
7868,2.200619140125035,0
7869,18.61964566877894,1
7870,1.2105145143634923,0
7871,7.562336591838476,0
7872,3.469404213811771,0
7873,0.8926468350019597,0
7874,1.2594658385627764,0
7875,5.359787601789507,0
7876,1.1953327239962177,0
7877,11.925641007786892,1
7878,1.4738868404341892,0
7879,4.599474550499747,0
7880,2.7029121966951926,0
7881,1.5293477841210845,0
7882,3.68367048163955,0
7883,2.665682510574793,0
7884,1.5906398190717697,0
7885,1.649944792440931,0
7886,13.49157993072688,1
7887,4.438199836099338,0
7888,3.8146137915777607,0
7889,1.7848503941014038,0
7890,3.933977466271353,0
7891,15.952821785009375,1
7892,0.6203322644568247,0
7893,3.9149857543567492,0
7894,3.580708954707395,0
7895,1.980052528141239,0
7896,0.7261498453909506,0
7897,5.946558750354871,0
7898,2.2302160640485997,0
7899,1.5141433154475485,0
7900,0.8636766322714803,0
7901,2.5116061265166634,0
7902,0.6692168131975105,0
7903,2.5037676442911563,0
7904,2.111037231824789,0
7905,0.7235867177582521,0
7906,0.6930418342076713,0
7907,2.4840970504952264,0
7908,2.470645574100059,0
7909,1.3365172676570085,0
7910,6.871425590828108,0
7911,4.150171627003679,0
7912,1.289368550872845,0
7913,1.0527183367379578,0
7914,7.443456658337319,0
7915,5.371705412498553,0
7916,5.281637365498716,0
7917,1.2294643682818889,0
7918,1.217857638941321,0
7919,0.5571638570276022,0
7920,4.372203468454454,0
7921,0.916297269235803,0
7922,3.2883876942415715,0
7923,2.402155009520094,0
7924,1.8302287813727875,0
7925,1.5558722537078125,0
7926,4.171565154006155,0
7927,2.202372659485645,0
7928,1.5004778735536628,0
7929,1.2733980178250806,0
7930,2.3488304627155814,0
7931,3.535082371574642,0
7932,2.3928706075325334,0
7933,2.7843009033238673,0
7934,4.918771708860183,0
7935,0.8861602494724911,0
7936,2.8734504983964793,0
7937,2.2571521738488802,0
7938,3.187325102840098,0
7939,5.261716863530919,0
7940,2.7484899356171093,0
7941,1.2119545464297212,0
7942,8.157510056634958,0
7943,0.925289390221968,0
7944,2.5408331268832183,0
7945,1.7103950126936711,0
7946,8.181807969500687,0
7947,0.5175124968466137,0
7948,6.195412009408145,0
7949,4.08048840148077,0
7950,1.6824774085247982,0
7951,1.5462716615326448,0
7952,1.271714258120786,0
7953,4.313783245818651,0
7954,3.9921212190113886,0
7955,6.508091498911797,0
7956,1.240584137907449,0
7957,3.076974527411579,0
7958,1.8862315362271298,0
7959,2.499124655916178,0
7960,0.42966337457024484,0
7961,5.5015483304231685,0
7962,0.9169832530852479,0
7963,1.1898369361506522,0
7964,0.9016689126058083,0
7965,3.3263286042194826,0
7966,2.758813029836894,0
7967,1.153319582777018,0
7968,2.5358560760008557,0
7969,3.2548303475820624,0
7970,1.1672482615134894,0
7971,2.6993554463672025,0
7972,2.8745149805886188,0
7973,3.408378174871553,0
7974,0.7154545349302533,0
7975,1.2157643153404176,0
7976,0.6339973441407394,0
7977,0.6063927629471275,0
7978,0.5941621498692898,0
7979,3.5746924038982897,0
7980,3.5698390712688024,0
7981,2.876108467238862,0
7982,5.558951406585857,0
7983,1.9980006671151822,0
7984,2.118653358855961,0
7985,9.421551351573276,1
7986,1.6226640629767723,0
7987,1.0533008300802005,0
7988,0.4503510772380542,0
7989,1.5162178492097562,0
7990,1.7955152591945234,0
7991,2.8299701840540026,0
7992,1.8842250498040258,0
7993,4.369889693982489,0
7994,0.8175883884978064,0
7995,1.518953329608587,0
7996,1.7518835661528407,0
7997,1.6184350479598502,0
7998,1.9881183292628,0
7999,3.122952125472986,0
8000,2.953948041139947,0
8001,1.0975294908879372,0
8002,10.017493604524462,1
8003,2.436062111399264,0
8004,1.3323686700625605,0
8005,2.9110975750253303,0
8006,0.9907444432874012,0
8007,4.085641374216518,0
8008,1.2370885053777214,0
8009,1.5910283160682044,0
8010,1.527020902103241,0
8011,6.11600782504263,0
8012,4.379348440788661,0
8013,0.45953677412289723,0
8014,0.9098228042123279,0
8015,2.243699634957499,0
8016,3.2166087678635176,0
8017,7.278691031060253,0
8018,1.043968563357557,0
8019,10.353424153725983,1
8020,0.6878407428885046,0
8021,3.1355706047121976,0
8022,2.068434424617755,0
8023,7.502314138357703,0
8024,2.675135084847152,0
8025,0.9739349749263018,0
8026,4.265561060322397,0
8027,2.969619288385094,0
8028,1.4947499551940358,0
8029,3.874433797632713,0
8030,1.0018651977306672,0
8031,4.185590293399982,0
8032,4.590028702858433,0
8033,2.612508299664262,0
8034,7.789874374038383,0
8035,2.0177535112607856,0
8036,0.47234293312591286,0
8037,1.8656779810309116,0
8038,0.7055813074684086,0
8039,0.5162728860226738,0
8040,1.2621818714295328,0
8041,4.538479424914508,0
8042,3.886229105791831,0
8043,5.3993215619901065,0
8044,4.5360060642472915,0
8045,2.510677576151772,0
8046,3.204511303578392,0
8047,1.1373343005562426,0
8048,3.6115839978180504,0
8049,1.4916637479956372,0
8050,3.509109153061907,0
8051,3.151082690208236,0
8052,5.60557500999277,0
8053,3.0729875318717914,0
8054,1.074131900177541,0
8055,0.9112842232831336,0
8056,5.933800117231144,0
8057,2.5868346818521575,0
8058,0.9788487641263764,0
8059,5.6929611398570765,0
8060,2.8587980335516434,0
8061,0.6310350367891736,0
8062,2.2900611775862556,0
8063,10.226702995395135,1
8064,2.088512285602668,0
8065,1.47132257481951,0
8066,1.2241593230470351,0
8067,2.286353911279893,0
8068,2.4167912508419147,0
8069,1.7391271944819426,0
8070,2.847408665848382,0
8071,2.9511858435003804,0
8072,4.283030017383425,0
8073,2.9895450950780855,0
8074,1.867473744903173,0
8075,6.2490145610593455,0
8076,0.3336317211828093,0
8077,3.0344148695900257,0
8078,1.493041143813709,0
8079,1.339036990157651,0
8080,2.7534189236660582,0
8081,2.8108150789449096,0
8082,2.9513072772084086,0
8083,8.459399465422667,1
8084,3.968432545768223,0
8085,6.100566308036962,0
8086,0.5075124743161948,0
8087,1.6347098978815613,0
8088,2.1826593197948005,0
8089,2.016705898442992,0
8090,5.738557445669767,0
8091,0.6031026549425571,0
8092,1.7639832400737778,0
8093,1.1228862680156761,0
8094,0.6356076014335562,0
8095,1.5706734597229999,0
8096,3.062895271587434,0
8097,7.889125895941971,0
8098,0.8540854082220812,0
8099,1.2853334671500436,0
8100,1.2625020952734647,0
8101,0.7231481071041128,0
8102,11.199826666497064,1
8103,16.097416573454076,1
8104,6.37529381973205,0
8105,5.810566608166885,0
8106,0.9438486406725897,0
8107,0.7009643920873349,0
8108,0.7355395304980351,0
8109,2.6030207170635675,0
8110,2.110464700225476,0
8111,2.2004112502376993,0
8112,1.6691510278956012,0
8113,3.712875891014538,0
8114,6.268787135613278,0
8115,1.0318390898289231,0
8116,2.8036908788425268,0
8117,4.795167088077476,0
8118,3.1975612544278884,0
8119,8.321801390600426,1
8120,4.518161240130752,0
8121,2.9500399069690664,0
8122,3.073092221537493,0
8123,11.140958959051234,1
8124,3.9360509895258122,0
8125,2.1293817007343767,0
8126,1.60885250238034,0
8127,0.9506464165081405,0
8128,0.820281437185083,0
8129,3.908212307595944,0
8130,2.2673034064785296,0
8131,3.335543448170077,0
8132,1.4202039019760884,0
8133,4.371571556653658,0
8134,2.5508935576210394,0
8135,5.070202328867796,0
8136,1.6896716979963964,0
8137,7.502037029162859,0
8138,4.28746239784001,0
8139,3.3700868343081143,0
8140,0.6178414007826073,0
8141,2.357949514559616,0
8142,0.98040787238884,0
8143,2.7450566936576544,0
8144,2.285272888499003,0
8145,2.4615649722786372,0
8146,0.4527545010844277,0
8147,0.49821865853549074,0
8148,3.038005604883581,0
8149,4.282437732849943,0
8150,3.47687810450934,0
8151,1.0941705315071308,0
8152,2.494644799334217,0
8153,3.7271831685930596,0
8154,1.5324234330420405,0
8155,12.46582687621195,1
8156,1.7268665336719773,0
8157,2.7689729173426185,0
8158,5.092315243150709,0
8159,3.596728729929097,0
8160,1.913902279486536,0
8161,2.241740229281533,0
8162,1.8218440073485238,0
8163,1.7737183108184624,0
8164,6.276930302797411,0
8165,2.0953604637077055,0
8166,1.0131501938038106,0
8167,3.661983881916484,0
8168,3.398152056598627,0
8169,0.9133805094248939,0
8170,3.537942810550931,0
8171,1.565821838006096,0
8172,12.706730994066962,1
8173,13.511632266456083,1
8174,1.7551738083185398,0
8175,3.5227397748540255,0
8176,2.6382400639048655,0
8177,9.892598717673463,1
8178,1.471527078592519,0
8179,5.232631928213763,0
8180,2.0492051340361352,0
8181,2.9801541649764434,0
8182,3.2122592255846403,0
8183,4.013026963340564,0
8184,4.689169075239321,0
8185,1.8232808648613552,0
8186,2.9554715080294387,0
8187,3.3306732895681277,0
8188,4.927346024026613,0
8189,4.8495345279416515,0
8190,4.680448005648312,0
8191,0.7401302576849125,0
8192,4.28115483901836,0
8193,4.901519413843376,0
8194,0.6829696234613682,0
8195,5.049974059558886,0
8196,0.7648437808640769,0
8197,11.020770134078397,1
8198,2.4348234460088825,0
8199,7.954080632924576,0
8200,2.4992457862513016,0
8201,4.938677572547591,0
8202,2.599398377644349,0
8203,1.2845705335531687,0
8204,10.053318146444395,1
8205,4.338856281291911,0
8206,0.9293478366985752,0
8207,1.14696931275497,0
8208,2.5952706717525236,0
8209,0.6786652845429059,0
8210,3.799049784559025,0
8211,19.384624602932163,1
8212,2.6710710678832386,0
8213,1.8321096717040308,0
8214,0.7340849210854189,0
8215,8.762539732237657,1
8216,2.05313357264377,0
8217,2.5306394198541655,0
8218,1.4888179851629724,0
8219,2.7111257734676686,0
8220,7.886407857339683,0
8221,4.2038773724564305,0
8222,3.026109473235958,0
8223,5.024569315410741,0
8224,2.4866513941975716,0
8225,1.6025851922822016,0
8226,5.079024781446111,0
8227,1.5965421824331627,0
8228,7.863462704892703,0
8229,12.212053973568581,1
8230,6.849966906494332,0
8231,2.863030256551387,0
8232,1.1846494714594928,0
8233,3.772611133453921,0
8234,0.5463461683102345,0
8235,6.834626089794613,0
8236,8.758255545959766,1
8237,2.4856127759410582,0
8238,2.2606311285251994,0
8239,1.709871355477855,0
8240,1.6447298516590023,0
8241,3.392545572473101,0
8242,0.4533640962916346,0
8243,3.552588402703512,0
8244,2.0332563108649944,0
8245,0.3528361416643519,0
8246,3.2462407801247886,0
8247,19.808723834666633,1
8248,2.291592247675566,0
8249,3.9300059782311623,0
8250,4.096331793019595,0
8251,1.388215406777254,0
8252,2.5479691627056456,0
8253,9.746220614910724,1
8254,3.6381448432789227,0
8255,1.9921827238879488,0
8256,1.011787134790127,0
8257,12.348073504539627,1
8258,1.960775404472298,0
8259,1.3091778050342888,0
8260,1.3772246097028196,0
8261,5.560794445643882,0
8262,2.9380640155279822,0
8263,2.5722424440409744,0
8264,3.3211831697671443,0
8265,7.157442129217093,0
8266,5.674784786734825,0
8267,1.7515068686826276,0
8268,3.171984150121445,0
8269,2.646142647149517,0
8270,2.710004440532012,0
8271,1.024981297422715,0
8272,0.5891426885516202,0
8273,1.8952690709623703,0
8274,2.8343653591717968,0
8275,7.028638543075904,0
8276,0.24572935618785205,0
8277,0.7595237448191877,0
8278,3.3092513741214686,0
8279,1.4749130727838133,0
8280,1.7599901946364318,0
8281,1.7882452030346576,0
8282,4.026168648530143,0
8283,2.842464812862933,0
8284,1.5917273761381567,0
8285,8.366805445643628,1
8286,1.2832663092074945,0
8287,3.846723691792329,0
8288,0.7717300059715373,0
8289,0.570802810632483,0
8290,9.750328138535286,1
8291,0.687865816510059,0
8292,2.2013044531059696,0
8293,2.371329738429063,0
8294,1.8997163339705252,0
8295,2.134307327500116,0
8296,0.7151734557799334,0
8297,0.4486743478611403,0
8298,2.586474783665987,0
8299,4.357030058342809,0
8300,2.4232657088002005,0
8301,2.126462028627159,0
8302,3.302504799833452,0
8303,1.6563633891956118,0
8304,4.31756362346472,0
8305,2.4460258906135297,0
8306,1.6781169824358229,0
8307,1.0514763585282454,0
8308,0.7623156070291497,0
8309,1.1437679056951642,0
8310,1.320780150084989,0
8311,0.9137847555658442,0
8312,2.7821290544070645,0
8313,1.4384121119134614,0
8314,3.64499260293352,0
8315,1.4299705227252195,0
8316,6.004816782190166,0
8317,1.4685960594997063,0
8318,2.6824342860191455,0
8319,2.5250273828041943,0
8320,0.4252251569462358,0
8321,1.4517856671175409,0
8322,11.126497634360161,1
8323,1.4537598109028083,0
8324,9.350563464798638,1
8325,1.4716118973405878,0
8326,2.7686701524059614,0
8327,2.950136347923112,0
8328,1.894347766182956,0
8329,1.5766456847393302,0
8330,9.24849177489794,1
8331,2.2778457304917668,0
8332,1.548683773416728,0
8333,7.568811905347673,0
8334,1.0867682799384881,0
8335,1.6668809226111054,0
8336,1.763938227055546,0
8337,1.4431070846887708,0
8338,21.79463724790572,1
8339,0.8318249855827965,0
8340,3.9946816650574957,0
8341,0.49120058185913024,0
8342,1.5726570606161994,0
8343,0.9575478169291604,0
8344,5.135913148067942,0
8345,2.123116523056457,0
8346,2.868518550669482,0
8347,11.633793105648,1
8348,2.2480457174909785,0
8349,2.8128461720842353,0
8350,0.4101928647947102,0
8351,3.0439042943287506,0
8352,1.868784427555133,0
8353,3.5080201420037516,0
8354,1.6572777849660134,0
8355,21.911294550735573,1
8356,2.2498203716179273,0
8357,5.2597419740512095,0
8358,2.2859695765606975,0
8359,0.6301545834560647,0
8360,4.33817600317372,0
8361,1.5384739394307887,0
8362,3.481992790926579,0
8363,4.09780498814499,0
8364,3.2230599930912023,0
8365,1.6540248310640604,0
8366,1.5587771710110003,0
8367,1.2583961915611972,0
8368,1.3809103740843993,0
8369,2.310223642736659,0
8370,3.5339063291040977,0
8371,3.3596992858655,0
8372,3.6619321855513505,0
8373,3.2081678222207497,0
8374,5.487145643092776,0
8375,2.797820558185474,0
8376,1.3479990894625467,0
8377,1.04613674329314,0
8378,1.8802245690263395,0
8379,1.1260219140178505,0
8380,1.2898094111342542,0
8381,3.4226063077451077,0
8382,1.7071396466391626,0
8383,2.5019028705807154,0
8384,11.274973267936842,1
8385,2.8419701337170538,0
8386,1.231198319053233,0
8387,1.3729598794942204,0
8388,1.582476002008248,0
8389,1.8822704801267134,0
8390,1.9076790912422685,0
8391,5.863702499185219,0
8392,8.438910742361008,1
8393,0.4921958136838098,0
8394,0.4802696093649127,0
8395,4.152701828668925,0
8396,2.2951664493961044,0
8397,1.8929492663030592,0
8398,0.7791662325913921,0
8399,0.5811809113037361,0
8400,3.3361542843412026,0
8401,2.454039306258487,0
8402,1.110470293010503,0
8403,2.978669419170228,0
8404,2.7213274353559798,0
8405,1.7509110296645216,0
8406,1.9201682968401104,0
8407,1.2222342535580188,0
8408,1.419690612690299,0
8409,0.8815936292384354,0
8410,1.8223043847010234,0
8411,0.6992517773574052,0
8412,0.5304620521679467,0
8413,0.22549842649869098,0
8414,0.5564906555724173,0
8415,1.8663187864903557,0
8416,1.8083412879776128,0
8417,1.8370371694627354,0
8418,1.9315509141081137,0
8419,2.682531501323239,0
8420,0.7437073024405981,0
8421,4.244553675408324,0
8422,6.435648432006774,0
8423,15.196759514263213,1
8424,1.8177230164735165,0
8425,2.167311354722605,0
8426,0.4774530464661295,0
8427,1.1893672953140269,0
8428,4.0191352622812335,0
8429,2.2844528457428455,0
8430,3.954739082465749,0
8431,2.7912501437259842,0
8432,4.714546438853627,0
8433,1.5349265602393383,0
8434,1.414041805488034,0
8435,1.9984456909644523,0
8436,2.5594832363123765,0
8437,2.5106543050339365,0
8438,6.5368591518325845,0
8439,2.6030445897271672,0
8440,2.928516725487641,0
8441,2.469938515541669,0
8442,1.3182619421032753,0
8443,1.3852243645849578,0
8444,1.152254850752468,0
8445,1.66954172392267,0
8446,4.767663298992029,0
8447,1.0084207044536628,0
8448,3.594350094178925,0
8449,4.789842936322981,0
8450,7.365116520561907,0
8451,2.6581892274135295,0
8452,3.2016384148414967,0
8453,9.410197822760976,1
8454,3.0792143545112958,0
8455,4.71449381131732,0
8456,5.81415307274494,0
8457,6.310022397711092,0
8458,2.3838049090489477,0
8459,1.6951672094387917,0
8460,4.30444161541544,0
8461,2.0437402621477694,0
8462,3.66065481260599,0
8463,4.238139199310896,0
8464,2.945800290591721,0
8465,1.4461341985668457,0
8466,1.5871968460652892,0
8467,3.09566924406566,0
8468,2.7611410781375882,0
8469,3.2701273603338232,0
8470,3.261672664324338,0
8471,3.1518562400517456,0
8472,1.1998391205895282,0
8473,3.398813238292147,0
8474,9.789340280150634,1
8475,2.3021204542461797,0
8476,3.276113587010011,0
8477,7.183378836526042,0
8478,0.5389165973817327,0
8479,1.9039523194205084,0
8480,1.0410697280079624,0
8481,1.5740695064566688,0
8482,2.478340117287637,0
8483,1.8295718171001127,0
8484,4.20317765365089,0
8485,0.9189229410302722,0
8486,13.61022513474211,1
8487,3.597241358892012,0
8488,1.7362815132179568,0
8489,0.6368984396511276,0
8490,2.174529222043522,0
8491,0.9503416290835546,0
8492,2.0657631359913777,0
8493,3.0247461913755536,0
8494,4.211329936941276,0
8495,5.916173089785912,0
8496,3.175320456601187,0
8497,0.638549692153504,0
8498,0.7029086916563696,0
8499,0.8512442941155837,0
8500,30.510564426040673,1
8501,0.9547399266072057,0
8502,1.5398279016218757,0
8503,3.599659979905746,0
8504,0.6739114171176536,0
8505,1.9281600962819645,0
8506,1.1680821940815513,0
8507,5.515165251919948,0
8508,0.5728610827604736,0
8509,1.7449048927027968,0
8510,1.4015343851014572,0
8511,2.1241950642411545,0
8512,2.897603175753031,0
8513,2.245953092302283,0
8514,2.5696294762865963,0
8515,2.347176286849333,0
8516,0.4160050235398875,0
8517,2.371310351056205,0
8518,1.8843073908171115,0
8519,5.729310814548768,0
8520,2.352939498944328,0
8521,5.542305796938532,0
8522,0.48051967483932023,0
8523,2.53110083091452,0
8524,7.585702675002019,0
8525,5.885746163851845,0
8526,1.143752106215121,0
8527,1.650237582958091,0
8528,1.7307904027219925,0
8529,5.877554849927458,0
8530,0.434580707762431,0
8531,1.212899344512924,0
8532,4.5746260066014655,0
8533,4.297855813807426,0
8534,2.88498549485231,0
8535,3.0142566247354234,0
8536,3.0613745733892186,0
8537,1.9682929090767627,0
8538,1.90585868866988,0
8539,3.481990723645073,0
8540,5.550833070202007,0
8541,2.3480464380445554,0
8542,3.577820169093441,0
8543,2.4417281915285822,0
8544,1.0983307567950078,0
8545,0.9020660966893096,0
8546,3.199251725465138,0
8547,2.1179956627386636,0
8548,4.906968608788156,0
8549,4.306558355119952,0
8550,0.7165613329117636,0
8551,1.591418597753427,0
8552,1.1913234046829735,0
8553,0.563770283938096,0
8554,5.726783587079984,0
8555,3.6602418649556583,0
8556,2.6350914805129624,0
8557,4.04725526915759,0
8558,1.821304901563447,0
8559,1.6072403300776512,0
8560,0.858126440845389,0
8561,2.9908766213809455,0
8562,0.7519203551208413,0
8563,3.447210267689773,0
8564,2.9389018530688444,0
8565,2.0150274438491245,0
8566,2.727829702835248,0
8567,1.0735712901470618,0
8568,1.5265225067556398,0
8569,3.1141998965122215,0
8570,0.8769494011764876,0
8571,4.219233479869191,0
8572,1.1613546675746897,0
8573,2.4239899033200163,0
8574,0.24639644354839121,0
8575,1.086269631570865,0
8576,5.0232786785293095,0
8577,3.419189554249437,0
8578,3.14288726539491,0
8579,1.075851642787996,0
8580,7.530925656507107,0
8581,1.3724309226598086,0
8582,15.703435421810468,1
8583,3.7168900275733217,0
8584,2.7096741215748725,0
8585,4.803093604041446,0
8586,2.9455401874179783,0
8587,2.604870342221039,0
8588,2.3578851929236526,0
8589,0.5496064309494069,0
8590,3.0554235819355955,0
8591,2.6269239515885583,0
8592,2.815053042081934,0
8593,3.675481253998094,0
8594,0.3159933940700333,0
8595,3.536664916849311,0
8596,6.06640303209529,0
8597,2.382552508414904,0
8598,1.8477982905441717,0
8599,2.495423555148157,0
8600,3.0953169940849796,0
8601,2.8136397100677244,0
8602,4.1564566969613335,0
8603,0.8594822681249581,0
8604,0.9042156718529142,0
8605,6.606925729347308,0
8606,1.3474334231669434,0
8607,2.9361814995842197,0
8608,2.6354881341196568,0
8609,2.288708053515282,0
8610,1.0206314740903852,0
8611,0.4206983396517921,0
8612,3.4565325015866857,0
8613,0.929462193425802,0
8614,2.490569295669367,0
8615,8.504444955411518,1
8616,0.8743303208404759,0
8617,0.9812462426929885,0
8618,1.8321865876256536,0
8619,3.6228024070090337,0
8620,2.4125602733334475,0
8621,1.0080247781943972,0
8622,1.044871339176081,0
8623,1.1203463838719265,0
8624,1.7788833879158068,0
8625,8.438376720427726,1
8626,1.3444125222697576,0
8627,3.278702055659629,0
8628,6.3738956782622145,0
8629,2.3845438682038234,0
8630,3.988927319709882,0
8631,0.9621358306291437,0
8632,5.405832739008031,0
8633,1.1326750450624952,0
8634,0.6610006353201462,0
8635,2.1918092323994003,0
8636,1.1696685364035297,0
8637,2.7013144740229738,0
8638,1.1083242799880395,0
8639,0.8308221078084195,0
8640,2.0626249678826083,0
8641,2.3323881825121977,0
8642,5.5761810005062085,0
8643,0.7771181196284752,0
8644,1.5430678797888109,0
8645,1.6200044395088546,0
8646,4.55108657426055,0
8647,1.366691347681585,0
8648,2.2275790778387985,0
8649,1.9845300956480818,0
8650,0.7543121735321968,0
8651,1.300096624907865,0
8652,1.8045719388214798,0
8653,3.381487636952254,0
8654,7.393834263734345,0
8655,2.302459152099062,0
8656,6.8940364046687455,0
8657,0.8769250680964499,0
8658,21.57044354795304,1
8659,0.37635012175388277,0
8660,1.1271992971452274,0
8661,2.1549607919741947,0
8662,12.901912253741889,1
8663,2.426460543359234,0
8664,4.4252773894296125,0
8665,1.2998615048048943,0
8666,1.9896626254686784,0
8667,4.521700879151857,0
8668,4.1890426213102865,0
8669,1.4505466498678878,0
8670,8.271806517566157,1
8671,4.212845707604255,0
8672,1.2504309933635516,0
8673,1.430004471654281,0
8674,7.085697261654513,0
8675,1.5824806549783226,0
8676,9.349725830203687,1
8677,10.5677621960152,1
8678,5.183604950109761,0
8679,0.590564054314288,0
8680,1.182301659962384,0
8681,5.586875460777585,0
8682,1.4905707806320185,0
8683,2.359255121693702,0
8684,2.050638635825919,0
8685,0.5964695812197025,0
8686,0.4086806378684534,0
8687,1.2698060341622968,0
8688,1.061204876592527,0
8689,0.8950574357382641,0
8690,1.68471199358668,0
8691,1.6491538025281636,0
8692,0.9520185776817789,0
8693,0.7952979356037678,0
8694,2.3170975728523726,0
8695,2.2435907779732758,0
8696,1.9465570492639037,0
8697,1.3868249459963564,0
8698,3.600178501236912,0
8699,2.1956029491739457,0
8700,4.616285281906625,0
8701,6.062532347872213,0
8702,1.77386018879127,0
8703,8.838845188630126,1
8704,3.5839459560161915,0
8705,3.0854267384126928,0
8706,18.64593412514275,1
8707,1.7501997970014829,0
8708,5.399047782701415,0
8709,0.8063671359517409,0
8710,3.2931591961582307,0
8711,1.0067094296252828,0
8712,1.707599759433416,0
8713,1.9777831228754603,0
8714,5.6106991932273065,0
8715,4.1808573679893435,0
8716,5.8101098071614,0
8717,1.4005698084381721,0
8718,1.1180697905588342,0
8719,1.251433560847725,0
8720,3.4420066635783404,0
8721,1.8734801815982107,0
8722,2.266747239482242,0
8723,1.803136928558885,0
8724,3.146525641830314,0
8725,5.159581440704262,0
8726,0.881830117064002,0
8727,2.7094245034220825,0
8728,3.814753659061042,0
8729,0.7422123039121841,0
8730,2.393766914663738,0
8731,1.1760693262903195,0
8732,3.665078354839638,0
8733,1.3194781163223708,0
8734,0.9133043235030603,0
8735,2.4037243232208163,0
8736,1.2249473232960808,0
8737,1.2198967704870745,0
8738,2.203552408180878,0
8739,2.4224628866182454,0
8740,1.3132588910921046,0
8741,1.286488636514952,0
8742,4.442810915719628,0
8743,2.843630053289384,0
8744,2.411986158916425,0
8745,2.7340572730209,0
8746,1.2127011480283565,0
8747,15.420867917799983,1
8748,1.1445725500312554,0
8749,0.46013269032791715,0
8750,1.7500219124845164,0
8751,7.752107012995856,0
8752,2.0219831009516778,0
8753,1.3323653680307352,0
8754,1.454918253287482,0
8755,0.5091578065187969,0
8756,4.504505115478219,0
8757,1.027574385623048,0
8758,2.292770145853212,0
8759,1.5359592763570524,0
8760,2.1825340351679205,0
8761,1.6071144399214188,0
8762,2.074550206795868,0
8763,33.289067254277,1
8764,0.5911079832225006,0
8765,3.300293536864579,0
8766,0.4390251549779138,0
8767,1.1028785748623524,0
8768,1.60733148366693,0
8769,9.905290450614588,1
8770,4.2716154997660585,0
8771,8.751040395810401,1
8772,13.535366485156343,1
8773,1.7120306333232054,0
8774,2.0735324005619846,0
8775,9.207287070407887,1
8776,9.052598006461608,1
8777,1.4296312487165124,0
8778,1.0355479903658644,0
8779,4.538101174839672,0
8780,2.220338337598465,0
8781,1.7597438093070863,0
8782,4.0438789444283945,0
8783,3.0886247282287718,0
8784,0.509396068648143,0
8785,6.846173649243905,0
8786,2.509867060806525,0
8787,3.769342476456272,0
8788,1.3589796651901522,0
8789,4.834767411239478,0
8790,4.749829825027873,0
8791,4.3537274611875665,0
8792,1.7413418642041545,0
8793,5.199916556724719,0
8794,2.0501175594116536,0
8795,4.3466621543461565,0
8796,1.0709789314234277,0
8797,1.8036971430695374,0
8798,7.464747339962899,0
8799,2.172131674418374,0
8800,1.094597445574899,0
8801,4.441409459254312,0
8802,2.132268601984745,0
8803,1.2975089658803471,0
8804,0.688413661148566,0
8805,2.308621355208416,0
8806,0.8150431496857882,0
8807,2.2781095503041913,0
8808,2.5513188689231794,0
8809,1.3339111592278237,0
8810,3.597117464560001,0
8811,3.8111982113501606,0
8812,1.362920316286696,0
8813,2.5566689061921624,0
8814,2.0789577215595823,0
8815,1.884037692804697,0
8816,1.9542553854425297,0
8817,1.76032886264139,0
8818,4.214730533656134,0
8819,1.2548837991257353,0
8820,4.584230258993605,0
8821,3.6728720340003593,0
8822,3.698156972916438,0
8823,2.5143848725880473,0
8824,0.7039114275188368,0
8825,2.776786884386001,0
8826,2.2200282721735647,0
8827,3.4432054678258797,0
8828,4.405755464723138,0
8829,1.3665123502668044,0
8830,4.459344847607971,0
8831,2.6239295635085442,0
8832,4.247074197762506,0
8833,8.272896116623691,1
8834,2.784462320335986,0
8835,11.124813862047231,1
8836,9.767472894228723,1
8837,2.804140925018591,0
8838,3.257408745768236,0
8839,3.1608920113608594,0
8840,0.8927734701405117,0
8841,1.4420561099195195,0
8842,4.540133510283565,0
8843,12.489995425892078,1
8844,6.683072173818967,0
8845,2.642937487343792,0
8846,1.9842046045614765,0
8847,1.8933979092119455,0
8848,12.168498876057145,1
8849,1.9993405692884756,0
8850,0.5517548506320452,0
8851,2.499926748356951,0
8852,9.46210359847158,1
8853,0.7566276985296748,0
8854,0.7497370899249639,0
8855,1.5980931472390068,0
8856,4.2984602455002605,0
8857,4.433819397189345,0
8858,0.29261990297523255,0
8859,0.7986163165145335,0
8860,1.6455022131768224,0
8861,3.141595653567195,0
8862,0.7910243940827268,0
8863,1.0498741130009155,0
8864,4.833060092915368,0
8865,1.2687692059232873,0
8866,2.1496410159893307,0
8867,4.0008869363969675,0
8868,2.7575505949238264,0
8869,0.7884144492538881,0
8870,2.166157291808825,0
8871,0.8288432431736734,0
8872,2.8040683830708177,0
8873,5.571649533761775,0
8874,2.4345226113548906,0
8875,0.7290244485189584,0
8876,0.7412900147217658,0
8877,2.4148810568129284,0
8878,3.7025608760600988,0
8879,27.40868158864914,1
8880,5.983300580173897,0
8881,2.4132306542580664,0
8882,10.340867316966092,1
8883,2.315214134003183,0
8884,1.2220863053739726,0
8885,4.395976961534833,0
8886,5.105306863743678,0
8887,4.060687792640674,0
8888,7.420724349999968,0
8889,2.6786854785697334,0
8890,3.18339698167839,0
8891,1.8108505356034859,0
8892,1.0623570257377766,0
8893,2.8538596765061603,0
8894,1.0583604799239403,0
8895,1.467533802682003,0
8896,1.4338832595911317,0
8897,4.312346094485347,0
8898,1.76349429357493,0
8899,1.2685410037538682,0
8900,6.058375209204112,0
8901,2.294590908486234,0
8902,4.024131818635878,0
8903,2.429917661553884,0
8904,1.5326929793388837,0
8905,4.0026434141951075,0
8906,8.803260580680973,1
8907,0.780476789952306,0
8908,1.8060900721331847,0
8909,2.2074154241009514,0
8910,3.306343347434754,0
8911,0.7278524710079597,0
8912,2.599916605399927,0
8913,3.875532821665684,0
8914,1.7664266916508198,0
8915,0.9148030471792072,0
8916,3.975566510990537,0
8917,0.5343960001029252,0
8918,2.452354360430347,0
8919,3.1155354056154505,0
8920,0.5695785253914045,0
8921,1.4831520895339971,0
8922,1.9024662284341454,0
8923,9.241735090368206,1
8924,1.518106674627757,0
8925,2.8447032398190872,0
8926,2.5775675922009045,0
8927,1.3649732963525913,0
8928,3.9220982142641057,0
8929,2.414140754582823,0
8930,1.958048215627317,0
8931,0.9969594014358563,0
8932,5.11336007077344,0
8933,1.9859896564532789,0
8934,1.6691787612590097,0
8935,2.4637428571732656,0
8936,4.195276566555997,0
8937,2.040514180409449,0
8938,1.604574665205688,0
8939,3.4764605694513127,0
8940,5.0852495784152465,0
8941,1.8755792754497977,0
8942,2.732419580797062,0
8943,1.670986298181379,0
8944,2.2045272370685014,0
8945,1.8886767285887154,0
8946,1.0788149926092585,0
8947,1.334950527686352,0
8948,0.6584009103477276,0
8949,2.0339985443593425,0
8950,11.36791329048758,1
8951,1.4844946388189055,0
8952,3.9719020354891543,0
8953,4.131535586435526,0
8954,7.407539364530365,0
8955,1.2782159704348948,0
8956,2.8529565541387476,0
8957,2.289669920595174,0
8958,9.102888338695852,1
8959,0.6024065339536887,0
8960,1.973260379255888,0
8961,1.9450186961233507,0
8962,6.954082808186504,0
8963,2.572099239924711,0
8964,1.4624262723087254,0
8965,4.123300239350723,0
8966,2.1563438820430973,0
8967,5.437281433947224,0
8968,0.7946569641095856,0
8969,4.872074675878528,0
8970,2.270554935988095,0
8971,1.259865562278368,0
8972,1.820133191247273,0
8973,4.6763058690394,0
8974,4.746685165399774,0
8975,5.738799261587972,0
8976,2.510473039996947,0
8977,11.73506133473191,1
8978,2.922413062259956,0
8979,6.896237702017675,0
8980,4.374988881194576,0
8981,1.837614992731327,0
8982,5.154007435336599,0
8983,2.164733542629807,0
8984,4.495263931386788,0
8985,1.1623865301304868,0
8986,7.832934722965186,0
8987,5.0056341433356994,0
8988,5.821136723104251,0
8989,6.48908247663241,0
8990,2.421438219112912,0
8991,4.183634216783802,0
8992,1.709474676401157,0
8993,1.0959437249041433,0
8994,3.220398314310874,0
8995,0.7108292622524702,0
8996,1.9951395840084507,0
8997,8.422262443691858,1
8998,3.5031739282980414,0
8999,3.766547421924323,0
9000,2.0347349933945784,0
9001,2.5039156499878623,0
9002,1.637652005493519,0
9003,1.4782654111084705,0
9004,3.727501436325601,0
9005,3.581079988377823,0
9006,3.48575351136355,0
9007,2.736248027156464,0
9008,8.006112293541184,0
9009,3.9817838664384597,0
9010,1.0624709609127787,0
9011,5.473036443753773,0
9012,4.849046406702039,0
9013,0.7957271226927974,0
9014,2.2456209920507906,0
9015,1.6392972640326409,0
9016,2.48203412453073,0
9017,2.8462852062522006,0
9018,1.380067656300451,0
9019,4.3436158828500915,0
9020,0.8992113490388586,0
9021,1.6464061621286104,0
9022,2.5372832276705477,0
9023,4.981094265590793,0
9024,1.8211999702266535,0
9025,0.415098713711667,0
9026,1.8873959404870797,0
9027,7.192211123897361,0
9028,3.532176719831486,0
9029,3.574151093171174,0
9030,1.2855495077605794,0
9031,6.052051073978975,0
9032,1.792228995518763,0
9033,2.6100875125708307,0
9034,4.6078301224201805,0
9035,5.97401329162957,0
9036,1.08066989288817,0
9037,1.991638669367665,0
9038,2.3427608777061377,0
9039,4.8713315297554525,0
9040,3.081750319209193,0
9041,2.7004204942179464,0
9042,2.9745286227959515,0
9043,2.695651084962108,0
9044,20.688337907599145,1
9045,2.756943296171668,0
9046,2.838138225684304,0
9047,3.9898230095776097,0
9048,0.8086124818601489,0
9049,2.4870541409392817,0
9050,0.5303148883596708,0
9051,0.7723759293801341,0
9052,6.792570628286404,0
9053,0.8982911724357973,0
9054,2.8797738654855918,0
9055,4.789617278901039,0
9056,0.6430694066664882,0
9057,2.7995846118038723,0
9058,5.056012655538486,0
9059,1.088693445685245,0
9060,1.8005950926697285,0
9061,5.290051122238638,0
9062,1.3909991554609518,0
9063,1.9964492769727953,0
9064,1.2191521340548568,0
9065,0.8318015613674964,0
9066,4.649971968255177,0
9067,1.427683677698237,0
9068,4.91329912110743,0
9069,1.311945797754206,0
9070,1.8876268618464285,0
9071,3.3475807872528405,0
9072,6.455707925494376,0
9073,2.282919763107746,0
9074,1.5100188461755755,0
9075,1.3110568245978558,0
9076,1.6295435423423628,0
9077,8.921743597174828,1
9078,2.035904953299876,0
9079,12.57160099480614,1
9080,1.3856308452165473,0
9081,3.9163484703854436,0
9082,1.904191329453748,0
9083,5.755894515871276,0
9084,1.1398648212374811,0
9085,2.210359698320169,0
9086,0.9332904315612667,0
9087,1.826609318273328,0
9088,4.608252522360614,0
9089,14.271341513758387,1
9090,3.6257514347540245,0
9091,3.08555151621668,0
9092,2.2285486561146373,0
9093,2.9000688580920895,0
9094,4.647966560095173,0
9095,0.8673303487157339,0
9096,4.179826792514542,0
9097,1.1656199758175925,0
9098,1.9909275479755701,0
9099,3.607623926713481,0
9100,0.514497811550696,0
9101,2.2745339428458,0
9102,3.4793609756107373,0
9103,3.843487105177741,0
9104,3.780685803979185,0
9105,1.917107978142924,0
9106,1.2958623474762512,0
9107,3.2477601370871025,0
9108,1.1060632606351037,0
9109,4.448083509277444,0
9110,4.009932292954155,0
9111,6.359809899886774,0
9112,1.5629189442144287,0
9113,11.354866082861145,1
9114,2.98563761805309,0
9115,4.28281362761262,0
9116,6.602708272653169,0
9117,1.4472023147558466,0
9118,2.841577499163625,0
9119,5.924147408030255,0
9120,0.935811124395103,0
9121,0.7793306899985707,0
9122,2.602140280377812,0
9123,2.740238212349093,0
9124,4.595152506710021,0
9125,2.3158041790967085,0
9126,2.305588064522078,0
9127,4.253441838722313,0
9128,4.130426644353937,0
9129,1.1738743730717003,0
9130,1.7391722598489692,0
9131,1.1062919221729852,0
9132,2.3752478711949716,0
9133,3.7550469301637475,0
9134,4.633429363000403,0
9135,10.449701861685393,1
9136,3.4127861025979773,0
9137,3.6214720126162874,0
9138,6.152916075894499,0
9139,3.1100872418257124,0
9140,1.2014939353771055,0
9141,9.308195648616225,1
9142,1.874281548352324,0
9143,1.156659361838721,0
9144,0.8575757910335047,0
9145,2.22594604671892,0
9146,3.347160708832734,0
9147,5.144350763933426,0
9148,4.098087442288561,0
9149,2.7043532862995208,0
9150,1.5057822886944408,0
9151,7.12257228224813,0
9152,1.8240467826406501,0
9153,5.176774616397968,0
9154,9.105461448325059,1
9155,1.9045889858765905,0
9156,1.4549971923274618,0
9157,2.3406980186828648,0
9158,1.3194960002539644,0
9159,1.1201483661522975,0
9160,1.470770050194702,0
9161,10.382162141521096,1
9162,1.4373103028021996,0
9163,1.9960657155753514,0
9164,2.618862497758128,0
9165,3.54004335322285,0
9166,3.3075924858981938,0
9167,5.508271292929052,0
9168,1.714585108047319,0
9169,1.872340006884325,0
9170,2.562060347742962,0
9171,1.6087556486232941,0
9172,5.4426185047211995,0
9173,0.7769849449516992,0
9174,0.9565149662118138,0
9175,6.220621803853847,0
9176,1.8594911632955824,0
9177,2.1362479337347735,0
9178,0.5691351156475347,0
9179,2.079496440395969,0
9180,3.1183403667710525,0
9181,1.5815238623664676,0
9182,0.7885573780739913,0
9183,1.0359735902586873,0
9184,1.1789291008020857,0
9185,3.6397820368690588,0
9186,0.76534108487025,0
9187,3.303759320762613,0
9188,2.343973103175716,0
9189,2.6386725469006524,0
9190,3.000262184151688,0
9191,20.189807641099247,1
9192,3.0273651498105965,0
9193,5.7677735504699115,0
9194,10.256347621966146,1
9195,2.175467887596085,0
9196,1.67991080322959,0
9197,3.40867667236734,0
9198,2.9193583794023437,0
9199,1.625310817675711,0
9200,8.317240135494995,1
9201,1.527524000553195,0
9202,3.4696562586517925,0
9203,6.381124975803261,0
9204,1.6453270192579528,0
9205,0.6911192171319597,0
9206,2.995898846141886,0
9207,2.3119094372098483,0
9208,1.6188985785601966,0
9209,3.2670110278193745,0
9210,6.638790480982919,0
9211,4.2042026725761215,0
9212,3.652870615074074,0
9213,11.776287617418847,1
9214,3.851961071803286,0
9215,5.301223380874323,0
9216,4.486515556164405,0
9217,3.5562288055485833,0
9218,2.0613637151014963,0
9219,1.9779579350208152,0
9220,8.91376598108522,1
9221,0.44665469669251867,0
9222,1.9875623181179605,0
9223,1.1239866018462823,0
9224,1.1956142132954035,0
9225,3.3022275048902663,0
9226,2.574860489984974,0
9227,4.8312150211792835,0
9228,2.678686491394031,0
9229,3.104763468078547,0
9230,0.5140057773968942,0
9231,5.15424013116187,0
9232,3.525244634948855,0
9233,4.9312838841944115,0
9234,2.698034383631971,0
9235,1.3188720008304557,0
9236,1.664538732217676,0
9237,3.758148256848963,0
9238,8.958873614250383,1
9239,4.098401615682081,0
9240,2.7849964350549254,0
9241,2.8221817769768243,0
9242,3.5599870380619096,0
9243,2.779993015350521,0
9244,1.676592195176062,0
9245,2.563287778685077,0
9246,2.0597546734869896,0
9247,4.605571336653482,0
9248,2.5333491672927826,0
9249,1.6705001017748122,0
9250,5.9572309821726215,0
9251,1.376289184365498,0
9252,2.21879024506696,0
9253,2.5265846934366896,0
9254,1.6563788952341048,0
9255,4.797223937221632,0
9256,4.139002490540256,0
9257,1.5315129751590322,0
9258,0.666155618347185,0
9259,4.133521275881023,0
9260,2.135860606552637,0
9261,1.4281397312538207,0
9262,0.9013741287201615,0
9263,6.941964587783299,0
9264,2.7214199909075782,0
9265,0.4832743548622914,0
9266,2.133118626090619,0
9267,1.2183400442465926,0
9268,2.8234328560170723,0
9269,0.5779919096913374,0
9270,1.864040162763732,0
9271,2.553373566366584,0
9272,1.1435540900390404,0
9273,3.2116617912095724,0
9274,1.5399350558358267,0
9275,2.302241348432895,0
9276,4.099587149465039,0
9277,0.7719213947361776,0
9278,17.912187824749356,1
9279,3.8386308848024515,0
9280,5.920790601094764,0
9281,3.1297163289859027,0
9282,2.752392520549323,0
9283,9.808526003944651,1
9284,0.3250565924476746,0
9285,0.7827480869735083,0
9286,1.7670786669874063,0
9287,5.54639183707728,0
9288,1.4581450547539534,0
9289,8.443250093967729,1
9290,1.6512046718657205,0
9291,7.861665726117699,0
9292,6.823761327459992,0
9293,2.7312949693498627,0
9294,8.500129799974074,1
9295,2.77438656226329,0
9296,1.3265629414301363,0
9297,2.058581142772113,0
9298,0.717439999586806,0
9299,1.5349268924263322,0
9300,2.42296335114835,0
9301,2.788205305466504,0
9302,1.2272812538126172,0
9303,11.632050865170292,1
9304,0.706357200596346,0
9305,5.941865195855318,0
9306,2.9157645814635567,0
9307,1.901804390575861,0
9308,5.805259705958995,0
9309,2.4118843159556875,0
9310,3.6655319611086705,0
9311,16.69746328686014,1
9312,3.4658036409259387,0
9313,3.083599513789878,0
9314,2.1294830930319373,0
9315,6.5738942365757635,0
9316,5.004712059343266,0
9317,4.794285866977572,0
9318,4.826498566679016,0
9319,4.065690183020603,0
9320,1.6147648142799,0
9321,27.356380280067373,1
9322,0.44255196937751723,0
9323,14.549614534158081,1
9324,4.57809998841829,0
9325,4.321336395037864,0
9326,1.780192517097102,0
9327,4.392350341504123,0
9328,3.420334439915224,0
9329,5.291551610387352,0
9330,2.208287034965801,0
9331,2.27528810766737,0
9332,5.562583746658491,0
9333,6.6567610470707885,0
9334,0.5352268905779115,0
9335,3.940917930017492,0
9336,2.768617420604499,0
9337,1.4044869429764584,0
9338,1.0118455233017971,0
9339,3.5965139439956033,0
9340,1.9132165038140647,0
9341,1.2683156873954624,0
9342,0.9040165945159923,0
9343,6.394725899441675,0
9344,1.4221509444522331,0
9345,8.842373950111886,1
9346,0.4450235826902819,0
9347,0.7084492730912256,0
9348,2.3588358838471923,0
9349,1.6828860281637477,0
9350,4.950557502098945,0
9351,1.3453012906669033,0
9352,1.9602528406181952,0
9353,2.454573804603668,0
9354,3.7992679956540396,0
9355,2.7007539840159085,0
9356,0.44653531663644774,0
9357,5.282559253284359,0
9358,4.1426774926297325,0
9359,17.43451293531468,1
9360,1.207205419384326,0
9361,1.7174177752814863,0
9362,7.597618893042492,0
9363,11.386101287829247,1
9364,1.5450021806875909,0
9365,1.5752042852124941,0
9366,0.9587787014286842,0
9367,1.2818248075579701,0
9368,2.5681608046196405,0
9369,5.0404365147915575,0
9370,2.1269514264067597,0
9371,4.0907338053167805,0
9372,2.140666387566406,0
9373,2.2818739396438388,0
9374,0.7481616325012121,0
9375,0.6823786192542196,0
9376,3.6810507347427293,0
9377,1.2758480575293483,0
9378,2.077472573814292,0
9379,7.48851737120094,0
9380,4.15754431387686,0
9381,4.736945144956275,0
9382,1.493262560080548,0
9383,0.849470657209748,0
9384,2.9690468097198117,0
9385,2.1894861477440504,0
9386,6.125962845505366,0
9387,2.9813136933448283,0
9388,2.9249810627823214,0
9389,1.9254016181828357,0
9390,14.596227624195604,1
9391,3.1184514121781914,0
9392,3.2560286450083167,0
9393,1.927647847837638,0
9394,6.590483897703589,0
9395,3.9299501753516326,0
9396,2.0518612708691397,0
9397,0.6238845557491686,0
9398,3.757646373914647,0
9399,3.1625353820113915,0
9400,0.8301748058659741,0
9401,1.5771748887437331,0
9402,0.4271305921340153,0
9403,5.907213339266201,0
9404,1.3202656760276028,0
9405,1.8645265701961402,0
9406,1.8562795677386557,0
9407,0.6445434458292844,0
9408,2.6148686559667995,0
9409,6.14064109218626,0
9410,5.144309389709306,0
9411,2.1150100397358598,0
9412,1.0367899038419883,0
9413,2.976433828337347,0
9414,1.7616358704729982,0
9415,6.984342705884048,0
9416,1.8305728381325863,0
9417,5.317878305036024,0
9418,8.508099622681506,1
9419,11.284539729775554,1
9420,0.9328888394147642,0
9421,2.767939007770835,0
9422,9.319520435232155,1
9423,1.2061890955317949,0
9424,2.1681064125149243,0
9425,3.616034882365859,0
9426,4.598294548698392,0
9427,2.0981140116748627,0
9428,3.433780350020429,0
9429,3.1138477086244407,0
9430,3.877720995021662,0
9431,4.814176131290713,0
9432,1.624166364587507,0
9433,1.2373653300107887,0
9434,2.014887193250901,0
9435,8.370654722578669,1
9436,1.152900425087639,0
9437,2.8595032335055897,0
9438,4.4029260395453464,0
9439,2.02071724317341,0
9440,5.504122941721886,0
9441,1.5187536722898853,0
9442,0.8545176415944433,0
9443,1.9793462664999912,0
9444,3.6848698420444177,0
9445,4.073022315963238,0
9446,5.035217184296512,0
9447,0.6128391490694924,0
9448,2.185073925558939,0
9449,1.488235832411173,0
9450,7.5884054106387815,0
9451,1.7542963874323334,0
9452,1.2775512872691104,0
9453,2.6357490180101286,0
9454,0.6324842645738841,0
9455,1.5730766738054813,0
9456,9.004499017069293,1
9457,5.622523698149556,0
9458,1.160176680186594,0
9459,5.046893448352904,0
9460,2.1024601136401073,0
9461,4.107994189909954,0
9462,3.058841246985741,0
9463,0.9154143574210037,0
9464,0.8280913667223384,0
9465,2.0192301908826567,0
9466,3.7275955374673786,0
9467,2.098013892608116,0
9468,0.8424141369730812,0
9469,0.5854582143400412,0
9470,1.5576772414338445,0
9471,3.965721950695944,0
9472,6.568615800880084,0
9473,2.3874476417032247,0
9474,1.36634888011634,0
9475,0.49005637124595375,0
9476,2.4672051957828436,0
9477,2.115144302778258,0
9478,3.8987208180485156,0
9479,0.6509322679251145,0
9480,3.992603030879735,0
9481,2.039398844002371,0
9482,13.538234816402154,1
9483,3.2843636494534283,0
9484,4.370567974256381,0
9485,1.736912884267867,0
9486,3.277558890305093,0
9487,5.586042930087725,0
9488,2.3853335227428825,0
9489,2.5155969545299546,0
9490,2.6207130109486365,0
9491,1.0177201559485414,0
9492,7.00243392659348,0
9493,0.8133810873308075,0
9494,4.483516885254128,0
9495,0.8624415025394344,0
9496,2.3129705522899777,0
9497,3.3306098202729664,0
9498,1.5499559614610734,0
9499,3.3417337697588096,0
9500,2.7998373658358813,0
9501,2.2859109002072064,0
9502,2.5764480535858305,0
9503,6.326604555371796,0
9504,2.3403774473364574,0
9505,4.447818428709787,0
9506,0.46274709325002805,0
9507,4.030663675875571,0
9508,1.2872659565393538,0
9509,1.1380073503230657,0
9510,5.62713719521376,0
9511,0.7390308932740814,0
9512,2.88931878826484,0
9513,10.00184949293666,1
9514,3.700918437818655,0
9515,1.066595697602733,0
9516,5.022469747282579,0
9517,1.6344839708936836,0
9518,2.534309833485007,0
9519,3.4050210874521145,0
9520,1.8767628895193205,0
9521,16.59886821177655,1
9522,1.5030832490735657,0
9523,0.8958469888764112,0
9524,1.2833082955647166,0
9525,3.0350524307607194,0
9526,2.6322327142405086,0
9527,2.5806783639664035,0
9528,0.9038605051038117,0
9529,4.496639213466393,0
9530,4.27126790150278,0
9531,0.44104862173326953,0
9532,1.5289142205513313,0
9533,2.5798949247109815,0
9534,2.1352392639863185,0
9535,3.8895281020055887,0
9536,1.3408056021548782,0
9537,2.542737157930217,0
9538,2.1676746027579994,0
9539,0.9620480170967328,0
9540,2.153014937010648,0
9541,1.3927469592397883,0
9542,2.17778154359489,0
9543,3.019170535989994,0
9544,0.5207033439063764,0
9545,2.5507671424762384,0
9546,2.159046417875797,0
9547,14.671521252621586,1
9548,3.141130470519202,0
9549,1.3716928993413562,0
9550,2.0376657395689266,0
9551,1.2221154135341914,0
9552,0.7890294058871997,0
9553,2.58739715764265,0
9554,0.7671686242904628,0
9555,8.336089671256742,1
9556,7.460599092078145,0
9557,0.9124283967189437,0
9558,1.9146775166785728,0
9559,1.9894877889723295,0
9560,3.0299361182977145,0
9561,1.5300510376694731,0
9562,4.330029197544905,0
9563,1.6362430457841193,0
9564,8.416735972112447,1
9565,5.889174340862247,0
9566,2.0399955378548955,0
9567,0.31859252402990823,0
9568,0.894390053270363,0
9569,1.9391214520583033,0
9570,3.3398466874994788,0
9571,0.7929453043066049,0
9572,4.4723552345650415,0
9573,2.858551697440232,0
9574,1.8235503525587824,0
9575,6.5589155030335595,0
9576,1.2003794711125828,0
9577,1.3223174851541886,0
9578,2.2809544440320724,0
9579,3.0827409940057082,0
9580,0.879403439407125,0
9581,0.9735530114154358,0
9582,3.3315949400840528,0
9583,1.8870434502676312,0
9584,2.675054101623292,0
9585,2.7421642774104487,0
9586,2.274270817612779,0
9587,3.0631588222011015,0
9588,9.563724598688255,1
9589,1.5478951198156878,0
9590,1.402783402678559,0
9591,1.103300432558745,0
9592,2.507866711178944,0
9593,2.242310676320143,0
9594,0.9424489792514379,0
9595,5.731929917400848,0
9596,3.8900850973239565,0
9597,1.6699356281035032,0
9598,4.349779581697136,0
9599,1.089708472886847,0
9600,0.4636652507158028,0
9601,2.58824831882461,0
9602,2.542893854276259,0
9603,1.5403454500589904,0
9604,5.623044607159477,0
9605,2.991200188202037,0
9606,1.3649236124201964,0
9607,2.43906733194908,0
9608,1.4077565976811195,0
9609,1.2241807439860326,0
9610,2.3765947927019213,0
9611,3.7263843158966115,0
9612,2.208579845141456,0
9613,3.1527590405174473,0
9614,4.76542683105387,0
9615,1.5443855306373597,0
9616,3.754150570743954,0
9617,0.6682109747819812,0
9618,3.404947558945469,0
9619,0.5610409692539079,0
9620,3.8776644571631524,0
9621,5.088027396680812,0
9622,1.4615739190369699,0
9623,1.9130664939749045,0
9624,2.306626496618746,0
9625,2.0400391303923073,0
9626,2.6750810767000717,0
9627,5.697023770658938,0
9628,3.8255253483468143,0
9629,4.472238271309033,0
9630,4.566018778398085,0
9631,10.937163919344862,1
9632,6.061453290380097,0
9633,0.975838984556028,0
9634,0.7668713510108829,0
9635,4.058240663425228,0
9636,3.029199962268474,0
9637,1.472956676025779,0
9638,4.173895007966405,0
9639,3.8520978462171955,0
9640,3.156921184151664,0
9641,1.4914985998249695,0
9642,3.6309628380546695,0
9643,1.548486432086249,0
9644,0.7682768748985943,0
9645,2.500317853769819,0
9646,1.8201151097327584,0
9647,4.245973958571499,0
9648,3.3867751929989316,0
9649,0.8526925411929106,0
9650,3.139048350247108,0
9651,2.3828715951086594,0
9652,1.3242610021845558,0
9653,5.161229166588444,0
9654,3.1380869714656985,0
9655,0.7888698961178472,0
9656,5.744411665785746,0
9657,1.4223994605944625,0
9658,1.8634451883282734,0
9659,2.940098538846106,0
9660,1.4926468681369387,0
9661,1.3483259646381038,0
9662,0.9771785402961453,0
9663,4.407404038146399,0
9664,2.247811156209499,0
9665,2.8080829610995655,0
9666,0.7907772071803695,0
9667,2.37475017394792,0
9668,11.928607972837714,1
9669,2.6953399761126877,0
9670,2.1335925866580907,0
9671,4.677088910249552,0
9672,6.69271260550386,0
9673,3.6738374369494493,0
9674,2.423546623095271,0
9675,1.9728150933665662,0
9676,1.8193776474956849,0
9677,4.418074644614103,0
9678,1.1240629189180935,0
9679,2.1767047491858915,0
9680,3.8245442921714754,0
9681,7.578872064466974,0
9682,1.0939412836506637,0
9683,5.442469517060034,0
9684,4.892971457775409,0
9685,5.174876525386678,0
9686,0.7752770644672095,0
9687,2.1352951746815187,0
9688,2.8925888076383974,0
9689,0.660140875792657,0
9690,2.9192813881883533,0
9691,3.614343634059044,0
9692,0.6897841507431214,0
9693,4.806004923210934,0
9694,2.714481100927086,0
9695,0.9588676642444138,0
9696,1.6685020260911265,0
9697,1.4839879604381812,0
9698,1.5346531893429218,0
9699,3.660392442043612,0
9700,2.9455317197566324,0
9701,1.5814023713361323,0
9702,0.7794830714660623,0
9703,1.1828816614550453,0
9704,1.20749358983004,0
9705,2.5012642640672955,0
9706,3.047042349509825,0
9707,2.3038693855406835,0
9708,2.599695413957473,0
9709,5.281611416220089,0
9710,1.8419890154908625,0
9711,0.9245355786289036,0
9712,2.512372837734733,0
9713,3.7918453505001497,0
9714,2.987464884223482,0
9715,4.723513010358857,0
9716,3.0051248664817796,0
9717,2.8780024268320448,0
9718,2.890408073930524,0
9719,10.916752152759438,1
9720,4.876395289771968,0
9721,5.022937210569563,0
9722,10.326575185162596,1
9723,3.849794325751676,0
9724,2.0505734655276098,0
9725,0.894875102920593,0
9726,0.60479031211336,0
9727,1.0406965033887023,0
9728,1.874289092587316,0
9729,4.655817174925584,0
9730,1.7721557318655106,0
9731,4.436486516915611,0
9732,2.3629786299433144,0
9733,1.0183381240731701,0
9734,0.7096257158078323,0
9735,2.2150842297142734,0
9736,1.4110951444291093,0
9737,1.108709962588384,0
9738,5.501428238415452,0
9739,1.9252118668487541,0
9740,0.7731721812598021,0
9741,1.0158914772535559,0
9742,5.523166813619608,0
9743,2.313227790549434,0
9744,0.7498170850961609,0
9745,5.791340767240593,0
9746,1.6726584085299117,0
9747,1.8329035090330954,0
9748,2.625318973417431,0
9749,3.8065112242182257,0
9750,1.6717442948009897,0
9751,2.7155869817449756,0
9752,1.6831521573918427,0
9753,0.9303989454934919,0
9754,0.5213576034694114,0
9755,4.34984121196142,0
9756,3.3568598788337907,0
9757,2.1916799098267585,0
9758,2.0392646546371873,0
9759,2.8208370632216297,0
9760,3.158343003124149,0
9761,24.43324246675627,1
9762,1.6680609659942383,0
9763,11.632514717069954,1
9764,3.772303452176211,0
9765,1.4515633222124305,0
9766,2.36155649730152,0
9767,2.248327780878215,0
9768,4.8777739826404085,0
9769,6.1737946148338345,0
9770,3.8552547805037767,0
9771,2.11025126555632,0
9772,4.2628313366258475,0
9773,1.65723464147468,0
9774,2.9996752417021217,0
9775,0.7604339841922952,0
9776,1.9849525562959305,0
9777,3.754568281867638,0
9778,2.4908621249488134,0
9779,7.689016716401358,0
9780,0.8729207864430603,0
9781,2.4002620456853014,0
9782,0.6165998278248479,0
9783,0.8142448987499552,0
9784,1.1047377184050475,0
9785,2.6652267346900103,0
9786,2.981741520220351,0
9787,4.328199997273276,0
9788,3.722805239783545,0
9789,9.574400219740587,1
9790,4.265092237453112,0
9791,1.1635292054280844,0
9792,1.4200424588849585,0
9793,10.214745305797404,1
9794,3.630817790494091,0
9795,2.5497370059692726,0
9796,0.728608759789783,0
9797,2.6630012470616307,0
9798,2.4220198788893574,0
9799,2.9487432155359334,0
9800,0.6123383737522627,0
9801,1.2659945383900846,0
9802,2.10126088723596,0
9803,4.4240164641852235,0
9804,2.5329651379179707,0
9805,1.056854454999639,0
9806,1.5817821693959453,0
9807,1.8114552240295212,0
9808,3.339668192844167,0
9809,1.295085718651827,0
9810,2.2732198681112386,0
9811,2.935974575080048,0
9812,3.658162951045488,0
9813,1.1004957267146684,0
9814,2.4804632655194236,0
9815,3.531769013946296,0
9816,4.744280080652216,0
9817,0.5321338002858425,0
9818,1.6704442619103945,0
9819,0.9898230159532304,0
9820,2.525775881264948,0
9821,2.7997350759500494,0
9822,4.205505519309893,0
9823,0.9151840950452297,0
9824,0.7746418420319805,0
9825,6.639016177303077,0
9826,4.941863490660686,0
9827,2.0967069139055896,0
9828,1.886105415783947,0
9829,1.9790767741528372,0
9830,9.125008456459296,1
9831,1.1051517410168377,0
9832,3.2118097880296452,0
9833,3.763630650217886,0
9834,5.699431541472524,0
9835,2.9893356055977383,0
9836,6.550188804400846,0
9837,6.321683021637415,0
9838,2.296956265759971,0
9839,0.8411169191715973,0
9840,4.402190536982279,0
9841,2.746468106627378,0
9842,3.551435880460163,0
9843,2.735600299593627,0
9844,5.284466507881021,0
9845,3.4612529236569336,0
9846,7.0445200203157246,0
9847,2.407253409664501,0
9848,3.6036228921969293,0
9849,0.7812750265991163,0
9850,1.7868057234334955,0
9851,5.123924273174588,0
9852,0.7395093070668796,0
9853,1.0005763689304088,0
9854,0.7018335278873401,0
9855,3.697296826120074,0
9856,4.1314172422422635,0
9857,4.403255666243666,0
9858,0.8384901468422857,0
9859,1.0390244314666843,0
9860,3.070184353153139,0
9861,12.373042421566298,1
9862,2.7309882589014465,0
9863,3.5090249400439792,0
9864,0.6708508447872545,0
9865,2.6173723236785817,0
9866,3.322550595959217,0
9867,1.8858187239423776,0
9868,3.6683335299500626,0
9869,1.7473399883776721,0
9870,2.6159318901067774,0
9871,2.305063481137536,0
9872,0.5217680960688915,0
9873,1.7579353065903804,0
9874,0.9019185597823894,0
9875,1.0327227949115698,0
9876,2.9115437284666243,0
9877,8.242536662857512,0
9878,1.8441397422298635,0
9879,0.576666642689296,0
9880,3.8552213247244427,0
9881,2.7249553270073026,0
9882,6.5219982888053165,0
9883,1.1426761480041694,0
9884,1.287653122755256,0
9885,5.690838248733368,0
9886,1.6282964118004652,0
9887,8.860947682123557,1
9888,4.5263257549514275,0
9889,0.9820549222041575,0
9890,3.224594995171615,0
9891,1.2023293228254894,0
9892,5.121764742654025,0
9893,2.1645488452293007,0
9894,11.739987936789314,1
9895,1.913483446446655,0
9896,3.2065153598151896,0
9897,3.0452034161729156,0
9898,9.961998753789507,1
9899,2.4602790522130373,0
9900,1.4701255185531663,0
9901,4.735705016271378,0
9902,4.096348122390405,0
9903,0.8236470811417234,0
9904,1.9439713522112418,0
9905,1.5622049242003417,0
9906,6.337470692299305,0
9907,1.086090878963201,0
9908,1.8042383177597012,0
9909,3.1661658751600963,0
9910,1.1488329643363768,0
9911,10.393187286491058,1
9912,1.7814345952235018,0
9913,2.361432733912816,0
9914,7.75874029538809,0
9915,0.7028068022220864,0
9916,4.68927923103855,0
9917,4.329858454930278,0
9918,2.7559855682733394,0
9919,2.330221762776356,0
9920,8.254622030350387,0
9921,0.6610509099842703,0
9922,3.814443685261702,0
9923,0.7702491788422959,0
9924,0.9307030592431412,0
9925,2.209937927608917,0
9926,0.6083313198592967,0
9927,4.672704716840063,0
9928,3.0349156675098046,0
9929,0.3310381204666586,0
9930,2.926094342428317,0
9931,4.615187086544188,0
9932,1.9943029144912492,0
9933,2.575393838289862,0
9934,1.6893668500146544,0
9935,0.972625590355456,0
9936,0.795592864916895,0
9937,2.6037886448745633,0
9938,1.6621764006621504,0
9939,1.5178299926035257,0
9940,4.3740145252570155,0
9941,1.088641458793741,0
9942,2.523258653312658,0
9943,2.06623892086957,0
9944,1.3988484266665226,0
9945,2.697622895548212,0
9946,1.88135294378191,0
9947,1.9962977903054535,0
9948,1.2253494119150565,0
9949,1.9046496249424956,0
9950,3.0356635018916966,0
9951,2.5592168256147994,0
9952,2.7513412216387674,0
9953,1.9908099059699276,0
9954,4.033798852828743,0
9955,2.419435848790871,0
9956,4.001973756824632,0
9957,3.3170162309911886,0
9958,4.124145083025042,0
9959,2.9227217242488406,0
9960,1.1443248070272065,0
9961,2.4254374618073973,0
9962,5.80262064388071,0
9963,5.015276049048376,0
9964,5.369156686480463,0
9965,1.2114080763494333,0
9966,2.3077999780518845,0
9967,1.0327083690290773,0
9968,3.0968794196383254,0
9969,1.9849868068291434,0
9970,0.7738432440407151,0
9971,1.6230082186189785,0
9972,1.1655598092201396,0
9973,3.520702316806591,0
9974,1.3230418320738477,0
9975,1.2260849313656903,0
9976,3.423441790605477,0
9977,11.334505014732109,1
9978,2.0446315078192336,0
9979,6.580530580477035,0
9980,1.6573236264089113,0
9981,1.9972295182435922,0
9982,1.8937622578596172,0
9983,1.500406784832369,0
9984,4.068536290612245,0
9985,3.5925845610604785,0
9986,1.3713754889687084,0
9987,1.4344122822402303,0
9988,1.9652183749277405,0
9989,7.689399916048946,0
9990,1.6084777459125452,0
9991,2.7300873731467687,0
9992,3.5876828568736077,0
9993,1.2337452589247622,0
9994,2.3170313149260298,0
9995,0.33868822274295235,0
9996,0.7698951234957772,0
9997,4.208564339140502,0
9998,2.3012479895404896,0
9999,1.2968349526878076,0
10000,0.4444021297277136,0
10001,0.7394460123883919,0
10002,0.583787534510919,0
10003,1.3435670793794614,0
10004,3.64117825028483,0
10005,1.5312397072299253,0
10006,2.9772044295997433,0
10007,2.9115654923477137,0
10008,2.0648890667758364,0
10009,2.1355005199228576,0
10010,1.5781550126363009,0
10011,3.2135252089846262,0
10012,2.3738910026161832,0
10013,3.8519230065827177,0
10014,1.5882345839972993,0
10015,2.7017794873159007,0
10016,2.4833102455894926,0
10017,10.47792248226207,1
10018,2.114831988634594,0
10019,1.521277525499368,0
10020,1.6996361715566028,0
10021,7.859329670526206,0
10022,1.5746357390889938,0
10023,3.4141091207806773,0
10024,1.7736242883687454,0
10025,0.6229286075504595,0
10026,1.5158559371357938,0
10027,2.371254626159156,0
10028,2.858258445346226,0
10029,5.951684219587705,0
10030,3.490184243972553,0
10031,2.2902834159891214,0
10032,2.2069884231215644,0
10033,5.625345975633211,0
10034,10.282018810488076,1
10035,2.9190573170241243,0
10036,3.7642365793752135,0
10037,4.852745329717423,0
10038,4.23018261007605,0
10039,5.740220702452768,0
10040,7.00816005098093,0
10041,8.964161643728245,1
10042,2.7919815389881837,0
10043,0.9924569103656661,0
10044,0.4551684143312703,0
10045,0.8150941435561172,0
10046,1.2005774840556274,0
10047,1.761327843198928,0
10048,3.822559019932923,0
10049,2.1038402608072047,0
10050,1.408279573229333,0
10051,5.071655454599793,0
10052,1.7323927012160178,0
10053,11.141105470484886,1
10054,1.9140564506842734,0
10055,1.9850386427123254,0
10056,0.9177895396223283,0
10057,10.31871873326371,1
10058,1.433240271769363,0
10059,1.1960841594685905,0
10060,1.939641012701753,0
10061,2.6528813982931023,0
10062,3.2262637724289456,0
10063,4.842907656207915,0
10064,2.587460994369064,0
10065,2.130106684783644,0
10066,1.4161282607176569,0
10067,3.8941909132508385,0
10068,1.8500479236968794,0
10069,4.7322839350093675,0
10070,4.5472789956342945,0
10071,4.774765988444006,0
10072,0.9939036717184231,0
10073,6.5852459529755345,0
10074,3.792129913984143,0
10075,2.357393514895789,0
10076,5.284319343320434,0
10077,8.554421097385834,1
10078,1.2364241992928615,0
10079,8.59292471946203,1
10080,1.2024430328294726,0
10081,2.6875250537431095,0
10082,4.63233828365004,0
10083,1.9086950787325077,0
10084,3.914870111021415,0
10085,0.9578975583274724,0
10086,3.892377454119858,0
10087,3.362019499936187,0
10088,4.40680472840791,0
10089,10.362392102782403,1
10090,2.7145295002907264,0
10091,3.9568121922656507,0
10092,4.237006156745695,0
10093,2.24610777769118,0
10094,6.766234568175184,0
10095,4.229271222585322,0
10096,0.9447148552798204,0
10097,3.398648723031852,0
10098,1.4812006958380017,0
10099,2.4779981462266694,0
10100,2.0167729956508307,0
10101,1.6981488015350337,0
10102,3.000386571754709,0
10103,0.5659532168057889,0
10104,0.7666127073371515,0
10105,3.244867061045063,0
10106,0.5230891179317513,0
10107,0.7785530773893037,0
10108,1.0876448170655924,0
10109,7.4696789731053235,0
10110,0.4817109979734052,0
10111,4.927226592483489,0
10112,2.6155217830583384,0
10113,2.7756498875016957,0
10114,1.2898556805529462,0
10115,1.373983672193076,0
10116,3.558651639087465,0
10117,1.353838275478773,0
10118,4.3435521482944095,0
10119,2.571682211744745,0
10120,4.677893222016009,0
10121,2.2706693434870027,0
10122,2.2392248441066274,0
10123,0.7919639037920826,0
10124,1.8456959125842638,0
10125,1.3394795404090893,0
10126,1.232228064086601,0
10127,1.5457295712532644,0
10128,2.9466526130042863,0
10129,4.663396097163259,0
10130,3.437069317989167,0
10131,5.502371676872707,0
10132,2.805281619489824,0
10133,1.7348691896678115,0
10134,3.831292898919394,0
10135,2.071173397799757,0
10136,0.8291726634628033,0
10137,1.5651398242418157,0
10138,3.0986157376295838,0
10139,2.864519232367734,0
10140,4.73531631679456,0
10141,0.44642903569310316,0
10142,4.206975740524728,0
10143,2.9709682462202305,0
10144,3.2957239375255454,0
10145,5.073025588167005,0
10146,2.281698596887289,0
10147,2.3543206466752666,0
10148,3.1652107780272147,0
10149,0.6924982548674637,0
10150,1.507844942348825,0
10151,4.600492257888804,0
10152,1.2946577707530376,0
10153,0.9467163257497107,0
10154,2.624530979821289,0
10155,2.337722655224415,0
10156,0.7303691225281199,0
10157,4.44704221875036,0
10158,3.9501631082247983,0
10159,1.8420062553501693,0
10160,3.118882968162493,0
10161,1.1406537390587086,0
10162,1.4704218096324324,0
10163,2.7533460564779357,0
10164,8.471585475934116,1
10165,1.747788550972545,0
10166,1.6099819243353168,0
10167,1.0336083630427162,0
10168,3.7112370841366715,0
10169,1.3149657190618513,0
10170,0.88867012864138,0
10171,1.8900374735428291,0
10172,5.894423928023225,0
10173,1.918979060131077,0
10174,0.3604931527167319,0
10175,1.9038399271146744,0
10176,5.601638990190371,0
10177,0.8821638902658664,0
10178,3.7913660743474975,0
10179,2.562993103945308,0
10180,2.399468898911559,0
10181,2.2218485550282225,0
10182,0.8193597440268711,0
10183,2.6846049992265404,0
10184,10.830150406273173,1
10185,1.487237091532527,0
10186,2.0389572326774523,0
10187,1.7161074561700789,0
10188,1.6292649108037813,0
10189,15.190868620040854,1
10190,1.8882310787424303,0
10191,2.659455516374187,0
10192,0.5168773093043925,0
10193,2.3960510398263906,0
10194,5.4335682128048495,0
10195,0.6732298253683088,0
10196,2.079768650496454,0
10197,1.7241359542560413,0
10198,0.888392808993908,0
10199,0.8761899625044942,0
10200,1.1286097430275563,0
10201,5.785821226227309,0
10202,4.942571302364568,0
10203,1.3297514972672246,0
10204,3.4975183728260464,0
10205,9.158489537996617,1
10206,1.1461724748139521,0
10207,1.906268194282958,0
10208,6.189240152383267,0
10209,2.4764445865002584,0
10210,1.9439258644756567,0
10211,0.8934924150040011,0
10212,2.708948859472751,0
10213,4.28081661550335,0
10214,1.394011791733917,0
10215,3.13414019550369,0
10216,4.550368215482489,0
10217,2.5000659845799738,0
10218,2.244494415911726,0
10219,2.144526804446634,0
10220,6.538433256292349,0
10221,0.8252332280396384,0
10222,1.5076064617069052,0
10223,2.4160592554034013,0
10224,4.051050956810264,0
10225,2.361386922425992,0
10226,1.4266947332630384,0
10227,2.2872443604488617,0
10228,1.1889104971270332,0
10229,2.9113767782152364,0
10230,3.5698814785117765,0
10231,2.0683381067221402,0
10232,0.8063420512991234,0
10233,2.1341329952509636,0
10234,1.3527407337374648,0
10235,4.060653299387029,0
10236,2.1904312787933824,0
10237,4.320253030837877,0
10238,1.4584324995620481,0
10239,2.4652820399869078,0
10240,3.657736974119207,0
10241,3.5239103816097077,0
10242,2.473289141236969,0
10243,0.6801910268063939,0
10244,1.3859182716717524,0
10245,4.491956722591194,0
10246,1.63444971545668,0
10247,6.30174266231675,0
10248,4.418725803816006,0
10249,2.074087962943471,0
10250,0.4778436643432654,0
10251,1.2930983836236578,0
10252,3.378731666028055,0
10253,1.5629018195430666,0
10254,2.152110341411739,0
10255,2.273472688438955,0
10256,4.5888683647894055,0
10257,1.8354214567353573,0
10258,1.610007770973278,0
10259,4.792098735651842,0
10260,3.367133584864895,0
10261,5.091190445673755,0
10262,0.9187212550895532,0
10263,1.5009210655681136,0
10264,4.867293102344189,0
10265,0.49032615357034093,0
10266,0.6221894671097782,0
10267,3.6456841569435117,0
10268,1.7390150830625482,0
10269,5.118519660444829,0
10270,2.2550317154877577,0
10271,1.2018643427045188,0
10272,0.4950886683853598,0
10273,1.1422415717047965,0
10274,3.197513469995741,0
10275,5.8379417222400525,0
10276,2.4443539170774184,0
10277,1.2347849328911629,0
10278,2.30733584588667,0
10279,4.98232553310317,0
10280,18.862549415527457,1
10281,2.670300733552129,0
10282,1.6620622107627132,0
10283,1.68297242239302,0
10284,3.2969882046703507,0
10285,8.07909331234907,0
10286,0.8959558138479861,0
10287,3.3637018469357023,0
10288,3.1140279528135193,0
10289,0.5197546381032159,0
10290,0.8591712251808687,0
10291,2.0212676972367856,0
10292,1.7279454312892042,0
10293,4.681963145401528,0
10294,1.0450471303167816,0
10295,2.921156583596696,0
10296,0.6867255771996145,0
10297,3.5609107540659637,0
10298,2.430512782936025,0
10299,4.151029853855331,0
10300,6.77558087893034,0
10301,1.1255661833194526,0
10302,2.250003500245263,0
10303,1.3770505328277973,0
10304,2.4978124650888502,0
10305,1.8860785449231654,0
10306,2.670519428792542,0
10307,3.2558195745830694,0
10308,3.266126534781832,0
10309,6.36824367750819,0
10310,1.8428115668964158,0
10311,1.671358854165849,0
10312,6.164731585325231,0
10313,3.1752196426749157,0
10314,2.9489566882877463,0
10315,0.7219787515280339,0
10316,2.563279047594347,0
10317,1.652018008047463,0
10318,4.0964750714908655,0
10319,3.4956688637069044,0
10320,1.093438139517882,0
10321,2.007854119803261,0
10322,0.8879968680024867,0
10323,1.6566975029244906,0
10324,9.506157228053066,1
10325,2.364364611010664,0
10326,1.40434187437639,0
10327,2.231591254142931,0
10328,2.5421765489446515,0
10329,3.5323624369093807,0
10330,2.8939439423949187,0
10331,0.7370929030135513,0
10332,2.1025316248786705,0
10333,1.9868055960561601,0
10334,6.338365703712291,0
10335,1.1644642614342982,0
10336,1.282217987624437,0
10337,2.0426627658037524,0
10338,2.418034573732176,0
10339,4.029225561109114,0
10340,4.030805171615443,0
10341,12.303931216450874,1
10342,3.358969152884483,0
10343,2.4716486555678,0
10344,1.3776389231817052,0
10345,0.9344558959503974,0
10346,2.5767573772720453,0
10347,6.708372545017318,0
10348,9.550294734464602,1
10349,1.88688915842265,0
10350,0.5691503504954364,0
10351,0.6637581455319972,0
10352,2.431778669433919,0
10353,2.959562810249619,0
10354,2.0849224005783693,0
10355,2.048867049057306,0
10356,3.2640597928600377,0
10357,8.31893099158969,1
10358,1.6968485516922611,0
10359,4.379906727399686,0
10360,3.7287645172734267,0
10361,2.569458302971522,0
10362,1.211371992946861,0
10363,2.3902986387158323,0
10364,3.3417734052731816,0
10365,1.974202175169721,0
10366,1.521162529431598,0
10367,0.9033355791622921,0
10368,0.8645049661794694,0
10369,3.1806783099497458,0
10370,2.299802117840181,0
10371,1.0064783313754926,0
10372,1.2012581575350605,0
10373,0.8298506267293833,0
10374,0.3981428266394527,0
10375,0.5960378923717763,0
10376,5.266877418009779,0
10377,2.4049027017591422,0
10378,1.995925625435119,0
10379,8.570277228320087,1
10380,1.4309107553096176,0
10381,0.7553572474785815,0
10382,3.5952915870794553,0
10383,0.9363472381127769,0
10384,1.426651646318691,0
10385,2.934603058542794,0
10386,0.7376733153809822,0
10387,1.538784000755202,0
10388,0.3465516952044234,0
10389,4.555964506724948,0
10390,4.119896678745263,0
10391,2.3961842523125365,0
10392,2.077323926392367,0
10393,1.1691678262913432,0
10394,0.6605588355316712,0
10395,3.4953846684795686,0
10396,0.2856141146168502,0
10397,2.043860846704838,0
10398,1.3317817369173726,0
10399,4.8560370824832875,0
10400,3.5725595191364197,0
10401,1.6999553586750327,0
10402,2.1814268542659274,0
10403,1.3477355222241754,0
10404,3.0780694714558816,0
10405,3.045979842094831,0
10406,6.337930154322012,0
10407,10.902609864390786,1
10408,4.831413754302017,0
10409,2.8587696922925767,0
10410,2.0452266034933877,0
10411,1.6898577987938421,0
10412,0.7707383761853761,0
10413,2.956808462471655,0
10414,1.2358299471816574,0
10415,2.1268165617856716,0
10416,0.7064441852019496,0
10417,1.8718134010789036,0
10418,1.9063901046810927,0
10419,2.4561851258480574,0
10420,3.2778991375033457,0
10421,1.2178761255325805,0
10422,4.5227000447421135,0
10423,3.158195253334194,0
10424,3.570737556599008,0
10425,2.6694954013586107,0
10426,1.2232136383542533,0
10427,0.8219679286197634,0
10428,14.226384040845291,1
10429,1.0374101582841573,0
10430,0.7401087284327438,0
10431,3.685905357654185,0
10432,18.397397207759536,1
10433,0.9876114718739106,0
10434,1.004073450958248,0
10435,2.1311357393125885,0
10436,3.0170312448633063,0
10437,1.864190026319954,0
10438,1.9211977385054766,0
10439,1.2475915314652928,0
10440,5.828491982879389,0
10441,2.421889499411624,0
10442,6.929278288065433,0
10443,18.06287388878444,1
10444,3.03439424202437,0
10445,3.268567759210959,0
10446,2.730111331634104,0
10447,5.53465420102054,0
10448,1.0332763113945176,0
10449,1.7476037368425927,0
10450,3.1597453040667953,0
10451,2.3122958569345746,0
10452,1.1064890808269334,0
10453,0.9354561550317546,0
10454,5.206379742494306,0
10455,1.6095516027707786,0
10456,5.634719431846171,0
10457,2.2285466727574055,0
10458,12.4929049382853,1
10459,2.1988907474670176,0
10460,5.56017362047947,0
10461,2.931896162292991,0
10462,2.1153163508282984,0
10463,1.5298165125699976,0
10464,1.750189503751978,0
10465,7.9307639885329895,0
10466,2.7337253707016473,0
10467,3.2172528122254227,0
10468,1.774524135698736,0
10469,3.514568137262954,0
10470,1.4528493705652592,0
10471,2.712876401927859,0
10472,8.196705510729517,0
10473,4.010160891294086,0
10474,2.4608374073319603,0
10475,1.1238550723917236,0
10476,1.9126726843795534,0
10477,1.7761286813336865,0
10478,2.64877252993647,0
10479,12.70987326499779,1
10480,1.4600027620797176,0
10481,9.312892447759094,1
10482,1.3823512497932746,0
10483,5.404542305480529,0
10484,0.3906179826319686,0
10485,0.6961627065130035,0
10486,0.3674308249078113,0
10487,3.291894055203715,0
10488,3.326849449412387,0
10489,3.6876434606762922,0
10490,5.038639618285175,0
10491,6.462559844151814,0
10492,2.0115827771199117,0
10493,0.8346340118017804,0
10494,1.444227679545736,0
10495,3.03999611390351,0
10496,5.579693792985788,0
10497,2.8956560774408806,0
10498,1.2381831224013011,0
10499,1.1815531933102075,0
10500,1.282175271711209,0
10501,0.9773469088044349,0
10502,3.219083779977737,0
10503,10.023279667977791,1
10504,4.940724713914909,0
10505,0.6258841383977803,0
10506,1.6814714006394915,0
10507,0.6632287871735644,0
10508,1.3871063719879937,0
10509,5.138312465564257,0
10510,2.9708987109052076,0
10511,2.7354561225473106,0
10512,3.5421664844954486,0
10513,8.893286452613227,1
10514,4.3771661245824465,0
10515,2.891701321378224,0
10516,7.986884304452408,0
10517,7.2871246155641405,0
10518,5.9075498167967675,0
10519,7.462875187331266,0
10520,1.7696661278446872,0
10521,4.8385101910156685,0
10522,0.6112977414972962,0
10523,1.9231718739526025,0
10524,2.567583326275137,0
10525,3.3965714709017933,0
10526,1.428961316685473,0
10527,1.8314247297384023,0
10528,1.6472907715247638,0
10529,1.4557882775962574,0
10530,1.1787455506025066,0
10531,2.366803605957503,0
10532,2.400512523359761,0
10533,2.566994214080416,0
10534,4.154826995692848,0
10535,1.5662951421497908,0
10536,4.1331748039600935,0
10537,2.0234893943656704,0
10538,1.7540368584288053,0
10539,7.437013777346551,0
10540,2.5921204003922935,0
10541,2.7184732618260403,0
10542,2.994064642964808,0
10543,2.9744545168779037,0
10544,1.889065993353931,0
10545,5.918957705550157,0
10546,4.402648908265822,0
10547,4.935837413941578,0
10548,1.980155873506457,0
10549,5.237482080648879,0
10550,1.2666342445570797,0
10551,1.2923739698905679,0
10552,1.7928937897346677,0
10553,4.411332295454298,0
10554,1.076558783552525,0
10555,5.8770142301060595,0
10556,1.161568289569079,0
10557,1.0432593746592607,0
10558,3.203001642068906,0
10559,2.644287554601726,0
10560,0.7104296367608594,0
10561,1.4562571866187282,0
10562,1.7273868248989603,0
10563,2.062428714695211,0
10564,2.522595461483292,0
10565,1.3565244546658282,0
10566,2.0104202577714942,0
10567,7.386317722396643,0
10568,3.1714483709543635,0
10569,7.2131999346789435,0
10570,5.295047812411922,0
10571,2.326672523879837,0
10572,1.8055117628224726,0
10573,2.217049096611504,0
10574,2.049311304654141,0
10575,2.3460518485121877,0
10576,2.53807034529093,0
10577,2.699161356068765,0
10578,0.7192097468920708,0
10579,5.739145444150854,0
10580,5.541344519382312,0
10581,1.942035709314428,0
10582,3.827954404521774,0
10583,2.8593005850673885,0
10584,1.6526433990998102,0
10585,3.6206470225872676,0
10586,4.444373553018353,0
10587,2.4606248859594633,0
10588,3.4712999702115552,0
10589,0.959691327489508,0
10590,1.4127444288475304,0
10591,1.8963958289431104,0
10592,1.0474855748556722,0
10593,2.4324912276114747,0
10594,1.6293438164742164,0
10595,2.9211466810639424,0
10596,1.0500750072651515,0
10597,4.294476448420658,0
10598,5.479815714914776,0
10599,1.5398863148532942,0
10600,4.973546249625982,0
10601,1.7743477027243173,0
10602,1.453070088814848,0
10603,0.9767824898716595,0
10604,2.1239951792721694,0
10605,2.5115504645867675,0
10606,5.161517104777271,0
10607,2.516751699616648,0
10608,2.006749869387373,0
10609,4.159942848455989,0
10610,2.8632912992498536,0
10611,0.7207980823168355,0
10612,1.7897838619217703,0
10613,2.980231634261642,0
10614,3.921606113539178,0
10615,7.629694536659339,0
10616,4.083303356097282,0
10617,10.164171105202566,1
10618,6.0108716979476045,0
10619,1.4043422261387637,0
10620,1.0960169310170675,0
10621,0.4210493868778741,0
10622,0.778878590036007,0
10623,1.9411040002771158,0
10624,1.8537256169987069,0
10625,1.0604176406597248,0
10626,8.758946251200083,1
10627,3.6244705828580286,0
10628,5.185039682242178,0
10629,4.450424407647436,0
10630,3.537874370117924,0
10631,2.7968204338351246,0
10632,2.8878564210627955,0
10633,1.8981057636928655,0
10634,2.0219804105055386,0
10635,2.148723397071327,0
10636,3.8937930641175607,0
10637,0.6999434744346387,0
10638,2.7146270924439815,0
10639,0.8477656199488879,0
10640,2.207903302757275,0
10641,1.5021982857115077,0
10642,3.254812322198784,0
10643,4.876589443229047,0
10644,6.013527127015911,0
10645,1.0721461454335346,0
10646,2.901224313259702,0
10647,5.539013074575842,0
10648,2.9225111677122038,0
10649,4.645491663290273,0
10650,16.188754734740588,1
10651,6.081918429286192,0
10652,0.8928586541572092,0
10653,0.9119582472656069,0
10654,1.9010571390980537,0
10655,4.8849491841063095,0
10656,0.8912270287430555,0
10657,2.4980385278644,0
10658,2.186201627793292,0
10659,0.3733809824755755,0
10660,1.742497023583497,0
10661,8.080484661659563,0
10662,4.139582115459556,0
10663,3.4674652027574995,0
10664,7.696230370405804,0
10665,3.1167490155338573,0
10666,4.4000201372040815,0
10667,3.248812866116035,0
10668,4.7474634421906465,0
10669,3.059528790859708,0
10670,5.683513681496239,0
10671,0.521876592937625,0
10672,3.5287267404414715,0
10673,1.6953072198385135,0
10674,5.698957094374005,0
10675,0.5752885131676031,0
10676,7.694359163361068,0
10677,3.0792150447355953,0
10678,2.601861921776297,0
10679,3.411580107565397,0
10680,4.392567378727033,0
10681,1.3886530435875837,0
10682,7.512170727491202,0
10683,1.0142491533815092,0
10684,1.4541296366768768,0
10685,1.5986496673152089,0
10686,2.1705704405997315,0
10687,4.228854888167118,0
10688,0.542184754718492,0
10689,0.8625088408452787,0
10690,4.871248113629775,0
10691,7.120835123306886,0
10692,3.051111045329326,0
10693,13.596544092215936,1
10694,1.4187186022201497,0
10695,4.756103391940568,0
10696,1.8535603100738858,0
10697,6.146394346179463,0
10698,0.2319244421349065,0
10699,3.877881901795214,0
10700,4.957219802419126,0
10701,1.1795285923639622,0
10702,1.251275989068102,0
10703,1.4929778644262182,0
10704,1.401370307304876,0
10705,0.4708737115890463,0
10706,0.6219741940989966,0
10707,1.8672627969525228,0
10708,1.6460341465170232,0
10709,0.375823999039415,0
10710,4.412881494379379,0
10711,1.1820007644280026,0
10712,2.468383914304859,0
10713,1.0948589000236797,0
10714,1.9343818796244505,0
10715,4.404937257889936,0
10716,4.630168379667331,0
10717,1.0930972089003805,0
10718,1.2325349691712695,0
10719,4.451204051089499,0
10720,5.297053294944452,0
10721,0.8859791723921169,0
10722,3.8872699338281738,0
10723,6.689102367211274,0
10724,1.4175616948557541,0
10725,1.6656168565817224,0
10726,1.864177314234895,0
10727,0.6706488403934436,0
10728,3.5095385022621075,0
10729,3.5850197430810082,0
10730,2.1337715318549035,0
10731,2.140692314733779,0
10732,4.178740734004159,0
10733,1.9860559763453374,0
10734,2.307812104342104,0
10735,1.4938427528608427,0
10736,4.313067609045805,0
10737,0.44159442618045536,0
10738,2.5878737243537007,0
10739,6.209021444059311,0
10740,3.6670800890453794,0
10741,0.4510744072065905,0
10742,1.2388449441018268,0
10743,1.5646198570821308,0
10744,2.438297564520698,0
10745,1.9461130780526799,0
10746,2.9387524441180775,0
10747,4.455114461973783,0
10748,4.420859097934721,0
10749,0.6186060898776298,0
10750,1.5992541203591193,0
10751,0.7225734013273535,0
10752,3.100170927357285,0
10753,4.1464337975420555,0
10754,0.8983267054124247,0
10755,0.6385931710480767,0
10756,1.6354131515114223,0
10757,1.6085632530609086,0
10758,1.3715102221088034,0
10759,1.7481981959917074,0
10760,0.8229806952712231,0
10761,0.6694093488833218,0
10762,0.8585829020146767,0
10763,0.32171125864204303,0
10764,2.0769477268949297,0
10765,1.4218825242122213,0
10766,1.8992896417772642,0
10767,2.9506018972445403,0
10768,8.75250460360898,1
10769,0.8628137769523346,0
10770,3.4414821584699524,0
10771,2.488471308585498,0
10772,1.2605421945253417,0
10773,1.8649321021520107,0
10774,2.3903473208452586,0
10775,3.8631525659008825,0
10776,1.6528705416110439,0
10777,1.7887255093894223,0
10778,1.2755530610861041,0
10779,3.1003326662211124,0
10780,10.17236971180518,1
10781,1.7736966444479039,0
10782,2.0559401917457745,0
10783,2.3957671900804507,0
10784,1.6450093075057493,0
10785,3.833589839208001,0
10786,0.9448240191794349,0
10787,3.4475185223908245,0
10788,0.8025360968901846,0
10789,2.2341266114202685,0
10790,3.904561622544089,0
10791,1.757737631254188,0
10792,3.1323132613510385,0
10793,7.31430878136766,0
10794,1.7052581643795472,0
10795,8.776485993955815,1
10796,3.6330254202349415,0
10797,4.368334779321845,0
10798,1.231233361829816,0
10799,1.4432024160657024,0
10800,4.406474696110575,0
10801,3.461496646105821,0
10802,1.8460583592972204,0
10803,2.4108664886459295,0
10804,0.8953673927837984,0
10805,2.8190373672110827,0
10806,1.4842302958100653,0
10807,4.867228350064147,0
10808,2.368964779099191,0
10809,3.3428384224663943,0
10810,4.965024858193791,0
10811,2.429400873668272,0
10812,1.1216201781165276,0
10813,10.499098252076136,1
10814,1.0323933367025397,0
10815,5.695332218950181,0
10816,5.03875393033803,0
10817,4.5784434734474235,0
10818,5.25121357649866,0
10819,1.0266244705283563,0
10820,0.6153540154251375,0
10821,0.7699012372957744,0
10822,2.364481722718293,0
10823,1.968456520866701,0
10824,2.2918898476961505,0
10825,2.451601563911799,0
10826,0.4242769366812779,0
10827,2.9254943452420745,0
10828,7.70324495949273,0
10829,2.612682109968707,0
10830,3.313825345954165,0
10831,1.0276402045765038,0
10832,0.9433495983649206,0
10833,3.3519502951914615,0
10834,5.364055768090657,0
10835,3.4833516583880586,0
10836,0.6970842715939661,0
10837,0.80493770632906,0
10838,5.4069857724020505,0
10839,2.6809280970831173,0
10840,4.822846613711434,0
10841,1.8529215621208757,0
10842,3.6925980229877036,0
10843,0.7295464110284299,0
10844,2.286817892929269,0
10845,2.4371221944886186,0
10846,3.309392038239317,0
10847,2.8142770021862322,0
10848,2.1500993979237943,0
10849,2.8219312460755734,0
10850,2.4363164464453813,0
10851,0.776827366742173,0
10852,1.0171173188593405,0
10853,2.321865195029297,0
10854,3.4694093185235695,0
10855,1.340771460956437,0
10856,20.477582176315583,1
10857,3.0808774802017025,0
10858,2.811181678434436,0
10859,5.724610975370077,0
10860,3.337938393431125,0
10861,4.352097019604065,0
10862,1.4919840349799491,0
10863,1.0321320442531525,0
10864,2.4228926629007494,0
10865,2.025234285338607,0
10866,3.370151613872723,0
10867,1.8322483824452074,0
10868,1.1343806792027342,0
10869,0.8521834642236273,0
10870,1.7748333046954572,0
10871,1.4730382935673834,0
10872,1.7807483139789828,0
10873,2.211127801210487,0
10874,3.003818655875489,0
10875,2.4229561370015293,0
10876,4.017162119382378,0
10877,2.1724339937444985,0
10878,2.5704630748628188,0
10879,13.006348899357489,1
10880,3.925670303364791,0
10881,10.240773169708651,1
10882,5.895466176439863,0
10883,2.4643755998606114,0
10884,3.28627602988238,0
10885,1.3418803608650298,0
10886,1.203510246532591,0
10887,1.3806965305907786,0
10888,1.4989300975759434,0
10889,1.230523600100465,0
10890,2.6660086023539824,0
10891,1.6568817045837023,0
10892,2.0365850565995647,0
10893,1.8085078950595705,0
10894,3.411551812312243,0
10895,8.49621082281967,1
10896,4.96189629901997,0
10897,6.067796778539381,0
10898,1.963590588856634,0
10899,4.733505682041811,0
10900,0.6154773347936412,0
10901,1.3893156113787495,0
10902,0.5729013754269598,0
10903,3.070128873554989,0
10904,1.9992606020631631,0
10905,0.6098959043417597,0
10906,3.612157917607291,0
10907,2.442967800343344,0
10908,3.9491843902458705,0
10909,3.7232759103289776,0
10910,2.8328955698390823,0
10911,2.5290956131231277,0
10912,2.038866698504086,0
10913,4.699051083667374,0
10914,7.867083819381547,0
10915,1.860532957478665,0
10916,3.9111072688361372,0
10917,11.003501118485294,1
10918,1.9811014254868675,0
10919,13.212365911543467,1
10920,1.6200222334354133,0
10921,4.14491723385729,0
10922,1.0866204451528325,0
10923,3.7926777239496454,0
10924,2.364154167486708,0
10925,4.678547349136415,0
10926,1.20955500469426,0
10927,1.8022159623310905,0
10928,0.6390930061190834,0
10929,0.5970618292270198,0
10930,8.811529527957884,1
10931,1.1924523933365356,0
10932,3.192857585782116,0
10933,4.11004630066657,0
10934,0.6302629517099816,0
10935,3.126781659343123,0
10936,2.8416975759399454,0
10937,17.617382591513604,1
10938,8.120146925998625,0
10939,8.51963138959295,1
10940,0.4364775396820039,0
10941,5.3257145943850706,0
10942,4.605501626373203,0
10943,1.715473360105483,0
10944,3.9555645097350416,0
10945,2.30781227307211,0
10946,2.648533009772995,0
10947,1.8052693820761347,0
10948,4.009633888433037,0
10949,0.9310847839926709,0
10950,1.6733326556641666,0
10951,3.6012122801786837,0
10952,4.311107660014622,0
10953,1.1476732482588874,0
10954,2.4365111685466143,0
10955,6.5582036063154145,0
10956,2.9595934243627533,0
10957,4.343794915426952,0
10958,6.760205794361752,0
10959,1.1673155971018903,0
10960,21.197664936476738,1
10961,1.5692339404973434,0
10962,0.9100368828070968,0
10963,1.4720360629291087,0
10964,5.34973205011958,0
10965,1.2058595670817396,0
10966,1.7139760925092635,0
10967,2.851190151667194,0
10968,4.655244193017337,0
10969,1.4219345823387222,0
10970,1.3093085123815933,0
10971,5.684825416269937,0
10972,1.1864819189949456,0
10973,2.8064757812506014,0
10974,1.4974101958672985,0
10975,1.1240480030851296,0
10976,0.7062749562169822,0
10977,5.2917390639741315,0
10978,5.3814319552749375,0
10979,2.9226740288596327,0
10980,0.3338142837974727,0
10981,2.5926557044500718,0
10982,6.281965083212219,0
10983,2.2475507926151197,0
10984,2.049140034919362,0
10985,0.4927370696485659,0
10986,0.7049741583048871,0
10987,2.918754085564765,0
10988,0.7778001985146907,0
10989,2.773604958132711,0
10990,6.8284217112351175,0
10991,4.915139967093203,0
10992,1.8877954022217651,0
10993,2.639330196153922,0
10994,7.558712534010352,0
10995,20.0825202776008,1
10996,2.7876637900380974,0
10997,6.492898296212356,0
10998,3.8058504298786446,0
10999,0.5670623365044822,0
11000,1.243892817710534,0
11001,3.450660805803703,0
11002,10.80266329109293,1
11003,2.1236684478360432,0
11004,0.8976654757047234,0
11005,1.6427351647289903,0
11006,2.257167178966613,0
11007,3.0265068687499626,0
11008,2.582078227260114,0
11009,3.6657845796608344,0
11010,2.554154969223085,0
11011,12.461803349748978,1
11012,5.303332148094427,0
11013,5.199700887959366,0
11014,1.7326263093924024,0
11015,1.1685104520010339,0
11016,2.541312894929376,0
11017,1.2348326504516296,0
11018,1.4628134318126078,0
11019,2.151533756488642,0
11020,3.2465015277464433,0
11021,8.89015083374418,1
11022,2.4589460372891008,0
11023,1.621215548302135,0
11024,2.3660484618848434,0
11025,1.139778614450687,0
11026,1.8831190541132523,0
11027,29.76753465984884,1
11028,1.6578055548554873,0
11029,2.8921851161194634,0
11030,1.6290388914587164,0
11031,1.7022057227960963,0
11032,5.7777312252751205,0
11033,2.1532563854193163,0
11034,3.5787976239259454,0
11035,1.7882943160700482,0
11036,3.713479171892965,0
11037,2.7630182619206543,0
11038,2.3196186219317902,0
11039,0.6676384606372108,0
11040,4.450991644285927,0
11041,2.399492030138356,0
11042,2.130794900646128,0
11043,4.271316750417322,0
11044,3.6578882502124626,0
11045,1.1545979374967847,0
11046,4.308027741295904,0
11047,2.6749388371029723,0
11048,1.163460857350505,0
11049,2.5518262834818652,0
11050,0.49643804222603444,0
11051,1.2658602855658772,0
11052,5.173220588819494,0
11053,3.778019019966266,0
11054,3.004890307670449,0
11055,0.9917470535249033,0
11056,1.1239517684705973,0
11057,4.2748227395646685,0
11058,2.6370887972853314,0
11059,4.094467957044394,0
11060,0.5400534054015833,0
11061,1.7192813406102279,0
11062,2.7969944623623646,0
11063,3.369594341644189,0
11064,4.444504606694233,0
11065,1.5885364330723448,0
11066,1.5337060821214137,0
11067,1.5660866240063445,0
11068,3.0408521371092165,0
11069,1.3530953479165064,0
11070,1.9889456585484644,0
11071,2.934075096616444,0
11072,4.365559550796983,0
11073,1.9215008973692527,0
11074,2.8452410707199425,0
11075,4.974832062941656,0
11076,3.4127364269990106,0
11077,0.709512414121997,0
11078,8.26764967550311,1
11079,6.449247702161676,0
11080,2.0624980592875772,0
11081,1.014232781217749,0
11082,0.7252784446580739,0
11083,0.9279326622945112,0
11084,3.174342717287339,0
11085,3.0269198413812943,0
11086,5.393276512010775,0
11087,6.629858799002987,0
11088,2.042503384692753,0
11089,9.090750084949395,1
11090,3.71869105962458,0
11091,1.6060030936228074,0
11092,2.0060363409312707,0
11093,3.948700997478739,0
11094,5.336200970772063,0
11095,2.2553486652462515,0
11096,2.5740982255672127,0
11097,0.8260134555992427,0
11098,4.11610290168756,0
11099,6.411199998919443,0
11100,2.0827693742224542,0
11101,2.4912575348244093,0
11102,1.6999586023728963,0
11103,2.823283073969479,0
11104,2.7841801564603914,0
11105,2.3252414592516173,0
11106,3.775825889778994,0
11107,13.406029255422549,1
11108,1.4532840929387456,0
11109,3.6201137550320315,0
11110,1.8454178499525853,0
11111,1.9737869985557448,0
11112,1.6993644429792394,0
11113,1.051977149563282,0
11114,0.7989893129595232,0
11115,2.5026602552591615,0
11116,3.768074076047749,0
11117,2.539290652497866,0
11118,3.287205732912946,0
11119,2.5825761721351386,0
11120,0.8594796250362404,0
11121,0.5918022476329958,0
11122,2.316877354421751,0
11123,1.6018556293258326,0
11124,0.8874813433337464,0
11125,1.4023342335629074,0
11126,1.0405732711253908,0
11127,5.015892137140873,0
11128,2.603485765473195,0
11129,2.2176704478565057,0
11130,3.6756089276149706,0
11131,2.0244959931912594,0
11132,2.139758095393762,0
11133,10.654974204171856,1
11134,0.4686806295333495,0
11135,0.7589894644812598,0
11136,1.299311836302128,0
11137,2.901703282210295,0
11138,3.1574584941156156,0
11139,2.2912317405772105,0
11140,2.6928424105738755,0
11141,3.4429338482376015,0
11142,2.8574957287291833,0
11143,1.5159250249714264,0
11144,2.739524358740593,0
11145,2.5878432400214413,0
11146,1.9121499874960675,0
11147,1.664505596214385,0
11148,4.111983063523489,0
11149,4.09370297903374,0
11150,1.5757478207692628,0
11151,2.932466630184987,0
11152,6.289026250401668,0
11153,0.6540094205735928,0
11154,3.8124416915827104,0
11155,3.595456758178241,0
11156,1.665970280840138,0
11157,0.9083037019847514,0
11158,1.338150293481557,0
11159,3.6889216933658417,0
11160,0.5604383301887667,0
11161,3.7438740492494853,0
11162,2.6472182006205287,0
11163,0.9943043654118416,0
11164,0.9168081685312708,0
11165,3.891633408490241,0
11166,5.871182370395914,0
11167,3.4374979634079987,0
11168,0.3559870325954892,0
11169,4.306400940482727,0
11170,3.9726973374700574,0
11171,3.7523759491887825,0
11172,1.0496927178974071,0
11173,8.562539037108856,1
11174,1.6212271393406363,0
11175,5.102454930240403,0
11176,2.898932643134546,0
11177,1.0411589382458446,0
11178,1.6105988410682708,0
11179,1.6691888230156242,0
11180,3.508213454337036,0
11181,1.3254415135044393,0
11182,3.0310784737994485,0
11183,1.9830651384364268,0
11184,5.4319214342072994,0
11185,3.8606961733366716,0
11186,2.529414759497309,0
11187,2.257346170549243,0
11188,3.435910441860504,0
11189,2.2511688974339945,0
11190,2.515984392820074,0
11191,4.851780409316045,0
11192,10.082411939153815,1
11193,2.6283915505462754,0
11194,0.5962848581812784,0
11195,2.7735200697492273,0
11196,1.7058803105694516,0
11197,6.961131827237024,0
11198,4.143311312095833,0
11199,1.9875868985194158,0
11200,2.7234452257508353,0
11201,4.451837911378295,0
11202,4.722607491963487,0
11203,2.666043436458592,0
11204,2.230269150949371,0
11205,2.777128683008199,0
11206,4.264497898799165,0
11207,5.068088433093459,0
11208,2.143551702198989,0
11209,4.231924305603223,0
11210,4.399233484802066,0
11211,6.0749794159220265,0
11212,2.369425955625115,0
11213,2.8869762495476388,0
11214,0.9101105758231772,0
11215,4.037916754378508,0
11216,1.2562109733020221,0
11217,3.942027088274725,0
11218,6.379473184276941,0
11219,2.812579829190595,0
11220,4.471127150296977,0
11221,0.8856698364931471,0
11222,2.654341727278502,0
11223,0.9876334888462036,0
11224,1.148487269366182,0
11225,3.092191320232338,0
11226,4.165053430179542,0
11227,6.132558224354413,0
11228,7.964738399760239,0
11229,4.773181270531341,0
11230,0.3395923229614238,0
11231,1.227173096698037,0
11232,2.8871104001820442,0
11233,4.227169067560734,0
11234,0.2595901623046171,0
11235,4.547156284303552,0
11236,6.168663129686868,0
11237,7.804938641891371,0
11238,1.0581751428314907,0
11239,6.019608070332421,0
11240,2.833677853628875,0
11241,0.8001991175307979,0
11242,4.866442200857007,0
11243,4.962520854560444,0
11244,3.336854718832701,0
11245,9.7996570722158,1
11246,3.256701689186187,0
11247,2.267761367550848,0
11248,0.9656802645977527,0
11249,1.3277442684890868,0
11250,2.425341663599146,0
11251,4.159170732552935,0
11252,1.7864631281360182,0
11253,1.881300438801629,0
11254,1.2531586819073577,0
11255,1.3347411917788115,0
11256,1.9856664390246093,0
11257,3.079868988009075,0
11258,5.837426684154843,0
11259,5.025478260053424,0
11260,2.8358806988310414,0
11261,1.9664903386249823,0
11262,1.7731431056264617,0
11263,2.288624296148214,0
11264,3.033179205916523,0
11265,4.452004479255152,0
11266,1.2177006566965676,0
11267,2.8131843065438247,0
11268,1.2641213187769071,0
11269,4.188946427235104,0
11270,2.1210837767604547,0
11271,3.4296199409180628,0
11272,3.7170888349979747,0
11273,0.8303008675916067,0
11274,1.0943656669378854,0
11275,2.4484505966022283,0
11276,1.6506079355792294,0
11277,2.24429764515628,0
11278,1.413157675024108,0
11279,0.9107777181907404,0
11280,0.7493799191727937,0
11281,4.09957954257762,0
11282,2.5673397671391354,0
11283,1.3477427240654685,0
11284,3.1827236916359594,0
11285,1.9892402911656748,0
11286,3.7204442360109904,0
11287,4.500452564105372,0
11288,2.9917830194736172,0
11289,0.4800609140978794,0
11290,1.538598565400548,0
11291,0.951130081329638,0
11292,2.9652847858810656,0
11293,2.0466393124467546,0
11294,0.5192239172832042,0
11295,2.6851644731138844,0
11296,1.5507097240645087,0
11297,3.0979365866845097,0
11298,1.600911400889539,0
11299,5.462315006862878,0
11300,0.9263043462851778,0
11301,1.5664622867635651,0
11302,5.294677250211145,0
11303,2.4659466567974015,0
11304,18.07436580477219,1
11305,1.1860301024020816,0
11306,2.59017894622251,0
11307,2.539612611108214,0
11308,1.556887306338969,0
11309,1.8072956958446482,0
11310,0.5146557557368895,0
11311,5.124707047017876,0
11312,3.6675806745259107,0
11313,2.1667656041005654,0
11314,2.0215894626602817,0
11315,3.699473235752812,0
11316,3.966524892305038,0
11317,2.651739340589802,0
11318,4.535856768306328,0
11319,0.7235451826071659,0
11320,5.3932574337572285,0
11321,1.6280227174055353,0
11322,1.9977074209025938,0
11323,4.1514043162704315,0
11324,1.0955603564259155,0
11325,0.7517226105437445,0
11326,4.8186515523046705,0
11327,0.7951269840198276,0
11328,2.2398626556945285,0
11329,10.475332850309238,1
11330,4.817333032260729,0
11331,4.421668147237882,0
11332,2.4977808908872343,0
11333,2.5096856373426495,0
11334,4.739240991635595,0
11335,0.6082360202450864,0
11336,2.150057046801026,0
11337,3.371153021947109,0
11338,4.9688898009783875,0
11339,1.1849824858834397,0
11340,2.042434846187058,0
11341,0.5431172583911069,0
11342,2.1721502027964257,0
11343,2.5705212643569006,0
11344,2.8048598994259852,0
11345,1.668542164821716,0
11346,2.9346772155376164,0
11347,5.560242525816994,0
11348,1.7906638783326145,0
11349,2.2470270239164334,0
11350,0.45569980104399954,0
11351,1.2748374589835982,0
11352,4.899297465622603,0
11353,4.081967008596728,0
11354,3.82399205285013,0
11355,2.3857827622983208,0
11356,1.927323329269458,0
11357,1.7768999809495534,0
11358,0.7563734668541057,0
11359,2.923835527746242,0
11360,1.1637047278366444,0
11361,9.771537189084553,1
11362,1.5276475250123591,0
11363,4.093515501225725,0
11364,3.652337533849326,0
11365,3.873156497109196,0
11366,1.4785592082037988,0
11367,0.22054195752627453,0
11368,2.4897886367823636,0
11369,2.2135333524002117,0
11370,2.3459708842654146,0
11371,2.916614795560989,0
11372,2.2543261885578483,0
11373,2.2477161033341844,0
11374,3.8203991662366263,0
11375,2.674500359972022,0
11376,4.582361691575059,0
11377,0.7670101006477084,0
11378,2.861130443455389,0
11379,0.4255786164619082,0
11380,2.086706993441527,0
11381,2.8974451275500788,0
11382,1.020345764797017,0
11383,1.6740623654388658,0
11384,1.4243451095436372,0
11385,0.5593595653466669,0
11386,0.8474885145306941,0
11387,1.9465811200394123,0
11388,3.5347210063964507,0
11389,8.679326214700591,1
11390,2.4780663151385487,0
11391,1.9148500041298717,0
11392,3.2082141997668203,0
11393,1.9189406169354568,0
11394,2.9890628048845462,0
11395,1.3458519435174827,0
11396,1.977933085146861,0
11397,1.978309926177152,0
11398,2.240765582255914,0
11399,1.288696296257958,0
11400,1.9188320811389572,0
11401,5.271668800578801,0
11402,0.9947447283436078,0
11403,3.4719978673848795,0
11404,2.00636436281137,0
11405,3.216058464465994,0
11406,0.947958443214764,0
11407,4.925034441795858,0
11408,9.525535647026025,1
11409,1.6126623018729556,0
11410,2.285802359765677,0
11411,1.3678636792490855,0
11412,0.8277791421154261,0
11413,2.2935157894351743,0
11414,5.937601924478102,0
11415,6.368653250878088,0
11416,2.952672009269702,0
11417,3.207744322305905,0
11418,0.38245982552097285,0
11419,2.4657152342322752,0
11420,4.472560690766271,0
11421,3.6078240865556497,0
11422,3.395956975456057,0
11423,1.420738778435073,0
11424,2.8196503667391624,0
11425,3.6475267759627354,0
11426,4.04461942068861,0
11427,6.972350636313251,0
11428,1.630902709809213,0
11429,1.4522382223285628,0
11430,1.7812371694787899,0
11431,1.4683098737391362,0
11432,3.0317823412294467,0
11433,2.7429666416982874,0
11434,4.347141995534917,0
11435,1.2367221334987148,0
11436,3.982922081178957,0
11437,0.6203780692351935,0
11438,0.5289172460700163,0
11439,7.151636612650013,0
11440,5.49161055995296,0
11441,2.1764347485332887,0
11442,2.089355391592753,0
11443,3.0035769512158463,0
11444,3.7697570101639806,0
11445,4.350064646276161,0
11446,2.5650624592955342,0
11447,4.200788553658654,0
11448,5.593649285420843,0
11449,1.7094852707638637,0
11450,2.8549313725524894,0
11451,5.173125401543393,0
11452,1.9806141866102076,0
11453,2.2424142198684844,0
11454,2.9662056850185223,0
11455,1.045279507189949,0
11456,2.659925038121508,0
11457,4.960280716969445,0
11458,0.8209482959240753,0
11459,1.3153769728977938,0
11460,1.7735678091275067,0
11461,4.418275566554684,0
11462,2.7419330904336325,0
11463,1.2963605156174576,0
11464,2.829105793605919,0
11465,0.44571467848396773,0
11466,6.15618888186031,0
11467,3.1967778152283954,0
11468,1.8319021694324953,0
11469,1.861424839332235,0
11470,0.7563897807279968,0
11471,0.9300548505767547,0
11472,2.489225403579469,0
11473,1.3066309935044103,0
11474,1.0654359568971807,0
11475,2.561870679831532,0
11476,3.6675479757208986,0
11477,1.5065147193351613,0
11478,6.827423998710513,0
11479,3.390149607630713,0
11480,0.8914264877283401,0
11481,3.076867080130022,0
11482,1.4508845611082952,0
11483,0.8836521301270625,0
11484,1.4482784070412846,0
11485,2.4083649336260207,0
11486,0.6184706313575493,0
11487,1.5223124122615166,0
11488,1.0657554393328286,0
11489,1.989960280015487,0
11490,6.808751283634023,0
11491,1.647970809506735,0
11492,2.0974402648119397,0
11493,1.8945338946970116,0
11494,3.4041652565606997,0
11495,0.9736034365919717,0
11496,1.4934995402481515,0
11497,21.349001011057222,1
11498,0.4866480413346075,0
11499,2.162804000986576,0
11500,5.331978930112058,0
11501,1.4413042386979873,0
11502,2.909105930891518,0
11503,0.4945951708578764,0
11504,1.8973067719102716,0
11505,2.7234922185250756,0
11506,1.484232080985283,0
11507,10.714683161436444,1
11508,8.223928005564954,0
11509,1.5590675852317004,0
11510,5.642101373609984,0
11511,2.4722915751311,0
11512,1.754960804114681,0
11513,0.9396064780997004,0
11514,5.4026818391753615,0
11515,3.772868329006675,0
11516,6.014246028853704,0
11517,4.230780109218163,0
11518,1.2916217895725142,0
11519,2.8522596649714074,0
11520,2.3533388132448607,0
11521,0.6130739241122465,0
11522,0.7652770798004346,0
11523,0.8581211650704118,0
11524,2.112785408947146,0
11525,3.47095093787648,0
11526,2.329179146014765,0
11527,2.7444383230278913,0
11528,1.881634337394988,0
11529,2.0393636184338018,0
11530,3.0310471804713166,0
11531,21.728868028037386,1
11532,1.6940986476247655,0
11533,12.16674736405986,1
11534,0.59181580762441,0
11535,4.291335853021692,0
11536,13.424357151072924,1
11537,1.912718597756218,0
11538,2.214910305748937,0
11539,0.4710360504808844,0
11540,2.363444704295594,0
11541,2.2440244261716233,0
11542,3.9795504415293985,0
11543,2.738671325765511,0
11544,0.9855801789656453,0
11545,1.4972229579930552,0
11546,0.42944987468976453,0
11547,13.243002500373706,1
11548,0.7592516868053453,0
11549,1.3746512748134836,0
11550,0.47818889077589927,0
11551,2.7119170988551664,0
11552,0.5630668225836606,0
11553,7.978919121875706,0
11554,12.095689683509415,1
11555,1.147167965513565,0
11556,2.5238258864811196,0
11557,30.35789134391139,1
11558,1.9787150701157388,0
11559,6.565923896195669,0
11560,2.83405659924188,0
11561,0.5194420961328818,0
11562,5.71361635603668,0
11563,1.356976305829388,0
11564,3.3836817333754707,0
11565,4.292808310532975,0
11566,1.5785303235862829,0
11567,6.492054832998167,0
11568,16.655856365901887,1
11569,2.0998391792097837,0
11570,14.655180967622615,1
11571,1.223154912397706,0
11572,6.119994422958755,0
11573,1.2505504157570555,0
11574,0.8099854130843187,0
11575,2.7612618469296577,0
11576,1.5098131455656238,0
11577,1.5550087060450812,0
11578,1.1278937536457185,0
11579,2.3386492092170084,0
11580,1.2376285079731832,0
11581,4.420448846555494,0
11582,6.677831574651582,0
11583,3.630238242563718,0
11584,4.425744551614012,0
11585,4.290828213265098,0
11586,3.5795948927781476,0
11587,14.164160675104712,1
11588,0.9098632520361356,0
11589,1.2752478632533795,0
11590,4.248933205960829,0
11591,6.700389183464921,0
11592,1.3288208828511168,0
11593,3.885460286883669,0
11594,1.6088850683350377,0
11595,1.5170907715944204,0
11596,0.6099668059296436,0
11597,3.038136506621478,0
11598,3.9064595203775596,0
11599,3.8723417820527173,0
11600,3.4431467026657296,0
11601,1.9660206841868004,0
11602,1.8362849687435825,0
11603,1.7341675415552933,0
11604,2.1145720201904137,0
11605,1.2028718920015238,0
11606,3.181941984763061,0
11607,2.53640237597605,0
11608,2.3672416191177406,0
11609,1.8477648467579109,0
11610,0.6744072178509044,0
11611,3.030263083697867,0
11612,4.863466061904901,0
11613,1.5200741658778092,0
11614,3.013604165371518,0
11615,1.2873937352498586,0
11616,3.2451604525868203,0
11617,4.937496467235483,0
11618,0.8001915760927353,0
11619,2.752233757425773,0
11620,1.227586224679057,0
11621,5.090879370762938,0
11622,3.5454289973405952,0
11623,2.154062216206997,0
11624,7.238704939372587,0
11625,1.955509903207182,0
11626,7.791898858925337,0
11627,2.0910341528274126,0
11628,3.2468042236349044,0
11629,3.015766034620742,0
11630,3.675467627291377,0
11631,1.2535616050752323,0
11632,4.16946400353613,0
11633,3.5879272482760505,0
11634,7.741423634435149,0
11635,1.780161529099888,0
11636,0.49221872969075064,0
11637,1.511551615363013,0
11638,1.60362778388216,0
11639,1.7906610044712452,0
11640,0.8263337692662327,0
11641,2.1355369310507855,0
11642,2.2151251092544713,0
11643,4.481692307027783,0
11644,1.0703543801273492,0
11645,4.221167949451471,0
11646,6.9971883988468795,0
11647,4.650875768674653,0
11648,2.2045061209572356,0
11649,1.1536662888846159,0
11650,1.4213222688117975,0
11651,0.34070997925684476,0
11652,2.0616646024175607,0
11653,1.3248267037901778,0
11654,1.0815444502352818,0
11655,2.552695931528634,0
11656,0.5409405653647553,0
11657,3.213682527208444,0
11658,2.795870349411304,0
11659,1.2832372986666938,0
11660,3.7194084316222713,0
11661,2.3655241565906504,0
11662,1.2595241887397461,0
11663,1.6951996917534706,0
11664,8.648996135536402,1
11665,4.2007911245816825,0
11666,5.9907074736701125,0
11667,1.4781348691857186,0
11668,0.5330574844184787,0
11669,10.281842816049782,1
11670,1.7197867007592968,0
11671,4.94938392763642,0
11672,9.691718353241315,1
11673,1.1999565994099508,0
11674,7.07350649925487,0
11675,3.494953473710856,0
11676,2.0605768894206444,0
11677,3.2704429741946544,0
11678,1.3842871313352352,0
11679,6.757001603570524,0
11680,10.4734102729153,1
11681,3.707831799929103,0
11682,1.129318640342306,0
11683,1.8407179137516274,0
11684,1.414586652701815,0
11685,2.6448010622617315,0
11686,3.801417600324191,0
11687,4.702369806018316,0
11688,2.730017023569175,0
11689,1.0850108326193302,0
11690,1.9119077447978754,0
11691,2.6867564943695355,0
11692,8.683416717464798,1
11693,0.6142371070158906,0
11694,1.8548762872118112,0
11695,3.203384908556883,0
11696,3.581758051329889,0
11697,0.7663139284554482,0
11698,2.2801388768831923,0
11699,2.033240102780662,0
11700,1.4930704889582989,0
11701,3.583788622939765,0
11702,6.170927789571194,0
11703,0.548570217127695,0
11704,6.5827196326289,0
11705,2.10497816935676,0
11706,3.7584490516514535,0
11707,4.4253353266496065,0
11708,2.084291709038383,0
11709,3.542708055994928,0
11710,3.165530299670812,0
11711,5.156796185110733,0
11712,5.195079540962371,0
11713,1.796870607523928,0
11714,3.869354135072562,0
11715,1.8754337748617467,0
11716,2.2239217386232584,0
11717,1.2799177673452733,0
11718,1.2042065147568333,0
11719,1.2710286206625006,0
11720,7.329188445923283,0
11721,4.738800727450895,0
11722,5.085777295262931,0
11723,3.2694634992326184,0
11724,3.7058556820430364,0
11725,4.186392470832291,0
11726,1.4890765344309251,0
11727,2.3022723552189186,0
11728,3.0020639496208763,0
11729,0.3153732460723384,0
11730,5.07813983246293,0
11731,0.7802769469818125,0
11732,1.8370873502082317,0
11733,4.326423395604251,0
11734,3.2144660826406706,0
11735,0.5773073096567322,0
11736,9.592449584137437,1
11737,0.9116398608618648,0
11738,4.497043164583295,0
11739,3.0630742891014213,0
11740,1.575944588135969,0
11741,1.0741823973274687,0
11742,1.9740071656430864,0
11743,3.1315638948673645,0
11744,7.552913506068757,0
11745,5.504548236708927,0
11746,5.057901481661714,0
11747,1.6037144660722897,0
11748,2.5939135002631,0
11749,3.1692458702709754,0
11750,3.4277323659091694,0
11751,1.3259095443729703,0
11752,3.4270170141415477,0
11753,1.9684751791692985,0
11754,3.026767884075821,0
11755,6.916832349510334,0
11756,4.284046356817851,0
11757,0.6377060589712561,0
11758,1.5918607160174845,0
11759,1.7096840445098622,0
11760,1.477711105716494,0
11761,2.9231123572690407,0
11762,13.645572803125145,1
11763,0.6947508708184349,0
11764,0.5848214551209658,0
11765,6.352520266589151,0
11766,4.548696302449627,0
11767,4.13047841017216,0
11768,6.637163155114939,0
11769,4.552851014104991,0
11770,4.602471645124491,0
11771,2.0889723898198396,0
11772,4.5267776015848735,0
11773,0.8670563468870794,0
11774,2.0417936217644224,0
11775,1.7376252560293073,0
11776,3.7482519872494344,0
11777,5.443872493599243,0
11778,1.4022614349707259,0
11779,4.0623613924591195,0
11780,0.7463718901290448,0
11781,2.1706948064488842,0
11782,3.461599533708615,0
11783,2.892507055598752,0
11784,6.1733798059625355,0
11785,3.5783673084128518,0
11786,0.857608702965511,0
11787,6.417992107886281,0
11788,3.386042553676193,0
11789,8.995899087663787,1
11790,1.1014240420083905,0
11791,3.748664510753479,0
11792,3.775301858139227,0
11793,3.2539600690126274,0
11794,1.9741593335049408,0
11795,8.678029596153513,1
11796,0.8646200131712288,0
11797,1.3882592383685752,0
11798,1.6963516140619288,0
11799,2.341113255394331,0
11800,0.5761832694893049,0
11801,3.1546121841205084,0
11802,2.5688664790503073,0
11803,4.669601568846463,0
11804,1.8775486926751015,0
11805,1.0705196042003597,0
11806,5.654511101063004,0
11807,2.347502042121833,0
11808,2.566066936976602,0
11809,1.8321352812614924,0
11810,0.8592516625263033,0
11811,2.930879725196665,0
11812,1.1079703883264524,0
11813,3.9074016305963313,0
11814,3.192753442698085,0
11815,0.7886075446744406,0
11816,5.182553637834356,0
11817,1.694505478516165,0
11818,2.395286115692527,0
11819,2.8938748345888805,0
11820,3.2956671160950313,0
11821,0.6999551370771223,0
11822,1.0629624072859833,0
11823,5.75128174066579,0
11824,2.943667942592184,0
11825,0.45935208464801547,0
11826,1.5890831331602444,0
11827,2.7009390649588445,0
11828,3.885672567013358,0
11829,2.6897877470373137,0
11830,2.5146565435130457,0
11831,3.6622607453109426,0
11832,1.1483806392078477,0
11833,10.772401286736232,1
11834,1.957721986231209,0
11835,3.1525418222481156,0
11836,7.241815148572503,0
11837,5.533233278912092,0
11838,3.173568260527401,0
11839,2.726752607726227,0
11840,8.727408809785437,1
11841,12.939871288620953,1
11842,1.8320995016084034,0
11843,2.8541396490342374,0
11844,6.191559637826532,0
11845,0.8937844999617464,0
11846,2.1863617689310164,0
11847,3.3326765030133645,0
11848,4.041890846979742,0
11849,11.910296256200143,1
11850,0.9324892906102716,0
11851,1.0695567664614607,0
11852,3.1930452369507405,0
11853,22.75878969470387,1
11854,2.075722425529884,0
11855,9.894001411394903,1
11856,3.3056922174061802,0
11857,4.28185354168168,0
11858,4.184660853743765,0
11859,1.964643871571164,0
11860,2.6202985847654423,0
11861,0.7119239679894832,0
11862,1.9444181166070487,0
11863,3.0000771848350416,0
11864,1.9104011497645204,0
11865,2.75157054971256,0
11866,9.495994218315724,1
11867,13.595233750900793,1
11868,3.9899812264611927,0
11869,0.7420516046819523,0
11870,3.1044314512424807,0
11871,2.275579444844093,0
11872,2.7786547808436315,0
11873,4.446697578013209,0
11874,2.650058518637322,0
11875,1.6640202473571746,0
11876,2.085365207218094,0
11877,1.7292178248995618,0
11878,1.7956073754567707,0
11879,3.2043325409471026,0
11880,9.583815545756229,1
11881,3.6387802092720496,0
11882,1.254757877699908,0
11883,4.955451293869454,0
11884,1.14275339486621,0
11885,1.48212772308807,0
11886,2.0908136102583357,0
11887,4.3843535416904595,0
11888,4.212838037005201,0
11889,0.6080060935415704,0
11890,0.5355935758268624,0
11891,2.0543630940763657,0
11892,4.680258265433991,0
11893,0.9634976746369992,0
11894,1.2765517989724189,0
11895,2.168314419661867,0
11896,2.8981539480501572,0
11897,3.026588071679481,0
11898,4.439427847433117,0
11899,1.2689144939720447,0
11900,0.7857345048480183,0
11901,2.7342446030438894,0
11902,1.807047256169271,0
11903,2.1141395057925583,0
11904,1.528730185002178,0
11905,2.2120789108022234,0
11906,2.298363665765671,0
11907,2.510663777030064,0
11908,2.7518443952928333,0
11909,4.356205791178058,0
11910,1.871779196364919,0
11911,1.6460688972552961,0
11912,8.59000778958172,1
11913,2.9053111951700337,0
11914,0.7895243927193966,0
11915,5.4653050246635795,0
11916,4.657418873402218,0
11917,2.204375128441004,0
11918,1.6972666684564208,0
11919,0.7033794665686598,0
11920,3.8655506348612763,0
11921,3.271496353415964,0
11922,1.071327622638882,0
11923,2.442331515172092,0
11924,2.025240848181575,0
11925,4.54632564511214,0
11926,3.3182360515818536,0
11927,9.407676233907036,1
11928,2.0406400536794624,0
11929,2.678604692716685,0
11930,3.030885934071792,0
11931,7.27406045382351,0
11932,0.6596900886600241,0
11933,2.9425147738000184,0
11934,0.9392107365650904,0
11935,2.5074950445707525,0
11936,5.293953243312119,0
11937,4.470233911732399,0
11938,2.8019641595086977,0
11939,4.272554987028444,0
11940,2.6861127915957415,0
11941,3.4728517534647936,0
11942,3.1341814792517773,0
11943,0.7399594412344029,0
11944,1.078970973172369,0
11945,0.7352716920490863,0
11946,2.1794676372086013,0
11947,1.9860023537580964,0
11948,5.092646400949121,0
11949,11.890837489294046,1
11950,2.7289684125599933,0
11951,3.076416051210395,0
11952,3.659030387642738,0
11953,2.505086234723487,0
11954,1.4223389561393522,0
11955,8.892945486560894,1
11956,2.2316516962505286,0
11957,4.848323745148497,0
11958,15.757692096428222,1
11959,1.6721028312389128,0
11960,2.3252456004841466,0
11961,7.457394007766313,0
11962,0.487693538730264,0
11963,1.9005299904962063,0
11964,2.0758959271442037,0
11965,2.3719288644203456,0
11966,4.510790994335317,0
11967,3.2159902303632815,0
11968,3.6749052127806108,0
11969,2.798468900248022,0
11970,2.5809316622089624,0
11971,1.45556879739066,0
11972,1.8953462739898728,0
11973,0.32933885645461797,0
11974,2.85299111099421,0
11975,5.502742145975428,0
11976,0.5823893001793043,0
11977,7.258856454114111,0
11978,1.1019074953603467,0
11979,1.8350535796977203,0
11980,9.040236555183727,1
11981,6.227865747246144,0
11982,4.361774478665698,0
11983,4.559845976284406,0
11984,5.50417448399129,0
11985,1.276313673074593,0
11986,1.3079056261890094,0
11987,3.4075378483309313,0
11988,2.0350885167007022,0
11989,1.3457416010885785,0
11990,3.4033681553630077,0
11991,1.158735712283083,0
11992,5.631167105137856,0
11993,3.4910704738632035,0
11994,3.5302442342102283,0
11995,0.7174409705349382,0
11996,4.446152147996756,0
11997,8.265832474725205,1
11998,0.9540684609791324,0
11999,2.532830579465958,0
12000,10.817043202622381,1
12001,1.988249612806969,0
12002,2.388852768452499,0
12003,8.095264280297195,0
12004,2.8444197419157544,0
12005,2.8751117052629254,0
12006,3.599597561658603,0
12007,3.318017174544501,0
12008,0.3565959533377544,0
12009,0.5159787889022932,0
12010,2.9989618419338955,0
12011,0.6241764954235248,0
12012,1.0418879300343395,0
12013,5.398326200600088,0
12014,1.6030108063332908,0
12015,2.8825485080973263,0
12016,2.2785253859928645,0
12017,2.754432160933667,0
12018,3.662217817951668,0
12019,2.0555339811657514,0
12020,0.7047363816455229,0
12021,2.675536423258833,0
12022,1.7215887392569502,0
12023,0.9985850731880722,0
12024,2.8226434545978623,0
12025,2.7994449140542774,0
12026,1.9912672171978412,0
12027,9.281672990706264,1
12028,2.7115757462240295,0
12029,2.7928570646106636,0
12030,0.8814284056156584,0
12031,0.4829461739776351,0
12032,1.437895410374252,0
12033,2.413902452557305,0
12034,1.4297845577178867,0
12035,4.700787558438447,0
12036,3.63517283968742,0
12037,5.418875636224386,0
12038,1.5424980473380239,0
12039,2.098906151162047,0
12040,1.6143180722213246,0
12041,3.1453359535130714,0
12042,0.6265298246928308,0
12043,2.1592808848510576,0
12044,3.1602823334998487,0
12045,1.464408280521467,0
12046,0.6467093228531944,0
12047,3.0634592734579518,0
12048,2.2343627154367187,0
12049,0.9612201165504904,0
12050,3.2521304452441973,0
12051,1.5881153210915495,0
12052,0.8536352841327643,0
12053,2.4434240314081417,0
12054,2.513104437755858,0
12055,3.3531220151277044,0
12056,1.5605264952273927,0
12057,5.948633883495227,0
12058,1.5052850133259967,0
12059,7.135164967749135,0
12060,1.7578121148541692,0
12061,16.005317242101867,1
12062,0.9991492520996983,0
12063,2.5781489653982117,0
12064,3.9808236269809547,0
12065,4.773224881974268,0
12066,2.329743472082057,0
12067,2.012427190602769,0
12068,5.620359071836558,0
12069,0.89161405550588,0
12070,3.2121546128481717,0
12071,2.781608871742785,0
12072,4.655814059395268,0
12073,4.099079794294799,0
12074,0.8159861612411089,0
12075,0.5146886107466077,0
12076,1.2531414614210379,0
12077,4.840141812229436,0
12078,3.385901375885425,0
12079,6.655665238914616,0
12080,1.225514883445692,0
12081,3.123851421722448,0
12082,2.999741944000234,0
12083,5.296962913377469,0
12084,1.9362590061918292,0
12085,3.055256562748241,0
12086,1.3124816343914032,0
12087,0.9279326622945112,0
12088,8.091867948832306,0
12089,5.576818418477673,0
12090,5.069288317038355,0
12091,4.815128664572528,0
12092,2.6586832996024863,0
12093,1.4614070357493485,0
12094,2.446755185387653,0
12095,1.4278887496631407,0
12096,3.321413793457154,0
12097,1.5755744177770896,0
12098,4.931724161845451,0
12099,1.5610553261755185,0
12100,2.6399732402569285,0
12101,1.7835446325734898,0
12102,2.24385032085116,0
12103,4.537388377725645,0
12104,2.0318306542117424,0
12105,9.84055515304898,1
12106,0.8939838866069058,0
12107,1.3390067535703076,0
12108,1.0379123847018417,0
12109,3.937532669601552,0
12110,4.269990857495821,0
12111,2.7471368848638087,0
12112,2.0566895288465097,0
12113,6.555333435302836,0
12114,7.19187615335458,0
12115,0.48891418935503406,0
12116,7.836772826555391,0
12117,2.156142382847275,0
12118,1.0760723417508273,0
12119,2.794376656889421,0
12120,11.515352016530692,1
12121,5.907828235455546,0
12122,2.345407260881011,0
12123,4.212866172958249,0
12124,3.5860864335939033,0
12125,2.278526749909213,0
12126,0.8859394464415238,0
12127,1.2542449877025148,0
12128,1.907835062618815,0
12129,0.86992440742601,0
12130,3.0002269691004795,0
12131,3.0430939461618647,0
12132,1.6550768919153533,0
12133,1.3000827291716557,0
12134,1.393497564054061,0
12135,2.728183429876934,0
12136,2.288382549563037,0
12137,1.1469899047092338,0
12138,0.8313923464855854,0
12139,0.9796671022651045,0
12140,1.541565676409974,0
12141,0.8107371501953903,0
12142,3.4251205138143788,0
12143,3.7021586834639493,0
12144,2.70629096872556,0
12145,0.4697027057644304,0
12146,1.9643749828865815,0
12147,1.303300729847948,0
12148,1.1915762525750497,0
12149,3.745023977822155,0
12150,3.2611361386430953,0
12151,2.540173785709445,0
12152,0.6632212384002348,0
12153,1.851081342697172,0
12154,6.531016524490459,0
12155,3.635435933299854,0
12156,3.343824656047117,0
12157,2.805436304510572,0
12158,2.7027209613274557,0
12159,1.2943089370295486,0
12160,3.2344909360588145,0
12161,0.9668656547930172,0
12162,2.202503121315637,0
12163,2.555077083272833,0
12164,1.5309105343423355,0
12165,1.692762431635279,0
12166,1.57243261786885,0
12167,4.247058355625669,0
12168,1.4739340933249576,0
12169,2.77329929599895,0
12170,3.5202422117050376,0
12171,3.8005619359364977,0
12172,0.6091320152547629,0
12173,2.5610754589768305,0
12174,2.311441815235918,0
12175,3.687351256131397,0
12176,2.568249854496352,0
12177,1.8403475097450703,0
12178,1.845815696134196,0
12179,3.599721750109673,0
12180,1.1581510232538468,0
12181,4.7021811930384185,0
12182,2.66441879613042,0
12183,2.904208866076462,0
12184,0.9249403611789381,0
12185,1.8364722895071874,0
12186,1.130740761681786,0
12187,2.0218604937577567,0
12188,1.7907854971428898,0
12189,4.129517214194566,0
12190,10.639405375956592,1
12191,6.660528665531179,0
12192,3.1205029844338488,0
12193,2.278571905004846,0
12194,3.9124721032125485,0
12195,3.220302957498751,0
12196,3.289439950542626,0
12197,5.356141707584111,0
12198,1.8542980726241487,0
12199,1.2033830883657992,0
12200,3.0979060798706146,0
12201,3.2025590468452996,0
12202,0.9392858482964282,0
12203,5.4622081450574855,0
12204,2.6730892493149887,0
12205,2.739855843192361,0
12206,5.804860250745083,0
12207,1.3012000578330454,0
12208,3.2333124757462963,0
12209,5.14653953179282,0
12210,0.6978857376314067,0
12211,0.8703974234628437,0
12212,0.8797711481436149,0
12213,0.7377540531625885,0
12214,2.1016377084537328,0
12215,2.4982946910183923,0
12216,5.4932772754555375,0
12217,2.2050724788366387,0
12218,5.99506783686463,0
12219,0.7652893561344846,0
12220,3.7846719127986614,0
12221,3.195145365741706,0
12222,7.065174688768675,0
12223,1.6207369013558153,0
12224,3.5266666605129604,0
12225,0.6338102695438093,0
12226,6.252423807859984,0
12227,7.2213507597310524,0
12228,1.111143912947568,0
12229,4.113052294027407,0
12230,2.689942068243583,0
12231,1.1178423702815665,0
12232,0.8352790336851439,0
12233,3.565357403328061,0
12234,3.36769450469278,0
12235,2.508835949538556,0
12236,3.6505953354160057,0
12237,3.6093899474673936,0
12238,3.0113371774487225,0
12239,2.6507569780650853,0
12240,5.061677547492221,0
12241,4.494780511973587,0
12242,2.582110482836499,0
12243,2.9452317731675217,0
12244,4.298548111034267,0
12245,0.885454202745745,0
12246,1.5860342781975125,0
12247,2.5162707670676356,0
12248,11.366219394302616,1
12249,2.5696130879233987,0
12250,6.500331860219115,0
12251,0.4028762384224551,0
12252,1.867017821089914,0
12253,2.9753650512023753,0
12254,3.383837712756515,0
12255,2.391075181864295,0
12256,2.4058884063407646,0
12257,0.51986181106025,0
12258,0.6812412003808587,0
12259,1.396901177261586,0
12260,6.7541055761647515,0
12261,6.716962795322475,0
12262,1.7919533314593634,0
12263,1.5434953754585328,0
12264,1.139002882953978,0
12265,0.8967035707613038,0
12266,1.4897431579359333,0
12267,2.973886715918607,0
12268,2.606500424876484,0
12269,0.5403314184893285,0
12270,0.925364285457832,0
12271,3.9260653202805056,0
12272,1.295660436019429,0
12273,2.09278277163533,0
12274,1.4902039515807466,0
12275,3.6393574161402023,0
12276,13.552789631503739,1
12277,1.743240128752028,0
12278,2.663159080487196,0
12279,1.4904335737967926,0
12280,4.032139663384294,0
12281,4.012603620170447,0
12282,3.1527378839504205,0
12283,4.434957027560373,0
12284,3.2983190730456715,0
12285,1.2652094686337614,0
12286,3.4585083123870626,0
12287,1.2833241886477849,0
12288,3.8086573028666546,0
12289,1.2756009212475483,0
12290,0.6479767504755214,0
12291,3.258632700441235,0
12292,4.297777510823912,0
12293,6.154363159993058,0
12294,1.6489598516970179,0
12295,2.865720139861638,0
12296,2.271821597343224,0
12297,3.3257040284904944,0
12298,1.074615107889682,0
12299,3.25813708641553,0
12300,0.7457413974408801,0
12301,3.2710381530321757,0
12302,4.9391492031089115,0
12303,9.597234303358409,1
12304,3.4504825769284433,0
12305,3.4618195476173694,0
12306,2.723294084926638,0
12307,9.975298025154183,1
12308,0.8233710948170976,0
12309,1.209197335774987,0
12310,1.273501832409089,0
12311,3.9967257670129,0
12312,4.102069738898759,0
12313,1.66820558685973,0
12314,0.8618429090687911,0
12315,1.951600065545449,0
12316,4.713717553819699,0
12317,1.4168799439146984,0
12318,3.1192319360480973,0
12319,4.042225543348086,0
12320,4.638403969983202,0
12321,4.008224216661579,0
12322,2.3261611153316446,0
12323,1.4190111775141416,0
12324,0.5156021667305392,0
12325,0.8311257233939534,0
12326,1.6704510021762606,0
12327,0.38427823910352915,0
12328,7.472244998103336,0
12329,2.8832625877297913,0
12330,35.061911041960826,1
12331,2.1450371857531545,0
12332,0.8815756205618567,0
12333,1.4656432019857484,0
12334,0.39639012176821375,0
12335,2.6011707552660264,0
12336,0.5309123070090715,0
12337,8.872824336210746,1
12338,0.6337288983368362,0
12339,5.641606585258429,0
12340,2.6350068915732794,0
12341,11.283400774202017,1
12342,1.3175958124327845,0
12343,1.9208878317267932,0
12344,3.873443383032623,0
12345,2.6592283805920847,0
12346,3.1992066033139137,0
12347,3.2559887429726744,0
12348,1.6867004614910626,0
12349,1.914226638825498,0
12350,1.227770786512544,0
12351,2.8432798078004837,0
12352,6.266401814534377,0
12353,3.411132813745545,0
12354,1.5663726446910629,0
12355,0.846534018408004,0
12356,8.011056715634885,0
12357,1.0632831442642126,0
12358,1.8365113165179319,0
12359,1.3654298476178504,0
12360,3.156079969993414,0
12361,3.175286751569926,0
12362,2.5743639677356343,0
12363,5.883016648681197,0
12364,4.734709077416175,0
12365,3.1088187523408224,0
12366,3.179223743484792,0
12367,2.8142935378330645,0
12368,3.8635328436336063,0
12369,1.8231241998289394,0
12370,2.287528788556913,0
12371,2.2053855833547478,0
12372,3.808991626031101,0
12373,8.163916937638195,0
12374,3.8720009947442358,0
12375,1.5763322252903318,0
12376,3.555777293194329,0
12377,1.585688581542325,0
12378,2.994085714474553,0
12379,1.6173189474012089,0
12380,5.400442402607126,0
12381,9.164708648632052,1
12382,0.5900727999304601,0
12383,1.5445388720201556,0
12384,7.0697079594929075,0
12385,1.4082582185248478,0
12386,5.036619872466294,0
12387,2.867326456310217,0
12388,5.485313180613082,0
12389,0.6829363710009787,0
12390,6.353667629663306,0
12391,3.5385792101683404,0
12392,1.3636794654667304,0
12393,1.0513917294509354,0
12394,2.7754612509519463,0
12395,2.695598387498877,0
12396,3.123332117388705,0
12397,5.465011547578628,0
12398,3.691530643181138,0
12399,1.2491125610469735,0
12400,3.5027284269796897,0
12401,7.4168390627882745,0
12402,1.3504704509554855,0
12403,3.8716059946343298,0
12404,4.571664543932218,0
12405,0.4928832250971772,0
12406,3.8505194894027923,0
12407,4.109821694284469,0
12408,5.3280003665247415,0
12409,5.151114367163896,0
12410,6.118217233791579,0
12411,0.9469693152264258,0
12412,1.6149739871873996,0
12413,2.6825987578675035,0
12414,0.899186480865333,0
12415,11.029387798859881,1
12416,1.343753368966507,0
12417,0.8895780858466474,0
12418,10.001143584865458,1
12419,1.2885539065716258,0
12420,8.585890954122501,1
12421,3.3592628023640976,0
12422,2.910900231598562,0
12423,4.305686269789632,0
12424,3.4819488272400587,0
12425,2.623858596607434,0
12426,1.2955616741580884,0
12427,1.1285031473554727,0
12428,1.9555248658004527,0
12429,1.399358420903267,0
12430,2.8792148372334165,0
12431,2.2657040315754453,0
12432,2.8792148372334165,0
12433,1.3098836624069596,0
12434,4.639734095995825,0
12435,2.064483070150563,0
12436,1.8754603062057087,0
12437,0.423563808102533,0
12438,0.7818902357037126,0
12439,0.7507072790606085,0
12440,2.4291959005213983,0
12441,5.928968552237877,0
12442,3.203565569685239,0
12443,2.9719089996996857,0
12444,0.2512135290807148,0
12445,2.2405434674218854,0
12446,1.9503865440496424,0
12447,2.1759389878151665,0
12448,1.5477485825220356,0
12449,2.8047072158347506,0
12450,2.507277454931393,0
12451,3.9288567350412986,0
12452,0.7150646815164508,0
12453,1.9022482727181245,0
12454,3.0466291985396614,0
12455,0.19894786718635904,0
12456,1.1547289133573757,0
12457,0.7460129314838996,0
12458,1.2558385357673822,0
12459,4.66153565132778,0
12460,1.1507695942911593,0
12461,3.0892998773918663,0
12462,5.228532920028425,0
12463,6.875179731483415,0
12464,3.3122244124206683,0
12465,4.092257892534914,0
12466,1.308799440501102,0
12467,2.3210117942286552,0
12468,2.722496900897401,0
12469,1.6011383720222616,0
12470,1.7919459907291573,0
12471,4.99832189056037,0
12472,3.521127733698883,0
12473,2.650323208610897,0
12474,7.937400089248229,0
12475,1.4957008355080474,0
12476,4.8784933954241065,0
12477,2.7488397349825897,0
12478,0.617580999434878,0
12479,0.7346071111864857,0
12480,4.535166423826678,0
12481,3.3088235906315755,0
12482,2.178525573342829,0
12483,2.098528900863452,0
12484,1.0888894521644263,0
12485,1.3870602871026851,0
12486,2.0680278580458547,0
12487,1.0659714472767077,0
12488,5.51356364286511,0
12489,4.470753476176855,0
12490,0.7403305619740282,0
12491,3.649269699272753,0
12492,1.4525433391210787,0
12493,2.354311450576908,0
12494,12.621441827911939,1
12495,3.062686113341816,0
12496,3.5936807061606624,0
12497,6.161969750502885,0
12498,2.5988800334142703,0
12499,2.239320145582513,0
12500,1.6788566909323326,0
12501,5.6300499760285865,0
12502,4.907216294061226,0
12503,3.2834163217015164,0
12504,4.162590947399361,0
12505,1.0615996501889924,0
12506,1.8160034336723605,0
12507,3.0706686433368793,0
12508,4.027188194921048,0
12509,1.6129867828700584,0
12510,0.6475803462435439,0
12511,2.5786310958167804,0
12512,2.1878528431709836,0
12513,2.884069997435297,0
12514,1.2496687537890365,0
12515,2.8807756148318107,0
12516,2.1898639223613303,0
12517,0.5025019388754475,0
12518,4.22139296074482,0
12519,4.289521168281496,0
12520,4.149921867110983,0
12521,2.13490429259627,0
12522,2.4833240438757684,0
12523,4.0177261648499725,0
12524,2.7841475821982016,0
12525,4.696433600362941,0
12526,2.36089104006155,0
12527,0.49901446716499864,0
12528,1.510551664784361,0
12529,4.249626488361733,0
12530,4.692721792750493,0
12531,3.0486239295209483,0
12532,2.6804927838488237,0
12533,1.7835027624409068,0
12534,1.7720444373698032,0
12535,2.150915578785964,0
12536,2.194490690962694,0
12537,2.3145616489154146,0
12538,1.6217236765708531,0
12539,0.9246255798337581,0
12540,2.4126287706981637,0
12541,10.22815317768467,1
12542,3.079014479742899,0
12543,1.129837085515869,0
12544,0.6918600421532661,0
12545,0.8217373943120665,0
12546,4.494649262456153,0
12547,5.142905463180337,0
12548,0.9840152750074735,0
12549,0.4651765977049843,0
12550,5.12697314863637,0
12551,2.4300047033678527,0
12552,1.796869657098739,0
12553,2.0132464130785164,0
12554,0.6964372289119213,0
12555,1.5527529807439748,0
12556,2.740136416775308,0
12557,0.3477539920866948,0
12558,3.474876284209539,0
12559,3.253076732380677,0
12560,1.9112072442531247,0
12561,5.289255560452051,0
12562,1.3411164089002734,0
12563,2.359205373344257,0
12564,1.9095881040569247,0
12565,3.3407267427338496,0
12566,1.108735107143057,0
12567,19.38435053368761,1
12568,0.6635967704369025,0
12569,2.797145036436392,0
12570,0.467830186089338,0
12571,0.8144334342827066,0
12572,2.1102667399497745,0
12573,5.861471664573522,0
12574,1.8334041357569921,0
12575,3.859657875540158,0
12576,2.313109655604329,0
12577,1.043792452923717,0
12578,11.408066708078717,1
12579,5.311403185760473,0
12580,3.8235175629884077,0
12581,1.5129610469955281,0
12582,7.134612527893114,0
12583,3.264131025705735,0
12584,2.0578750072288674,0
12585,3.093148757606602,0
12586,5.626763588422009,0
12587,2.094655933393104,0
12588,2.2083397815565173,0
12589,1.9904285781461408,0
12590,1.7947655930858668,0
12591,2.5252335243476853,0
12592,4.1874723419316195,0
12593,1.549544629835203,0
12594,0.9662816011218818,0
12595,0.7671742710478194,0
12596,1.3186009426086351,0
12597,2.3229049388553666,0
12598,2.6878163109924618,0
12599,1.4190819200574767,0
12600,4.147252823564182,0
12601,2.0426728152777955,0
12602,0.988863067803231,0
12603,3.7951554551973032,0
12604,2.9242369654780145,0
12605,1.3401557722103916,0
12606,1.3260522680196192,0
12607,0.7460134432254009,0
12608,2.186121471351364,0
12609,3.6832176434054325,0
12610,1.2624331413593004,0
12611,1.3819147573196315,0
12612,0.8609684991366151,0
12613,3.961846159369729,0
12614,4.860515715711616,0
12615,13.187707823574282,1
12616,2.5069088171454337,0
12617,1.3156105690764017,0
12618,2.424722329647721,0
12619,2.6683461180312467,0
12620,4.817398228913288,0
12621,2.6326330686814106,0
12622,5.911781926160423,0
12623,2.2671360863593883,0
12624,1.3763318450248814,0
12625,2.0476738615349266,0
12626,2.4368378804914106,0
12627,0.7968706265032655,0
12628,5.263756132134214,0
12629,1.5357640121238865,0
12630,1.0145776481891875,0
12631,2.349375404988167,0
12632,2.764594439364201,0
12633,1.74039544677985,0
12634,15.615908353460632,1
12635,4.682623881482412,0
12636,5.716922198338838,0
12637,4.840886815145136,0
12638,4.4046707068288695,0
12639,7.4989240386272025,0
12640,0.3993704254587595,0
12641,8.709650848083593,1
12642,4.032350078722191,0
12643,0.748507755065935,0
12644,1.7486817073399155,0
12645,2.4063723653336337,0
12646,9.207158761334114,1
12647,2.4034539503354178,0
12648,0.4628536801773596,0
12649,4.493869771217143,0
12650,3.0455619189034793,0
12651,2.3034929908189907,0
12652,3.1190425269211115,0
12653,3.359269063511802,0
12654,2.025257372197101,0
12655,10.08931982802123,1
12656,8.380359642434481,1
12657,1.9645984794011357,0
12658,2.7591095626308664,0
12659,2.4664216890536976,0
12660,0.5834305581771848,0
12661,1.1691685176311382,0
12662,1.0786426539679388,0
12663,4.003569813799024,0
12664,3.4072312599656027,0
12665,2.577451524369738,0
12666,14.562677530461123,1
12667,3.4542923002718156,0
12668,1.666735811518637,0
12669,1.7871600755043386,0
12670,2.440702254829014,0
12671,5.582512034167423,0
12672,26.628854239350755,1
12673,8.572160186640074,1
12674,2.1146055077993537,0
12675,0.7594208908873527,0
12676,3.6861401561430096,0
12677,0.7439573915669866,0
12678,1.6681410405234662,0
12679,2.6973057884124096,0
12680,2.160806858482043,0
12681,1.5264465255672495,0
12682,6.913063248063113,0
12683,2.133861750321649,0
12684,1.5011014260569573,0
12685,4.899195383488976,0
12686,1.2612123016730414,0
12687,2.9196085187228147,0
12688,4.1142459941820855,0
12689,3.055601032072845,0
12690,1.4305820592264118,0
12691,0.9242453535473698,0
12692,1.1424163446210889,0
12693,1.3138677776110603,0
12694,4.274902152109684,0
12695,4.288078651542312,0
12696,14.24573144633829,1
12697,1.3412884167974235,0
12698,4.8145006358476925,0
12699,1.9877726588388864,0
12700,10.583312670933736,1
12701,3.5152365335072147,0
12702,0.5390543765040245,0
12703,2.7676841656464357,0
12704,3.382117385436495,0
12705,1.3148783880746493,0
12706,3.3838477967670775,0
12707,4.605688182883829,0
12708,4.768738211036966,0
12709,3.9533176667367047,0
12710,0.7773326732589361,0
12711,1.5907077832764704,0
12712,5.421353588496955,0
12713,0.4940924273697229,0
12714,2.862003386643131,0
12715,5.4461307824681695,0
12716,2.8559012764002816,0
12717,0.8522991860757021,0
12718,2.9242481267430662,0
12719,4.2962745495217405,0
12720,0.6938656973825392,0
12721,2.740524438459645,0
12722,11.190240349607027,1
12723,1.9955525308835542,0
12724,2.321944290737163,0
12725,11.06621016936531,1
12726,4.553385391663267,0
12727,1.5971131677031436,0
12728,0.331489613924803,0
12729,4.606919573734831,0
12730,2.305450973888034,0
12731,4.181442195047425,0
12732,3.82461608671124,0
12733,1.5632184664423179,0
12734,0.5802854389464224,0
12735,0.45174989606252564,0
12736,1.354986295978584,0
12737,0.8521971173841718,0
12738,2.056057761332258,0
12739,1.6989094794278676,0
12740,0.3811750959845328,0
12741,8.041419383978166,0
12742,1.8068731989605993,0
12743,20.64544363010348,1
12744,2.8458269515113885,0
12745,4.73619904396667,0
12746,1.3673389048967513,0
12747,1.1144392632950195,0
12748,0.3717456173694921,0
12749,1.3251948167559326,0
12750,3.1258655432374405,0
12751,13.077770833321438,1
12752,2.1462769993242583,0
12753,2.4788518665357584,0
12754,1.9311381646578456,0
12755,1.2951762252704104,0
12756,2.1603191188495185,0
12757,0.5685595715747825,0
12758,2.1846826594171564,0
12759,2.8123502765082304,0
12760,2.6623117221579067,0
12761,1.2859821339693005,0
12762,6.888272935125536,0
12763,3.2625949046667815,0
12764,8.160679978742698,0
12765,2.663841974060703,0
12766,5.278632086434553,0
12767,6.698404166765483,0
12768,2.3314767352068566,0
12769,4.032739253510972,0
12770,4.719456290081721,0
12771,2.6196295442945843,0
12772,3.532033985184989,0
12773,2.973414464849144,0
12774,3.4761742684552503,0
12775,0.5838559365239171,0
12776,2.318549575164805,0
12777,1.6146309760865196,0
12778,1.632014431903836,0
12779,1.192148828416141,0
12780,6.274859125911016,0
12781,8.007036839073217,0
12782,1.2756985029579837,0
12783,1.567125915362149,0
12784,2.8984656640574116,0
12785,1.5654972619073255,0
12786,11.267311191229217,1
12787,3.999612588828014,0
12788,3.734240690538174,0
12789,8.421837301722837,1
12790,0.7730166612407321,0
12791,1.0890984055769897,0
12792,2.558852315033039,0
12793,3.196853866299584,0
12794,3.113267254537284,0
12795,4.027197317317447,0
12796,1.8668879799222282,0
12797,4.8084419412438,0
12798,2.387233877457587,0
12799,6.273813253319104,0
12800,2.0031212446370965,0
12801,0.5097004441104829,0
12802,5.842021542849162,0
12803,2.4488494394084133,0
12804,6.20104917102663,0
12805,2.404684829298274,0
12806,1.7809389379044778,0
12807,1.5775858588802492,0
12808,3.5395547766942275,0
12809,2.5166082631865945,0
12810,2.171615282820547,0
12811,10.117547813494603,1
12812,3.8894627677536366,0
12813,1.1453690734034572,0
12814,3.5497260820610856,0
12815,0.6726372442453307,0
12816,0.7364686664034302,0
12817,3.9918984413044805,0
12818,2.795935351430479,0
12819,4.356041857136157,0
12820,1.3022664588024755,0
12821,7.9132682051976015,0
12822,4.0566578950750465,0
12823,2.761194038176162,0
12824,3.6197073781404803,0
12825,4.54688817548114,0
12826,2.498990741859003,0
12827,2.1226738605575957,0
12828,12.851578583046043,1
12829,15.502636275587028,1
12830,2.685572848038743,0
12831,2.2802732091267854,0
12832,2.37347874431913,0
12833,2.752253645591289,0
12834,1.4923651126578916,0
12835,6.354773311851048,0
12836,1.8449344354524249,0
12837,1.284332787983446,0
12838,2.951812242996068,0
12839,2.007604316416829,0
12840,2.276370243332339,0
12841,8.169448135937342,0
12842,12.815174296000826,1
12843,1.5213410409634451,0
12844,3.586866503248392,0
12845,3.7110581326570906,0
12846,0.4086379459426196,0
12847,1.6808347698252675,0
12848,0.9445866249823289,0
12849,1.9307514955899963,0
12850,2.4843870464818307,0
12851,2.994898957994053,0
12852,2.9874478466635583,0
12853,7.460816382376046,0
12854,6.998096173037116,0
12855,10.169008093820802,1
12856,2.6665089843424394,0
12857,2.615777234853931,0
12858,2.796856905002853,0
12859,3.436569179441073,0
12860,1.2482274370596866,0
12861,1.6328969311439958,0
12862,0.626090694577355,0
12863,2.8969836086187715,0
12864,2.2742485438381075,0
12865,11.389652682692002,1
12866,0.7615762855569657,0
12867,3.2439692705147527,0
12868,2.100134349157969,0
12869,2.0897815437275646,0
12870,0.9719458851225203,0
12871,3.474065420567066,0
12872,1.566054495881427,0
12873,0.5016677627029009,0
12874,1.8386969720086763,0
12875,2.8774988253709015,0
12876,8.339425831838135,1
12877,3.8263400887940517,0
12878,9.024445057752613,1
12879,4.525662250021471,0
12880,2.077584849244719,0
12881,2.360076793799714,0
12882,1.866252081126099,0
12883,4.277441703946336,0
12884,4.484840596216045,0
12885,2.3648424512616155,0
12886,2.3832733845421026,0
12887,1.3372624669787248,0
12888,3.1583411475456327,0
12889,2.3421637856902517,0
12890,1.276491462930757,0
12891,2.0046198438085248,0
12892,2.7535198676411436,0
12893,1.83157734067574,0
12894,4.9235825793117085,0
12895,0.9924894505783866,0
12896,14.503849578024818,1
12897,3.138197572980705,0
12898,3.2583986471759787,0
12899,3.104598014269144,0
12900,0.9469696796478957,0
12901,4.209502298019149,0
12902,5.568359787235575,0
12903,1.9617546686003935,0
12904,3.018817665301311,0
12905,4.041494019248928,0
12906,7.074115497622204,0
12907,3.539368277717103,0
12908,4.466792122769921,0
12909,1.6825805155137965,0
12910,4.5946510797456295,0
12911,2.1136525987944212,0
12912,2.224457012903019,0
12913,3.203796351714046,0
12914,2.051946661670505,0
12915,2.447939604738272,0
12916,4.042897242446426,0
12917,9.505365888222817,1
12918,7.0818272423843025,0
12919,1.1268897332228491,0
12920,1.5571475993769919,0
12921,2.460194539405009,0
12922,3.3586638019056525,0
12923,3.8663880386445766,0
12924,4.531949366658316,0
12925,1.1214227453857133,0
12926,10.626383764735028,1
12927,1.6018738922841471,0
12928,2.3584858575329193,0
12929,1.812296868145403,0
12930,2.678789724079617,0
12931,2.268680970838789,0
12932,0.883475321102942,0
12933,7.4486730248645285,0
12934,1.6431166595424918,0
12935,4.725442208735833,0
12936,5.595775635360214,0
12937,2.2755235592940526,0
12938,1.6171114011304188,0
12939,5.2006343258230086,0
12940,0.9833058243496142,0
12941,6.2792948768511145,0
12942,1.2540681469676283,0
12943,0.8749547432501871,0
12944,7.960594520418277,0
12945,5.312200049263038,0
12946,3.4932567166127897,0
12947,2.1257147928418427,0
12948,2.976824927759154,0
12949,1.0388059077713232,0
12950,0.932082885261471,0
12951,0.32273145364396355,0
12952,2.5291496452067435,0
12953,0.36925739363713433,0
12954,2.216021427366281,0
12955,4.406149954084357,0
12956,6.552505835054513,0
12957,2.6135671654925425,0
12958,1.689230691250209,0
12959,3.6952692643883966,0
12960,2.123818896920613,0
12961,1.9993090732277214,0
12962,2.404966055614209,0
12963,1.8021538855952444,0
12964,5.492195286247914,0
12965,2.8196496343863657,0
12966,22.118455791878848,1
12967,2.154158998555902,0
12968,2.2570761957954693,0
12969,2.7454263297337453,0
12970,3.368322949708951,0
12971,0.4816082946002629,0
12972,1.8830126464563988,0
12973,0.8662134535264728,0
12974,4.845756159321679,0
12975,0.4696692258892707,0
12976,2.2781887488923607,0
12977,4.166035879475244,0
12978,3.135781406008017,0
12979,2.4732528709993273,0
12980,1.514232294982751,0
12981,4.696264353948921,0
12982,2.8889467746597037,0
12983,1.2019296951386558,0
12984,6.119875225029043,0
12985,1.977561419736754,0
12986,2.280228864919501,0
12987,2.43097097678905,0
12988,1.188510189319626,0
12989,1.6757976180442533,0
12990,3.47983562488383,0
12991,0.9585623542693552,0
12992,2.1735293141593606,0
12993,0.6579681554663634,0
12994,4.640885294433558,0
12995,0.5331384009290054,0
12996,5.438365235490741,0
12997,3.8746417947940825,0
12998,2.580130218748905,0
12999,2.486865331297039,0
13000,2.9609421495416557,0
13001,0.44127379697958763,0
13002,1.5142358550127721,0
13003,6.020282128338262,0
13004,0.37838229920517097,0
13005,3.484203915028512,0
13006,0.444594658091016,0
13007,0.9289493093798614,0
13008,1.3900215567292658,0
13009,7.980335045833718,0
13010,5.130078931029151,0
13011,1.5987626789128564,0
13012,4.267561126435415,0
13013,3.5350658645728785,0
13014,0.6066820795743493,0
13015,1.8080253536398332,0
13016,2.084546962933118,0
13017,0.6239345104742431,0
13018,3.412644979344974,0
13019,2.9561935869986433,0
13020,2.8320282686936977,0
13021,0.5850108279852154,0
13022,0.8371475071432745,0
13023,2.438162690391835,0
13024,0.7408422596749323,0
13025,2.659418651012211,0
13026,2.2876585433665664,0
13027,1.2149620850979561,0
13028,4.409639188769665,0
13029,1.9712069719379706,0
13030,0.9847619409409903,0
13031,0.6799552511650937,0
13032,1.0062254514475435,0
13033,2.3110911626459534,0
13034,0.9926672716365191,0
13035,0.6764598838629539,0
13036,2.4334859152814348,0
13037,1.4603574376374986,0
13038,1.8689913655945283,0
13039,2.1628157540440185,0
13040,3.1309430804549416,0
13041,0.4607973531991828,0
13042,3.334191769668358,0
13043,7.438470455611023,0
13044,0.6272513464300336,0
13045,3.690342345241305,0
13046,6.716258084789199,0
13047,4.179933720088188,0
13048,2.10867080478202,0
13049,1.9666479125943253,0
13050,1.3434719811794351,0
13051,1.363775847863381,0
13052,1.3893021294817571,0
13053,7.239374179121894,0
13054,3.0794727475794774,0
13055,7.846936302877781,0
13056,1.3901469193391618,0
13057,2.589730650653814,0
13058,2.77768152195299,0
13059,4.778499508724551,0
13060,1.958270913498885,0
13061,3.0912383812591697,0
13062,1.1606606827372978,0
13063,1.1044851294196343,0
13064,1.3065424199736564,0
13065,1.0317258860198872,0
13066,3.2862419660383693,0
13067,3.7764344553357043,0
13068,1.150725201055655,0
13069,3.3699717545620826,0
13070,2.9662666867901257,0
13071,2.135006153753656,0
13072,4.3590937985921565,0
13073,11.605227016432718,1
13074,19.97307515110782,1
13075,4.6329531952411696,0
13076,1.0314017755992035,0
13077,2.6755827065898443,0
13078,2.599778578735411,0
13079,3.189320505264399,0
13080,2.0486410392342282,0
13081,3.8369301845418886,0
13082,1.567780825953799,0
13083,2.799681432228145,0
13084,4.372729367892252,0
13085,5.9110312976410375,0
13086,3.1414084533973385,0
13087,6.239902020594568,0
13088,4.394330085600742,0
13089,2.2944750100621016,0
13090,2.8143592733934124,0
13091,2.960899721242208,0
13092,1.6263863769753912,0
13093,3.968545182361228,0
13094,1.9815247115016126,0
13095,1.0422201602560361,0
13096,1.2879700442985764,0
13097,1.7493439239779287,0
13098,21.121934357033286,1
13099,1.4475632341822968,0
13100,2.4175349402256177,0
13101,0.9226623532783995,0
13102,2.871323706434315,0
13103,0.6309479099317311,0
13104,1.1461908543319168,0
13105,2.5338410265201663,0
13106,0.8996549355965973,0
13107,4.716245759368625,0
13108,10.991024586329852,1
13109,1.4352535355547231,0
13110,1.0546923493589198,0
13111,5.079246884687459,0
13112,3.5469408751482043,0
13113,2.4488264761355487,0
13114,2.2355853476816043,0
13115,1.470009350339729,0
13116,17.731094314067978,1
13117,3.9356870451114725,0
13118,1.8774569397964513,0
13119,2.9535575654002355,0
13120,1.26794542003784,0
13121,1.8446656431338215,0
13122,1.1849922889653526,0
13123,1.0278027184365597,0
13124,5.479774401923485,0
13125,0.8444239003156983,0
13126,2.098318680512312,0
13127,2.312357860768995,0
13128,3.8633981363828735,0
13129,2.841631730973218,0
13130,1.11828791006645,0
13131,0.9455439773592346,0
13132,0.30827981206554533,0
13133,11.260593723086494,1
13134,3.764371443490784,0
13135,1.6419637046637559,0
13136,2.468768497045267,0
13137,1.5241835938929544,0
13138,3.114137947290507,0
13139,2.6650241287289034,0
13140,0.7628029928422387,0
13141,1.0461125862143947,0
13142,4.76834308158243,0
13143,0.9593377176060194,0
13144,3.0886942374450914,0
13145,2.303976419369674,0
13146,1.5360235368366058,0
13147,9.945203934384008,1
13148,5.372000939918306,0
13149,1.3574590688951647,0
13150,6.290656990434579,0
13151,4.350065226453014,0
13152,2.701444684632521,0
13153,3.882462791096036,0
13154,4.7077658376632305,0
13155,1.653637644026071,0
13156,3.61759126142538,0
13157,4.6334745256968795,0
13158,2.598462469788648,0
13159,0.900751194966278,0
13160,0.6499017761520576,0
13161,2.80177760624877,0
13162,2.980164738192887,0
13163,4.510032162165064,0
13164,1.548430773953231,0
13165,1.7437922394640586,0
13166,7.316438473463175,0
13167,3.1435666623560254,0
13168,3.9978731539871166,0
13169,4.095097189050187,0
13170,1.3437760895707187,0
13171,6.063188269482927,0
13172,2.138834235369256,0
13173,5.585307792470949,0
13174,2.139584896535894,0
13175,4.863874123111649,0
13176,0.5123144405208259,0
13177,5.071433235020273,0
13178,2.4263160857062034,0
13179,1.8763927537593852,0
13180,3.52330600291384,0
13181,0.809715306219223,0
13182,8.335880728332553,1
13183,6.472694059619737,0
13184,2.0611724469614434,0
13185,13.388032464470346,1
13186,57.29314343600547,1
13187,2.832996826050351,0
13188,3.2876413598663943,0
13189,1.7889892826569431,0
13190,1.2453928036141382,0
13191,1.5683474055255673,0
13192,1.6785847893864516,0
13193,1.6096365246512596,0
13194,1.6168621918215342,0
13195,0.4266888488486601,0
13196,2.4478674152087625,0
13197,3.0525315871599,0
13198,18.599206253806408,1
13199,1.931167350378025,0
13200,2.3549002590964108,0
13201,6.248478815098169,0
13202,0.8311139965814714,0
13203,1.1402887042926193,0
13204,7.408405528054379,0
13205,1.445687323981537,0
13206,0.8486802146340755,0
13207,1.3868867379325112,0
13208,0.7793598456834142,0
13209,1.1348891681240225,0
13210,2.304256515168253,0
13211,2.9666640366472943,0
13212,7.309701653658891,0
13213,1.6681460886025916,0
13214,3.8578185052461937,0
13215,1.164592993907319,0
13216,2.242656427518905,0
13217,7.827303975668138,0
13218,3.117195215309747,0
13219,0.7468332680516581,0
13220,0.7888640403809667,0
13221,1.8222924626204737,0
13222,0.9582228586313435,0
13223,0.7442077635679165,0
13224,1.4778847383735931,0
13225,1.865993744596131,0
13226,4.959244957526593,0
13227,0.5934002164282934,0
13228,3.5694487133335917,0
13229,1.6956256244993975,0
13230,0.7660165400338488,0
13231,4.364964574583257,0
13232,0.7997791688633007,0
13233,1.572903159350775,0
13234,2.4114539095024883,0
13235,2.3072376618702397,0
13236,0.6601919594408953,0
13237,2.184704187874032,0
13238,2.1082832077895186,0
13239,4.094453666659043,0
13240,5.200677840210218,0
13241,1.8390343874397377,0
13242,1.8998144521204459,0
13243,3.573370719440598,0
13244,3.59936453571376,0
13245,5.856608423013587,0
13246,2.6485912794173156,0
13247,2.020981995433623,0
13248,2.1311453928684263,0
13249,6.969759180979988,0
13250,2.747947133249352,0
13251,2.7222275335493564,0
13252,4.418416395993206,0
13253,2.946893284347358,0
13254,5.113069263330057,0
13255,1.3605812145285003,0
13256,1.894644153022187,0
13257,1.7560120009841995,0
13258,6.521504790829714,0
13259,1.7746631443600915,0
13260,0.5153169139249545,0
13261,8.758784950663113,1
13262,2.7969346265233357,0
13263,3.18145949137523,0
13264,2.175329645791571,0
13265,3.367735809966622,0
13266,5.323628881095133,0
13267,1.7513638429630165,0
13268,6.717486100490089,0
13269,2.1650911338318517,0
13270,1.5289933524268469,0
13271,5.882317060567867,0
13272,3.096808853520125,0
13273,1.9569334385135664,0
13274,0.6099927342828165,0
13275,0.7068502266482659,0
13276,1.7214279812878097,0
13277,3.4686552063058214,0
13278,15.43134373995661,1
13279,3.2901517989072233,0
13280,3.4548637865764342,0
13281,1.3413835047911697,0
13282,2.9533950473731734,0
13283,1.7044288866604207,0
13284,2.6115756821525378,0
13285,2.5718307719826567,0
13286,0.5583253186176733,0
13287,1.9310859505422324,0
13288,10.474396471489875,1
13289,4.64065636624351,0
13290,2.607714538308016,0
13291,1.5711920456404183,0
13292,0.8728202607545239,0
13293,3.07363459444556,0
13294,5.286357787463013,0
13295,0.8276842927962303,0
13296,1.456834906979218,0
13297,3.0222939628140577,0
13298,7.853474311415594,0
13299,0.5613093659678429,0
13300,3.3614867286950614,0
13301,1.1687113067975503,0
13302,2.13242140840044,0
13303,1.5087270125493826,0
13304,2.69810188675496,0
13305,1.5023043474836262,0
13306,1.8790974862318053,0
13307,3.2180183257457964,0
13308,4.30656086807372,0
13309,1.407795138239631,0
13310,2.948880826952819,0
13311,3.956478671306509,0
13312,3.7513174784927044,0
13313,2.5993667700512537,0
13314,0.9113857625141059,0
13315,0.49225155097107165,0
13316,6.801921426524398,0
13317,16.330832635630006,1
13318,1.7514494801918967,0
13319,1.876739905093557,0
13320,2.1085645624749723,0
13321,5.654021309701523,0
13322,1.4423818734202345,0
13323,1.6433495173680228,0
13324,2.077950900536503,0
13325,3.101312420010734,0
13326,0.48935421068410284,0
13327,2.157682877033323,0
13328,5.5116899159169215,0
13329,4.954153556055851,0
13330,2.243849672264486,0
13331,0.8793239180351878,0
13332,0.8987103964738382,0
13333,2.762031210872812,0
13334,1.9947173248267538,0
13335,10.175436052426104,1
13336,1.440093745739427,0
13337,3.2526573023725533,0
13338,4.862794414092275,0
13339,5.437839830340492,0
13340,9.71558355134888,1
13341,0.9836411830569884,0
13342,0.24609825222191334,0
13343,2.6048005063217348,0
13344,0.6879281991165397,0
13345,0.9093827672879633,0
13346,5.569486996518356,0
13347,1.3430677857765083,0
13348,1.9966736388204385,0
13349,2.376310303335042,0
13350,2.5079669465807606,0
13351,1.0439601962973637,0
13352,0.9967187151490183,0
13353,2.9063085844726557,0
13354,1.4451456580351048,0
13355,1.4305136272742374,0
13356,4.825762660330083,0
13357,1.488188204500363,0
13358,4.727754963724755,0
13359,4.505217280078761,0
13360,2.1054882284441887,0
13361,1.226961485135217,0
13362,3.8259114684827162,0
13363,7.0437176740280245,0
13364,2.8390654150647117,0
13365,2.1921578351348328,0
13366,2.514496818365551,0
13367,5.100894573379714,0
13368,0.8341500359087507,0
13369,4.52987917143428,0
13370,1.2247310390360093,0
13371,3.4731708969170185,0
13372,3.32337083545293,0
13373,1.943916190037509,0
13374,4.903075671894731,0
13375,1.0190088296478506,0
13376,1.9849989344299068,0
13377,4.465201459181824,0
13378,4.574690121041622,0
13379,1.1884662823941534,0
13380,9.32322281230273,1
13381,2.4386819841572804,0
13382,1.3043659080803878,0
13383,1.1730502075938558,0
13384,2.006496740748432,0
13385,2.4824565624494084,0
13386,1.5513848636513896,0
13387,4.709559466135092,0
13388,4.729118657283399,0
13389,12.465765647511581,1
13390,1.82479160316047,0
13391,2.259949011548157,0
13392,0.7425911180044286,0
13393,1.073117624412323,0
13394,3.064284190179966,0
13395,1.7746092868546528,0
13396,3.330245195071794,0
13397,2.592128221384674,0
13398,5.539901345133459,0
13399,1.2478126567719818,0
13400,1.7372989356836837,0
13401,8.735603131329508,1
13402,10.272048097214874,1
13403,2.3167599595641093,0
13404,1.1954066315031073,0
13405,2.895201287949113,0
13406,2.738018253884632,0
13407,1.7809229515496356,0
13408,6.18768312223743,0
13409,2.8893142530281732,0
13410,2.954124146965902,0
13411,5.754460846611625,0
13412,1.0159915847418428,0
13413,1.5732708667082818,0
13414,5.12802847388264,0
13415,9.270517886761594,1
13416,10.034570379226107,1
13417,2.289261646647168,0
13418,2.6691130563406835,0
13419,0.6861125626707122,0
13420,4.237317017243368,0
13421,2.439682777880264,0
13422,3.6996169844834554,0
13423,3.6975721665253682,0
13424,5.17355083866395,0
13425,0.5830568186753161,0
13426,1.209975762263978,0
13427,0.6687331891763703,0
13428,2.8186716998067234,0
13429,4.414042187682557,0
13430,2.579237530439866,0
13431,1.7664102095935095,0
13432,3.6628357551520496,0
13433,0.6417911279877487,0
13434,1.2138068787078233,0
13435,2.257137668421832,0
13436,11.677873333323502,1
13437,11.392823847461225,1
13438,1.995386381994505,0
13439,4.773163528188388,0
13440,1.2140959711870878,0
13441,1.5545799992724183,0
13442,6.866096590949985,0
13443,1.225760007114141,0
13444,5.983438542622367,0
13445,26.241711071319788,1
13446,0.895679952347734,0
13447,10.7873342135507,1
13448,0.9724873195916364,0
13449,1.4187210560080592,0
13450,4.125986796492132,0
13451,1.2719298448116798,0
13452,2.2738609379096797,0
13453,1.6934911703490494,0
13454,2.318522249238429,0
13455,3.7760889932092634,0
13456,1.548782030926257,0
13457,4.455060675497884,0
13458,4.330339703146633,0
13459,7.430012290297501,0
13460,2.0493973432739714,0
13461,0.9863289214785907,0
13462,1.1740767256482931,0
13463,3.0461298000285146,0
13464,1.148585209233527,0
13465,4.841381494198464,0
13466,4.810658539765433,0
13467,3.9605512031548793,0
13468,3.2882390589110386,0
13469,5.348774643338981,0
13470,0.5127490172122868,0
13471,0.9288038237773572,0
13472,2.558948024826918,0
13473,1.8487761762717227,0
13474,0.9497763911719488,0
13475,2.8547835596647824,0
13476,3.746587714835354,0
13477,16.32797433817675,1
13478,3.849513352216574,0
13479,5.29426629137677,0
13480,2.0779260921562925,0
13481,2.9194288677212894,0
13482,0.9851715113873104,0
13483,1.2495009785243856,0
13484,3.0836103391100314,0
13485,1.8729348628383116,0
13486,1.8169844406219042,0
13487,1.5854098056372143,0
13488,3.0668368318784065,0
13489,0.4960667635621382,0
13490,5.344178181060797,0
13491,2.069566659936283,0
13492,2.0047072492230766,0
13493,1.7725101584904865,0
13494,1.203868381908339,0
13495,3.207436387011693,0
13496,8.867605887231813,1
13497,1.4875128188002393,0
13498,3.723994428119054,0
13499,9.189990275998746,1
13500,2.4308597312931397,0
13501,2.05538424361998,0
13502,2.2109852591146346,0
13503,0.7096295747878958,0
13504,2.7830340024882427,0
13505,2.2538227254886416,0
13506,2.5301699321241684,0
13507,2.5375319524846796,0
13508,0.9303568711749726,0
13509,3.675456023733981,0
13510,7.963724692689616,0
13511,1.316471230983167,0
13512,1.5459249400184654,0
13513,3.9320997408768052,0
13514,0.8994668068246078,0
13515,3.0632110253009386,0
13516,2.532061303811056,0
13517,2.3001994951734313,0
13518,5.30344425881704,0
13519,2.2532117419717403,0
13520,2.2714036680576597,0
13521,13.831522607018455,1
13522,3.812716509437407,0
13523,1.3836084559163075,0
13524,1.6686838931040242,0
13525,2.104333311471966,0
13526,3.599664354948899,0
13527,1.918063419860771,0
13528,2.3876004463264917,0
13529,1.333457812165682,0
13530,1.9348150943122369,0
13531,5.202125283494123,0
13532,1.4561408225097179,0
13533,0.9229866949954355,0
13534,0.9591749490781798,0
13535,1.22343791807731,0
13536,1.5997625063555532,0
13537,3.310048287191668,0
13538,2.102691724019244,0
13539,10.333974272963523,1
13540,2.085818519626734,0
13541,2.591434384564342,0
13542,1.6435724246595649,0
13543,3.37431161878907,0
13544,5.739392249966723,0
13545,3.1181836676311465,0
13546,3.1551117745028003,0
13547,1.9484633576489885,0
13548,2.123668524289399,0
13549,2.127521189011901,0
13550,0.7872292887785781,0
13551,1.4254542827878691,0
13552,2.4135715436840757,0
13553,12.242003526394786,1
13554,6.168622062785742,0
13555,2.2559241110340102,0
13556,0.2862899319530576,0
13557,0.896834423023416,0
13558,1.3073936832039341,0
13559,4.157018623982534,0
13560,1.3826183141535293,0
13561,12.061896598164914,1
13562,5.6952699897681605,0
13563,0.4469945369236831,0
13564,3.4522285453412205,0
13565,3.202355227809219,0
13566,5.191544336741586,0
13567,1.6968232512715284,0
13568,2.0742971940316397,0
13569,2.3447867670641265,0
13570,4.0854302310963915,0
13571,9.606538789677028,1
13572,1.7835555634576559,0
13573,3.6685011570136306,0
13574,1.1846924002391723,0
13575,1.5402571285009286,0
13576,2.466426991107343,0
13577,3.6809120133314517,0
13578,3.2596560003331687,0
13579,2.2515703777023277,0
13580,2.2585272311871436,0
13581,0.3845307497204935,0
13582,2.692525152692484,0
13583,3.7591055411346277,0
13584,2.92494787327127,0
13585,2.9615095659087944,0
13586,3.4129978224180793,0
13587,1.686004769717472,0
13588,1.123137019402953,0
13589,4.761415737940533,0
13590,2.348223509025875,0
13591,1.2889265197372621,0
13592,6.4199942343897485,0
13593,6.828735702049569,0
13594,1.8925589993323262,0
13595,0.7162280143013529,0
13596,3.397679574692945,0
13597,1.020735249723086,0
13598,0.6618524640050641,0
13599,4.145605519954371,0
13600,2.6007770103533745,0
13601,3.4415214566203565,0
13602,3.248040429656039,0
13603,0.9728549393972659,0
13604,9.948713170614225,1
13605,1.9115125966831386,0
13606,4.544609813305006,0
13607,2.6859511387271935,0
13608,8.8113442130515,1
13609,1.662433724509741,0
13610,2.023961258877395,0
13611,1.8690719986728452,0
13612,1.0999757703929032,0
13613,6.551459682141348,0
13614,4.610180081011874,0
13615,3.6157851904647407,0
13616,1.4172213235765736,0
13617,1.0155408624126987,0
13618,0.8193696618597329,0
13619,4.200738901469035,0
13620,0.9273317196215752,0
13621,1.9407358126266163,0
13622,2.3020979815983162,0
13623,6.468294136035747,0
13624,6.248637480699169,0
13625,3.139488650496732,0
13626,2.136414157156061,0
13627,2.2236820917688593,0
13628,2.0072619434560264,0
13629,4.385726595311735,0
13630,2.2771175822236835,0
13631,0.9460900351234771,0
13632,1.4850485256975587,0
13633,2.5920747804475344,0
13634,1.744586922340266,0
13635,6.001737595407912,0
13636,0.8656719314785449,0
13637,2.7335350195542985,0
13638,2.886048902728112,0
13639,1.1873178629855292,0
13640,3.3535249196363863,0
13641,0.6977833212503725,0
13642,1.845623162775498,0
13643,3.1034622113508523,0
13644,1.507222864928405,0
13645,1.6464407296864596,0
13646,6.811131058834581,0
13647,1.4170599288864714,0
13648,5.590417773339621,0
13649,6.401490371223701,0
13650,1.0709406717992884,0
13651,0.5083411982926022,0
13652,4.583073043121115,0
13653,2.1956979888137544,0
13654,1.161662166724906,0
13655,2.674461381762121,0
13656,4.139965596817701,0
13657,7.287667256595382,0
13658,2.1020262871576443,0
13659,13.904635991715157,1
13660,2.705321081900657,0
13661,2.6098908129367855,0
13662,1.2904044550553786,0
13663,0.9211492825596314,0
13664,1.720741519069853,0
13665,1.9474975988295216,0
13666,1.9636476745558247,0
13667,1.1578525584145152,0
13668,1.4622563343217807,0
13669,5.456998964322084,0
13670,0.7127121524613594,0
13671,1.4468833628705544,0
13672,2.282831070862727,0
13673,0.6575863952834712,0
13674,1.9571504458642361,0
13675,4.1176483239276465,0
13676,1.920614978460351,0
13677,1.8245375793081657,0
13678,1.1905072905695866,0
13679,2.878830034468258,0
13680,2.1915819734609205,0
13681,1.77372653575993,0
13682,6.62061912799018,0
13683,19.655905575192516,1
13684,0.6776460848520018,0
13685,18.58393650716291,1
13686,2.6902475772593215,0
13687,1.5176964807747055,0
13688,1.6175424129053089,0
13689,4.628858361774236,0
13690,2.237698246297528,0
13691,3.2975174075274647,0
13692,1.45652941357941,0
13693,3.3150743118287047,0
13694,5.4373596690261845,0
13695,3.645106824510813,0
13696,2.2111498088455113,0
13697,4.703279641837138,0
13698,3.1600317948497607,0
13699,1.2827898559262672,0
13700,1.4605835159718839,0
13701,1.3370703700536453,0
13702,2.44309371652389,0
13703,3.963145308645856,0
13704,6.1320638313619025,0
13705,2.096933664133872,0
13706,0.5193154471789058,0
13707,7.272573129976746,0
13708,5.011103124574027,0
13709,2.0367362274398073,0
13710,2.412829704304527,0
13711,2.7774587011522263,0
13712,5.580855978386551,0
13713,1.7246777060265235,0
13714,3.366762453071331,0
13715,1.8032860008145997,0
13716,4.875766916484528,0
13717,1.8391053712426506,0
13718,1.0778654005028718,0
13719,3.9622974008582657,0
13720,2.4585415445078387,0
13721,0.960156930394019,0
13722,2.658146225290406,0
13723,0.7264315604893271,0
13724,3.2543273939231256,0
13725,3.8713862137253696,0
13726,4.650440419834963,0
13727,0.8284468423129766,0
13728,2.692973771196247,0
13729,2.1905670590644517,0
13730,6.812964553880504,0
13731,0.6144882264070707,0
13732,17.05895324218557,1
13733,1.7434207688411134,0
13734,0.7618045386737945,0
13735,1.9656124143714504,0
13736,2.2959748738339467,0
13737,1.8472122563701885,0
13738,1.1247295537314785,0
13739,3.5881092584365453,0
13740,1.179505691633308,0
13741,1.3617285123177052,0
13742,5.047768610644942,0
13743,2.851916642909965,0
13744,3.6444338071608464,0
13745,0.47009472618061926,0
13746,2.241547883100517,0
13747,1.6737375198119009,0
13748,5.79449418532044,0
13749,4.455134659556297,0
13750,4.559222302661514,0
13751,3.2518181982174985,0
13752,8.522708440553702,1
13753,1.4934987951670113,0
13754,2.5342134841063144,0
13755,2.1544278323885937,0
13756,1.042364846124525,0
13757,2.940138916805969,0
13758,1.5677012228082892,0
13759,3.460623732145527,0
13760,5.882926849494798,0
13761,1.3322052832865956,0
13762,2.9069170225240053,0
13763,1.6019227509092768,0
13764,2.1073877371242618,0
13765,1.7923783581163628,0
13766,0.9741465182194086,0
13767,0.5989061266181153,0
13768,1.1912780501758593,0
13769,20.135178346630173,1
13770,1.2159630053265889,0
13771,8.90241150183318,1
13772,2.089810797358248,0
13773,0.666528656320182,0
13774,3.2922222337590834,0
13775,11.779834314903034,1
13776,2.0389996216129096,0
13777,0.72683805579063,0
13778,0.9304133656500078,0
13779,3.223426326454393,0
13780,3.002713580477502,0
13781,3.132315494208831,0
13782,8.968865831008607,1
13783,5.1050472128281585,0
13784,0.9860066556682191,0
13785,2.3643629659474352,0
13786,3.220672005334173,0
13787,3.8206334155210424,0
13788,1.5159283379663056,0
13789,1.880074926147869,0
13790,1.4800723958693782,0
13791,1.254942710762016,0
13792,0.6814744655808082,0
13793,1.325940594992614,0
13794,9.246669839523385,1
13795,3.652142632034423,0
13796,3.417583550056116,0
13797,2.4108408127075887,0
13798,0.7269551420280213,0
13799,0.9867290554943545,0
13800,3.182454774150595,0
13801,1.6389664251884022,0
13802,3.1163460857517995,0
13803,1.8912554084687359,0
13804,4.886167294120054,0
13805,1.4132250173712841,0
13806,2.273348158477582,0
13807,2.5764884428946635,0
13808,1.4414947591270642,0
13809,1.8276071271631955,0
13810,2.7313927791701627,0
13811,0.8883888498337132,0
13812,2.149537823389639,0
13813,3.943186968399887,0
13814,3.745294796343218,0
13815,2.289579495618666,0
13816,2.4436085312400757,0
13817,1.8185802596578677,0
13818,6.259295242595736,0
13819,2.455308589808107,0
13820,1.3101804143986542,0
13821,2.228529743502542,0
13822,3.630521588426379,0
13823,1.357275507525873,0
13824,5.007121152525246,0
13825,4.683753888425807,0
13826,3.366379333531765,0
13827,2.973769709081891,0
13828,5.480071882683283,0
13829,2.721206407957628,0
13830,1.7041727041328807,0
13831,1.4206729536438152,0
13832,0.8123078502341732,0
13833,1.8647234818961775,0
13834,2.013118153993705,0
13835,4.935347825412887,0
13836,1.573198151846791,0
13837,1.350411023640741,0
13838,6.784203993576563,0
13839,4.7649476097592,0
13840,0.7539937292722846,0
13841,3.61052866642278,0
13842,4.308557015147048,0
13843,1.0039697829081444,0
13844,1.7424970455639957,0
13845,2.2315418758389836,0
13846,0.8740828591114871,0
13847,3.1025343374755137,0
13848,2.9542212599834934,0
13849,4.4092151610684756,0
13850,9.876436791709603,1
13851,1.8371181923048425,0
13852,4.177535621246937,0
13853,2.625936341514452,0
13854,0.7497035003285447,0
13855,3.542256270393699,0
13856,0.3865017568700673,0
13857,5.219681900046445,0
13858,1.3946910318934134,0
13859,0.960895956475568,0
13860,2.7207872796080523,0
13861,4.883324896697146,0
13862,1.5678460913962164,0
13863,21.84082550466282,1
13864,2.355731101128471,0
13865,2.502278559631561,0
13866,1.9840767046970604,0
13867,5.5799033704874965,0
13868,1.1010716999885668,0
13869,1.7380053141181084,0
13870,1.728854842599534,0
13871,3.8846443970008577,0
13872,2.563087803008543,0
13873,7.643818968422142,0
13874,1.3835556425944195,0
13875,1.072076641955917,0
13876,2.661089594298558,0
13877,0.7316935515884926,0
13878,0.888656172756941,0
13879,3.4446136099087266,0
13880,4.231192941237601,0
13881,1.6541150669889821,0
13882,1.249558769058918,0
13883,7.743536464330493,0
13884,0.4713079004836104,0
13885,1.552578984611143,0
13886,3.659531060895763,0
13887,7.7212189265848234,0
13888,1.7607113313409406,0
13889,1.5901064802944351,0
13890,3.3771475743070294,0
13891,1.241689073174329,0
13892,1.365751264981569,0
13893,1.97104737578334,0
13894,2.002184560194875,0
13895,3.5577620456200276,0
13896,7.635253312297491,0
13897,4.3374671204494435,0
13898,1.0935565960153553,0
13899,2.940201095968007,0
13900,0.5315745134692383,0
13901,3.93294784079755,0
13902,2.6105890768403044,0
13903,1.1309898165486831,0
13904,2.499329912441964,0
13905,2.968437264960713,0
13906,2.780826430155327,0
13907,0.7650290091983438,0
13908,2.9679045027174906,0
13909,1.6593933764107531,0
13910,1.583874679138005,0
13911,11.324298397662538,1
13912,0.3156480501345328,0
13913,3.8684964833960844,0
13914,2.610215345915182,0
13915,20.724222369018108,1
13916,2.9225757790093985,0
13917,4.246122325826213,0
13918,2.3145930412848172,0
13919,1.2564342924366654,0
13920,2.6109341094996594,0
13921,2.9637936395675744,0
13922,1.860504548725359,0
13923,13.971933519847134,1
13924,3.1318325475695885,0
13925,2.313347788822078,0
13926,1.1080252566339592,0
13927,1.7667579131388793,0
13928,4.600544205321638,0
13929,6.198522657440933,0
13930,1.8960268270785987,0
13931,0.9680189042396559,0
13932,1.363391708284693,0
13933,3.665363840789544,0
13934,1.7225114506152799,0
13935,3.982827433470558,0
13936,10.529831052107882,1
13937,2.346577812008333,0
13938,1.439983601967286,0
13939,0.44993526839003195,0
13940,2.457277918719879,0
13941,2.6303871862620647,0
13942,2.4495435556809775,0
13943,3.470712214587581,0
13944,3.6035263922664122,0
13945,0.28410102456887476,0
13946,6.285824073931688,0
13947,5.235691570003499,0
13948,2.887139855761625,0
13949,3.808082183722855,0
13950,2.6989930340178754,0
13951,5.1340656088202214,0
13952,2.323275022497805,0
13953,7.846443433135438,0
13954,2.9740793862406276,0
13955,10.237037004782271,1
13956,2.5205009776258787,0
13957,3.1107350731811465,0
13958,2.293598241368387,0
13959,2.0041857227519024,0
13960,4.374658545898143,0
13961,14.452172538243083,1
13962,3.746797606666199,0
13963,14.833420575376264,1
13964,1.0189533820976207,0
13965,1.9876453913450116,0
13966,4.562574853727723,0
13967,3.7897847772313673,0
13968,4.39650145444125,0
13969,4.499901796806322,0
13970,6.599226429901717,0
13971,1.433392949930318,0
13972,0.918067463244911,0
13973,4.9494412846338625,0
13974,0.6471374660170043,0
13975,2.7264141024924125,0
13976,1.5886077581278022,0
13977,1.7242983855848164,0
13978,1.2460571276255508,0
13979,1.9804461485971694,0
13980,0.46932063385707756,0
13981,0.6716337145200979,0
13982,2.283034797058417,0
13983,7.927301452940504,0
13984,2.211139554287952,0
13985,0.43703268708234166,0
13986,18.212315581199924,1
13987,4.5202816747771495,0
13988,1.1117141905564956,0
13989,6.23233060125062,0
13990,2.4131567282586532,0
13991,6.3961940198513885,0
13992,2.091636154801754,0
13993,1.3881266054641397,0
13994,4.365179369628438,0
13995,3.3510185243418866,0
13996,1.8869148435200018,0
13997,9.040664374748102,1
13998,7.815337277752744,0
13999,1.1298806618684138,0
14000,3.342074784457329,0
14001,6.583316241569591,0
14002,1.854655671262173,0
14003,0.6961641106822921,0
14004,11.732562259936385,1
14005,4.68964254073461,0
14006,2.044253494192226,0
14007,2.0520648339547054,0
14008,3.85083777660402,0
14009,0.6101354313189468,0
14010,2.185798414502665,0
14011,2.516979104690962,0
14012,5.636230568538394,0
14013,1.295737266646045,0
14014,1.9922089923575579,0
14015,2.5544373656409403,0
14016,5.454730546532645,0
14017,5.38023318098109,0
14018,0.9727435891445985,0
14019,17.42866338076869,1
14020,5.0749814404466145,0
14021,3.060647666250408,0
14022,2.3275244734653744,0
14023,1.77862238319293,0
14024,3.642983151827259,0
14025,3.033949953193826,0
14026,1.8395116655167807,0
14027,0.5761981355664592,0
14028,3.0052595816984424,0
14029,0.590518354377376,0
14030,2.0140827720072005,0
14031,0.6017520073978534,0
14032,4.388036183734649,0
14033,1.8629506466097243,0
14034,3.690724590541456,0
14035,1.8955453513200946,0
14036,5.560780074281071,0
14037,2.360011420784846,0
14038,2.838050826555878,0
14039,3.2537021683232052,0
14040,9.028344010210958,1
14041,0.7723130427313719,0
14042,3.500467263078133,0
14043,8.430505987803759,1
14044,4.0593609445093835,0
14045,0.24623327905002543,0
14046,1.9620488741696016,0
14047,2.471096877652295,0
14048,4.114521277876183,0
14049,2.012257579344935,0
14050,5.188392896391235,0
14051,1.167145603973821,0
14052,2.727577446715135,0
14053,3.238517843328779,0
14054,0.7636359558112692,0
14055,1.452649501287934,0
14056,4.248117090972769,0
14057,7.915979353450153,0
14058,1.0761088323429986,0
14059,3.7366847803522703,0
14060,0.418460755753575,0
14061,5.018416837372168,0
14062,2.2860137975449595,0
14063,1.5581879558453842,0
14064,1.2912355747469912,0
14065,3.012439019376459,0
14066,3.9830056505038205,0
14067,2.6776199365286,0
14068,3.903942440057796,0
14069,1.3274314433588574,0
14070,6.137304737496953,0
14071,9.050512162405786,1
14072,3.577906533723016,0
14073,1.3179247332672503,0
14074,3.254459669423766,0
14075,2.869047651749485,0
14076,6.923123745909169,0
14077,2.4261900672517127,0
14078,5.940503265230022,0
14079,3.0210489334935287,0
14080,2.783502128357562,0
14081,3.1947833188912784,0
14082,1.8946991714707202,0
14083,4.365741687882304,0
14084,2.865731269176406,0
14085,4.239270076445886,0
14086,3.7759556964619683,0
14087,2.3714440160949883,0
14088,3.836945898521651,0
14089,2.552471774776284,0
14090,5.247861296129651,0
14091,2.6434942663331893,0
14092,1.237910095341491,0
14093,6.980035347565685,0
14094,11.286121702810918,1
14095,0.5918101808293401,0
14096,3.5888680161966335,0
14097,3.6844544020546937,0
14098,2.131431202088212,0
14099,1.6749585040962462,0
14100,1.007797428777009,0
14101,3.0166013978316255,0
14102,3.5302991975127314,0
14103,3.2045326144723156,0
14104,2.7021230865506,0
14105,8.273973861358957,1
14106,3.9652730627726682,0
14107,3.761870954246178,0
14108,2.126341538125178,0
14109,2.749016051658225,0
14110,2.7676766195154294,0
14111,2.0263702461141864,0
14112,6.92984746661486,0
14113,3.3917883439738765,0
14114,0.7957046206794909,0
14115,0.5215886675241416,0
14116,3.6411668821023713,0
14117,4.176809569434486,0
14118,1.4152130807160168,0
14119,3.6968463097689788,0
14120,2.6978689331977623,0
14121,3.9117287848427647,0
14122,0.7468110735904917,0
14123,1.144052994920851,0
14124,5.023453073272161,0
14125,8.382550524679402,1
14126,3.7021566077564243,0
14127,5.00030643789573,0
14128,2.7964831420289595,0
14129,1.377455077680573,0
14130,2.9424646304650266,0
14131,1.5458968237447754,0
14132,4.339741008125876,0
14133,5.8187889462668805,0
14134,1.6640921106676194,0
14135,15.127328357992399,1
14136,3.059211042721018,0
14137,4.173057852729364,0
14138,3.1967020742600685,0
14139,5.519158063645245,0
14140,3.320928477442267,0
14141,2.0267128865935904,0
14142,1.2902041440286875,0
14143,4.120680354473739,0
14144,6.004165449459225,0
14145,2.6281208881038234,0
14146,2.005798325331075,0
14147,0.9600329670020922,0
14148,2.770912566397591,0
14149,7.234106258899624,0
14150,2.7265317711635153,0
14151,5.417810975288384,0
14152,1.4201695985772342,0
14153,2.1060911737451207,0
14154,1.588385659075991,0
14155,1.922137407547077,0
14156,2.369361668978028,0
14157,0.8356183328732147,0
14158,0.9190706132132169,0
14159,1.2928171054541482,0
14160,2.0032296597489507,0
14161,3.4578192171406363,0
14162,3.4982577937977113,0
14163,1.7227365057259614,0
14164,1.4753627839009582,0
14165,3.2367876659554495,0
14166,2.5636369194611475,0
14167,0.6512581749939019,0
14168,0.5615824195540052,0
14169,3.763297645502145,0
14170,1.2846718791594498,0
14171,4.635841445277041,0
14172,6.899532845320057,0
14173,1.4059274451924284,0
14174,4.784949285294469,0
14175,20.65466579167521,1
14176,1.471008373933104,0
14177,1.340050786822094,0
14178,2.8276414820900633,0
14179,11.889851033887311,1
14180,4.797065345824367,0
14181,2.128641359693609,0
14182,1.3805454713845997,0
14183,3.651446520823382,0
14184,3.3561940194625346,0
14185,7.095310117605573,0
14186,4.361671643284274,0
14187,5.224441398010545,0
14188,0.8528810320320003,0
14189,4.08306521429606,0
14190,1.6846427991704693,0
14191,4.136824943345377,0
14192,2.4063220495368824,0
14193,1.3527158567542072,0
14194,18.382377823750648,1
14195,0.5966089896486175,0
14196,2.0295103602935014,0
14197,3.4269283129845367,0
14198,5.021731918086051,0
14199,5.288420187070221,0
14200,3.3039246787143313,0
14201,8.914925009108687,1
14202,3.0990345528747576,0
14203,1.1358396702391658,0
14204,2.5991096277226404,0
14205,1.6445355964707091,0
14206,2.076370046078536,0
14207,2.0681410970707055,0
14208,1.0551269864742798,0
14209,4.743898452974287,0
14210,2.1849956830434305,0
14211,3.4613309110946124,0
14212,1.1437792623131366,0
14213,4.000010745922343,0
14214,2.3507704307774957,0
14215,1.940285401588413,0
14216,3.943780828046351,0
14217,2.7617384171845156,0
14218,0.9966807832596374,0
14219,0.8526770304413657,0
14220,2.3324699911060818,0
14221,0.7302950644359462,0
14222,3.960289207342727,0
14223,3.310736855394345,0
14224,5.437330165974064,0
14225,2.871387235864747,0
14226,1.9163284978941146,0
14227,1.8938567204334336,0
14228,0.49793713274861595,0
14229,0.9078392245560878,0
14230,1.2343516103393564,0
14231,4.282693424300805,0
14232,2.9332841114525547,0
14233,2.3473456190857322,0
14234,2.5981344388719205,0
14235,1.5451329305431842,0
14236,3.4429425991323397,0
14237,4.416469778374127,0
14238,9.117018299422256,1
14239,0.849794061370448,0
14240,2.607438129394018,0
14241,6.683099482590762,0
14242,2.0842631409496426,0
14243,3.4454848154782893,0
14244,4.142341218875694,0
14245,1.8957109108746009,0
14246,3.075977180770125,0
14247,1.5595215293335587,0
14248,9.255426916213288,1
14249,1.8374556699389564,0
14250,13.442481727964603,1
14251,2.9391731595596955,0
14252,1.3688503787608113,0
14253,1.4748350995429065,0
14254,1.4069168326817907,0
14255,1.653058565034175,0
14256,2.3229830835782477,0
14257,1.3601330803260283,0
14258,1.7924029137485868,0
14259,2.5490318637706015,0
14260,2.8237754743509793,0
14261,3.248063857267127,0
14262,1.5797929400382278,0
14263,4.3391042286096475,0
14264,5.48586976187954,0
14265,2.1865324119391603,0
14266,9.26324151392608,1
14267,2.0216232288271754,0
14268,3.0500330877038433,0
14269,4.161433999386356,0
14270,1.3451841755137088,0
14271,2.2367972850716016,0
14272,5.6250737700924285,0
14273,4.728257939060241,0
14274,6.667946500874151,0
14275,9.614397488522938,1
14276,0.7451470278472102,0
14277,3.4645495342389454,0
14278,6.3509491656294745,0
14279,1.4994030505151295,0
14280,4.970894061443795,0
14281,2.310448480256121,0
14282,0.8640055246367587,0
14283,8.675081374164431,1
14284,2.0873076595936984,0
14285,9.414808427969156,1
14286,3.2548511900914026,0
14287,3.8111685648582045,0
14288,2.7708548198552645,0
14289,3.4023050355304276,0
14290,0.7694086774065149,0
14291,3.2333206332015387,0
14292,3.6335122354981157,0
14293,0.5370876947124807,0
14294,2.8792148372334165,0
14295,2.9097628566387357,0
14296,17.57401100199291,1
14297,1.592219930448614,0
14298,2.1159489588834623,0
14299,4.583799059831707,0
14300,7.827198976453815,0
14301,2.2603405488522044,0
14302,8.101833268002533,0
14303,3.864326185620222,0
14304,2.3829436658864576,0
14305,3.608901071885567,0
14306,3.806098998327684,0
14307,7.654812439837983,0
14308,17.74750130997811,1
14309,1.4594922449161227,0
14310,1.5764583692984167,0
14311,0.9154214104797016,0
14312,1.2271763950236765,0
14313,0.866586262561204,0
14314,2.4464864624090565,0
14315,2.4168603215645765,0
14316,1.4705593196996405,0
14317,3.7900929730042496,0
14318,1.026885994591829,0
14319,7.177804027438159,0
14320,1.179317424499066,0
14321,1.3236680683345803,0
14322,5.903223712091994,0
14323,1.6417408640505442,0
14324,0.7158836868821564,0
14325,3.7311130026533688,0
14326,1.5930783773796853,0
14327,1.086488068960167,0
14328,3.5230484288218586,0
14329,1.7506126144564746,0
14330,2.9892800219579105,0
14331,4.439797587878076,0
14332,21.193379628437107,1
14333,3.561169571063582,0
14334,2.7734667349447295,0
14335,2.3205784768532425,0
14336,2.103538350529993,0
14337,6.28537934348338,0
14338,2.7997076951156026,0
14339,2.2354180309690923,0
14340,1.1636072083664346,0
14341,2.0220373887703342,0
14342,3.0838735831325708,0
14343,10.412657333208536,1
14344,2.4721558917825535,0
14345,2.4798418641804436,0
14346,4.5794028046188675,0
14347,1.8857656219300032,0
14348,1.149654113853965,0
14349,0.578378182190446,0
14350,0.5728366251165983,0
14351,5.7808003420944125,0
14352,2.0704398097195056,0
14353,2.650044528730992,0
14354,1.6338482209072354,0
14355,16.755272030790028,1
14356,2.660890901597683,0
14357,4.598525552436886,0
14358,2.84771233624836,0
14359,1.3809800269341168,0
14360,4.453115076891742,0
14361,5.831368822236574,0
14362,1.4448464622224388,0
14363,2.0807803699592733,0
14364,6.509947380363844,0
14365,1.904360846135931,0
14366,1.8238076193838246,0
14367,3.4885684970874697,0
14368,6.003396243198205,0
14369,2.916608622443746,0
14370,11.018399726659803,1
14371,6.5450683803456595,0
14372,1.8665383065292511,0
14373,1.717215488211359,0
14374,4.33595400310045,0
14375,3.086240495244084,0
14376,2.455000587586055,0
14377,3.8297130422622794,0
14378,4.204909452287229,0
14379,1.534170012545316,0
14380,1.6703788822600218,0
14381,6.689540764357398,0
14382,2.2771970355961892,0
14383,8.364652934273318,1
14384,9.692706155985238,1
14385,1.8912522170935493,0
14386,1.9330800957553447,0
14387,0.4428893850639371,0
14388,1.3010388434312605,0
14389,1.9772731698223251,0
14390,2.1081922914445195,0
14391,4.284310040849173,0
14392,3.6879442061174266,0
14393,1.7946658506473672,0
14394,2.745144752224678,0
14395,2.7258235512684363,0
14396,3.9691981734053257,0
14397,3.569414209529224,0
14398,5.416367544160054,0
14399,5.627099675142268,0
14400,1.5783973224066303,0
14401,4.722011706890115,0
14402,0.7398213225282775,0
14403,10.815116494982087,1
14404,2.9913854072587864,0
14405,5.89045256585749,0
14406,1.3367676113305953,0
14407,1.3131311924086282,0
14408,0.9189738965096629,0
14409,1.1066237848150613,0
14410,3.8722659850088097,0
14411,3.729237609841046,0
14412,2.5373012706241576,0
14413,0.591590174110341,0
14414,3.024946152487873,0
14415,1.1100342259799925,0
14416,2.3572425090963853,0
14417,3.2061669983972134,0
14418,3.9239196110284342,0
14419,6.530679988432528,0
14420,0.5904871783498346,0
14421,1.0276885581683761,0
14422,2.2143428944800645,0
14423,7.467405398613838,0
14424,4.860878059861064,0
14425,9.80132334014751,1
14426,2.8026941387709075,0
14427,0.4380282308947493,0
14428,2.126069049907004,0
14429,2.441636327432111,0
14430,1.5052873624963437,0
14431,1.2622870199405405,0
14432,4.132522147300758,0
14433,1.153952214122949,0
14434,1.581862151704985,0
14435,3.859985834004567,0
14436,0.9649923064985123,0
14437,1.0364847331423932,0
14438,2.243696474958569,0
14439,7.274728480035045,0
14440,4.283262047426707,0
14441,4.32707720442012,0
14442,0.7161027462987116,0
14443,1.227225663262562,0
14444,5.535827343462159,0
14445,1.7826692540836055,0
14446,5.167962093596197,0
14447,0.8192777047956833,0
14448,8.344066498639389,1
14449,1.8020656947097358,0
14450,2.891679526095073,0
14451,1.0920153772604069,0
14452,1.9316186406843836,0
14453,5.0078627958727635,0
14454,6.032299069857515,0
14455,0.9630298890110967,0
14456,3.1462673567278343,0
14457,2.145908049457154,0
14458,3.180755555889742,0
14459,2.008439603205445,0
14460,0.8058599551516892,0
14461,0.6816042501020434,0
14462,0.7545890069558711,0
14463,3.9858277683152448,0
14464,4.045608640723007,0
14465,2.84796473635415,0
14466,2.750238533862439,0
14467,5.669408956703618,0
14468,3.1413462556901064,0
14469,1.7919351059236992,0
14470,4.585256662015212,0
14471,2.480953621526824,0
14472,1.2891798017021425,0
14473,1.716329968221793,0
14474,3.16294807685356,0
14475,1.0557662958219283,0
14476,1.1842581105516277,0
14477,1.5175721407011802,0
14478,2.0852638016044414,0
14479,0.6979314117891796,0
14480,1.5850037648006512,0
14481,2.3681232026066934,0
14482,0.9060884279895723,0
14483,2.3403039450260894,0
14484,2.653309865085058,0
14485,2.1032767063200284,0
14486,1.7520475840278202,0
14487,1.9807697368867256,0
14488,3.381565628905362,0
14489,4.457574390052176,0
14490,1.4497590308737565,0
14491,1.3151508300561048,0
14492,5.081653978015358,0
14493,1.0974374774530153,0
14494,2.275579091127565,0
14495,3.2311610003238074,0
14496,0.9333884776044641,0
14497,2.4632949859029667,0
14498,10.870329654525927,1
14499,3.387965227048278,0
14500,7.641520372453056,0
14501,1.6683002582119646,0
14502,10.746721161579137,1
14503,1.0290746148564573,0
14504,1.1581363722684797,0
14505,3.2054092196409267,0
14506,0.6756616298994801,0
14507,5.836653873431687,0
14508,1.7120884271536345,0
14509,2.7253047809396156,0
14510,3.313347397185917,0
14511,39.281759223895456,1
14512,4.835078574727396,0
14513,33.301191096229815,1
14514,0.803920194888459,0
14515,6.225479920342397,0
14516,1.2118942060812519,0
14517,1.1711972323447675,0
14518,3.9094950333260488,0
14519,2.40083064479676,0
14520,5.001953664870987,0
14521,3.2743641099824825,0
14522,2.259682936217948,0
14523,1.9184602238360084,0
14524,18.83641044974205,1
14525,2.367709740637998,0
14526,2.8738752656872806,0
14527,4.573033803684367,0
14528,2.105190249283809,0
14529,7.846528290251301,0
14530,2.1717888521042945,0
14531,0.7164541172816166,0
14532,2.1877421653508557,0
14533,2.773573282906134,0
14534,4.7793557856484465,0
14535,1.5367877903535074,0
14536,2.9514415938135725,0
14537,1.0381742625789294,0
14538,1.7311388373982735,0
14539,2.7552675595438774,0
14540,2.1898227264599157,0
14541,3.6604160076187147,0
14542,3.375761540132623,0
14543,1.7288853112424685,0
14544,1.7346742807064985,0
14545,0.7517232518179845,0
14546,5.193101792635209,0
14547,3.0719820009385534,0
14548,6.684033589002724,0
14549,0.41746228992408546,0
14550,1.3864280713411925,0
14551,4.465137510826131,0
14552,1.4020628126622199,0
14553,31.590960828957634,1
14554,1.5470840194324245,0
14555,1.4509356869399253,0
14556,1.9603238292472396,0
14557,6.962580582420743,0
14558,1.2143144633489982,0
14559,1.363689135653066,0
14560,4.2621973912588675,0
14561,2.225138915893044,0
14562,4.6202340463552,0
14563,1.834412034053983,0
14564,11.050301027040472,1
14565,3.7084723667552324,0
14566,8.949903737528086,1
14567,3.17161231399399,0
14568,3.7183222349214176,0
14569,2.9681946508563004,0
14570,7.626972339743736,0
14571,3.473330092598322,0
14572,2.7545209287606984,0
14573,2.336892736317663,0
14574,1.7982498748135558,0
14575,5.64788697329591,0
14576,3.325306225722224,0
14577,2.2405247962851855,0
14578,0.9703521363631895,0
14579,1.0528307441853144,0
14580,1.2600129750081321,0
14581,2.8264611376726116,0
14582,5.551951050702361,0
14583,4.419957384577511,0
14584,3.0536610072806942,0
14585,0.29722303063697475,0
14586,4.09798562848073,0
14587,4.783342827724807,0
14588,14.780954812065643,1
14589,2.0348459633501697,0
14590,1.1175125625566418,0
14591,2.9593636051058017,0
14592,0.8043254373564708,0
14593,2.768967648408539,0
14594,3.0986021959605567,0
14595,4.722002568240555,0
14596,2.210740227134035,0
14597,1.2916065589682881,0
14598,2.7377003921910283,0
14599,1.6988317214639737,0
14600,1.8349243412370084,0
14601,4.249726628439273,0
14602,0.9595801585194287,0
14603,2.6634481514223367,0
14604,4.568800838260326,0
14605,0.6880974629897703,0
14606,4.153299918905002,0
14607,1.6449886324150875,0
14608,7.724447056084861,0
14609,0.6807603000573486,0
14610,3.3024860234620546,0
14611,1.7622692386437924,0
14612,0.8740735383294181,0
14613,1.6288486602882821,0
14614,6.044672969500029,0
14615,11.530081640873552,1
14616,0.49245385097245004,0
14617,8.825735191064192,1
14618,3.2277323728580507,0
14619,2.3587219066430176,0
14620,5.376654280255904,0
14621,7.971358875553542,0
14622,1.4268753893644899,0
14623,1.399801118945568,0
14624,2.4440550603989393,0
14625,3.6486680293187854,0
14626,0.8126753441330145,0
14627,4.053302716090753,0
14628,1.0678089991687911,0
14629,4.875826445388369,0
14630,1.9638022334589744,0
14631,7.388339181171849,0
14632,0.9600707316142504,0
14633,4.771791685961989,0
14634,2.1198291872721495,0
14635,1.4545176433682225,0
14636,3.6882398655102953,0
14637,5.030325669498205,0
14638,1.6946424597327556,0
14639,1.7879385517414208,0
14640,0.5505881676540164,0
14641,2.2175901810202125,0
14642,1.0345608584472723,0
14643,2.2246756751902392,0
14644,1.728780772732003,0
14645,1.862981126927354,0
14646,1.47033573130787,0
14647,0.883903719405643,0
14648,3.9092806004344425,0
14649,3.3755820582557683,0
14650,3.714597644560176,0
14651,1.899671880563011,0
14652,1.3845493128467725,0
14653,10.247991585101188,1
14654,1.1768185775151634,0
14655,2.9893334845319854,0
14656,0.5605551939980956,0
14657,0.9840205968448089,0
14658,0.9024699847930734,0
14659,0.8473943536689255,0
14660,0.38960429779053807,0
14661,1.319977769117266,0
14662,6.57086956599482,0
14663,1.4390887531347767,0
14664,0.4317406197970481,0
14665,1.3300450101475196,0
14666,7.214842900348973,0
14667,1.6845118966878119,0
14668,1.7094509565746563,0
14669,1.4907293962895125,0
14670,7.428445803350071,0
14671,0.2824985695959159,0
14672,2.53290619763074,0
14673,2.9490408475649206,0
14674,0.413150286746944,0
14675,2.487136569482518,0
14676,1.165961086192281,0
14677,1.7851399293925112,0
14678,1.8188530793610007,0
14679,2.080801934538314,0
14680,1.7939908594991076,0
14681,4.369346745410242,0
14682,2.6066516669602797,0
14683,3.214396809093232,0
14684,0.48164866970506437,0
14685,1.567075069724263,0
14686,1.1032905160904898,0
14687,1.4352406493871919,0
14688,10.366033325287738,1
14689,0.8645903681895777,0
14690,0.8051859649487323,0
14691,1.42318473818444,0
14692,4.428559495405462,0
14693,1.0618309990333885,0
14694,4.26296842345403,0
14695,3.228346360336771,0
14696,3.5539886906738327,0
14697,4.571550588397418,0
14698,5.184518291723447,0
14699,1.323951026847171,0
14700,5.6076479738442435,0
14701,9.228517797095789,1
14702,1.4585734183250696,0
14703,1.3460498833611347,0
14704,3.7042786184250924,0
14705,1.5009517274185404,0
14706,1.9212552361644322,0
14707,1.8703106386040917,0
14708,2.513274922263948,0
14709,11.581201288390924,1
14710,0.7361780803596195,0
14711,2.194312770097436,0
14712,9.369514337969324,1
14713,4.697359084090865,0
14714,0.8929602372080279,0
14715,1.461355206639905,0
14716,1.1605504233702861,0
14717,2.6661922936370845,0
14718,5.193936675931533,0
14719,7.005578359511666,0
14720,4.401842351615017,0
14721,11.781024116771617,1
14722,1.6891367143994627,0
14723,4.398904623015824,0
14724,1.2123768259090177,0
14725,1.155987353129812,0
14726,4.8984194634900735,0
14727,1.5726133133544626,0
14728,4.974738204232964,0
14729,2.7690316690061896,0
14730,0.9281485229795166,0
14731,1.2616891542889297,0
14732,4.142007341732492,0
14733,1.203472912251197,0
14734,0.5071071918005366,0
14735,8.31426844802331,1
14736,1.1549875744326905,0
14737,5.357460837711547,0
14738,22.79513313636609,1
14739,1.727521690884052,0
14740,2.9139053510369184,0
14741,2.7813180939616653,0
14742,2.507615826079204,0
14743,14.328864553333599,1
14744,1.9589393183970871,0
14745,2.4473742945208867,0
14746,2.5826742354291503,0
14747,0.6503388332165101,0
14748,2.4445888672591356,0
14749,5.747726333208178,0
14750,3.345406354478935,0
14751,3.936933259601103,0
14752,4.5084658821757735,0
14753,2.375081926483906,0
14754,1.849062725867684,0
14755,6.7547588353974,0
14756,2.6575544639007793,0
14757,1.9747168599704221,0
14758,20.175437715827048,1
14759,1.5159183071422278,0
14760,3.129760426913147,0
14761,1.5297903703616336,0
14762,1.8019192816127234,0
14763,5.149128620590309,0
14764,0.7762373050900498,0
14765,4.905941696154968,0
14766,0.559110303258488,0
14767,1.6430919823030692,0
14768,13.428296521539117,1
14769,1.6492167190575595,0
14770,3.314333690375196,0
14771,1.951702757304279,0
14772,0.7329090306188458,0
14773,7.179780974120712,0
14774,1.7845407602012446,0
14775,7.251280019074199,0
14776,2.4404416065975556,0
14777,1.5701094823917716,0
14778,3.3161858193847666,0
14779,1.9530313867866285,0
14780,3.1754031908360196,0
14781,0.9150973960355508,0
14782,1.3645653254047119,0
14783,3.7363782119630304,0
14784,5.839345147233114,0
14785,1.4085778121310024,0
14786,0.554803101463498,0
14787,14.089189008530925,1
14788,5.5358178430699985,0
14789,3.8664956655394627,0
14790,0.9342094917533946,0
14791,4.410987353201554,0
14792,1.9020413674531136,0
14793,6.191757157061203,0
14794,2.367368025851125,0
14795,2.020832250149047,0
14796,1.9727230903221065,0
14797,4.253460673925491,0
14798,3.3983612332991187,0
14799,2.7605952192222794,0
14800,2.3852992399456507,0
14801,3.2718353348619598,0
14802,2.7270646829211262,0
14803,1.3850611265254247,0
14804,2.5794926747387694,0
14805,1.4062426178940621,0
14806,9.024165319216372,1
14807,2.1441648464896956,0
14808,0.7326736988846403,0
14809,4.6084129594124255,0
14810,4.12424418382584,0
14811,3.763467989315581,0
14812,1.011365354995413,0
14813,3.3418376783243913,0
14814,1.0743347867256872,0
14815,3.303569085570349,0
14816,5.065695922246722,0
14817,1.5562548251929427,0
14818,2.1583163549773627,0
14819,5.674554612776147,0
14820,2.0943315609347706,0
14821,3.543638335643958,0
14822,1.806287326822676,0
14823,1.637764823122845,0
14824,1.7496789799035795,0
14825,1.44345508798238,0
14826,1.7481539115823224,0
14827,4.673738921343294,0
14828,2.7071515006338673,0
14829,0.8700107159755641,0
14830,3.8162366489990074,0
14831,2.9810670615092807,0
14832,3.353613228048919,0
14833,4.195646367295144,0
14834,3.996010325065154,0
14835,1.5044633817598927,0
14836,1.0743426028253635,0
14837,4.935783516069184,0
14838,0.7928144647499725,0
14839,2.2906797487324257,0
14840,4.067453079468452,0
14841,3.7977297122474982,0
14842,4.034810120587175,0
14843,0.31955944185940494,0
14844,10.946372915009356,1
14845,1.5967106448448398,0
14846,0.5587065672349859,0
14847,11.021153874313777,1
14848,1.1708396213753107,0
14849,1.6964560822255061,0
14850,2.484812427009482,0
14851,1.2501196862565827,0
14852,3.633390862821812,0
14853,2.596416950618951,0
14854,2.002091046219264,0
14855,4.630577246313042,0
14856,0.70370515590295,0
14857,6.615623204282966,0
14858,3.76836075062798,0
14859,3.1355891996923666,0
14860,4.308845141478297,0
14861,2.6696070543226424,0
14862,1.3172443036464772,0
14863,2.03786871668587,0
14864,0.2987654193731263,0
14865,0.6542469417433294,0
14866,4.1658831094753745,0
14867,3.3120194967926695,0
14868,1.4042376858432193,0
14869,0.8503948359959744,0
14870,10.923444141030036,1
14871,4.338807936588141,0
14872,1.2919877271724851,0
14873,2.303398599918721,0
14874,3.3959966740761205,0
14875,0.3017143402486164,0
14876,1.1221101939976996,0
14877,9.01448093986628,1
14878,0.8402972122008691,0
14879,1.2506361163107669,0
14880,4.461536478748242,0
14881,3.8946716133793746,0
14882,6.136722438322149,0
14883,2.2642240625107974,0
14884,1.8983996466642359,0
14885,1.7092042952254995,0
14886,2.3270937777277125,0
14887,3.6351849810679613,0
14888,2.849669504610509,0
14889,1.4665993543485747,0
14890,2.9631055922644474,0
14891,4.00788354102283,0
14892,1.9042340679678773,0
14893,1.4769996847998572,0
14894,1.007769123288641,0
14895,2.3050007899019676,0
14896,0.5233167962716702,0
14897,2.7396322435425895,0
14898,0.482544546506568,0
14899,3.784767060289396,0
14900,2.8293679682521793,0
14901,0.6135605538116977,0
14902,3.0210722026457453,0
14903,3.2801931320846944,0
14904,2.491273120232907,0
14905,5.4989891823794945,0
14906,0.8948368585669193,0
14907,2.0445429423177695,0
14908,3.12772569976552,0
14909,0.697696856138884,0
14910,1.682569512199208,0
14911,7.459853699696791,0
14912,4.975608353860057,0
14913,6.455620109297149,0
14914,1.8371190706213087,0
14915,10.455873921853646,1
14916,3.2377531587284563,0
14917,0.4549722191326503,0
14918,1.6794442752301864,0
14919,10.859705951226744,1
14920,2.1327079753568916,0
14921,1.6981404901636297,0
14922,1.6693533850996807,0
14923,1.5870282023728686,0
14924,3.150580260598026,0
14925,2.0462006575995257,0
14926,6.2769228530018335,0
14927,2.4245949592897267,0
14928,6.650549631522946,0
14929,0.7407755773643181,0
14930,3.3995930893570527,0
14931,0.8459740167697888,0
14932,1.8605670343721397,0
14933,2.908829896552453,0
14934,1.4511652380691935,0
14935,3.7736987839578986,0
14936,0.9804980307598815,0
14937,2.232951053693964,0
14938,2.359380196989314,0
14939,3.5461148386505,0
14940,0.8706874458937569,0
14941,2.3420482710106723,0
14942,1.3254941003082807,0
14943,1.3150733510119035,0
14944,2.9337616253605456,0
14945,1.965124939574194,0
14946,0.9945255619807347,0
14947,0.9255841290702181,0
14948,6.197771094286192,0
14949,1.1014395991844699,0
14950,2.450533978728105,0
14951,3.8457240826369588,0
14952,0.9306801855632713,0
14953,1.0732530625186938,0
14954,2.336388596234877,0
14955,0.6897933851043725,0
14956,0.27962843681049615,0
14957,0.9227628412853142,0
14958,2.757531981198032,0
14959,0.6048528583307499,0
14960,1.8959777082790759,0
14961,3.6442116823187063,0
14962,1.3282806086965067,0
14963,1.24039809065133,0
14964,1.0963330781964336,0
14965,1.711071226552993,0
14966,1.0028157830333368,0
14967,0.592316963476964,0
14968,3.44238183877628,0
14969,1.1114790260012768,0
14970,3.816412589725435,0
14971,2.290118121548401,0
14972,5.580925809425275,0
14973,4.471136147455659,0
14974,4.01574406769957,0
14975,2.1439991900749757,0
14976,2.07423646438826,0
14977,1.6638769005863723,0
14978,1.9642622578210616,0
14979,2.1794788422660973,0
14980,2.256085568592838,0
14981,0.7471484089070815,0
14982,3.6053444011824527,0
14983,4.1773168441373265,0
14984,2.385218896752492,0
14985,1.6282922692806872,0
14986,1.477242268856972,0
14987,6.145808975157838,0
14988,2.450266897689619,0
14989,1.1302727416279468,0
14990,13.87561208849089,1
14991,2.550596495267858,0
14992,3.0920093933441897,0
14993,12.775525210114422,1
14994,3.9129737219558143,0
14995,1.8869730110693737,0
14996,1.6116862169883086,0
14997,3.053312428389836,0
14998,1.055776381969939,0
14999,0.7065379383312994,0
15000,2.8210006364713975,0
15001,1.8752749132434012,0
15002,0.8624065421213963,0
15003,1.3516596746383,0
15004,1.8511853722495208,0
15005,2.01319079254938,0
15006,0.6410036653610625,0
15007,8.444254886542312,1
15008,2.7331341526238413,0
15009,1.9913252267882384,0
15010,4.090281242356002,0
15011,2.06098232595519,0
15012,2.4082089349096187,0
15013,3.0764243213607747,0
15014,4.992554972496777,0
15015,1.45807794825965,0
15016,2.6716383965880173,0
15017,1.8529519085810666,0
15018,3.5924510748630705,0
15019,1.5110527887565461,0
15020,2.981050107409851,0
15021,1.3532472995885276,0
15022,0.5519918882365279,0
15023,1.475443137703504,0
15024,1.4590585511573977,0
15025,1.437315864719341,0
15026,4.171654657506831,0
15027,2.276119260132833,0
15028,5.886548152671598,0
15029,2.149754594830462,0
15030,11.147120575317887,1
15031,1.2302485682157462,0
15032,3.359743233315224,0
15033,3.3162558455055753,0
15034,3.04007875401178,0
15035,0.41149510066212636,0
15036,1.9189738041289468,0
15037,4.96530683476876,0
15038,1.2861119176482678,0
15039,3.237199795460045,0
15040,6.558755148822412,0
15041,1.2093155636087738,0
15042,3.9049776359417097,0
15043,4.434844251647145,0
15044,3.187756798292829,0
15045,1.4339456792197263,0
15046,1.1214404603735255,0
15047,0.6048107731644661,0
15048,5.574187016299806,0
15049,3.5045380427064883,0
15050,2.472918387364333,0
15051,3.950538542456867,0
15052,14.738830657638195,1
15053,0.5063874857393995,0
15054,2.7848760036486073,0
15055,3.410092962774842,0
15056,3.0066172536221227,0
15057,0.6209488695091462,0
15058,6.8850186532643205,0
15059,1.456568004393184,0
15060,3.764142407610721,0
15061,0.5987908667864567,0
15062,2.5230606710482726,0
15063,2.2520120142646154,0
15064,9.698350288886006,1
15065,10.688371905339578,1
15066,4.281813114382777,0
15067,2.1357380040466523,0
15068,20.45905410461285,1
15069,3.8906523479130684,0
15070,0.7104051029963602,0
15071,3.7740114672916465,0
15072,3.586927131366394,0
15073,2.0551588652046475,0
15074,0.9290598871617511,0
15075,3.170439693913942,0
15076,3.0627815970145917,0
15077,5.14455849616038,0
15078,6.406563282833198,0
15079,0.7253571498434107,0
15080,26.995693945619525,1
15081,2.4917736674780846,0
15082,1.7051145665047158,0
15083,4.215416998103773,0
15084,3.49112766713185,0
15085,3.070554278867205,0
15086,6.392104975674324,0
15087,0.849439901407429,0
15088,3.132751802890548,0
15089,2.271518326944971,0
15090,0.5342564148661096,0
15091,2.954402300481895,0
15092,6.053652546109441,0
15093,3.443388970462561,0
15094,6.091663023877365,0
15095,2.828330896353022,0
15096,0.8518520084036874,0
15097,4.1837183661298525,0
15098,0.41642855166629666,0
15099,2.1582764988184673,0
15100,3.7712257689495954,0
15101,1.405643574859096,0
15102,2.527307526890305,0
15103,3.809048575985469,0
15104,19.506871550142908,1
15105,4.3305301770515765,0
15106,1.5774353545285165,0
15107,3.515596048187373,0
15108,2.545017747207129,0
15109,5.987367562845289,0
15110,2.7258668794484606,0
15111,1.9865820852596416,0
15112,1.2803743711313305,0
15113,1.974308226045657,0
15114,0.9006138334631305,0
15115,1.0456015625769637,0
15116,2.6535640357348016,0
15117,3.582248853322754,0
15118,5.196691396342158,0
15119,3.017298202944638,0
15120,6.516202098966711,0
15121,0.7117280958458742,0
15122,1.1062690145267562,0
15123,0.7676339933169533,0
15124,3.349737921644565,0
15125,10.069806012580601,1
15126,7.065990501593619,0
15127,1.585298554352296,0
15128,2.327113525937845,0
15129,15.290494216136644,1
15130,1.5544916510448799,0
15131,2.802723637679093,0
15132,6.9588261820686625,0
15133,13.13792465673872,1
15134,1.0158293478424965,0
15135,4.630439077796916,0
15136,4.953710219156831,0
15137,4.177412046448228,0
15138,3.6777156726578566,0
15139,7.425595732285047,0
15140,6.1924774209988795,0
15141,6.893207930887254,0
15142,1.1055375104198761,0
15143,3.8791719101718654,0
15144,1.2647724477406903,0
15145,2.0100209035670265,0
15146,2.73366324214019,0
15147,4.10111726077576,0
15148,0.8877232898591918,0
15149,4.034491317475055,0
15150,3.130422764112394,0
15151,3.871911474420493,0
15152,1.3868780607650855,0
15153,3.914773658641641,0
15154,4.0304120592599535,0
15155,4.636510769831541,0
15156,0.7101916646099953,0
15157,0.8324102891251278,0
15158,2.320858270635534,0
15159,2.876578685466797,0
15160,2.1680084989224557,0
15161,0.42958592293889003,0
15162,5.013398065812755,0
15163,2.629676637803498,0
15164,0.7986415795673205,0
15165,3.534370226499876,0
15166,2.540146549362709,0
15167,1.0013063993072293,0
15168,0.8833708612855353,0
15169,1.5823327921631716,0
15170,5.255877736615181,0
15171,1.4031492687231621,0
15172,1.2056559596531329,0
15173,2.3643045735145947,0
15174,0.5160277396128142,0
15175,2.398896892296924,0
15176,0.7594225824471562,0
15177,1.3354428751240617,0
15178,2.6260556954229157,0
15179,3.428295239605009,0
15180,1.39859789760271,0
15181,1.1508663739385563,0
15182,0.6224638153393296,0
15183,1.1705135890704907,0
15184,1.2044493543110544,0
15185,2.1023172278267763,0
15186,2.798472557482895,0
15187,3.8121338286743183,0
15188,4.1663803585887695,0
15189,2.35313636602397,0
15190,2.819225419379728,0
15191,2.0040982134416794,0
15192,1.4206259528723342,0
15193,2.3881191713516325,0
15194,4.410137504836902,0
15195,0.4977743687735916,0
15196,1.3350952471425153,0
15197,2.7503137940262388,0
15198,1.9622595460577037,0
15199,3.8923178601793986,0
15200,3.190398282255501,0
15201,2.6010405565363093,0
15202,9.976314935916571,1
15203,0.3348841164162671,0
15204,2.7869365909166577,0
15205,2.308274909226668,0
15206,5.071091497021855,0
15207,2.4727629994894706,0
15208,3.2876665388433284,0
15209,3.7714798911693106,0
15210,1.277257949028135,0
15211,1.768565943584554,0
15212,0.46107943440527727,0
15213,3.978239218035797,0
15214,2.343525824600626,0
15215,1.94389354874073,0
15216,2.3351661229794076,0
15217,1.2569376172809106,0
15218,3.882657423044104,0
15219,5.516015075404695,0
15220,1.9539584622091926,0
15221,2.035763401366379,0
15222,1.4595227608026216,0
15223,5.552964806109643,0
15224,0.8283737620072563,0
15225,4.055010902395684,0
15226,7.731955526382008,0
15227,2.122212790626025,0
15228,3.160590155239356,0
15229,2.7400034022647524,0
15230,1.8640571892876143,0
15231,2.446373815460508,0
15232,1.08847746125721,0
15233,3.6189103587885145,0
15234,3.3144472106583316,0
15235,1.1249806485676757,0
15236,2.161407587858326,0
15237,2.215352106479832,0
15238,2.1031885637737617,0
15239,3.291733345686533,0
15240,0.4383065692667853,0
15241,1.0960877188747555,0
15242,0.8668570220495919,0
15243,1.6696754292512022,0
15244,3.0183118830273314,0
15245,1.0053038155565035,0
15246,2.161146315652593,0
15247,1.861445998569543,0
15248,3.980203036447464,0
15249,4.728005330168455,0
15250,1.6455531525349743,0
15251,2.644137726906007,0
15252,0.6463072539791241,0
15253,2.664058345923652,0
15254,2.1939629531988336,0
15255,2.303120676468674,0
15256,6.030536842166565,0
15257,2.112546411086923,0
15258,0.3234342752147111,0
15259,1.14627145726813,0
15260,2.9022697822394363,0
15261,4.067939738497649,0
15262,2.247055964263006,0
15263,1.078743367997622,0
15264,2.0964519911159933,0
15265,5.232523022018486,0
15266,2.426685435659129,0
15267,1.7654556321742005,0
15268,1.444780612237938,0
15269,2.374582291512105,0
15270,0.5202906738797585,0
15271,3.620838023726075,0
15272,4.801972198642601,0
15273,1.971514674012804,0
15274,1.954771284133291,0
15275,1.6024247347313563,0
15276,1.2988311103750982,0
15277,1.5344032362552025,0
15278,1.912815005358054,0
15279,2.091460182301783,0
15280,1.2300200380457513,0
15281,3.098718505439353,0
15282,1.561596275424452,0
15283,2.663484994432118,0
15284,6.057181583855386,0
15285,0.6225616045063035,0
15286,3.8054705438952694,0
15287,4.61107055640635,0
15288,3.5800177138205185,0
15289,3.161170180464788,0
15290,1.4414791950945363,0
15291,0.7367045312943309,0
15292,0.6950054311149817,0
15293,2.0922619853503117,0
15294,1.7435671631995406,0
15295,3.845290780005312,0
15296,4.41025371869815,0
15297,2.66861322933359,0
15298,3.2070548075716103,0
15299,1.825232932038787,0
15300,4.394649568922936,0
15301,2.273390031553113,0
15302,0.4779587335264651,0
15303,1.7673122578882905,0
15304,2.363363987187088,0
15305,2.8792758309912645,0
15306,4.406171384882266,0
15307,4.29431069043915,0
15308,2.488393703737434,0
15309,4.642925508325676,0
15310,3.283167843988908,0
15311,2.46449590166945,0
15312,3.217848162668566,0
15313,1.0093731248365914,0
15314,1.3997204650503197,0
15315,10.694253199146905,1
15316,6.287539746790823,0
15317,1.5063135704568984,0
15318,1.1791432202966408,0
15319,5.280129715320873,0
15320,0.7666897683188945,0
15321,6.000889830228655,0
15322,1.2759650262989866,0
15323,3.431010592513814,0
15324,2.014595534024073,0
15325,1.4948706706416781,0
15326,8.087509046581028,0
15327,1.5357886689347926,0
15328,1.2781857244085573,0
15329,1.456561874627428,0
15330,4.524005993096891,0
15331,2.419944693723545,0
15332,3.6101251170312305,0
15333,1.1740554847673896,0
15334,2.1821249373597484,0
15335,3.950318300458747,0
15336,0.6496681330819928,0
15337,10.447423254986724,1
15338,4.780693023607529,0
15339,2.461576826436803,0
15340,3.501718073701736,0
15341,1.6078280087755368,0
15342,3.7588242772376224,0
15343,2.330498603600525,0
15344,3.3605321534275285,0
15345,6.318120414209376,0
15346,0.9205090215470837,0
15347,1.5296329689404817,0
15348,2.0414590977456926,0
15349,5.571873844442549,0
15350,4.072661649283485,0
15351,4.321026932060703,0
15352,0.4550697287568552,0
15353,10.971246528834984,1
15354,2.1304932681548148,0
15355,7.384177154832672,0
15356,14.45504283831895,1
15357,2.8412270416830627,0
15358,2.012823411737023,0
15359,1.7573825902950375,0
15360,2.05420744007724,0
15361,10.837745348903468,1
15362,2.2099603299239874,0
15363,1.6470676489481035,0
15364,2.5094736547497054,0
15365,3.707894133711335,0
15366,1.2173098404735285,0
15367,4.448377046161423,0
15368,4.572737142866165,0
15369,3.64736116530555,0
15370,7.606943590854365,0
15371,5.003568582065634,0
15372,5.1358243717053265,0
15373,1.1937780670920233,0
15374,3.0980492950487206,0
15375,4.196970001887902,0
15376,1.4921908747470813,0
15377,1.042402494352266,0
15378,2.003023067484613,0
15379,3.454780696336828,0
15380,1.6273174271937698,0
15381,1.1465052001853566,0
15382,8.58982133329059,1
15383,3.2070597922241637,0
15384,1.2147903228334238,0
15385,3.0261762326738375,0
15386,0.9105256841372255,0
15387,3.195216250455446,0
15388,2.0746269465626246,0
15389,2.837274046960748,0
15390,1.8022779784794818,0
15391,2.0788976839911335,0
15392,1.2928923151986806,0
15393,2.5956437669373273,0
15394,3.5701742277584687,0
15395,2.4386689713616163,0
15396,1.3920862841370563,0
15397,3.4364344269561253,0
15398,1.4912103484978647,0
15399,0.7254706679097074,0
15400,3.539353925833122,0
15401,2.8917048717270926,0
15402,3.5949203798889595,0
15403,1.9947691204577902,0
15404,2.550867366706218,0
15405,2.5313692032164967,0
15406,3.0034110934952194,0
15407,3.1553668367121386,0
15408,3.7214850870381917,0
15409,3.7336183569209513,0
15410,0.9057022701383323,0
15411,2.2850819022077067,0
15412,18.839996615549758,1
15413,1.497694096576307,0
15414,1.896685563073058,0
15415,4.098794225809094,0
15416,8.128095579996144,0
15417,9.407831657764534,1
15418,1.4930374675294864,0
15419,2.669010123494154,0
15420,3.545663650454951,0
15421,4.440127659932403,0
15422,5.532701347635834,0
15423,1.1619327170706166,0
15424,9.557361541422981,1
15425,2.749349233712556,0
15426,2.6880043356229875,0
15427,3.685363115552318,0
15428,1.125541545230621,0
15429,3.306728796697649,0
15430,1.9427225753253876,0
15431,2.044298995155457,0
15432,0.5180885644060509,0
15433,2.393469739476731,0
15434,5.573588445172545,0
15435,0.9820046600022043,0
15436,4.102560132789933,0
15437,1.6200079908145153,0
15438,0.9363346446484098,0
15439,4.131849953768571,0
15440,5.376350272387927,0
15441,2.1062065881080736,0
15442,2.474325416778932,0
15443,3.7154066575714344,0
15444,2.251917976687392,0
15445,3.0235981063150037,0
15446,1.5357810911978151,0
15447,1.6526116209006714,0
15448,0.6985124480908725,0
15449,4.600078352894248,0
15450,4.474306546312267,0
15451,4.835962770680745,0
15452,2.6608238003409173,0
15453,2.9852459879565023,0
15454,3.0218384990243674,0
15455,1.1851943355502503,0
15456,10.676802302246916,1
15457,1.259122762530957,0
15458,0.6445434458292844,0
15459,2.3231390309803133,0
15460,1.611136546240652,0
15461,3.6899005533483518,0
15462,0.8647945892663151,0
15463,3.7840895729210646,0
15464,3.524966118504196,0
15465,8.56516842055832,1
15466,2.8969003695121396,0
15467,2.0310735890399223,0
15468,0.6518174058110003,0
15469,3.9397810156176125,0
15470,2.751139377223086,0
15471,1.4121755983651612,0
15472,10.311483954303275,1
15473,2.2343737037870963,0
15474,1.6387358874671074,0
15475,5.670214331858059,0
15476,4.310077905594758,0
15477,3.9234627480450146,0
15478,5.735673116659949,0
15479,1.6060257415337944,0
15480,3.942021300022347,0
15481,2.3988802115809973,0
15482,2.4229444546237313,0
15483,2.161565326898059,0
15484,0.6408014973857252,0
15485,1.7572375973993284,0
15486,3.9047123937691555,0
15487,0.5267292868568986,0
15488,1.5214039567352635,0
15489,6.071279844613324,0
15490,4.04476804990317,0
15491,1.7635711249263457,0
15492,1.808928889142162,0
15493,3.234890928328096,0
15494,0.5315261243702103,0
15495,2.1943133707938074,0
15496,2.8905206572917828,0
15497,2.4601121748045967,0
15498,3.6220647581504752,0
15499,2.047897079014148,0
15500,3.0970408970665484,0
15501,4.616984081375542,0
15502,3.2114553110309996,0
15503,3.354549540422854,0
15504,1.6258106068670701,0
15505,3.3973274696677835,0
15506,2.4852882994412004,0
15507,2.1015323912405726,0
15508,1.1027850551021312,0
15509,2.2006361810183632,0
15510,1.983378384940355,0
15511,0.966293987162248,0
15512,1.4424727592340265,0
15513,2.1666372920709285,0
15514,9.49692937325871,1
15515,1.3283214178953364,0
15516,0.5474675159143398,0
15517,4.8528877484552,0
15518,2.6495629844737376,0
15519,3.5944392883002876,0
15520,8.753656077656567,1
15521,5.258151869113096,0
15522,2.3964303437901764,0
15523,2.915961550984687,0
15524,4.2429849746516854,0
15525,2.4175135831099626,0
15526,3.4401292570795774,0
15527,2.126379100790275,0
15528,4.006535075292718,0
15529,4.158691762963921,0
15530,2.4918665201136436,0
15531,4.308123285368167,0
15532,0.6392620044272569,0
15533,1.1150019045625768,0
15534,2.2162240770199526,0
15535,2.346924000772596,0
15536,1.6624250434576446,0
15537,5.004685488434453,0
15538,2.239878152923718,0
15539,2.3188684428015076,0
15540,8.985000249588587,1
15541,0.7752869713955733,0
15542,3.2277794577764003,0
15543,0.4450546054460864,0
15544,3.4183870491904504,0
15545,4.499846063167267,0
15546,1.42876551890632,0
15547,0.6668058898539346,0
15548,2.5510373554552968,0
15549,5.574566332420308,0
15550,1.579827775711455,0
15551,1.7438028243072752,0
15552,4.773589871934375,0
15553,3.0616683080240668,0
15554,7.629542057857732,0
15555,3.6828733459415233,0
15556,4.787086814544131,0
15557,2.2983935977231935,0
15558,5.563439525911817,0
15559,2.6120242090890415,0
15560,1.9275509828265838,0
15561,5.187883258394003,0
15562,2.592529351842169,0
15563,1.3175419048737824,0
15564,2.6372080491785326,0
15565,3.6577026064869442,0
15566,1.3861621688566308,0
15567,5.275827693972242,0
15568,2.741687767797679,0
15569,5.759599633664367,0
15570,2.8364701958026766,0
15571,2.8239072873489866,0
15572,1.0787562583267618,0
15573,7.16799075507856,0
15574,0.9825890524430136,0
15575,8.325887852017116,1
15576,1.6082636284192697,0
15577,0.8681255875183239,0
15578,4.4707899787974545,0
15579,5.927492742841864,0
15580,4.0442497811422955,0
15581,2.408076138964114,0
15582,4.508928364565916,0
15583,3.2665421276110473,0
15584,2.155627885869194,0
15585,4.520689011750542,0
15586,7.747888632274392,0
15587,3.867038453639515,0
15588,1.703941467620741,0
15589,11.705798751716799,1
15590,2.0750633832028855,0
15591,4.921231242494829,0
15592,0.996786221870549,0
15593,10.208684568320837,1
15594,3.7937137412761777,0
15595,2.987841444268288,0
15596,1.2783480444494009,0
15597,2.2126289024269457,0
15598,1.2527593673270496,0
15599,4.938557298230706,0
15600,1.3104537367773157,0
15601,1.3169537550014405,0
15602,4.651293157607156,0
15603,4.4778034382384355,0
15604,1.2667953227552533,0
15605,2.738018778064472,0
15606,0.8824675632714178,0
15607,3.235964796454783,0
15608,0.9101576505084178,0
15609,1.399157344187629,0
15610,1.7813278843901765,0
15611,4.95690016509375,0
15612,1.1628851684959332,0
15613,1.2114146925169738,0
15614,4.233251465625192,0
15615,4.373585031880036,0
15616,3.625853571472163,0
15617,0.3981428266394527,0
15618,3.2329717131186393,0
15619,4.383466651854019,0
15620,1.8132927665165617,0
15621,1.4451001302231155,0
15622,2.1868320440978315,0
15623,2.3225418749915687,0
15624,2.2271572533690773,0
15625,3.5675003733121162,0
15626,3.07898970664079,0
15627,1.6259364709814697,0
15628,4.629092029072087,0
15629,3.0874930701254013,0
15630,1.2225334732002213,0
15631,1.9178822420071953,0
15632,3.4507104683618,0
15633,0.9865579695705686,0
15634,2.5846707700093305,0
15635,7.487856870466819,0
15636,0.9099837733745326,0
15637,2.1744833905236747,0
15638,5.659913549586264,0
15639,5.385969553562242,0
15640,1.9050204836495204,0
15641,11.15737278598961,1
15642,4.43986686044018,0
15643,2.2697660577234258,0
15644,6.934465282472627,0
15645,1.240547342094304,0
15646,5.204397561791974,0
15647,1.7254021270177435,0
15648,1.673737210078689,0
15649,1.4848414598483892,0
15650,7.175927133690958,0
15651,3.4416576534533325,0
15652,3.1966210187312765,0
15653,1.4896372113900507,0
15654,2.6024593310613846,0
15655,2.467155757326799,0
15656,3.8576825746598407,0
15657,8.587783402872143,1
15658,7.867391648101191,0
15659,2.2317062110114545,0
15660,1.8663269538800853,0
15661,1.0715943448261878,0
15662,1.7235041660591877,0
15663,2.62390152311237,0
15664,2.7371347097949994,0
15665,3.0143003900104985,0
15666,4.234947245318069,0
15667,3.425343850851499,0
15668,7.3639180402038695,0
15669,0.6119929380449967,0
15670,7.4723898177574375,0
15671,6.2114577691539505,0
15672,1.4305287456650515,0
15673,10.998052435064272,1
15674,6.5643264042131495,0
15675,6.371592153989541,0
15676,0.7779497467594104,0
15677,2.050187249534093,0
15678,3.9737299106980326,0
15679,2.4882684831695565,0
15680,11.368374985929226,1
15681,4.347065975556367,0
15682,12.5831035526892,1
15683,2.3993559624373417,0
15684,2.279101921052264,0
15685,0.6249897167030125,0
15686,9.98076558621885,1
15687,1.663950341304172,0
15688,7.183849537139818,0
15689,0.715947463832442,0
15690,1.090068271466324,0
15691,0.5496753952651477,0
15692,1.8031198162240585,0
15693,8.069916412250842,0
15694,2.0138393332902296,0
15695,1.19228610273009,0
15696,1.8166425210767332,0
15697,1.6134798972866553,0
15698,7.925691976069808,0
15699,3.7898296300490197,0
15700,8.784352431290245,1
15701,1.2964643598056667,0
15702,2.919251846711209,0
15703,0.5326260074424846,0
15704,8.704006450459827,1
15705,1.0900298048115216,0
15706,1.2417551101944142,0
15707,5.8503993228703495,0
15708,2.4374273808888365,0
15709,1.4638609132274527,0
15710,1.6807758998623996,0
15711,2.0075528958314584,0
15712,0.8633531899274983,0
15713,2.604787682049888,0
15714,3.2704147622392776,0
15715,16.019470226039818,1
15716,1.271948286905521,0
15717,2.674637995527999,0
15718,2.5472457169679044,0
15719,2.8057902363550125,0
15720,2.3275485510491554,0
15721,1.9864612057266517,0
15722,4.486731211349508,0
15723,13.081811036903643,1
15724,3.495863925067611,0
15725,0.6216009067331842,0
15726,2.534973517862007,0
15727,3.5601525195608317,0
15728,1.4034875008877339,0
15729,0.8472498384934828,0
15730,0.9688918983024816,0
15731,4.5878031407774404,0
15732,3.1019855410115484,0
15733,0.5615085371290209,0
15734,0.9615192555147352,0
15735,2.163745137166841,0
15736,2.4431617381763626,0
15737,4.350907175417453,0
15738,1.3117860015268432,0
15739,1.4261660485632353,0
15740,4.597866947801406,0
15741,6.897628991272358,0
15742,3.0505813424967982,0
15743,2.4449206525085105,0
15744,3.4641837745310426,0
15745,1.4805676027550008,0
15746,2.5031939975637925,0
15747,2.789156036867974,0
15748,2.4455857976915607,0
15749,2.09585935222466,0
15750,2.9512485396830357,0
15751,1.3749840820310923,0
15752,5.563977636310457,0
15753,4.3614787012220395,0
15754,3.8231123727970933,0
15755,1.2999594312525793,0
15756,2.9920931006266747,0
15757,7.623660325457496,0
15758,3.3980524356609383,0
15759,3.589289937341696,0
15760,3.5190910343577806,0
15761,4.268921562761401,0
15762,4.239196142749836,0
15763,2.3469300095931396,0
15764,1.19191543751549,0
15765,3.599442910261597,0
15766,3.4094540480065048,0
15767,1.4370711152742708,0
15768,0.93593677771313,0
15769,0.5655351179060297,0
15770,0.3621602474801711,0
15771,2.6241167859471073,0
15772,3.159014074067646,0
15773,3.553193334632493,0
15774,2.0986139005785973,0
15775,1.8848256835110921,0
15776,3.8075785165709903,0
15777,1.9711997654013642,0
15778,1.9074858451387031,0
15779,2.4784194063052842,0
15780,1.145983282311018,0
15781,3.153720821113023,0
15782,1.0017905950178612,0
15783,1.5133319403955858,0
15784,3.368371048631258,0
15785,2.0470123820058936,0
15786,2.823257838242429,0
15787,1.2475497957223973,0
15788,1.1130793572217856,0
15789,3.2117263476061146,0
15790,0.9049299129502216,0
15791,0.9422937794827106,0
15792,1.013030773506461,0
15793,0.7351898288713403,0
15794,1.111234912205227,0
15795,2.6325613558162706,0
15796,2.0473764171211357,0
15797,1.6509815889689559,0
15798,1.5983920543506647,0
15799,1.0605626782547815,0
15800,1.7781232267071727,0
15801,2.5840164528730813,0
15802,3.293780931232483,0
15803,1.0979270351956676,0
15804,2.6485096890723816,0
15805,2.1425198501594123,0
15806,0.8103464397068937,0
15807,2.585856388816148,0
15808,3.330765742274836,0
15809,1.9875720667297847,0
15810,2.795127217199342,0
15811,0.8938033133231873,0
15812,2.9292988133782196,0
15813,1.9294171574375132,0
15814,3.065697644904224,0
15815,0.27224364070233686,0
15816,0.9805482320812257,0
15817,1.8194790163691015,0
15818,2.179803877435068,0
15819,1.8920424053698819,0
15820,1.5148658688229861,0
15821,0.46857003859650115,0
15822,1.7873693828912776,0
15823,3.9550705751597315,0
15824,3.739962419810745,0
15825,0.5639130274131073,0
15826,2.2733978087715703,0
15827,0.7113824259200051,0
15828,2.8122857503220904,0
15829,2.1833611944355327,0
15830,2.006022324271094,0
15831,3.1005209847457413,0
15832,0.6817393085789868,0
15833,5.405090941074954,0
15834,3.2371183518707136,0
15835,2.66204359523875,0
15836,0.7047805516456973,0
15837,7.078690174540039,0
15838,2.995931160702507,0
15839,3.513056855593549,0
15840,1.965117627955667,0
15841,7.618537210218076,0
15842,7.647927689606074,0
15843,2.0967439020735985,0
15844,1.8359169380026876,0
15845,2.9575663494194298,0
15846,2.060572550376814,0
15847,3.506979816992181,0
15848,0.8461996255268579,0
15849,3.964893280629578,0
15850,1.5852298798728286,0
15851,2.3711160648436485,0
15852,2.2922493216137454,0
15853,4.91642661867708,0
15854,1.117407533013283,0
15855,3.0819565653304575,0
15856,2.687645718160539,0
15857,2.390043598466307,0
15858,1.4877901321890838,0
15859,4.180212371560798,0
15860,3.569415450610823,0
15861,1.5587843505221615,0
15862,3.500459102318774,0
15863,3.4016654678075855,0
15864,1.422259243755486,0
15865,3.819138481977542,0
15866,2.5496392119826137,0
15867,3.637790632622483,0
15868,2.882133342619867,0
15869,5.31653354304943,0
15870,8.141465777283576,0
15871,1.1913344589784876,0
15872,1.1329918190830055,0
15873,1.3613507557960929,0
15874,0.6132551527754279,0
15875,2.4127376308234765,0
15876,0.6491820876901646,0
15877,1.166392245067617,0
15878,1.2244962481499722,0
15879,1.5560057987088836,0
15880,1.6874647206479796,0
15881,0.7007865918268918,0
15882,0.5356910846136593,0
15883,1.4185380883721437,0
15884,0.9975324453710871,0
15885,2.6600217220906233,0
15886,2.9052213230432247,0
15887,2.0573481516119303,0
15888,4.342902516942965,0
15889,2.155911718552856,0
15890,2.6238597520072955,0
15891,0.7713441761182681,0
15892,2.299280304605849,0
15893,3.66537979081282,0
15894,2.5303818456296776,0
15895,3.684136544588184,0
15896,0.4386755987456244,0
15897,4.799866886688137,0
15898,7.460731205243209,0
15899,3.232966112916196,0
15900,0.8724814113254189,0
15901,2.084375893825716,0
15902,10.080383758394472,1
15903,2.1256576351547007,0
15904,10.69382467772955,1
15905,2.6336089535395493,0
15906,1.3280011172437016,0
15907,6.4939492322105785,0
15908,0.8296752953630159,0
15909,3.601647463346251,0
15910,1.7199553403824828,0
15911,2.3537049022569314,0
15912,2.1234565364925477,0
15913,2.0541586112638948,0
15914,0.3697798088587894,0
15915,4.137600402820555,0
15916,2.236605439982016,0
15917,2.4627277507464567,0
15918,2.1336571060759564,0
15919,1.3031449389034802,0
15920,1.4906332598566343,0
15921,1.2575180936967771,0
15922,3.4464449247925457,0
15923,4.099824847299843,0
15924,2.7830712756942213,0
15925,0.7697235216076136,0
15926,3.1709942227498686,0
15927,2.7107049851119145,0
15928,9.072333140529855,1
15929,1.249949793494166,0
15930,1.4592002795893586,0
15931,14.341703522073152,1
15932,0.7543401445011959,0
15933,0.9824782004033169,0
15934,2.282684131967964,0
15935,1.155214333654172,0
15936,4.6243330091259,0
15937,2.1862884175760025,0
15938,2.52472090673146,0
15939,3.0654053371147043,0
15940,1.313358995334016,0
15941,3.6353695761306364,0
15942,5.479621904448499,0
15943,4.756428858051131,0
15944,1.589085040882709,0
15945,1.1424653792125945,0
15946,0.5514023622935593,0
15947,2.4355883100558158,0
15948,0.8355713085092836,0
15949,0.874152431748838,0
15950,2.612574787366987,0
15951,1.5115937996267719,0
15952,5.8439878133415855,0
15953,2.7114971158143115,0
15954,2.571598583085917,0
15955,1.2383950416398988,0
15956,1.808161499338047,0
15957,5.285192570663453,0
15958,4.314416729518481,0
15959,4.125713323527294,0
15960,2.550693549628172,0
15961,1.040527253444412,0
15962,1.8239132449011342,0
15963,0.9876571271113807,0
15964,5.382209935027422,0
15965,2.749576224391529,0
15966,2.9406270432888197,0
15967,2.1302213875961105,0
15968,2.2125413032928196,0
15969,2.8575351439065937,0
15970,1.329985199568657,0
15971,2.4222420974013295,0
15972,3.1447723270427104,0
15973,1.78169518125723,0
15974,1.1019245012884298,0
15975,2.6412172629515376,0
15976,1.2768923509876682,0
15977,1.01483290975679,0
15978,2.4684904380777035,0
15979,1.5433649139626975,0
15980,2.359012580008007,0
15981,2.63497422299995,0
15982,2.0494701940365028,0
15983,3.9441041463280504,0
15984,3.0229447543945596,0
15985,1.5646231146481726,0
15986,2.0159274787770527,0
15987,1.299166158035557,0
15988,3.3767044000630237,0
15989,1.1184477092603016,0
15990,3.749468905170214,0
15991,3.023174591464075,0
15992,1.4271557938311186,0
15993,5.047552051676717,0
15994,2.3879336332397734,0
15995,1.4294624785086,0
15996,2.183505764014034,0
15997,6.482625606521674,0
15998,1.7723729616891195,0
15999,1.9526159576283606,0
16000,4.8213517062949895,0
16001,4.269382000140897,0
16002,3.0616788831630686,0
16003,1.5131389423551915,0
16004,0.9937970965204724,0
16005,3.888315382962767,0
16006,3.779478667172764,0
16007,2.6133933802108147,0
16008,0.4988792081111644,0
16009,2.368769554446881,0
16010,2.677457556890787,0
16011,0.9127952910993616,0
16012,2.4412057263829996,0
16013,2.41376254918695,0
16014,1.2154721807569413,0
16015,0.9350978041369682,0
16016,11.08005220812085,1
16017,0.5921091845543172,0
16018,5.393533856682205,0
16019,1.7585544141839877,0
16020,0.6953205596260117,0
16021,1.9301768638158918,0
16022,5.717675067668773,0
16023,1.899358247193836,0
16024,3.109034877767934,0
16025,6.408924162089481,0
16026,3.0911213456448814,0
16027,1.9141016037685432,0
16028,4.167055800455785,0
16029,4.451669732187396,0
16030,17.906544897682803,1
16031,1.5473082870387604,0
16032,0.7587366877729361,0
16033,5.067423781451384,0
16034,3.892843928886954,0
16035,2.6156510042037864,0
16036,0.7172578068738346,0
16037,0.7014401170380523,0
16038,3.5200149015359057,0
16039,3.0655203365219648,0
16040,0.7448605433479809,0
16041,0.886766078873832,0
16042,5.740007048164367,0
16043,0.873254912947187,0
16044,2.815613143868072,0
16045,4.934933486974687,0
16046,3.3341673491790758,0
16047,1.3767254885014988,0
16048,1.6782513666209682,0
16049,4.158953761524546,0
16050,5.911259297932873,0
16051,7.12737425534085,0
16052,2.1940952304438412,0
16053,3.2267832081581616,0
16054,8.92733360686774,1
16055,4.248629467418449,0
16056,2.527308177270071,0
16057,0.9014771713637609,0
16058,2.7013402225022265,0
16059,1.3862117828513614,0
16060,2.690914360776268,0
16061,0.8390315293073715,0
16062,0.6679204110907082,0
16063,2.2931895421652597,0
16064,3.3092599117669526,0
16065,1.3659592454534943,0
16066,3.5157108009286926,0
16067,3.2890316290084285,0
16068,2.21282340082814,0
16069,1.3083630260369918,0
16070,1.4143489045175033,0
16071,1.225811905791285,0
16072,2.3886788503144927,0
16073,5.521715656254078,0
16074,2.4718705135226418,0
16075,3.888807379981621,0
16076,0.8213185008674079,0
16077,2.9915146768823644,0
16078,1.0759195622054132,0
16079,0.9943241150601538,0
16080,1.8960503170774416,0
16081,1.2711571310652587,0
16082,3.0949089930451605,0
16083,3.9992457068023004,0
16084,3.712863102069389,0
16085,1.09098678809856,0
16086,1.2490457121483598,0
16087,0.6737807994829705,0
16088,0.9547187127133423,0
16089,3.2645531749959695,0
16090,1.9732748748492264,0
16091,4.428159183725323,0
16092,1.7693801479958782,0
16093,1.8699820585846503,0
16094,4.564879474031897,0
16095,8.316860989537947,1
16096,6.962567552701504,0
16097,3.668465933653839,0
16098,1.4998950769599473,0
16099,1.8598576993830336,0
16100,1.652523858435741,0
16101,2.347707263059793,0
16102,5.899425585038457,0
16103,4.674004638334565,0
16104,1.0301045246998848,0
16105,4.669290410667838,0
16106,1.6458929389491708,0
16107,3.6303682882089485,0
16108,0.7177022581139456,0
16109,2.1391278907858244,0
16110,2.7832268532644235,0
16111,7.5497097723131565,0
16112,13.146606241464566,1
16113,1.436632601738118,0
16114,2.6897775716939205,0
16115,1.1179841921389895,0
16116,2.6255357163817563,0
16117,3.9164543880171996,0
16118,2.304462519736273,0
16119,1.1862680996714128,0
16120,0.551345849097634,0
16121,3.456087607064039,0
16122,3.7980148211319653,0
16123,2.135231444010133,0
16124,2.073658639561109,0
16125,2.464565547854008,0
16126,1.9944003216218529,0
16127,0.7420246987323137,0
16128,5.66030665457773,0
16129,0.6950595472039147,0
16130,2.976493978773473,0
16131,0.6356180898972393,0
16132,1.5114214945031053,0
16133,0.7827855531427548,0
16134,3.3395978991827238,0
16135,2.7222997954558776,0
16136,7.3541208703158505,0
16137,5.704815895499583,0
16138,3.3757745457456516,0
16139,1.4048500521789846,0
16140,5.976101993499496,0
16141,3.0322772947723013,0
16142,0.8823852442198751,0
16143,3.2695196140893357,0
16144,1.599830641163229,0
16145,1.7122876150267625,0
16146,3.1891637245664937,0
16147,1.8224245630836498,0
16148,7.902531588758923,0
16149,1.5416587090365046,0
16150,4.425414738983665,0
16151,3.36112161442398,0
16152,0.9641210791258639,0
16153,5.006737595297891,0
16154,3.39987997963586,0
16155,0.6163051980835863,0
16156,3.280579073384481,0
16157,3.2866460579662657,0
16158,2.5617270942055836,0
16159,1.4038885513058437,0
16160,2.0759034222075927,0
16161,1.252248050937938,0
16162,3.874124915063937,0
16163,1.559762666032597,0
16164,1.234431431151169,0
16165,1.0286652065970077,0
16166,0.8915466746837919,0
16167,8.746102486787581,1
16168,1.0258943451792912,0
16169,1.1530364240133535,0
16170,2.0432655598403198,0
16171,4.920454967253676,0
16172,2.1288441982327257,0
16173,3.5082474906645817,0
16174,2.3815426462427345,0
16175,1.467211986247827,0
16176,0.8734432097779743,0
16177,1.3171168528668191,0
16178,0.3983583514415845,0
16179,0.5289842154307097,0
16180,3.487900089749853,0
16181,3.3998188138233925,0
16182,2.8145314454580785,0
16183,1.8505565453401476,0
16184,3.979116790759158,0
16185,5.583673552886528,0
16186,1.4846476745770008,0
16187,2.0585990863158377,0
16188,2.907192404667684,0
16189,8.932483864515104,1
16190,1.7387799224582154,0
16191,1.7715768812744634,0
16192,5.68096552755456,0
16193,2.5500677208405045,0
16194,1.704436833472694,0
16195,4.089530478501255,0
16196,1.3591152874360708,0
16197,1.1789119288171925,0
16198,0.807146384749615,0
16199,1.6591156528876767,0
16200,0.22054195752627453,0
16201,6.534873255499632,0
16202,2.1119850999772942,0
16203,2.8137288682495916,0
16204,0.9560911185948273,0
16205,2.5971348856761813,0
16206,1.7716238438788443,0
16207,2.0033820068433528,0
16208,12.899480644682809,1
16209,2.7358495158422147,0
16210,0.769966836944338,0
16211,2.9260859346307893,0
16212,1.7325603306882822,0
16213,6.16457955564206,0
16214,3.7791414472253697,0
16215,1.0255157937384345,0
16216,3.176240885082108,0
16217,2.363367019458238,0
16218,3.443498376316984,0
16219,2.835524482839837,0
16220,4.539207087823212,0
16221,2.5554685311087133,0
16222,4.082481806604135,0
16223,2.357690952136672,0
16224,1.228637177457392,0
16225,2.885713259552035,0
16226,3.020417055163843,0
16227,1.63146928446402,0
16228,3.4252639595290892,0
16229,9.840676523884879,1
16230,1.2209982056821387,0
16231,14.606414819691798,1
16232,4.609571318728315,0
16233,2.1828184133482833,0
16234,2.2225971059125396,0
16235,4.176393341240276,0
16236,2.0918628354409807,0
16237,3.1986401238995223,0
16238,4.458237979567043,0
16239,8.25273830654012,0
16240,3.040319009906236,0
16241,2.9326388062849587,0
16242,2.8990407826457414,0
16243,4.997806139511632,0
16244,0.932893243830241,0
16245,2.7006351601356426,0
16246,3.4266365952204274,0
16247,2.5481049131632885,0
16248,4.443635423711529,0
16249,0.4526286958215497,0
16250,3.0827715687300183,0
16251,2.7464229073572763,0
16252,2.243889301275565,0
16253,1.6796008560559568,0
16254,3.4912672508024536,0
16255,0.34409582815859746,0
16256,0.8217812310280198,0
16257,4.8486479146100585,0
16258,4.287945938080551,0
16259,2.0361896866436373,0
16260,2.5381300754505816,0
16261,1.0999642486429777,0
16262,2.817734790910909,0
16263,2.06070365407737,0
16264,2.6890597653898194,0
16265,4.7607277733111095,0
16266,2.233620466160652,0
16267,1.2397309235699083,0
16268,4.929093564834482,0
16269,3.055439980159479,0
16270,7.501491583364948,0
16271,4.977469611289318,0
16272,5.166695014939871,0
16273,1.047051344804107,0
16274,3.0928471673681712,0
16275,0.9089520309945986,0
16276,4.967197487567617,0
16277,2.981093865260192,0
16278,4.269327843311217,0
16279,1.3305694299263422,0
16280,8.571799427403272,1
16281,0.5112684086438032,0
16282,4.353893698880697,0
16283,1.7411793628871772,0
16284,4.897627334912949,0
16285,2.6388909822898814,0
16286,4.528530865305956,0
16287,1.2128121072172955,0
16288,0.7333966869222824,0
16289,3.9044635055980295,0
16290,3.9611009603598,0
16291,2.242882772317013,0
16292,1.3548768163311034,0
16293,0.8114481267069799,0
16294,5.078882146529842,0
16295,4.594934217759441,0
16296,2.4876908990094657,0
16297,2.0062936833452074,0
16298,2.677679928124756,0
16299,3.4194440890555966,0
16300,3.934696854175515,0
16301,4.774266930470673,0
16302,1.420750530342974,0
16303,5.198959919123391,0
16304,4.353132120912197,0
16305,3.0262400806391314,0
16306,0.8241147807357674,0
16307,2.603074393406179,0
16308,5.589824906313728,0
16309,2.411570345072489,0
16310,5.078719393837817,0
16311,1.5781728608188539,0
16312,2.318418362467534,0
16313,2.957115158243306,0
16314,2.1678638589892287,0
16315,4.356721116136881,0
16316,5.273184721776521,0
16317,2.949708837209969,0
16318,2.658420861373168,0
16319,2.251466561370828,0
16320,0.8544467965192327,0
16321,3.8628850069702056,0
16322,2.032388751515491,0
16323,7.463119020317354,0
16324,1.848427310049127,0
16325,2.8264708897548316,0
16326,7.802666944751496,0
16327,0.6900137271589896,0
16328,2.0078667895699316,0
16329,2.3498094757460506,0
16330,1.645131318169558,0
16331,1.6116243045068157,0
16332,2.010494729042515,0
16333,0.7777356585304764,0
16334,2.8866251565693855,0
16335,0.6259567837702513,0
16336,0.8808881467214312,0
16337,5.05957259345878,0
16338,4.509276925945604,0
16339,1.3977257261142957,0
16340,2.568716122221675,0
16341,1.4719407286887953,0
16342,1.654685555628767,0
16343,5.693790842592563,0
16344,1.5280564950915128,0
16345,3.527762648608098,0
16346,5.218386622204211,0
16347,4.366984355703677,0
16348,5.011899718100687,0
16349,3.1512883451183953,0
16350,2.7253106010130783,0
16351,4.035415794004934,0
16352,3.772865862231605,0
16353,3.0201647751040435,0
16354,1.8916614872763688,0
16355,2.8869021010351146,0
16356,3.0520568297461126,0
16357,1.7582608039627725,0
16358,2.321710771105158,0
16359,6.2662423478883715,0
16360,0.3784107072618637,0
16361,2.0935920781533244,0
16362,4.248563817173515,0
16363,0.7720630110361815,0
16364,1.8925470732293286,0
16365,0.9269828931495162,0
16366,2.066764965486456,0
16367,4.358436738514412,0
16368,1.4930944927320813,0
16369,8.260086723711769,0
16370,2.1531749332183328,0
16371,2.70303740746787,0
16372,0.8424978111876452,0
16373,4.945355531231553,0
16374,2.283421497304769,0
16375,3.890139583328618,0
16376,2.3254532069291947,0
16377,2.011250438834584,0
16378,1.7270516115001227,0
16379,1.8395633571145047,0
16380,2.1246821238151727,0
16381,1.2578831438117575,0
16382,3.722816191191631,0
16383,2.3740665663120115,0
16384,2.840988336538681,0
16385,0.8500594819913638,0
16386,2.1720980459195545,0
16387,8.72783524761108,1
16388,3.3187485601806324,0
16389,2.213503165790968,0
16390,0.7404989030016492,0
16391,2.714446240517294,0
16392,2.7045019211424353,0
16393,2.558673987115222,0
16394,3.2153553575165263,0
16395,2.1459985362736185,0
16396,2.6051970824658235,0
16397,0.677563686341901,0
16398,1.1291488167581492,0
16399,1.4666659765385908,0
16400,2.570118047241442,0
16401,1.8439900565495397,0
16402,1.106829699621745,0
16403,2.1095368783378814,0
16404,1.601841143624859,0
16405,4.9467379154230064,0
16406,1.3192943559427868,0
16407,0.3223833846511416,0
16408,2.4221374816649743,0
16409,12.992549483812688,1
16410,2.4977506538382683,0
16411,1.507651608918899,0
16412,1.0128973851871177,0
16413,1.502477595304121,0
16414,0.9886301003580014,0
16415,1.9258097722408576,0
16416,1.1684826901348278,0
16417,4.686816317551391,0
16418,2.0100206056492067,0
16419,0.5638678501016601,0
16420,7.809223122026962,0
16421,0.9156681292912677,0
16422,1.304064318906908,0
16423,2.4528155947210326,0
16424,3.40085382006481,0
16425,2.0326334711393232,0
16426,5.7411912342880305,0
16427,2.6322753195099295,0
16428,2.339440352707276,0
16429,4.369573159421325,0
16430,4.9158363622733,0
16431,3.519223675631336,0
16432,8.98052739723565,1
16433,0.7826326422893893,0
16434,2.0787061956845294,0
16435,0.8435958031275658,0
16436,3.0829962457812337,0
16437,3.7472635267422527,0
16438,2.1866625072662425,0
16439,2.5912763141990345,0
16440,4.282788485991768,0
16441,5.564393047413578,0
16442,2.3396986194245026,0
16443,1.8765431404222697,0
16444,0.8581765289907018,0
16445,1.492593577405246,0
16446,6.1125655835372905,0
16447,1.048986038771169,0
16448,0.8797831729928538,0
16449,3.1759434503654562,0
16450,1.3052300309812623,0
16451,1.93171618090464,0
16452,1.7933015980876368,0
16453,3.5568404992415625,0
16454,3.359446127378358,0
16455,4.411195059794915,0
16456,1.3803239755160999,0
16457,3.0065432221860893,0
16458,2.2091811550515272,0
16459,3.9387580917702802,0
16460,2.1785157967155877,0
16461,3.8802939053755146,0
16462,6.3317232928701195,0
16463,3.6393254698081647,0
16464,1.2817997244118218,0
16465,1.2971982345082345,0
16466,1.3789799948983292,0
16467,3.084487370700982,0
16468,0.912979064627929,0
16469,1.5050859159066023,0
16470,2.434043099831769,0
16471,2.589158996623651,0
16472,8.340816748016973,1
16473,4.964555874187677,0
16474,2.46188780060479,0
16475,5.504283796091536,0
16476,2.022601380919512,0
16477,1.7911388147843756,0
16478,1.741444511971245,0
16479,3.6790837193182164,0
16480,2.5166581705902957,0
16481,5.966978176580478,0
16482,3.350552365115,0
16483,3.230041664295472,0
16484,1.6985633649183582,0
16485,3.4425586130855113,0
16486,1.688492051814648,0
16487,2.547356768200649,0
16488,3.815409100372421,0
16489,2.5155165569764146,0
16490,3.3352848814413094,0
16491,2.496195573413174,0
16492,1.214853367597817,0
16493,2.2745562118964004,0
16494,6.35702222550629,0
16495,3.78461752367648,0
16496,2.0823585217978353,0
16497,1.6546836594996066,0
16498,2.0418090611832884,0
16499,4.417560368385442,0
16500,0.7197604505420608,0
16501,1.9782362956957014,0
16502,1.9429188034960252,0
16503,0.38330264276353443,0
16504,2.914108835231631,0
16505,3.724659522620119,0
16506,19.912005911357973,1
16507,3.438912488228632,0
16508,1.198888282101138,0
16509,4.2788433454703005,0
16510,4.210126492507482,0
16511,2.9505859384194846,0
16512,2.4880828510839237,0
16513,4.413028462610667,0
16514,4.273380379405503,0
16515,3.328979808828237,0
16516,2.5587342232926935,0
16517,4.143397779980208,0
16518,0.5458044746588954,0
16519,8.633873689985121,1
16520,2.6254812237386504,0
16521,3.1373413948888755,0
16522,0.7286491621983406,0
16523,0.5817399483161566,0
16524,3.3725771434571024,0
16525,0.6619459488972874,0
16526,2.455466949026912,0
16527,7.614095673146979,0
16528,0.7650114560791003,0
16529,6.290343645298468,0
16530,1.1645502612316128,0
16531,1.3077242184262063,0
16532,1.3409784248833472,0
16533,4.697604397895499,0
16534,4.394592718236485,0
16535,2.0781976973914804,0
16536,3.3732246117413336,0
16537,0.8472894628784429,0
16538,0.43705024622025257,0
16539,2.348825288055702,0
16540,2.300210843458905,0
16541,2.179473293952842,0
16542,4.857745625834059,0
16543,3.686780402780988,0
16544,0.8876200143961466,0
16545,1.3988602669621428,0
16546,1.3205055597010789,0
16547,8.057965816461678,0
16548,1.266900435828054,0
16549,3.241107500906679,0
16550,5.913404464509693,0
16551,3.367254437441163,0
16552,4.100344677032646,0
16553,2.669641295297785,0
16554,2.9700946123724288,0
16555,2.3679341634602915,0
16556,1.4190753489086676,0
16557,1.2756990599804532,0
16558,2.929085573355459,0
16559,6.94296460916856,0
16560,4.972716916295743,0
16561,3.0297403384263166,0
16562,1.350171099440338,0
16563,1.1465683656833778,0
16564,8.12107804926921,0
16565,1.4033049042786354,0
16566,1.339603899877037,0
16567,4.2218880797923894,0
16568,5.020923596209089,0
16569,0.6655764278164636,0
16570,2.3303047348562824,0
16571,4.144340173425309,0
16572,1.0693218052151363,0
16573,2.696531087816802,0
16574,2.5911572508013614,0
16575,0.35658442294929943,0
16576,3.940822817741292,0
16577,9.794865729033171,1
16578,1.6424097037945613,0
16579,0.8480448941927585,0
16580,8.472805913828362,1
16581,7.782773982630382,0
16582,1.9164282636871932,0
16583,7.343465641124192,0
16584,0.6512516657107451,0
16585,3.504937318520614,0
16586,2.260900153703506,0
16587,5.419204097205759,0
16588,3.141214841949194,0
16589,0.5574752106531609,0
16590,2.4641297220943614,0
16591,2.3264219829147788,0
16592,1.7721221576882864,0
16593,3.426293792551692,0
16594,5.587978176263723,0
16595,6.53437843197713,0
16596,0.8098581615524859,0
16597,7.301779206319535,0
16598,2.5078214134246792,0
16599,0.5526117058202114,0
16600,3.4219158004370427,0
16601,1.3294138766766272,0
16602,7.041584565517271,0
16603,2.2374719694481824,0
16604,9.03226465750505,1
16605,1.5730657235555399,0
16606,2.071973280538216,0
16607,1.4338676805438249,0
16608,0.5908186185718061,0
16609,2.357838879374597,0
16610,5.4936253032973745,0
16611,4.0796563858051025,0
16612,3.739783360100221,0
16613,1.7103376364174785,0
16614,2.216116854221812,0
16615,1.884543097840751,0
16616,4.878036322597558,0
16617,5.5669365988286765,0
16618,2.0926477651895667,0
16619,6.124896336570889,0
16620,2.8885075692843984,0
16621,0.9746757147668931,0
16622,2.225021483036751,0
16623,1.520813852364214,0
16624,9.598070787257722,1
16625,1.758323223599736,0
16626,13.046897824025281,1
16627,1.2773301027458126,0
16628,3.9489941450064023,0
16629,4.217155393030328,0
16630,1.793219791834324,0
16631,2.242705245705289,0
16632,3.805151246712421,0
16633,1.4987611411351656,0
16634,2.3771443210116745,0
16635,9.581873115204619,1
16636,0.49192732813186135,0
16637,3.6921425896393356,0
16638,3.5564507636560454,0
16639,3.7911067900476096,0
16640,1.6166200330188767,0
16641,2.8088914672972938,0
16642,2.1577064840062605,0
16643,2.1229842659207074,0
16644,0.6856092606023269,0
16645,3.134976929349468,0
16646,1.2553249367192385,0
16647,2.1585164672271526,0
16648,0.6148030544472985,0
16649,1.9858501969884739,0
16650,0.8683423165052584,0
16651,2.7527644902974084,0
16652,0.7727376238405345,0
16653,7.083472761934387,0
16654,2.2704282833857166,0
16655,1.3027119092853918,0
16656,2.0908625568361736,0
16657,10.109415952566938,1
16658,0.7744602243908586,0
16659,0.7528478922175836,0
16660,1.016480599770154,0
16661,2.217091496796212,0
16662,6.147821122979171,0
16663,0.8484159413597643,0
16664,10.032486317273785,1
16665,8.014455115749751,0
16666,5.4300933853580995,0
16667,2.204452986876675,0
16668,1.139570570560663,0
16669,6.172352152558957,0
16670,1.9608099446759484,0
16671,5.480583780729864,0
16672,2.3860172278457323,0
16673,1.5712617361039363,0
16674,2.701419560172085,0
16675,1.3621210130592574,0
16676,1.3804716386042928,0
16677,0.7684925217548939,0
16678,1.2927327239414688,0
16679,3.2222474074463543,0
16680,1.5842239717999547,0
16681,2.561829014555744,0
16682,2.5285630232089202,0
16683,2.6399498246026716,0
16684,0.730713555906645,0
16685,4.474312597636338,0
16686,2.071619193519668,0
16687,1.7403653520234192,0
16688,3.4312055470901566,0
16689,3.0935574157871124,0
16690,4.02015085161621,0
16691,1.3235231392870395,0
16692,4.390807570946785,0
16693,4.721974698592006,0
16694,3.5910693058600516,0
16695,1.1302786187393883,0
16696,4.813044051055034,0
16697,3.916762036670307,0
16698,1.8666694850386638,0
16699,7.837232892490652,0
16700,5.833055844356526,0
16701,3.7253053577956083,0
16702,4.772804175960067,0
16703,0.9762773130343871,0
16704,3.610355620546391,0
16705,3.509296152796838,0
16706,3.0522714605910264,0
16707,2.000476456596368,0
16708,3.999114801226286,0
16709,1.9562025219321235,0
16710,2.074757592043695,0
16711,4.018862599890448,0
16712,0.8392748296547637,0
16713,6.989519843627901,0
16714,2.1532972685277576,0
16715,12.04833654715974,1
16716,1.6062554662357398,0
16717,2.8530592145886944,0
16718,2.2576071492803975,0
16719,3.2275140161515097,0
16720,2.575232481650806,0
16721,1.1132062763428197,0
16722,5.919777780944271,0
16723,1.2267951956397352,0
16724,2.9824664618063395,0
16725,2.400887505477978,0
16726,4.708251042562306,0
16727,2.25680644397365,0
16728,0.8687044749249269,0
16729,2.7552300114837323,0
16730,2.5934940056735973,0
16731,1.6952268400258081,0
16732,7.4693547615294875,0
16733,1.3150085254814985,0
16734,0.9498394466971336,0
16735,2.5417853627441533,0
16736,1.3457925409075577,0
16737,1.9491973530106261,0
16738,0.5183030452839824,0
16739,5.504051045623602,0
16740,2.7550805888843892,0
16741,0.704886819452072,0
16742,1.6973214519334758,0
16743,3.1745399972777104,0
16744,0.9396813869379724,0
16745,1.9073298859295726,0
16746,4.484741987554029,0
16747,3.129324405618014,0
16748,3.3560909105163916,0
16749,2.7703317924105266,0
16750,1.3484390661677452,0
16751,2.8340035264962244,0
16752,1.5288069263054667,0
16753,5.295230465601922,0
16754,1.7293245104805641,0
16755,1.5100292575933012,0
16756,5.537723987435979,0
16757,4.127088045885192,0
16758,0.7293534111972252,0
16759,0.9517506067077528,0
16760,1.3683175369483558,0
16761,1.2853881437776875,0
16762,2.69924684617227,0
16763,0.5593463101029854,0
16764,4.658469569770129,0
16765,0.7254374758290005,0
16766,2.314032464735794,0
16767,4.273799061390647,0
16768,5.652773399848919,0
16769,1.4201926222637118,0
16770,4.18968720808549,0
16771,4.541846560965768,0
16772,1.852545251668857,0
16773,1.1032374705502999,0
16774,1.2951865946798748,0
16775,2.0640154253640706,0
16776,4.287129936747257,0
16777,4.179084492707193,0
16778,5.628355948170228,0
16779,8.861240355922485,1
16780,1.1171145211688842,0
16781,2.6640850275734214,0
16782,1.9018866235877896,0
16783,1.0569090380722053,0
16784,0.8632025506214571,0
16785,2.8149771419321,0
16786,1.173316139495597,0
16787,1.9439851501989809,0
16788,2.4259541790072086,0
16789,5.111809956910944,0
16790,2.7719968153734884,0
16791,3.6768221013885083,0
16792,4.950859071362497,0
16793,1.3390148758163645,0
16794,0.5842829408288063,0
16795,3.778426850334826,0
16796,1.7760197373431248,0
16797,4.831995043230149,0
16798,4.205882019718116,0
16799,2.3144076554113577,0
16800,1.0819433549565596,0
16801,1.7030743902154986,0
16802,2.4079151603904903,0
16803,2.0154144658636954,0
16804,1.1593170135009723,0
16805,3.354081999606213,0
16806,1.9007909617002157,0
16807,1.9580195231610122,0
16808,0.9682500883109163,0
16809,10.474898217325633,1
16810,2.1259614154043023,0
16811,2.1412351351846457,0
16812,3.409362978952482,0
16813,2.603577485373636,0
16814,0.9143609705311575,0
16815,1.2629520965082714,0
16816,1.2221304461515368,0
16817,1.0657983527046937,0
16818,1.2200256450328058,0
16819,4.044684849903747,0
16820,5.124307959210109,0
16821,2.5620269232245976,0
16822,1.745582104352379,0
16823,4.089391127939154,0
16824,0.8790230061141031,0
16825,2.793713899876931,0
16826,1.7664892510999004,0
16827,2.6801013181975306,0
16828,1.8334505898525262,0
16829,10.764095834708154,1
16830,1.3122044048427837,0
16831,3.907531502758824,0
16832,2.1799482535246644,0
16833,2.4156300388236276,0
16834,3.7495258092938366,0
16835,1.5420831370377495,0
16836,3.6774258277103917,0
16837,0.9867377807533891,0
16838,2.2729855057290735,0
16839,4.18340422882598,0
16840,2.0119854155458707,0
16841,1.840411204585145,0
16842,1.71229957848587,0
16843,0.7619521126247101,0
16844,0.6347132853881761,0
16845,1.783263235179561,0
16846,1.6145641824683046,0
16847,3.6678938538524912,0
16848,0.9410882058047891,0
16849,5.4170538698668285,0
16850,5.347328243692339,0
16851,0.9570553479300705,0
16852,3.6538060081203527,0
16853,3.744323504533361,0
16854,0.5080061389700673,0
16855,0.8055609263185686,0
16856,7.2456070144086215,0
16857,1.0772454726430911,0
16858,4.154159638238215,0
16859,1.0176741986763542,0
16860,2.3716628571945977,0
16861,2.7251104598044096,0
16862,1.9908110929147853,0
16863,3.8915660398141445,0
16864,5.862769237567823,0
16865,6.501779856926791,0
16866,0.9636171015970573,0
16867,12.280336178541583,1
16868,3.526314203713448,0
16869,4.006452872143244,0
16870,3.410461322974432,0
16871,2.6269942436780602,0
16872,0.854917839944266,0
16873,0.5684230423194705,0
16874,6.676822447283541,0
16875,3.873703162390432,0
16876,3.86442851992876,0
16877,8.375732009088477,1
16878,8.169027006056565,0
16879,0.8367464614988154,0
16880,3.2229798683080038,0
16881,3.219798115117638,0
16882,1.3968599034008446,0
16883,3.890347366914184,0
16884,0.6888897869741248,0
16885,1.1025819172147335,0
16886,0.9433909695511776,0
16887,1.5607453061991323,0
16888,2.81200224441953,0
16889,2.5767263133819522,0
16890,7.6264849890054025,0
16891,2.09658415688037,0
16892,0.7895548908968618,0
16893,0.7470090992361735,0
16894,3.9661259847746817,0
16895,1.9729071153778277,0
16896,3.7946521826219484,0
16897,5.097865633280917,0
16898,5.969646797510243,0
16899,2.4914402368147774,0
16900,2.3500052611595086,0
16901,1.9430910409247688,0
16902,0.8752836205524389,0
16903,6.214022133912844,0
16904,3.2194224324904734,0
16905,3.6782895485305214,0
16906,2.5654356493027395,0
16907,1.6422112290320858,0
16908,2.2598071856671584,0
16909,2.057843470441343,0
16910,2.274889431052691,0
16911,3.5509959493335637,0
16912,2.121808004233475,0
16913,1.8784110845160589,0
16914,4.129370918024939,0
16915,3.382383740723069,0
16916,2.5878758022076367,0
16917,17.7356472388719,1
16918,6.262708858890153,0
16919,4.1888616499380245,0
16920,1.5305497482648722,0
16921,2.5777453739722325,0
16922,3.616559587451148,0
16923,2.7657319043729434,0
16924,3.8830703944651166,0
16925,5.459370622871655,0
16926,2.017630384718151,0
16927,10.021865949413044,1
16928,5.423512907185083,0
16929,1.2119832207267474,0
16930,1.5387195256984696,0
16931,1.0317834120391218,0
16932,3.5594798348868073,0
16933,2.369389484397082,0
16934,1.335740829221901,0
16935,3.7817434413461797,0
16936,1.4545309026646744,0
16937,5.237681128017754,0
16938,1.6749099300566954,0
16939,8.759829764755969,1
16940,4.181706086829544,0
16941,3.155874266271813,0
16942,5.611581869415662,0
16943,4.55105582852023,0
16944,2.536744042267178,0
16945,5.085857074154916,0
16946,2.2277350532960702,0
16947,5.148963197608149,0
16948,2.604656608140659,0
16949,2.680334213367742,0
16950,1.955844876380372,0
16951,7.685282980371766,0
16952,3.0253272423007913,0
16953,5.401507365723018,0
16954,3.9913999448221853,0
16955,4.394061095735624,0
16956,9.616519308619793,1
16957,4.637403395697309,0
16958,3.722119304526755,0
16959,2.1802352630107418,0
16960,2.220447644117466,0
16961,4.160197258430665,0
16962,3.4832525674993873,0
16963,2.285207680636266,0
16964,2.0047997427849387,0
16965,1.85249641763705,0
16966,2.0317940800285106,0
16967,6.512381608093625,0
16968,2.3540669862575854,0
16969,3.0309561321303793,0
16970,5.220585029099665,0
16971,2.0547440718790955,0
16972,2.0265014135158794,0
16973,1.798506220677354,0
16974,1.9307298301564506,0
16975,0.6699315311621405,0
16976,1.1275933592537661,0
16977,2.244684325182038,0
16978,2.5982958360414683,0
16979,1.6487915183401645,0
16980,3.889675375226118,0
16981,2.535782216498072,0
16982,3.428743172833081,0
16983,1.041736636275214,0
16984,4.575358119399359,0
16985,2.1634825162453217,0
16986,0.808948312658055,0
16987,2.836451465072254,0
16988,1.8384503635552962,0
16989,6.691654396572329,0
16990,2.6400161108388716,0
16991,1.8669159385424217,0
16992,2.6086930400696065,0
16993,1.3432073059255798,0
16994,1.6710589407696355,0
16995,5.238330695065234,0
16996,3.0867572210673493,0
16997,5.364093814268022,0
16998,0.4958668131479181,0
16999,1.1546605407184771,0
17000,0.6186589098178473,0
17001,1.6924951036686646,0
17002,1.4037355460071383,0
17003,0.6341056250667846,0
17004,1.9024691575774042,0
17005,3.0455665853839506,0
17006,3.2374559014158053,0
17007,3.52266744536194,0
17008,1.701295838108031,0
17009,12.0260323448356,1
17010,0.2909146257140519,0
17011,6.59410546123116,0
17012,2.6560622218736123,0
17013,0.5891350290197093,0
17014,1.591093871320456,0
17015,2.0236713021226773,0
17016,0.9163885301331351,0
17017,2.2702720889738948,0
17018,0.650080879202371,0
17019,1.3385383072359167,0
17020,3.4409736782410607,0
17021,1.4998653174957917,0
17022,3.0339056150462094,0
17023,0.6272903874347602,0
17024,2.6285525647815686,0
17025,1.52166474939477,0
17026,0.37866136001867534,0
17027,1.0788526443976436,0
17028,0.47993475573352096,0
17029,0.5233004045269418,0
17030,2.522090260290904,0
17031,2.188982753023491,0
17032,0.4790889600033635,0
17033,3.39525062438944,0
17034,0.7617809701457123,0
17035,4.07968628014646,0
17036,0.9655585473825574,0
17037,4.925567310059743,0
17038,0.603788959826226,0
17039,3.024928655500233,0
17040,2.2882587832322985,0
17041,2.8902702269948306,0
17042,3.2318128806651165,0
17043,2.0062305454573335,0
17044,1.963811782315777,0
17045,2.7940348421330294,0
17046,5.406538449062103,0
17047,2.935549242956882,0
17048,2.534016413042344,0
17049,2.8009218349089218,0
17050,2.9082131137402567,0
17051,7.803036220289988,0
17052,2.2881467990998092,0
17053,3.4082709525306787,0
17054,1.4680895894780301,0
17055,2.1366807250033797,0
17056,0.786958503284752,0
17057,2.1420259339456797,0
17058,0.3605746691316758,0
17059,1.754486072933541,0
17060,3.058266239982952,0
17061,1.7405855972219646,0
17062,0.46124928563036577,0
17063,2.3987489001227194,0
17064,1.3838272304171666,0
17065,8.979063094231623,1
17066,2.1341284509098957,0
17067,1.5631692149422554,0
17068,1.7280831691385072,0
17069,1.8896141564508646,0
17070,7.735881467624517,0
17071,1.105030569894911,0
17072,1.0244351209762967,0
17073,0.5438409012735577,0
17074,7.465833829281284,0
17075,0.4925657945493854,0
17076,2.787493341740689,0
17077,4.9717564561750915,0
17078,0.6056707219454213,0
17079,1.2049147990028566,0
17080,1.387432244229317,0
17081,0.7192323436615796,0
17082,3.385546660226673,0
17083,1.8655540359489236,0
17084,2.085901358091052,0
17085,2.8471692318734894,0
17086,5.880607711511815,0
17087,2.824423889793535,0
17088,1.2788448200747102,0
17089,2.118440329257781,0
17090,1.4697902625589798,0
17091,2.8040703257160513,0
17092,0.6701810095819557,0
17093,1.4746122388980936,0
17094,1.6943252682963206,0
17095,0.9515400311589033,0
17096,0.6151262738910407,0
17097,6.142185261229058,0
17098,1.0905215602619764,0
17099,1.2766774008603083,0
17100,5.669364146077097,0
17101,1.4816007705642404,0
17102,1.7846419188448044,0
17103,1.698252200367425,0
17104,0.836427118628851,0
17105,1.7376797805454296,0
17106,0.4651133096121407,0
17107,2.212148823783651,0
17108,1.8504287944274047,0
17109,3.0487942525201293,0
17110,0.47772011335753317,0
17111,2.949183347546604,0
17112,10.512941120305909,1
17113,1.2160103220374017,0
17114,0.537948747337674,0
17115,2.3414042426803396,0
17116,1.307026132629448,0
17117,0.8294052056754864,0
17118,5.275553774806664,0
17119,2.7944024350592973,0
17120,1.5639093485090731,0
17121,3.2552539845964854,0
17122,0.758982792773743,0
17123,0.8177397365716399,0
17124,4.274188895312662,0
17125,4.659256450548904,0
17126,0.892424373062218,0
17127,1.812002970041642,0
17128,1.9581701526879083,0
17129,1.1830878045070379,0
17130,1.4277329915328418,0
17131,0.31073004780675895,0
17132,2.2273798812323458,0
17133,3.1002897528526105,0
17134,0.9660907518784445,0
17135,1.5474048421866116,0
17136,3.2331808444552976,0
17137,2.3470590699514355,0
17138,5.012285198240222,0
17139,3.3926969274829295,0
17140,1.099802478197122,0
17141,3.4480287725808267,0
17142,5.061844156745968,0
17143,5.595044187707066,0
17144,4.886239027146035,0
17145,1.2755157025111385,0
17146,0.5803129600436032,0
17147,3.332432167339973,0
17148,1.5320253971388753,0
17149,3.4529962691398355,0
17150,0.8701574846712555,0
17151,3.9442754893575964,0
17152,5.487268192698235,0
17153,5.4649934032593235,0
17154,1.5097352649025706,0
17155,3.213952551523625,0
17156,13.099301250689305,1
17157,0.45103418469474743,0
17158,1.8409302771946854,0
17159,4.508548556056133,0
17160,1.6265920928039879,0
17161,1.348686295449595,0
17162,3.663209424888912,0
17163,1.0264752482356339,0
17164,3.474380658725873,0
17165,3.182235968791733,0
17166,0.4180521159201502,0
17167,4.546435654693296,0
17168,1.5135861224582152,0
17169,0.7146790881214885,0
17170,1.5230452709109714,0
17171,1.4598856512363871,0
17172,0.7818558392561956,0
17173,0.6137595703515388,0
17174,6.740533603895767,0
17175,1.41809857112019,0
17176,2.4687835212758955,0
17177,5.183021461083286,0
17178,2.637440018130974,0
17179,4.2978487532533824,0
17180,5.625279226492037,0
17181,1.51280180273545,0
17182,3.0182906288009717,0
17183,3.7480207118639295,0
17184,3.498573729499006,0
17185,0.796004455025362,0
17186,1.6474470957860348,0
17187,1.9970419005697977,0
17188,7.1704446095281185,0
17189,3.6390089894042834,0
17190,3.0406841545171734,0
17191,3.4393451343480597,0
17192,9.536881430379488,1
17193,4.271325000505598,0
17194,8.325220198528678,1
17195,3.6271122521062877,0
17196,2.6185939707736954,0
17197,1.173592846626425,0
17198,0.759641113113873,0
17199,1.5178088837294912,0
17200,0.7441297588829495,0
17201,11.975296717469185,1
17202,2.9650159328889534,0
17203,2.415244069187338,0
17204,7.4339006613842304,0
17205,2.4542744532435985,0
17206,2.8492200523683198,0
17207,1.839588586659022,0
17208,2.519179289793653,0
17209,1.168983076958489,0
17210,1.8805659590455657,0
17211,0.5699257356565675,0
17212,2.9883330628630906,0
17213,3.0296049892611334,0
17214,0.8607267928832456,0
17215,0.6813507948022292,0
17216,4.645283713946063,0
17217,0.3479679102444854,0
17218,1.9802063708040956,0
17219,2.3949385955317952,0
17220,0.6473167879234756,0
17221,0.8285978033370535,0
17222,1.3137129013369286,0
17223,1.3408275819195168,0
17224,1.1124298884387513,0
17225,3.3628594506414307,0
17226,1.4073857102088454,0
17227,2.4394988244842666,0
17228,1.3041355169917443,0
17229,1.248935705435314,0
17230,2.850601558939215,0
17231,4.16446838189528,0
17232,5.897104058892321,0
17233,1.0922452151965831,0
17234,2.477380454115916,0
17235,1.3486398219251927,0
17236,2.2417112330826416,0
17237,1.365756253171647,0
17238,1.8043166620676283,0
17239,2.794217655872202,0
17240,3.8466779665827273,0
17241,2.2737285445464797,0
17242,2.9269654790767836,0
17243,1.385343604357082,0
17244,3.81350629221163,0
17245,2.082835423382071,0
17246,2.062539461885286,0
17247,3.811312610921833,0
17248,3.6993088994751777,0
17249,2.107935958453121,0
17250,1.195912824786447,0
17251,2.5757073387957297,0
17252,4.784865744248759,0
17253,2.896245831638264,0
17254,3.066469493853386,0
17255,1.957206296272033,0
17256,1.5364879249411347,0
17257,1.459115872543093,0
17258,2.717135476396886,0
17259,4.8096856747951255,0
17260,2.238114088561465,0
17261,1.6143679788738676,0
17262,0.996432916446543,0
17263,2.1849760799180653,0
17264,4.3529057453730475,0
17265,6.401581406190837,0
17266,1.3434168772502741,0
17267,2.870611644149926,0
17268,2.5907508969549515,0
17269,1.1932433095064465,0
17270,1.0434623916896877,0
17271,5.689342191021228,0
17272,2.1509580680892233,0
17273,1.766842828961471,0
17274,1.3544738051995406,0
17275,2.7663150117820323,0
17276,0.7768155839554624,0
17277,1.1645276424493454,0
17278,1.4937060059388974,0
17279,4.152461637796419,0
17280,1.0422983999470556,0
17281,4.34362089253381,0
17282,0.7170961304800686,0
17283,1.9945974434940985,0
17284,0.618901395750257,0
17285,4.477387135383069,0
17286,2.691033145149177,0
17287,4.028672949935955,0
17288,2.2451279223889467,0
17289,5.916247826169206,0
17290,9.146773514438308,1
17291,1.094774948632702,0
17292,5.061577671979018,0
17293,1.5562810799218183,0
17294,2.7518936203184734,0
17295,12.287630864921956,1
17296,9.53593691268932,1
17297,2.3519836840128048,0
17298,1.5206891862876075,0
17299,1.439648133852213,0
17300,1.4396681147408685,0
17301,1.5361179017485884,0
17302,2.716729866272919,0
17303,2.426600150462349,0
17304,3.775245775228212,0
17305,0.7135680180884006,0
17306,1.9067970993084344,0
17307,2.319745277637075,0
17308,3.1911584499150125,0
17309,3.7840776723548832,0
17310,3.580851302280145,0
17311,3.471826560750262,0
17312,1.6522549163811708,0
17313,0.7559668840193358,0
17314,2.162033660410654,0
17315,2.494442812380605,0
17316,3.737775877238673,0
17317,2.9937983681915012,0
17318,7.168700091521733,0
17319,6.225703776606436,0
17320,2.912788216606377,0
17321,9.380208302842302,1
17322,3.6771126432865553,0
17323,4.974535439811247,0
17324,7.735768936532621,0
17325,0.8119414429188666,0
17326,3.3780674272460876,0
17327,3.5194449711978573,0
17328,4.572160305435568,0
17329,1.5454162433892362,0
17330,1.3306143243668158,0
17331,1.9075972381642528,0
17332,0.9053421754329183,0
17333,1.3808649863289468,0
17334,6.124963709150458,0
17335,13.286767033373174,1
17336,2.1862456556396763,0
17337,4.658655087233891,0
17338,4.081621511853196,0
17339,3.273980473435313,0
17340,16.991968221245752,1
17341,1.7483841891016076,0
17342,2.9053835293303245,0
17343,2.18238757396514,0
17344,2.9101030324311234,0
17345,1.6946711182558558,0
17346,1.9415130874874729,0
17347,1.492357855625612,0
17348,2.7187414689848852,0
17349,5.370506645631159,0
17350,1.5431307799918266,0
17351,2.2891946899444244,0
17352,1.118947187968455,0
17353,0.7385205094317313,0
17354,1.0997883354967306,0
17355,1.052771111343114,0
17356,6.588479935328966,0
17357,2.193848063764906,0
17358,3.2709625484659166,0
17359,8.345390735613687,1
17360,4.495442691027896,0
17361,2.642037298648961,0
17362,2.685245452775272,0
17363,2.9507689101530574,0
17364,2.592743437126046,0
17365,4.8770032201482065,0
17366,3.5395448675345023,0
17367,7.012168087603101,0
17368,4.408503839183027,0
17369,1.318161046088313,0
17370,2.4952215299848883,0
17371,2.3987195954448395,0
17372,2.732862288162189,0
17373,0.5564246526072549,0
17374,2.715365325098605,0
17375,5.167776247164576,0
17376,0.6162701172758481,0
17377,1.5947499576878834,0
17378,4.877752927309735,0
17379,2.5511673157296326,0
17380,7.031305272835386,0
17381,1.699737447071625,0
17382,2.7113210860446295,0
17383,2.7650594436599003,0
17384,1.467035976730113,0
17385,9.405282680625199,1
17386,2.5655343957156123,0
17387,1.2186551885854575,0
17388,4.990554412575286,0
17389,3.6384672425677747,0
17390,0.6137890763019004,0
17391,1.0766713259838363,0
17392,3.656702420422064,0
17393,1.9948486729856894,0
17394,0.3740232934055778,0
17395,2.5983202972796544,0
17396,1.163445714908901,0
17397,0.29834728850628817,0
17398,8.968319905288269,1
17399,1.2002585416982077,0
17400,0.9073865430263477,0
17401,3.1679991634034357,0
17402,5.9802163117284355,0
17403,2.16595201853197,0
17404,3.326442170251654,0
17405,0.4897435168388379,0
17406,2.1453682098117763,0
17407,3.239534841654271,0
17408,0.6660771923049199,0
17409,1.9251237926609297,0
17410,0.8342061812504493,0
17411,0.9011831597941644,0
17412,0.865766583330411,0
17413,1.8468453208470663,0
17414,4.9942017492830555,0
17415,7.243247375032723,0
17416,2.900238156668904,0
17417,3.9972034229907014,0
17418,1.9530536922592918,0
17419,1.9175912358508422,0
17420,4.0995269757879536,0
17421,3.3679104845027283,0
17422,5.748678680443694,0
17423,1.9116431202416324,0
17424,2.3098979713090366,0
17425,0.9189181971832129,0
17426,1.9328029373299462,0
17427,4.858491268754011,0
17428,1.1285534719720585,0
17429,2.9516373940097593,0
17430,0.7211312048496102,0
17431,3.479070281827518,0
17432,1.4618426848520487,0
17433,1.1107074161786892,0
17434,1.3004998035097233,0
17435,4.200714433778795,0
17436,1.610173932543795,0
17437,1.3628675030815705,0
17438,1.4119247192634041,0
17439,2.5719104095935235,0
17440,2.6490196594952886,0
17441,1.6135466535558036,0
17442,1.4584047903174253,0
17443,1.4392679060813902,0
17444,0.5119479019985084,0
17445,7.447062222370092,0
17446,1.4516101124017475,0
17447,2.0130601336452445,0
17448,3.2961642293654356,0
17449,4.210119061850582,0
17450,2.039450193092492,0
17451,6.692867011175476,0
17452,1.3023986704601387,0
17453,4.5252553360639025,0
17454,2.8086720546760917,0
17455,2.4580525616091426,0
17456,3.3799700597832603,0
17457,4.552061103906779,0
17458,4.081342734148757,0
17459,2.50231078633348,0
17460,4.105601036329057,0
17461,2.8850708993350622,0
17462,2.63848452978269,0
17463,1.5777712945785893,0
17464,3.7420382780840837,0
17465,9.119699740232045,1
17466,2.007675255149763,0
17467,1.2427983776572413,0
17468,2.2694167454120833,0
17469,1.0057166800827624,0
17470,0.4600409875624868,0
17471,4.9907761408663935,0
17472,0.7163325578452838,0
17473,4.4922773938380125,0
17474,4.401976067883042,0
17475,8.213031382068424,0
17476,2.0410431557815465,0
17477,2.6899700663630384,0
17478,0.6442321292526915,0
17479,4.402538093880475,0
17480,2.309608219469316,0
17481,1.314269587266911,0
17482,3.5682842402452333,0
17483,2.2113123725270922,0
17484,4.441970878740431,0
17485,2.148849172163539,0
17486,0.7462252980970071,0
17487,1.99224691852397,0
17488,1.492724438053868,0
17489,5.3401157583173635,0
17490,3.1038436966275027,0
17491,2.494656251536804,0
17492,0.8011998198678779,0
17493,4.064207146856759,0
17494,1.1306712948911075,0
17495,1.2790234381833692,0
17496,1.9417273672548336,0
17497,1.1891396100489977,0
17498,2.6426237863382624,0
17499,1.4790178286813924,0
17500,2.9570757573110185,0
17501,1.9946090706724864,0
17502,1.8523217905451328,0
17503,3.716112058796716,0
17504,3.0958438223053624,0
17505,6.7165253958204225,0
17506,3.350324539788249,0
17507,4.321858887928546,0
17508,4.375466089011326,0
17509,1.8095600953323323,0
17510,1.1235696199828846,0
17511,1.8025027002394636,0
17512,1.3283204171983363,0
17513,1.887404374117448,0
17514,2.6907046276928446,0
17515,3.0740108425964623,0
17516,2.7644493715289467,0
17517,2.639107507636805,0
17518,3.251633545680652,0
17519,3.527008659887248,0
17520,2.4836907051761883,0
17521,4.4050479665386835,0
17522,1.131436912489575,0
17523,2.6073903233750233,0
17524,0.9161446849417577,0
17525,1.8846233563185384,0
17526,3.045240965268687,0
17527,2.93461839361944,0
17528,17.341284242755926,1
17529,3.054613488547038,0
17530,0.8808360306288475,0
17531,1.490831736804759,0
17532,2.0637402692959785,0
17533,2.626085545267673,0
17534,1.690648451922425,0
17535,1.7307318198994865,0
17536,4.333670128740367,0
17537,1.580584903610358,0
17538,1.0520007360477037,0
17539,2.528066410431742,0
17540,2.466261381094992,0
17541,2.3065570479031985,0
17542,0.7037442041295663,0
17543,2.6859701228924866,0
17544,2.894326910684436,0
17545,0.8886264535826931,0
17546,3.5520158325193214,0
17547,3.05812490370122,0
17548,1.0179636416428226,0
17549,3.4164268393346764,0
17550,6.280661787566771,0
17551,0.5267211818021297,0
17552,0.881942080159137,0
17553,2.5372646133979213,0
17554,2.597249662838169,0
17555,1.8605304248747354,0
17556,1.2322048493211533,0
17557,2.4136665481054327,0
17558,1.5793341891444896,0
17559,0.6174566988577591,0
17560,0.7758673875635136,0
17561,4.240048098155524,0
17562,2.242008450101973,0
17563,1.633494154981386,0
17564,1.7981721454278792,0
17565,2.585800764931937,0
17566,1.5050470586362068,0
17567,0.9725262015430854,0
17568,1.0993923477851661,0
17569,2.1522810653670588,0
17570,9.986683182397107,1
17571,2.1207854614992603,0
17572,6.3772827849367655,0
17573,2.6664389986921817,0
17574,0.9750010399004021,0
17575,4.295311990102249,0
17576,3.4645065256212217,0
17577,2.2806748583399568,0
17578,1.2989986619957503,0
17579,2.0962424914324655,0
17580,3.0840172346407657,0
17581,1.8036490224682695,0
17582,3.5483077098101483,0
17583,3.1581428346029186,0
17584,0.9742967409059374,0
17585,2.9265080594881163,0
17586,1.407888500893018,0
17587,2.0007879557754022,0
17588,0.9084516086596427,0
17589,1.3990948475602727,0
17590,4.592426816292261,0
17591,4.154853721900277,0
17592,1.5811939448212875,0
17593,3.5819822887890003,0
17594,2.907562632995938,0
17595,3.3869233608323723,0
17596,6.044753701350609,0
17597,0.6785145463103001,0
17598,2.1071322283132834,0
17599,4.7949176733371,0
17600,3.297832855080935,0
17601,0.9887594198419569,0
17602,1.2073576620255904,0
17603,1.3794652594928292,0
17604,1.512634195855837,0
17605,1.975767259533326,0
17606,3.7805778873941134,0
17607,2.921730394151916,0
17608,2.3179192549072867,0
17609,2.703528545279045,0
17610,0.9454926217277786,0
17611,1.704265716985983,0
17612,5.63901591266822,0
17613,8.941210354626014,1
17614,1.6603027624708284,0
17615,10.08821655976642,1
17616,1.4396518346122205,0
17617,8.26012407119244,1
17618,3.8142283265660444,0
17619,3.4638565528119036,0
17620,1.4672509987294489,0
17621,0.8314106916629763,0
17622,2.767477827716168,0
17623,1.9880811799139677,0
17624,4.389103652274077,0
17625,2.7721301973225554,0
17626,2.367301083047763,0
17627,3.3919541072349517,0
17628,1.702446265510959,0
17629,1.5219496553967369,0
17630,4.70775332794373,0
17631,1.8779034143053224,0
17632,1.2702708809505425,0
17633,0.39167366468327863,0
17634,5.254448412958891,0
17635,1.3772588972248647,0
17636,2.060904164911778,0
17637,1.3070960705029697,0
17638,3.2296202447955635,0
17639,1.234212683268951,0
17640,0.279824563787561,0
17641,1.2368167964481676,0
17642,4.296630321003119,0
17643,1.8024294178851306,0
17644,3.037057073548105,0
17645,2.569443388248133,0
17646,3.0439737405444647,0
17647,0.41945288139090986,0
17648,1.865261081608445,0
17649,3.650922852832542,0
17650,1.3376832301265367,0
17651,4.889182115444684,0
17652,11.903611069168614,1
17653,1.9526088070329213,0
17654,3.13901494874041,0
17655,0.7020395120463818,0
17656,3.358076866739976,0
17657,0.8540191334438643,0
17658,5.799273329519808,0
17659,4.50657884582653,0
17660,12.41059589812151,1
17661,4.935513721734156,0
17662,17.666132451787313,1
17663,2.8892903664844947,0
17664,1.7251682341553198,0
17665,0.9331413351422035,0
17666,4.314540131040806,0
17667,3.3530155185797414,0
17668,2.0073377298250064,0
17669,3.327383271650629,0
17670,1.6136166205318274,0
17671,0.7947229882060405,0
17672,1.8141761906818414,0
17673,4.108615386278396,0
17674,8.707758089282633,1
17675,1.8273050007365081,0
17676,7.351534135030308,0
17677,10.440480196167568,1
17678,8.83670197071005,1
17679,1.5294227648454446,0
17680,3.1518617122116073,0
17681,0.9999455881147693,0
17682,4.20249802688585,0
17683,1.8374659835105702,0
17684,1.0307703429573116,0
17685,3.1248985079771257,0
17686,0.9807973215487811,0
17687,2.2739375075843915,0
17688,4.993663597152784,0
17689,2.0437954310626134,0
17690,4.105887464210874,0
17691,3.0848697402440672,0
17692,1.2679177735499387,0
17693,1.7568167065783367,0
17694,2.076447962704501,0
17695,13.030152228738936,1
17696,2.2342183209320723,0
17697,2.922599496598234,0
17698,2.874172510155243,0
17699,2.317518406629705,0
17700,2.883679296282897,0
17701,4.900060133519043,0
17702,1.8870314735049551,0
17703,18.091473416168334,1
17704,2.894148249969453,0
17705,2.0136560613489127,0
17706,3.8339423181283823,0
17707,2.3492102929213066,0
17708,1.592429576191041,0
17709,1.028076800659641,0
17710,4.658571980344859,0
17711,5.042104932211304,0
17712,2.1248398661693613,0
17713,1.720396016570366,0
17714,3.83054975385358,0
17715,5.199800568081364,0
17716,9.220643214835823,1
17717,5.229474188640219,0
17718,5.232057066249015,0
17719,3.6005709037584896,0
17720,1.8990985727945477,0
17721,4.41581891546797,0
17722,1.410459491057971,0
17723,1.0264236796057942,0
17724,5.87229246870007,0
17725,6.253731048772959,0
17726,3.497202253439118,0
17727,5.358084603947306,0
17728,4.127656160226142,0
17729,3.3578774853586357,0
17730,3.3249011981209367,0
17731,1.3552200306153708,0
17732,4.2916003182573,0
17733,0.9945521258218736,0
17734,5.946239591814918,0
17735,3.3734219832944503,0
17736,3.717166412573518,0
17737,2.77236891385205,0
17738,1.4817648606030047,0
17739,3.386146692794803,0
17740,6.295783314923138,0
17741,5.76731036958921,0
17742,1.8335352672699103,0
17743,2.5644904004402553,0
17744,4.245650559873816,0
17745,3.5848849174794335,0
17746,2.4351257236692967,0
17747,3.659756628563561,0
17748,9.121827334780484,1
17749,3.9242679224606793,0
17750,2.6247627831131917,0
17751,2.3070909921687672,0
17752,4.206262071960905,0
17753,3.17829976773256,0
17754,10.99854395116329,1
17755,2.1514777732195367,0
17756,3.460134071592455,0
17757,3.7286431188348765,0
17758,1.6023014180670831,0
17759,2.9076408606977697,0
17760,1.4232028098367937,0
17761,2.7968850824391387,0
17762,6.896008797305854,0
17763,2.801667665275079,0
17764,1.705516516877569,0
17765,4.338700778245733,0
17766,3.559189415228345,0
17767,14.30983242096016,1
17768,1.5210514620690405,0
17769,5.047047890525307,0
17770,1.2476296560376035,0
17771,1.6826238997377054,0
17772,3.2893052424672957,0
17773,1.7604768421474508,0
17774,4.746314146893633,0
17775,3.9328526813328173,0
17776,5.731580856440236,0
17777,1.5945289003386127,0
17778,9.48497353326294,1
17779,2.286009449806081,0
17780,5.428843693699571,0
17781,1.9258538031649362,0
17782,5.536467417795335,0
17783,1.5560261680249483,0
17784,2.5301056296957993,0
17785,9.743205492284172,1
17786,1.1249608288425008,0
17787,4.2913352340595905,0
17788,3.6348152022567555,0
17789,2.3330377209468565,0
17790,3.571980430180267,0
17791,5.809765705303715,0
17792,1.0494699094248467,0
17793,4.322411099864066,0
17794,2.2090155849950484,0
17795,7.206057465113955,0
17796,2.2249690039896755,0
17797,3.833215500335846,0
17798,1.9517110662042425,0
17799,0.8517713600381627,0
17800,1.0516534435481275,0
17801,2.192179129229778,0
17802,3.421747440287093,0
17803,1.8265436403740096,0
17804,1.927184121008053,0
17805,4.716264160821593,0
17806,2.6728622421677812,0
17807,0.8210375880347166,0
17808,2.3735913258646795,0
17809,2.846814414664762,0
17810,1.5353819051054352,0
17811,1.0697207637442279,0
17812,1.3689503853227798,0
17813,0.7427121207846761,0
17814,2.3360491113688604,0
17815,0.8875719949524183,0
17816,0.7586910271447234,0
17817,2.581849938600754,0
17818,1.5431779254867368,0
17819,1.0091881901828552,0
17820,2.5978148170343487,0
17821,0.8760539083788925,0
17822,1.7610592269387644,0
17823,2.8753879280223384,0
17824,0.9700948773530788,0
17825,0.9244425656981929,0
17826,2.1751704802789957,0
17827,6.3621456519135196,0
17828,1.170969186574935,0
17829,1.2605250431971846,0
17830,15.157003069412186,1
17831,2.7355625888667268,0
17832,3.290520768910631,0
17833,1.8513819863466776,0
17834,1.25916201041616,0
17835,2.5259260022659547,0
17836,3.4559475029884603,0
17837,1.162642864786474,0
17838,3.6953348785177367,0
17839,5.2240094335471285,0
17840,2.392348681248903,0
17841,0.7669545541276391,0
17842,1.4917725731482971,0
17843,8.368534256089212,1
17844,3.141297492059806,0
17845,6.455294543592861,0
17846,4.863521680319989,0
17847,1.6370178932166302,0
17848,1.7483399420548913,0
17849,2.6221197870048583,0
17850,1.6719817699754187,0
17851,1.3795436914102814,0
17852,1.507070530823122,0
17853,1.7322706057252721,0
17854,1.908799509863352,0
17855,2.600005372807272,0
17856,1.5656981444594193,0
17857,1.2976154493946754,0
17858,1.7382245516623456,0
17859,1.2912134518478906,0
17860,4.067786552528161,0
17861,0.5399949809145261,0
17862,3.0523699030211247,0
17863,1.6034734144494045,0
17864,2.4688656538101412,0
17865,4.462484669022075,0
17866,4.956853303717662,0
17867,1.556355859010735,0
17868,0.962821834842939,0
17869,6.720238613857345,0
17870,0.9992485081349424,0
17871,1.6588074790927032,0
17872,0.9759864896053625,0
17873,2.2239474916752773,0
17874,3.076663314459057,0
17875,8.054535868567104,0
17876,5.614173241165503,0
17877,0.689829376869298,0
17878,1.21469325026382,0
17879,1.03810400626564,0
17880,2.182850567972369,0
17881,1.5412001831024897,0
17882,2.267035287538154,0
17883,0.4481231673830887,0
17884,1.33412843952824,0
17885,0.7290788453249031,0
17886,1.275123895595441,0
17887,1.626726911585243,0
17888,12.92337182944539,1
17889,4.5579388004592,0
17890,1.2407915128313054,0
17891,2.865310405773923,0
17892,2.616527985591147,0
17893,5.1429365234104445,0
17894,4.0650211472727324,0
17895,2.5223111278729267,0
17896,3.0961730566814394,0
17897,1.399312283749533,0
17898,0.8264785845993761,0
17899,0.8882322414807897,0
17900,3.9250837993137346,0
17901,1.9406789001185831,0
17902,2.162550313964639,0
17903,3.9086662571153794,0
17904,2.4187386161007622,0
17905,1.5290611680728523,0
17906,3.460316565448379,0
17907,2.940589425090798,0
17908,4.026894849992711,0
17909,2.2796500155558643,0
17910,3.6097505701050587,0
17911,0.9062354474291967,0
17912,3.3067039410899923,0
17913,1.8777876009837686,0
17914,5.545712075653153,0
17915,3.345106290323595,0
17916,1.7176674468833242,0
17917,1.3797599488062946,0
17918,2.7793610178481596,0
17919,1.936151579247809,0
17920,0.5922346953514371,0
17921,4.427862299852626,0
17922,4.213692171915232,0
17923,2.537082439082485,0
17924,1.836428178957606,0
17925,2.059748197250765,0
17926,2.8211918917937053,0
17927,1.9166192445662906,0
17928,6.688145645335322,0
17929,2.1312464800957156,0
17930,1.2110894539577732,0
17931,7.917712477351778,0
17932,2.1516645477006415,0
17933,5.278015328372509,0
17934,4.403079364623008,0
17935,1.4147543972202088,0
17936,0.7596163741112281,0
17937,6.250235604683099,0
17938,5.350384823046542,0
17939,1.7550497260502746,0
17940,2.2896292381071186,0
17941,1.918289690605017,0
17942,7.045318246171422,0
17943,1.378840205762056,0
17944,3.75179714202332,0
17945,1.9792384737513935,0
17946,2.7759356725891466,0
17947,1.4815977160074074,0
17948,1.2305133355691757,0
17949,1.768992767560874,0
17950,4.480294037816054,0
17951,4.448489588594456,0
17952,0.6500054701798231,0
17953,1.1182648940099762,0
17954,1.4160310706340407,0
17955,1.312364241773292,0
17956,1.3627249924464053,0
17957,1.7983867157496733,0
17958,4.7476570308437465,0
17959,2.2420943087898797,0
17960,2.6026898004342125,0
17961,2.394745664049024,0
17962,4.75538908368301,0
17963,4.81414940719413,0
17964,1.0737344105210724,0
17965,1.8374398056582975,0
17966,1.885760968787305,0
17967,2.5684512750506614,0
17968,10.422333843195979,1
17969,0.9899490071792487,0
17970,6.9141085035141385,0
17971,1.252546022283361,0
17972,4.996320873381354,0
17973,3.786730907319436,0
17974,2.621029461171117,0
17975,1.3316728233486388,0
17976,1.1938227387951135,0
17977,2.1973055165755246,0
17978,1.0073814674098875,0
17979,1.764476641938411,0
17980,1.6614875277480423,0
17981,4.277970559137545,0
17982,1.8625426397892286,0
17983,1.0501493738282794,0
17984,5.417452684121267,0
17985,4.316294401612864,0
17986,4.419317179928347,0
17987,3.8309510644904052,0
17988,4.889880163647068,0
17989,1.5840414637697025,0
17990,1.8510024274712853,0
17991,0.8395399291825516,0
17992,10.55931519049485,1
17993,2.807203960375597,0
17994,2.9868583528083166,0
17995,0.995864743114521,0
17996,4.226154052746076,0
17997,2.6942420535079683,0
17998,9.589692146090892,1
17999,1.6768381628589693,0
18000,3.8068304167764766,0
18001,4.166861324302111,0
18002,0.8588199467569755,0
18003,8.231272041261844,0
18004,5.833971194326468,0
18005,1.9364430900880611,0
18006,7.3193305863628675,0
18007,5.412302319153965,0
18008,4.542221562739235,0
18009,5.546441491793156,0
18010,1.655654702685008,0
18011,0.7668685060345845,0
18012,5.165487460017364,0
18013,2.8810355752719565,0
18014,5.23070955745897,0
18015,1.1075621307148102,0
18016,3.2117004392038733,0
18017,1.0133930881458135,0
18018,0.7562267887849845,0
18019,6.341051250996737,0
18020,2.4215173999066764,0
18021,1.533325764521011,0
18022,1.4861747208497225,0
18023,0.5513421248305193,0
18024,3.2416961201894376,0
18025,1.0026732650219534,0
18026,4.825786071318196,0
18027,0.8006154116201633,0
18028,1.807589856841309,0
18029,6.097293185548976,0
18030,1.5988204102508203,0
18031,1.0858963890599365,0
18032,3.6670061081114347,0
18033,5.7375389580277085,0
18034,2.275409793716189,0
18035,4.797583794707464,0
18036,2.320070855573175,0
18037,0.5887374115109995,0
18038,4.259301122144945,0
18039,4.621100922823106,0
18040,4.2296432187964506,0
18041,4.264721470283889,0
18042,4.151425673101834,0
18043,1.8002649399867636,0
18044,1.291621700921535,0
18045,1.5270821920742288,0
18046,2.801805541764856,0
18047,2.275327416589501,0
18048,1.19536501091918,0
18049,2.3105838374644683,0
18050,2.1635336154336753,0
18051,1.9121616506387453,0
18052,11.968426712041099,1
18053,1.5996420375523317,0
18054,3.8163448643936806,0
18055,0.9816371242118612,0
18056,6.189110111848931,0
18057,2.7376135111238096,0
18058,5.941530585436938,0
18059,3.212494962701935,0
18060,3.2440669824715584,0
18061,9.131678276692972,1
18062,3.0867140523514656,0
18063,2.3049848843166383,0
18064,2.495305158812146,0
18065,1.5640544733205561,0
18066,3.895509274529586,0
18067,2.4311831099930723,0
18068,1.638594963481449,0
18069,4.0987295126300625,0
18070,1.039733009573287,0
18071,1.8406831832818134,0
18072,2.186713840223219,0
18073,3.256254881896284,0
18074,2.780581291358207,0
18075,1.9207574217671655,0
18076,1.1892717243376665,0
18077,2.247653699434452,0
18078,5.638466743338656,0
18079,1.1545743249232394,0
18080,1.6635221724121476,0
18081,3.163113702946804,0
18082,1.317170149983862,0
18083,3.8710267729689707,0
18084,0.29084164689969827,0
18085,4.07075778875863,0
18086,1.229683211150324,0
18087,3.762436669867373,0
18088,3.517228749550888,0
18089,1.8834008939202158,0
18090,10.368953731811816,1
18091,4.491312777799818,0
18092,5.689626862645556,0
18093,14.351727816387687,1
18094,3.520241156102933,0
18095,3.6380207607063215,0
18096,6.687262613399375,0
18097,2.447975393186228,0
18098,5.745597016346628,0
18099,4.704330660460334,0
18100,2.8423426903111446,0
18101,7.762351135794459,0
18102,3.269825934682998,0
18103,3.285624788278679,0
18104,0.5158566953210255,0
18105,6.705930123849118,0
18106,7.6216064826247605,0
18107,10.882434254904958,1
18108,4.288321238830472,0
18109,2.9954507598422015,0
18110,4.214401529362786,0
18111,1.6161069804457449,0
18112,1.2285901287132015,0
18113,0.5629141098151875,0
18114,3.308140640454904,0
18115,18.081182679192214,1
18116,2.481139278643197,0
18117,3.9927616645141595,0
18118,7.800378273842843,0
18119,1.4861940052754101,0
18120,2.919359928434197,0
18121,3.833880722631753,0
18122,3.479566638892838,0
18123,2.0524315781726874,0
18124,6.956535728313637,0
18125,1.6077406511655041,0
18126,5.396616019063763,0
18127,2.5737943891209665,0
18128,2.2280225082540968,0
18129,1.6979172646123892,0
18130,3.056312502106792,0
18131,8.784728963433853,1
18132,3.8148924771611066,0
18133,3.3353399384969014,0
18134,0.5204189812501111,0
18135,3.698321351330287,0
18136,4.502299816799937,0
18137,3.4437033879725396,0
18138,2.851586446307002,0
18139,2.140346501125884,0
18140,5.784367016512835,0
18141,8.072916277365074,0
18142,8.191020626847584,0
18143,13.549529169158872,1
18144,3.962012766887082,0
18145,1.5876743693637614,0
18146,1.8909300982247548,0
18147,3.953822241626447,0
18148,2.581513723844236,0
18149,8.505716283081084,1
18150,4.2822282252085415,0
18151,2.456753708950286,0
18152,2.0082599252912394,0
18153,1.1936450276852646,0
18154,1.0907509234501593,0
18155,2.5152224568975186,0
18156,2.3960027846158267,0
18157,5.384546530480297,0
18158,2.7661501594775273,0
18159,5.083930486825017,0
18160,2.2197284842211387,0
18161,2.4305088439251157,0
18162,3.076963899800463,0
18163,1.6302000620375943,0
18164,1.9581184084079042,0
18165,0.830488662601662,0
18166,0.6841728304775306,0
18167,7.874706839030826,0
18168,3.497028774107822,0
18169,2.869564852895882,0
18170,0.6977857785281992,0
18171,2.7890645223817225,0
18172,2.0081857216872554,0
18173,1.8031699295807042,0
18174,1.9873024039163254,0
18175,2.280723232608321,0
18176,4.983673112715195,0
18177,2.5120943911117037,0
18178,2.79343538998662,0
18179,4.968790187733583,0
18180,1.4625014429576955,0
18181,2.784231394054547,0
18182,2.1158827630535635,0
18183,1.2524945483394445,0
18184,1.9484234360780026,0
18185,10.635613883727835,1
18186,3.932245066587462,0
18187,0.806151809281366,0
18188,2.3353113925791025,0
18189,2.720324759229558,0
18190,3.139604910507587,0
18191,1.0718784290924137,0
18192,1.883685465688907,0
18193,2.4287505490676775,0
18194,7.190870396145186,0
18195,0.8179206760083094,0
18196,1.9822263707428682,0
18197,4.182299724632397,0
18198,2.4024849298520072,0
18199,1.9780936103072995,0
18200,5.777971299084774,0
18201,4.042923783389329,0
18202,4.581461648359761,0
18203,2.770290709376802,0
18204,3.2950629156727453,0
18205,4.494044358655561,0
18206,5.892583691256722,0
18207,2.272003893715287,0
18208,4.17363221874886,0
18209,13.808047215950742,1
18210,1.3208172741987216,0
18211,1.5099744461200084,0
18212,0.5363775997234911,0
18213,11.962610484974817,1
18214,5.157779751613427,0
18215,7.022014457928778,0
18216,8.205427183113942,0
18217,2.169607324429666,0
18218,2.096280730538683,0
18219,0.9615382021128639,0
18220,3.5300601627528194,0
18221,2.2399154481492243,0
18222,2.1822261192323955,0
18223,4.644734998382645,0
18224,2.4123027180030676,0
18225,2.5696828377035685,0
18226,1.098450026298123,0
18227,3.2075585140424323,0
18228,3.3294514432162883,0
18229,3.1687160083678707,0
18230,5.229456093602992,0
18231,4.101913163698817,0
18232,3.8313988081363948,0
18233,15.354748740457572,1
18234,2.7502081917953016,0
18235,2.5532541077538697,0
18236,1.6383495026631216,0
18237,1.7999889420231951,0
18238,3.6834164707621033,0
18239,9.883516404527676,1
18240,2.7388885209832265,0
18241,2.6021582391491953,0
18242,6.706909549746277,0
18243,3.560118486653113,0
18244,3.7454924225088067,0
18245,8.075700517030919,0
18246,2.143785354683797,0
18247,6.350420282079538,0
18248,1.2807894208910606,0
18249,1.6105216992302138,0
18250,2.6235567231058754,0
18251,8.483357439259985,1
18252,5.196077067803078,0
18253,4.537734510857069,0
18254,1.6082384093819329,0
18255,6.958346067631376,0
18256,4.509667674015804,0
18257,4.404121332798048,0
18258,4.425408884708357,0
18259,5.7904349785993805,0
18260,2.229840367219067,0
18261,3.7786565162922643,0
18262,5.8109963844632135,0
18263,1.8092952145034757,0
18264,2.553066295736259,0
18265,1.0150224001076171,0
18266,3.351623795637044,0
18267,2.4989534248036085,0
18268,9.583073106244134,1
18269,3.6520582847793035,0
18270,3.5126908652271798,0
18271,6.15788713886819,0
18272,5.098561851874858,0
18273,3.628591333020704,0
18274,17.44557492275086,1
18275,3.2543653605926486,0
18276,5.607897224609559,0
18277,3.0242894649016967,0
18278,2.6345258999578585,0
18279,3.7145562609726563,0
18280,4.308847925974182,0
18281,2.269312698064953,0
18282,7.702591312357461,0
18283,3.291476918805467,0
18284,3.0258481000392012,0
18285,2.4354215124194747,0
18286,3.1675315081140285,0
18287,7.070242819828128,0
18288,2.409751379068435,0
18289,3.5275688065458533,0
18290,2.2269751348867937,0
18291,2.6230120720395833,0
18292,3.5884735534378334,0
18293,1.1949458650985103,0
18294,2.8613494619748048,0
18295,2.458651739194331,0
18296,1.8572386644165968,0
18297,3.4564633070657935,0
18298,2.0585374467821387,0
18299,3.896545542412869,0
18300,0.8593580949433103,0
18301,0.266792920528696,0
18302,4.764124534679903,0
18303,1.7338031636563012,0
18304,0.8617957729223487,0
18305,0.5041936834760603,0
18306,5.1787609743899035,0
18307,2.2921933929799585,0
18308,1.9372756206062565,0
18309,2.0755652026834506,0
18310,2.46960480205821,0
18311,0.7346459675370649,0
18312,0.3824682951468568,0
18313,0.9463745870559392,0
18314,2.174891207093557,0
18315,1.591008393347484,0
18316,0.5556546906101391,0
18317,1.7129072443107438,0
18318,3.3664625601603535,0
18319,0.9246075013235381,0
18320,0.6995812769545234,0
18321,4.090570742642396,0
18322,0.2884863891578839,0
18323,0.5060732726360078,0
18324,0.53789519833878,0
18325,0.37942862738131855,0
18326,11.435857062433984,1
18327,3.61571945020485,0
18328,4.961347938061475,0
18329,0.9929994458908581,0
18330,3.7152193207785076,0
18331,2.230384426461702,0
18332,2.5577801802750453,0
18333,0.707572432115101,0
18334,0.45900781497271415,0
18335,2.799877668474779,0
18336,3.843664711605072,0
18337,0.7486961233121142,0
18338,0.47964586499261974,0
18339,3.962390351174203,0
18340,2.2657498669818312,0
18341,3.04662937206911,0
18342,1.6743385554487962,0
18343,1.4133478757954128,0
18344,3.1057513390440903,0
18345,3.311969239018119,0
18346,2.512852696258688,0
18347,1.817090445770936,0
18348,0.7784487125314139,0
18349,4.083671732705665,0
18350,3.3631209190868274,0
18351,3.414294829655022,0
18352,0.7414476857000616,0
18353,0.6925467839876615,0
18354,0.8980714277869775,0
18355,2.334771191817284,0
18356,5.1511070779776995,0
18357,1.83879933204635,0
18358,1.6166867882550955,0
18359,1.478323437919657,0
18360,4.208246284388045,0
18361,5.3028136487979625,0
18362,3.11841345466329,0
18363,1.8734728256184556,0
18364,1.0063251135078601,0
18365,3.947934031587622,0
18366,0.6891842801381388,0
18367,4.035914773616706,0
18368,1.8312332661522461,0
18369,1.8848528733228258,0
18370,3.451526736716088,0
18371,5.418147430779706,0
18372,4.627924682156287,0
18373,7.921700951770146,0
18374,1.9877286334459532,0
18375,1.4842383052219443,0
18376,1.2249019082387311,0
18377,1.3187163384725546,0
18378,1.9624154967433216,0
18379,2.772633897735741,0
18380,1.383453189461361,0
18381,2.1254637872261353,0
18382,4.770939670684203,0
18383,1.738750580441751,0
18384,2.3442873727225333,0
18385,0.7446724502280576,0
18386,0.5634065831985021,0
18387,0.6107926018595428,0
18388,4.58389919823801,0
18389,1.3800541686745225,0
18390,1.481461314704306,0
18391,1.2100309551603436,0
18392,2.218012932618707,0
18393,2.3073202445976877,0
18394,14.455689035475274,1
18395,2.1743444802217673,0
18396,4.373333067813106,0
18397,0.6572509772542421,0
18398,1.9516392979952857,0
18399,2.8932332178651397,0
18400,0.6656767200594328,0
18401,0.9775242793799354,0
18402,1.5893578776655652,0
18403,2.3685312257532285,0
18404,4.199343260318121,0
18405,1.5399117340657666,0
18406,2.068341005952105,0
18407,1.1214967505369637,0
18408,0.9025923082678285,0
18409,2.48577804030914,0
18410,0.8288214647518081,0
18411,0.702801877890919,0
18412,1.3200694159194402,0
18413,3.4139082870218127,0
18414,2.876819059012262,0
18415,0.6588671077242503,0
18416,0.5207999332350065,0
18417,6.150037526269176,0
18418,1.4180917306671235,0
18419,2.153993765740947,0
18420,0.9194343737085526,0
18421,3.311274705126191,0
18422,1.220165014044878,0
18423,3.0345237414349118,0
18424,2.430915325641722,0
18425,3.285597070456876,0
18426,1.1177027231384475,0
18427,1.452647705301094,0
18428,3.388593881038228,0
18429,2.7768379136727077,0
18430,0.6784199635958321,0
18431,1.195651421286598,0
18432,10.68424084576696,1
18433,1.728702250526094,0
18434,4.214220493622436,0
18435,4.078202490053496,0
18436,3.17266575125591,0
18437,2.015242284573049,0
18438,3.313627900795866,0
18439,0.6739682120358733,0
18440,1.3731811628530752,0
18441,1.5735755568598158,0
18442,1.9637723869945245,0
18443,3.9939104513744335,0
18444,1.5627461219068706,0
18445,3.360867452533788,0
18446,2.186002959997963,0
18447,5.168235564837161,0
18448,1.1536693815704264,0
18449,2.2657436229691896,0
18450,2.596042639797493,0
18451,2.2659451916990063,0
18452,0.8732594214081046,0
18453,0.6311664987005294,0
18454,2.8422476798162974,0
18455,1.1146738741620221,0
18456,1.5900558909355873,0
18457,6.856364394264558,0
18458,0.5584290199954781,0
18459,1.1838171020801227,0
18460,1.021796577971542,0
18461,1.1842765347351938,0
18462,1.0956284408509773,0
18463,0.7754041064512142,0
18464,2.489615976550212,0
18465,0.4839099154776155,0
18466,1.6605200560774318,0
18467,2.4641696798198893,0
18468,1.462104061158107,0
18469,3.5092371923291847,0
18470,0.9529049149898874,0
18471,2.2406001243285085,0
18472,3.0154097654302063,0
18473,0.9221694995291426,0
18474,1.4260631702299984,0
18475,0.5047176328860798,0
18476,1.3669468896706427,0
18477,1.9806427022416766,0
18478,1.9787315221723434,0
18479,3.0933439627154344,0
18480,14.297735859280651,1
18481,2.8795846316787004,0
18482,0.8009674988773953,0
18483,1.4580991483133876,0
18484,1.3317152345297858,0
18485,4.935178704454922,0
18486,4.838256219437117,0
18487,0.7434594699669892,0
18488,1.5484942533988793,0
18489,2.986642030996012,0
18490,1.8451930833447592,0
18491,1.8977928519075276,0
18492,4.586259283681473,0
18493,0.5521012262203631,0
18494,5.136800859850604,0
18495,1.8737320980797854,0
18496,1.3167862560525885,0
18497,1.930885831634596,0
18498,1.1711528587409117,0
18499,2.866500286787155,0
18500,0.8985169163300545,0
18501,0.6826130486433718,0
18502,5.555946248749962,0
18503,2.283843166206291,0
18504,3.5622318765951886,0
18505,6.0148678189466915,0
18506,0.4946133771589386,0
18507,1.9814083260049786,0
18508,1.630670313733624,0
18509,0.7026826834780813,0
18510,0.6595208654624855,0
18511,0.8949840132625223,0
18512,3.226315065386523,0
18513,1.4861479635024246,0
18514,1.354997795346646,0
18515,2.97704776717752,0
18516,3.814853623554754,0
18517,3.9089239993097014,0
18518,1.4478940758566419,0
18519,1.1551419887575167,0
18520,0.6527934832996629,0
18521,5.879831286892744,0
18522,0.4555141054818428,0
18523,0.9151031649845291,0
18524,5.321001225654212,0
18525,1.533571428176088,0
18526,1.0731233746509259,0
18527,1.5732705907698052,0
18528,2.0093837220184088,0
18529,0.3853430800736323,0
18530,1.328419479181897,0
18531,1.4651445448199012,0
18532,4.803561604953832,0
18533,0.7541857385922768,0
18534,3.7247498768998395,0
18535,9.676070600817443,1
18536,2.4834919350188356,0
18537,0.882934354567156,0
18538,2.4825090787327477,0
18539,2.1273005607031483,0
18540,2.8402266075880545,0
18541,7.388501737254316,0
18542,2.6420867528805405,0
18543,3.36432784160216,0
18544,4.292814339166459,0
18545,1.579266900657608,0
18546,1.0743769546383648,0
18547,1.3100440476765045,0
18548,2.3313166887593124,0
18549,2.2269058952396037,0
18550,0.4145903032711454,0
18551,2.436520393853487,0
18552,1.0881843250386933,0
18553,1.9025037136773109,0
18554,1.6090740059090285,0
18555,5.004226266140061,0
18556,0.49261031423583274,0
18557,1.2033982717160312,0
18558,1.464991063778495,0
18559,0.5687328128126705,0
18560,4.520032666774858,0
18561,1.7329166812804349,0
18562,0.8998296551646997,0
18563,1.6215927261180993,0
18564,8.038514798169983,0
18565,4.181186101612064,0
18566,4.079316000815994,0
18567,0.4518459246294437,0
18568,5.90599691528812,0
18569,1.9752146374331623,0
18570,2.873981613200153,0
18571,0.5438817897048528,0
18572,2.4727953655370585,0
18573,3.7866111747176756,0
18574,1.795049799692066,0
18575,1.525454347612076,0
18576,7.737828881261791,0
18577,5.158624576003189,0
18578,7.956583814894731,0
18579,2.213038769942258,0
18580,2.1140568670851803,0
18581,1.3036292283623476,0
18582,3.454154624973422,0
18583,3.0436130037552886,0
18584,0.8074141468321104,0
18585,2.522252616831323,0
18586,0.5959407844715838,0
18587,1.7527894372824533,0
18588,1.6359700944613458,0
18589,1.8878506538229038,0
18590,3.3488361253306014,0
18591,1.6522671171350873,0
18592,2.848712427411886,0
18593,2.501347543658729,0
18594,1.2496444791059724,0
18595,2.387193126456903,0
18596,0.6472456972075533,0
18597,5.816146423968745,0
18598,0.8843447129159918,0
18599,1.705780842463046,0
18600,0.8552540197624814,0
18601,4.237536087625146,0
18602,8.621616174625737,1
18603,1.8010257585979175,0
18604,1.6748887902095677,0
18605,0.7986018115859692,0
18606,2.4883038596442324,0
18607,0.47722870087667896,0
18608,1.4072185019462062,0
18609,2.0695936445425778,0
18610,1.7630634098974978,0
18611,1.3141304838471706,0
18612,3.564783167856318,0
18613,2.6530803059713235,0
18614,1.697306863489809,0
18615,2.8047170958723724,0
18616,2.80173399872752,0
18617,3.49116797682101,0
18618,2.4718107928905777,0
18619,1.4425642288177936,0
18620,1.1048529751427012,0
18621,2.066840404308186,0
18622,1.4000208788149557,0
18623,4.806372434602459,0
18624,0.7858467751862517,0
18625,2.331268265412849,0
18626,6.891132252073593,0
18627,5.545793684203986,0
18628,4.411291661372852,0
18629,0.7065047532990018,0
18630,2.933213933306222,0
18631,1.5190392309504182,0
18632,0.3880166579939175,0
18633,3.4612318033445693,0
18634,2.7795206019691565,0
18635,1.249379400029455,0
18636,0.47727092508467694,0
18637,2.990606142425924,0
18638,2.719198066788325,0
18639,3.882606352477919,0
18640,1.9791308575941604,0
18641,7.0128594251992,0
18642,2.7426293827316663,0
18643,4.172850808990446,0
18644,1.5931896628801663,0
18645,2.0443694583846796,0
18646,2.939748888243744,0
18647,0.9841146001917037,0
18648,2.7831436369264355,0
18649,4.65132728666691,0
18650,0.9676397860093263,0
18651,1.2815086033395435,0
18652,2.7469629697130458,0
18653,1.29799449632005,0
18654,2.2221073815813295,0
18655,2.0541579194217947,0
18656,2.699962750321047,0
18657,3.6381977216580013,0
18658,2.097290565323928,0
18659,1.7861395919015024,0
18660,2.3537600520596555,0
18661,0.3877447253970386,0
18662,1.8371196792955184,0
18663,1.1564195102514934,0
18664,0.9793135745653033,0
18665,0.3559143977899452,0
18666,0.7051977347807747,0
18667,2.3794022623156263,0
18668,0.7034349657282669,0
18669,8.198336709696518,0
18670,0.5482301732550726,0
18671,1.855853578553069,0
18672,0.7436358557863445,0
18673,0.7407375348208749,0
18674,2.56081374335143,0
18675,1.3412965316469376,0
18676,5.981333681492458,0
18677,1.4686611635989526,0
18678,0.49142770488391546,0
18679,3.934474627019776,0
18680,3.597137015566962,0
18681,0.8204357802791135,0
18682,1.1261347294200257,0
18683,1.9757552957434437,0
18684,1.859838955894124,0
18685,2.2525814728585116,0
18686,2.947645546959771,0
18687,1.8594532269771562,0
18688,4.31889329573616,0
18689,0.8366590955868183,0
18690,1.959797785960896,0
18691,2.633722940638907,0
18692,7.462311714259546,0
18693,1.718302567127644,0
18694,4.714106235912602,0
18695,0.42991832340366215,0
18696,4.93571390432749,0
18697,2.0807566874942656,0
18698,0.3809741541987407,0
18699,2.414589618566646,0
18700,2.918323073780657,0
18701,3.3020946740084285,0
18702,5.981791373306473,0
18703,2.0065470591330232,0
18704,1.7229999964041844,0
18705,2.7889435580522655,0
18706,3.7929692997969133,0
18707,1.4730849759161975,0
18708,1.8965235052392375,0
18709,0.9469094083697153,0
18710,3.6245034518826547,0
18711,0.6629750886913739,0
18712,1.5020888331305522,0
18713,1.0805588608706882,0
18714,5.371328147520331,0
18715,0.7712585798045734,0
18716,5.263549264949103,0
18717,2.9724487320484725,0
18718,2.76047579851291,0
18719,2.555391523822759,0
18720,3.9674105677527853,0
18721,8.543298247636708,1
18722,2.0560834571711415,0
18723,11.415221725021132,1
18724,3.0333800530388957,0
18725,3.1328842125801075,0
18726,2.1188323919927834,0
18727,4.578021595499496,0
18728,0.9407024800694395,0
18729,1.0498730564918366,0
18730,0.8870423341178149,0
18731,3.3918952836646095,0
18732,1.2640067832374249,0
18733,2.340721876899768,0
18734,1.6421972750764726,0
18735,1.8247792947158616,0
18736,1.6234390479879863,0
18737,2.309279404281592,0
18738,2.8903644391995744,0
18739,0.5117726630218217,0
18740,1.7630659854744375,0
18741,7.98728935292746,0
18742,0.5740613734696086,0
18743,1.7002576933577245,0
18744,3.4580718623872153,0
18745,1.3200485907409134,0
18746,0.7107438289453614,0
18747,2.8765027769144558,0
18748,1.9664183077936686,0
18749,1.3407593059694087,0
18750,1.763139824907311,0
18751,2.0737581996640264,0
18752,1.833452485714768,0
18753,3.331409540249805,0
18754,1.7996623999507564,0
18755,7.106824627017823,0
18756,8.83245334691284,1
18757,4.887643725504751,0
18758,5.084236565271155,0
18759,3.9858843989173547,0
18760,4.074852483372509,0
18761,2.0155485706184213,0
18762,7.111917901565447,0
18763,1.124280597188162,0
18764,1.5293295908470597,0
18765,1.6318457466597818,0
18766,3.453259400740356,0
18767,2.35199558369711,0
18768,2.696953511392281,0
18769,2.4868051751531786,0
18770,3.309291013824162,0
18771,1.3706619541737253,0
18772,0.9512213027125757,0
18773,2.015327954909884,0
18774,7.254494916686976,0
18775,1.679463720244066,0
18776,2.333841453315001,0
18777,0.2484522145641841,0
18778,2.5668934566471444,0
18779,2.7090712879702497,0
18780,1.6624428432676284,0
18781,11.033293264720337,1
18782,1.527070312860592,0
18783,2.863826051024203,0
18784,7.681505214183266,0
18785,1.0168942365142952,0
18786,0.7216812221209092,0
18787,0.8115461735757956,0
18788,1.2833966882885592,0
18789,2.2503414985471535,0
18790,0.7269139644179742,0
18791,3.0686426263360427,0
18792,1.8671159279129361,0
18793,2.863407566033378,0
18794,4.30133748841978,0
18795,6.56459968664189,0
18796,0.7258849790503016,0
18797,1.1860382073506728,0
18798,1.1994023392193582,0
18799,3.4290936573583704,0
18800,0.7039432669959749,0
18801,0.8850288562263589,0
18802,1.193062199798586,0
18803,2.39395005082788,0
18804,2.0221591542289175,0
18805,2.383222391822288,0
18806,2.074847959116424,0
18807,1.3026604257911958,0
18808,1.9014692216076,0
18809,0.7619092557285325,0
18810,3.539205585391709,0
18811,1.1784527166498977,0
18812,0.8851906971678732,0
18813,0.701890213618807,0
18814,2.1532054183475164,0
18815,2.4049242470642267,0
18816,6.86838296847752,0
18817,5.793068980752973,0
18818,0.35598069253893966,0
18819,3.4748295957320634,0
18820,5.248326479207612,0
18821,3.736924735366088,0
18822,2.332251482028619,0
18823,3.9113719840449344,0
18824,0.8554949742294998,0
18825,4.27268676526285,0
18826,2.9743292969948483,0
18827,1.4665647319112467,0
18828,1.4863521701674711,0
18829,3.889176414785363,0
18830,1.198598404867611,0
18831,2.3470874284318524,0
18832,0.8660618009577676,0
18833,0.7955910505990026,0
18834,2.720905534893048,0
18835,0.703737874912527,0
18836,2.836401398939616,0
18837,8.603249836124128,1
18838,4.504580436702319,0
18839,3.1954214397114167,0
18840,2.5560554679500447,0
18841,0.6286816106689127,0
18842,0.8198512102762539,0
18843,0.3789158042649028,0
18844,1.0261617211559462,0
18845,2.17794600835141,0
18846,1.7903873915627444,0
18847,3.079753294737191,0
18848,1.3672836557278232,0
18849,4.255470894979059,0
18850,2.010224883417886,0
18851,5.234074214446015,0
18852,1.999259215576901,0
18853,3.0943269979606063,0
18854,1.3270583737799473,0
18855,0.4336443412845753,0
18856,0.7909712001965219,0
18857,2.4483612346127126,0
18858,1.1931529481561542,0
18859,1.4329568591096082,0
18860,5.610283338493929,0
18861,1.4692867904425482,0
18862,5.003041318347638,0
18863,1.7019980595972344,0
18864,4.655350789725543,0
18865,2.684677640674927,0
18866,1.9374876356169066,0
18867,12.771105415811139,1
18868,3.52717026598466,0
18869,2.9951406412788772,0
18870,0.7958612583611884,0
18871,2.9943213026044626,0
18872,1.1777908029490034,0
18873,0.6606115693125876,0
18874,2.068509993601471,0
18875,3.640758273037804,0
18876,15.631479734060258,1
18877,1.893898118924269,0
18878,1.1561381145912668,0
18879,0.49113196855226854,0
18880,3.977171148439693,0
18881,1.111579886368231,0
18882,0.9712369818042338,0
18883,0.2818082377227242,0
18884,3.5651523786820425,0
18885,1.6424716943638733,0
18886,1.8210202525291668,0
18887,2.16415004078092,0
18888,8.226523527899749,0
18889,3.0140383296894195,0
18890,4.071823512625786,0
18891,3.1110034319849853,0
18892,5.450371315812151,0
18893,0.23795905876131465,0
18894,3.5495193238827665,0
18895,1.1305705274310591,0
18896,0.5481602229031685,0
18897,6.529810534882633,0
18898,10.41459279211942,1
18899,2.1164373564922574,0
18900,2.1858940950784738,0
18901,1.0828126192373935,0
18902,3.0024101076026084,0
18903,3.3134974955230168,0
18904,6.0686512285106575,0
18905,0.6167538119074418,0
18906,4.906037068141021,0
18907,2.855943993136562,0
18908,1.348726168480053,0
18909,1.0302411881649762,0
18910,4.095481241227218,0
18911,0.7088475849444492,0
18912,1.8098504689426245,0
18913,3.2315053754492906,0
18914,2.486920132034723,0
18915,2.622636710609619,0
18916,3.9869133085594703,0
18917,1.5932445312281267,0
18918,3.1743579931549846,0
18919,2.482134830465218,0
18920,1.869652560552604,0
18921,1.015365418241292,0
18922,5.918003702083306,0
18923,3.4988158284824946,0
18924,0.9870107573137036,0
18925,1.3594745029673136,0
18926,2.8487880474282132,0
18927,3.9045322459657488,0
18928,1.8140859211201492,0
18929,1.9591928062684325,0
18930,0.40817996879546764,0
18931,5.064705994666169,0
18932,1.893404139434397,0
18933,2.3744924588196707,0
18934,2.881236758419136,0
18935,2.4133858814678826,0
18936,2.838490890647692,0
18937,8.223587871847919,0
18938,2.6496205358793152,0
18939,3.3515814807351103,0
18940,4.011465320755106,0
18941,1.5249024218585834,0
18942,1.0020366329139985,0
18943,4.918277037651957,0
18944,6.585380479042551,0
18945,1.6497525230968715,0
18946,7.551499775053329,0
18947,3.6645912515849877,0
18948,4.9744949381496895,0
18949,1.109852334303149,0
18950,1.5940455174885686,0
18951,3.571626030995939,0
18952,1.4250233687342504,0
18953,4.321694304447766,0
18954,0.44940389382799123,0
18955,0.6381769243838107,0
18956,3.2766819479683544,0
18957,2.865591284264976,0
18958,5.7353446279825935,0
18959,3.532812789436742,0
18960,4.524585603618956,0
18961,2.637890140610328,0
18962,1.087638353215064,0
18963,2.877044850206505,0
18964,1.0674431426298225,0
18965,5.405960695552116,0
18966,1.870494137985513,0
18967,21.334328283376248,1
18968,3.9492401687974934,0
18969,4.299734155041112,0
18970,4.825189387186907,0
18971,5.377033425466047,0
18972,3.8526017313101164,0
18973,0.7993000513164917,0
18974,4.9420766461805155,0
18975,0.9674939131468586,0
18976,3.772636958784758,0
18977,0.9178056063859035,0
18978,0.7734621210891615,0
18979,3.4227675336243513,0
18980,1.3526009687919576,0
18981,5.040553012938686,0
18982,1.1066774639775767,0
18983,1.1016815003617355,0
18984,2.9914459213109814,0
18985,2.4665333298166248,0
18986,0.8482656976270333,0
18987,5.144010890409449,0
18988,3.7279192942363886,0
18989,0.9373132157772536,0
18990,1.237730101446263,0
18991,3.9313936668074807,0
18992,0.3695401451744211,0
18993,0.6309783701845041,0
18994,0.971813727008276,0
18995,0.7540222841555462,0
18996,4.1262771109376155,0
18997,5.416062424934518,0
18998,3.508277804828749,0
18999,3.2566371229249147,0
19000,0.5913708286661078,0
19001,4.517243305456756,0
19002,0.9886698096457044,0
19003,1.7393482935558535,0
19004,5.07202176448381,0
19005,0.8928628219271607,0
19006,1.8223890818125936,0
19007,0.4433008101232461,0
19008,4.479216765650556,0
19009,2.171418294946731,0
19010,4.936002610736226,0
19011,4.0576777834046895,0
19012,3.633987164890135,0
19013,0.8643605112565499,0
19014,1.0821950709824013,0
19015,1.8743370913428998,0
19016,1.9146862026550913,0
19017,0.7396601859842588,0
19018,2.093454282563282,0
19019,2.4927119536127664,0
19020,2.587602611064104,0
19021,2.4683293718283412,0
19022,2.9002448955738567,0
19023,1.550591675467966,0
19024,1.6170315978973977,0
19025,6.175190333220376,0
19026,1.0312524230811513,0
19027,0.7653141434815713,0
19028,2.3061245010607196,0
19029,2.2905950619957713,0
19030,3.5104547466296236,0
19031,1.1207505354369824,0
19032,1.6738077369737947,0
19033,0.903981063369929,0
19034,4.233772215495334,0
19035,1.5449760392351615,0
19036,0.948173061656687,0
19037,1.6067665444355583,0
19038,0.8541904535378023,0
19039,1.8848918024683206,0
19040,1.7888020637366682,0
19041,4.244088060429943,0
19042,2.054933899762045,0
19043,1.606901819641969,0
19044,6.7695579997418,0
19045,0.7026051743149779,0
19046,2.570415379214896,0
19047,1.74341060503512,0
19048,2.0373454934459616,0
19049,9.870973373503993,1
19050,2.4611584298256854,0
19051,4.358000689129867,0
19052,2.921875231682323,0
19053,1.2092902322461698,0
19054,0.5545541754821957,0
19055,1.867576886894377,0
19056,2.7837565439465886,0
19057,2.6999072528835484,0
19058,1.833547601008879,0
19059,3.398202665812104,0
19060,1.9776711263325952,0
19061,6.947126710417885,0
19062,1.512655054790113,0
19063,1.869903520722516,0
19064,2.0734128650745105,0
19065,3.5131242418432644,0
19066,1.027445157910118,0
19067,0.8791240291102428,0
19068,0.723240117795653,0
19069,1.4963827669886764,0
19070,1.5269368338983342,0
19071,2.367968031530459,0
19072,0.9972851155591843,0
19073,2.996616011667818,0
19074,2.7659120369900623,0
19075,5.4399749937648805,0
19076,1.8028755910405878,0
19077,2.372421556229633,0
19078,1.1133617314659097,0
19079,1.6651920320468425,0
19080,2.457326443071211,0
19081,0.7061778419500141,0
19082,2.5888447638443552,0
19083,3.131941824684142,0
19084,7.520324005217543,0
19085,1.3954144924284155,0
19086,1.170331214257603,0
19087,3.4202120242887735,0
19088,4.126929088349823,0
19089,2.11604478526533,0
19090,2.636794713846459,0
19091,3.944730090936781,0
19092,1.197388647965169,0
19093,1.2876404361860556,0
19094,1.0575092159080006,0
19095,1.6576373708190373,0
19096,0.7559895821497028,0
19097,1.5215444517915022,0
19098,6.3022983100413805,0
19099,1.829059332094411,0
19100,2.9331049558686155,0
19101,1.968967578346284,0
19102,1.9724286233748396,0
19103,2.4671122162622923,0
19104,3.173163954022008,0
19105,3.356823444538502,0
19106,0.30948337137676096,0
19107,4.834848150812699,0
19108,4.993027616219248,0
19109,9.846306027640141,1
19110,2.1639174318175525,0
19111,0.9165187607905515,0
19112,1.3252715536456317,0
19113,1.208041445931776,0
19114,0.5097971141709728,0
19115,6.941216246942411,0
19116,4.252058019709051,0
19117,2.7509583168117144,0
19118,1.396100322794379,0
19119,0.8668141375531869,0
19120,8.593363818444137,1
19121,4.112231445513236,0
19122,1.5521895885403938,0
19123,1.4442885041724374,0
19124,3.9393795413150916,0
19125,3.76568595532194,0
19126,1.9530993127523346,0
19127,1.2773290982132681,0
19128,1.0809049178900878,0
19129,1.6705931837306722,0
19130,1.959101923767128,0
19131,1.6824967227774414,0
19132,3.0844636590621284,0
19133,2.1677901902373455,0
19134,6.65762225988192,0
19135,0.7100026799974286,0
19136,1.4645133044384253,0
19137,2.395913006116396,0
19138,0.7992608964198941,0
19139,7.163762967449693,0
19140,2.2640858629922147,0
19141,7.284546247663682,0
19142,5.542757477463611,0
19143,1.0897430878859873,0
19144,1.2891075697463619,0
19145,2.657515313701324,0
19146,3.191234630889821,0
19147,3.0125653526017655,0
19148,1.8468096602527495,0
19149,3.5853789595989762,0
19150,5.912673578022484,0
19151,1.146146766223816,0
19152,2.0363716084181114,0
19153,1.3500207855331163,0
19154,3.759263811362861,0
19155,1.84311880696595,0
19156,1.003878720108961,0
19157,2.580220594256875,0
19158,2.535448235941764,0
19159,0.4787728687032233,0
19160,2.3133371958247504,0
19161,1.9791213913595098,0
19162,2.6483566007346386,0
19163,6.871099763245198,0
19164,1.1172262735054546,0
19165,7.39051998183143,0
19166,0.932346676526002,0
19167,3.832669215039378,0
19168,1.1793348755131345,0
19169,1.0095452360288881,0
19170,4.14576261598175,0
19171,1.637368266081526,0
19172,1.1634820956687157,0
19173,2.8205518639368194,0
19174,4.314651942896929,0
19175,2.191621848893717,0
19176,0.6497241813498266,0
19177,4.7812004684176515,0
19178,3.4949777261573796,0
19179,1.7309535472740967,0
19180,1.8929999077158077,0
19181,2.3810629399587397,0
19182,1.384772442585828,0
19183,0.5151180320263811,0
19184,0.48448140543071627,0
19185,2.4170957269381774,0
19186,5.920957055195397,0
19187,3.814734681181655,0
19188,1.973098121631117,0
19189,4.112234715453357,0
19190,0.9963939542780998,0
19191,6.028989712374287,0
19192,0.9877284645502141,0
19193,1.2987021855633134,0
19194,10.991591504155439,1
19195,4.060584299614589,0
19196,2.083461793828654,0
19197,6.405618650593696,0
19198,1.1311035352716858,0
19199,3.3627486137382685,0
19200,5.000673451107354,0
19201,0.977957823866026,0
19202,2.119478955822689,0
19203,3.1418715913853204,0
19204,0.943661744810205,0
19205,1.2124842015322381,0
19206,1.1658405532404845,0
19207,1.4047691016953556,0
19208,1.8181532360009185,0
19209,0.28296231252804344,0
19210,1.3590505140194424,0
19211,1.9655516220612697,0
19212,2.63464582783123,0
19213,0.7021349628543471,0
19214,11.366639945510071,1
19215,0.6876668777866896,0
19216,4.586453951303406,0
19217,1.6367910264519163,0
19218,1.7821265790012677,0
19219,4.01901925031501,0
19220,2.081082217807518,0
19221,11.047663391530444,1
19222,2.35373890549315,0
19223,0.674242520257131,0
19224,11.100283254484426,1
19225,1.2297771429549194,0
19226,0.9788767441677232,0
19227,2.4562789657781265,0
19228,3.0078283024186794,0
19229,0.4817396100495592,0
19230,0.9876535562122204,0
19231,0.6147451739951233,0
19232,1.1718989120890662,0
19233,4.220530750194,0
19234,3.0108415509881143,0
19235,4.924814857442275,0
19236,1.7122593351779538,0
19237,0.857148429101353,0
19238,1.6452037975888518,0
19239,4.587374859929302,0
19240,3.9708775293313208,0
19241,2.427846935435728,0
19242,1.3807003884002353,0
19243,4.983388406670352,0
19244,4.615933081913408,0
19245,2.526053260600963,0
19246,2.2369538837250027,0
19247,3.540471689424907,0
19248,6.6211952239590826,0
19249,3.42190882160114,0
19250,1.8536173276770076,0
19251,12.10208198973834,1
19252,2.6844493680480492,0
19253,1.052675101625277,0
19254,2.172914326941799,0
19255,1.5241911805263593,0
19256,0.6969287825174012,0
19257,9.55714765973828,1
19258,3.0365594834924936,0
19259,0.6970721999496303,0
19260,3.6767193460558363,0
19261,1.499361487367321,0
19262,1.8132860667711725,0
19263,0.5481216762396809,0
19264,2.1961286047372064,0
19265,1.4413080276932362,0
19266,0.5095522895243051,0
19267,4.660103185617422,0
19268,2.2382322053975847,0
19269,2.108485118883725,0
19270,4.9600600396272245,0
19271,1.1016375777366036,0
19272,5.481165625922137,0
19273,1.3290368850382692,0
19274,1.8814975706478265,0
19275,0.9057707028268766,0
19276,2.0612564945053964,0
19277,4.8985535143438055,0
19278,6.946356029811283,0
19279,0.6889759068124647,0
19280,0.552324760148867,0
19281,0.5547488456240284,0
19282,1.2555897274958239,0
19283,1.299813845145091,0
19284,2.0912262206046504,0
19285,1.2976054631492433,0
19286,2.4359192152041413,0
19287,1.7904606451193028,0
19288,1.3942273429499272,0
19289,6.389088467709971,0
19290,1.262640069261433,0
19291,0.9961641572992395,0
19292,1.9664892399631835,0
19293,0.8446654052190491,0
19294,2.078270513116661,0
19295,3.4938938004369655,0
19296,1.503702794086577,0
19297,0.947887006868586,0
19298,3.0223307245723254,0
19299,7.03717794963798,0
19300,2.6936534928748057,0
19301,11.582902042263656,1
19302,4.314553973818017,0
19303,0.6457715828032492,0
19304,4.041471120563215,0
19305,3.9348513716332216,0
19306,1.0941353565996474,0
19307,2.2462614371186147,0
19308,7.609685681731913,0
19309,2.6234340445520266,0
19310,0.3468641949929359,0
19311,2.4650184385052145,0
19312,0.6425917865660704,0
19313,4.147999394847409,0
19314,0.856076203672624,0
19315,3.828716319416938,0
19316,0.5067966876266978,0
19317,1.355531446327736,0
19318,6.921086886451875,0
19319,5.678257267563135,0
19320,1.5676517054564727,0
19321,7.548198091489214,0
19322,8.934227351983555,1
19323,0.3819238518925566,0
19324,0.6636006203174613,0
19325,3.398157870425582,0
19326,1.959603504920607,0
19327,3.4155932223813177,0
19328,3.8331337041710443,0
19329,2.7972626979051882,0
19330,4.064134873340956,0
19331,2.892871649039727,0
19332,1.6856315410010045,0
19333,0.8351244445458837,0
19334,2.3962622392159285,0
19335,8.238077707821187,0
19336,1.9779737972743088,0
19337,3.5266871357641,0
19338,6.423681030747273,0
19339,1.3667232095153823,0
19340,0.7385413873155621,0
19341,1.3947724204818388,0
19342,3.099473550809419,0
19343,5.594468721727801,0
19344,1.5684206428089338,0
19345,1.2022455070153923,0
19346,2.028051258958567,0
19347,0.7265546896885041,0
19348,1.4431202163577086,0
19349,0.9595839352577843,0
19350,2.7479765427358913,0
19351,4.063205486396212,0
19352,2.406518475664429,0
19353,2.1843100598168306,0
19354,1.8131464712455518,0
19355,4.9757532341536725,0
19356,1.0214379820896218,0
19357,3.500841985479773,0
19358,4.327591377894055,0
19359,0.5765455168782817,0
19360,3.2939506018852995,0
19361,1.377100206297111,0
19362,1.6362676485542318,0
19363,1.1427527065717622,0
19364,2.3654621545624837,0
19365,1.6145254143133523,0
19366,15.529908769072371,1
19367,1.1561884964556413,0
19368,3.3152521444746323,0
19369,2.5207570573885016,0
19370,3.2797376719249534,0
19371,5.212195171780433,0
19372,10.134368978041984,1
19373,3.251198098830668,0
19374,2.773505741400064,0
19375,3.8234590727748943,0
19376,7.9906624915383455,0
19377,2.229004725733035,0
19378,3.6630279143074502,0
19379,1.8900779264957246,0
19380,3.64825217507445,0
19381,1.5443120741815959,0
19382,1.4703438475770065,0
19383,1.9808283943247238,0
19384,2.243114436806002,0
19385,6.249218776827985,0
19386,4.330374015851968,0
19387,0.8969878776516519,0
19388,2.055630100574083,0
19389,1.8153737983454485,0
19390,5.353837154880848,0
19391,3.133283919289993,0
19392,4.399489265502782,0
19393,2.2104807539293376,0
19394,8.14197402042506,0
19395,3.53378261051685,0
19396,2.733940535328664,0
19397,1.9602360634637106,0
19398,0.46395494881194244,0
19399,5.921633922153069,0
19400,3.317552053829164,0
19401,2.8038744111914005,0
19402,1.1300105678725347,0
19403,0.7610540528980251,0
19404,1.4494360642351638,0
19405,1.3427375173995564,0
19406,3.7471697106353923,0
19407,3.60813095159566,0
19408,3.724067388138617,0
19409,0.4086997261418616,0
19410,5.5357943243656,0
19411,0.6248595071229299,0
19412,2.900647902513614,0
19413,4.340832210950569,0
19414,1.4914541794061456,0
19415,0.6841509385708242,0
19416,0.554307131613084,0
19417,3.573492673388641,0
19418,5.984578836302773,0
19419,1.5044734171138598,0
19420,15.14129236910738,1
19421,1.649896051580119,0
19422,2.9581845437781076,0
19423,2.495860009969546,0
19424,1.3408864484610135,0
19425,3.9876958111327516,0
19426,5.228419889391331,0
19427,4.4942147379453585,0
19428,4.150774424848884,0
19429,3.6398610596849084,0
19430,6.259349693257418,0
19431,3.2464322536922743,0
19432,1.2379139559161236,0
19433,0.43308304459297847,0
19434,0.3187373999523899,0
19435,0.8700952668510858,0
19436,9.02307188379924,1
19437,6.1494010018322784,0
19438,2.3576091821500427,0
19439,11.777461174671451,1
19440,5.151661366882254,0
19441,5.743157044912407,0
19442,1.4694187289350664,0
19443,1.840275224854962,0
19444,1.8407644567098267,0
19445,0.8754756978741028,0
19446,2.498218495128621,0
19447,2.486296057427556,0
19448,3.602010678463476,0
19449,1.7907562889181732,0
19450,3.0435353973612522,0
19451,4.439071865632872,0
19452,3.158230300877041,0
19453,0.41287333553658423,0
19454,3.4580967197384296,0
19455,3.2014776225015997,0
19456,0.8093519109228191,0
19457,2.3802918977569645,0
19458,3.9723667185854077,0
19459,3.496759864882385,0
19460,2.7904404769932865,0
19461,2.150765916288954,0
19462,0.9138424978107481,0
19463,8.380116625839486,1
19464,2.4777624068076123,0
19465,1.6059900842774615,0
19466,1.4288930069059043,0
19467,3.045292400050893,0
19468,1.6102250996577623,0
19469,2.357210096324136,0
19470,2.505277686309015,0
19471,2.8153572548682733,0
19472,0.8520124062736909,0
19473,6.536277762010484,0
19474,6.236764551835233,0
19475,6.024624894323533,0
19476,2.5888281518823857,0
19477,4.626125826389989,0
19478,2.1931681590047054,0
19479,5.399368816917042,0
19480,2.7645914608370807,0
19481,1.8488940465221355,0
19482,1.2961244387102087,0
19483,1.8216073673765025,0
19484,4.092545486821928,0
19485,14.650772279050837,1
19486,2.502692979565519,0
19487,0.20199197318513365,0
19488,4.617240815836865,0
19489,4.2473520315407045,0
19490,3.3432989007435014,0
19491,0.7234413470396149,0
19492,3.384077663745519,0
19493,1.3070916373540933,0
19494,0.8536721792878716,0
19495,4.948003877163958,0
19496,3.750762165614928,0
19497,3.955934900117653,0
19498,0.7603901773058569,0
19499,0.46107943440527727,0
19500,4.922885818023324,0
19501,4.500528949093903,0
19502,1.8460062513506263,0
19503,3.3818550024244716,0
19504,1.0435679447358486,0
19505,8.168874189347369,0
19506,3.5603378720846974,0
19507,0.4252426299939354,0
19508,1.1248393197831141,0
19509,7.222195456608531,0
19510,2.5935080561219173,0
19511,2.1647408976165967,0
19512,1.8738542661816557,0
19513,6.224909482488163,0
19514,5.333043384019602,0
19515,0.2302354856013809,0
19516,12.998104142729117,1
19517,1.5229571123986863,0
19518,1.1673453509955627,0
19519,2.9103691550056636,0
19520,1.9183974520153393,0
19521,3.9433665272954785,0
19522,1.8545553952046496,0
19523,4.696068746906524,0
19524,1.7156622690764327,0
19525,2.0718157579319034,0
19526,4.714342560250609,0
19527,1.074853626059856,0
19528,6.784101935920565,0
19529,3.671193474141204,0
19530,1.5228145192318752,0
19531,2.0371293414237845,0
19532,10.617882195786516,1
19533,3.407125833642964,0
19534,1.045909599955297,0
19535,1.4436657505996984,0
19536,1.3917282859381954,0
19537,3.28306429074801,0
19538,3.318082147261615,0
19539,0.5072808743499723,0
19540,2.309206941940597,0
19541,1.906142676290352,0
19542,1.1914624631561042,0
19543,0.6700675988449198,0
19544,2.397007264217102,0
19545,4.468718656174744,0
19546,0.6537816145234392,0
19547,2.126650973083883,0
19548,1.6303115279583915,0
19549,2.858083252020216,0
19550,5.929540528370641,0
19551,4.662418261367951,0
19552,0.8564560083610654,0
19553,2.6999995939963295,0
19554,2.7242367440708013,0
19555,4.161803932202342,0
19556,2.3589750020709888,0
19557,8.383512692462526,1
19558,7.196307369120999,0
19559,2.5352994964196833,0
19560,0.443095299608798,0
19561,2.7809080596275075,0
19562,4.860526949560424,0
19563,1.3531384265035515,0
19564,0.9103019497584207,0
19565,4.034873971450847,0
19566,6.5116832494357375,0
19567,9.759433004466832,1
19568,0.8996767570991627,0
19569,0.9499060929952914,0
19570,1.0523240252243966,0
19571,0.5230158206406529,0
19572,1.5130833843738902,0
19573,3.12253958332059,0
19574,1.9465799436629763,0
19575,3.0153332211356174,0
19576,11.148727286136696,1
19577,2.2000794026105623,0
19578,2.692734187584866,0
19579,1.513998509976831,0
19580,3.4532320697017505,0
19581,14.157405481181392,1
19582,3.4163792917069737,0
19583,3.3221321478920793,0
19584,3.657203317689237,0
19585,1.4687751942290868,0
19586,5.5157357160460725,0
19587,1.3668304278351222,0
19588,1.4051979801159782,0
19589,1.4221992412920195,0
19590,3.0022003383625178,0
19591,6.116327329695657,0
19592,1.7111066505871007,0
19593,1.8880632249886922,0
19594,2.3322238486199804,0
19595,8.04458916676582,0
19596,3.178645518253134,0
19597,4.297972712073491,0
19598,1.130537605540497,0
19599,1.5783695072053725,0
19600,1.061202630792588,0
19601,1.119711885057992,0
19602,1.8654949341370648,0
19603,0.5454949562887882,0
19604,0.266792920528696,0
19605,6.753722089273737,0
19606,2.3577071977962207,0
19607,1.1735724535890206,0
19608,6.17278863317901,0
19609,3.113494117334919,0
19610,2.1110406515455717,0
19611,5.992134427047328,0
19612,2.047367385331781,0
19613,3.8799914297533737,0
19614,2.8197032144362066,0
19615,2.171248873027754,0
19616,7.446780855466883,0
19617,1.039468830599843,0
19618,7.220845911515958,0
19619,0.6360278985410729,0
19620,2.477747491457484,0
19621,1.989547540668482,0
19622,4.811739849037195,0
19623,2.1760625450712445,0
19624,2.508106795919564,0
19625,4.4963698109506085,0
19626,1.3167657618006545,0
19627,1.6841148261445658,0
19628,2.3730542495638445,0
19629,2.134534585444221,0
19630,1.2804941030175128,0
19631,1.585608992094871,0
19632,1.285991978426908,0
19633,22.150226508424005,1
19634,4.870998801091953,0
19635,6.080376755234521,0
19636,4.662232598538355,0
19637,4.142369305926106,0
19638,7.158591930613386,0
19639,8.110243216632252,0
19640,2.39464508665026,0
19641,6.002956650628014,0
19642,1.0771291104055574,0
19643,6.706223215447008,0
19644,2.289479441843716,0
19645,1.3978391641410368,0
19646,4.4359427511371585,0
19647,5.865324388045975,0
19648,2.623305726283601,0
19649,3.1650750599256665,0
19650,1.1352349356237008,0
19651,1.5869634114912747,0
19652,2.5553876992613054,0
19653,5.636166794482723,0
19654,3.4726104247677876,0
19655,1.1678324530178201,0
19656,3.5410607447786604,0
19657,1.7810842443649368,0
19658,4.127493301291499,0
19659,2.192344156471443,0
19660,4.43029550099728,0
19661,2.7613734608431244,0
19662,17.861614225538734,1
19663,4.115820363474396,0
19664,3.392813674328063,0
19665,4.904673212497481,0
19666,1.821886179825723,0
19667,9.002028072302124,1
19668,1.208973677040776,0
19669,1.4364362895709115,0
19670,1.9296154927712754,0
19671,1.9839291814909479,0
19672,2.082507343319735,0
19673,0.9096856622894774,0
19674,3.5962666862327763,0
19675,4.754275732107348,0
19676,4.314938097759698,0
19677,2.2321807224136365,0
19678,3.1915412267492633,0
19679,1.3809822532049734,0
19680,2.1717556883500513,0
19681,1.5270645629595498,0
19682,1.8849617917379304,0
19683,4.929843058270476,0
19684,2.7655155000771616,0
19685,2.654310524154354,0
19686,1.531690228063041,0
19687,3.3963785904629025,0
19688,2.5815803481593727,0
19689,1.870423304339404,0
19690,3.351193619761696,0
19691,1.5873131628793158,0
19692,3.3364810551651423,0
19693,1.2814577118266206,0
19694,2.136437468937011,0
19695,1.6398475061629054,0
19696,3.2428803861664406,0
19697,1.9979310636418544,0
19698,6.6462549294219935,0
19699,2.0057125659161046,0
19700,0.975790096422832,0
19701,1.3831757338712223,0
19702,1.6405342875500863,0
19703,3.208835266537894,0
19704,1.761607957964082,0
19705,2.077535515545812,0
19706,1.0619010632630537,0
19707,2.4300218371262585,0
19708,1.241145242930019,0
19709,2.5893476470698618,0
19710,3.396786356930214,0
19711,4.562181080912898,0
19712,0.7624382212936645,0
19713,1.1976510940226137,0
19714,3.354750849336903,0
19715,4.472011994045062,0
19716,4.642254140017623,0
19717,6.701517966783859,0
19718,5.506609595432593,0
19719,5.945180386028475,0
19720,1.623641994264823,0
19721,1.6934154879283665,0
19722,4.43599727149911,0
19723,27.49311875148536,1
19724,1.8327472989532334,0
19725,1.3035695798942375,0
19726,5.03816517231568,0
19727,1.2919225331184099,0
19728,0.9679942295735934,0
19729,2.0594905238651355,0
19730,2.68948872891597,0
19731,0.6394477513660237,0
19732,1.0193942067887283,0
19733,4.375116042709842,0
19734,2.009198123774809,0
19735,1.1422373566493158,0
19736,4.44522604710512,0
19737,2.5678268934993373,0
19738,0.761977685965298,0
19739,4.298243999284283,0
19740,1.163793146844569,0
19741,1.5543994664583576,0
19742,3.1505272853798756,0
19743,5.339665650168485,0
19744,1.6513990914943997,0
19745,3.678686246905116,0
19746,0.8870035106126752,0
19747,1.2198418556741752,0
19748,12.176685622934524,1
19749,0.5301787012683605,0
19750,0.8580788214904054,0
19751,3.4930897304763717,0
19752,2.088880393492552,0
19753,2.9068578646011027,0
19754,1.7831624295952386,0
19755,1.3158593046943532,0
19756,3.2599132449266723,0
19757,3.4070235145826246,0
19758,5.699132606276495,0
19759,5.422203238649962,0
19760,3.4565635554084797,0
19761,2.8583657286761435,0
19762,1.3663520436811605,0
19763,2.183612694112701,0
19764,1.0486113394447716,0
19765,2.4688461185621,0
19766,8.45495419031091,1
19767,0.9484918180366826,0
19768,1.4488093254543435,0
19769,1.821179552603722,0
19770,1.7124616608143866,0
19771,5.4838394276775935,0
19772,1.3482103056570913,0
19773,2.5006782275791104,0
19774,1.7696793549801029,0
19775,3.054566607875353,0
19776,5.316103243087673,0
19777,1.261907982739063,0
19778,1.3374718177335112,0
19779,2.1636444086588345,0
19780,4.097090205067112,0
19781,0.55942719526578,0
19782,2.6594847524981073,0
19783,3.4948841693641985,0
19784,1.4175621216908132,0
19785,10.12458153055575,1
19786,2.3857623757753386,0
19787,0.36752971177796445,0
19788,6.129829833377861,0
19789,1.4842230451290706,0
19790,2.1340292698298673,0
19791,2.101444523126448,0
19792,2.5072168779630117,0
19793,3.035053739351417,0
19794,3.364333076565674,0
19795,3.6914796095187614,0
19796,20.704847727249543,1
19797,2.7465061118702776,0
19798,2.53262719000399,0
19799,0.8365832705905099,0
19800,1.9347918982150862,0
19801,5.285160853971915,0
19802,3.9799307507477257,0
19803,3.5482374571107274,0
19804,0.7255010692198063,0
19805,0.5639604395594303,0
19806,5.824850081127238,0
19807,0.6520012037090809,0
19808,0.8215503257153794,0
19809,2.1606624963463053,0
19810,3.8384050299127948,0
19811,0.7495979567745207,0
19812,3.2307429304153588,0
19813,1.9632568481837416,0
19814,7.221722427196044,0
19815,1.23291115883375,0
19816,2.959617827927403,0
19817,1.4996413601071608,0
19818,2.6183711118925093,0
19819,2.095067255805526,0
19820,4.508174758431216,0
19821,1.2415870611212507,0
19822,0.6720666562110663,0
19823,1.0802801894378373,0
19824,3.57036906765653,0
19825,5.812511160707762,0
19826,0.8443607705394232,0
19827,1.965945566259134,0
19828,2.7788801325897357,0
19829,2.207408494638916,0
19830,4.693110450600022,0
19831,4.149700171157375,0
19832,1.4150993017531748,0
19833,1.6085797083651723,0
19834,1.8051362545243697,0
19835,1.7961463939943865,0
19836,0.9239588423234475,0
19837,1.6741032774997673,0
19838,1.4947989271076167,0
19839,1.746040835525473,0
19840,4.364538034897804,0
19841,1.6776997687777124,0
19842,5.6163967152093495,0
19843,3.981633290064329,0
19844,5.061937182925663,0
19845,1.9688923097124813,0
19846,2.2361313433246637,0
19847,5.1400349898340885,0
19848,1.782856826015,0
19849,1.6110610630897158,0
19850,4.476687624101284,0
19851,2.5883122730044263,0
19852,1.3773377772203288,0
19853,0.8474315329337725,0
19854,1.0631867220760947,0
19855,3.5032567764852827,0
19856,2.8229588722958896,0
19857,5.001407018012157,0
19858,2.843380148273065,0
19859,1.4207115879778083,0
19860,3.6959995310022578,0
19861,2.4161733221441013,0
19862,6.254211597053599,0
19863,3.5209948612530932,0
19864,7.2750819767242,0
19865,1.7352862733826282,0
19866,7.192574711850654,0
19867,0.3960376885305027,0
19868,1.3097969705958092,0
19869,0.9663001032768725,0
19870,2.708890178945581,0
19871,8.519431252213813,1
19872,2.0109732843266768,0
19873,9.986530972306607,1
19874,0.973052341815625,0
19875,2.168388068840467,0
19876,2.5320101679718845,0
19877,0.8602248232441749,0
19878,2.5044729934868593,0
19879,1.4359643976912329,0
19880,1.1496683901114806,0
19881,3.7752819125118378,0
19882,0.9039178772792061,0
19883,2.1813304434194403,0
19884,7.835629182157817,0
19885,6.865061290149975,0
19886,11.207513057699272,1
19887,2.723888064466153,0
19888,0.8914317027442714,0
19889,4.899995645123163,0
19890,1.2174368971168108,0
19891,1.533420650524824,0
19892,2.672723520813189,0
19893,1.2794925551225977,0
19894,9.246792230440725,1
19895,3.617939910379251,0
19896,3.78084681220895,0
19897,0.6767707786335347,0
19898,2.6568485440142284,0
19899,5.064937719718923,0
19900,3.1705470978932553,0
19901,1.0936728915652816,0
19902,1.277520414905617,0
19903,12.830192960120907,1
19904,0.8967102081620026,0
19905,11.048701809861038,1
19906,2.3639564341030708,0
19907,1.281199723703821,0
19908,0.8210333104631254,0
19909,1.7189632882051178,0
19910,2.774463690385189,0
19911,3.063288494071398,0
19912,0.6496247574050715,0
19913,0.9349779058488252,0
19914,1.5206405265340137,0
19915,14.374823418856469,1
19916,1.6417697152329742,0
19917,1.0836353887667882,0
19918,26.33112857649751,1
19919,1.8780569038009862,0
19920,2.9816324196370356,0
19921,1.2753888321071938,0
19922,1.0053810276736646,0
19923,0.9189952167729096,0
19924,1.587418943321488,0
19925,1.6337884188042366,0
19926,0.9116717592709329,0
19927,5.363548764388413,0
19928,0.6855944727367062,0
19929,1.1926829818810285,0
19930,0.6805611982313011,0
19931,2.487376446685863,0
19932,1.6015942619643302,0
19933,5.468310246431281,0
19934,4.768719368022614,0
19935,6.551639039618708,0
19936,6.620882961001397,0
19937,1.8526670226399167,0
19938,1.4751060518210763,0
19939,1.7764781840497392,0
19940,2.9069155025687565,0
19941,1.8605740800580084,0
19942,3.4353123649182904,0
19943,3.1159387496554967,0
19944,3.9865951272907836,0
19945,1.934450078462207,0
19946,1.0788972101341476,0
19947,4.1883989610917975,0
19948,11.864712424618492,1
19949,0.5672597220133826,0
19950,6.849736833011678,0
19951,1.857123324109129,0
19952,2.8605801292027566,0
19953,1.943744678285927,0
19954,13.604227972567912,1
19955,1.8510485712308506,0
19956,3.3030347023506277,0
19957,3.1036608122675244,0
19958,3.1472455935626864,0
19959,1.979119261456383,0
19960,3.5353919050527733,0
19961,2.4507251470308384,0
19962,4.931257563576429,0
19963,4.822002700536456,0
19964,3.665677484592132,0
19965,2.2051494266616936,0
19966,3.286418659770135,0
19967,1.3797425888956352,0
19968,6.071524284081187,0
19969,2.2814323665278633,0
19970,5.24686845199164,0
19971,0.935581928999561,0
19972,3.011752675329156,0
19973,1.8079493548397971,0
19974,2.1330744091197626,0
19975,4.056874404732763,0
19976,2.517609534671809,0
19977,0.565315528844176,0
19978,0.49092836694534675,0
19979,3.481972772165123,0
19980,9.715747307525588,1
19981,10.10356871115885,1
19982,3.2701833852579187,0
19983,1.1530541677135704,0
19984,3.6160282755956263,0
19985,2.4745537302234126,0
19986,5.358565690309425,0
19987,3.719006017113086,0
19988,3.468131334654228,0
19989,1.4811323467624526,0
19990,4.6222081382907065,0
19991,1.5971744429187702,0
19992,3.123091594455626,0
19993,2.880623396074365,0
19994,4.494898629153672,0
19995,1.7749412252147123,0
19996,0.7318326424177913,0
19997,2.895410629874041,0
19998,2.110941903106136,0
19999,2.911417243200233,0
20000,2.380479345119431,0
20001,7.78561060428356,0
20002,0.5490797074982956,0
20003,5.66778460255123,0
20004,1.7177573941477866,0
20005,0.8613925495341885,0
20006,1.611399232620473,0
20007,0.658206393428767,0
20008,3.5317344357706464,0
20009,2.0596067590467384,0
20010,4.201271736914376,0
20011,3.365240190905484,0
20012,5.6564767795251925,0
20013,4.019279980788487,0
20014,2.2774801482602585,0
20015,1.7081250326648918,0
20016,1.6050757691908975,0
20017,0.9334426916670162,0
20018,4.820043585716472,0
20019,1.6808402708343768,0
20020,1.674307403709515,0
20021,6.0489460264670845,0
20022,1.9431344247011968,0
20023,3.2075312962401665,0
20024,2.298934030997816,0
20025,1.6202347979128418,0
20026,2.6696254196702713,0
20027,1.9850798100626525,0
20028,0.41938590046634866,0
20029,2.026961877021947,0
20030,4.353437993090646,0
20031,5.284939082534611,0
20032,2.1520016050818214,0
20033,1.5313765480088442,0
20034,0.5296941998153922,0
20035,2.1858244339771726,0
20036,1.3186366104126166,0
20037,2.0811407211748945,0
20038,17.10848102417026,1
20039,4.559853612365372,0
20040,3.361575599522928,0
20041,2.000409970039229,0
20042,3.4353207166541324,0
20043,2.861404988109246,0
20044,0.9362338098623437,0
20045,0.3792260179594661,0
20046,2.988811779755868,0
20047,0.4706613822332918,0
20048,1.4324285856496253,0
20049,1.9534404037617832,0
20050,3.68545677508514,0
20051,1.810031722504277,0
20052,1.9330118645377883,0
20053,6.0481083954155785,0
20054,1.7592418184265206,0
20055,0.4716586956071808,0
20056,8.658109608809418,1
20057,1.4594893761931123,0
20058,2.6651331875363566,0
20059,3.3047403370974404,0
20060,1.31657018919539,0
20061,4.377466021629457,0
20062,7.1392390503997225,0
20063,1.6939266504702526,0
20064,6.85676487194354,0
20065,1.8701050144600204,0
20066,2.502404203126981,0
20067,4.823001585410576,0
20068,0.511042165427665,0
20069,3.5876611815746933,0
20070,1.8228889631312413,0
20071,1.4709470360849612,0
20072,1.4746774276771226,0
20073,1.2802746542334709,0
20074,1.910005059070591,0
20075,8.090998641824394,0
20076,3.095347865970628,0
20077,13.581300198646002,1
20078,5.879339440276639,0
20079,1.045513185213691,0
20080,10.767279396381044,1
20081,8.966369634880387,1
20082,6.370669972452502,0
20083,0.2924652518017318,0
20084,9.090349455269903,1
20085,1.4066909163847574,0
20086,1.819407041962371,0
20087,1.2659843915699163,0
20088,4.438569436726848,0
20089,0.9109138284908807,0
20090,2.949575432531145,0
20091,4.983589270425224,0
20092,0.7502196763846493,0
20093,0.5895836623763032,0
20094,2.9900385286262474,0
20095,1.6587546890250493,0
20096,2.7366355720555715,0
20097,6.620576960291591,0
20098,1.4929680215158172,0
20099,1.905629906273293,0
20100,0.751971133221741,0
20101,3.388441346579131,0
20102,0.4998084849629706,0
20103,1.1198802659366829,0
20104,5.511356586657951,0
20105,3.0450267317565607,0
20106,2.010551998754102,0
20107,1.2666239549472305,0
20108,2.2466762646978444,0
20109,5.5837286186928505,0
20110,3.6149418461942893,0
20111,0.6205237103668124,0
20112,3.7796284111410383,0
20113,2.3660286301987528,0
20114,2.0910283116454313,0
20115,2.852552232610891,0
20116,3.3845691591261464,0
20117,0.7844985255573318,0
20118,1.4536270740081676,0
20119,6.602108160703809,0
20120,1.4958514230972946,0
20121,4.624153407787934,0
20122,1.8552619694660766,0
20123,1.5211355084176295,0
20124,0.9483922874656465,0
20125,4.199089139502594,0
20126,5.243953774513094,0
20127,1.2089508656403039,0
20128,0.6380284096100903,0
20129,4.673497996912869,0
20130,2.3641912221913506,0
20131,1.2327697259744037,0
20132,1.5458576391207763,0
20133,1.984206317436555,0
20134,1.8701813151252438,0
20135,3.326405247605624,0
20136,2.1216802089710693,0
20137,7.6921132435471735,0
20138,5.306066948942544,0
20139,1.1661264154990687,0
20140,1.634233409877382,0
20141,15.865217268147367,1
20142,3.018361056338589,0
20143,15.945343843645784,1
20144,3.788064921678275,0
20145,3.1981848899354066,0
20146,3.2214656609422927,0
20147,5.568841007077035,0
20148,2.397876691905624,0
20149,1.3026497617767918,0
20150,1.351059629570648,0
20151,1.6564503422380612,0
20152,3.245716318939997,0
20153,0.44082283055394245,0
20154,0.8391216174434941,0
20155,5.590596598414444,0
20156,1.2654726928296873,0
20157,0.8602749540775801,0
20158,3.45951422433569,0
20159,3.3766633181228487,0
20160,2.7152470568461125,0
20161,1.5844954867359544,0
20162,5.989961045498619,0
20163,4.722263122605298,0
20164,1.728070439240634,0
20165,3.941788329960566,0
20166,1.2558867963916647,0
20167,0.682965438832672,0
20168,0.7767985390326572,0
20169,8.221374476963597,0
20170,2.8836831440449324,0
20171,2.1957147301629996,0
20172,5.144469071232934,0
20173,2.950273605689276,0
20174,4.404646665069522,0
20175,1.6321124968164566,0
20176,4.542363263945091,0
20177,1.0306656105094238,0
20178,0.9164783207385255,0
20179,3.035039425538138,0
20180,2.2425121127617444,0
20181,1.192495801847072,0
20182,6.062289901741035,0
20183,4.688644134779734,0
20184,2.3455016322245252,0
20185,1.3545086040140952,0
20186,2.7043869900465367,0
20187,2.120917075894429,0
20188,2.587724852504422,0
20189,11.862311718160703,1
20190,2.354494150526604,0
20191,2.2472422941728722,0
20192,4.70456911949367,0
20193,2.5286864114140855,0
20194,1.217338954088882,0
20195,5.074456370325537,0
20196,2.1661876597836924,0
20197,1.7706891754616016,0
20198,6.607370055292709,0
20199,4.530679541052812,0
20200,2.674391641872208,0
20201,7.614790409772919,0
20202,0.4700741096823917,0
20203,4.011121483994284,0
20204,2.511240078205439,0
20205,2.3535757585596753,0
20206,4.369063686920943,0
20207,2.1985908828356324,0
20208,1.7552179983202538,0
20209,1.9624631767709262,0
20210,2.637455579212108,0
20211,3.6850963463788773,0
20212,2.538797248230983,0
20213,0.8003308529163464,0
20214,2.638020803428108,0
20215,2.8210512480038274,0
20216,4.565445311849794,0
20217,0.8583283948455396,0
20218,3.3444716578336604,0
20219,3.7226162741492317,0
20220,3.309172370949353,0
20221,1.0484800831247993,0
20222,1.0256886586918386,0
20223,4.230068256631872,0
20224,3.2191801263925983,0
20225,1.3547367209660115,0
20226,27.320389842000036,1
20227,1.8006429576143266,0
20228,5.313384471732163,0
20229,1.981994970853252,0
20230,1.3533634605461697,0
20231,1.9324235336945668,0
20232,4.059005638024648,0
20233,1.1588869554528924,0
20234,4.104223525429462,0
20235,2.9744834696362177,0
20236,2.1942544916363116,0
20237,1.1198014669691878,0
20238,4.624776834678694,0
20239,10.127600991697479,1
20240,1.6653151461116495,0
20241,15.58172210523237,1
20242,1.73052436605982,0
20243,2.5905021742026215,0
20244,8.286510496117216,1
20245,4.969886870288438,0
20246,2.078986976694593,0
20247,3.5825718170398506,0
20248,4.962633603860058,0
20249,1.32779646011695,0
20250,1.4277711314419268,0
20251,0.8937926136804768,0
20252,2.0630877010986315,0
20253,3.4644517379988686,0
20254,5.653333084304538,0
20255,2.8710324621096577,0
20256,1.2482119531292988,0
20257,4.817844655831761,0
20258,1.0256278058937118,0
20259,4.24249520011468,0
20260,5.482771809815503,0
20261,20.92319079779046,1
20262,1.353057208177749,0
20263,1.9951449720570291,0
20264,2.74062100879091,0
20265,1.078105708780448,0
20266,2.493232655396147,0
20267,2.615881763450522,0
20268,1.691171327792151,0
20269,3.2341492141545842,0
20270,2.940491975293015,0
20271,3.5927311442486483,0
20272,3.7463425117320894,0
20273,3.3731241100058234,0
20274,4.224012236366158,0
20275,1.3822217196059083,0
20276,4.738819591576543,0
20277,1.6656593570648286,0
20278,3.7093037568965603,0
20279,6.497423926814018,0
20280,1.0109639510211446,0
20281,2.0526759297863753,0
20282,2.326167544638979,0
20283,0.960382618907315,0
20284,3.2526761219951945,0
20285,0.8187483877117888,0
20286,2.437072454960401,0
20287,2.426715391846849,0
20288,1.1326923592962292,0
20289,3.884331755661116,0
20290,5.135509721295844,0
20291,3.844092872925108,0
20292,2.792781484174291,0
20293,2.5970881076374885,0
20294,5.332100006264637,0
20295,4.154291250572116,0
20296,1.7424233009550287,0
20297,1.549575836335377,0
20298,4.806287453653156,0
20299,3.775265973639624,0
20300,2.288033641873995,0
20301,1.681696346890718,0
20302,0.9505657058341997,0
20303,0.9520764768922395,0
20304,5.263000751529765,0
20305,3.6849224599545822,0
20306,2.217998579802058,0
20307,4.471915372096733,0
20308,1.9532027595867907,0
20309,3.0685892347344415,0
20310,3.5334659384920193,0
20311,1.270594300059119,0
20312,1.064032668279951,0
20313,3.783999400747145,0
20314,4.9121306932302025,0
20315,6.311669307541208,0
20316,6.828305029929014,0
20317,6.301734946996747,0
20318,3.2383691204329197,0
20319,1.5979523476821869,0
20320,2.513950893441444,0
20321,3.0452930563036955,0
20322,2.5715777479182886,0
20323,2.814329028587673,0
20324,3.4408562300429035,0
20325,1.4831575032634914,0
20326,3.3963917267985946,0
20327,4.621161285052031,0
20328,1.980550464547188,0
20329,2.358997490247252,0
20330,4.221666891496766,0
20331,1.4966042078301456,0
20332,2.350126079481042,0
20333,3.0938548237403447,0
20334,6.199097748361667,0
20335,5.336272998216041,0
20336,1.0367003194136977,0
20337,3.90453692909603,0
20338,3.396420936977428,0
20339,0.9291483323811713,0
20340,5.278723206139247,0
20341,3.130186263304386,0
20342,1.412623966326937,0
20343,5.088489102599188,0
20344,1.775049761354357,0
20345,4.192220216019276,0
20346,8.60429167257973,1
20347,2.2418995352264157,0
20348,1.6026898199677746,0
20349,3.7686286460809555,0
20350,4.056312463653317,0
20351,1.2880284200846333,0
20352,1.0938069248037463,0
20353,0.8290469251045693,0
20354,2.488443983711446,0
20355,1.0320608381938297,0
20356,2.35080750555929,0
20357,2.890693615708211,0
20358,1.779515926185187,0
20359,2.4649791970322257,0
20360,6.911786189091294,0
20361,6.743440009597475,0
20362,3.885008971956313,0
20363,2.980455832834356,0
20364,1.8307003248145255,0
20365,0.8679725730909242,0
20366,1.7305160503171886,0
20367,3.134742022351752,0
20368,2.1098530651785263,0
20369,4.408089685386121,0
20370,2.5299419890461845,0
20371,0.5432013265254858,0
20372,1.635518122458955,0
20373,1.4737353251332377,0
20374,0.455992898465678,0
20375,3.3304578578943547,0
20376,7.325889413261719,0
20377,1.4768791023487537,0
20378,3.1751713524480034,0
20379,2.27883051187933,0
20380,2.7789811863423504,0
20381,2.489503081641675,0
20382,1.2572095782163644,0
20383,0.3877090516443057,0
20384,4.041236538995894,0
20385,1.8963756382222834,0
20386,1.2955333053190323,0
20387,2.4046425945560785,0
20388,1.4292242949876441,0
20389,2.145018571581039,0
20390,2.3727358628224677,0
20391,0.3562314760480106,0
20392,2.023153674552216,0
20393,3.2698468502559574,0
20394,2.004637280180925,0
20395,1.5974692323872663,0
20396,1.2697265113468486,0
20397,11.37343531282128,1
20398,2.9795359527136354,0
20399,0.3743439031204504,0
20400,1.273795015297801,0
20401,1.795071456222113,0
20402,5.796590907878217,0
20403,2.5261563922803507,0
20404,15.639247581731244,1
20405,1.9459558697661172,0
20406,1.6296554952456261,0
20407,0.4043240455829101,0
20408,1.6903024912422415,0
20409,0.5363375488889174,0
20410,8.975933819704789,1
20411,0.7986567971488291,0
20412,5.52662106496324,0
20413,2.1088353043761736,0
20414,0.9954886397826137,0
20415,3.3529575152143534,0
20416,0.8284198295226417,0
20417,3.2301457712290276,0
20418,1.5381434669313352,0
20419,1.7076483288425572,0
20420,3.770352420629974,0
20421,0.7118220134995923,0
20422,0.5208854444351664,0
20423,2.9137079659277787,0
20424,6.403633533226698,0
20425,1.821537834594025,0
20426,0.819096475368341,0
20427,4.149658105082341,0
20428,4.1687688572769845,0
20429,2.0243225483190375,0
20430,1.3362199109045252,0
20431,1.064934328480308,0
20432,3.4162586466807823,0
20433,1.6155879575531442,0
20434,5.495420353302823,0
20435,0.8397100989352576,0
20436,2.2116019628242616,0
20437,3.063567631659658,0
20438,2.8688998619953066,0
20439,6.420328711468973,0
20440,1.6249066527820624,0
20441,2.190891523023363,0
20442,2.1283208408900594,0
20443,1.7522337866997952,0
20444,8.366298342431115,1
20445,2.864395482145333,0
20446,3.0397221240582346,0
20447,0.5823451985144223,0
20448,2.4102982693604025,0
20449,9.147251297249577,1
20450,5.957218810398754,0
20451,6.2305402671201575,0
20452,2.4720213084028084,0
20453,1.8791063870187832,0
20454,8.058254706219019,0
20455,2.2619053072849993,0
20456,2.5877069475586025,0
20457,1.0183288528666399,0
20458,2.23348690640874,0
20459,2.5085600843705196,0
20460,2.4128321293011763,0
20461,2.983847352901972,0
20462,1.408832708263207,0
20463,2.7357915601349103,0
20464,5.732125147993108,0
20465,2.142163345655246,0
20466,0.9810448146039614,0
20467,0.6084598653177994,0
20468,0.512782626335261,0
20469,4.459872536795495,0
20470,2.037368988409267,0
20471,1.4087016651407722,0
20472,3.0263563251003163,0
20473,1.5115048142536713,0
20474,1.6108871516804784,0
20475,1.8479571798730334,0
20476,1.4717971676400756,0
20477,3.7620730312910196,0
20478,1.5352102187285042,0
20479,0.7115448477421303,0
20480,2.661407945107961,0
20481,1.8039117517744474,0
20482,5.71844210203272,0
20483,2.94448915365182,0
20484,1.5372541936439863,0
20485,2.025305068176857,0
20486,0.6422563886673432,0
20487,1.2937874767066513,0
20488,3.4206738568409962,0
20489,1.2149544755830801,0
20490,4.419860091056133,0
20491,2.0816525034565805,0
20492,3.1242854906078725,0
20493,1.3090765686709667,0
20494,5.875741008855607,0
20495,13.236105975255912,1
20496,4.400928763005753,0
20497,1.8767914336730782,0
20498,2.3397547701648174,0
20499,2.043414697278443,0
20500,0.9651607764063923,0
20501,1.6768486067330082,0
20502,2.32469750355927,0
20503,3.163058124968127,0
20504,5.972940409772459,0
20505,0.8087697153017769,0
20506,24.880145496032664,1
20507,4.2145787952109135,0
20508,3.2391447224604244,0
20509,0.8642126774014186,0
20510,1.542539404460952,0
20511,1.0102914323915118,0
20512,2.4814486866730467,0
20513,2.570847381975668,0
20514,2.338485843207801,0
20515,0.8264887277567221,0
20516,8.62956252480208,1
20517,1.372348023305878,0
20518,2.110838207080433,0
20519,0.6815143987276305,0
20520,4.113023095560122,0
20521,2.098963516385867,0
20522,0.650152492650442,0
20523,1.5832547977618985,0
20524,1.7366993348738011,0
20525,3.104863404356036,0
20526,1.9368128792888688,0
20527,2.669074909628764,0
20528,0.6516245878256607,0
20529,0.7175068891617277,0
20530,4.142451848652484,0
20531,1.807142796506962,0
20532,1.6309898857953227,0
20533,8.893948302571344,1
20534,1.4792672848870438,0
20535,6.274741952976279,0
20536,1.7925966545362177,0
20537,2.9861121305491585,0
20538,2.243653390903858,0
20539,0.556292385355662,0
20540,1.3034198337954248,0
20541,1.9211063135497888,0
20542,0.6470924344357302,0
20543,3.2266318851579596,0
20544,4.202636502617412,0
20545,4.0134218441753164,0
20546,16.22363375262252,1
20547,3.882678302522095,0
20548,2.2462439187858925,0
20549,1.3580525137920971,0
20550,3.749809624315345,0
20551,1.0899922264835615,0
20552,1.7707185576665845,0
20553,1.4782947756128562,0
20554,2.128410872356951,0
20555,3.051859215847847,0
20556,0.765110173257693,0
20557,1.0563116796192558,0
20558,0.8592364672291914,0
20559,4.546532211142888,0
20560,1.6165375220708624,0
20561,2.7201954100760086,0
20562,4.435429840796571,0
20563,1.7525575406095073,0
20564,0.8722723556504202,0
20565,2.77036013365999,0
20566,2.394460316253149,0
20567,10.067610210809331,1
20568,1.9348559068624986,0
20569,1.217864000462116,0
20570,4.062861951952148,0
20571,1.0862323360033839,0
20572,2.2982405651653286,0
20573,3.9654102578997024,0
20574,4.820954290395509,0
20575,5.467548747314177,0
20576,0.9979297775511597,0
20577,8.135505333873162,0
20578,2.0747565134982557,0
20579,3.754224640569875,0
20580,5.369563793325309,0
20581,3.6405891224527664,0
20582,1.469145975002946,0
20583,1.0446022665475785,0
20584,2.6343080409930137,0
20585,4.255794412162602,0
20586,6.0265913753448555,0
20587,1.218364050586623,0
20588,1.9280890604873293,0
20589,12.6335837008232,1
20590,2.7753022196472767,0
20591,5.087850871345402,0
20592,0.5243280048791206,0
20593,2.393527538984727,0
20594,2.562759553332128,0
20595,3.3387203431395873,0
20596,3.88685124245152,0
20597,2.8210521074064485,0
20598,2.371765455515005,0
20599,2.7224286809230738,0
20600,3.5857426316442456,0
20601,4.1479893889299255,0
20602,3.7610316702741704,0
20603,2.2912241064766135,0
20604,1.178677734621248,0
20605,5.147800862567575,0
20606,0.926574981630845,0
20607,1.23220495961854,0
20608,4.766183694027561,0
20609,2.3488299857430315,0
20610,3.388819846466323,0
20611,11.796558565447423,1
20612,1.7652142830635718,0
20613,3.6844530055781757,0
20614,4.5038061207490445,0
20615,3.5603293686210367,0
20616,0.9955119628064308,0
20617,1.9643868733852685,0
20618,5.45388521626725,0
20619,1.6597253722849528,0
20620,2.739884071006921,0
20621,4.567392883118214,0
20622,2.6090761520208656,0
20623,3.14301321437108,0
20624,0.9526337331598543,0
20625,0.8257870639453164,0
20626,2.4627496743275157,0
20627,4.997034128903783,0
20628,1.9555254008777871,0
20629,1.2387718125759577,0
20630,2.5179899644331103,0
20631,4.885070588651764,0
20632,2.472492892451312,0
20633,7.521161899461181,0
20634,14.377947799322532,1
20635,3.997463479490686,0
20636,3.1006406137625078,0
20637,2.61298917497312,0
20638,1.0650664619300214,0
20639,8.30904483894935,1
20640,0.5175280112349401,0
20641,6.720725226986649,0
20642,1.7562286856129765,0
20643,2.077014361448512,0
20644,2.9435511433865758,0
20645,2.889141745567124,0
20646,2.640255458160051,0
20647,2.6432358179992996,0
20648,0.48915002585866224,0
20649,0.3295185342226965,0
20650,1.7646082121121272,0
20651,6.42151108699294,0
20652,4.634402542055218,0
20653,3.0784674059984436,0
20654,3.597671995102954,0
20655,5.444375409082915,0
20656,3.6042646052426695,0
20657,2.182202499134726,0
20658,0.7450448207953009,0
20659,4.9911795102703715,0
20660,3.1698095276124576,0
20661,4.6514571625378665,0
20662,6.102603830981546,0
20663,5.549322893464701,0
20664,7.236974828523199,0
20665,6.253034640414857,0
20666,0.8924653334582939,0
20667,1.5764822168183723,0
20668,3.490853825730501,0
20669,2.0386215108398194,0
20670,4.545675871218714,0
20671,2.4587617228187706,0
20672,2.9402267026028492,0
20673,9.809180699247428,1
20674,2.5509019888910873,0
20675,2.8898309371817374,0
20676,5.592657016839438,0
20677,2.9805024847701844,0
20678,3.3781630526528574,0
20679,1.2224582635218513,0
20680,2.8769491356039407,0
20681,1.7431612855466756,0
20682,1.9949538774497888,0
20683,1.2838026318901528,0
20684,2.3996407673821523,0
20685,4.318452660017256,0
20686,5.7347541707930665,0
20687,4.472222758265301,0
20688,6.551102959117006,0
20689,3.0369886411988314,0
20690,10.450993591223122,1
20691,2.643427201823381,0
20692,0.6370312863966495,0
20693,0.6695820024094095,0
20694,3.7271370792481897,0
20695,2.8387320935107736,0
20696,0.7677575890381113,0
20697,0.853789110028862,0
20698,3.3553529926611447,0
20699,2.1509866751028075,0
20700,1.8435222289684745,0
20701,1.7672848586123964,0
20702,4.729387339165066,0
20703,3.6034622043877835,0
20704,2.6003848685951567,0
20705,0.9930740872509989,0
20706,1.0339399549863593,0
20707,1.3394993115843807,0
20708,1.3162853214436012,0
20709,2.634907343771345,0
20710,6.4855940725666565,0
20711,3.0573265699536827,0
20712,1.2177892121454905,0
20713,3.3600477497733356,0
20714,0.6554806916612641,0
20715,1.577302004553583,0
20716,4.122893197907684,0
20717,1.2888559838775693,0
20718,4.547677772225256,0
20719,1.506066502706877,0
20720,5.585400597758323,0
20721,2.4200667777563964,0
20722,5.036862537708023,0
20723,1.9913170916869807,0
20724,8.648697053977862,1
20725,1.4603016049363176,0
20726,4.974795545826167,0
20727,4.70337853865382,0
20728,0.8981761083165344,0
20729,5.054857625910695,0
20730,10.640727482046287,1
20731,1.0360052722873487,0
20732,4.2247293809118975,0
20733,3.3487721226932683,0
20734,7.449950420477877,0
20735,0.7301455807464312,0
20736,1.7589112220665024,0
20737,6.559630193384916,0
20738,2.7735092506934604,0
20739,2.829204187675048,0
20740,3.199021926199328,0
20741,3.8570521074617683,0
20742,0.9085484956927299,0
20743,2.675556801685997,0
20744,6.135231703615749,0
20745,1.8455220500518053,0
20746,2.313881361022672,0
20747,1.3297829528645906,0
20748,2.4580362749526405,0
20749,0.6392751683858019,0
20750,3.733291363961407,0
20751,0.807287927501626,0
20752,5.18024214782059,0
20753,0.6989320407798226,0
20754,2.9733434485120043,0
20755,2.177908818255982,0
20756,3.373008624118048,0
20757,2.930504018981724,0
20758,3.51592907143746,0
20759,0.7578161409268886,0
20760,3.7408682801006345,0
20761,0.4434594756962857,0
20762,2.9278763016765765,0
20763,28.597792057498133,1
20764,0.7907293987783207,0
20765,1.0797314130507385,0
20766,3.0976103388270473,0
20767,3.6098070877891595,0
20768,2.352357893538193,0
20769,7.682818865726556,0
20770,3.2756211661423738,0
20771,1.0352553116480638,0
20772,1.4862752233944148,0
20773,8.697655532117476,1
20774,4.755063843802774,0
20775,1.867061642801141,0
20776,2.0601054388693845,0
20777,3.0880646813656636,0
20778,1.592265034312912,0
20779,4.018428856061893,0
20780,2.6339043199201133,0
20781,10.824004444290885,1
20782,2.2558298053310466,0
20783,8.04169645467505,0
20784,5.9217473684205455,0
20785,1.5203582423549695,0
20786,8.734664169322365,1
20787,2.587438200116455,0
20788,1.7883539743499526,0
20789,2.7036641292826293,0
20790,4.704269461237001,0
20791,3.8340318926030807,0
20792,4.605504965197663,0
20793,4.2085296963433425,0
20794,2.8479970131330843,0
20795,0.9104976528627216,0
20796,3.4297232980300376,0
20797,3.051179980538337,0
20798,1.9144333510900124,0
20799,4.974333816580211,0
20800,4.782421472349171,0
20801,2.8865357402061225,0
20802,4.346167034428636,0
20803,2.419629905261661,0
20804,2.6720605382515705,0
20805,0.7645572174516369,0
20806,2.4743739001930454,0
20807,1.3430107323919838,0
20808,3.9778797085685462,0
20809,4.638781090263345,0
20810,3.6875620461030745,0
20811,3.7847932860761597,0
20812,2.6963316875561154,0
20813,6.8128724491031125,0
20814,16.11142432569474,1
20815,6.308454414904531,0
20816,0.6692656033190425,0
20817,1.0003902956867945,0
20818,1.825557971170674,0
20819,3.7135427819982874,0
20820,2.3942259177224825,0
20821,1.3793289802542263,0
20822,11.631508240433016,1
20823,1.95129602751981,0
20824,3.2426813212485737,0
20825,1.296465529300117,0
20826,2.5761654966287564,0
20827,4.369388694002924,0
20828,0.9137691885276814,0
20829,3.7614468802809635,0
20830,0.8272507327515602,0
20831,1.4028495780036534,0
20832,5.560158327450494,0
20833,2.778473726251008,0
20834,5.075561648427301,0
20835,1.8098101063919105,0
20836,2.371967016339997,0
20837,11.746588701544347,1
20838,4.741198540638361,0
20839,0.8932507108576417,0
20840,6.633943255756782,0
20841,0.9235130271022935,0
20842,0.4795709509065938,0
20843,15.566619941874448,1
20844,1.6867583210896657,0
20845,2.6296820966767727,0
20846,0.5001386369350767,0
20847,5.204615255484011,0
20848,6.396346063891596,0
20849,2.6430680696016093,0
20850,5.328188558272214,0
20851,2.8742343813055933,0
20852,2.1567222205887977,0
20853,1.5339460255013244,0
20854,3.4867536582108984,0
20855,6.03580159112494,0
20856,2.5758129428593177,0
20857,4.768264820775033,0
20858,0.6693641903617881,0
20859,3.2873909035017923,0
20860,7.598128175799428,0
20861,2.205994178297499,0
20862,2.3776030646445756,0
20863,3.4912057442507467,0
20864,1.8038426907952938,0
20865,2.85315009829739,0
20866,2.1096661284238722,0
20867,2.665083998687762,0
20868,3.278791531295574,0
20869,2.746356685364089,0
20870,5.635614656660635,0
20871,0.4086545669772859,0
20872,8.385998687492657,1
20873,2.8980455600195683,0
20874,8.06432447563964,0
20875,0.4800890600077354,0
20876,2.56477130546942,0
20877,3.263779792278833,0
20878,5.032571604310663,0
20879,3.9290461892277073,0
20880,4.192071579210784,0
20881,2.9203024510891087,0
20882,5.765996580882921,0
20883,3.9240924058497373,0
20884,1.1524341813289056,0
20885,7.054929398078026,0
20886,6.4829002178483455,0
20887,2.3815860311990087,0
20888,1.6160862525794155,0
20889,0.4980744689307232,0
20890,1.0252240257901764,0
20891,2.0115079910695837,0
20892,21.566230870426462,1
20893,1.9982677470301942,0
20894,4.932222988456883,0
20895,1.3177707437300872,0
20896,1.1248859627494765,0
20897,1.6349794622687237,0
20898,6.468954653974032,0
20899,1.8887373170744632,0
20900,6.298395744769207,0
20901,6.690956608707799,0
20902,3.400005412472124,0
20903,3.5379184771226133,0
20904,2.2275584696344324,0
20905,2.3524147700913995,0
20906,4.2125294407259535,0
20907,1.0997488544673912,0
20908,1.683623984964424,0
20909,1.2263453274490332,0
20910,2.4462621547343826,0
20911,2.4512161643133092,0
20912,0.5326793006977878,0
20913,1.8864301817767184,0
20914,0.9800230944877523,0
20915,10.79727385720903,1
20916,3.5247319007093494,0
20917,4.007470012553827,0
20918,3.137280600197288,0
20919,2.6515675747972764,0
20920,13.139814619459,1
20921,1.9971338964918928,0
20922,1.2285795616177364,0
20923,4.774395222353372,0
20924,6.157204479539857,0
20925,1.267768134413695,0
20926,6.960112631877144,0
20927,3.246545391891714,0
20928,0.5123569934564999,0
20929,2.377202160060782,0
20930,0.838102919622801,0
20931,2.3727235594052636,0
20932,3.288104081450302,0
20933,0.8604187682018674,0
20934,6.342834321524152,0
20935,0.7688369502268962,0
20936,2.410154539084457,0
20937,3.320774621215842,0
20938,2.394235384889075,0
20939,1.1989387513813556,0
20940,1.6463806792755655,0
20941,3.1316582169117195,0
20942,0.9503735142009168,0
20943,5.245831612510631,0
20944,6.007764341893475,0
20945,3.0197883351430606,0
20946,2.53589963962126,0
20947,3.6074743108288003,0
20948,1.1825757916997093,0
20949,1.661377032135026,0
20950,3.0560307791550056,0
20951,3.0792417790472015,0
20952,0.8117051759448163,0
20953,4.796920067252661,0
20954,1.2100465153067586,0
20955,3.251686378185153,0
20956,2.0400741685056505,0
20957,4.532300720894066,0
20958,1.633678306202339,0
20959,2.703547017299028,0
20960,4.071076980290059,0
20961,2.339016069314945,0
20962,13.026027725196958,1
20963,4.629078912291614,0
20964,3.8900310647649485,0
20965,1.7741289989014286,0
20966,2.8205059995610493,0
20967,14.040524617703646,1
20968,1.506476511172078,0
20969,0.9352180230759009,0
20970,2.764423263715897,0
20971,1.1928734596559734,0
20972,2.8533138820612476,0
20973,3.7420818408310463,0
20974,1.4300091073810608,0
20975,5.073511487823587,0
20976,3.085218174831181,0
20977,1.9879506366221074,0
20978,1.0612940405995408,0
20979,1.0523630503406567,0
20980,5.842046047126172,0
20981,1.2446821013279032,0
20982,3.356506068819573,0
20983,1.7625354935957056,0
20984,9.513442612471183,1
20985,3.1119114261465386,0
20986,1.8487913279510586,0
20987,5.524628955532987,0
20988,2.4664903209946014,0
20989,1.1148379180145116,0
20990,7.056088629236178,0
20991,6.454182801472361,0
20992,9.131524182431372,1
20993,5.494150475129057,0
20994,1.3497843767339524,0
20995,2.7607873497125763,0
20996,5.260632012585948,0
20997,1.8783600872701989,0
20998,8.117952341703669,0
20999,1.2099078123657836,0
21000,3.0718007171330703,0
21001,3.800687755635799,0
21002,3.6268673920262464,0
21003,5.6249613956515425,0
21004,3.6127180777505745,0
21005,2.3778713746986124,0
21006,4.347501618346174,0
21007,12.17637117207058,1
21008,6.17869847522328,0
21009,0.8237978401879865,0
21010,2.595241151875039,0
21011,0.832655618728952,0
21012,4.1958501043768335,0
21013,4.6450378342961605,0
21014,2.8040569721356277,0
21015,2.6448196748311465,0
21016,5.041932803333091,0
21017,2.0544787236088493,0
21018,1.1174076481684243,0
21019,1.6791200870280798,0
21020,4.31398010024672,0
21021,0.9212098916877658,0
21022,2.583643526586741,0
21023,1.1546526085055322,0
21024,2.4285113723748126,0
21025,1.7634573143111067,0
21026,2.008642990010488,0
21027,2.569642264778405,0
21028,0.9424052136787578,0
21029,1.2384851101771752,0
21030,4.657542201788731,0
21031,5.374117706402944,0
21032,3.9983593288707335,0
21033,2.1717359107687644,0
21034,1.741500141342165,0
21035,1.5609120528571987,0
21036,3.755923750764958,0
21037,2.188734332971817,0
21038,2.476265381913594,0
21039,1.863776263993203,0
21040,11.123354602051942,1
21041,0.6989793799385893,0
21042,1.8569435770876273,0
21043,0.5881434498539677,0
21044,1.3999697105735363,0
21045,4.293163557959646,0
21046,5.372789579169066,0
21047,16.80861226211045,1
21048,3.6306173021346804,0
21049,8.654452528703898,1
21050,4.078660387425155,0
21051,1.9099133767683776,0
21052,1.9494767967513789,0
21053,1.4434670333075745,0
21054,1.062502114866665,0
21055,1.1857947460533476,0
21056,2.8282181263295607,0
21057,6.4285048423942195,0
21058,2.46610172646975,0
21059,7.320689194789832,0
21060,3.5233081185209025,0
21061,4.853685427765357,0
21062,0.6524247894922313,0
21063,3.4780630187974153,0
21064,0.8232139242624414,0
21065,4.188747655047438,0
21066,1.3454524049756607,0
21067,1.594785362765376,0
21068,1.2054742072374236,0
21069,3.3659000914712256,0
21070,2.253619273050458,0
21071,8.394188893161305,1
21072,0.753419263409884,0
21073,5.077578634944603,0
21074,1.4413716198492565,0
21075,2.746213872713682,0
21076,4.9030330496956065,0
21077,6.887601430998867,0
21078,2.0838795572878133,0
21079,3.1138441291524948,0
21080,3.0647218116854953,0
21081,4.8722278542219914,0
21082,3.9302883321461537,0
21083,8.32110350174458,1
21084,2.490940531997272,0
21085,2.5454271030238056,0
21086,4.854306325913754,0
21087,4.487280557515373,0
21088,4.830178872111336,0
21089,3.1797302077222067,0
21090,4.078107836633188,0
21091,10.188106091703004,1
21092,14.186550722654,1
21093,6.089847307128621,0
21094,6.713556835071988,0
21095,9.707245657632361,1
21096,1.5374925802865775,0
21097,4.029498911796678,0
21098,4.157701924352905,0
21099,1.3038787338293234,0
21100,2.5625475878461788,0
21101,2.898498909760316,0
21102,5.195050110287302,0
21103,1.4900001969584586,0
21104,4.528195687231823,0
21105,2.6038944274336644,0
21106,1.2374950271161103,0
21107,2.613056481305178,0
21108,1.3804196694808695,0
21109,1.9780814586951159,0
21110,4.615298257946818,0
21111,1.5051802622891135,0
21112,4.816473348892329,0
21113,2.468354699942348,0
21114,5.370606731736955,0
21115,13.878547420059135,1
21116,2.231900057398558,0
21117,1.7980353812663188,0
21118,8.22355608739197,0
21119,4.697278452752377,0
21120,3.88063901977856,0
21121,1.1983548235051573,0
21122,9.403955773373356,1
21123,1.8859479823784107,0
21124,1.3973067830620838,0
21125,4.503793667333599,0
21126,1.5865440967535063,0
21127,5.47247981753787,0
21128,2.5587168365597903,0
21129,4.270927917672935,0
21130,1.656720282289918,0
21131,2.138566846155323,0
21132,3.9163489751229106,0
21133,4.530630440354321,0
21134,7.63232762256931,0
21135,4.41367666045795,0
21136,3.2527706803121466,0
21137,2.6390868099490707,0
21138,0.7192034328249902,0
21139,1.420747636905512,0
21140,5.425868974309469,0
21141,1.9129118531803033,0
21142,1.222280937376596,0
21143,0.9638233100209973,0
21144,1.1789033719996804,0
21145,2.966789923808814,0
21146,3.803136395930474,0
21147,1.114816180347492,0
21148,1.48467572431724,0
21149,3.59518765034323,0
21150,2.3678339221013323,0
21151,0.8813383903490243,0
21152,5.294339485256235,0
21153,2.221595293954304,0
21154,8.500895036080623,1
21155,5.094381205028865,0
21156,3.0918631866877018,0
21157,5.274631919693374,0
21158,1.7237912983681845,0
21159,2.3567220879945916,0
21160,1.9019571377726328,0
21161,1.921031129562248,0
21162,0.8549445983301108,0
21163,1.2647907957965496,0
21164,2.38170169872927,0
21165,4.507819897341146,0
21166,7.142526419247384,0
21167,1.464719867930871,0
21168,4.970376331984349,0
21169,2.9343484934849395,0
21170,2.9417853451574927,0
21171,3.731047087009914,0
21172,6.547311357098544,0
21173,6.172938722593583,0
21174,1.289430138928637,0
21175,3.7600226918072064,0
21176,1.5421938699962585,0
21177,2.7933094022213676,0
21178,1.686922593641049,0
21179,2.2310219338815926,0
21180,3.208237607988416,0
21181,1.7789886743300147,0
21182,1.8796766540717793,0
21183,3.7024443678235395,0
21184,1.9620604911288189,0
21185,3.2280693054933405,0
21186,3.569396952206896,0
21187,4.079362108042395,0
21188,1.7224037060795314,0
21189,2.0219473277863407,0
21190,3.4942081464134684,0
21191,5.4640115488663215,0
21192,1.9097321237428764,0
21193,2.1548494109428997,0
21194,5.448450514250847,0
21195,1.9045292625041703,0
21196,2.0450412710616446,0
21197,0.6981026779785053,0
21198,3.3614525067367493,0
21199,3.1689497514645923,0
21200,5.626222023080276,0
21201,5.695456744121872,0
21202,2.802009326471427,0
21203,3.781139749844338,0
21204,2.367479150152003,0
21205,4.506070709390981,0
21206,3.0475749483871297,0
21207,6.659941449349042,0
21208,11.146159448548527,1
21209,4.555541142977063,0
21210,1.109102314557695,0
21211,3.1029821164089877,0
21212,3.2895774321804945,0
21213,1.8068777839087113,0
21214,1.6687454929507377,0
21215,3.553501387627556,0
21216,1.5488880332263697,0
21217,3.663404875678076,0
21218,3.237038855989219,0
21219,1.1612339766538944,0
21220,3.099619889252581,0
21221,2.6275652693689575,0
21222,1.1798496535036533,0
21223,8.03102472043407,0
21224,3.6974577605539087,0
21225,1.8545654946893082,0
21226,7.621539005725128,0
21227,10.183331822234061,1
21228,2.145396833574578,0
21229,2.988533347967635,0
21230,0.820275573531622,0
21231,2.003047548771504,0
21232,4.18786644453409,0
21233,2.9025486243083307,0
21234,1.7835271462999727,0
21235,8.689698675487767,1
21236,1.4184315183239746,0
21237,1.5272662642661199,0
21238,1.5446346191927245,0
21239,15.319275143194172,1
21240,10.668624964451448,1
21241,1.9972331708455102,0
21242,0.816391014087868,0
21243,8.562578108298494,1
21244,6.967211347185211,0
21245,2.836522829126658,0
21246,1.9633088483309205,0
21247,5.251053222033588,0
21248,3.138422619239833,0
21249,4.534324357204502,0
21250,18.206206715098837,1
21251,2.322492156249455,0
21252,3.4150235464899787,0
21253,1.875887782040601,0
21254,1.6444601600904094,0
21255,2.6690654673272083,0
21256,3.292811792542941,0
21257,6.015840885342891,0
21258,12.005937509552417,1
21259,1.5604683259203058,0
21260,1.145254837553923,0
21261,2.184997395201949,0
21262,1.8720442382433584,0
21263,1.8770777503296936,0
21264,1.0891053321376036,0
21265,2.5215144927770274,0
21266,4.708855785419903,0
21267,2.1601093736406884,0
21268,3.4993539564309755,0
21269,1.8410763266959649,0
21270,2.496353590254133,0
21271,5.695785322955908,0
21272,0.8701012445831718,0
21273,2.224136480550477,0
21274,2.0876256487651603,0
21275,6.306788205538224,0
21276,1.3531176237173212,0
21277,2.277869886311513,0
21278,1.1364145494120703,0
21279,5.24293305203632,0
21280,2.8708447125728522,0
21281,2.0867466903428324,0
21282,5.918069462705044,0
21283,4.558140535762616,0
21284,3.8079749056006094,0
21285,1.725015806366847,0
21286,1.0650573760127804,0
21287,9.38806670186723,1
21288,2.750846294710637,0
21289,3.4389968522119867,0
21290,8.754906094503648,1
21291,0.8894107406977468,0
21292,3.9588590420944767,0
21293,2.2720112034937228,0
21294,2.7337738439501518,0
21295,2.0528812845484143,0
21296,2.037703010436591,0
21297,3.789342794330466,0
21298,4.667580160719334,0
21299,6.106380261625559,0
21300,2.057626307114773,0
21301,4.529129055115374,0
21302,0.8189320667512862,0
21303,5.074444571539915,0
21304,1.323702294506626,0
21305,2.183195246855336,0
21306,1.1378749729203699,0
21307,1.224733136365614,0
21308,5.586459976866503,0
21309,2.4822982959975524,0
21310,3.594512526791473,0
21311,4.300942462688726,0
21312,2.6500205741361724,0
21313,0.996723097667391,0
21314,3.847529847326754,0
21315,1.9334909557987032,0
21316,1.806638744783643,0
21317,6.261617778489379,0
21318,14.488278319509241,1
21319,3.6697105216026618,0
21320,6.540187788567317,0
21321,7.917329434389056,0
21322,7.160938164415453,0
21323,2.492316524150439,0
21324,4.0815948529917305,0
21325,4.4109657375107245,0
21326,2.8488177263774213,0
21327,4.387319757619832,0
21328,1.2097275000887349,0
21329,2.287262981350169,0
21330,3.891807018107181,0
21331,3.4959328376689913,0
21332,3.715934743999052,0
21333,5.217501323297754,0
21334,4.417870161346689,0
21335,0.9855831979279976,0
21336,6.7366403281820855,0
21337,3.394825890143896,0
21338,1.9111849319996574,0
21339,1.2533227794798572,0
21340,3.2780192520597127,0
21341,2.4555459568837437,0
21342,2.5396308774904504,0
21343,4.904605463292451,0
21344,2.0254150791862227,0
21345,4.946466906555774,0
21346,6.632079009245154,0
21347,2.383378060623247,0
21348,7.62133075991914,0
21349,5.343984420522981,0
21350,3.9861689344704603,0
21351,7.17808525915939,0
21352,3.0680868669104977,0
21353,1.6162751034348704,0
21354,4.6153896585829335,0
21355,1.7324357738356508,0
21356,1.4985108298190597,0
21357,1.2229226541254155,0
21358,3.565631093252352,0
21359,3.977570243326807,0
21360,3.4125429702109114,0
21361,3.0491669814585842,0
21362,7.182312916712292,0
21363,4.068590422924644,0
21364,1.6515569212588264,0
21365,1.591869274690886,0
21366,2.1135322645661296,0
21367,6.228823402075946,0
21368,2.8717617273142886,0
21369,0.8588696091323079,0
21370,3.085347689662348,0
21371,5.224652664757604,0
21372,4.130815797278691,0
21373,2.9863141796267363,0
21374,5.626576242145061,0
21375,10.077255043985616,1
21376,2.9031798549846495,0
21377,4.705785022435422,0
21378,2.612093186151164,0
21379,2.539686003852077,0
21380,2.455161167253623,0
21381,12.041045358868724,1
21382,3.647541510048304,0
21383,2.8516969579522082,0
21384,4.319166323652199,0
21385,6.46117908351809,0
21386,5.587956982557192,0
21387,3.591810937354251,0
21388,3.4822613742862205,0
21389,7.745369574545538,0
21390,7.443687726624341,0
21391,2.6848895312241328,0
21392,3.2405078096523545,0
21393,1.2599261017279264,0
21394,1.7032681391748377,0
21395,4.534386452840576,0
21396,4.775206216699193,0
21397,4.124390226622391,0
21398,3.104523247248238,0
21399,1.777066074968797,0
21400,2.4650824736832546,0
21401,5.954789703204518,0
21402,3.1904999269915892,0
21403,2.524045394296374,0
21404,1.759670283307716,0
21405,0.7227112311004025,0
21406,0.9044780397061032,0
21407,2.4164958688159546,0
21408,1.0256723939067287,0
21409,0.4399729078706586,0
21410,2.3435339355156275,0
21411,1.3913927162509918,0
21412,13.626680905134195,1
21413,1.151823970936713,0
21414,1.2937769758891902,0
21415,1.43968280021975,0
21416,2.9233129039251065,0
21417,2.58507555121696,0
21418,1.3701190529323146,0
21419,1.1845321615071858,0
21420,2.389742487381885,0
21421,1.9675307514139955,0
21422,4.302878260541399,0
21423,3.082524194570921,0
21424,3.1529437902685737,0
21425,0.8153842112544737,0
21426,1.4700596992804547,0
21427,3.4902229695443365,0
21428,2.317700652682493,0
21429,3.664850572206105,0
21430,0.7866474121792001,0
21431,2.7732681215932393,0
21432,3.7737620783163757,0
21433,3.278128358781068,0
21434,1.6374159949128915,0
21435,3.1134472793598404,0
21436,0.7804318085311163,0
21437,4.516110805769717,0
21438,1.7720071474846868,0
21439,4.674489794443539,0
21440,2.6628061063770208,0
21441,3.4815949914256428,0
21442,1.339608173334941,0
21443,2.508243405591375,0
21444,1.204783618987324,0
21445,4.0457200487166,0
21446,1.888266837616522,0
21447,5.222352825373419,0
21448,13.228543156411357,1
21449,1.1126553932123748,0
21450,1.3495111390514833,0
21451,0.8837787509583369,0
21452,2.0459237347869608,0
21453,2.0050262492492146,0
21454,1.5520823828892734,0
21455,4.527191711210361,0
21456,1.8546689226049908,0
21457,3.0818368188914422,0
21458,2.5660055334287506,0
21459,7.405182423924599,0
21460,6.486118055735777,0
21461,0.7419628798095645,0
21462,2.0601747903286567,0
21463,3.2242147112443535,0
21464,3.439617762547035,0
21465,3.262668458769227,0
21466,0.2991033956284468,0
21467,1.9485531561397116,0
21468,12.772389607711293,1
21469,0.7525955450196441,0
21470,4.300882080148317,0
21471,2.349856674594327,0
21472,10.929639099215668,1
21473,1.2197618895431317,0
21474,2.3319995171487107,0
21475,3.7162299525077254,0
21476,2.5025000900668974,0
21477,0.5504712530428562,0
21478,2.4558140735925327,0
21479,3.230582153264683,0
21480,7.4818399917723015,0
21481,3.791446110118379,0
21482,4.39999423217047,0
21483,0.642362161253493,0
21484,1.6367030849244861,0
21485,1.8365232066613943,0
21486,2.136926392190505,0
21487,1.1721065287853656,0
21488,0.7748100237919394,0
21489,0.42013898256657156,0
21490,2.0063957820769205,0
21491,11.352209208052749,1
21492,3.7257962835962237,0
21493,4.0987242564372695,0
21494,0.8339977321488943,0
21495,2.650519988019041,0
21496,8.392899323789475,1
21497,3.2986507913007435,0
21498,0.5281330991449816,0
21499,3.433572705299654,0
21500,4.574309744066512,0
21501,0.956193737896933,0
21502,1.72973945605193,0
21503,0.8191752127959695,0
21504,1.8494145384176819,0
21505,5.173076920983807,0
21506,4.991008886730419,0
21507,3.820504837497439,0
21508,0.9508059507554417,0
21509,7.7753273107487155,0
21510,2.9338442183988085,0
21511,3.238053044485035,0
21512,6.655306489410353,0
21513,1.7735940917515671,0
21514,2.2369296252591093,0
21515,2.899479039833934,0
21516,2.050115900623921,0
21517,4.323140189345117,0
21518,2.276389237256829,0
21519,1.409389617357401,0
21520,1.2902134875269824,0
21521,0.6006476651966823,0
21522,1.6972450358165694,0
21523,3.4819433578562085,0
21524,4.227460110929773,0
21525,0.6787345818495016,0
21526,1.2447088574841214,0
21527,4.403028959229557,0
21528,1.1684649432590792,0
21529,2.7684732855895837,0
21530,2.745367397763329,0
21531,0.6354387075956681,0
21532,3.624398990368121,0
21533,2.594549649248013,0
21534,3.9244397282855332,0
21535,3.1103831547587477,0
21536,2.6348281264704596,0
21537,1.2746514671726732,0
21538,1.1263065017517038,0
21539,2.939045534386787,0
21540,1.3200239330291195,0
21541,1.3799284531023477,0
21542,0.6312508379076408,0
21543,4.781312604600349,0
21544,2.509537783084165,0
21545,5.85581281320631,0
21546,0.40340409759914636,0
21547,3.683904912636686,0
21548,1.1678849296796963,0
21549,1.7493397683840108,0
21550,3.5287235312646876,0
21551,0.9937278907897661,0
21552,1.0170178430702572,0
21553,0.5706374946580806,0
21554,0.8025610317488199,0
21555,1.9147827999494473,0
21556,2.4291348551167604,0
21557,0.9533817818390069,0
21558,3.843205426344354,0
21559,2.8780093149552926,0
21560,2.5376876729501645,0
21561,1.6783865240179627,0
21562,0.5819651272723314,0
21563,2.845677851229526,0
21564,2.7187374427246285,0
21565,0.6443919346494642,0
21566,0.9341065352109893,0
21567,0.6283379942633431,0
21568,2.0635112167673384,0
21569,1.7776377482611163,0
21570,3.972338756960531,0
21571,5.72366334901869,0
21572,1.8455842364266535,0
21573,2.178819572256525,0
21574,1.5446605299855003,0
21575,0.5722001673723923,0
21576,1.8176759927333423,0
21577,1.7947371080512033,0
21578,1.2074133405735699,0
21579,0.9537525709710707,0
21580,3.1358892664780353,0
21581,1.73573990615945,0
21582,4.380460890291346,0
21583,2.2625992813808495,0
21584,1.766026105669912,0
21585,1.990911276889328,0
21586,0.5710001695107564,0
21587,0.9678336399287829,0
21588,1.5610821773341956,0
21589,2.7580172439352855,0
21590,3.1651980664795922,0
21591,3.3106467001872315,0
21592,4.648046868874915,0
21593,6.087151117464357,0
21594,0.9369736265625825,0
21595,0.7275278505939015,0
21596,1.5329955362096588,0
21597,4.604640065930919,0
21598,0.8437040419179451,0
21599,2.1627711430996968,0
21600,1.4727472015566754,0
21601,3.079513681966705,0
21602,1.0855764876543315,0
21603,5.341818506997573,0
21604,1.31594827783917,0
21605,0.7076269857852738,0
21606,1.2665199807696832,0
21607,3.2851525716078327,0
21608,1.8917691145276485,0
21609,0.5240121100918214,0
21610,1.5066958174179776,0
21611,1.7721065054231042,0
21612,2.23575442088736,0
21613,1.9273189221567406,0
21614,1.0792832698915527,0
21615,0.9426904524744507,0
21616,3.076171555778948,0
21617,1.1534141631699946,0
21618,0.7730306753543817,0
21619,1.8282998097147596,0
21620,2.13278144242564,0
21621,1.342052290412963,0
21622,1.5043541906642164,0
21623,0.48735374925811303,0
21624,4.117140691717585,0
21625,1.3657661196949298,0
21626,1.1126342319644782,0
21627,0.7393455229339262,0
21628,1.3871084588695788,0
21629,8.389931994741929,1
21630,10.38102827643839,1
21631,2.578060248323965,0
21632,3.8604318229970414,0
21633,3.0304407728734124,0
21634,2.780392108376621,0
21635,1.4980130353621781,0
21636,2.0315858904221797,0
21637,3.732419606031774,0
21638,2.331804260921642,0
21639,2.643568695551008,0
21640,2.825674594790045,0
21641,2.3675776007207174,0
21642,1.5644093924974984,0
21643,0.5326091418154502,0
21644,2.2875084315174874,0
21645,0.827820012650064,0
21646,1.4008120945517637,0
21647,2.4131333877180836,0
21648,0.986666056364745,0
21649,1.534866354748903,0
21650,2.2545687905697744,0
21651,1.334530516741453,0
21652,2.887225323220998,0
21653,11.831897991230361,1
21654,4.304549778629449,0
21655,0.43498800038636104,0
21656,2.6050454101054425,0
21657,1.124276764935961,0
21658,2.1153464106979727,0
21659,4.583673859288937,0
21660,0.8203136433212046,0
21661,1.3887030453309457,0
21662,0.8659317030907705,0
21663,0.5349620389429286,0
21664,0.9027869808715798,0
21665,1.518650713259794,0
21666,1.2225677251617846,0
21667,2.407871410135727,0
21668,1.143026271735271,0
21669,14.210544139944485,1
21670,2.923360082047969,0
21671,7.5588397920087145,0
21672,1.9022965823793272,0
21673,0.7228673055021687,0
21674,2.4290115493494455,0
21675,2.9034195067300206,0
21676,2.1338442228525163,0
21677,0.7369362965796137,0
21678,5.461299964093658,0
21679,1.2716390405854663,0
21680,0.5906587931157705,0
21681,0.2559607750374344,0
21682,1.2478842369600462,0
21683,0.28279793518985025,0
21684,0.7828854274136536,0
21685,5.0447870201856375,0
21686,1.2816264566164963,0
21687,1.6586143524988983,0
21688,0.42929716247972005,0
21689,1.120294533294081,0
21690,1.3777228085587472,0
21691,5.890650207631563,0
21692,3.1206046619697663,0
21693,0.3193238776000336,0
21694,1.2435527207256074,0
21695,1.086207543477718,0
21696,1.7528753616220072,0
21697,0.5247852209218508,0
21698,2.5471931341953806,0
21699,0.6196337788003176,0
21700,24.778366391314137,1
21701,2.3431471840759572,0
21702,1.4617962714844361,0
21703,0.7268749224940702,0
21704,11.315001640152342,1
21705,5.058171378924991,0
21706,5.21676209271071,0
21707,2.3193516383670447,0
21708,5.61540895763775,0
21709,2.7744574966271456,0
21710,3.7622201086270417,0
21711,2.263531228773467,0
21712,1.5068256943008351,0
21713,5.047983982748631,0
21714,2.4259664399133416,0
21715,1.3872605457090696,0
21716,2.364933485467183,0
21717,2.6522172881958053,0
21718,2.992917998718038,0
21719,0.8237662419987863,0
21720,0.6369552268640752,0
21721,1.2619540376807246,0
21722,0.43201382966689184,0
21723,3.1706796588436843,0
21724,2.7938415359632542,0
21725,0.9777204831854998,0
21726,2.210680514293705,0
21727,2.476333789186761,0
21728,2.4058577988327388,0
21729,4.587937634914649,0
21730,2.921773301588751,0
21731,3.146520263411231,0
21732,3.3398150540012215,0
21733,2.3556457723305093,0
21734,2.9094830283010062,0
21735,0.4493117941557872,0
21736,2.699189480073674,0
21737,2.047745940272005,0
21738,4.211520273488895,0
21739,2.1761220293058,0
21740,2.497446968110697,0
21741,4.6739819785633285,0
21742,2.6283699263725433,0
21743,2.182900360122615,0
21744,0.4626003547999972,0
21745,0.9111423140016421,0
21746,3.066014374761153,0
21747,8.839914149992866,1
21748,0.6292972295132112,0
21749,0.597251509129427,0
21750,2.129191422171903,0
21751,3.365897276778285,0
21752,0.9658278033590245,0
21753,1.1226415714338542,0
21754,2.307387095590518,0
21755,3.492884492854847,0
21756,2.596692811136677,0
21757,1.3796170981087628,0
21758,1.1076941124783248,0
21759,3.337610679902192,0
21760,1.9220237554709285,0
21761,1.381926826368054,0
21762,3.483895510081442,0
21763,3.3169699017683576,0
21764,2.5255571213166066,0
21765,1.1348957230273942,0
21766,7.439486894227092,0
21767,2.9767285088257243,0
21768,0.4663489830249709,0
21769,3.416341820051243,0
21770,1.9280447460848487,0
21771,3.4026669189478724,0
21772,0.9590056130034678,0
21773,1.9549082960791972,0
21774,4.262024405487547,0
21775,3.5545322229282275,0
21776,5.784722714666324,0
21777,2.946448546395132,0
21778,2.3233192257266193,0
21779,1.4898582140410532,0
21780,1.4005435705438023,0
21781,4.734884985095353,0
21782,1.4860292906278616,0
21783,10.719441700120774,1
21784,2.3050917707083936,0
21785,0.30617245011653654,0
21786,3.5029059649853544,0
21787,5.447610237039242,0
21788,1.4297647982694768,0
21789,3.7031637000800894,0
21790,1.686757975998506,0
21791,7.2248491411417595,0
21792,2.2376009186119945,0
21793,1.7847378843192192,0
21794,1.0130468869093205,0
21795,0.7083678489036063,0
21796,1.6643614663198576,0
21797,1.182303249453718,0
21798,0.5085112135147141,0
21799,4.00240747022942,0
21800,2.033434025741856,0
21801,2.3164797089139397,0
21802,3.4558996395155868,0
21803,3.2536793769418138,0
21804,1.7849229740191825,0
21805,4.234842035444029,0
21806,1.289429542697961,0
21807,1.6489319564700093,0
21808,0.8396014906636099,0
21809,4.325872071860696,0
21810,3.4791890372494962,0
21811,3.1548747407221582,0
21812,1.127277127828269,0
21813,1.0783654161770846,0
21814,1.5864236201634019,0
21815,1.8123059786369846,0
21816,1.8093807769278654,0
21817,1.0616806892401216,0
21818,3.6615335577602535,0
21819,5.440817371520755,0
21820,1.0736833232571539,0
21821,1.2956384222289017,0
21822,5.62619538173637,0
21823,1.9052495351961816,0
21824,4.151256395584929,0
21825,5.328787961155571,0
21826,1.6074781081119072,0
21827,3.138361902471104,0
21828,3.9257688254105405,0
21829,2.39200305680468,0
21830,0.2873257935418541,0
21831,3.0769990913766625,0
21832,0.6357350804588602,0
21833,3.393001870454371,0
21834,1.55400106831638,0
21835,0.9740697049965267,0
21836,1.054485170594569,0
21837,2.5696932913717694,0
21838,1.4215586405502971,0
21839,2.2699432558127555,0
21840,1.9627455323106773,0
21841,4.89708404668225,0
21842,7.234290405229641,0
21843,1.0858202020279473,0
21844,5.2932414426979575,0
21845,1.2137705859834065,0
21846,1.6596934028921093,0
21847,2.728750523858406,0
21848,1.2345119811619971,0
21849,4.295641263834851,0
21850,4.900672054806055,0
21851,2.375357834864238,0
21852,3.1822404549342864,0
21853,6.323607582104599,0
21854,2.1866533243544732,0
21855,2.006353392049915,0
21856,1.5469598466853278,0
21857,3.3368205804851425,0
21858,2.030587725828972,0
21859,1.5831005466991583,0
21860,1.9069299219474423,0
21861,3.7885726257575953,0
21862,1.9452345317984832,0
21863,3.839404311179039,0
21864,2.4022879961796217,0
21865,3.1346210507233327,0
21866,1.7919524615833764,0
21867,1.8664716506542547,0
21868,4.743224444285136,0
21869,1.5973398254512106,0
21870,2.8008532799976473,0
21871,2.2589984747900522,0
21872,7.047058305641417,0
21873,0.30405140219621957,0
21874,0.7964557109325108,0
21875,1.9481594553021957,0
21876,4.199310843726109,0
21877,1.0481757972619967,0
21878,2.2048514564359825,0
21879,3.8861430412195186,0
21880,3.0449655861465383,0
21881,0.8378934557243514,0
21882,5.242973077709574,0
21883,2.4810868825748993,0
21884,2.092727743855314,0
21885,2.4841550102086947,0
21886,1.9302345850914961,0
21887,1.6094921160197793,0
21888,1.4822004129148298,0
21889,0.8992501266890333,0
21890,2.935008457111056,0
21891,1.6451476847706188,0
21892,1.3329149870896666,0
21893,2.6177853824327504,0
21894,1.95132831124929,0
21895,10.256235245093398,1
21896,1.6052889769929264,0
21897,1.6758545996730545,0
21898,2.5117254279008017,0
21899,2.000152621904222,0
21900,3.110659217677167,0
21901,1.507848257680187,0
21902,2.6160618872628225,0
21903,4.10101779105901,0
21904,1.4115829125682424,0
21905,1.226658621266132,0
21906,1.818395048410151,0
21907,1.449776594366196,0
21908,1.2015902554429965,0
21909,1.7177730149161223,0
21910,1.880228462997787,0
21911,2.971368727146386,0
21912,2.1008832404280033,0
21913,1.1482339759980358,0
21914,1.285908905025873,0
21915,3.8629361042329746,0
21916,4.535791224582131,0
21917,5.109934832483703,0
21918,1.0385533926723078,0
21919,1.007621907894282,0
21920,2.887302886324019,0
21921,1.4288635801521214,0
21922,3.665771359916538,0
21923,0.6764189518255811,0
21924,1.4323053482568853,0
21925,0.6477596656253334,0
21926,0.5793083016639231,0
21927,1.558024404160246,0
21928,5.352216024838714,0
21929,3.5088669697072272,0
21930,3.6872531326007003,0
21931,1.3555552909504605,0
21932,0.2607183280527045,0
21933,2.1662169586787985,0
21934,0.4499043133861129,0
21935,1.4251806313500004,0
21936,2.14392883262453,0
21937,1.747286474284718,0
21938,2.7423933062930126,0
21939,2.7734914529756387,0
21940,2.7825198999831926,0
21941,3.7270547349944496,0
21942,1.0541637112422348,0
21943,6.152311229876224,0
21944,1.5153996378904324,0
21945,5.573308618279711,0
21946,2.744327530831977,0
21947,3.5340127653718056,0
21948,0.802727020293347,0
21949,1.0186256588062084,0
21950,3.622734037932643,0
21951,2.8655221192287788,0
21952,5.935137357068675,0
21953,2.023768357431955,0
21954,2.94155914238556,0
21955,1.1373098193886526,0
21956,0.9733674014451731,0
21957,0.29561397334420936,0
21958,0.6184130463111076,0
21959,5.2366856923116645,0
21960,3.600777768356676,0
21961,4.877946415538001,0
21962,9.857828300844854,1
21963,4.9151539088716625,0
21964,5.275655236382664,0
21965,3.358436918342622,0
21966,8.159407732161716,0
21967,1.757230021085095,0
21968,0.5128223816697693,0
21969,2.4125413115710397,0
21970,3.517130277146566,0
21971,3.390190752262082,0
21972,1.8635058692789779,0
21973,0.36635420602230934,0
21974,1.7428377878759207,0
21975,3.311967633549356,0
21976,2.7178776534736526,0
21977,6.6432395354702525,0
21978,2.521568067263478,0
21979,0.5640845085296651,0
21980,5.114417705370714,0
21981,3.96780661679546,0
21982,2.1222733171579593,0
21983,3.8943209394599116,0
21984,5.084945775038509,0
21985,11.1876092381083,1
21986,13.547595459409603,1
21987,1.7069919620513276,0
21988,1.84623048542563,0
21989,2.399679211896867,0
21990,0.722530327520613,0
21991,2.4013970477903843,0
21992,6.096787280995855,0
21993,2.4566441452475414,0
21994,1.042968530816433,0
21995,2.2621734278249246,0
21996,0.45580288733649266,0
21997,2.175207922516579,0
21998,1.144603955495618,0
21999,0.9507980844336625,0
22000,5.206751108998574,0
22001,1.8215854193016696,0
22002,3.5915945771394084,0
22003,3.438277620325633,0
22004,3.876808354263879,0
22005,0.9482654637288486,0
22006,1.5982645196626608,0
22007,5.113326352961605,0
22008,1.8201214152693699,0
22009,2.796755372847634,0
22010,3.2119993456713596,0
22011,1.8727768034097882,0
22012,1.9283777083287759,0
22013,6.770458340857474,0
22014,2.2825792284124518,0
22015,2.2254385829073717,0
22016,1.9655190585037554,0
22017,0.6018689231006908,0
22018,1.1294214089089254,0
22019,1.9866778783224264,0
22020,1.4693835264237785,0
22021,0.4008281890466907,0
22022,1.6893643222033,0
22023,1.6143350274046333,0
22024,3.574405451712971,0
22025,1.7868529358122287,0
22026,1.9845143527559066,0
22027,10.138247697243752,1
22028,6.371148803435512,0
22029,8.160402642684897,0
22030,1.7540214428448322,0
22031,3.8434680287478886,0
22032,2.381329832468817,0
22033,2.4100985770031174,0
22034,2.2749789558737645,0
22035,3.8045298211128395,0
22036,3.792979866574446,0
22037,0.8032881137689963,0
22038,6.211490654950079,0
22039,4.81422600232534,0
22040,1.8348943374969955,0
22041,1.5592210370196005,0
22042,1.5397505859003717,0
22043,1.3627099200041917,0
22044,4.123109878093134,0
22045,1.795812657936512,0
22046,1.4660163976351759,0
22047,1.8008528168629512,0
22048,1.5518489738571961,0
22049,8.13949963315863,0
22050,0.6744081481286816,0
22051,1.8610651488190006,0
22052,1.770213824976603,0
22053,4.346146641924489,0
22054,4.580513331655217,0
22055,2.8500570192685566,0
22056,1.3901782002000806,0
22057,1.4478132635528749,0
22058,0.44760059159883103,0
22059,0.8091852100210396,0
22060,1.9284371661386726,0
22061,1.1847542718815922,0
22062,6.407194901205953,0
22063,6.328042511550446,0
22064,1.2843636295914338,0
22065,1.700225097441298,0
22066,1.9036167657339278,0
22067,0.47531530904595165,0
22068,4.742499311864872,0
22069,2.887179217101402,0
22070,2.0995063770700253,0
22071,1.840214265032361,0
22072,1.631251933765704,0
22073,6.37070123832736,0
22074,2.0327101732931236,0
22075,1.9786787486852015,0
22076,0.8320744153125962,0
22077,3.164356886345482,0
22078,3.5356918662612844,0
22079,2.0596621050852666,0
22080,2.4107576517962395,0
22081,1.8650605588458562,0
22082,1.884513293734714,0
22083,2.0614412028700513,0
22084,3.131271999340694,0
22085,3.134554568287094,0
22086,1.273946983299851,0
22087,12.528223737047941,1
22088,0.8382820607201382,0
22089,6.095324173019669,0
22090,5.172595181198333,0
22091,1.6708554300405007,0
22092,1.5409378422476292,0
22093,0.40875783580418923,0
22094,2.8336036534515303,0
22095,1.0858999073405722,0
22096,1.7495532621813925,0
22097,2.256587993551345,0
22098,3.3738768387808857,0
22099,1.4689486037520139,0
22100,0.4492158676842327,0
22101,1.485548792170633,0
22102,1.3051082128045157,0
22103,1.7972176178228547,0
22104,3.550716358186469,0
22105,1.188425799288079,0
22106,1.5507202130444158,0
22107,6.697033895690175,0
22108,14.546585143253045,1
22109,1.5526368041065488,0
22110,2.1273832583508296,0
22111,2.112303770030957,0
22112,0.6336638040788792,0
22113,6.51336302801389,0
22114,9.69778470173905,1
22115,1.8244723451962164,0
22116,3.21922390011466,0
22117,1.7165596293050702,0
22118,5.567296632672235,0
22119,3.487960074777067,0
22120,3.4352628687414106,0
22121,0.6128491693135961,0
22122,0.4815644526570002,0
22123,2.83075600663572,0
22124,2.278302552509737,0
22125,5.951904528239501,0
22126,2.1358296202537326,0
22127,2.4941638526279344,0
22128,2.5701364027295086,0
22129,1.9468553084453242,0
22130,2.0794036369056177,0
22131,4.029902934106087,0
22132,1.1805868677479472,0
22133,3.8634913092480816,0
22134,1.3440106978242212,0
22135,0.5662206589887742,0
22136,1.4901822762655346,0
22137,1.9408328026265769,0
22138,1.9147258763457178,0
22139,2.90194640701995,0
22140,1.1127854517486604,0
22141,1.0486301265246956,0
22142,3.881171305251236,0
22143,2.0436726731099513,0
22144,4.037966318393437,0
22145,0.8306390359421201,0
22146,2.1576433788726015,0
22147,4.645607201591018,0
22148,1.0164498372444535,0
22149,3.081723328388368,0
22150,2.173527761537997,0
22151,0.7394172130461278,0
22152,2.6008573561282238,0
22153,1.1279112032038183,0
22154,4.204544242725091,0
22155,3.0294322893575307,0
22156,1.7963186545334262,0
22157,6.295010481682921,0
22158,2.7561754770557427,0
22159,0.39187652300168,0
22160,3.3482720373544814,0
22161,2.160165666933169,0
22162,0.37942862738131855,0
22163,2.0066027968308955,0
22164,4.972164162236407,0
22165,0.6219047790486562,0
22166,1.8703865465563392,0
22167,0.8954415143402906,0
22168,2.259151456688838,0
22169,2.8832491241838145,0
22170,1.1150635558506266,0
22171,8.446972691773729,1
22172,1.480477538585527,0
22173,3.4093690243086545,0
22174,1.3166462446677019,0
22175,4.122113392688006,0
22176,2.3277792535495534,0
22177,1.6952188678296871,0
22178,1.6549005686951193,0
22179,5.404080732521619,0
22180,3.8562267399901384,0
22181,1.0757635902141212,0
22182,1.7692958234267229,0
22183,2.3936491677408336,0
22184,1.3411281302719098,0
22185,7.045153683739696,0
22186,0.37697811844425455,0
22187,2.8732917387454013,0
22188,2.5194708139385398,0
22189,2.911038665459002,0
22190,6.43965411977731,0
22191,1.8243511564981476,0
22192,2.7997186723595613,0
22193,1.1878466252007,0
22194,1.319480015906419,0
22195,0.7932209126821512,0
22196,3.4069510792832545,0
22197,1.068454235114357,0
22198,3.2214616583591913,0
22199,7.925940075856528,0
22200,1.2822899645491412,0
22201,1.1117784566963655,0
22202,3.1863332936730613,0
22203,0.6440140776336938,0
22204,8.721244195743896,1
22205,2.1642482875914313,0
22206,0.4220305568408795,0
22207,3.265024057915128,0
22208,1.557157038453774,0
22209,3.8177821035956176,0
22210,1.9471604144433505,0
22211,1.8545159233518616,0
22212,3.2622444531081545,0
22213,2.249130193734263,0
22214,1.972546574554331,0
22215,1.4060959789264509,0
22216,0.6318749469178105,0
22217,4.315238876040994,0
22218,1.5877084263224688,0
22219,2.700020016515562,0
22220,1.8592678570347396,0
22221,1.1626130011170066,0
22222,8.465365062176797,1
22223,2.20671963272378,0
22224,2.258040910738228,0
22225,0.8078321881117866,0
22226,0.6219901661054744,0
22227,2.526534725597944,0
22228,3.850170240304816,0
22229,0.5988100047320967,0
22230,5.524737534017484,0
22231,5.027287870593669,0
22232,2.6624522172476377,0
22233,3.802611850116251,0
22234,3.886160229295361,0
22235,4.192838794571874,0
22236,0.8771134766962931,0
22237,2.9564356283423305,0
22238,1.1479005244952905,0
22239,2.5998287625817205,0
22240,1.6545232468676743,0
22241,1.9965344445192654,0
22242,5.738832509672381,0
22243,4.213329963764802,0
22244,2.835855863923202,0
22245,3.1929788059693425,0
22246,4.333437440802241,0
22247,4.3461618507025435,0
22248,1.2613242196699908,0
22249,1.1046199317935652,0
22250,0.9128343878852263,0
22251,4.077197068779147,0
22252,4.173173313378409,0
22253,0.3065390517674404,0
22254,8.777114710096953,1
22255,2.0089301091009046,0
22256,3.5867964973151842,0
22257,3.0649750324688134,0
22258,0.4667133575181796,0
22259,4.030021545393933,0
22260,0.6639101525619052,0
22261,0.45391044643868744,0
22262,6.812100518924519,0
22263,0.8295829372561402,0
22264,1.245334947305372,0
22265,4.758344621369133,0
22266,3.2440407451546913,0
22267,4.744582165026401,0
22268,1.1521419806467814,0
22269,3.1747759656627648,0
22270,2.8760235426465046,0
22271,2.006233136327072,0
22272,1.1954256368269944,0
22273,1.3302498641535565,0
22274,10.878662232197286,1
22275,1.5979701638198778,0
22276,1.6292690645293366,0
22277,1.1334772165927933,0
22278,1.9541927249142064,0
22279,0.7309895289526762,0
22280,2.3291783470891674,0
22281,1.2860403763606088,0
22282,1.2671802306616635,0
22283,1.678210414998459,0
22284,0.44334674542112373,0
22285,1.9151813174438308,0
22286,5.179677096618326,0
22287,5.74257919445314,0
22288,3.340469969614447,0
22289,2.234966910265528,0
22290,2.9038944610563266,0
22291,1.7235558343349306,0
22292,0.9970159300585091,0
22293,1.0764316655707236,0
22294,12.374245294622119,1
22295,1.561980560594345,0
22296,1.2335518552107572,0
22297,3.283550156949625,0
22298,5.376754769278103,0
22299,4.076970191861953,0
22300,1.3366209834762053,0
22301,1.8613025361191222,0
22302,5.718257978070862,0
22303,4.972647618254415,0
22304,2.198725417581346,0
22305,1.7922571335782038,0
22306,4.568718736444406,0
22307,1.6090750279558264,0
22308,0.4750612311096925,0
22309,1.7267705526666588,0
22310,1.5458080078723921,0
22311,2.037779286542498,0
22312,5.143493453782759,0
22313,2.6185451929406782,0
22314,2.8982631175419025,0
22315,3.830487456646941,0
22316,2.2261587497727127,0
22317,3.510818336462344,0
22318,0.3486624761969533,0
22319,1.6963566632892209,0
22320,1.6344682466853984,0
22321,3.913109788877747,0
22322,1.7177279478423424,0
22323,2.3661071713769237,0
22324,0.8971513820454681,0
22325,0.6549146051640464,0
22326,5.626950153798214,0
22327,0.4460526434561451,0
22328,1.1600306274496721,0
22329,1.0433647216569564,0
22330,3.0453474999759766,0
22331,1.7288430018174397,0
22332,2.5624851069908354,0
22333,1.7438571841161898,0
22334,3.0243902124826025,0
22335,2.5780596482441513,0
22336,0.7643013918148167,0
22337,2.5997412609561934,0
22338,1.7171446226755476,0
22339,1.7110255617260461,0
22340,2.1342345361537776,0
22341,4.555672077659278,0
22342,5.430284617277961,0
22343,1.8811219226413962,0
22344,4.609010609191089,0
22345,3.151612193476678,0
22346,5.584555601826853,0
22347,1.9171200239052006,0
22348,1.1718450765569821,0
22349,6.931756637467413,0
22350,2.3372730690508736,0
22351,1.275937060982002,0
22352,6.225762885315825,0
22353,0.8461337310405762,0
22354,3.095594260753268,0
22355,2.0782485654867933,0
22356,1.605050327548419,0
22357,2.164566556490746,0
22358,0.5762772416382538,0
22359,4.296750185957181,0
22360,4.235727395490816,0
22361,2.4854129407281675,0
22362,0.6921692825866007,0
22363,2.2818732152377645,0
22364,1.1508409372645403,0
22365,3.0666180775653444,0
22366,1.87554553633235,0
22367,2.677701789825461,0
22368,1.7595939227166717,0
22369,2.6774356455528032,0
22370,1.7097994110843517,0
22371,0.7213578684240879,0
22372,2.827196911136095,0
22373,13.650568745974576,1
22374,2.898567781876813,0
22375,2.664105657324184,0
22376,1.2644586689894681,0
22377,1.2728538844677304,0
22378,1.677286864756279,0
22379,0.5873313916328928,0
22380,3.544760915388656,0
22381,1.2089498164882342,0
22382,1.0194528665602216,0
22383,4.275445574035896,0
22384,3.136211816669713,0
22385,1.633094214190288,0
22386,3.4900730758968668,0
22387,13.823052784951134,1
22388,5.176702413673917,0
22389,8.858353082433537,1
22390,4.104933363070502,0
22391,5.928189437119514,0
22392,6.788041381343432,0
22393,1.060972750410445,0
22394,2.1507539529269897,0
22395,1.6906925770968615,0
22396,8.551379195987884,1
22397,1.3582177009483296,0
22398,3.3043380779176705,0
22399,1.340701065359055,0
22400,5.237684626295268,0
22401,3.7136078761015283,0
22402,0.7129870671589388,0
22403,1.293414621149301,0
22404,1.5950925566229883,0
22405,2.6396384149779855,0
22406,1.5843051499274423,0
22407,3.20055674480737,0
22408,3.093994006464321,0
22409,0.46208648473167185,0
22410,3.0488839971791526,0
22411,0.7052912695662318,0
22412,0.7429118680678136,0
22413,1.6637069673473646,0
22414,2.0856659338682646,0
22415,2.875146439486549,0
22416,5.176883315918969,0
22417,1.4426511261663586,0
22418,4.265727194718991,0
22419,0.9311844775404933,0
22420,1.383472380821297,0
22421,1.4013807811566883,0
22422,1.2083150322647438,0
22423,1.988882303269627,0
22424,0.4196112584707294,0
22425,1.7636175462914323,0
22426,7.356000272347857,0
22427,2.5676413741474784,0
22428,1.21466286529374,0
22429,4.01922628881311,0
22430,2.5863030362750163,0
22431,7.612461425254922,0
22432,0.7260262400630215,0
22433,5.997341425439154,0
22434,1.0277576355253344,0
22435,4.93076873093574,0
22436,3.2360477124437015,0
22437,3.3552773221401933,0
22438,4.044600624932843,0
22439,1.6281664447724005,0
22440,1.3172862631881614,0
22441,2.484667460767454,0
22442,8.15783271053865,0
22443,2.8363549852096153,0
22444,0.3068463861971687,0
22445,4.4782225345515485,0
22446,0.6236346381372019,0
22447,2.3478063739802293,0
22448,3.0537055080515665,0
22449,3.6192006554223144,0
22450,1.1834828707817495,0
22451,6.596597855812418,0
22452,2.0377148578480475,0
22453,5.410056839346404,0
22454,2.7702979610764573,0
22455,2.4215688167617118,0
22456,5.142881748544787,0
22457,0.9381103802686962,0
22458,1.2540020980364377,0
22459,1.811159157208032,0
22460,5.768338101979629,0
22461,14.050528324468056,1
22462,3.8396754137156774,0
22463,1.95484341152229,0
22464,1.9416757682605295,0
22465,10.875561600569812,1
22466,2.1390554698066087,0
22467,2.029087832468632,0
22468,0.6643013583954006,0
22469,2.0670434932364765,0
22470,0.913971316417715,0
22471,0.9222085251887616,0
22472,5.1084018908284285,0
22473,0.9371100720048643,0
22474,4.16661109144424,0
22475,0.8544870883663782,0
22476,3.862664782592949,0
22477,4.018588412363757,0
22478,3.5821669960861504,0
22479,5.053005912338981,0
22480,7.5831065256554275,0
22481,1.833564145789236,0
22482,2.023442402076127,0
22483,3.361591265885834,0
22484,1.3676629136902954,0
22485,0.5887398384309867,0
22486,8.47439144415916,1
22487,2.302624646385633,0
22488,2.7606933683359625,0
22489,1.4935185280010075,0
22490,0.4724382455179178,0
22491,0.8320673660246892,0
22492,1.037624914936464,0
22493,1.3901176770611137,0
22494,2.5759230726758466,0
22495,5.707493309748539,0
22496,1.1051021654595201,0
22497,3.3478942616888925,0
22498,1.0774569918857984,0
22499,8.732784316338606,1
22500,1.2754317890636018,0
22501,1.2387041359830417,0
22502,4.068985105197536,0
22503,2.416766640388224,0
22504,4.747056816017067,0
22505,0.5582017387979795,0
22506,1.3274749795060201,0
22507,3.797480716775963,0
22508,1.9067627193070669,0
22509,2.967577530806341,0
22510,0.7661967101799564,0
22511,3.38170629590877,0
22512,2.0082921148683393,0
22513,3.255564007495788,0
22514,1.072710895266462,0
22515,0.6762287090412886,0
22516,2.7656991093771666,0
22517,4.304527375308852,0
22518,6.936334131639714,0
22519,3.3346670443741457,0
22520,5.43406714468176,0
22521,3.7030304010946486,0
22522,1.3257656083231637,0
22523,2.299387945389531,0
22524,6.312466131107945,0
22525,2.3732207538725736,0
22526,1.6367253989510209,0
22527,2.7501190297998983,0
22528,1.601218151947969,0
22529,5.114674891601126,0
22530,4.37309963005307,0
22531,0.8437761838324388,0
22532,10.055277861238164,1
22533,1.3786367690668497,0
22534,1.8258717638191668,0
22535,0.7968241585985478,0
22536,3.2806082842700883,0
22537,0.940516880796979,0
22538,4.753516817291478,0
22539,2.858540423637581,0
22540,3.7803386170810307,0
22541,1.169301404465378,0
22542,3.3000896437317033,0
22543,1.77376925616935,0
22544,1.056008534506373,0
22545,1.792939989843649,0
22546,2.36790033798426,0
22547,0.932264915709281,0
22548,5.718779673521319,0
22549,2.987396892272133,0
22550,2.7122788837785476,0
22551,0.7273432699549235,0
22552,1.1990309320751678,0
22553,0.28983266340206243,0
22554,2.515926397609279,0
22555,2.858171570701324,0
22556,1.8368545706752097,0
22557,2.6029947811704917,0
22558,1.5073234078635023,0
22559,3.5173670488637963,0
22560,1.2306008575010834,0
22561,1.5201628474048552,0
22562,6.072786993993131,0
22563,4.250040981761574,0
22564,6.5012037311855675,0
22565,1.7047202513975401,0
22566,1.9505737337711062,0
22567,0.5207725174041167,0
22568,4.129690230852261,0
22569,1.6562118198669542,0
22570,1.5003880050119707,0
22571,8.006102360282183,0
22572,1.6567535941574068,0
22573,1.73675940549743,0
22574,6.152327579151811,0
22575,1.058214216830472,0
22576,0.9251944473033603,0
22577,5.345749577586312,0
22578,2.5570424183242575,0
22579,1.8428878338330306,0
22580,5.277745543741273,0
22581,3.2724592622421187,0
22582,5.2471854560182996,0
22583,4.139624382638325,0
22584,5.883736759081843,0
22585,2.274717949954443,0
22586,3.937401195988988,0
22587,4.567249710325411,0
22588,3.2062696863645725,0
22589,4.682927045685757,0
22590,4.186525374526437,0
22591,2.1252014257843412,0
22592,1.5157953505601278,0
22593,1.5575929334581864,0
22594,1.1470440397485007,0
22595,3.496242809622191,0
22596,2.222406432217599,0
22597,3.214232139667215,0
22598,0.9753449510429729,0
22599,2.5020234127795065,0
22600,6.108853282564436,0
22601,2.2088279867081426,0
22602,1.6684696001200257,0
22603,2.337588404259568,0
22604,4.754509925438025,0
22605,1.9695772235453897,0
22606,2.1890987407222804,0
22607,4.5584135574588585,0
22608,3.4496184559734284,0
22609,1.3085787310457433,0
22610,4.435603799772513,0
22611,1.7796018472413617,0
22612,5.434004026706163,0
22613,1.3720517894994093,0
22614,2.7324905258713716,0
22615,1.1077697395682757,0
22616,1.078885147780789,0
22617,1.4305588380068168,0
22618,3.417407106431932,0
22619,5.740520004260923,0
22620,4.792940836799385,0
22621,2.0038631964121136,0
22622,3.262385683172633,0
22623,1.8481207669448798,0
22624,1.7413598337254248,0
22625,8.14914853961012,0
22626,1.1865640457256263,0
22627,2.742808746259681,0
22628,2.1363423337090097,0
22629,2.4139995010992816,0
22630,4.391313573580181,0
22631,14.106423491499132,1
22632,2.6338608698226307,0
22633,1.4863362204098387,0
22634,0.6406413820092974,0
22635,4.422258500333203,0
22636,1.8736451963173544,0
22637,2.5113397462745306,0
22638,3.7655156428124643,0
22639,1.01627682525661,0
22640,1.636891027281453,0
22641,3.343421894808597,0
22642,1.5589408517213073,0
22643,19.46254735979772,1
22644,2.293728379685833,0
22645,9.99333984426034,1
22646,3.3244060355611444,0
22647,2.1597384374146453,0
22648,0.7800778442104136,0
22649,2.520221156377255,0
22650,1.8384926385571005,0
22651,0.625548561557876,0
22652,3.0079522198978976,0
22653,2.5035379212836077,0
22654,3.7951864486656115,0
22655,5.4213814899364445,0
22656,8.236333466556426,0
22657,1.5547650382300269,0
22658,1.507938392820652,0
22659,3.266901718867305,0
22660,3.541432218278792,0
22661,0.6479976782623486,0
22662,1.4402303533471263,0
22663,0.5733756844063681,0
22664,5.142527853554472,0
22665,5.784023925140885,0
22666,3.0251226857278946,0
22667,1.7268421274069918,0
22668,0.5210552710529753,0
22669,1.9962898151235784,0
22670,7.419003586019209,0
22671,0.8015287623693517,0
22672,3.614654084065606,0
22673,4.8008715210705075,0
22674,2.737351465731843,0
22675,3.4305283104278486,0
22676,4.699449408619449,0
22677,1.6409431751179757,0
22678,4.760667037701263,0
22679,5.286235814043956,0
22680,3.99069778621765,0
22681,1.2497642574864571,0
22682,1.0889969140303486,0
22683,2.298837375076559,0
22684,2.694965199676839,0
22685,1.618892983769394,0
22686,0.7915792414052214,0
22687,1.6304600196136625,0
22688,2.1586604078837413,0
22689,2.6655092495563926,0
22690,6.247658020422169,0
22691,7.49932611017228,0
22692,0.5085750137962468,0
22693,7.0299275067891225,0
22694,3.354422615572138,0
22695,1.3834262396810633,0
22696,0.7338959772345672,0
22697,23.505405749213292,1
22698,5.450241803428434,0
22699,2.611304213106219,0
22700,4.08262936483846,0
22701,4.885861103218607,0
22702,3.8720827787251304,0
22703,8.419431675585578,1
22704,2.428934573440278,0
22705,1.545587036196457,0
22706,1.7419632652331913,0
22707,0.9933489961519351,0
22708,1.2026640586663173,0
22709,1.2651027185166492,0
22710,1.086153043300976,0
22711,2.572588429676126,0
22712,20.88666904182351,1
22713,1.9527127633070818,0
22714,2.6085266522324475,0
22715,2.0491001689981543,0
22716,2.6585922572557648,0
22717,1.894726437205012,0
22718,4.642622329037664,0
22719,3.458809316853535,0
22720,0.6977018583814681,0
22721,1.34197622767958,0
22722,4.78102286766215,0
22723,13.832399722157666,1
22724,3.9131058502628746,0
22725,2.4343497412931883,0
22726,0.3195341200141549,0
22727,4.20595641088388,0
22728,1.8926233198533344,0
22729,2.3213048966306005,0
22730,1.492910925986739,0
22731,5.444019467018069,0
22732,4.135896423626198,0
22733,7.120001778791797,0
22734,0.6699517732304539,0
22735,3.167844681905371,0
22736,2.962572360657414,0
22737,8.447336280167624,1
22738,2.4346660117366445,0
22739,3.3423898597475556,0
22740,5.9788213054719375,0
22741,1.0930353596885125,0
22742,4.860980229401367,0
22743,2.619151340252127,0
22744,3.711225282886543,0
22745,3.4716484135426957,0
22746,3.677449254338993,0
22747,1.1264783216487169,0
22748,4.375117757204231,0
22749,5.456312320610709,0
22750,7.359334924707036,0
22751,4.5770310006670885,0
22752,11.186686217091875,1
22753,2.418330786991993,0
22754,4.207205084635672,0
22755,2.9420099187436493,0
22756,1.4765468052334285,0
22757,8.805739235253771,1
22758,3.202207354313253,0
22759,5.5849430403978095,0
22760,3.0609994869214954,0
22761,1.5648643997916132,0
22762,3.9336560819271327,0
22763,5.490019231909601,0
22764,8.214218876662468,0
22765,1.7288921183772128,0
22766,5.019959616145183,0
22767,6.700692479303305,0
22768,2.0017945140891973,0
22769,2.1962377884440674,0
22770,1.332868809200716,0
22771,1.2263009668990685,0
22772,0.45060873897909104,0
22773,0.9711703627868531,0
22774,5.7526337045010845,0
22775,11.173874626378446,1
22776,4.12959412932623,0
22777,5.980964663512217,0
22778,2.079609961810959,0
22779,2.9652516928914525,0
22780,0.9767643717576491,0
22781,1.7976250998508234,0
22782,1.0103893405837723,0
22783,6.166409597150375,0
22784,1.8275533624324738,0
22785,7.61285453697768,0
22786,2.9107278059154447,0
22787,2.1288593437167824,0
22788,5.658477641187645,0
22789,3.3276661642890657,0
22790,1.0943666330226298,0
22791,5.15226848783883,0
22792,6.765971440811101,0
22793,7.087181865324072,0
22794,0.6931784654329568,0
22795,4.837706106699023,0
22796,1.6849436419272847,0
22797,4.681235040405157,0
22798,0.4973368968284515,0
22799,8.283452768403142,1
22800,3.5776234014611945,0
22801,1.2306522486476188,0
22802,3.510583815355781,0
22803,2.519293428595768,0
22804,4.59437290307488,0
22805,7.4896352090679725,0
22806,2.368744632053709,0
22807,2.9591104030447286,0
22808,2.5466588907697303,0
22809,10.56489190902455,1
22810,3.538347544801613,0
22811,6.345944861607178,0
22812,3.4979100323102577,0
22813,4.070913175989533,0
22814,2.936878354884476,0
22815,3.9090007008203154,0
22816,1.7610306480717064,0
22817,3.629331308305843,0
22818,3.4330807136461012,0
22819,2.154845928811314,0
22820,14.382127093238068,1
22821,5.107603652594827,0
22822,0.8579846905575592,0
22823,4.89050775989372,0
22824,2.00262615301514,0
22825,0.44537561101298045,0
22826,2.539067940900367,0
22827,4.688532066003618,0
22828,0.9778196980122666,0
22829,9.02336616212079,1
22830,1.993564378106556,0
22831,3.375489182182201,0
22832,5.525959901292014,0
22833,4.382885671203325,0
22834,4.936307532310414,0
22835,3.310245208834036,0
22836,1.06848542475766,0
22837,15.786524033690378,1
22838,3.6304191574311386,0
22839,2.126848067527998,0
22840,2.154521344440696,0
22841,3.2871466817910457,0
22842,1.8874548922577903,0
22843,1.1807363370037522,0
22844,0.5622014162871429,0
22845,2.3390443162317096,0
22846,1.2483688430461606,0
22847,2.270700028502212,0
22848,3.4932899506944866,0
22849,0.40046359422929806,0
22850,32.32111466414747,1
22851,3.3890054106765306,0
22852,1.4456131616504189,0
22853,2.7310608681433908,0
22854,2.500116644753288,0
22855,3.5625073927513733,0
22856,2.434716989067501,0
22857,3.4401466879297202,0
22858,3.311532102082288,0
22859,1.612182887383983,0
22860,3.049031345033356,0
22861,0.6504271084049715,0
22862,3.017026882292841,0
22863,2.6334779588999138,0
22864,4.503279065402159,0
22865,4.3245977869528325,0
22866,0.49216307943285437,0
22867,2.225080671847672,0
22868,1.9454880000207457,0
22869,0.3639735200777369,0
22870,2.65919863149135,0
22871,7.399044565290585,0
22872,2.5543841708079866,0
22873,10.600843104948176,1
22874,3.6919148408266778,0
22875,0.8039599817263547,0
22876,1.2543552978068708,0
22877,2.371783388012614,0
22878,7.213835538809618,0
22879,6.665122377428262,0
22880,1.8844011775686884,0
22881,3.34233616678986,0
22882,4.343123460078461,0
22883,2.6164957815234255,0
22884,6.0037146292934835,0
22885,3.471897972301791,0
22886,1.4106505574150983,0
22887,3.854047526331858,0
22888,9.103136157978197,1
22889,6.990320870507649,0
22890,2.3693002855885057,0
22891,3.6310340878228136,0
22892,2.6521557947382095,0
22893,4.123202535352289,0
22894,2.1490028748866346,0
22895,3.8431766015831172,0
22896,4.934157005981546,0
22897,1.9594992291089746,0
22898,1.6870584928221117,0
22899,3.754700240589875,0
22900,1.1326010780819034,0
22901,2.0604633422218606,0
22902,3.224504812096446,0
22903,0.7647822637918108,0
22904,3.4175794479002786,0
22905,1.5745112038525293,0
22906,5.5879081128306805,0
22907,3.764178309288815,0
22908,0.5348013182858292,0
22909,1.7199129707725864,0
22910,0.4970586430268974,0
22911,11.244134149218805,1
22912,1.6929024271905637,0
22913,1.6265563724412078,0
22914,0.5741564728369873,0
22915,2.4394476082542833,0
22916,1.4909598794836116,0
22917,2.5533656035535297,0
22918,7.939981920360688,0
22919,3.405392109020007,0
22920,5.59542660030428,0
22921,0.5374669101251809,0
22922,1.5752554502501852,0
22923,7.9554499882614405,0
22924,1.532006343062061,0
22925,15.931019427690037,1
22926,2.2139642969395426,0
22927,1.982814322164,0
22928,2.6850705096825007,0
22929,1.493168017012318,0
22930,2.2157225196367563,0
22931,0.9981736437592443,0
22932,2.331019371168453,0
22933,2.126893862172627,0
22934,2.0540007494314785,0
22935,1.4906417234809008,0
22936,3.4408019663618985,0
22937,2.083637868988924,0
22938,1.743877421978764,0
22939,1.7076718565790059,0
22940,0.6969404516544877,0
22941,5.063079109983452,0
22942,0.9737731661664771,0
22943,0.6150423962931375,0
22944,0.9386348970182081,0
22945,4.112785468348746,0
22946,9.026901974954216,1
22947,1.5650473015923727,0
22948,3.8854305573054164,0
22949,5.0248189065853905,0
22950,2.17507196904949,0
22951,3.81846785569232,0
22952,3.1237062707315166,0
22953,4.618693431310211,0
22954,2.7526750204537453,0
22955,5.206056869141886,0
22956,1.4707276816810346,0
22957,1.1936145702994538,0
22958,2.1938483852931014,0
22959,1.3757964152081463,0
22960,2.2075888233522307,0
22961,3.31132710744862,0
22962,1.718729644848237,0
22963,0.9792780894141319,0
22964,3.9531048430237417,0
22965,6.865457468473,0
22966,0.400360972970419,0
22967,1.2336951077769711,0
22968,8.164445021265989,0
22969,3.9370045220398047,0
22970,1.110982686592973,0
22971,2.760787889932735,0
22972,1.7477841121679263,0
22973,3.459171721654848,0
22974,0.542279240533027,0
22975,3.0481758039734834,0
22976,2.29240900561511,0
22977,7.553236959589401,0
22978,2.0842976168753364,0
22979,1.2244484165137586,0
22980,3.5816145322470154,0
22981,2.207615984107101,0
22982,2.810049633066934,0
22983,1.4189480218052581,0
22984,0.9873571796738219,0
22985,6.5245394133279255,0
22986,14.932745357507319,1
22987,4.3252807790729815,0
22988,10.666029291816068,1
22989,0.7936383797929396,0
22990,0.5306009731017584,0
22991,2.1751304056438596,0
22992,1.9982030386764644,0
22993,3.98333623402263,0
22994,3.7860492826839343,0
22995,2.41035892386206,0
22996,1.731298106170209,0
22997,2.7487190293387895,0
22998,6.693199591649189,0
22999,1.7051929104753032,0
23000,0.8258447373429838,0
23001,3.589358564813849,0
23002,2.43850481650918,0
23003,19.710743395346476,1
23004,2.0089953322801053,0
23005,14.515453258331304,1
23006,2.8980273599178927,0
23007,1.2821908861566618,0
23008,4.286269469848792,0
23009,0.4622017129164656,0
23010,2.449180873614872,0
23011,6.005967610954136,0
23012,1.304627700710674,0
23013,18.034212249736655,1
23014,5.4118061164113795,0
23015,2.1426413276627616,0
23016,1.5227186100829466,0
23017,3.9157881460937296,0
23018,5.973826041600648,0
23019,2.374761440830039,0
23020,3.383535063620668,0
23021,2.2944473976771387,0
23022,1.9409813358960892,0
23023,2.0759894249033106,0
23024,3.9867684114954813,0
23025,1.6021641463767085,0
23026,9.277905216482974,1
23027,4.948415726577882,0
23028,2.210352763810663,0
23029,2.3579134201821215,0
23030,3.0152914812476856,0
23031,0.27585130719702167,0
23032,3.1001933648666418,0
23033,3.4044619588036884,0
23034,2.5693769663425465,0
23035,8.085657874742179,0
23036,24.521976838807632,1
23037,1.7546172369915356,0
23038,7.107458370140583,0
23039,14.439730001489023,1
23040,2.5165022648714257,0
23041,2.297279059721695,0
23042,2.448072851807129,0
23043,1.9775672880010486,0
23044,6.140544794908703,0
23045,1.6957860954490005,0
23046,2.7071492377866098,0
23047,2.633574531400728,0
23048,4.958721672889024,0
23049,14.578999497250182,1
23050,3.432866436594751,0
23051,4.0661529946180135,0
23052,0.38751255725813544,0
23053,0.8266513680956166,0
23054,4.211342361616196,0
23055,1.1481275674912794,0
23056,3.398046618661024,0
23057,1.0912252494117984,0
23058,1.5019075725740811,0
23059,8.220007360471621,0
23060,3.2478873215876214,0
23061,5.50196964500941,0
23062,1.5270868263848554,0
23063,2.7936093179773844,0
23064,2.6390057616667084,0
23065,2.2892415280616194,0
23066,3.2215397883459485,0
23067,4.122262095722134,0
23068,1.3297593240497092,0
23069,4.1554846292694485,0
23070,2.172353182484285,0
23071,3.3565610821593497,0
23072,2.2571651213055017,0
23073,1.374028531105833,0
23074,2.446214125166648,0
23075,3.5035258286978803,0
23076,3.5885943970000707,0
23077,0.4204498898729177,0
23078,6.790023017011136,0
23079,1.4456401994401524,0
23080,1.9878873970686322,0
23081,8.045239741092328,0
23082,5.42741818831477,0
23083,1.0816920471426479,0
23084,3.0127789074714126,0
23085,2.4077198413456884,0
23086,2.6244056568340572,0
23087,2.4022641665912348,0
23088,2.9422810681605496,0
23089,3.434115130692738,0
23090,0.4398232642685148,0
23091,9.612589099664724,1
23092,2.614476571460313,0
23093,0.5373357125291892,0
23094,2.3221620114010926,0
23095,6.91050161868567,0
23096,22.13846956323291,1
23097,4.7495186611659115,0
23098,2.308347314791102,0
23099,7.587461828298829,0
23100,2.193777471061919,0
23101,1.3440777172241931,0
23102,2.0086438900854895,0
23103,3.816714889886231,0
23104,1.349736407900526,0
23105,3.1472323564541553,0
23106,2.805271849778804,0
23107,2.423892040597393,0
23108,2.4613838905042105,0
23109,3.533293215626399,0
23110,3.357349262426858,0
23111,3.114728556859023,0
23112,4.287096722784327,0
23113,2.355723456319131,0
23114,0.9680899713464323,0
23115,1.2377050698268128,0
23116,1.3815141499089885,0
23117,2.3694825447325103,0
23118,1.9516547159389253,0
23119,1.9960121909357929,0
23120,1.2649451175198927,0
23121,2.403012997331892,0
23122,4.802224004044345,0
23123,3.309293964623326,0
23124,2.8802779490231125,0
23125,7.113358698541843,0
23126,1.476955413845211,0
23127,1.5241925200706659,0
23128,2.2235692492467387,0
23129,1.9657978992463814,0
23130,2.224915798832794,0
23131,0.9434375822621842,0
23132,0.646061902443401,0
23133,4.215970005758008,0
23134,4.504579714056995,0
23135,5.799713767053773,0
23136,4.790546127808046,0
23137,0.9044226424032656,0
23138,2.654186824228302,0
23139,0.5923431267344867,0
23140,0.5435256881839089,0
23141,1.4935072003585435,0
23142,5.451851428517271,0
23143,1.3396119838704819,0
23144,1.531339833147545,0
23145,0.7795436053480291,0
23146,4.726823146194344,0
23147,2.377712888525269,0
23148,10.776604734935926,1
23149,1.475838256286079,0
23150,0.6522632272759317,0
23151,2.144976585453733,0
23152,1.5226299867407025,0
23153,2.5178482415765187,0
23154,0.4825541924770466,0
23155,1.9729905471338183,0
23156,3.1235180286094253,0
23157,5.94772754425125,0
23158,4.5601980093459895,0
23159,3.304431047355267,0
23160,0.7869403340555513,0
23161,1.279711911925464,0
23162,2.223130636608402,0
23163,2.9700559447623793,0
23164,0.7267985326487271,0
23165,4.929092251443523,0
23166,4.096146519314126,0
23167,3.2805337772564624,0
23168,0.8590366680878563,0
23169,11.72650917163234,1
23170,2.203231122945669,0
23171,2.3968978299119468,0
23172,2.4386765337747507,0
23173,5.571380170614778,0
23174,2.9144746150617213,0
23175,5.536322166082949,0
23176,4.410536838205307,0
23177,0.841330179740378,0
23178,4.2806871942596025,0
23179,0.4212019530134084,0
23180,1.6962404377476417,0
23181,1.7759077201135867,0
23182,7.366206386650418,0
23183,0.7628001939102238,0
23184,1.6051770940666477,0
23185,10.123366454331983,1
23186,2.1845142411918377,0
23187,1.5687910907679452,0
23188,4.423920404743859,0
23189,1.0652344909765614,0
23190,13.007814226356993,1
23191,3.2863154090624964,0
23192,1.2527367203939181,0
23193,1.083975524572352,0
23194,16.47444720950075,1
23195,3.2139254288917813,0
23196,1.865394884244066,0
23197,1.243049972781796,0
23198,2.3329092529413624,0
23199,0.8977555255694976,0
23200,1.6137593023327814,0
23201,14.95102515059544,1
23202,1.687516017182273,0
23203,10.851784584566134,1
23204,4.222557962802482,0
23205,4.206083358723649,0
23206,2.3584980860356355,0
23207,3.88136361367616,0
23208,7.24585186552416,0
23209,1.4220453764906198,0
23210,3.443852232216029,0
23211,0.9903395809166337,0
23212,9.12812096456346,1
23213,1.2519158273299587,0
23214,2.7072520236544433,0
23215,4.0626213682726435,0
23216,4.845317832501597,0
23217,1.1139294084181808,0
23218,4.365766022757023,0
23219,1.5628720162835348,0
23220,4.364142504406568,0
23221,1.0876393362734385,0
23222,2.2892678414204424,0
23223,2.6058354661822904,0
23224,8.571719141860678,1
23225,6.125410515550834,0
23226,10.7948473350714,1
23227,2.3236013646224594,0
23228,0.5165904731545844,0
23229,1.9264717273554628,0
23230,2.5239850887468864,0
23231,1.5319367212240727,0
23232,0.482935142882073,0
23233,3.939190218616924,0
23234,2.215467498477113,0
23235,1.3532286940840748,0
23236,1.5323357411205265,0
23237,4.527596897910713,0
23238,0.9247493884493134,0
23239,6.741851184571926,0
23240,1.703568346056818,0
23241,2.478841385496013,0
23242,4.659070172521996,0
23243,1.6303818969460349,0
23244,2.3349662819911314,0
23245,1.6716381529886504,0
23246,2.1985357593865853,0
23247,1.0387036804840932,0
23248,2.439401750757494,0
23249,1.40673862879173,0
23250,0.7835189157976138,0
23251,0.6949759344644406,0
23252,5.285637588132852,0
23253,1.00512177384022,0
23254,4.337318664457445,0
23255,2.794251740032369,0
23256,5.074903031528274,0
23257,4.1780552650410305,0
23258,2.774616674511976,0
23259,2.546735287996626,0
23260,2.3961397717482478,0
23261,3.0516062972515647,0
23262,2.009511770646961,0
23263,3.319071125227191,0
23264,4.558882321257595,0
23265,3.877932316599906,0
23266,5.923492244602315,0
23267,1.3552448267154886,0
23268,1.9273243295797653,0
23269,3.3008448226565132,0
23270,1.468374942530745,0
23271,3.48035308761365,0
23272,2.5063842718714495,0
23273,2.06007659780582,0
23274,1.6608520398381825,0
23275,12.287933632205979,1
23276,2.1995041879469923,0
23277,0.43116285140466376,0
23278,3.246280352591197,0
23279,2.234768978615333,0
23280,3.501138468112766,0
23281,4.224952559999081,0
23282,2.2439686923590996,0
23283,2.1543330894664687,0
23284,8.22090753620351,0
23285,3.369092023171347,0
23286,3.1348734525584727,0
23287,2.923840686841474,0
23288,0.8533353870376313,0
23289,2.3487879497700876,0
23290,3.6248078957895853,0
23291,0.460420458463733,0
23292,3.745801436676829,0
23293,1.2343888104200889,0
23294,1.8645315146402772,0
23295,3.3897794858242194,0
23296,3.9099282975129057,0
23297,1.2859243524077117,0
23298,2.0651173426215226,0
23299,6.122795809208849,0
23300,7.294421927746829,0
23301,4.705362861312776,0
23302,3.3312441028998045,0
23303,0.6032935019967276,0
23304,1.6322881277954777,0
23305,0.5949300804819299,0
23306,4.248340518636362,0
23307,1.2246523988511697,0
23308,3.0785758252913946,0
23309,3.6502989923650193,0
23310,3.4812639782529535,0
23311,2.6206696657129926,0
23312,1.7962263565783763,0
23313,1.3843507779762292,0
23314,2.0916032755825555,0
23315,2.5648475291957746,0
23316,4.733173466760609,0
23317,0.4687424505918056,0
23318,3.051706263847623,0
23319,0.9776189677645147,0
23320,2.057906973741746,0
23321,2.4320928626413325,0
23322,2.7868583566796565,0
23323,3.8822554076157827,0
23324,2.592245839239856,0
23325,2.4228217280254314,0
23326,22.335439656614188,1
23327,2.1371628829393967,0
23328,3.039432446294224,0
23329,2.788086143224136,0
23330,0.7083765760383478,0
23331,3.4813283770339196,0
23332,2.244834236170226,0
23333,1.6281309842425056,0
23334,4.599118442589802,0
23335,3.0325036438772073,0
23336,2.152874123769776,0
23337,2.160850147309264,0
23338,3.2835268906475017,0
23339,3.2041787332972302,0
23340,0.31542018639864744,0
23341,1.3364623496382513,0
23342,3.403335309630889,0
23343,2.781880480037378,0
23344,3.750530937843676,0
23345,4.469293874943701,0
23346,2.3664963080883945,0
23347,2.846973540023037,0
23348,0.4109894144700748,0
23349,4.375707224234707,0
23350,1.6735381203654625,0
23351,2.4647525612402883,0
23352,1.5775921187287794,0
23353,0.36624002474720413,0
23354,3.5369099040168868,0
23355,4.302149425823887,0
23356,3.278976150334022,0
23357,3.6921272550518607,0
23358,1.2397769349623011,0
23359,4.750903348254879,0
23360,5.362271177482209,0
23361,8.575585600110479,1
23362,1.0647189494730716,0
23363,9.489291527548769,1
23364,8.599691077645735,1
23365,3.0786095843141004,0
23366,1.8695812515179653,0
23367,1.7381995168470141,0
23368,6.282019980004162,0
23369,1.587982382113308,0
23370,2.823234611168768,0
23371,3.0305406769752965,0
23372,5.3623855594119,0
23373,1.6991056571303707,0
23374,2.8401545316276087,0
23375,1.2638755440877418,0
23376,2.6285282565513817,0
23377,28.818386340519105,1
23378,3.0301862937802753,0
23379,1.3331673967377689,0
23380,1.2655235379514236,0
23381,1.4810579953844472,0
23382,0.45439952365781916,0
23383,1.9092616524163997,0
23384,1.5997009032129559,0
23385,4.689377217713272,0
23386,0.7763358364234515,0
23387,3.476254995752086,0
23388,2.2446781057481986,0
23389,2.771933868609613,0
23390,1.105523883959901,0
23391,2.6955922943286708,0
23392,1.0628004845912544,0
23393,2.892225788160022,0
23394,2.4373289790549295,0
23395,2.3080209511164513,0
23396,1.3381800039140928,0
23397,1.3511706413949323,0
23398,1.5940667068655443,0
23399,1.1455208705750215,0
23400,0.3267730069740508,0
23401,2.21905238005761,0
23402,1.936185142172143,0
23403,1.0809949702284347,0
23404,3.229383105965552,0
23405,5.331837680526686,0
23406,8.627576643930286,1
23407,4.879650876357104,0
23408,3.995588597748179,0
23409,5.455548309935523,0
23410,1.7763969180747519,0
23411,1.5983344745736767,0
23412,4.894572995459085,0
23413,0.403971398933763,0
23414,5.604260302053844,0
23415,4.756985615103022,0
23416,2.491486541760179,0
23417,3.9868488930668065,0
23418,0.8557212656457188,0
23419,11.720853519390518,1
23420,2.115823277236677,0
23421,1.5247989796776955,0
23422,5.420458713400759,0
23423,0.558684794893329,0
23424,10.321411651710084,1
23425,8.299038480608356,1
23426,1.865854954287023,0
23427,3.302415720469577,0
23428,1.395870096211614,0
23429,2.31960178192414,0
23430,2.6618775854469847,0
23431,0.34937314591494667,0
23432,0.6842743296938198,0
23433,2.7370487179654286,0
23434,3.3469434031186664,0
23435,1.0421403778078955,0
23436,4.501252446941889,0
23437,0.4206626249592818,0
23438,8.717301672691693,1
23439,7.694358442049264,0
23440,3.0217688734441053,0
23441,3.31793467721839,0
23442,4.074178302559889,0
23443,1.8566828034015537,0
23444,2.831939490997466,0
23445,13.37269616809189,1
23446,2.4150365872717874,0
23447,1.5008614349091691,0
23448,3.596282594125111,0
23449,25.303213348971024,1
23450,3.5023426672917424,0
23451,4.270203883225586,0
23452,2.395063982421993,0
23453,0.7711331178225554,0
23454,0.7470308704132239,0
23455,5.733892077822196,0
23456,6.004393944382575,0
23457,2.3961045854127625,0
23458,7.4743393530658295,0
23459,3.0126517606628656,0
23460,6.382818622001339,0
23461,2.319126913654743,0
23462,1.7912089134233635,0
23463,3.190241673790377,0
23464,2.3479301840907585,0
23465,1.493724952626596,0
23466,7.181000563032423,0
23467,10.226384027816083,1
23468,2.41022876421372,0
23469,2.671289532835936,0
23470,2.9525994164813456,0
23471,2.7305558190443953,0
23472,3.465717722823437,0
23473,4.022688800413063,0
23474,14.783985009355764,1
23475,0.5357777720772394,0
23476,10.988416270753714,1
23477,2.66797959187002,0
23478,2.77683342842487,0
23479,1.0307355030232805,0
23480,0.46370566383215833,0
23481,2.402315455937931,0
23482,1.2045815434329474,0
23483,0.8432504796687295,0
23484,7.822619714761245,0
23485,1.5250709443385728,0
23486,9.125255469189197,1
23487,1.2345234194085675,0
23488,2.177725263939698,0
23489,2.511586996504978,0
23490,2.2513948437746927,0
23491,0.7544705752338515,0
23492,2.0965083745172497,0
23493,2.7956902925444598,0
23494,2.0999978527355916,0
23495,2.200452023218436,0
23496,0.9821206359713558,0
23497,12.25805998649896,1
23498,8.866055877125369,1
23499,4.600007292836837,0
23500,1.3597155744554579,0
23501,2.167009274225556,0
23502,4.392167544304694,0
23503,4.721585331238645,0
23504,2.3803575515253526,0
23505,2.8189330419755803,0
23506,3.268039527602599,0
23507,3.04700728357767,0
23508,2.17762563794477,0
23509,10.531560459528505,1
23510,1.7095616445408075,0
23511,4.754632003216544,0
23512,1.6116593316595462,0
23513,2.8261074112358804,0
23514,5.088094666903996,0
23515,2.417499744778369,0
23516,2.625231611664865,0
23517,7.535499903676486,0
23518,10.735938449799319,1
23519,3.0577679200606083,0
23520,0.4570255723942606,0
23521,0.8898800545636002,0
23522,1.5961978728233541,0
23523,2.8719147896222563,0
23524,2.047016884731487,0
23525,1.4290620062096882,0
23526,5.025778208669264,0
23527,5.758785831412294,0
23528,4.708144371137942,0
23529,2.893574799489301,0
23530,2.6962229906192428,0
23531,1.7786544108914177,0
23532,2.811388137854946,0
23533,4.213028442898231,0
23534,1.0874901408970759,0
23535,1.0147795147705228,0
23536,2.7764738434089042,0
23537,4.283409735503977,0
23538,9.227760233785936,1
23539,1.4474903046303382,0
23540,5.1842861542922485,0
23541,1.9068717153181194,0
23542,2.431798342155649,0
23543,2.2135409462616313,0
23544,12.713974859345253,1
23545,3.475287120159955,0
23546,4.813781740343846,0
23547,2.961569227684396,0
23548,2.7395601988924807,0
23549,1.0673649716031257,0
23550,1.429709155328468,0
23551,1.4645173506192657,0
23552,3.997887105124931,0
23553,1.7008076512749262,0
23554,2.9029729511675315,0
23555,1.9338519014536255,0
23556,11.74280720618378,1
23557,1.2463637918376347,0
23558,2.707913269674609,0
23559,1.2171583192513302,0
23560,1.2796622685295966,0
23561,1.2388940223684317,0
23562,4.683243055486906,0
23563,1.7986083077372055,0
23564,4.131349875989945,0
23565,3.7423441288247874,0
23566,4.675834430002622,0
23567,2.0752870108477217,0
23568,2.0740891314633028,0
23569,1.1296157448084403,0
23570,6.910038732787831,0
23571,0.6444967644375504,0
23572,3.296663804784792,0
23573,0.5877357233377256,0
23574,2.4560279052754725,0
23575,0.3434390007912313,0
23576,0.5066650973654475,0
23577,4.8480830272301185,0
23578,2.9426851920611896,0
23579,2.536951375362425,0
23580,2.9257290556993794,0
23581,2.7723171469771213,0
23582,1.178879368640665,0
23583,1.6073128578217148,0
23584,1.7963256618013035,0
23585,5.701139122680089,0
23586,3.764032649698424,0
23587,0.45334738802324587,0
23588,5.273441142575237,0
23589,6.735838996338447,0
23590,0.9005393861093264,0
23591,1.240269996432234,0
23592,4.114064083726423,0
23593,2.337347520919472,0
23594,2.556675192261808,0
23595,2.628300986967737,0
23596,1.6071881126275522,0
23597,4.067629249767468,0
23598,3.3150819507356704,0
23599,1.7063324296065734,0
23600,2.5534755368451267,0
23601,1.2872953370860722,0
23602,5.625986115740073,0
23603,3.2609856611455212,0
23604,2.107355578312944,0
23605,1.5035753206031117,0
23606,4.730803619803431,0
23607,4.631787037975461,0
23608,0.5196866114099443,0
23609,3.0099248346023932,0
23610,0.721373055062968,0
23611,1.364193392060284,0
23612,7.155734314390554,0
23613,2.5236276657097507,0
23614,1.4891518056130368,0
23615,4.794100784553746,0
23616,6.790460857771152,0
23617,2.332444087246996,0
23618,2.4105434798352308,0
23619,0.4551910072006207,0
23620,4.567446530074703,0
23621,3.749496608413598,0
23622,0.6587765541258744,0
23623,4.180037408706063,0
23624,5.622492550062584,0
23625,3.2426964155211153,0
23626,2.1900563076954773,0
23627,4.168859975050018,0
23628,1.8804064853812084,0
23629,3.9308194965891756,0
23630,4.365479047782353,0
23631,1.8738205346100831,0
23632,2.3799408567602147,0
23633,1.363488021253048,0
23634,4.332791484365137,0
23635,6.641473468261504,0
23636,10.469707651527246,1
23637,2.333476750057787,0
23638,10.89650662340789,1
23639,0.4274296104799811,0
23640,3.3831922127975362,0
23641,0.5198732822134559,0
23642,3.094879014185489,0
23643,2.058646091576018,0
23644,3.5045627515652806,0
23645,3.2240232391449717,0
23646,1.8229329014560747,0
23647,4.122885748359767,0
23648,0.5212821194967524,0
23649,3.618768120534203,0
23650,0.7409363675014332,0
23651,4.0134848384604,0
23652,5.593901910247543,0
23653,2.294554913476632,0
23654,1.80363745858172,0
23655,0.4206983396517921,0
23656,2.9756852771075115,0
23657,3.847655145454755,0
23658,4.6384365964738405,0
23659,0.9993630180401262,0
23660,1.0972160106570095,0
23661,1.1797542839471713,0
23662,2.5586460561615527,0
23663,8.712553452682108,1
23664,3.6498984901491154,0
23665,2.5493303869880317,0
23666,4.865120014042523,0
23667,0.6421535774269232,0
23668,1.6070938606897613,0
23669,1.4481807913864133,0
23670,2.620272922743011,0
23671,3.8160366439964397,0
23672,4.837057331266009,0
23673,8.806116501790404,1
23674,3.396038097739706,0
23675,3.1012701159835525,0
23676,4.309613811236787,0
23677,1.0449558369076923,0
23678,1.6786701084902311,0
23679,0.41938590046634866,0
23680,3.8487716699591124,0
23681,5.0378627317324645,0
23682,0.7814746950245589,0
23683,1.3702963684642302,0
23684,2.295174992689503,0
23685,1.6069869811353557,0
23686,12.657615169691288,1
23687,1.725675738494051,0
23688,4.5557768406516,0
23689,3.0732633135066036,0
23690,3.6753891545794533,0
23691,3.078988847452527,0
23692,2.5121334563053823,0
23693,1.704616590798948,0
23694,4.848033332165896,0
23695,5.518114414321082,0
23696,3.6258485973862378,0
23697,2.44784205347727,0
23698,1.637234328115501,0
23699,2.6236488330049785,0
23700,2.5878199337517316,0
23701,2.26701234069191,0
23702,4.090473544075271,0
23703,4.703317201165083,0
23704,2.229848543458701,0
23705,5.524944103463311,0
23706,3.1208282991451557,0
23707,5.158782658075159,0
23708,4.548873427126884,0
23709,1.9404693331317566,0
23710,1.8462723647592238,0
23711,3.6476397153054547,0
23712,3.738001779227122,0
23713,3.0535994237572024,0
23714,2.0968473305798594,0
23715,6.657826908766143,0
23716,2.8883495205657366,0
23717,1.6369239063252212,0
23718,9.548866987415813,1
23719,1.3238288060259051,0
23720,1.4806899400790636,0
23721,4.676992773868984,0
23722,2.413589346707681,0
23723,1.3781611688798618,0
23724,2.144312941776291,0
23725,8.838911647843245,1
23726,2.6436254890873943,0
23727,14.386534016171796,1
23728,1.2175959980131073,0
23729,0.711995943664102,0
23730,0.886542703063769,0
23731,3.4771237927231096,0
23732,5.254743673939421,0
23733,1.4580602342835072,0
23734,3.375119035673819,0
23735,3.9381222799756075,0
23736,1.4794341833329794,0
23737,1.1494091161001518,0
23738,1.3712272186252215,0
23739,5.083367225383956,0
23740,1.2225446853049213,0
23741,1.0348736226648376,0
23742,2.274485793195169,0
23743,4.228267339181637,0
23744,2.035325132620874,0
23745,1.0837035734836011,0
23746,3.3722227947142978,0
23747,3.753405800478397,0
23748,4.768688008163042,0
23749,3.9921688047369512,0
23750,2.318002252679434,0
23751,2.7115131093607987,0
23752,12.431262648313425,1
23753,1.5768510548274621,0
23754,2.784295758317538,0
23755,1.068081425136573,0
23756,8.835020234475428,1
23757,5.3885516698341425,0
23758,14.093913366722244,1
23759,2.435590567498198,0
23760,7.797359656987809,0
23761,1.7922281162855167,0
23762,3.087260881913324,0
23763,5.438404807765677,0
23764,2.1260664466601895,0
23765,5.199162521426238,0
23766,1.5752201106065413,0
23767,1.265670808516496,0
23768,1.9205957120607697,0
23769,2.4089409263949997,0
23770,3.450166244476869,0
23771,2.040409035567072,0
23772,1.433998205747578,0
23773,2.938185160260863,0
23774,0.8434127623016844,0
23775,1.6298280810583288,0
23776,1.8644171119542523,0
23777,1.4548655663595944,0
23778,2.1227844434023697,0
23779,3.973729290845333,0
23780,1.7429672048066565,0
23781,1.6534584944454112,0
23782,0.8771758195993197,0
23783,2.5041889016934937,0
23784,2.944470667398143,0
23785,6.010197832264333,0
23786,1.8194293532894057,0
23787,5.329136359741369,0
23788,2.1565707986803107,0
23789,2.418794627404471,0
23790,1.1547426071483795,0
23791,4.089739154741457,0
23792,1.1888379275058327,0
23793,1.2042085963713924,0
23794,1.7748460518779365,0
23795,1.3658143030858017,0
23796,4.568251627644968,0
23797,4.922044850902746,0
23798,2.2717415959625686,0
23799,11.30879725167224,1
23800,6.6976240550061314,0
23801,1.3167015546633727,0
23802,2.946848192754524,0
23803,1.9886788634589776,0
23804,8.360311840856792,1
23805,1.7450495890706716,0
23806,3.813652871757303,0
23807,3.159890912504635,0
23808,6.795782184823866,0
23809,4.135715946697756,0
23810,1.818381785598937,0
23811,7.527063320446322,0
23812,5.212610517655781,0
23813,1.2483541679813002,0
23814,1.9760309553493707,0
23815,23.80716376393862,1
23816,3.5201414425828945,0
23817,4.353228535155967,0
23818,0.6918854903547625,0
23819,6.301845850986007,0
23820,2.2084526157170274,0
23821,3.347206696741921,0
23822,5.265828682015807,0
23823,2.3588298339965754,0
23824,0.988300203260136,0
23825,3.5147892211735603,0
23826,2.160859078349017,0
23827,4.654174068992476,0
23828,3.672166457728602,0
23829,3.3832769204051494,0
23830,3.095511016036709,0
23831,3.7157616782924405,0
23832,3.4917188330125173,0
23833,4.8760837876741805,0
23834,3.6473759987398795,0
23835,2.5677799903206147,0
23836,2.0890589150174446,0
23837,3.887489375761073,0
23838,2.3001463486638984,0
23839,3.7769183652980884,0
23840,5.364566289349456,0
23841,4.240060928079741,0
23842,1.8978298440125545,0
23843,2.1203140044308006,0
23844,1.0073594265923833,0
23845,2.993065021174511,0
23846,6.722013350595064,0
23847,1.5120647205711637,0
23848,2.5845968256496517,0
23849,1.6486587679245566,0
23850,4.612770980780657,0
23851,7.345064315656803,0
23852,2.794984540942111,0
23853,16.756374289731966,1
23854,0.917557870281125,0
23855,1.8004249505884073,0
23856,3.043384872485312,0
23857,6.133027305463002,0
23858,1.0205024763693669,0
23859,1.8160342997035115,0
23860,18.442977800523103,1
23861,5.380461059231359,0
23862,3.792355186542437,0
23863,1.4744843097900684,0
23864,2.0414873314138027,0
23865,4.0971476306391805,0
23866,4.650057910792429,0
23867,2.776800685447735,0
23868,1.9279988358637898,0
23869,4.876821784175119,0
23870,6.126477814044647,0
23871,0.5055314482349978,0
23872,8.512458136872455,1
23873,2.7241929001243936,0
23874,3.032405573868205,0
23875,1.2730939008707398,0
23876,1.7199948105240623,0
23877,0.2862899319530576,0
23878,0.7156367596284029,0
23879,0.9319935054069023,0
23880,1.7506041447686742,0
23881,3.8620526991290594,0
23882,0.8835973699788826,0
23883,3.5882597788385198,0
23884,0.9306231399240563,0
23885,0.7324282778264772,0
23886,3.958825392238766,0
23887,3.559990284484107,0
23888,3.286225784134885,0
23889,1.5061840076946573,0
23890,1.0234656717378572,0
23891,3.5562903910682357,0
23892,1.3374697964498323,0
23893,7.908820267082487,0
23894,4.1548833611763385,0
23895,3.0434015115451567,0
23896,2.6476392332364775,0
23897,0.9361512586303214,0
23898,3.6703132359270016,0
23899,4.722193995554745,0
23900,1.6835034217894593,0
23901,1.5460288243889764,0
23902,0.910398412041118,0
23903,1.6793813484456195,0
23904,1.1946029031481358,0
23905,1.684110142402719,0
23906,0.724708399551437,0
23907,0.561957611277515,0
23908,1.323181653887214,0
23909,6.175519336683104,0
23910,0.9968422468902022,0
23911,2.2680084462024466,0
23912,1.9123676308698951,0
23913,1.486528576556642,0
23914,0.662763456958223,0
23915,3.1996028169195743,0
23916,3.594814215635751,0
23917,1.3398122244651798,0
23918,2.685255476706216,0
23919,2.599998345204426,0
23920,1.7340631666548485,0
23921,1.6217684610864518,0
23922,1.6581310712253072,0
23923,1.1166750480129026,0
23924,7.401672363975096,0
23925,1.1020841839617004,0
23926,4.024908686164248,0
23927,3.9957952166098645,0
23928,0.7872810758949373,0
23929,0.6607873331853672,0
23930,2.3750251919049172,0
23931,2.5852954673253503,0
23932,0.8264361797650068,0
23933,2.1728496468974314,0
23934,2.385144901493379,0
23935,3.7554499657845133,0
23936,1.7392977348901453,0
23937,6.392257652351632,0
23938,1.4392826780566275,0
23939,1.7344943375182793,0
23940,3.561034706997506,0
23941,6.9667415570579925,0
23942,1.1373180420442996,0
23943,2.7061553526779756,0
23944,1.1171214474486186,0
23945,1.7336522885195447,0
23946,1.6765941097668653,0
23947,2.171301816668257,0
23948,2.4805837266867408,0
23949,3.61098487069282,0
23950,2.397898057012255,0
23951,3.873778157158411,0
23952,2.3712744569661703,0
23953,2.2166457484009885,0
23954,0.44811800836591426,0
23955,2.97572095003822,0
23956,0.9414396117033367,0
23957,1.8873902395199502,0
23958,2.741652107477669,0
23959,2.394634711599953,0
23960,3.4611405738727328,0
23961,0.645068759775396,0
23962,2.691544861178615,0
23963,0.4904557896242147,0
23964,3.2554853428591453,0
23965,0.4119647964212925,0
23966,0.33255582601352746,0
23967,9.063496900488378,1
23968,3.8734952139255805,0
23969,3.520883481229319,0
23970,2.921104407063677,0
23971,0.8115759312692977,0
23972,2.1704707835549555,0
23973,0.5599143551637942,0
23974,0.5880762076994848,0
23975,0.7818145154002604,0
23976,1.506784578957499,0
23977,1.1954290918637231,0
23978,2.2461621342863913,0
23979,2.247505543283278,0
23980,5.091872467975711,0
23981,2.8268066624779364,0
23982,2.8132016207803807,0
23983,1.1902906987421078,0
23984,12.7401418449538,1
23985,0.6050744815829242,0
23986,5.812589439808691,0
23987,8.289543011525607,1
23988,1.5648916387379026,0
23989,5.113455702260071,0
23990,1.106395750040638,0
23991,3.1384547937645446,0
23992,0.5929273488587581,0
23993,1.1188519598894442,0
23994,0.6623799772614405,0
23995,3.9110016801822622,0
23996,0.7514152302117563,0
23997,0.6399320217971215,0
23998,3.0456789463381826,0
23999,2.6850684704951697,0
24000,1.8983295911656242,0
24001,1.0447944718384727,0
24002,2.4238097035057242,0
24003,7.34462504903856,0
24004,2.710618786582314,0
24005,1.2056126531923363,0
24006,4.740848956721545,0
24007,1.749364622443052,0
24008,3.037123794505429,0
24009,2.0340347410079596,0
24010,1.427422510624472,0
24011,1.5706929398238585,0
24012,3.6415519572041544,0
24013,2.3614769137558165,0
24014,0.5082722567881323,0
24015,0.6461735098925065,0
24016,1.311355619984153,0
24017,2.8110448322087005,0
24018,2.091055207716356,0
24019,2.1995664220546405,0
24020,4.415789554374834,0
24021,3.224471609616098,0
24022,5.201203589592555,0
24023,3.6552529401348717,0
24024,3.4288927748409415,0
24025,2.7357132670741957,0
24026,3.7966021812566124,0
24027,4.141943337786165,0
24028,5.492041177785039,0
24029,5.161133565489092,0
24030,2.333515777884773,0
24031,1.0612106314997225,0
24032,5.268001245749522,0
24033,1.255475207461983,0
24034,2.0449490548705236,0
24035,3.893940124479951,0
24036,3.0580058447209963,0
24037,2.752675929373091,0
24038,4.169149967863653,0
24039,2.592826680569868,0
24040,3.065703080907467,0
24041,4.3423134096124585,0
24042,2.6543768328276958,0
24043,2.2162129917218016,0
24044,0.5573863035431855,0
24045,0.7349057292955015,0
24046,1.642735387052888,0
24047,1.0058986621115327,0
24048,1.3072319269897035,0
24049,0.5658555902194717,0
24050,10.555732482865858,1
24051,8.264502573171795,1
24052,3.3186551579292662,0
24053,4.473942961438188,0
24054,4.233066472187141,0
24055,0.43666172037949763,0
24056,3.478263131165425,0
24057,3.4016986658109056,0
24058,3.1088785974621667,0
24059,10.297428064808534,1
24060,9.303586977149433,1
24061,1.155028878059695,0
24062,4.432000873034798,0
24063,5.471004097051161,0
24064,1.9921068150463164,0
24065,3.063619746302412,0
24066,5.408540975611499,0
24067,2.791768116012734,0
24068,0.8905689147583743,0
24069,2.34377651983815,0
24070,2.5531996131076204,0
24071,2.365684157891771,0
24072,5.125357258350139,0
24073,1.47953283129258,0
24074,5.302484771815766,0
24075,6.774660621393208,0
24076,2.1524999972794188,0
24077,5.898682834151828,0
24078,3.624589688562281,0
24079,1.8985579572333837,0
24080,1.5483237374986105,0
24081,3.858773852911955,0
24082,1.7976716872716372,0
24083,1.6950961650153313,0
24084,3.6730833125845046,0
24085,6.317711464677063,0
24086,1.1953583000542845,0
24087,2.837696250723697,0
24088,1.3740659629957785,0
24089,3.4778809520969722,0
24090,4.561513552991506,0
24091,2.75611526242652,0
24092,3.2120468281131664,0
24093,12.0886409390464,1
24094,6.935752271809494,0
24095,2.1780503348713256,0
24096,1.7718928621694614,0
24097,1.980489084176179,0
24098,6.6826308504801855,0
24099,2.2262748861811232,0
24100,0.9103806412812592,0
24101,2.6226941533297747,0
24102,2.7095427147626823,0
24103,7.163871874879144,0
24104,5.265614397766697,0
24105,0.40310317977307447,0
24106,1.7041481163116055,0
24107,1.2719577333687246,0
24108,1.904620591216202,0
24109,3.141156290891477,0
24110,0.7414527450934727,0
24111,4.711248187849651,0
24112,0.5127638708457236,0
24113,5.792037774246259,0
24114,4.220965952373486,0
24115,2.1742735374880957,0
24116,9.294068959252485,1
24117,16.96597813722584,1
24118,29.43096791455537,1
24119,3.4828240192193536,0
24120,2.918591300896184,0
24121,4.254365331802518,0
24122,0.3156480501345328,0
24123,0.7038380986087496,0
24124,0.6001723540696295,0
24125,3.0480208144434355,0
24126,3.282160405082617,0
24127,12.271876413017678,1
24128,1.6905020437960754,0
24129,1.3356681771092436,0
24130,4.533016824473346,0
24131,1.7575843721844593,0
24132,1.867505297818614,0
24133,1.1352261782378041,0
24134,2.3804865155451576,0
24135,1.7663740519163444,0
24136,1.688464520269582,0
24137,4.413813301269128,0
24138,0.7347095482184298,0
24139,2.188240144412528,0
24140,1.1550069982006592,0
24141,3.698713441854642,0
24142,1.1414379642984984,0
24143,0.34082456559808805,0
24144,0.6345447829414785,0
24145,1.5800256628945812,0
24146,7.239337454563967,0
24147,1.4050174526585903,0
24148,1.0127800402994145,0
24149,4.201383591165155,0
24150,2.4835191646465185,0
24151,1.223737130709901,0
24152,5.114176330647687,0
24153,3.776584380170257,0
24154,2.6182166653627745,0
24155,3.77893823974179,0
24156,0.7628635245593679,0
24157,2.7801569564773456,0
24158,3.96844744341405,0
24159,5.146860285045989,0
24160,2.3460359738250744,0
24161,4.116462371241157,0
24162,0.7240628311962571,0
24163,1.9579796135281429,0
24164,3.263855833993074,0
24165,3.680223153393447,0
24166,2.9944404709702193,0
24167,2.65683028160604,0
24168,2.3535400416773262,0
24169,1.7011811980563338,0
24170,7.411200650176934,0
24171,3.480379624496916,0
24172,2.150579687246319,0
24173,1.6366708276750517,0
24174,3.517512997941468,0
24175,0.745667476076865,0
24176,7.481029112924758,0
24177,1.5943087922947479,0
24178,4.917604373387636,0
24179,8.904531432470908,1
24180,1.1416029997656254,0
24181,3.4654551658182347,0
24182,3.688835294657399,0
24183,2.321653885035054,0
24184,3.9991930593231637,0
24185,1.6108577033723042,0
24186,4.46613069155099,0
24187,11.77071065831594,1
24188,1.6729186860284198,0
24189,4.305325132427485,0
24190,5.958854788364061,0
24191,2.923568607536602,0
24192,1.7881535259292882,0
24193,7.050583382499138,0
24194,0.5651585361306475,0
24195,4.750194372048709,0
24196,4.921482653114878,0
24197,1.8286225117496777,0
24198,4.0875817926106786,0
24199,3.19906744860474,0
24200,1.7901087254711923,0
24201,2.1653653565518565,0
24202,5.734281022334208,0
24203,2.3069029157898813,0
24204,1.0444164742812214,0
24205,4.200241903350222,0
24206,10.094165341332534,1
24207,5.604034838564121,0
24208,1.0836001865884874,0
24209,4.030460529443813,0
24210,8.538160169024813,1
24211,2.797258964660398,0
24212,3.15237394683622,0
24213,3.8801978273972253,0
24214,1.7689002282280806,0
24215,8.150986697325234,0
24216,3.4864448706519346,0
24217,3.5094985202496636,0
24218,3.1852098261831268,0
24219,7.120310109194206,0
24220,4.651520589908407,0
24221,1.8937314333348605,0
24222,11.599485001547237,1
24223,8.787177075910485,1
24224,1.3483543209756574,0
24225,3.745027376973582,0
24226,2.768187826588817,0
24227,3.0353291635639206,0
24228,3.520198241291908,0
24229,3.093058017675801,0
24230,1.3312873006802846,0
24231,2.635580145598285,0
24232,2.9905225284532833,0
24233,10.106932138229784,1
24234,2.378011655369794,0
24235,4.573591206138386,0
24236,2.5959413806881595,0
24237,1.0135535097879496,0
24238,0.8141925808271019,0
24239,7.248627533380498,0
24240,2.0586870392946657,0
24241,1.1238995073849527,0
24242,1.6549796069143137,0
24243,3.3450324594549246,0
24244,8.221096519616632,0
24245,2.7419502447321444,0
24246,1.7268903845688939,0
24247,7.317860842054889,0
24248,2.2856745238029874,0
24249,7.737781895843923,0
24250,3.9482134419718236,0
24251,1.846905967954814,0
24252,4.930473277538412,0
24253,1.501223695260432,0
24254,5.433759837271711,0
24255,1.155254306699693,0
24256,3.323618693302028,0
24257,2.5454812622872565,0
24258,3.5370791885341712,0
24259,1.828800904716292,0
24260,2.255437570275095,0
24261,2.902268106840701,0
24262,8.572581112293229,1
24263,3.4578967025485614,0
24264,0.8461031556126106,0
24265,2.563446690692204,0
24266,2.1744729878966713,0
24267,2.1721046569995313,0
24268,8.205788752118576,0
24269,0.4951698704900398,0
24270,0.8043509196125279,0
24271,2.278407965308953,0
24272,2.6758685720446684,0
24273,4.551352093604051,0
24274,7.538524989162686,0
24275,2.556027627439009,0
24276,1.1947678923717513,0
24277,2.0569551963642265,0
24278,3.250744182028008,0
24279,1.1091293015551387,0
24280,2.6319215198214634,0
24281,2.887633552579834,0
24282,0.8129066741391875,0
24283,1.7381718837753037,0
24284,3.541325298283653,0
24285,3.1297565117378334,0
24286,11.26861900233974,1
24287,2.4136794658461866,0
24288,6.110425753961587,0
24289,3.2395048031352704,0
24290,6.386196935500155,0
24291,2.3561135368234662,0
24292,0.9948521006386767,0
24293,1.0231810888832629,0
24294,1.0917980735069788,0
24295,8.931833250961088,1
24296,2.7623833905296533,0
24297,1.9480451921586024,0
24298,1.77534414304068,0
24299,5.312515982383258,0
24300,5.009257820345075,0
24301,5.456079917459842,0
24302,2.6422262433227726,0
24303,3.6142900907284132,0
24304,2.173703444645909,0
24305,1.7825582150423178,0
24306,9.566112500870052,1
24307,5.7375126915597,0
24308,1.7994849100175059,0
24309,3.273874100078346,0
24310,1.9043391179244211,0
24311,3.910178741399635,0
24312,2.6926572576852714,0
24313,1.0616351130455937,0
24314,13.121142661501745,1
24315,3.224562287733385,0
24316,3.5744820325977127,0
24317,3.0699130619604436,0
24318,1.440858365582881,0
24319,2.574724137418554,0
24320,6.063467523463143,0
24321,7.148180658610704,0
24322,13.867949060901742,1
24323,6.319674834846036,0
24324,3.0486140484305575,0
24325,0.9676223197478777,0
24326,0.733140055977712,0
24327,4.889227844949954,0
24328,1.9450377935342642,0
24329,3.303262683153711,0
24330,4.081338576144434,0
24331,2.557163467659796,0
24332,2.222790836634189,0
24333,3.293972097787827,0
24334,2.5832385555998147,0
24335,3.53357045215185,0
24336,2.1635378121112314,0
24337,5.94244022168172,0
24338,3.991394958934629,0
24339,2.351681726112866,0
24340,3.772275830884184,0
24341,4.1397828783463595,0
24342,2.447549537996123,0
24343,5.255196656308472,0
24344,7.681624752165482,0
24345,2.594181811252594,0
24346,3.8892037610064834,0
24347,2.8793640279965675,0
24348,8.114737850327247,0
24349,0.6859461441695127,0
24350,4.306928651817455,0
24351,4.11986446770519,0
24352,3.1300872933887254,0
24353,6.510725264512029,0
24354,4.229648035598819,0
24355,0.5076021974613032,0
24356,10.211601311644152,1
24357,18.25626142815312,1
24358,6.312416280618333,0
24359,2.5719406177722135,0
24360,1.9523411681483336,0
24361,0.41587036855334536,0
24362,3.153548034917466,0
24363,0.9339339626322943,0
24364,2.8776677222399467,0
24365,1.9156849711013897,0
24366,0.7609451976134994,0
24367,32.881377628204355,1
24368,1.0921406225627595,0
24369,1.9218377056975422,0
24370,5.933859914348529,0
24371,10.924861381892738,1
24372,3.1709777994911064,0
24373,3.7080257089081887,0
24374,1.500159002070165,0
24375,2.2001027981298926,0
24376,7.394688509539594,0
24377,1.520612606239299,0
24378,0.8883741992779768,0
24379,1.5380240378155063,0
24380,1.788884180355707,0
24381,2.6173783999728077,0
24382,2.9861912398351316,0
24383,2.786706798716907,0
24384,14.291197399044433,1
24385,4.541566082079993,0
24386,2.497064064929648,0
24387,2.704857109948566,0
24388,24.504197913933346,1
24389,7.0009810042853795,0
24390,0.8525824211557391,0
24391,2.836549156492954,0
24392,8.599322976472894,1
24393,1.1270508660278802,0
24394,2.898264066027819,0
24395,2.707226645816588,0
24396,1.9739274915580864,0
24397,3.2993377293902584,0
24398,1.5803839104584982,0
24399,3.4434014304136675,0
24400,2.049006906867366,0
24401,1.833212230988579,0
24402,4.439747643184299,0
24403,8.40934333746924,1
24404,1.04052265787356,0
24405,4.615476222616362,0
24406,2.105290333987358,0
24407,0.9790901079824645,0
24408,3.354394371256244,0
24409,1.2419596529504588,0
24410,0.9449035996889547,0
24411,2.1649321757469537,0
24412,2.257429853757715,0
24413,2.1846895337800194,0
24414,2.461889533585525,0
24415,2.4978100051536827,0
24416,1.6598983886320615,0
24417,2.122257496311312,0
24418,1.7584850324722234,0
24419,1.250307634122369,0
24420,5.814819098724013,0
24421,2.896198270524812,0
24422,2.899394718052565,0
24423,1.8015777796066126,0
24424,2.6537857697932226,0
24425,1.7042568972154701,0
24426,11.743217648219671,1
24427,2.6090025390940768,0
24428,1.944379499708871,0
24429,1.2944925709064328,0
24430,3.1013119650277114,0
24431,1.781147638904399,0
24432,3.766453149156638,0
24433,1.9553613127494207,0
24434,2.0749494891617153,0
24435,1.8948255014548854,0
24436,0.7078968425445207,0
24437,1.8099850871166339,0
24438,3.67163528130412,0
24439,8.33043580906706,1
24440,2.998984275608929,0
24441,2.4986856491275975,0
24442,1.8530407837416534,0
24443,4.114843778660106,0
24444,5.6457087944469775,0
24445,4.4213104216235175,0
24446,7.241591922674716,0
24447,4.841537647784943,0
24448,6.989047803427878,0
24449,4.020072325837598,0
24450,2.4589401299834153,0
24451,0.7776771048235339,0
24452,2.292000274152563,0
24453,3.337161539546654,0
24454,2.2959847336193535,0
24455,1.4189670742541065,0
24456,2.3116216873530147,0
24457,3.576898803705972,0
24458,2.8415213290919934,0
24459,3.6559738507345485,0
24460,1.7248608325032777,0
24461,1.4446424911324638,0
24462,1.736207907577177,0
24463,2.376105127384204,0
24464,3.0041096538779217,0
24465,1.6366150288370926,0
24466,5.538399028325808,0
24467,1.8713782622157857,0
24468,4.720913695448956,0
24469,2.707275615613588,0
24470,7.8372334521942175,0
24471,5.261614093825784,0
24472,3.9100672344995404,0
24473,1.7412901790567228,0
24474,1.2964065707996146,0
24475,7.538992221339104,0
24476,9.115546696926367,1
24477,1.969638246210409,0
24478,12.931707053776648,1
24479,1.3039419852242378,0
24480,1.135620092863273,0
24481,5.90323818391794,0
24482,0.7268327556672033,0
24483,0.5259080799388035,0
24484,3.973334916778664,0
24485,1.9764045155953474,0
24486,2.7674021219259677,0
24487,1.7980838939053025,0
24488,1.404732238983855,0
24489,4.434979607083291,0
24490,3.7921503691161242,0
24491,6.257988465999732,0
24492,1.5850495946362433,0
24493,4.586053671568162,0
24494,4.276251054828028,0
24495,1.8887388907771916,0
24496,1.7843227598514408,0
24497,2.791966237440646,0
24498,2.937185483163595,0
24499,8.16239238206088,0
24500,4.856346478875804,0
24501,4.028836173188969,0
24502,2.2283160567409914,0
24503,2.086008613854166,0
24504,2.3348011738281764,0
24505,1.4055006387924176,0
24506,2.8510029931587115,0
24507,7.054296707966061,0
24508,2.5229810785727795,0
24509,1.6517495063364178,0
24510,1.062683347053665,0
24511,2.7720964112296866,0
24512,4.260753670464668,0
24513,2.169163371426486,0
24514,1.1189034005623428,0
24515,2.7179263090047305,0
24516,2.266321667432099,0
24517,1.8623319734153232,0
24518,6.552625188924064,0
24519,8.1592624221268,0
24520,2.9531188546275797,0
24521,1.3946747843267147,0
24522,2.002325996716204,0
24523,3.8969861448115477,0
24524,7.667297482162457,0
24525,2.4734181490555707,0
24526,4.536517212447902,0
24527,5.573810909461913,0
24528,1.822555761906428,0
24529,0.7098680053324531,0
24530,2.2157362271928855,0
24531,1.0164864726290286,0
24532,1.8815700959192767,0
24533,1.9758073321159557,0
24534,0.6352185116830117,0
24535,2.427016034457576,0
24536,2.4819359968921546,0
24537,1.641529257555322,0
24538,1.369093380861089,0
24539,2.0163514334746457,0
24540,1.4045814479832304,0
24541,4.708458404820791,0
24542,1.0980357472793183,0
24543,0.9885974107225372,0
24544,3.2613834273637385,0
24545,5.097007607724958,0
24546,2.3098035975192146,0
24547,2.350953532165717,0
24548,5.101979941246563,0
24549,3.783650767662932,0
24550,5.20703771317279,0
24551,6.504985689127565,0
24552,5.288820870862971,0
24553,9.74347774956692,1
24554,5.623635738929733,0
24555,3.8273890993919477,0
24556,0.6404800617472486,0
24557,3.8489860826895597,0
24558,3.6868139379649234,0
24559,5.5894610628118055,0
24560,0.49633884616388024,0
24561,1.7032284120799654,0
24562,3.056907031495691,0
24563,3.26944535988019,0
24564,1.1920978393101493,0
24565,1.094468592722432,0
24566,1.644951712826159,0
24567,4.719448225864366,0
24568,3.3686299014256473,0
24569,12.168210208040762,1
24570,3.0303916490669716,0
24571,0.8367942411048196,0
24572,0.8484697389772614,0
24573,4.445987992374068,0
24574,1.3309898635194768,0
24575,4.186962063213054,0
24576,1.3109432248785997,0
24577,0.6437513768413121,0
24578,2.748085615559249,0
24579,2.654962496358457,0
24580,1.692963659185668,0
24581,0.825767684255383,0
24582,3.711464030896296,0
24583,4.683012519668822,0
24584,2.383544273241946,0
24585,0.8160549182600364,0
24586,0.5210842574635044,0
24587,4.903707742678388,0
24588,2.8426841875711886,0
24589,2.327386425190173,0
24590,2.558368120767255,0
24591,5.411145325126059,0
24592,2.4672255129458756,0
24593,1.675998007661588,0
24594,0.8378862807813562,0
24595,2.0953263403748177,0
24596,1.0692866394246747,0
24597,12.820609028362789,1
24598,3.2446827369164564,0
24599,4.144109968573684,0
24600,4.437431604288972,0
24601,4.742730282554771,0
24602,2.724342803517954,0
24603,3.0150794752106562,0
24604,3.507959181923533,0
24605,1.6112163456504869,0
24606,4.891127678284835,0
24607,4.005740554247494,0
24608,3.5409062360692305,0
24609,0.9438509680512067,0
24610,1.6586020534427908,0
24611,2.3472288641479513,0
24612,1.7830219186700433,0
24613,1.7881936195374413,0
24614,1.8375103811197553,0
24615,1.8268444136691404,0
24616,2.36408620163584,0
24617,3.3298321105895257,0
24618,1.0055781596834978,0
24619,6.274920616980653,0
24620,0.7480923458529934,0
24621,0.9055648563625482,0
24622,1.9668220394155294,0
24623,1.3824177956479984,0
24624,4.172310295217082,0
24625,3.5451127588157196,0
24626,1.1372579061058492,0
24627,1.562865976361523,0
24628,2.8078171481655363,0
24629,1.6732354353798502,0
24630,2.8176705740935586,0
24631,0.7959450943831015,0
24632,2.5473715060663666,0
24633,13.727989106053958,1
24634,8.391191605492596,1
24635,6.28247188900734,0
24636,3.625690817470998,0
24637,3.010933819530713,0
24638,5.482718135640828,0
24639,0.9974955812288585,0
24640,0.795504916350584,0
24641,1.5162811103556069,0
24642,14.26380120012966,1
24643,2.1629368618632503,0
24644,1.1166497654148,0
24645,2.5665930726062545,0
24646,2.9078687521563182,0
24647,1.5913869800412936,0
24648,5.9047084709143105,0
24649,0.8550577469455782,0
24650,1.0136185270421854,0
24651,4.062719626167547,0
24652,3.2645224512517155,0
24653,5.6581966434841435,0
24654,1.3495568207879964,0
24655,1.934131849487539,0
24656,5.762824734903575,0
24657,1.5716248188046,0
24658,4.363858696280734,0
24659,2.9113425189445725,0
24660,0.7626904834480732,0
24661,1.8241010196199317,0
24662,3.6328698507537505,0
24663,3.652032679038504,0
24664,5.124780705521416,0
24665,3.6285342700424303,0
24666,3.473397319841195,0
24667,0.8588520409352202,0
24668,0.5667282303032127,0
24669,6.129203108868287,0
24670,14.14469288860026,1
24671,1.3417994941064555,0
24672,1.5571512119208222,0
24673,1.8949020770102842,0
24674,3.9170223741628614,0
24675,5.236550076329782,0
24676,3.570977846123741,0
24677,4.260576797629404,0
24678,2.8903461856433608,0
24679,2.804912319920226,0
24680,3.045462941430327,0
24681,2.7372212614371176,0
24682,3.812680647696567,0
24683,3.48587318569393,0
24684,2.343200915569589,0
24685,1.518063813635154,0
24686,35.94449765869012,1
24687,3.1533872382276282,0
24688,4.045915882729689,0
24689,3.20231526951644,0
24690,3.0118986797388034,0
24691,1.8061772234133495,0
24692,5.150275935971034,0
24693,3.6066122786863093,0
24694,2.3961360511835275,0
24695,4.367627711840468,0
24696,0.857594868171898,0
24697,2.783916221730181,0
24698,3.0093068270634005,0
24699,6.5196981025327725,0
24700,2.376889690770006,0
24701,2.452928745974913,0
24702,2.4251311340863007,0
24703,2.5353614660942574,0
24704,2.6371373231034587,0
24705,10.273879737914152,1
24706,1.2882893429369735,0
24707,5.1364339240697205,0
24708,3.105559082309404,0
24709,2.8247204544784337,0
24710,1.2488446696646127,0
24711,5.217758082678575,0
24712,2.4094090207566885,0
24713,2.1942297388917904,0
24714,2.8050515501346,0
24715,6.989122903909765,0
24716,2.416041842690069,0
24717,1.9379827798923748,0
24718,2.454376619452643,0
24719,3.863061513719965,0
24720,1.8283565745851373,0
24721,3.6064518905727376,0
24722,2.5354857571409823,0
24723,4.941159366915672,0
24724,2.4564946553090508,0
24725,2.2041087694936228,0
24726,1.6682734115275717,0
24727,6.541859981483952,0
24728,3.016488995268636,0
24729,3.7549648482783144,0
24730,4.810756540741148,0
24731,18.488619298547313,1
24732,2.98723432810043,0
24733,3.700262029607255,0
24734,2.635844548083041,0
24735,2.1266839800239086,0
24736,3.549309723550367,0
24737,1.6259467730779216,0
24738,1.6719474875415363,0
24739,2.2110365881752636,0
24740,4.0863502623690975,0
24741,2.2729425822306406,0
24742,12.65177123320437,1
24743,0.8571311545118235,0
24744,1.3034710712129909,0
24745,2.557674952513358,0
24746,5.942900625755359,0
24747,1.6107645395136727,0
24748,2.6172123760760035,0
24749,2.340366585469881,0
24750,4.333842377959083,0
24751,0.8673931029214869,0
24752,3.3148229466027552,0
24753,1.1034619953761766,0
24754,2.4819289873592485,0
24755,2.736666317994636,0
24756,2.2110886336809656,0
24757,5.1649777727888395,0
24758,5.633150533179862,0
24759,7.125593715114741,0
24760,2.9126009769675685,0
24761,1.4737367033145528,0
24762,5.785462091354456,0
24763,6.633304012363649,0
24764,3.831857896093045,0
24765,7.349030306599508,0
24766,8.890338047703702,1
24767,2.4261878972662534,0
24768,2.6298701161656295,0
24769,2.2067454327979283,0
24770,3.4495351666337317,0
24771,1.6712940702425039,0
24772,2.527634081567484,0
24773,2.6264013291409287,0
24774,3.0928372476195496,0
24775,2.153639820477645,0
24776,3.243539223363508,0
24777,5.108069885799936,0
24778,14.995622280961976,1
24779,1.4892136152097157,0
24780,2.493945588207589,0
24781,3.6832687912556383,0
24782,1.145117309025448,0
24783,5.947591018127502,0
24784,3.7797976476391377,0
24785,2.589910491300377,0
24786,1.0201101828602024,0
24787,2.0332652782853375,0
24788,0.7823758074266629,0
24789,0.9249841099279082,0
24790,1.6168484434430976,0
24791,4.571070507296904,0
24792,1.0634371604201283,0
24793,7.606751993564221,0
24794,3.0277627825976574,0
24795,7.303298340410663,0
24796,3.289703657813995,0
24797,3.0151648217881046,0
24798,4.102453078636969,0
24799,8.71297943444289,1
24800,1.7654408299259396,0
24801,3.7944612918066762,0
24802,1.2191407903650098,0
24803,3.817449225220585,0
24804,2.5537903770754355,0
24805,1.7821447457596655,0
24806,2.5948130865748467,0
24807,3.275934568397794,0
24808,4.003497561011809,0
24809,2.5386285664581596,0
24810,2.0742419308786313,0
24811,1.3374754863093083,0
24812,2.269588152238284,0
24813,0.8550983028810919,0
24814,1.0426940811606915,0
24815,3.090894046407323,0
24816,3.585759777498322,0
24817,2.9247336374247768,0
24818,3.1804923280180413,0
24819,1.5895143174586683,0
24820,1.0576933906405168,0
24821,1.2862104475591658,0
24822,0.9516495422304662,0
24823,2.6487600938551337,0
24824,8.626434099484106,1
24825,5.135372723497059,0
24826,1.9959610057328159,0
24827,1.8332118908376211,0
24828,2.921056957131301,0
24829,1.8941130093176524,0
24830,0.8149478242181907,0
24831,1.2949746480113449,0
24832,2.387544639198161,0
24833,2.0120721463699827,0
24834,5.867354376239732,0
24835,0.8308878074708088,0
24836,1.6702517466740465,0
24837,1.0713159049690568,0
24838,2.9654944844981097,0
24839,0.6927575676448828,0
24840,1.236918173620937,0
24841,4.735322844644085,0
24842,23.773776145726462,1
24843,8.878590080544104,1
24844,3.4190170118762038,0
24845,1.1951813077218045,0
24846,0.3681749037952111,0
24847,17.374711815632637,1
24848,2.940971239716109,0
24849,4.230373013175207,0
24850,4.200457504405099,0
24851,3.6005565591337847,0
24852,2.956188518628024,0
24853,6.376203885069237,0
24854,0.9154019404314933,0
24855,1.8540472032729525,0
24856,10.072720071691604,1
24857,4.818351719566914,0
24858,3.345657065956773,0
24859,2.4006185696766047,0
24860,2.8208741097387833,0
24861,2.3117017471018935,0
24862,1.281182882840471,0
24863,2.235023307251135,0
24864,2.0700114626738695,0
24865,4.205385177506273,0
24866,1.8730859134306719,0
24867,2.529945062009879,0
24868,2.90883147741359,0
24869,3.0699390143560636,0
24870,2.5296287400748785,0
24871,2.6216477563660914,0
24872,0.8182307553409198,0
24873,1.6472070780407704,0
24874,6.727933926092569,0
24875,6.655395523409084,0
24876,5.0178543499274015,0
24877,9.200286402672345,1
24878,5.527055419221063,0
24879,9.610636159509975,1
24880,3.1997671828338126,0
24881,1.816861277578707,0
24882,4.289431429164576,0
24883,3.592436379424142,0
24884,4.5105744652469015,0
24885,2.2055072206042468,0
24886,5.703480197707818,0
24887,4.370568018442319,0
24888,3.75602744776282,0
24889,6.110578584493061,0
24890,6.739625735483654,0
24891,2.6046626082429776,0
24892,2.374797371564795,0
24893,1.8362399164151277,0
24894,7.033936269010044,0
24895,0.8533127083511771,0
24896,1.4757865724889436,0
24897,1.3999113429987073,0
24898,3.3505667505423964,0
24899,3.1253493095372717,0
24900,2.2678954702908984,0
24901,14.125895096544715,1
24902,4.322091871402179,0
24903,2.8236369382219335,0
24904,1.7961070828648318,0
24905,2.7856359009344804,0
24906,4.917618344005646,0
24907,5.118191632453442,0
24908,1.7044401119168813,0
24909,5.9545563621722835,0
24910,2.3298817727377683,0
24911,2.4112689430654695,0
24912,2.4430726501170623,0
24913,4.451381184523736,0
24914,5.780633401402375,0
24915,5.137802537976671,0
24916,2.7963270309773383,0
24917,0.7401361187143488,0
24918,3.582230866846763,0
24919,2.3791392415151296,0
24920,33.32305938199623,1
24921,0.6724951835581229,0
24922,2.987713364721628,0
24923,3.3574420383160297,0
24924,2.598052065978636,0
24925,0.8325668280550956,0
24926,1.6886456900789624,0
24927,0.5437574258214307,0
24928,2.020660551291941,0
24929,4.668349149582813,0
24930,1.678595550464454,0
24931,1.3365815508428596,0
24932,2.0867786097899,0
24933,1.9144249150106547,0
24934,2.102774913892129,0
24935,5.5934782819929465,0
24936,1.5687808115859845,0
24937,7.764825408245343,0
24938,4.997582701933483,0
24939,2.117997923338682,0
24940,2.7385909733858003,0
24941,3.8687484540585917,0
24942,5.038090629394508,0
24943,8.682214632667856,1
24944,0.8412945844555879,0
24945,2.767340218117184,0
24946,1.8159970349711665,0
24947,1.585677919623998,0
24948,5.730698131204986,0
24949,2.7445287844510204,0
24950,3.293969724689582,0
24951,1.1274790300786706,0
24952,2.5621205904536644,0
24953,0.8399664441988214,0
24954,1.62266389129338,0
24955,5.2371606918222575,0
24956,4.084389412600529,0
24957,2.296899917341927,0
24958,1.6726833095628184,0
24959,5.068797004435337,0
24960,1.5714803165778908,0
24961,1.591357178628294,0
24962,2.1470724459343313,0
24963,5.687618888187357,0
24964,0.579972872485417,0
24965,0.8401777368175108,0
24966,5.157721065506879,0
24967,3.7158500804116668,0
24968,4.185936886242202,0
24969,2.428862997942657,0
24970,2.517829045119328,0
24971,2.3969383994867446,0
24972,2.0893563711224696,0
24973,2.300555531831015,0
24974,2.4729239738498716,0
24975,0.8595375841247392,0
24976,5.119470049126636,0
24977,5.670965509550442,0
24978,16.56471685714104,1
24979,1.3998068603856668,0
24980,4.09445903997492,0
24981,0.4580754359151956,0
24982,3.3292720951033767,0
24983,1.571764879914659,0
24984,2.6440199420232,0
24985,4.048124545976221,0
24986,2.096306819567689,0
24987,1.8456346115394942,0
24988,2.8669029637655568,0
24989,3.34303591847472,0
24990,2.1151230196914503,0
24991,2.51018424719868,0
24992,3.404674296898614,0
24993,4.269896986208341,0
24994,0.8053571190005361,0
24995,5.216498906712799,0
24996,4.247594707861816,0
24997,7.325865116949073,0
24998,1.8491125344857187,0
24999,2.995642515756544,0
25000,3.287583088926854,0
25001,15.700800524234445,1
25002,1.1580623521651612,0
25003,2.5843048305842498,0
25004,1.328894381100748,0
25005,4.574487238444752,0
25006,4.320983164475533,0
25007,3.925646898345095,0
25008,7.880863848978943,0
25009,5.971445637023942,0
25010,3.2216480936382896,0
25011,1.6921031689679529,0
25012,2.4389395712573205,0
25013,25.785772920012473,1
25014,1.054285597315537,0
25015,5.625834516746949,0
25016,3.0171558853947946,0
25017,2.8841183709667373,0
25018,1.894140265336641,0
25019,2.2848582383418066,0
25020,2.0377058408948137,0
25021,2.990232394026806,0
25022,1.8750867570636336,0
25023,3.217508440414632,0
25024,3.120797604032192,0
25025,3.6466851753203153,0
25026,1.9869121806178889,0
25027,7.45282167122891,0
25028,4.045052319723001,0
25029,6.955154205996509,0
25030,3.3790147189244832,0
25031,1.9678588546573381,0
25032,2.3513360690595024,0
25033,0.7588651697364514,0
25034,4.199044202903545,0
25035,1.7681006221135822,0
25036,2.558029165016239,0
25037,2.755217120142789,0
25038,6.462083269170839,0
25039,3.540404303674954,0
25040,2.0668076647791573,0
25041,2.39753442394921,0
25042,4.0418844577994,0
25043,5.587537990842921,0
25044,2.5830492150772,0
25045,2.037108168693701,0
25046,5.519100425139487,0
25047,4.751075501948719,0
25048,9.920846226047377,1
25049,2.5993208281868356,0
25050,4.6755604974990534,0
25051,12.816338374522514,1
25052,0.810994805101618,0
25053,4.223402945217228,0
25054,2.1718587056006524,0
25055,5.660156608423815,0
25056,7.810473068007732,0
25057,2.1188384250137045,0
25058,3.1867395493850474,0
25059,4.273913284595872,0
25060,7.019583090244095,0
25061,4.710352052198916,0
25062,3.964104748029153,0
25063,1.1709468741018623,0
25064,2.0246612850294965,0
25065,2.3888804222332825,0
25066,1.1669810629131934,0
25067,5.954750419098079,0
25068,2.3718205063804882,0
25069,3.5463896958107757,0
25070,3.957773591329009,0
25071,2.6606654493230804,0
25072,1.2464512132127805,0
25073,1.9934903713509513,0
25074,0.9088743435143934,0
25075,6.434992466109832,0
25076,2.5112793914729203,0
25077,1.2623900030535389,0
25078,2.5759561367251864,0
25079,2.941498616480415,0
25080,2.6019652596040714,0
25081,3.9283595028485365,0
25082,2.651764649577905,0
25083,2.2343421619643324,0
25084,7.485706660657332,0
25085,0.9535624596151951,0
25086,3.486004522147773,0
25087,4.341689435677687,0
25088,6.538675282739009,0
25089,4.904166947089558,0
25090,9.25799608731951,1
25091,3.1854726346054334,0
25092,1.305891732432142,0
25093,1.8845176739392833,0
25094,23.889495938685602,1
25095,2.132485000066013,0
25096,4.145789634549842,0
25097,2.020582476319116,0
25098,9.188346198787817,1
25099,4.029852530631716,0
25100,3.948281675362186,0
25101,5.636696959156893,0
25102,3.4732907436322398,0
25103,3.645746015231689,0
25104,2.515143684084309,0
25105,2.2911154979901083,0
25106,3.3967428698355944,0
25107,1.180900120571688,0
25108,2.759421987525757,0
25109,2.023779274365132,0
25110,2.663678864649046,0
25111,3.5691410474408145,0
25112,2.4526358576589486,0
25113,0.9922430222435127,0
25114,5.096539439568678,0
25115,0.966679060252143,0
25116,2.8742285317298437,0
25117,0.9893278885101726,0
25118,4.973033418624652,0
25119,3.7298030568645686,0
25120,2.45121588294034,0
25121,5.098252508663786,0
25122,9.787723760093195,1
25123,12.861240305871926,1
25124,2.354093976515995,0
25125,2.961074415184714,0
25126,6.017820063990823,0
25127,1.6341202642176436,0
25128,3.399889883051812,0
25129,4.579037275495052,0
25130,3.868027849910902,0
25131,2.4223038345397736,0
25132,8.768830446446843,1
25133,1.898021005791945,0
25134,1.3286360319775203,0
25135,4.644552537425759,0
25136,2.6323031019466825,0
25137,2.8816390559018297,0
25138,2.3069229857059623,0
25139,1.9584114889206747,0
25140,2.0873083439013285,0
25141,4.846652383568643,0
25142,6.719808782641324,0
25143,10.031296286152498,1
25144,2.2372094933433524,0
25145,1.2624952814663801,0
25146,12.834469491491854,1
25147,7.835960822848684,0
25148,1.5646699388135992,0
25149,3.5023929807700944,0
25150,1.3676406424488785,0
25151,2.8461268169343694,0
25152,1.4022516394255453,0
25153,1.3669040038748974,0
25154,2.3473459263807834,0
25155,1.5847149628352721,0
25156,1.2561873997583388,0
25157,4.354189604419031,0
25158,4.4685307072488865,0
25159,6.916498679794553,0
25160,1.4337608947175793,0
25161,0.7596940711982929,0
25162,2.94066726763131,0
25163,1.5854784986950263,0
25164,1.735204556764214,0
25165,0.7575897874920632,0
25166,2.9780423323780996,0
25167,2.4615014924210428,0
25168,0.895148290678629,0
25169,5.577362850928978,0
25170,2.50997054840914,0
25171,0.6621527257040786,0
25172,2.025881279325191,0
25173,0.7971849905634478,0
25174,2.4719738556668607,0
25175,3.42695010241462,0
25176,2.1011890374371567,0
25177,4.47159427911693,0
25178,0.7354547860055829,0
25179,3.6190973917497065,0
25180,2.4580830055361775,0
25181,2.4171536197323467,0
25182,2.9271972268168156,0
25183,0.857287107018243,0
25184,0.5489618833874295,0
25185,2.0782667988639094,0
25186,0.5498047297106538,0
25187,0.5930720861008486,0
25188,3.9241794934692464,0
25189,0.8848813537626677,0
25190,2.446156142837298,0
25191,1.3618390361109043,0
25192,3.9443439077345803,0
25193,0.8796899065022555,0
25194,1.1138451066301713,0
25195,3.7458217082758383,0
25196,1.2181422525339791,0
25197,0.9425239100713847,0
25198,2.479620549189263,0
25199,2.609559258879033,0
25200,1.2995685685282226,0
25201,0.4745987726649001,0
25202,1.3683839620497003,0
25203,2.018334421003165,0
25204,1.746959536199541,0
25205,1.5895222447360509,0
25206,4.024174711269919,0
25207,1.2317825284782438,0
25208,1.3285305084744046,0
25209,0.39882541287208423,0
25210,1.9415325211651797,0
25211,0.8639229522641733,0
25212,3.672474202623869,0
25213,1.4632812910589528,0
25214,1.774360448314608,0
25215,0.3530580318702573,0
25216,1.3075090743547386,0
25217,0.8420268926362962,0
25218,0.6576257710212946,0
25219,3.8159673652980555,0
25220,2.5617403810997033,0
25221,2.102718625841105,0
25222,1.857997205780427,0
25223,2.928971314099514,0
25224,7.720629915834359,0
25225,3.159606543998565,0
25226,1.9522133168356683,0
25227,0.9796019378486417,0
25228,0.41931301389579523,0
25229,1.4412633765998015,0
25230,0.41363102515159383,0
25231,2.3345279515862027,0
25232,2.9328006735559895,0
25233,2.5127924063370415,0
25234,2.008164231256761,0
25235,4.144125230996289,0
25236,3.745389643387425,0
25237,2.8925716851196066,0
25238,2.56968743766333,0
25239,0.7187313508560693,0
25240,3.410940150628932,0
25241,2.3727411006380152,0
25242,2.6008968255215197,0
25243,2.4283307504680876,0
25244,3.3849101894378206,0
25245,3.1712426037922095,0
25246,1.3054999921162254,0
25247,1.801999302574715,0
25248,4.722966401897253,0
25249,0.8688527714586223,0
25250,2.915761915362369,0
25251,1.5144257421761087,0
25252,1.823959025890428,0
25253,0.7000360801420349,0
25254,3.6959031585993376,0
25255,1.4769245142858851,0
25256,1.1180285900844864,0
25257,2.096435669253029,0
25258,1.1487639975692672,0
25259,1.62245356296089,0
25260,2.8152907113873322,0
25261,2.713320875848078,0
25262,1.9239480748432558,0
25263,0.3506181399163079,0
25264,1.8975068371871717,0
25265,1.204771057182867,0
25266,2.526495222283358,0
25267,0.424330480241689,0
25268,1.7177928199623624,0
25269,0.6474041615817375,0
25270,4.239166626882573,0
25271,4.909976772392446,0
25272,3.083147237592129,0
25273,0.4668591562746788,0
25274,3.836613343738921,0
25275,0.5108904412188753,0
25276,2.2621985464067125,0
25277,1.9801411243467935,0
25278,1.3001311510955305,0
25279,1.6730071200761747,0
25280,4.144438846248202,0
25281,2.605736938002166,0
25282,1.336280815746964,0
25283,2.76197716055772,0
25284,1.183673398072151,0
25285,2.5261232391951167,0
25286,2.283110661546863,0
25287,5.166627306456321,0
25288,0.6026559777390069,0
25289,3.0564465649728176,0
25290,1.8684510635889942,0
25291,0.8028751192555945,0
25292,1.716406021442694,0
25293,1.1233924416445822,0
25294,2.1378974681288816,0
25295,0.6331384536516579,0
25296,1.5115371753598756,0
25297,0.9588842231633202,0
25298,2.0235386240143365,0
25299,0.6542778210197809,0
25300,0.6004154800556749,0
25301,1.767185161482099,0
25302,2.284430288464684,0
25303,1.233498828755463,0
25304,1.1177612163419492,0
25305,2.257121409846113,0
25306,4.588912570979253,0
25307,0.641298459338038,0
25308,5.484647831655965,0
25309,1.6869389505630557,0
25310,2.545756968786088,0
25311,2.890854124157039,0
25312,4.463885126738443,0
25313,3.5031795529067873,0
25314,0.6897495462985882,0
25315,1.177322057112611,0
25316,1.886208577382409,0
25317,1.4064642006087398,0
25318,1.5243172124370048,0
25319,2.2004908913077377,0
25320,2.4911875120733655,0
25321,1.514471936929007,0
25322,1.3374401398464393,0
25323,1.202104191326953,0
25324,2.7079608875273027,0
25325,4.4532296552462665,0
25326,0.740492437599875,0
25327,3.4869830731222966,0
25328,0.9097445331651793,0
25329,1.7742557748831602,0
25330,1.7300116599815527,0
25331,0.646934845615407,0
25332,15.996446115697085,1
25333,2.6354615446535825,0
25334,2.175864467718471,0
25335,1.8047329773342908,0
25336,0.8854751650561536,0
25337,3.0656894139547615,0
25338,1.0428095327822047,0
25339,3.421214601088207,0
25340,1.5766755298559116,0
25341,3.1604410163402097,0
25342,0.7378632454176384,0
25343,4.064547281288628,0
25344,1.5943119792912672,0
25345,0.7456022826947678,0
25346,2.6117828924138973,0
25347,1.7477462390099783,0
25348,0.6569605223767553,0
25349,0.6423468982210683,0
25350,1.6534234187848502,0
25351,3.452753415769162,0
25352,1.3359872694974912,0
25353,5.302719980228436,0
25354,1.6412141015687964,0
25355,0.3117051248125247,0
25356,1.26129157058661,0
25357,2.1581837374342325,0
25358,2.4021533102649593,0
25359,1.4169455882882598,0
25360,2.691116085145218,0
25361,1.1006341855760327,0
25362,0.5082663894818683,0
25363,1.9501776108097206,0
25364,0.6863918751821614,0
25365,2.3823521414779707,0
25366,1.0553732340144646,0
25367,2.2941333094760874,0
25368,0.5056271687297349,0
25369,4.212581044242466,0
25370,2.0545937314159777,0
25371,4.3566274378513805,0
25372,0.8514053983907419,0
25373,3.5067128555021863,0
25374,1.2621527093533262,0
25375,0.8120719127839809,0
25376,3.8686010934603994,0
25377,2.241474587243901,0
25378,5.19158517816288,0
25379,1.212028108393369,0
25380,1.682140035116762,0
25381,2.7547996582955037,0
25382,1.6496709611697857,0
25383,2.4677022235553525,0
25384,4.005600231059087,0
25385,1.6009792828241922,0
25386,1.840546710668161,0
25387,9.862057598490367,1
25388,0.744870299260621,0
25389,5.643987616184597,0
25390,2.327699240241073,0
25391,0.8701479381570233,0
25392,2.0061210327289825,0
25393,2.343411337243161,0
25394,0.2987991614362951,0
25395,3.403447560568621,0
25396,1.548832735201723,0
25397,4.150398229479645,0
25398,2.0155379290328943,0
25399,0.5241491870270092,0
25400,1.270678412185185,0
25401,1.6729826509110088,0
25402,1.3017870073788762,0
25403,0.7462697866781647,0
25404,1.7634397608423749,0
25405,4.161722060025203,0
25406,0.7284881123294515,0
25407,3.0551095199784783,0
25408,2.4460802928318013,0
25409,2.7944177161019113,0
25410,3.16479171136964,0
25411,4.011293975995893,0
25412,0.9556449432227871,0
25413,0.9124286728761729,0
25414,3.8936622742158353,0
25415,1.7977463247802823,0
25416,1.3212606627842223,0
25417,12.106942790583044,1
25418,1.0551574721546377,0
25419,0.8965724121879082,0
25420,3.8784798247963597,0
25421,1.4279563175820489,0
25422,6.087784003547124,0
25423,2.6340580436954992,0
25424,0.4162055281280522,0
25425,0.6040049416368626,0
25426,2.84827813597037,0
25427,2.1128606045881972,0
25428,3.432874390024106,0
25429,0.8332313711013118,0
25430,5.206014257137865,0
25431,12.895194683886048,1
25432,0.8886629277602456,0
25433,4.885789027865061,0
25434,2.1344893486769876,0
25435,1.724412533912079,0
25436,4.038906985273863,0
25437,8.28121977265879,1
25438,2.998825641320593,0
25439,1.05568001838432,0
25440,2.2501470683651297,0
25441,1.4852236989818117,0
25442,0.9243307178535763,0
25443,1.871004112347833,0
25444,5.331298354172779,0
25445,0.6924135728665539,0
25446,0.6519180206123203,0
25447,2.109767452491676,0
25448,1.480381117987625,0
25449,5.681686654886444,0
25450,1.6541048850160895,0
25451,1.635382452698878,0
25452,2.8362123063001916,0
25453,4.366937963783574,0
25454,1.2370931201310933,0
25455,0.899070894341168,0
25456,4.0525962282943695,0
25457,2.3664876440133957,0
25458,6.521621858829675,0
25459,3.912879945541428,0
25460,2.089683846062749,0
25461,0.8818970789231713,0
25462,1.88907464400999,0
25463,0.556010378472603,0
25464,0.9782653732383316,0
25465,2.363743718185536,0
25466,0.5812769557524845,0
25467,2.3628953564060753,0
25468,1.1948419342031813,0
25469,4.488786176367619,0
25470,4.0703008039163295,0
25471,5.079480437339051,0
25472,1.4732552315322607,0
25473,9.174393700775871,1
25474,1.3231737254552036,0
25475,0.6567508046263634,0
25476,3.868556983020867,0
25477,1.4090883639084284,0
25478,2.1530165227983575,0
25479,2.9186356852627062,0
25480,3.089644820975427,0
25481,2.6441311725726004,0
25482,4.454813203376345,0
25483,0.6902317797745938,0
25484,2.4966515062841497,0
25485,1.2495085813053395,0
25486,1.654781809888273,0
25487,1.6749792811068687,0
25488,2.080235832306095,0
25489,1.2997214943282438,0
25490,1.391913739947655,0
25491,3.0584093773653307,0
25492,2.9998375447157373,0
25493,7.213082298298639,0
25494,0.89605197324801,0
25495,1.1602677523546716,0
25496,3.759048448889378,0
25497,3.6219210532146406,0
25498,1.491270948417952,0
25499,4.474951992756816,0
25500,5.78392442754688,0
25501,1.341108613010987,0
25502,2.3133569235746525,0
25503,1.7150203305734684,0
25504,1.0000266306892238,0
25505,0.9435158434785437,0
25506,1.27351193725685,0
25507,10.707083526952976,1
25508,1.3542328115284266,0
25509,0.9146122388650177,0
25510,3.1487252710971227,0
25511,0.26549011362303926,0
25512,0.47632777385361275,0
25513,1.1124246125472401,0
25514,3.7056836910627307,0
25515,0.6740795867338606,0
25516,0.4767207793832984,0
25517,1.5668011125209846,0
25518,1.7204543790105666,0
25519,11.131819903999776,1
25520,0.41090344848275695,0
25521,2.133495162645097,0
25522,1.431747716811369,0
25523,0.8220848147466372,0
25524,1.5544058172868749,0
25525,4.5050218741514545,0
25526,4.794833675353769,0
25527,4.849193496434568,0
25528,1.6938086621481487,0
25529,2.9681865474327895,0
25530,1.7819120376132405,0
25531,0.4568729758341696,0
25532,1.5773670618807658,0
25533,4.632844616329719,0
25534,0.5861694636262607,0
25535,4.538336008427991,0
25536,1.1032995908457786,0
25537,5.516772410386069,0
25538,2.406053029180776,0
25539,0.9145338584913906,0
25540,6.770847802627808,0
25541,1.0291550083933558,0
25542,1.679258341900223,0
25543,0.7009072637214929,0
25544,1.3932366750493397,0
25545,1.057652889300673,0
25546,1.4136401652551063,0
25547,3.708175232215046,0
25548,2.017076643095777,0
25549,5.86577078328421,0
25550,5.180129417613854,0
25551,4.561387473947032,0
25552,1.909244763361822,0
25553,2.5958715441343996,0
25554,5.399184090761745,0
25555,2.3478948543584846,0
25556,0.7256411067662079,0
25557,3.903599632521515,0
25558,2.1083740022412614,0
25559,2.249867839295889,0
25560,3.864946303446673,0
25561,2.5693503329682588,0
25562,3.5094820769645185,0
25563,4.327078196400888,0
25564,6.576644484937854,0
25565,0.86568257986804,0
25566,1.477457653869017,0
25567,10.755739973395757,1
25568,2.6064860539611265,0
25569,2.3964348129414486,0
25570,2.6008019902257344,0
25571,1.5389218262976585,0
25572,2.7719344593162063,0
25573,0.9582110313684926,0
25574,2.3421343376547314,0
25575,9.287737581113056,1
25576,2.192662002349879,0
25577,1.0869142284601154,0
25578,1.7396149663010547,0
25579,1.3021613047106926,0
25580,2.9891715891135906,0
25581,3.521602206557027,0
25582,1.7604280913700165,0
25583,10.489685987856937,1
25584,1.8258231351294048,0
25585,1.069386157999098,0
25586,4.00662781914089,0
25587,4.538883776813384,0
25588,1.2454527702956946,0
25589,3.5052483661267235,0
25590,4.095796165864773,0
25591,5.013270048148187,0
25592,2.0873894680376686,0
25593,1.3575961314999685,0
25594,2.2136486517956793,0
25595,1.200670917204149,0
25596,14.95425800056271,1
25597,0.7755355084314753,0
25598,2.325147877310249,0
25599,2.270067942399025,0
25600,7.192604565205562,0
25601,11.00487885295538,1
25602,1.6395919682112776,0
25603,0.523249130940797,0
25604,2.367922749644683,0
25605,1.031417458935912,0
25606,4.302585228829719,0
25607,3.4349828304207266,0
25608,0.618901395750257,0
25609,0.5345596808788239,0
25610,1.568789581039518,0
25611,1.3174234284827335,0
25612,1.388224530824093,0
25613,1.843063937392277,0
25614,2.77305422437465,0
25615,1.2408970072197403,0
25616,3.6926033804935354,0
25617,2.349641195741706,0
25618,2.1784814017716863,0
25619,2.6881012446581067,0
25620,0.8296879726146681,0
25621,1.365225723312961,0
25622,3.4660855537071824,0
25623,8.741146389042523,1
25624,1.7262443341544027,0
25625,6.871988082432889,0
25626,3.691497276800682,0
25627,1.6102647285032343,0
25628,4.89951407039816,0
25629,2.1462889028757,0
25630,1.7032474964363389,0
25631,3.1075884579578235,0
25632,4.219105429234992,0
25633,1.4700100985183473,0
25634,0.8833468643027912,0
25635,0.7804178872141384,0
25636,4.193426184663583,0
25637,2.8170192579757365,0
25638,1.5752695561104,0
25639,0.9142282417718361,0
25640,5.625225482073942,0
25641,4.840103818915195,0
25642,0.6697753471203245,0
25643,3.4935863367995506,0
25644,0.6313742728957836,0
25645,2.1412857867311623,0
25646,7.699105396893786,0
25647,1.5772759034371993,0
25648,4.076464931593887,0
25649,1.0270985887334712,0
25650,10.021445586512678,1
25651,1.7717021841427152,0
25652,0.610426333618063,0
25653,0.20607711230482298,0
25654,0.42991083018614495,0
25655,3.242763331627984,0
25656,1.1333080313358612,0
25657,0.4170219969800007,0
25658,1.5141374720641383,0
25659,2.3071322946908115,0
25660,0.4044557408544079,0
25661,2.8637209316657257,0
25662,0.9829707651236449,0
25663,2.558056738289205,0
25664,2.882727273512466,0
25665,3.90731280643689,0
25666,1.123615207659281,0
25667,0.5327212075308805,0
25668,1.7579081481653687,0
25669,2.86018799921643,0
25670,1.0175555910840435,0
25671,3.2308637746314006,0
25672,3.217127339020475,0
25673,2.2493414467656425,0
25674,0.9793345553793977,0
25675,1.0560204133139,0
25676,2.4794220599496613,0
25677,6.775821355903868,0
25678,1.4152560366753695,0
25679,1.3566841476940898,0
25680,3.5101868660801956,0
25681,1.7128538008831693,0
25682,4.877002912746211,0
25683,3.4195086071649894,0
25684,1.548163460336495,0
25685,14.959872193871513,1
25686,2.7303791658391297,0
25687,2.2494010575491514,0
25688,5.809315148399472,0
25689,10.553557442737768,1
25690,1.3605581384738508,0
25691,3.881221308059741,0
25692,7.5642160765345885,0
25693,3.006995746829372,0
25694,2.408408286629978,0
25695,5.080912314989782,0
25696,1.8949204722584811,0
25697,0.6435573228594041,0
25698,1.5798583813080056,0
25699,1.1802079297955963,0
25700,3.0924921649789456,0
25701,4.652790843452739,0
25702,2.3572538575460724,0
25703,1.472353168605309,0
25704,3.7532840885909042,0
25705,2.4780718855233688,0
25706,4.850294925263287,0
25707,5.323001189858227,0
25708,2.087875401891039,0
25709,0.8315223949919129,0
25710,0.526515361804243,0
25711,2.012096529373048,0
25712,2.8313253385466264,0
25713,1.1887654664918164,0
25714,2.6712480414047213,0
25715,5.021815503516956,0
25716,1.7654400719988925,0
25717,1.7405497253615791,0
25718,6.111694631920689,0
25719,1.145126286205977,0
25720,2.5751970001574045,0
25721,2.0137528861007485,0
25722,2.7320635539440405,0
25723,1.2785079794529126,0
25724,0.41196950800153914,0
25725,5.162940761054489,0
25726,5.339972245946469,0
25727,10.199880614953026,1
25728,3.2631329425819615,0
25729,1.431159828186511,0
25730,2.2027547447394813,0
25731,61.03806275422741,1
25732,1.0851972638513463,0
25733,0.6847501916955315,0
25734,2.4019984829454617,0
25735,1.60646328323067,0
25736,2.0083583566962284,0
25737,1.3514178721301626,0
25738,2.957194959795634,0
25739,1.2553085145376692,0
25740,6.659177567042328,0
25741,3.499825907742745,0
25742,2.081679539224721,0
25743,2.9746446356824143,0
25744,1.0416449918769584,0
25745,4.545445801365498,0
25746,1.736071668801916,0
25747,3.4472987318917965,0
25748,3.4870564631938383,0
25749,1.6669047162294712,0
25750,3.161531120607954,0
25751,3.337546112890771,0
25752,4.013276982053907,0
25753,1.8036675865277993,0
25754,5.714056159588689,0
25755,1.7915823400553927,0
25756,1.8705269063754002,0
25757,2.1347090615017192,0
25758,6.142446516197356,0
25759,1.1204388145484032,0
25760,1.8943856461676778,0
25761,1.779064633296121,0
25762,12.215882507648645,1
25763,2.5673969996565296,0
25764,2.648424533196123,0
25765,1.1031432854192929,0
25766,8.118038159650395,0
25767,4.525996000355641,0
25768,7.277172330563335,0
25769,2.4965447255679933,0
25770,3.407843299111255,0
25771,10.910314036846213,1
25772,3.0415478550149175,0
25773,3.3122334596407668,0
25774,2.669455777010387,0
25775,2.362217265882603,0
25776,1.0519248258647644,0
25777,3.7349975569527656,0
25778,3.4860240150913353,0
25779,2.082749201082697,0
25780,1.458013658791932,0
25781,2.77372794393401,0
25782,2.171286485969032,0
25783,3.434516609266484,0
25784,2.7372977296048093,0
25785,1.6402046685301153,0
25786,0.7419900743919124,0
25787,2.445078676304452,0
25788,0.9959934125620031,0
25789,2.1952991215057223,0
25790,1.2421030181961104,0
25791,3.384734640822198,0
25792,9.553813665343792,1
25793,4.24352884792306,0
25794,1.4883706315294458,0
25795,1.1360240401647372,0
25796,1.2978284221405767,0
25797,1.8395869095593875,0
25798,0.5489288574098956,0
25799,7.893193556354709,0
25800,0.6824893880830748,0
25801,3.5864440921566065,0
25802,4.768568507717865,0
25803,2.3631974044076705,0
25804,2.7155089967165735,0
25805,0.39183085999989875,0
25806,1.6294963288195052,0
25807,8.493431918235094,1
25808,2.986170323353357,0
25809,4.959522651836578,0
25810,4.701782116605023,0
25811,2.123545344812764,0
25812,5.593317027807237,0
25813,4.580671018780672,0
25814,1.5409327599130749,0
25815,2.0858671259335737,0
25816,1.7373703777983256,0
25817,8.742467282274706,1
25818,1.1105724490551785,0
25819,0.5784453206822506,0
25820,5.764244220424559,0
25821,3.3635430826897994,0
25822,3.304966571815439,0
25823,2.2023125367355907,0
25824,1.5607076680281906,0
25825,3.7225428853019595,0
25826,3.008766083050469,0
25827,1.925449085016386,0
25828,1.5616894514240847,0
25829,0.3632479769669725,0
25830,2.0168553091163375,0
25831,1.949397005419993,0
25832,2.3648220294675655,0
25833,3.3863664792057286,0
25834,2.484236349801846,0
25835,3.5490079963373495,0
25836,1.2646548546539313,0
25837,6.006630180377226,0
25838,3.5449405234971487,0
25839,3.091282946103741,0
25840,7.992134748530758,0
25841,1.7271010345732856,0
25842,2.1352578904892394,0
25843,4.860209236731124,0
25844,0.9786421797505115,0
25845,0.650625094882183,0
25846,1.2110371838699223,0
25847,7.034825982898061,0
25848,2.426964702226494,0
25849,2.592960525129098,0
25850,1.0988653552282561,0
25851,4.655766851241092,0
25852,1.9375655632878408,0
25853,2.135747011562577,0
25854,1.1091907620670034,0
25855,0.6075229764320216,0
25856,2.693337400012426,0
25857,10.65585330922595,1
25858,0.5181898071464223,0
25859,0.6925311955589495,0
25860,10.395439393640093,1
25861,2.770590911967805,0
25862,10.600706656781917,1
25863,1.666617734174185,0
25864,1.0816694211828637,0
25865,2.788878906027584,0
25866,2.231903026177211,0
25867,1.1542014863854306,0
25868,0.7755451893765174,0
25869,28.264955508867963,1
25870,5.060666247914713,0
25871,4.968333403185621,0
25872,2.876508807542018,0
25873,4.950969670409358,0
25874,3.7328593340839507,0
25875,14.926724430839583,1
25876,5.615962068845911,0
25877,16.297316536319602,1
25878,2.825843861624708,0
25879,3.0681732577492506,0
25880,3.098602463122502,0
25881,1.4305309183985742,0
25882,1.158387536037675,0
25883,2.7985860526002773,0
25884,2.221600835521595,0
25885,3.440209700089959,0
25886,2.2913628168353006,0
25887,3.3956839893947612,0
25888,2.8755223628541353,0
25889,3.04562808439791,0
25890,3.599547147619063,0
25891,0.6315966576155574,0
25892,3.194330821277809,0
25893,0.785874711845757,0
25894,4.312443154107849,0
25895,15.812053511357615,1
25896,0.7713631130497319,0
25897,9.94165596768199,1
25898,1.2245783515631203,0
25899,2.2619092923391073,0
25900,3.7329157035720733,0
25901,2.2379286065691946,0
25902,1.8865246467550487,0
25903,1.3611111599329886,0
25904,4.693079838423115,0
25905,0.6705021192487095,0
25906,0.8567718173530685,0
25907,1.677567151850987,0
25908,1.3098951431260906,0
25909,1.1470826417868984,0
25910,3.517997433227197,0
25911,1.4837739360906996,0
25912,3.182430894463451,0
25913,13.098241596032535,1
25914,0.61008659487779,0
25915,3.1791932255660655,0
25916,1.0392152620847401,0
25917,2.155906512409096,0
25918,3.543392209331256,0
25919,1.0729797707592212,0
25920,9.584340913952067,1
25921,1.400908347513861,0
25922,0.3641237274387417,0
25923,3.901818050892696,0
25924,1.2037905645333131,0
25925,4.195708698961976,0
25926,2.5820120254939556,0
25927,7.594748150500629,0
25928,0.40404333777029494,0
25929,2.050480905855452,0
25930,2.4534347863414605,0
25931,2.678754343364964,0
25932,14.028730739460688,1
25933,1.8105503571790793,0
25934,6.006781925546099,0
25935,1.1560772446271919,0
25936,3.4310722322746394,0
25937,0.9979458490402647,0
25938,2.712459997744557,0
25939,3.0479292057416703,0
25940,2.1583200332860195,0
25941,3.4603768131036285,0
25942,1.9684812859790113,0
25943,2.058827000571832,0
25944,0.7800600706646624,0
25945,0.8372338487065235,0
25946,3.8286053979761516,0
25947,1.8605267409491384,0
25948,4.489176088090118,0
25949,10.839911933600952,1
25950,9.064226701619836,1
25951,0.9855017551196336,0
25952,4.4484831971368415,0
25953,2.723330001260935,0
25954,1.6843458102338194,0
25955,2.3158354829598085,0
25956,3.507307915066931,0
25957,9.268406339671266,1
25958,1.92708813453223,0
25959,1.9201520088091437,0
25960,2.1984348909875795,0
25961,3.444376374310691,0
25962,1.9631116657546894,0
25963,1.6792629983451113,0
25964,1.987665847346389,0
25965,3.036520092732086,0
25966,1.3315120552129387,0
25967,3.371548159281334,0
25968,4.325412221207864,0
25969,0.5104829522958151,0
25970,2.3699417753144387,0
25971,4.039602377736325,0
25972,0.297603516106482,0
25973,2.7453735238336434,0
25974,9.044216324604047,1
25975,4.229188488935063,0
25976,0.9256581067702517,0
25977,0.555460052992967,0
25978,4.4324043588754565,0
25979,7.120574198642369,0
25980,1.143345667995959,0
25981,3.4271416329279316,0
25982,2.19091603034252,0
25983,3.6328774026437594,0
25984,3.492156559157787,0
25985,1.0477877696980173,0
25986,4.722199836346251,0
25987,1.2194960189823312,0
25988,2.1129399573558474,0
25989,8.767284424383025,1
25990,2.5371467526169655,0
25991,0.5996430626120935,0
25992,2.110333996826428,0
25993,3.1112155159652364,0
25994,3.572096444392857,0
25995,2.569022419544537,0
25996,0.9462035787176473,0
25997,1.5692948071175545,0
25998,1.9205061776435783,0
25999,1.0346001215184757,0
26000,0.8414307608926779,0
26001,2.8378664298553256,0
26002,11.37435675882643,1
26003,1.1942510482807198,0
26004,3.385949926461895,0
26005,2.8690727698586582,0
26006,6.297595954404463,0
26007,2.595080142390654,0
26008,0.5032983298385871,0
26009,1.434026203474651,0
26010,3.669143789863195,0
26011,0.949068840171633,0
26012,2.257673082459475,0
26013,3.0027036656798387,0
26014,1.5679893771097717,0
26015,1.7999355056071389,0
26016,2.455866921763311,0
26017,0.7711263785795713,0
26018,3.2241789475374976,0
26019,3.0459657233643087,0
26020,1.1952369423702252,0
26021,5.948621045370154,0
26022,4.197432257116536,0
26023,1.6370154029244384,0
26024,1.2220627144499288,0
26025,1.6081645376637042,0
26026,2.3958553529901723,0
26027,1.4462013434488055,0
26028,10.93713610454865,1
26029,6.118908554534347,0
26030,1.4514609016192,0
26031,1.410978333682597,0
26032,4.5526963380036625,0
26033,2.6914836979289487,0
26034,3.0354923679684243,0
26035,2.0702729603874195,0
26036,6.575845147990816,0
26037,3.3496454387018963,0
26038,0.29874618763986643,0
26039,1.6678383187733112,0
26040,2.6410223101164734,0
26041,1.30491271546148,0
26042,2.7999182105898326,0
26043,2.4907198115773594,0
26044,2.9457467994908955,0
26045,1.9133921737393704,0
26046,6.840887345014948,0
26047,9.218230401315449,1
26048,1.3703082637290893,0
26049,2.6773000863660172,0
26050,4.935899701501147,0
26051,3.300047713548564,0
26052,1.6881455748250533,0
26053,10.409021385187625,1
26054,6.674070857410149,0
26055,0.45263371545709863,0
26056,1.304955260961289,0
26057,5.0491643102140324,0
26058,0.2484522145641841,0
26059,1.9762475787210683,0
26060,3.8197134294887096,0
26061,18.76416283737768,1
26062,4.652750492285128,0
26063,2.76572121244669,0
26064,1.1829189097843875,0
26065,0.4924170931508008,0
26066,2.2210435245324676,0
26067,8.451714109853427,1
26068,1.207324033539521,0
26069,1.6645882622943562,0
26070,1.7346106487933015,0
26071,4.702962062222927,0
26072,6.779113082835326,0
26073,0.6595975897238107,0
26074,1.9392042374891119,0
26075,3.2973944345280057,0
26076,3.3573091918755464,0
26077,1.2719513863672454,0
26078,3.184884864422268,0
26079,3.1708221127627687,0
26080,2.9890747766338426,0
26081,1.4791266899457254,0
26082,1.5707180275318886,0
26083,0.7025173250058949,0
26084,2.6324103178527722,0
26085,3.3321529845793134,0
26086,10.807281409070786,1
26087,1.1644454909320203,0
26088,4.517227391521882,0
26089,2.1417664799441507,0
26090,2.301538721643324,0
26091,1.1407258896688737,0
26092,3.527978070946831,0
26093,3.852341576920642,0
26094,2.19067632530276,0
26095,3.6998628684222714,0
26096,0.5278492746294337,0
26097,15.339684798821349,1
26098,4.18751879462701,0
26099,2.8016081380713604,0
26100,1.6402999612336204,0
26101,1.4172291230687686,0
26102,0.6807691819834597,0
26103,2.9425383759123838,0
26104,2.3615528472535408,0
26105,0.7402405234806175,0
26106,4.26104090888367,0
26107,5.88118980979681,0
26108,2.7565549093317996,0
26109,1.2033107441811297,0
26110,1.2250294920259275,0
26111,1.2354786457652573,0
26112,3.908311929554546,0
26113,1.0113167302712225,0
26114,0.8023879473036122,0
26115,0.4969552508337156,0
26116,1.0019720295823282,0
26117,7.9111507307352165,0
26118,1.0820337071466826,0
26119,2.6994503628517057,0
26120,3.782913035346842,0
26121,12.552867842192155,1
26122,2.4342960261745903,0
26123,6.234601372780829,0
26124,2.5547849641740163,0
26125,1.9077202023750177,0
26126,4.767510320123644,0
26127,1.0542833943210075,0
26128,1.4224505301777526,0
26129,1.2617094296547826,0
26130,2.5457774398327637,0
26131,1.3149168817608545,0
26132,1.7987982647418026,0
26133,5.700901243637465,0
26134,2.199313965159142,0
26135,1.3467439140781956,0
26136,7.36318176875767,0
26137,2.3090229421052046,0
26138,2.010967301613031,0
26139,0.8850844380337989,0
26140,1.1612622827181833,0
26141,5.03336218597078,0
26142,2.468041046452044,0
26143,2.5446160880298097,0
26144,8.228262102980182,0
26145,6.48358711810291,0
26146,3.908301962994184,0
26147,0.5968527845650251,0
26148,3.083588350749321,0
26149,9.235829549749935,1
26150,2.7172163908790212,0
26151,4.500428067104477,0
26152,2.9921113986699908,0
26153,2.131962425560292,0
26154,4.826060102056994,0
26155,0.2737113364328628,0
26156,2.2196266870371013,0
26157,2.3909441625333603,0
26158,4.229531466816463,0
26159,7.901838749420765,0
26160,4.81204869509092,0
26161,1.7971870003853891,0
26162,6.144004354098725,0
26163,2.251902301924981,0
26164,5.12633335851317,0
26165,1.159730435605998,0
26166,1.8030846829057359,0
26167,3.3980169497159074,0
26168,3.154709786865891,0
26169,3.17348266317107,0
26170,3.462116204861247,0
26171,1.0637852777195902,0
26172,1.589481852235895,0
26173,4.468205957714191,0
26174,2.05824045751131,0
26175,1.5945000548184314,0
26176,5.272604895539801,0
26177,1.0633832332709305,0
26178,0.9888333990267435,0
26179,1.5702046826147358,0
26180,1.5272948567936853,0
26181,1.6765923744922595,0
26182,1.7155765857411744,0
26183,4.333664779405714,0
26184,1.056760196395221,0
26185,2.5784271802941237,0
26186,1.1316068845691463,0
26187,0.6005499621918526,0
26188,4.963135826863839,0
26189,4.8954612438346965,0
26190,2.447635717068474,0
26191,1.121530563937923,0
26192,2.3807920412771804,0
26193,2.6374110020655404,0
26194,1.3728119331219288,0
26195,1.3860233405300588,0
26196,1.3723735702587259,0
26197,4.5997596678800186,0
26198,2.759830829369773,0
26199,2.3180662301573283,0
26200,1.5789945105339858,0
26201,0.8489800666628702,0
26202,1.275524375603601,0
26203,0.2600183324076952,0
26204,1.1253529569405731,0
26205,1.5358817059671532,0
26206,3.709582189042117,0
26207,7.687212255658441,0
26208,2.4157030886023123,0
26209,2.0448351110079663,0
26210,7.371183060285326,0
26211,3.1979923442320617,0
26212,1.011618807282853,0
26213,3.929376160831717,0
26214,19.5163623422846,1
26215,3.517010401147005,0
26216,4.074521351205137,0
26217,9.214136753839103,1
26218,0.9566359221668689,0
26219,1.633809699359162,0
26220,0.6366447382762842,0
26221,3.26809404829645,0
26222,1.2480763468905558,0
26223,2.862812846024787,0
26224,1.5995832920260062,0
26225,1.742225362326765,0
26226,0.4797330059506841,0
26227,11.127297185998193,1
26228,1.0049292471138087,0
26229,1.4543420452624796,0
26230,5.023294080330089,0
26231,1.936761356133735,0
26232,1.5143677248832268,0
26233,8.22624366658657,0
26234,4.706005084227025,0
26235,2.0162086448640184,0
26236,2.8855964597796144,0
26237,6.122193260867025,0
26238,1.852558900122991,0
26239,1.0776244828443637,0
26240,1.784003456010982,0
26241,2.0925904398048543,0
26242,4.4621529620155655,0
26243,4.554158031642111,0
26244,7.3149092405402145,0
26245,1.4192387053567295,0
26246,2.9273950108742652,0
26247,1.3847972957460588,0
26248,2.380540376611838,0
26249,0.3195341200141549,0
26250,11.199309098461539,1
26251,4.799896697454671,0
26252,0.6045705427332261,0
26253,1.6451643797158573,0
26254,2.4932990498703584,0
26255,2.6956328390302167,0
26256,3.537953706996249,0
26257,1.1974583223355946,0
26258,0.850747445097423,0
26259,1.2954346134191441,0
26260,1.6198183585384285,0
26261,2.074701210608032,0
26262,1.6455485913969787,0
26263,1.6025163463836916,0
26264,1.1453194816882821,0
26265,1.2572782559881621,0
26266,1.3638647612480015,0
26267,8.184651561340335,0
26268,1.0153875771640406,0
26269,1.9747532328866284,0
26270,2.8343298402159793,0
26271,2.292232950875844,0
26272,0.45951835243504646,0
26273,2.220079373869775,0
26274,4.418046359420689,0
26275,1.964222366543121,0
26276,2.8857044375372993,0
26277,1.2593019653507525,0
26278,0.8328258547222955,0
26279,0.5579820648986983,0
26280,4.396018948090705,0
26281,1.7000755101110392,0
26282,2.9370236997937256,0
26283,3.1664396067899423,0
26284,1.1954292076075115,0
26285,4.746138415519917,0
26286,3.56552000867907,0
26287,1.6296143586445802,0
26288,2.4564243143495563,0
26289,0.9147969462245745,0
26290,2.2157504168852467,0
26291,4.280322837158827,0
26292,2.8611909818468075,0
26293,2.4331459531324615,0
26294,2.5767781294669714,0
26295,5.005353814336129,0
26296,3.3300292639979143,0
26297,5.494248699714808,0
26298,1.053342169746249,0
26299,2.5184999583120558,0
26300,7.719210036260753,0
26301,1.5667275174390913,0
26302,7.976498142316163,0
26303,2.4978158034233306,0
26304,4.462445561081332,0
26305,0.7805809880439185,0
26306,3.6959634213940125,0
26307,1.4425578693027883,0
26308,3.4438886864783265,0
26309,1.6087445960499973,0
26310,0.533976814588505,0
26311,0.44785701417593304,0
26312,0.514706689928086,0
26313,5.955368835871012,0
26314,2.432949928344029,0
26315,2.7333286199731295,0
26316,7.375802684730752,0
26317,2.4428691647947485,0
26318,0.4363788498582742,0
26319,1.1989771644398806,0
26320,1.5232823918242235,0
26321,1.229811486029032,0
26322,5.858446490930032,0
26323,2.123297388110696,0
26324,5.968187666739082,0
26325,0.47767342402411933,0
26326,4.822874208557672,0
26327,2.385913403933111,0
26328,6.020872851573879,0
26329,5.620118025878946,0
26330,2.4613463093641457,0
26331,1.534221158558605,0
26332,4.2347448539079915,0
26333,3.668190758141625,0
26334,0.2993164406415427,0
26335,1.7677146798897914,0
26336,3.5871799161946085,0
26337,1.5297391982771618,0
26338,3.067323199987974,0
26339,1.8882550827860762,0
26340,2.402208054426801,0
26341,8.272793857182709,1
26342,1.4119725684927964,0
26343,4.694363144046439,0
26344,3.8293726306410623,0
26345,3.988557885240652,0
26346,4.535955972155075,0
26347,8.171806325182844,0
26348,0.5980922638789443,0
26349,0.899534499575288,0
26350,1.179355829432981,0
26351,2.571434763446965,0
26352,1.874036945085894,0
26353,3.951353535508397,0
26354,3.6028339697799314,0
26355,2.152885001152728,0
26356,6.302413909331137,0
26357,5.271868784527106,0
26358,3.3329268924673583,0
26359,4.27814529833855,0
26360,1.6181475806787158,0
26361,1.1875973540608284,0
26362,2.1798109152163443,0
26363,0.7519938296010835,0
26364,0.8372198823872469,0
26365,2.738003194341016,0
26366,3.0205996006245726,0
26367,3.6903673960499908,0
26368,2.6407251024170004,0
26369,4.043513743235171,0
26370,0.519488759191404,0
26371,2.033579809934537,0
26372,3.9319386006567596,0
26373,1.33594222429672,0
26374,3.5431812698742062,0
26375,0.7990109460037934,0
26376,2.1005099300639176,0
26377,2.306073304433167,0
26378,2.3842846220834577,0
26379,0.5157318863684555,0
26380,4.156836867552171,0
26381,4.1509117473866795,0
26382,1.1353086130349788,0
26383,1.9295460486122138,0
26384,1.8138321998978166,0
26385,2.677574410427798,0
26386,6.945507339166913,0
26387,10.88645049721806,1
26388,1.9711424602148768,0
26389,0.8318962771411783,0
26390,4.964349045919879,0
26391,7.19400952764873,0
26392,2.7579859897369348,0
26393,0.4947491055947666,0
26394,3.058040839235857,0
26395,2.7183286696698374,0
26396,8.028296508471838,0
26397,1.914299573974121,0
26398,1.5375571864654054,0
26399,1.8954302681776454,0
26400,6.685547296611138,0
26401,1.6723855156195515,0
26402,1.2360206328128553,0
26403,1.9672124116926109,0
26404,0.5200031561560292,0
26405,4.4245035606631005,0
26406,12.605370610091438,1
26407,3.393098389842503,0
26408,1.6831950381601617,0
26409,0.9521780779317827,0
26410,2.203980954622882,0
26411,5.9041780260560355,0
26412,4.191083516995212,0
26413,1.470333011412895,0
26414,2.579758077434622,0
26415,1.6148112583982528,0
26416,4.423980272250988,0
26417,9.039004586840212,1
26418,6.740047289614663,0
26419,1.3598629729138143,0
26420,5.404505138782741,0
26421,1.7332641988160162,0
26422,1.7558572259247207,0
26423,3.372791849359591,0
26424,1.5909020643758949,0
26425,1.6324807459389334,0
26426,1.8232997924173517,0
26427,2.691647851932976,0
26428,1.522032274708277,0
26429,0.5443888470553276,0
26430,3.687881586274278,0
26431,1.2334092626309803,0
26432,3.1918005406955214,0
26433,6.739575059366522,0
26434,2.194043513770863,0
26435,2.3131201577753866,0
26436,2.204173828606096,0
26437,0.8360601891969874,0
26438,1.7778715444619626,0
26439,2.634150136888354,0
26440,2.815964198794607,0
26441,1.4470343817413105,0
26442,2.62205136586289,0
26443,0.8255567468095052,0
26444,1.2141624336281935,0
26445,0.4395445879149191,0
26446,6.614478638009099,0
26447,12.85556247114817,1
26448,1.342485295624198,0
26449,3.9981422208368893,0
26450,1.8544192178602756,0
26451,1.5317570130544669,0
26452,1.5397195698763944,0
26453,3.2477086272645366,0
26454,4.960937358372482,0
26455,4.8739920319497365,0
26456,4.7841066362801286,0
26457,2.6816487736856445,0
26458,1.6971365720122253,0
26459,0.7402018041555104,0
26460,1.2852194548176565,0
26461,9.937748189119384,1
26462,0.6273467147770645,0
26463,4.907913480440124,0
26464,0.9946358171598294,0
26465,4.366372220361078,0
26466,5.269635381341437,0
26467,1.0381889586952362,0
26468,0.754272817831438,0
26469,1.2571354358511704,0
26470,2.413671556620594,0
26471,1.1158718900694022,0
26472,1.376249652942606,0
26473,1.7826148194809797,0
26474,3.46965646684374,0
26475,3.9199704258338595,0
26476,10.929157685983798,1
26477,2.221258655507974,0
26478,0.6970336100461554,0
26479,3.5807188321308194,0
26480,1.2223765621887785,0
26481,7.492178887749489,0
26482,1.403056154100965,0
26483,3.8790775588020256,0
26484,11.133303950653849,1
26485,1.4521157186528333,0
26486,1.7357147395044341,0
26487,1.991162743434019,0
26488,4.003448285193434,0
26489,3.021854652345757,0
26490,1.6742798880320275,0
26491,1.6446808326653104,0
26492,1.725993457094031,0
26493,1.4392880385266738,0
26494,1.3943903452018966,0
26495,1.9623458346400289,0
26496,2.5372842278255234,0
26497,1.1162997546377986,0
26498,3.3215814156074908,0
26499,3.5670315301834354,0
26500,2.487941185802357,0
26501,1.9433626090309521,0
26502,3.98759245774403,0
26503,2.661833155108601,0
26504,1.933957883822726,0
26505,2.1719896021338827,0
26506,2.414530340766046,0
26507,10.431040119054009,1
26508,2.4814438899692064,0
26509,2.67768967001093,0
26510,2.56191349551153,0
26511,6.496152537525859,0
26512,4.584709799931164,0
26513,1.5524407460195253,0
26514,1.256842181419612,0
26515,2.310685307562154,0
26516,1.3820025851325037,0
26517,2.6463492429604645,0
26518,2.7467355638093425,0
26519,7.175964892828769,0
26520,3.1826803172314966,0
26521,3.842278406360006,0
26522,1.3206074451532828,0
26523,4.657210058241959,0
26524,3.167039225081567,0
26525,2.760226027438405,0
26526,3.764821887718998,0
26527,3.3527896512592625,0
26528,4.787711019706142,0
26529,1.61705464618634,0
26530,3.977606413631004,0
26531,3.802923534904204,0
26532,1.7802209120725152,0
26533,3.0439759729197076,0
26534,1.0741687499282397,0
26535,3.167384123201269,0
26536,1.0693672084165828,0
26537,3.0989118704233416,0
26538,1.1535405656453335,0
26539,2.229288331628925,0
26540,3.9770309159039763,0
26541,3.7671741987628535,0
26542,1.738767647434653,0
26543,2.082232430159271,0
26544,2.6984790964481107,0
26545,0.8110838995558395,0
26546,6.835830040762013,0
26547,19.327908139461506,1
26548,0.9678494897589239,0
26549,7.668979012293066,0
26550,3.0482518750536,0
26551,3.557373109595176,0
26552,4.843753576773969,0
26553,5.245388462591019,0
26554,3.070657553219537,0
26555,1.1214209076661288,0
26556,2.2757036108926068,0
26557,9.403186460812712,1
26558,2.352539582820631,0
26559,1.3330371742399936,0
26560,3.4502409329466577,0
26561,2.7329935021053573,0
26562,2.593346265601285,0
26563,2.6084038317860156,0
26564,6.544985729046408,0
26565,1.890376826794266,0
26566,1.0650945401800547,0
26567,1.0095837226878333,0
26568,1.7415102482842273,0
26569,4.97241108197521,0
26570,3.8232326893645845,0
26571,2.4641116997826886,0
26572,1.1352646332400138,0
26573,1.2682065191923648,0
26574,6.582544223214487,0
26575,2.994110675010058,0
26576,1.748784241893103,0
26577,5.856057334446843,0
26578,2.3304494320594653,0
26579,2.113828530392722,0
26580,6.845885000256085,0
26581,3.3422392468806086,0
26582,1.604830682627856,0
26583,8.905107892504246,1
26584,1.7536817853079065,0
26585,5.416835883009265,0
26586,0.3616546639013149,0
26587,4.427316951568313,0
26588,3.422772528468474,0
26589,4.373233876640122,0
26590,1.5257204397754969,0
26591,2.39166736325508,0
26592,5.645162938733108,0
26593,9.099705722038804,1
26594,3.16746971825867,0
26595,0.5918405512188488,0
26596,2.8235145076827184,0
26597,4.670247532222305,0
26598,4.4733771527337405,0
26599,5.436211628961423,0
26600,1.2260596080683217,0
26601,0.42685705715304706,0
26602,3.227168919293594,0
26603,1.0382136200868182,0
26604,2.51760684345617,0
26605,3.1122225946020223,0
26606,1.6589870671816576,0
26607,5.748247470294244,0
26608,1.5798871599374034,0
26609,3.745072435253357,0
26610,0.8220250543252543,0
26611,4.361556258532614,0
26612,0.646516037170515,0
26613,0.7327979445965482,0
26614,5.196284681314742,0
26615,3.056622375548384,0
26616,1.133247831057946,0
26617,0.9386328870767316,0
26618,1.1321029758532428,0
26619,2.36860609276856,0
26620,2.6672968576763525,0
26621,0.46450079683276374,0
26622,0.5148198782398914,0
26623,0.5122145275112128,0
26624,0.5177334438120608,0
26625,1.8381332886243404,0
26626,5.133353464581035,0
26627,1.8234510303344438,0
26628,1.1235243028097037,0
26629,3.0868082862255237,0
26630,3.2171867025771235,0
26631,3.689723395819717,0
26632,0.5371041300582449,0
26633,0.4580996958874148,0
26634,0.9450084821124466,0
26635,2.6108287517067876,0
26636,7.538660384394763,0
26637,0.5352136984451599,0
26638,1.5084352500860072,0
26639,4.502113451733073,0
26640,1.8681675139830893,0
26641,2.122239749451881,0
26642,1.952818043164258,0
26643,3.1798387170417777,0
26644,0.6056413300479382,0
26645,0.42696607015430427,0
26646,0.7710426724521885,0
26647,3.8998837312125985,0
26648,2.300151010507926,0
26649,3.715594811320454,0
26650,1.6518390668182192,0
26651,1.2078724052148246,0
26652,1.216550277568969,0
26653,4.571399592722175,0
26654,2.317949555835299,0
26655,1.2009575017462475,0
26656,0.5494616732537327,0
26657,0.7498656510537409,0
26658,3.883629881602707,0
26659,7.009881257692324,0
26660,2.7960473044327143,0
26661,1.8412580203314122,0
26662,0.4678643383300971,0
26663,9.913717978470665,1
26664,3.948734847620478,0
26665,2.36525073769783,0
26666,2.616984738141334,0
26667,3.060192077167072,0
26668,0.7133155832211424,0
26669,1.5976630281907087,0
26670,9.995289820264297,1
26671,3.567557189718786,0
26672,6.233212591350675,0
26673,1.9692625910827835,0
26674,2.842862483701397,0
26675,0.80228369953829,0
26676,2.3905873742204204,0
26677,12.82858290860169,1
26678,0.6043847925654078,0
26679,2.610851073708113,0
26680,4.148402646872437,0
26681,3.3900259966473096,0
26682,0.6412542559786067,0
26683,1.775247117225481,0
26684,0.8267857018953326,0
26685,2.041815923762364,0
26686,2.0889690336033007,0
26687,1.9067020237166696,0
26688,0.3978571007623615,0
26689,3.8063210557348492,0
26690,2.0747299490790754,0
26691,0.959368086694749,0
26692,2.5938625316621473,0
26693,3.6206268516551234,0
26694,7.223556824411633,0
26695,2.517209215342024,0
26696,0.3982804249190028,0
26697,0.5631290966946788,0
26698,1.2783220901075036,0
26699,0.7662656586668979,0
26700,1.4262114760169264,0
26701,3.3207829164175693,0
26702,1.8494472135610045,0
26703,0.7999473423166175,0
26704,2.307025815658362,0
26705,1.665375711227874,0
26706,3.90891576226623,0
26707,0.5045340523995319,0
26708,2.654936327550373,0
26709,1.771459224394829,0
26710,17.7357595597752,1
26711,3.584114114784098,0
26712,2.174290186618147,0
26713,2.1002679966530016,0
26714,0.7051357822670105,0
26715,2.352201992403319,0
26716,7.476336259135298,0
26717,1.6641142318117432,0
26718,0.6464720761492888,0
26719,2.0775007434161883,0
26720,0.5720455203800666,0
26721,2.393448663642309,0
26722,8.598734516156354,1
26723,1.8610020026241914,0
26724,2.9322504200181427,0
26725,1.8138191049964958,0
26726,2.758555862465651,0
26727,2.2355971431527903,0
26728,3.4225046399688965,0
26729,0.8815708280357571,0
26730,0.9377733971271376,0
26731,0.8248613040427861,0
26732,9.688564741647241,1
26733,6.730602937212259,0
26734,0.9046048554981503,0
26735,2.044088177048797,0
26736,2.404741912142872,0
26737,3.213127078353547,0
26738,1.3758259959220909,0
26739,2.783086005888018,0
26740,6.072397925025541,0
26741,3.4789298760542295,0
26742,1.9614417381647777,0
26743,4.054855027623888,0
26744,1.419926938780413,0
26745,1.9123152734338231,0
26746,2.4808534757374097,0
26747,2.256755687812459,0
26748,1.282592154209255,0
26749,3.518921839515604,0
26750,0.9140202019418993,0
26751,18.28256757920373,1
26752,1.077468924992283,0
26753,4.407717209626047,0
26754,2.728842910859901,0
26755,0.7236332673945702,0
26756,2.2098551942581848,0
26757,1.3490465937926723,0
26758,0.603017679954916,0
26759,3.5275682954173164,0
26760,2.774482025110106,0
26761,2.362719970016951,0
26762,1.7838273306903483,0
26763,1.9509295162955338,0
26764,5.109575495965322,0
26765,0.8314618565682065,0
26766,0.6785699385942741,0
26767,0.41406158405032334,0
26768,4.321235744029332,0
26769,2.648680366812063,0
26770,1.3024107209923694,0
26771,4.817703923160411,0
26772,6.6011113226066,0
26773,7.504328333879343,0
26774,2.975602996188683,0
26775,1.5599366384820168,0
26776,6.546703722699497,0
26777,1.2935759798664221,0
26778,2.462542414382,0
26779,2.158666842306293,0
26780,6.023857913213223,0
26781,6.256457884740324,0
26782,2.55021250478526,0
26783,2.1799780138039617,0
26784,7.953394154103681,0
26785,3.839880782681941,0
26786,1.5538624403471304,0
26787,0.9370442781309649,0
26788,2.6244809756873093,0
26789,2.541825065607424,0
26790,2.063383283559636,0
26791,7.450563902388027,0
26792,3.5126743006971934,0
26793,3.17003801740289,0
26794,7.733575423922616,0
26795,3.575055482160875,0
26796,1.6338687780963315,0
26797,3.419894632664887,0
26798,1.5749496594057077,0
26799,2.65759031879978,0
26800,1.9337089769541271,0
26801,2.7961019546883943,0
26802,3.0435622088513896,0
26803,5.416970261563359,0
26804,3.623884368983695,0
26805,0.5823893001793043,0
26806,3.062707482836811,0
26807,6.365846990474508,0
26808,1.3617295938272205,0
26809,1.6076733297950425,0
26810,0.8227235798228434,0
26811,0.7142066918617349,0
26812,7.301162979473573,0
26813,1.3849543349854385,0
26814,5.478223668072279,0
26815,2.1541586305908065,0
26816,1.5618695342528808,0
26817,0.9916257995997984,0
26818,0.3771129588711576,0
26819,0.7469602439344081,0
26820,18.430406366878064,1
26821,1.33974482622032,0
26822,3.644606326582945,0
26823,0.9599535314858586,0
26824,3.90963846862221,0
26825,1.1689070859063324,0
26826,3.245798926456732,0
26827,1.4580606190831724,0
26828,4.470923633735106,0
26829,1.3712529766222856,0
26830,1.2448374101880826,0
26831,2.2522030003787794,0
26832,1.5750195793491069,0
26833,5.586105153083667,0
26834,4.261427162254287,0
26835,4.341185419803157,0
26836,2.707049893239506,0
26837,1.8217730746967047,0
26838,14.7588146099449,1
26839,2.614677303054074,0
26840,4.3851078196955715,0
26841,5.167032549385798,0
26842,12.315909498000135,1
26843,1.0185239147036496,0
26844,1.2709370328075307,0
26845,2.949781700933186,0
26846,3.444825920692439,0
26847,3.3327821848083556,0
26848,2.268326559324829,0
26849,2.359616268452972,0
26850,11.15379600682477,1
26851,2.8699799254825877,0
26852,1.211290934745286,0
26853,2.4531752702996643,0
26854,1.3884879430041621,0
26855,3.1563612064853053,0
26856,0.6230388250181133,0
26857,4.694626346402541,0
26858,4.335092486459428,0
26859,3.742931187266914,0
26860,0.5408082382558903,0
26861,2.3870158409330475,0
26862,7.180900630559446,0
26863,1.5250793059210774,0
26864,0.4710789902617891,0
26865,3.5025755472301836,0
26866,1.33948989662863,0
26867,5.166190185637912,0
26868,1.9376076108699762,0
26869,6.751983971985491,0
26870,3.6844983148376866,0
26871,1.9998710459624351,0
26872,7.002469085343743,0
26873,4.528196271284442,0
26874,3.895069316085929,0
26875,3.911476602351731,0
26876,2.1270478587976274,0
26877,6.025747220774466,0
26878,3.075394865628257,0
26879,3.9077432290531267,0
26880,10.039712970896868,1
26881,3.3510463099576095,0
26882,6.103805043911417,0
26883,10.997296306690243,1
26884,2.8687464915395604,0
26885,4.511766124446479,0
26886,1.5930491040526995,0
26887,5.554380097127366,0
26888,8.608495442390508,1
26889,3.052000515738987,0
26890,13.746158868289806,1
26891,5.874712107434686,0
26892,2.3976260913912757,0
26893,8.625664537094421,1
26894,4.780050356076503,0
26895,1.171634148621091,0
26896,1.2478838705565793,0
26897,2.8885135663772625,0
26898,4.05295684464606,0
26899,1.3382863318534721,0
26900,1.4815520532295412,0
26901,0.8406907467036887,0
26902,1.105874469366577,0
26903,6.08107230283682,0
26904,6.229010181580804,0
26905,2.2226524171762785,0
26906,1.7027463054587932,0
26907,2.020126320841943,0
26908,0.9446165728131003,0
26909,2.432493487316259,0
26910,3.4769741486772854,0
26911,1.5280916906479691,0
26912,1.5982700270390433,0
26913,1.324360667969811,0
26914,2.2791872650356653,0
26915,4.192977134472279,0
26916,8.071896648170767,0
26917,5.6410324899633855,0
26918,2.935728941085559,0
26919,2.3875644339750015,0
26920,1.3709769250355444,0
26921,6.789459334226034,0
26922,2.615167524523532,0
26923,2.269322488076807,0
26924,3.4690758119535396,0
26925,5.41669066956604,0
26926,5.53003043198245,0
26927,1.3710499004119887,0
26928,3.0663867969632204,0
26929,3.9747070162101905,0
26930,1.0612163786613569,0
26931,0.7541458829327168,0
26932,11.022322507993955,1
26933,5.5598865408105835,0
26934,3.326175819448611,0
26935,0.4092487791590748,0
26936,4.395786849275954,0
26937,1.8499975095099253,0
26938,1.6445413359318117,0
26939,2.770618642353234,0
26940,7.762919913685704,0
26941,3.0919803058004396,0
26942,1.5792459808457546,0
26943,1.433511457003316,0
26944,4.3354309681788274,0
26945,2.5369616016169156,0
26946,2.217963170104384,0
26947,4.026480635692412,0
26948,1.7871347755023568,0
26949,11.074249039185608,1
26950,2.1837959758849563,0
26951,1.8765106602558221,0
26952,5.54708593916555,0
26953,2.0499654793917204,0
26954,2.46815008835049,0
26955,1.4542016741571253,0
26956,3.833764453196014,0
26957,4.861756813742278,0
26958,1.6305304880328109,0
26959,2.605621239949143,0
26960,2.1811836690734365,0
26961,1.2620368689603647,0
26962,2.709492966682935,0
26963,8.336302726495822,1
26964,2.0736382822897745,0
26965,1.108591337809123,0
26966,1.19195744911179,0
26967,1.7794644606246905,0
26968,9.148703395376298,1
26969,2.876546155653613,0
26970,2.470957605008691,0
26971,1.2803268664318301,0
26972,3.344908424099677,0
26973,3.4405031546229665,0
26974,1.3459644293243511,0
26975,5.89593010777777,0
26976,8.142256677727495,0
26977,2.288661876259351,0
26978,8.579310045175076,1
26979,2.764797942464404,0
26980,2.5668263089065153,0
26981,1.8711568839379598,0
26982,2.425213865045839,0
26983,4.74908232774018,0
26984,4.837080944693136,0
26985,1.544079256298828,0
26986,1.8420204699631337,0
26987,5.223215954590025,0
26988,1.718139239279581,0
26989,6.077267052389769,0
26990,0.7053891505202081,0
26991,2.1737553281125486,0
26992,2.619132103719868,0
26993,0.5622644559128098,0
26994,7.760175300952171,0
26995,4.60691466817664,0
26996,1.9203036501338244,0
26997,3.9918324745604092,0
26998,1.017485194273676,0
26999,2.347535116020567,0
27000,3.746542437526321,0
27001,1.4219723366981616,0
27002,1.8369451799154084,0
27003,4.84792707277867,0
27004,2.3976318920596396,0
27005,2.0599670272209356,0
27006,2.9850434056563757,0
27007,5.044667518606732,0
27008,2.6898894960010553,0
27009,4.154953038920654,0
27010,3.098710835097556,0
27011,9.542437642558035,1
27012,3.1674355121031565,0
27013,4.264594314829242,0
27014,2.786981705168664,0
27015,4.361783565754236,0
27016,2.5109004560986237,0
27017,1.4468689859491557,0
27018,0.7888699518078645,0
27019,3.2508534444985924,0
27020,0.48462853509188536,0
27021,4.6393567277624586,0
27022,2.1845983912243483,0
27023,1.0573140734700754,0
27024,2.5083435781484096,0
27025,2.4368212670381526,0
27026,1.5037003752561098,0
27027,4.54604519328229,0
27028,1.0050897570329616,0
27029,1.2752158968630494,0
27030,3.69815182972405,0
27031,6.265994210340114,0
27032,2.1210145312915247,0
27033,4.292887026092701,0
27034,14.406118698231062,1
27035,2.8295073708058043,0
27036,4.494032956129321,0
27037,2.461471066542375,0
27038,2.3187800117237063,0
27039,0.9777107579118944,0
27040,4.321935206941791,0
27041,3.0031439500113573,0
27042,3.46471990454103,0
27043,2.6388691857800026,0
27044,2.6966333813060315,0
27045,4.356836594265696,0
27046,1.9609164656597782,0
27047,2.7429979330393905,0
27048,2.615509766039766,0
27049,6.646614134152224,0
27050,1.949920320236208,0
27051,4.056359355855035,0
27052,0.6874459045322844,0
27053,2.674977652753986,0
27054,3.1624191027498165,0
27055,1.1069170568324258,0
27056,1.6049836413452643,0
27057,3.1369562284594705,0
27058,2.094631139722703,0
27059,2.598759550968114,0
27060,1.3704105670952509,0
27061,3.209634319354664,0
27062,5.08720892053729,0
27063,4.02064150551929,0
27064,0.6869133787962833,0
27065,5.43086837606864,0
27066,1.3888767475384924,0
27067,3.54587420453673,0
27068,3.3828732045919963,0
27069,4.003161227264588,0
27070,2.0502365143545456,0
27071,3.758668550459162,0
27072,2.1648041996892684,0
27073,4.656176441575147,0
27074,2.364242576792172,0
27075,2.0894864614206554,0
27076,4.764783618312976,0
27077,1.7603122436272096,0
27078,1.2741286961634737,0
27079,3.8330634517787083,0
27080,4.776785401150064,0
27081,1.3127178977043703,0
27082,1.9794742496720283,0
27083,4.9318797524681175,0
27084,4.480496273765675,0
27085,6.955192357990845,0
27086,4.522114670934531,0
27087,4.9859686479886856,0
27088,2.660132483642995,0
27089,1.404598479197255,0
27090,1.3343151876091628,0
27091,3.0823522853234158,0
27092,2.5232300394879044,0
27093,4.286680181969431,0
27094,2.6962007241161263,0
27095,8.133693745907987,0
27096,1.6008411407228698,0
27097,5.172015945216153,0
27098,2.581473001688274,0
27099,1.6179804600550958,0
27100,3.2091230050024193,0
27101,10.086901170985431,1
27102,0.74677212093475,0
27103,0.48149568891781186,0
27104,1.7178727110201844,0
27105,2.6780019526426164,0
27106,1.4034011032705955,0
27107,2.751904719261224,0
27108,1.898593191347949,0
27109,0.9508395504781838,0
27110,2.769507314067529,0
27111,2.060875091117251,0
27112,13.251970695320587,1
27113,1.042061157363822,0
27114,5.781832184256403,0
27115,2.0473444730941655,0
27116,10.136507111846072,1
27117,3.214719976854074,0
27118,1.5482263461175145,0
27119,2.0453834472231023,0
27120,6.401865391361515,0
27121,8.860994853065067,1
27122,7.923255452265605,0
27123,2.5528075292600145,0
27124,1.973087023342172,0
27125,1.8030417897640494,0
27126,1.3054371196427563,0
27127,2.7315333857070203,0
27128,4.327456297887081,0
27129,4.450577650073943,0
27130,7.133972492344515,0
27131,0.5962370265571918,0
27132,2.548630891535526,0
27133,3.599278554037594,0
27134,2.076001292039683,0
27135,4.968811744449474,0
27136,4.143306928425034,0
27137,5.046640032704427,0
27138,2.6145221712900106,0
27139,3.6206298407505577,0
27140,6.4806618752106635,0
27141,31.73513432806868,1
27142,2.262128397613238,0
27143,6.787032362845599,0
27144,4.492531897321831,0
27145,3.404968745425899,0
27146,12.402547395126078,1
27147,1.7340022819394747,0
27148,2.2933472113179696,0
27149,3.0067258089177407,0
27150,3.424937536980522,0
27151,2.7174518833114165,0
27152,3.112933001648059,0
27153,1.5802540870947628,0
27154,3.670464550301785,0
27155,3.2744201081511055,0
27156,6.440901178228766,0
27157,1.8400885112198702,0
27158,0.5866331670561314,0
27159,3.3700783174246833,0
27160,3.2314553229960876,0
27161,2.1817491298392304,0
27162,1.0169228085132882,0
27163,5.056973492793379,0
27164,0.8708269323249774,0
27165,4.726692569393708,0
27166,2.0022005597975965,0
27167,0.9138208606981089,0
27168,1.8373264475735944,0
27169,3.2189602841298606,0
27170,1.6091408754888303,0
27171,1.1606384968717,0
27172,0.5081850355515098,0
27173,1.391587636339961,0
27174,3.1308807455030716,0
27175,1.5681022309068169,0
27176,0.9946117070326196,0
27177,2.617179700595692,0
27178,3.8131588652082025,0
27179,1.644161503047305,0
27180,2.97370925128008,0
27181,1.7636289983005518,0
27182,1.9402629002863294,0
27183,3.318137940318853,0
27184,3.191013612914846,0
27185,2.02658202035879,0
27186,1.4860696477135602,0
27187,4.3307616017434345,0
27188,1.812961450080366,0
27189,2.4391385222411923,0
27190,9.262789226303436,1
27191,0.7424434987145798,0
27192,3.2796238267567728,0
27193,2.45037046216842,0
27194,3.094347144419511,0
27195,2.907606176400999,0
27196,4.158168526319462,0
27197,5.311432061908947,0
27198,5.210843740060488,0
27199,1.0955878801819403,0
27200,1.5064966454686695,0
27201,1.0482347659558902,0
27202,1.7653835971474348,0
27203,5.944164085481885,0
27204,2.2268724650602407,0
27205,6.19462380080675,0
27206,6.192557090760631,0
27207,5.657685605686521,0
27208,1.9609037628846264,0
27209,3.277897086329736,0
27210,1.486315916188467,0
27211,3.048734702077316,0
27212,1.9890056644650547,0
27213,3.6515310898164994,0
27214,1.5724462479699806,0
27215,3.388909366715017,0
27216,3.402378037218789,0
27217,2.7580170892890177,0
27218,3.865885276913306,0
27219,2.4676643335379795,0
27220,1.0425529483255205,0
27221,8.550133705171953,1
27222,2.321357541564136,0
27223,3.648286727929152,0
27224,3.549033960869127,0
27225,3.9380258666301384,0
27226,3.110545821211022,0
27227,5.7122477453469855,0
27228,3.2601645012829326,0
27229,4.483711877170161,0
27230,4.243083211051322,0
27231,7.891973505438169,0
27232,2.1649124921460072,0
27233,1.9094330223440743,0
27234,4.872668864402232,0
27235,2.8785219174196643,0
27236,1.7873648501334989,0
27237,2.704627371840661,0
27238,2.945565339136506,0
27239,2.3625190699091485,0
27240,1.8446590754389574,0
27241,1.622079595684689,0
27242,0.6798731956437218,0
27243,1.8559155984422138,0
27244,3.243180281805964,0
27245,1.230424555486387,0
27246,4.314672700945476,0
27247,4.65879656990902,0
27248,4.074085275669619,0
27249,3.085078942743596,0
27250,1.9265709761727314,0
27251,2.652506240410822,0
27252,0.8331810404506566,0
27253,4.398163498226503,0
27254,2.874109076674467,0
27255,4.786115486775754,0
27256,1.7059308484635736,0
27257,3.0387146487723773,0
27258,4.972149223191028,0
27259,2.0449640338903596,0
27260,2.3636416944334027,0
27261,3.502530138474932,0
27262,3.1505182712944273,0
27263,10.15753986143294,1
27264,12.02731210367739,1
27265,0.898702239403843,0
27266,1.1551867108715925,0
27267,4.3595123959155035,0
27268,5.1812751545729645,0
27269,3.653592553430005,0
27270,4.920124907014435,0
27271,16.201235703584327,1
27272,2.938836348420143,0
27273,0.7028708984000642,0
27274,2.2115810019062314,0
27275,2.7875427452203274,0
27276,3.282444576371923,0
27277,2.003671468342328,0
27278,1.0288369295748985,0
27279,2.366476573949604,0
27280,1.50672512681721,0
27281,0.7768919584373414,0
27282,1.4956516315209876,0
27283,1.815518045911469,0
27284,0.5363557896790484,0
27285,2.188859120738007,0
27286,5.523832362223447,0
27287,14.723213441392737,1
27288,5.061391413851194,0
27289,1.261573524225386,0
27290,2.931724006499358,0
27291,5.349901637459177,0
27292,6.872891797936261,0
27293,0.7302353710023148,0
27294,2.362625558766182,0
27295,0.5622644559128098,0
27296,0.857852582259316,0
27297,0.7328742157524083,0
27298,3.1100553588040043,0
27299,9.949162370213939,1
27300,2.2210360933610165,0
27301,3.198122740585532,0
27302,7.130820704356362,0
27303,2.172543670641547,0
27304,9.888743538745851,1
27305,2.8680629456405264,0
27306,3.0592620890306184,0
27307,0.8338894627157815,0
27308,2.1351740190162416,0
27309,8.12404962545966,0
27310,0.9048523759116699,0
27311,4.2275075261170105,0
27312,7.3467443088622835,0
27313,4.965113663180072,0
27314,1.3091331340450696,0
27315,1.640797644954089,0
27316,3.0372391656913087,0
27317,2.8212011333300597,0
27318,0.956927635077793,0
27319,9.076676844459378,1
27320,4.568285547395021,0
27321,2.8930015277487846,0
27322,4.271541422059235,0
27323,2.620801024367105,0
27324,9.429629721904046,1
27325,0.6437736223463659,0
27326,3.305834243939008,0
27327,5.147381044187761,0
27328,2.461225707202485,0
27329,1.1319879326439295,0
27330,4.122511119255203,0
27331,1.5280344826081926,0
27332,4.46827199589292,0
27333,7.338426158879846,0
27334,1.7484919368489493,0
27335,3.1567775795985185,0
27336,2.1807427236115604,0
27337,2.4294684625890777,0
27338,4.402238574258011,0
27339,3.3362679798901556,0
27340,1.6337686414576575,0
27341,5.8191166069282945,0
27342,2.771491331679357,0
27343,1.8545204120024608,0
27344,2.0393337346657963,0
27345,1.2128928609224225,0
27346,1.9152739279128606,0
27347,2.3796545200113055,0
27348,1.5895595403166476,0
27349,3.9187050992656025,0
27350,1.3881404976307226,0
27351,0.7682768748985943,0
27352,2.9833366717047727,0
27353,4.795996040235667,0
27354,1.4705120384368138,0
27355,2.9995765436770627,0
27356,4.211477983050476,0
27357,1.6981868116297898,0
27358,1.0896336527239254,0
27359,7.906732276561388,0
27360,5.608769496969658,0
27361,0.7339518538346237,0
27362,1.0312841238319288,0
27363,1.7377178174807257,0
27364,1.5961411194551312,0
27365,2.5930953234607936,0
27366,2.985260987248859,0
27367,2.585931908787742,0
27368,1.2102650083913142,0
27369,7.93673830523556,0
27370,1.975628792596461,0
27371,7.33745073316299,0
27372,2.322323604897662,0
27373,1.9359397778085508,0
27374,2.023802192264663,0
27375,1.1175781250332348,0
27376,3.393652720849828,0
27377,3.9226692087604293,0
27378,12.951450073585734,1
27379,1.3276162406442729,0
27380,3.3799967346896707,0
27381,7.129471258300166,0
27382,1.8786931204289055,0
27383,13.308573293969802,1
27384,4.781580239803043,0
27385,1.5114781170591143,0
27386,2.796013226686639,0
27387,2.0049970377278337,0
27388,2.1185746186848764,0
27389,7.70483589925715,0
27390,2.7589335551699814,0
27391,4.295308627955934,0
27392,1.6848156754307764,0
27393,2.6369019292139,0
27394,1.961098581920256,0
27395,3.7365250803535734,0
27396,4.786908209151779,0
27397,3.665537374318598,0
27398,1.264731109071814,0
27399,1.0038357429971547,0
27400,4.237637734555174,0
27401,3.9368015866881394,0
27402,1.9878279868987265,0
27403,5.297999506475338,0
27404,2.626288640607099,0
27405,6.588281009836758,0
27406,1.7893001824531631,0
27407,4.860945500071313,0
27408,7.514747366543071,0
27409,1.062470151387263,0
27410,4.5014184678959355,0
27411,0.9808626453633573,0
27412,2.7280107917396124,0
27413,5.5816799448905305,0
27414,1.859116167784442,0
27415,0.79668614126513,0
27416,5.183865108291709,0
27417,2.0387927296219326,0
27418,4.630611878286101,0
27419,1.1155496403853509,0
27420,0.9993850025911539,0
27421,1.687609210512201,0
27422,8.888718631332036,1
27423,0.7002858821633139,0
27424,1.9961680364368655,0
27425,6.771425023680814,0
27426,2.13668850477012,0
27427,3.8768710184761677,0
27428,1.963504920954144,0
27429,1.3452126129352775,0
27430,1.1295790363217426,0
27431,4.001921906256007,0
27432,4.340476488738733,0
27433,5.4304389729541915,0
27434,3.096477228794626,0
27435,6.071461401698978,0
27436,0.8872584572332678,0
27437,7.434067044369286,0
27438,14.383800451415578,1
27439,3.3125659990212175,0
27440,37.48705896053587,1
27441,4.897342639647457,0
27442,0.6868431512803921,0
27443,5.6406152886378855,0
27444,3.869056911583384,0
27445,1.29107586235448,0
27446,4.713920126651868,0
27447,2.2522771461499853,0
27448,2.8484628074654146,0
27449,1.2543107680049554,0
27450,2.3099008904797076,0
27451,1.9635872846719173,0
27452,3.747162706238304,0
27453,1.9291238186980693,0
27454,2.369279710339431,0
27455,5.866632501726512,0
27456,1.2268227348636742,0
27457,2.602939044193194,0
27458,4.283016308688504,0
27459,3.3855357256516134,0
27460,0.9381547128768805,0
27461,3.9162562977169504,0
27462,8.115284720257327,0
27463,4.528661655969583,0
27464,2.723706841626286,0
27465,5.788829493278921,0
27466,5.773092836895419,0
27467,16.3403159106114,1
27468,2.6228593515846605,0
27469,7.322714557852937,0
27470,1.371449792759664,0
27471,9.99020297834272,1
27472,4.552293284133799,0
27473,4.39715873876346,0
27474,3.122314089657566,0
27475,1.5957045890329746,0
27476,4.603680685448297,0
27477,7.062190961853508,0
27478,2.797348861201599,0
27479,1.3109106629665652,0
27480,6.632769533888667,0
27481,3.2505489199092854,0
27482,2.8889224822263047,0
27483,2.990693537517862,0
27484,4.268743762860489,0
27485,5.7651932834562425,0
27486,1.026414883527387,0
27487,2.657230983231089,0
27488,1.2216537095666284,0
27489,2.4992325894703513,0
27490,1.3769858449654824,0
27491,8.284394639005667,1
27492,1.1337763451890694,0
27493,3.9583991539158006,0
27494,3.6196364835806327,0
27495,1.6918832765182992,0
27496,1.7191390092261678,0
27497,6.111766225343441,0
27498,18.64613241536942,1
27499,4.316545768859095,0
27500,0.946874173721982,0
27501,4.773342992186445,0
27502,7.70161180185688,0
27503,1.5406624177708508,0
27504,2.3688179017874167,0
27505,2.386158576373211,0
27506,3.6942296203979748,0
27507,1.9157788147601376,0
27508,3.2264070257140545,0
27509,2.9963118718801716,0
27510,9.583844626925055,1
27511,3.1452086920525906,0
27512,10.333206850496687,1
27513,1.4460058021151665,0
27514,1.8828311995328049,0
27515,1.6795639870084154,0
27516,0.8463770883131795,0
27517,3.563870908614402,0
27518,12.714459173704979,1
27519,3.1724757656478313,0
27520,3.0633400587050073,0
27521,3.3837943884323582,0
27522,3.6943437523854623,0
27523,2.437410415999599,0
27524,2.7491956345141872,0
27525,3.205723281910466,0
27526,6.303604954145715,0
27527,4.07037142006553,0
27528,5.426035760613056,0
27529,3.140390818647667,0
27530,2.4070256397214553,0
27531,3.547241206593879,0
27532,1.2626346508398625,0
27533,3.849125826814261,0
27534,2.5558961684664707,0
27535,5.328127532980572,0
27536,2.673817075493699,0
27537,1.809464753774585,0
27538,3.8670429791885406,0
27539,1.9816018626523018,0
27540,11.402527472606407,1
27541,4.0226445898351235,0
27542,4.112020049826351,0
27543,3.031163016535196,0
27544,2.844540624163875,0
27545,3.181081505027873,0
27546,1.8396621785368628,0
27547,8.549903006738338,1
27548,14.050668926650069,1
27549,2.3602765207273753,0
27550,2.206454062704894,0
27551,5.2213143437928125,0
27552,2.4679102813503513,0
27553,3.3893643499018373,0
27554,2.134032046338812,0
27555,6.843798411589314,0
27556,4.494450000780233,0
27557,16.089561763621887,1
27558,3.4223702521743573,0
27559,4.677908134917961,0
27560,2.4596370683510735,0
27561,2.2889810123963055,0
27562,1.0114813510911065,0
27563,2.731305777970944,0
27564,5.384228530219706,0
27565,3.1098236548182507,0
27566,2.2557879118774538,0
27567,3.467010280715931,0
27568,4.094412076470415,0
27569,5.485418923803007,0
27570,4.110479802451325,0
27571,1.9476710953984062,0
27572,6.985815389033835,0
27573,1.5229908457219439,0
27574,1.1785617509506414,0
27575,10.53786516205174,1
27576,1.8146350952302917,0
27577,5.584298296024567,0
27578,1.5840435288528014,0
27579,6.502042480745089,0
27580,8.66783562708416,1
27581,5.323845893232263,0
27582,10.914539509879138,1
27583,2.383031612347192,0
27584,1.376999090188286,0
27585,4.921194428169751,0
27586,1.040910555895344,0
27587,1.8445991515667859,0
27588,2.971550330721344,0
27589,1.307627363065833,0
27590,2.43038359993718,0
27591,2.368638035982804,0
27592,0.6510146822218459,0
27593,1.6708488129287946,0
27594,1.7720854617603812,0
27595,1.2592111336207845,0
27596,1.9665844217578032,0
27597,0.8969557506338984,0
27598,0.4734122958261007,0
27599,2.747773893815584,0
27600,2.4054102559725665,0
27601,2.4916515118237395,0
27602,4.958367258298692,0
27603,1.9070949443383303,0
27604,1.0366084721480044,0
27605,4.763016407844697,0
27606,1.229438172145696,0
27607,1.7833168417205318,0
27608,1.9320505977194558,0
27609,4.3488422073909305,0
27610,0.9996323897959708,0
27611,0.6619163085515211,0
27612,1.1651170660220158,0
27613,2.4985211239773135,0
27614,5.590350822580811,0
27615,3.264406417791425,0
27616,0.6774219130667734,0
27617,1.5933165747193814,0
27618,2.7816189958476274,0
27619,0.3199688776958704,0
27620,0.8582068376345091,0
27621,1.5854340453230622,0
27622,1.4997997161355667,0
27623,2.9269781630596814,0
27624,2.167554390697549,0
27625,5.776002643750029,0
27626,2.034353603855874,0
27627,2.5788548893779506,0
27628,2.143448091366174,0
27629,1.3982677891471584,0
27630,3.0212808049376156,0
27631,2.2996696800311542,0
27632,1.3285852802970264,0
27633,0.34919766392441726,0
27634,1.5499352592233342,0
27635,1.2897618189491271,0
27636,0.6597472177050856,0
27637,1.7214379869013732,0
27638,0.9927229951330752,0
27639,3.755347233520004,0
27640,0.6168156594010161,0
27641,0.6672791730866278,0
27642,0.8966546948532707,0
27643,3.653159551798095,0
27644,1.2671209080494161,0
27645,8.003212185518546,0
27646,1.0989996907338329,0
27647,0.7725785168629289,0
27648,2.9654946151418033,0
27649,2.724962040723068,0
27650,3.584547506372435,0
27651,2.372673538704461,0
27652,2.121043365972082,0
27653,2.388225124827325,0
27654,4.603804042054448,0
27655,0.5451113327162491,0
27656,0.8982067781224355,0
27657,1.2193576090955134,0
27658,0.5765378706510115,0
27659,2.5726070108272556,0
27660,1.7464821468027527,0
27661,1.3436728093770134,0
27662,4.298918164524178,0
27663,2.816171497966129,0
27664,2.190572945432869,0
27665,7.1208321629639215,0
27666,6.5201766554355585,0
27667,0.8923679430781789,0
27668,4.545393677050213,0
27669,1.6095292481388688,0
27670,4.842054012073295,0
27671,1.2344497842357272,0
27672,0.6526063999996395,0
27673,3.0715132136160657,0
27674,0.5713200238338221,0
27675,0.9364825295594358,0
27676,4.8705655388030795,0
27677,1.5003346826138073,0
27678,3.703720886844367,0
27679,4.00904908333266,0
27680,0.993517785322083,0
27681,2.87097907215953,0
27682,4.3333510937442865,0
27683,0.8930597286865622,0
27684,0.9767130751474012,0
27685,1.9516393718041032,0
27686,0.4165517979206635,0
27687,1.8920764349389365,0
27688,0.7131603914937122,0
27689,0.5112551760590558,0
27690,2.0045378870604726,0
27691,2.2505444620141395,0
27692,6.02421326312469,0
27693,2.244867036220868,0
27694,0.6387767756285145,0
27695,1.1883235146287128,0
27696,1.8877655643527418,0
27697,1.378869596714796,0
27698,0.7982603700787111,0
27699,2.129483158996249,0
27700,1.7747385781146672,0
27701,2.161374386968242,0
27702,1.9421724141324168,0
27703,3.7987598325183307,0
27704,2.8411986824761937,0
27705,8.401770371823412,1
27706,0.796269517699153,0
27707,4.040044870320554,0
27708,0.5281503068128902,0
27709,0.5260632062943958,0
27710,1.3302839374252922,0
27711,2.620983161740237,0
27712,1.135451874591221,0
27713,0.880464974601977,0
27714,1.8952877936959287,0
27715,1.12729293689613,0
27716,1.4384218903439308,0
27717,1.146321496033471,0
27718,3.6101231781383905,0
27719,0.7272904573070454,0
27720,2.195906422267368,0
27721,0.6273437754589237,0
27722,4.227429771897573,0
27723,0.8686984112070152,0
27724,3.6283305812761375,0
27725,0.6952638227576351,0
27726,1.1673257792875376,0
27727,1.964420485153459,0
27728,3.3074688131494105,0
27729,0.7351963440572197,0
27730,1.8454469820682255,0
27731,1.6697250211878405,0
27732,0.8776655544548537,0
27733,1.8777800076494648,0
27734,5.123811055939956,0
27735,0.5632259369545811,0
27736,2.0951339679368797,0
27737,0.4742250807270007,0
27738,1.5442025637506198,0
27739,5.046365352672851,0
27740,0.9214020441298665,0
27741,1.127873470367105,0
27742,1.8155535613936322,0
27743,0.7200518784978552,0
27744,2.916316190379948,0
27745,3.2174356823716845,0
27746,3.3670647986018123,0
27747,2.5246115585986937,0
27748,2.6852112837269666,0
27749,0.9367261144965181,0
27750,0.46045317970140237,0
27751,1.3366988836630587,0
27752,0.9618145259325656,0
27753,1.8011534443197073,0
27754,2.354886132006434,0
27755,1.5650089125444324,0
27756,1.0952100223715644,0
27757,0.9025835007458425,0
27758,2.968572889643283,0
27759,2.5549690197485755,0
27760,1.134226202297368,0
27761,2.3135060487189887,0
27762,3.610397258431519,0
27763,2.3184032998684225,0
27764,2.966524630230205,0
27765,0.4663489830249709,0
27766,0.38945004559625745,0
27767,5.726542041660683,0
27768,1.5267328512347247,0
27769,3.618861848199387,0
27770,1.5345176153496631,0
27771,1.32727269478352,0
27772,0.588858052375943,0
27773,3.458148190423551,0
27774,3.3392341204676077,0
27775,1.9933123414911134,0
27776,2.71523206535511,0
27777,0.6613079353303547,0
27778,1.7912761654941174,0
27779,2.669030444158459,0
27780,0.9866841735835014,0
27781,0.4933590933603404,0
27782,0.7927689053572621,0
27783,1.9449149661086715,0
27784,1.390247943799774,0
27785,7.86469653955724,0
27786,0.5031343934742522,0
27787,1.7106974332410634,0
27788,1.8520096395320136,0
27789,0.39137134223979164,0
27790,2.751903777953911,0
27791,0.4906873341082935,0
27792,1.032126894816888,0
27793,5.148067104561224,0
27794,6.000303556199449,0
27795,5.358734615820759,0
27796,3.3232910396232023,0
27797,2.3273679906936615,0
27798,5.555940593537705,0
27799,2.3127264041598083,0
27800,1.7138601684927968,0
27801,8.693116448690565,1
27802,3.835877730555766,0
27803,0.6096163734850042,0
27804,8.58950108600582,1
27805,0.6886994854958305,0
27806,0.9723685672129734,0
27807,4.517766000376606,0
27808,5.203414014344507,0
27809,3.9113318566713633,0
27810,0.6570438095322598,0
27811,0.6803988427633857,0
27812,4.721542428264713,0
27813,0.4952505213167255,0
27814,2.590941934825714,0
27815,2.1895972821255874,0
27816,3.315093306948586,0
27817,1.509598814813799,0
27818,5.6267428501597045,0
27819,5.348940678209544,0
27820,0.406990072085573,0
27821,1.1488861504844483,0
27822,2.6279587039460326,0
27823,2.501007709498846,0
27824,13.635568108679772,1
27825,1.8367241049162009,0
27826,2.7191897997887993,0
27827,2.392691801527048,0
27828,2.4725214074299458,0
27829,4.871870402984729,0
27830,2.6041066094589196,0
27831,2.9518408821943765,0
27832,5.321696990786575,0
27833,2.6346119372117953,0
27834,1.803592080182903,0
27835,2.159254771421725,0
27836,0.8669621411326067,0
27837,2.790859204369194,0
27838,5.201094284608969,0
27839,3.419705869701643,0
27840,2.5844306861718365,0
27841,5.04818850034866,0
27842,2.8688525681512735,0
27843,1.8214126497887586,0
27844,8.659230523970885,1
27845,2.617917249784249,0
27846,0.9657020176113588,0
27847,1.8865465726630029,0
27848,2.3085062075730702,0
27849,1.75905174988831,0
27850,3.6744425291963334,0
27851,2.6026295631049776,0
27852,3.0874549516881022,0
27853,4.303751223839212,0
27854,1.3475193471032285,0
27855,1.127565233123643,0
27856,0.778792441553681,0
27857,1.8796607540136872,0
27858,1.6274483789060434,0
27859,1.5097940281321036,0
27860,3.3651784434615957,0
27861,1.9589035636902363,0
27862,1.9390350220926202,0
27863,1.8600907808942175,0
27864,2.404775813677413,0
27865,4.222624963615236,0
27866,5.002234380178896,0
27867,6.261502794988163,0
27868,4.697036747962528,0
27869,0.7868327512081499,0
27870,0.4714259992679309,0
27871,6.795958275848089,0
27872,0.4353437346386018,0
27873,9.102434101259535,1
27874,1.6030139307522708,0
27875,1.5896989051403814,0
27876,1.618009203457775,0
27877,4.252588616578419,0
27878,2.6958496703984896,0
27879,1.2939117869106476,0
27880,6.2219565780985695,0
27881,4.094781452787291,0
27882,1.9192273375193858,0
27883,2.8098333750841604,0
27884,4.795885963177727,0
27885,2.862401053971618,0
27886,4.545727306642628,0
27887,1.4636265052054254,0
27888,3.1699053196938225,0
27889,1.2120031803779374,0
27890,4.232552175450993,0
27891,2.720598569391839,0
27892,1.315460907330755,0
27893,1.118484358864845,0
27894,7.5191083420799485,0
27895,5.9811944463520295,0
27896,2.389421997317525,0
27897,2.4793863779003202,0
27898,2.9620904323708475,0
27899,1.2569721910342933,0
27900,1.027831363768518,0
27901,9.813950122099904,1
27902,1.4564267121399437,0
27903,9.39576748248342,1
27904,3.4056247421936487,0
27905,1.6752649519045686,0
27906,6.002257139227606,0
27907,8.557749573209055,1
27908,1.5403463537023427,0
27909,0.25749600399864153,0
27910,7.797120499338489,0
27911,5.010791803808976,0
27912,2.8876889165369364,0
27913,2.776944149563726,0
27914,0.6673636479989314,0
27915,3.291466833502405,0
27916,3.0290624753942796,0
27917,0.2245025183227976,0
27918,2.632433753578432,0
27919,4.1875885588572785,0
27920,4.510551826770473,0
27921,2.964035311947716,0
27922,2.5033706555440927,0
27923,13.46087416556059,1
27924,0.8862619633277752,0
27925,2.9119527860556675,0
27926,1.2399453070639899,0
27927,2.06603480747095,0
27928,0.21439048591122536,0
27929,1.522940750682538,0
27930,1.7914812025818776,0
27931,1.1363905119738649,0
27932,2.7651005151022843,0
27933,1.9013132067073282,0
27934,3.6027606615508554,0
27935,1.4772123585060366,0
27936,1.3398461547816363,0
27937,2.5210543370702267,0
27938,2.1870467375499723,0
27939,1.7457910570595236,0
27940,2.8421772281537683,0
27941,6.222567863521243,0
27942,1.667381716927854,0
27943,1.1134524798549394,0
27944,1.2954606406860973,0
27945,1.2413529116394382,0
27946,0.8724352575468592,0
27947,4.846290057331604,0
27948,1.3825390248657385,0
27949,4.5807369556655555,0
27950,6.200595675923596,0
27951,0.4068889027895636,0
27952,5.438616247124969,0
27953,0.8036719241416669,0
27954,3.0288821928085943,0
27955,2.9960818319843527,0
27956,2.2477024581506604,0
27957,1.9876965700644584,0
27958,1.5735315981990998,0
27959,0.5536891936696011,0
27960,1.094119752594893,0
27961,1.6930925627628086,0
27962,2.417180267219336,0
27963,2.410184555529019,0
27964,8.97741192889876,1
27965,0.8748994317625769,0
27966,0.46107943440527727,0
27967,5.142147131133125,0
27968,0.4930887088722357,0
27969,1.0660646138358107,0
27970,2.4013084425589755,0
27971,2.3908461515891752,0
27972,3.0039441710283845,0
27973,1.5229842097682196,0
27974,4.797656721499554,0
27975,3.2403224361838197,0
27976,2.313482956040505,0
27977,2.490819411178705,0
27978,1.6119802484809576,0
27979,0.521547717227947,0
27980,1.4031488142042954,0
27981,1.1857466984995786,0
27982,1.3891600966745428,0
27983,2.291436058056946,0
27984,4.173017589802269,0
27985,0.8934155451288028,0
27986,3.7779369951617032,0
27987,1.010431147954954,0
27988,2.089562125062365,0
27989,2.938802568278444,0
27990,1.5291817085549921,0
27991,6.094203021045106,0
27992,14.96439337233091,1
27993,1.4354238177330467,0
27994,1.8471533830424458,0
27995,2.920828154948103,0
27996,0.7392492969279343,0
27997,1.8188128888933077,0
27998,2.3252958690847927,0
27999,2.988529185227118,0
28000,1.7070353489036472,0
28001,1.6330575691404114,0
28002,1.3488887529027664,0
28003,86.15041060189765,1
28004,2.9376728426297687,0
28005,4.344172209138731,0
28006,0.9903400720043786,0
28007,1.480264349054583,0
28008,2.0810260798576183,0
28009,0.4896866302636523,0
28010,4.424785537028403,0
28011,2.8841368115416306,0
28012,2.611349066538281,0
28013,1.3268568421843852,0
28014,3.2569181118367845,0
28015,2.3566508332985374,0
28016,0.7282727196850993,0
28017,6.088759195823471,0
28018,2.3767629843916827,0
28019,2.8237134615909434,0
28020,2.1390957001209547,0
28021,4.44296076696646,0
28022,1.477566056299143,0
28023,1.4928143325884027,0
28024,3.2886918622917887,0
28025,2.3331807838286798,0
28026,2.413346459322475,0
28027,1.7069970419277036,0
28028,2.7862061996958216,0
28029,9.910430028569746,1
28030,1.2622904991300457,0
28031,2.8555059008066945,0
28032,3.3211856854205513,0
28033,3.356548056613288,0
28034,3.8636964706040757,0
28035,4.242157178238339,0
28036,1.1721107915266946,0
28037,22.91293861948443,1
28038,1.8242113806731148,0
28039,3.489960156268827,0
28040,4.797478831512507,0
28041,6.983488594737177,0
28042,1.688820036572111,0
28043,5.915503439293922,0
28044,1.2407204663188611,0
28045,0.9674502680308223,0
28046,7.064034714483558,0
28047,2.393326368838162,0
28048,0.855900299872243,0
28049,2.1360502432281003,0
28050,5.431284912148834,0
28051,1.564821999559989,0
28052,2.1715704527377864,0
28053,4.596770379604303,0
28054,2.4860210054105187,0
28055,2.4686350621792315,0
28056,1.8653215912850356,0
28057,1.9910665699491938,0
28058,2.2102535191691035,0
28059,2.7989244012973575,0
28060,0.8663182836043742,0
28061,2.823921751984263,0
28062,4.886118267845018,0
28063,2.1285802042226294,0
28064,1.3451741950767586,0
28065,7.157076230521482,0
28066,3.6345738041246407,0
28067,3.3316939547385576,0
28068,1.177768061446586,0
28069,5.7797179647865695,0
28070,1.7019994904212965,0
28071,0.47246234367397355,0
28072,2.825545895909536,0
28073,4.034956787474558,0
28074,0.6251912429894071,0
28075,1.7258747454286345,0
28076,2.9092409529342276,0
28077,1.562348074306443,0
28078,1.4997327580049602,0
28079,4.217171327875255,0
28080,2.455246684438973,0
28081,5.70178032930736,0
28082,1.8922539052268406,0
28083,2.622983348837111,0
28084,3.7154757698772487,0
28085,0.7572221607974459,0
28086,3.6117172117892262,0
28087,0.753242398353957,0
28088,6.006526907001898,0
28089,2.373078247747285,0
28090,1.6883079000470154,0
28091,3.188511714351391,0
28092,2.158240775800453,0
28093,1.5352150635600632,0
28094,6.587029725778163,0
28095,1.5871880119300856,0
28096,1.6603291736102423,0
28097,13.159238322457405,1
28098,2.102177445475487,0
28099,5.770710562059197,0
28100,1.5946630613205126,0
28101,2.9721822093870167,0
28102,2.616379559624319,0
28103,3.18078429321925,0
28104,2.8575050709868015,0
28105,2.3165401174398883,0
28106,3.2135988145802576,0
28107,1.8186351390083682,0
28108,2.6315274853758988,0
28109,2.0519801158569857,0
28110,9.003909268803005,1
28111,1.0565850572135254,0
28112,20.537649649632513,1
28113,2.4421134261533886,0
28114,2.2698203491390303,0
28115,3.923806249582496,0
28116,3.2262617284893533,0
28117,3.1145951804827052,0
28118,4.059832375528965,0
28119,2.2192951669783354,0
28120,1.6133363489027108,0
28121,1.8921763022997555,0
28122,3.679671644032831,0
28123,2.314425877347467,0
28124,0.7277441969520043,0
28125,1.2645638992354573,0
28126,1.457396358770993,0
28127,0.4592781946517379,0
28128,4.806246051423775,0
28129,0.9164090335508057,0
28130,1.085731210448,0
28131,1.3363227140482705,0
28132,2.5972869992629777,0
28133,0.7127612238585606,0
28134,11.760769379606783,1
28135,1.6379389163183047,0
28136,1.5502934910710982,0
28137,5.234228076390674,0
28138,1.9724312729291862,0
28139,2.3383213879125884,0
28140,1.320067848033918,0
28141,3.1702400930103862,0
28142,12.522040043360878,1
28143,6.994749582046825,0
28144,1.168486905294823,0
28145,8.690913121691581,1
28146,9.097317743352761,1
28147,1.5552156265115065,0
28148,2.3516660960105837,0
28149,3.550149481028568,0
28150,7.750531829802245,0
28151,5.309232681488131,0
28152,0.301684253676041,0
28153,1.3928129878899649,0
28154,3.3520401001132147,0
28155,1.462549378219655,0
28156,1.332475405421024,0
28157,7.884053000511965,0
28158,6.275680615932633,0
28159,6.304833986021729,0
28160,3.667788557008568,0
28161,19.324554441977032,1
28162,1.422648654950904,0
28163,3.207209743097393,0
28164,3.249628386097278,0
28165,1.8061549613559633,0
28166,1.1318318402807779,0
28167,1.2199909304958882,0
28168,2.8309047334528388,0
28169,0.518607842429778,0
28170,3.5582644201920677,0
28171,1.6367379027554243,0
28172,1.0093811292474286,0
28173,0.38552222114025053,0
28174,2.9383739490611505,0
28175,0.6632163522441363,0
28176,1.9166014947638064,0
28177,0.2560980344780096,0
28178,2.0553104486041622,0
28179,1.655417486889133,0
28180,1.7062207979416257,0
28181,1.7858442229317342,0
28182,5.177870701245372,0
28183,0.8360800102877246,0
28184,1.7262422363195393,0
28185,2.5471082861635965,0
28186,2.4682383859549275,0
28187,0.7148430525218881,0
28188,1.2997927165059235,0
28189,1.0264855925653202,0
28190,5.24724822737873,0
28191,0.6342251732213338,0
28192,3.447365528266208,0
28193,6.5115006237257385,0
28194,1.2043860421537105,0
28195,9.314244643313195,1
28196,5.121475704977427,0
28197,1.3392880598538917,0
28198,1.9518085471478086,0
28199,4.045098290882329,0
28200,2.995137092425183,0
28201,5.916495078384634,0
28202,3.4402635570087265,0
28203,2.7407644733151817,0
28204,0.8396488532820391,0
28205,0.9067624459157507,0
28206,0.8745103282821567,0
28207,0.5292336029325153,0
28208,4.619985814564279,0
28209,6.79742133334062,0
28210,1.3545361617084053,0
28211,3.1581491085299507,0
28212,1.7449100189351148,0
28213,5.635259145465989,0
28214,5.791942613652784,0
28215,2.058882757160836,0
28216,2.399364875222763,0
28217,1.9194982273289583,0
28218,2.9360038904561208,0
28219,0.8827189677897527,0
28220,2.471750423109445,0
28221,3.8450575943569794,0
28222,1.5258107363067033,0
28223,1.9691205121875028,0
28224,0.8721060537415338,0
28225,1.0707475971615803,0
28226,6.7877123863865325,0
28227,1.882147105151679,0
28228,0.22054195752627453,0
28229,12.675914784903158,1
28230,0.5173636124657188,0
28231,2.906625321424602,0
28232,3.14637930969847,0
28233,1.0075984992407463,0
28234,3.3357011684924203,0
28235,0.6331038173591417,0
28236,11.687805806272,1
28237,5.495100619568759,0
28238,3.076589155294647,0
28239,2.7396522898597353,0
28240,1.0122523269076784,0
28241,2.7026952413876444,0
28242,1.5125803955284565,0
28243,2.182911563793536,0
28244,7.016677301199207,0
28245,2.8947479763393855,0
28246,4.299859612501908,0
28247,1.590827231941503,0
28248,4.145794152961775,0
28249,2.3873486287925005,0
28250,0.47813920937722604,0
28251,2.7718387503163187,0
28252,1.7668156276435794,0
28253,0.8550932557192004,0
28254,1.5827253165083068,0
28255,3.085194246765822,0
28256,2.3984637107353257,0
28257,1.6920311722583226,0
28258,0.7872610604434535,0
28259,2.723405794092326,0
28260,3.424580901141088,0
28261,1.8571072550562666,0
28262,0.5750525865137022,0
28263,1.109933331135982,0
28264,2.6595607467774154,0
28265,0.6242282325230847,0
28266,2.380865992699933,0
28267,1.3837676346739476,0
28268,0.5358043273426545,0
28269,2.545220106634542,0
28270,0.4688684436230239,0
28271,1.2132125128253604,0
28272,4.867961030625554,0
28273,0.7013220956523655,0
28274,1.9865179255091647,0
28275,0.9105043832884004,0
28276,11.952807620821991,1
28277,22.129960920307713,1
28278,7.497300762794511,0
28279,1.5539411722273389,0
28280,1.0397783684263397,0
28281,1.797598670232614,0
28282,1.684946131547212,0
28283,2.6084993089752517,0
28284,2.033980254294577,0
28285,2.368529068275878,0
28286,0.7964308305664676,0
28287,1.8585043497944609,0
28288,1.0387101900189952,0
28289,1.8850238487233464,0
28290,3.6387195262897336,0
28291,5.228597504960651,0
28292,8.671559193561455,1
28293,3.4954259136512813,0
28294,1.0062623962760233,0
28295,1.5382700735434267,0
28296,1.6563411809176694,0
28297,2.4719053603341767,0
28298,0.534132102220378,0
28299,1.2504339225952006,0
28300,1.1364724538755806,0
28301,4.999817638997575,0
28302,1.8984642934762115,0
28303,1.003891719310977,0
28304,3.0200972478119237,0
28305,1.4162438143282354,0
28306,0.9593169258465716,0
28307,1.5398070515884048,0
28308,1.218514628368403,0
28309,2.69179987036838,0
28310,5.557434993377374,0
28311,2.70150008315285,0
28312,2.0509178062854914,0
28313,2.234591806645109,0
28314,4.763838787414411,0
28315,2.441540475493745,0
28316,3.8529136646957394,0
28317,0.602748391647611,0
28318,6.202446986277312,0
28319,1.133292087944105,0
28320,4.438701592243287,0
28321,1.7707949113844976,0
28322,1.1349033426523383,0
28323,2.9308029926386605,0
28324,1.7491500700644598,0
28325,2.2153559764061614,0
28326,2.020558859541244,0
28327,0.5284396075754305,0
28328,6.166603611813565,0
28329,2.699734929874318,0
28330,8.262807253235536,1
28331,3.0790209605759475,0
28332,9.109374792786236,1
28333,6.575930004250114,0
28334,5.784615206527741,0
28335,1.0478989593405426,0
28336,1.7674224907586988,0
28337,6.599165216001473,0
28338,1.0965175350416467,0
28339,2.2428531276142634,0
28340,5.329708339659335,0
28341,4.074940309565205,0
28342,2.0745759816371674,0
28343,4.872404694861734,0
28344,4.956123319791121,0
28345,4.879617009191155,0
28346,0.9328466294037707,0
28347,2.656456585520618,0
28348,1.4662866286863407,0
28349,5.394045219658511,0
28350,15.767589284023561,1
28351,2.490031521947141,0
28352,1.5681402538691225,0
28353,3.1928973562244334,0
28354,0.4872207503953925,0
28355,10.907182319229738,1
28356,1.636084730686211,0
28357,5.990018829004748,0
28358,6.389055253818542,0
28359,2.0306417420358094,0
28360,1.3589345291151977,0
28361,1.6598450694897522,0
28362,2.989198760007315,0
28363,1.3727802478658964,0
28364,1.7376896219553897,0
28365,3.2332807389185407,0
28366,2.6730594510195123,0
28367,4.02337958436061,0
28368,3.2013687981800985,0
28369,1.2674539457410043,0
28370,3.0409015039127403,0
28371,4.867593494731829,0
28372,2.2596877567735385,0
28373,1.4486524822408564,0
28374,2.836368509083561,0
28375,1.2231054990371857,0
28376,2.2142947849759937,0
28377,1.4845635636624583,0
28378,4.701380144386254,0
28379,0.8082661871487389,0
28380,3.2466620618612665,0
28381,1.7659590355292707,0
28382,3.427441604942409,0
28383,1.6479430776005741,0
28384,4.349174870806408,0
28385,1.843929797445487,0
28386,2.7138942897241836,0
28387,1.247815212425125,0
28388,7.861470272460315,0
28389,5.64847497141859,0
28390,1.8448352953269194,0
28391,2.11485130824707,0
28392,3.438594207606958,0
28393,1.7271325527480126,0
28394,2.649601800230559,0
28395,1.5329066123626456,0
28396,4.0441473205466485,0
28397,3.8854731989700455,0
28398,1.0404243193230795,0
28399,4.944731860603894,0
28400,0.653627078530468,0
28401,2.3163531228862206,0
28402,2.569194601684539,0
28403,3.0686705226567663,0
28404,0.723402492030699,0
28405,12.257623992487765,1
28406,0.2991033956284468,0
28407,1.367724797312266,0
28408,2.281616486494006,0
28409,1.7428639548753366,0
28410,0.5371686130209702,0
28411,1.0429372038603815,0
28412,8.311680995850057,1
28413,6.273387255458146,0
28414,2.4626761096435366,0
28415,0.9857182001680123,0
28416,2.7468553806103087,0
28417,0.26320747558228025,0
28418,2.966658891091971,0
28419,1.32447814201531,0
28420,3.3901281599186204,0
28421,5.970907621368502,0
28422,2.216866133745533,0
28423,2.3122187936480594,0
28424,3.1324631735651383,0
28425,3.260926270628405,0
28426,1.4599078676071275,0
28427,1.8592028392909432,0
28428,1.4354650697106073,0
28429,2.449331594537485,0
28430,1.9588675856918238,0
28431,2.901523838664366,0
28432,9.394295590179585,1
28433,2.703196656420953,0
28434,1.1471645546775286,0
28435,0.6634453270641919,0
28436,4.535107257937113,0
28437,1.0185581944242612,0
28438,0.488600004310752,0
28439,2.0432149842492975,0
28440,1.5401277269440727,0
28441,8.296692054471182,1
28442,3.50856035948729,0
28443,3.223399313241386,0
28444,0.6264852530271245,0
28445,1.422233606640219,0
28446,2.486793059110326,0
28447,2.236539537580843,0
28448,3.1076562959932676,0
28449,1.9244055236927962,0
28450,27.03827565079712,1
28451,1.8213159646999082,0
28452,2.1771569502311823,0
28453,5.54703578354522,0
28454,1.1396412471609103,0
28455,2.18711568249716,0
28456,2.2808749000760384,0
28457,2.6864586677696427,0
28458,8.407095416278436,1
28459,3.8410001980769892,0
28460,0.8841333340941416,0
28461,3.090058443606153,0
28462,1.0132832676249481,0
28463,3.8560425212491527,0
28464,2.226549642929206,0
28465,0.4019960220929757,0
28466,1.1231265042579937,0
28467,1.7530640965453963,0
28468,5.208388428636179,0
28469,4.240590811593901,0
28470,6.645487281398164,0
28471,3.082288919114966,0
28472,1.311537263513714,0
28473,3.228905581377047,0
28474,4.228024261991962,0
28475,1.0463388056474623,0
28476,2.180508684350357,0
28477,1.5385153605137913,0
28478,1.4106418571489283,0
28479,2.7062385125531163,0
28480,1.0589861259344686,0
28481,2.3182643401946184,0
28482,1.6200228076815577,0
28483,2.7347979023527125,0
28484,0.7417921032874293,0
28485,0.7217062630776111,0
28486,2.980422810071865,0
28487,1.9615193365861552,0
28488,1.6705480247697304,0
28489,0.8226207428284015,0
28490,2.3340759560882844,0
28491,2.693227221456338,0
28492,2.0975401678162666,0
28493,1.0846577003153863,0
28494,3.5822973463451167,0
28495,0.4838315598775106,0
28496,2.991652977897317,0
28497,1.6141997010920577,0
28498,1.3660913035390176,0
28499,5.848127804613538,0
28500,3.990283899893208,0
28501,1.656161069569262,0
28502,1.2692850864470933,0
28503,2.6242053690526683,0
28504,3.0689501690976444,0
28505,0.7557792829887269,0
28506,6.754791603261869,0
28507,4.541833383652346,0
28508,1.5360891071764597,0
28509,1.8532948080604115,0
28510,14.991775743491843,1
28511,2.601107937728735,0
28512,1.0469828408651234,0
28513,5.030961459475361,0
28514,0.5698737750582535,0
28515,11.826325969620923,1
28516,5.491658450227907,0
28517,2.270439969904703,0
28518,1.218630866381069,0
28519,0.6360270145363612,0
28520,3.6038166204153743,0
28521,3.727321491380074,0
28522,3.7508334120177778,0
28523,2.515713967913863,0
28524,0.7060182682375751,0
28525,1.479465237552586,0
28526,4.018705907460216,0
28527,2.2189286286413794,0
28528,0.946093257335113,0
28529,2.765864927875916,0
28530,1.1308487431525258,0
28531,3.0498648492567852,0
28532,4.542299544558337,0
28533,2.06256907980822,0
28534,5.079162904595677,0
28535,2.7280132694928927,0
28536,2.6436767921520317,0
28537,6.382385404996887,0
28538,2.2682011990176107,0
28539,3.3941944710573324,0
28540,9.430772621233809,1
28541,1.9877402992438276,0
28542,3.131795853122105,0
28543,1.3417296669972216,0
28544,6.552661655526159,0
28545,3.288346856580302,0
28546,3.347180994754206,0
28547,3.111268846531267,0
28548,1.9393225704859594,0
28549,1.92092548088261,0
28550,2.1357248256549375,0
28551,0.8688455481166816,0
28552,2.9053134468092847,0
28553,5.074782744479232,0
28554,2.4377826575423507,0
28555,7.972989059787001,0
28556,1.8953045910726947,0
28557,2.9785747204066158,0
28558,1.8040647662252114,0
28559,2.7138306870018223,0
28560,6.164789975360041,0
28561,5.3342219141540275,0
28562,4.680492449225157,0
28563,1.2828175876750891,0
28564,3.326103463491884,0
28565,9.429571146941923,1
28566,1.671465243892194,0
28567,0.8294771491695223,0
28568,2.639358643632302,0
28569,1.1682920027430015,0
28570,2.755399970705756,0
28571,3.6274160166556815,0
28572,1.4641876924274047,0
28573,3.014019256075392,0
28574,2.6701653282957922,0
28575,0.918255714929892,0
28576,3.3611517655902716,0
28577,1.1241139116425827,0
28578,7.810958689640844,0
28579,0.5190022499352193,0
28580,2.0437749935892735,0
28581,2.132704444110315,0
28582,3.7791254184012795,0
28583,7.17921321572413,0
28584,0.9746087507135489,0
28585,3.082849075277602,0
28586,4.096632940433068,0
28587,0.3078924507070277,0
28588,4.001209287126662,0
28589,6.296745310503659,0
28590,3.5800617963633523,0
28591,3.1235952488471304,0
28592,1.101952401091094,0
28593,2.2560409811653193,0
28594,1.678211695809273,0
28595,3.971157218525932,0
28596,2.22448517304692,0
28597,4.0290385090323655,0
28598,5.47398208834817,0
28599,0.6505883716456494,0
28600,4.561687840630981,0
28601,4.7022521876134915,0
28602,7.031780007514849,0
28603,3.6110658095953605,0
28604,4.71977394370325,0
28605,0.8699211483292671,0
28606,1.3290007288540557,0
28607,0.4876689899207173,0
28608,3.2964722335530463,0
28609,1.4193240128504538,0
28610,1.108952514304626,0
28611,3.042319096790526,0
28612,1.6007416060753106,0
28613,2.699116226252492,0
28614,2.789945165469537,0
28615,1.7987895980842041,0
28616,0.6585743297577259,0
28617,1.300925481301075,0
28618,2.942966130062759,0
28619,1.2871418474415408,0
28620,1.528631603924959,0
28621,0.8258840841366788,0
28622,2.1118904538754424,0
28623,4.473396735944763,0
28624,34.70353436193563,1
28625,1.9476568069066091,0
28626,2.732797686574772,0
28627,0.4435231161922623,0
28628,1.0876559370120717,0
28629,27.134756314053934,1
28630,4.692923899086912,0
28631,2.1603895087375324,0
28632,1.072319089522357,0
28633,2.8643980659367583,0
28634,1.8764309502867236,0
28635,3.583296525585205,0
28636,3.148685764608866,0
28637,6.308190246401998,0
28638,3.6479611393345968,0
28639,1.4708036525381851,0
28640,1.1851604120453005,0
28641,2.336911862410028,0
28642,4.814720515375204,0
28643,11.159747725810616,1
28644,3.1703181387159973,0
28645,1.3211896029168873,0
28646,3.678562967532168,0
28647,0.5867186486330038,0
28648,1.430254368566338,0
28649,2.1934233442716478,0
28650,1.8359789422867168,0
28651,0.484238063977213,0
28652,1.5116991431781845,0
28653,6.459733515568268,0
28654,7.942658108115801,0
28655,2.1342551764071653,0
28656,1.9341127937843237,0
28657,3.8085240864113197,0
28658,3.3894965838072317,0
28659,3.2499670391534097,0
28660,1.346639674354569,0
28661,3.778355142520709,0
28662,2.476547547512145,0
28663,0.4723195701677685,0
28664,2.3498363975976986,0
28665,1.3104517009198764,0
28666,2.0106870881256453,0
28667,1.329240395516035,0
28668,6.380828084466819,0
28669,1.396112291943155,0
28670,9.404701147127788,1
28671,1.8677530315511832,0
28672,1.3322309241552652,0
28673,1.3602072800439493,0
28674,1.1127194601738202,0
28675,2.3793313128014995,0
28676,4.777241915951991,0
28677,2.416069410798728,0
28678,0.5550423450025538,0
28679,2.0674166823511646,0
28680,2.2329080180437706,0
28681,1.1310790693488155,0
28682,0.9595084674965546,0
28683,6.788028147629647,0
28684,0.8898917753666635,0
28685,1.0551985447790149,0
28686,3.326295682948314,0
28687,2.551134684424021,0
28688,3.36978398885304,0
28689,4.797151615648824,0
28690,1.7355934293018787,0
28691,8.438312298528157,1
28692,1.6886103696062418,0
28693,1.5650959474850203,0
28694,1.5334461678427767,0
28695,8.364518790503553,1
28696,2.3396717575881443,0
28697,12.526269427143095,1
28698,2.9114612085990057,0
28699,0.46364062490113495,0
28700,6.7604048895270195,0
28701,1.158732339868255,0
28702,4.613625577591083,0
28703,0.6755295519248506,0
28704,0.9986940068206448,0
28705,2.2722086495760396,0
28706,2.431479949018654,0
28707,9.238935492810954,1
28708,2.937076720672091,0
28709,3.1671448722756828,0
28710,0.5600242942683272,0
28711,4.715325191583165,0
28712,1.586420030863639,0
28713,1.708674835373247,0
28714,1.840036448146096,0
28715,22.410653360518914,1
28716,176.06832778634143,1
28717,3.4222216604711813,0
28718,0.958357837150141,0
28719,20.655733980891466,1
28720,1.4110729184531368,0
28721,5.619288283540262,0
28722,1.6500929361311312,0
28723,2.054944830085877,0
28724,2.2018581286242833,0
28725,5.30973702183052,0
28726,2.537398301873169,0
28727,3.7729681665034103,0
28728,0.6773830865086571,0
28729,2.9638074441799067,0
28730,3.5556342119331985,0
28731,1.6549520938346771,0
28732,2.246172414139039,0
28733,1.401394524421933,0
28734,3.0104758467662776,0
28735,2.907866290547181,0
28736,5.699457179481203,0
28737,1.944826948626616,0
28738,1.649395820909025,0
28739,0.46986103778638094,0
28740,4.030118564649813,0
28741,0.8510522523152823,0
28742,12.025901893011257,1
28743,28.304048894275304,1
28744,3.8625333089827176,0
28745,1.7595384099467994,0
28746,1.657968179355725,0
28747,2.4867992549252143,0
28748,3.984321223352822,0
28749,0.3188128320130482,0
28750,4.600844431366265,0
28751,2.4479552561219218,0
28752,3.9765586139288756,0
28753,1.097467905273844,0
28754,2.545304939529574,0
28755,2.639849017867576,0
28756,8.86135049527618,1
28757,2.9376643373074813,0
28758,1.048914127035937,0
28759,1.2712498600388888,0
28760,6.562111814952565,0
28761,1.5324082549010916,0
28762,0.5576540949121221,0
28763,1.756045532845183,0
28764,0.9237774242955595,0
28765,3.7435306392434566,0
28766,6.8516414212900765,0
28767,1.0516093236921873,0
28768,2.2875788418357446,0
28769,5.289987557873129,0
28770,1.0848344632029463,0
28771,1.6645925640354886,0
28772,1.858253807836206,0
28773,2.124194102812917,0
28774,3.131628934603235,0
28775,0.8993759178247971,0
28776,1.9904345885729597,0
28777,5.4670241287698556,0
28778,1.7405234722570209,0
28779,0.20607711230482298,0
28780,7.1898160971029315,0
28781,1.0384876378373649,0
28782,2.01777357123652,0
28783,1.092683933563797,0
28784,4.191130043752887,0
28785,2.792724345260474,0
28786,4.172241728888603,0
28787,3.961229666845978,0
28788,3.8516708532081663,0
28789,3.353813457621149,0
28790,2.876102107652416,0
28791,1.0150355821701464,0
28792,1.008839559956598,0
28793,1.7046317779951645,0
28794,4.6864920415000375,0
28795,1.7811279093612071,0
28796,1.371128975138583,0
28797,0.756230931728093,0
28798,5.783028549230786,0
28799,7.329276091109671,0
28800,1.696048754169968,0
28801,2.3787669204441517,0
28802,2.8090208231848712,0
28803,5.701888692851288,0
28804,0.6157269414328133,0
28805,8.026222071841989,0
28806,0.971216052658058,0
28807,2.53999299951439,0
28808,2.9468083749942955,0
28809,6.334367403759946,0
28810,8.71010941532389,1
28811,2.8834036525791564,0
28812,2.222403637465748,0
28813,1.5257709705318598,0
28814,0.7360540424731244,0
28815,3.1603276175964212,0
28816,1.2616184728945883,0
28817,2.240976126634508,0
28818,0.8515764787023461,0
28819,1.5780938406288432,0
28820,5.251667568033655,0
28821,7.7321989997290315,0
28822,3.9700641379191137,0
28823,3.4789778730596383,0
28824,8.99908414242686,1
28825,2.289053588171583,0
28826,2.442115670846252,0
28827,1.35954324946713,0
28828,1.4985818735003207,0
28829,2.0798361578254316,0
28830,2.1501365147816935,0
28831,1.7959931638178699,0
28832,4.923994750057104,0
28833,3.951281120871885,0
28834,9.391208917246304,1
28835,6.933006103650585,0
28836,13.64880798658205,1
28837,2.1901302994904137,0
28838,2.2389964671497173,0
28839,2.9780710830442723,0
28840,2.9112412640334386,0
28841,2.035511921177357,0
28842,5.693156691012883,0
28843,4.53826182344886,0
28844,5.327045926361602,0
28845,2.27256860628913,0
28846,2.2711172484082414,0
28847,2.161599336220387,0
28848,3.6637749286946413,0
28849,1.4365837554100769,0
28850,4.53315007661553,0
28851,2.9751773550543166,0
28852,4.80509605989616,0
28853,2.127460679361565,0
28854,3.290764228146335,0
28855,3.0846884217519577,0
28856,0.7764707759713306,0
28857,4.253336460423237,0
28858,3.760772666389266,0
28859,1.7698344341809717,0
28860,4.0546959186674085,0
28861,8.577345644085865,1
28862,2.367144824005892,0
28863,1.5477486030627525,0
28864,1.7695698994580524,0
28865,2.2648262178594476,0
28866,2.5473078365337,0
28867,2.564619732596512,0
28868,1.2204267005378324,0
28869,1.9677169225492777,0
28870,0.9319442614104682,0
28871,0.7709280424280801,0
28872,2.050671551356384,0
28873,1.9935815442330826,0
28874,1.617812561053998,0
28875,4.212435225340043,0
28876,1.9180394524252684,0
28877,2.7034405967108914,0
28878,2.4886947294112627,0
28879,8.094868196844631,0
28880,0.9014824319905458,0
28881,2.482686150733479,0
28882,3.118364546421698,0
28883,1.8987456317339713,0
28884,2.267997055527407,0
28885,0.47197248566998373,0
28886,0.9980242225059397,0
28887,2.157561754924987,0
28888,1.346971136751832,0
28889,4.070312308296661,0
28890,6.671099975722012,0
28891,2.935535749845154,0
28892,3.2824270981843853,0
28893,4.865386725886836,0
28894,3.0768839477556313,0
28895,0.5950230629718345,0
28896,2.261388519538078,0
28897,2.215999213170344,0
28898,2.6634636010884645,0
28899,2.5502251016587425,0
28900,1.7761270424537787,0
28901,3.5817591750151236,0
28902,1.7523062078863465,0
28903,5.287960718649176,0
28904,3.037958068501184,0
28905,3.7109623616130127,0
28906,1.768330990394554,0
28907,1.7429934538851353,0
28908,1.829810193717093,0
28909,7.140041289505393,0
28910,7.602972214109604,0
28911,6.046104076803841,0
28912,2.5184100368997577,0
28913,1.9618395414029903,0
28914,0.8361744180935269,0
28915,1.504790522052305,0
28916,2.547631040664506,0
28917,2.578884695330754,0
28918,4.055589324791011,0
28919,10.342088725697446,1
28920,0.5882823700437021,0
28921,2.9621424885311614,0
28922,2.1823452831909074,0
28923,4.494957265115571,0
28924,2.834714125827839,0
28925,1.8375865183218163,0
28926,0.7299859854048737,0
28927,3.506537804223578,0
28928,1.8528990890272425,0
28929,2.59736824789995,0
28930,4.250164867620622,0
28931,2.9581998994656753,0
28932,2.191021264910621,0
28933,0.27322481949328536,0
28934,3.272400261061701,0
28935,3.4022163757429666,0
28936,2.4451393374743686,0
28937,3.885369010048491,0
28938,2.4688050665783567,0
28939,4.144705661336374,0
28940,1.6698619595565014,0
28941,0.4830797178354578,0
28942,4.52959598242882,0
28943,1.3100671354738553,0
28944,1.1605136216751908,0
28945,0.7044593874796629,0
28946,8.745912782186942,1
28947,4.59105779898337,0
28948,0.9654903742454511,0
28949,4.273730790328057,0
28950,5.071231778079452,0
28951,1.8538368341219191,0
28952,6.170168539353932,0
28953,0.8733575901350107,0
28954,1.4217606919184058,0
28955,3.269893733803576,0
28956,2.984369189694535,0
28957,2.0553848475122067,0
28958,5.374605070118261,0
28959,1.2160480360860375,0
28960,1.7957792845376968,0
28961,0.8879601444206776,0
28962,0.9554880799384223,0
28963,11.08679297622811,1
28964,1.5620075906100337,0
28965,2.6258211495275736,0
28966,1.493922410836221,0
28967,8.345547541483134,1
28968,1.0973878228487899,0
28969,2.621145824127572,0
28970,3.3831603129721146,0
28971,2.2373046468603004,0
28972,3.317977572301322,0
28973,3.983525628499025,0
28974,3.049873214874825,0
28975,1.4052368647665563,0
28976,0.8105613658377572,0
28977,2.530114158157646,0
28978,5.34671431600242,0
28979,2.8734031079338624,0
28980,2.4697449062766053,0
28981,1.5961958895869828,0
28982,1.575020144823741,0
28983,0.7129194440555136,0
28984,1.7394935417796618,0
28985,1.7324996411742124,0
28986,4.124136625277282,0
28987,5.706046298302092,0
28988,3.3500480138443574,0
28989,1.0901353590804204,0
28990,0.7472885258057597,0
28991,1.719812422475454,0
28992,1.4065556479094008,0
28993,21.906671763530262,1
28994,2.0758287975933754,0
28995,3.472500725463156,0
28996,1.7172378255987504,0
28997,8.968549599823074,1
28998,0.6444243992100241,0
28999,2.0894825932192744,0
29000,1.0209888788400974,0
29001,3.933548998807104,0
29002,2.7927839233689267,0
29003,11.597607973472302,1
29004,3.203656987767247,0
29005,0.9001426907293643,0
29006,1.3449545397869982,0
29007,1.301251891702268,0
29008,1.682786405209817,0
29009,9.193072430563348,1
29010,6.68593456823316,0
29011,12.88839086593818,1
29012,1.2911738290242878,0
29013,1.9327646895631068,0
29014,4.56798068447895,0
29015,3.094655634687101,0
29016,0.6423229577895916,0
29017,1.4169782536573075,0
29018,0.6300206651828507,0
29019,0.3301756144289983,0
29020,4.181079321410496,0
29021,0.5404193956704745,0
29022,3.2379066192713393,0
29023,1.3774576752295729,0
29024,2.5181588445298915,0
29025,5.135015445629622,0
29026,3.0131898540897604,0
29027,3.1856949987114898,0
29028,6.184896265795009,0
29029,1.0926442453341882,0
29030,2.361430831404086,0
29031,0.7298146993845441,0
29032,0.7524380444183995,0
29033,2.096114890983928,0
29034,2.271253325040052,0
29035,1.4161228579971463,0
29036,1.8996420047982552,0
29037,1.2574988415704098,0
29038,4.505992796134737,0
29039,2.806129801794606,0
29040,8.497694579070108,1
29041,8.925874649381536,1
29042,5.55660987247903,0
29043,1.4136459371117396,0
29044,0.6107906576437788,0
29045,7.215144463999598,0
29046,0.9661918035731379,0
29047,2.625995408874989,0
29048,1.8931188397345582,0
29049,1.9362929153184063,0
29050,2.150612945289664,0
29051,1.9672635486890333,0
29052,6.401026864716031,0
29053,4.654687131490117,0
29054,1.0826034311309374,0
29055,1.753336850190996,0
29056,2.457018103330286,0
29057,3.7350371725794456,0
29058,1.443860015252858,0
29059,0.9860471074108187,0
29060,5.41526578638022,0
29061,3.0307900680874065,0
29062,1.4956616229306894,0
29063,16.017693624764835,1
29064,4.420993587856942,0
29065,3.4748155984747013,0
29066,1.0257361111244578,0
29067,1.9944404731833836,0
29068,3.2252935683051236,0
29069,4.794571441902942,0
29070,1.2189927860099097,0
29071,2.151626972515324,0
29072,6.0173572416213315,0
29073,8.408147730460156,1
29074,1.7862410862068994,0
29075,28.880072064874415,1
29076,4.469511135735301,0
29077,3.090535443743017,0
29078,5.549289716725496,0
29079,4.928764743371041,0
29080,2.3552280803628585,0
29081,5.889122257068207,0
29082,1.1209804652756157,0
29083,1.9228116299417326,0
29084,1.609993174709916,0
29085,2.656664622602344,0
29086,1.2796822415057227,0
29087,8.06787732557227,0
29088,1.0946815583715812,0
29089,4.5557971109533355,0
29090,3.255346134584691,0
29091,1.743765781424136,0
29092,5.2528701131263364,0
29093,6.156199551568078,0
29094,4.309885839263414,0
29095,2.704966362040812,0
29096,3.3272210638392763,0
29097,1.4531497878444661,0
29098,5.859417000481671,0
29099,0.8711232890031232,0
29100,1.3167356081352162,0
29101,1.3491509797522276,0
29102,1.2034189133466984,0
29103,1.4183448440996278,0
29104,5.182936870829329,0
29105,5.930830253039443,0
29106,2.062906729318261,0
29107,2.938780225825681,0
29108,5.116806369107958,0
29109,4.02858782584441,0
29110,1.7808638920560718,0
29111,2.6742975026210973,0
29112,1.635827916991172,0
29113,1.2582180247926746,0
29114,1.2200926100285066,0
29115,4.6031035101224,0
29116,1.0774293309996756,0
29117,5.736178514867488,0
29118,9.317701360676505,1
29119,3.2093526525825236,0
29120,4.316154990911554,0
29121,7.283216921039144,0
29122,3.412313292425662,0
29123,1.035508403519924,0
29124,2.550242157772375,0
29125,2.930983290331063,0
29126,2.4162622153424667,0
29127,4.520153293980851,0
29128,2.121510210391922,0
29129,2.380493494410284,0
29130,7.502919492064427,0
29131,2.3150813600649003,0
29132,1.3737684616117605,0
29133,4.248999294695405,0
29134,2.5287775056005106,0
29135,2.3332650002603534,0
29136,5.615605945138018,0
29137,4.529093007307982,0
29138,1.4014873257478555,0
29139,2.3585124309299363,0
29140,2.769059514734809,0
29141,13.867530037424597,1
29142,2.0835940579064203,0
29143,1.3310171175642294,0
29144,0.7376507742761901,0
29145,4.704046145569936,0
29146,1.4698833469979178,0
29147,3.590208147970714,0
29148,2.448693767206261,0
29149,3.4312721932010897,0
29150,6.149696091515612,0
29151,4.120106990337772,0
29152,4.101692442843894,0
29153,1.227944139907257,0
29154,5.340651301718262,0
29155,3.748399373598266,0
29156,3.7585568064009833,0
29157,1.9424152212217796,0
29158,3.3842039165476057,0
29159,11.643981011561845,1
29160,5.6892936053464895,0
29161,3.342338829382718,0
29162,4.394093806890604,0
29163,2.422667781732889,0
29164,1.4080179970451019,0
29165,1.3811771683680534,0
29166,0.7820174267035501,0
29167,3.0642072413438113,0
29168,2.535678659689782,0
29169,2.968775221901232,0
29170,3.251511686553781,0
29171,10.004015536169167,1
29172,4.18822444219497,0
29173,3.4409542043110335,0
29174,2.7162693513386444,0
29175,8.708570564241388,1
29176,4.237298499145242,0
29177,4.3580057752145125,0
29178,8.862563083041998,1
29179,4.326820854809816,0
29180,4.475434647713844,0
29181,2.7538670394982034,0
29182,2.7433072556613194,0
29183,0.8114022686261767,0
29184,2.807261062243602,0
29185,2.5818646413625386,0
29186,3.2556911848341303,0
29187,2.1728275673359594,0
29188,4.250574902303312,0
29189,3.3626355590585906,0
29190,0.683835984678976,0
29191,4.3650426791292425,0
29192,3.8685644177881735,0
29193,1.323337552505474,0
29194,4.438278337930299,0
29195,7.991501620317247,0
29196,1.7639977753891134,0
29197,1.2661944281340172,0
29198,2.547543692995301,0
29199,0.532278613779147,0
29200,3.9419859250447926,0
29201,2.013865114501163,0
29202,2.1260327513523483,0
29203,1.8206449821309532,0
29204,0.6319286463169497,0
29205,2.708354215604419,0
29206,0.6350752497231752,0
29207,4.572402228854342,0
29208,0.8076591641266867,0
29209,3.381937599036124,0
29210,1.308070519140479,0
29211,2.140012905221171,0
29212,1.4218226754066052,0
29213,1.8994127159287428,0
29214,2.506872763487762,0
29215,0.7437593968982577,0
29216,0.42987499618435465,0
29217,2.083975800655813,0
29218,1.1796254160969097,0
29219,2.8761189430406247,0
29220,0.706586516554847,0
29221,0.3108635898617344,0
29222,1.5447828737661427,0
29223,0.5352598974538025,0
29224,1.3394253880773688,0
29225,1.6493854367145382,0
29226,0.4435191392611143,0
29227,1.2532918094613856,0
29228,0.35742993357398284,0
29229,0.6065494760771615,0
29230,2.8592723319571007,0
29231,5.4524147297413155,0
29232,1.543246007998923,0
29233,1.1632067870649714,0
29234,1.401812399523629,0
29235,0.4910977956476144,0
29236,0.3432793512247693,0
29237,1.065625343651218,0
29238,3.842008179320725,0
29239,1.5318915079814217,0
29240,0.8555132542042723,0
29241,2.4926465903707697,0
29242,1.1737755762225957,0
29243,1.5236912822595374,0
29244,6.105913067289172,0
29245,3.5813688434478923,0
29246,0.6670554727111976,0
29247,2.8979838644938805,0
29248,1.0468223658621254,0
29249,3.380435221816835,0
29250,1.959482286669421,0
29251,1.1229459977935867,0
29252,0.8637808020728708,0
29253,1.293526384858682,0
29254,0.9857101137702708,0
29255,0.8989936467876788,0
29256,0.6050834935466448,0
29257,0.9937196377973477,0
29258,3.979538096596035,0
29259,2.2383246455492913,0
29260,0.4108882959620968,0
29261,2.6444249298183298,0
29262,0.800454459361576,0
29263,3.747591468634286,0
29264,3.8479023939130923,0
29265,1.0741823973274687,0
29266,8.112467827096943,0
29267,1.5715059072736144,0
29268,4.668672427221299,0
29269,1.5279057463906889,0
29270,1.8889396718022475,0
29271,5.623735688597424,0
29272,1.918747989998201,0
29273,2.7938814390725506,0
29274,2.3827265216120592,0
29275,5.329548528495898,0
29276,0.8705902631192151,0
29277,8.456199461439162,1
29278,3.9668419711445377,0
29279,2.3994183117658907,0
29280,3.1186425558862836,0
29281,2.352603863789641,0
29282,3.0310717559586764,0
29283,1.2322111476285644,0
29284,1.122822300812932,0
29285,3.950291088871576,0
29286,2.8889251842708448,0
29287,3.124024319169835,0
29288,1.416136382201605,0
29289,1.8130175744072454,0
29290,2.4614436782020173,0
29291,13.308885999857873,1
29292,2.266729192376918,0
29293,3.32929500245319,0
29294,0.8424245035642584,0
29295,3.9407621927670538,0
29296,1.0352050626873075,0
29297,3.8932415933800884,0
29298,1.5492884849564996,0
29299,5.801865309444396,0
29300,4.252823338745903,0
29301,2.7087151401159635,0
29302,4.92692015080157,0
29303,4.833512610206735,0
29304,2.4397565252914437,0
29305,1.1456398348410746,0
29306,0.5824622080776901,0
29307,3.0856676597795922,0
29308,3.0941436044137562,0
29309,4.7006593771559215,0
29310,0.7852008450937942,0
29311,2.1626111577603706,0
29312,2.9208366010144653,0
29313,1.4192230180687706,0
29314,0.8532945386506842,0
29315,10.3537693673424,1
29316,1.03810400626564,0
29317,1.4174768621751463,0
29318,5.889002893344363,0
29319,3.6467804409870435,0
29320,2.126098718310958,0
29321,1.3583385828203758,0
29322,2.995562273071347,0
29323,8.420426761049372,1
29324,0.9668556318356705,0
29325,2.3194592305066895,0
29326,0.8575991136532259,0
29327,0.7289943204634773,0
29328,1.6134575809994423,0
29329,2.402235740981055,0
29330,0.4599863726013156,0
29331,2.5331610699102947,0
29332,4.171765860991332,0
29333,0.948825151601941,0
29334,1.4126130821608238,0
29335,1.938797822448642,0
29336,1.2750018196596307,0
29337,1.2445374680937589,0
29338,5.567838803109086,0
29339,0.3416924476451406,0
29340,4.540071951057472,0
29341,2.062947790311507,0
29342,1.3623993792159343,0
29343,2.2299496607975295,0
29344,0.7744031662891138,0
29345,1.7584427720706237,0
29346,4.895029763320045,0
29347,7.042741327966583,0
29348,0.6237681240957846,0
29349,0.9473670874053759,0
29350,5.657473807633886,0
29351,1.93795383888852,0
29352,2.2932500619382834,0
29353,13.625046882289565,1
29354,2.1652380908871627,0
29355,3.4819647687193807,0
29356,2.551610913848337,0
29357,4.0741074669825545,0
29358,3.1986964629451715,0
29359,3.458162099464156,0
29360,2.857651657902873,0
29361,6.6834284133909305,0
29362,1.2866576950247628,0
29363,4.040307917664178,0
29364,1.2632343812996802,0
29365,0.6494850698215059,0
29366,2.1989236265151075,0
29367,1.677289270013086,0
29368,2.9086917510195365,0
29369,7.5760046350925725,0
29370,1.4621185125329472,0
29371,1.4360477915238261,0
29372,4.339884338747552,0
29373,9.940444877228208,1
29374,0.9880906619466325,0
29375,0.6517678903577299,0
29376,1.510563486409468,0
29377,1.2390185138554881,0
29378,3.8014422549608655,0
29379,0.6381243931287759,0
29380,3.152894430850848,0
29381,0.7483778906026065,0
29382,23.64933009862271,1
29383,5.826100430344202,0
29384,1.1756927104040718,0
29385,8.952927581895999,1
29386,1.1723314395989242,0
29387,2.0747802270075018,0
29388,0.5124398655343467,0
29389,0.514848149999944,0
29390,5.984917150786737,0
29391,3.9448079336400705,0
29392,5.958901193594529,0
29393,0.8048984328516706,0
29394,15.99091212355248,1
29395,3.146522226121396,0
29396,4.504804496127595,0
29397,1.2376229846664866,0
29398,4.0325121605525025,0
29399,1.2754047275923042,0
29400,10.394258135422149,1
29401,2.446928760623131,0
29402,1.5624047327197228,0
29403,1.4589240423574807,0
29404,9.10060008029306,1
29405,1.4016170789289897,0
29406,1.1821756848048262,0
29407,0.9339605878811087,0
29408,3.1059600320876894,0
29409,0.44981226666684965,0
29410,3.0269669111696658,0
29411,3.564752718245686,0
29412,4.830418660904495,0
29413,7.285126136277627,0
29414,1.1874894966805185,0
29415,1.401562520116228,0
29416,0.8804874009473437,0
29417,0.6862255030217181,0
29418,2.7187009082325226,0
29419,1.9453137477295617,0
29420,0.9447621525127643,0
29421,10.8127747601128,1
29422,2.7564258045742416,0
29423,16.345100599241032,1
29424,1.1195037133668009,0
29425,2.614899225241485,0
29426,0.7230262312883398,0
29427,4.304591351354898,0
29428,0.5779663280022941,0
29429,0.557989547467551,0
29430,1.3426744289083588,0
29431,2.337101503842235,0
29432,3.9754995264678756,0
29433,2.197487840984453,0
29434,2.990181647753943,0
29435,1.4929045953690654,0
29436,2.734439299329109,0
29437,3.0205784152492883,0
29438,2.29998490554146,0
29439,2.227955474261628,0
29440,3.4745311993728247,0
29441,2.9872155655133157,0
29442,2.3540316944907005,0
29443,3.0420062309434828,0
29444,0.7330707006894747,0
29445,1.1272094932189571,0
29446,6.134349271110845,0
29447,2.117183477082901,0
29448,2.4552501533680746,0
29449,1.218061539040204,0
29450,1.8669504969579778,0
29451,2.5853421386113076,0
29452,1.4463755171560455,0
29453,2.9261432910254666,0
29454,5.1686948829224475,0
29455,0.9402277661003109,0
29456,5.016950810305806,0
29457,4.043760914693366,0
29458,6.835252992243936,0
29459,3.400534410091943,0
29460,4.7179557846328875,0
29461,3.4702396789299215,0
29462,1.373959689037468,0
29463,1.2633493829492906,0
29464,1.3470252059782941,0
29465,8.359781547048708,1
29466,1.9221390793231174,0
29467,1.48908157618494,0
29468,1.2115543099994786,0
29469,3.049840101813233,0
29470,2.0451157286307113,0
29471,1.5098191623799582,0
29472,17.030770375751093,1
29473,3.714870120761821,0
29474,6.072267977368485,0
29475,1.136070217095232,0
29476,14.449066827678688,1
29477,3.2908812087750956,0
29478,3.0628763390359732,0
29479,1.7294403412699748,0
29480,1.7904685432917942,0
29481,3.3153983848899724,0
29482,3.838077111693544,0
29483,1.5471620217066968,0
29484,3.6854732627727578,0
29485,5.830930801384642,0
29486,4.300735201641384,0
29487,2.5220375163792643,0
29488,6.536096916988909,0
29489,3.7668486074034466,0
29490,1.0549217134908753,0
29491,4.335412207162122,0
29492,3.08177831511942,0
29493,4.0403065091089845,0
29494,4.369952500910853,0
29495,2.000686894295525,0
29496,4.599708761855444,0
29497,6.533837481973811,0
29498,2.7853975790308665,0
29499,1.4621925374768077,0
29500,2.7280395451558763,0
29501,3.8589492750320176,0
29502,1.2846689360577936,0
29503,1.9085637159026574,0
29504,3.62175718578372,0
29505,2.448199244626754,0
29506,1.990716342630737,0
29507,2.5314367679354404,0
29508,5.2019628509499505,0
29509,7.47878606867627,0
29510,1.8156757509085566,0
29511,0.313683125345052,0
29512,0.9044983893416668,0
29513,2.260217934250102,0
29514,2.7306540226871516,0
29515,1.092661669940503,0
29516,2.3482201689384765,0
29517,1.421717590691548,0
29518,5.332473768247505,0
29519,2.608022242127887,0
29520,2.1893439481129646,0
29521,2.579737910252513,0
29522,1.9303877750427394,0
29523,2.3091199349262235,0
29524,2.2773227592264087,0
29525,3.894963108043936,0
29526,1.5020738556989257,0
29527,2.9797613834810908,0
29528,0.7448793899936158,0
29529,3.154981927324413,0
29530,2.5692951535463906,0
29531,0.8028560455554442,0
29532,1.9418608450244679,0
29533,4.349461187889804,0
29534,2.209873910648623,0
29535,1.7471653612967621,0
29536,2.527748300925074,0
29537,2.4755736777594333,0
29538,3.2601101580216474,0
29539,1.2999029406869502,0
29540,0.7784266687107261,0
29541,2.2376457986909704,0
29542,3.9883675117499546,0
29543,6.386406384792409,0
29544,1.39622126398586,0
29545,1.4738447369504053,0
29546,0.7641101134184958,0
29547,2.037606216316502,0
29548,6.071969320340305,0
29549,6.648254884849476,0
29550,1.8267554186724522,0
29551,4.468208176249366,0
29552,5.789191590340808,0
29553,2.3335286340753356,0
29554,1.0284919104207946,0
29555,1.516605133576632,0
29556,2.7718387695193294,0
29557,4.075806876030445,0
29558,4.933831409804619,0
29559,1.3954889238123014,0
29560,5.735783468518438,0
29561,1.806526759066119,0
29562,2.61027149428154,0
29563,3.1637582146092944,0
29564,1.4299484494364056,0
29565,5.943098640178866,0
29566,0.9633914996538785,0
29567,1.3618397309442727,0
29568,2.181245851051728,0
29569,3.642661387139486,0
29570,2.7451346977072504,0
29571,10.196369720286075,1
29572,1.6134095083769922,0
29573,6.131468939198515,0
29574,0.7819191893809702,0
29575,2.5600445684343756,0
29576,3.1060424030885865,0
29577,3.2932332223837237,0
29578,11.026357438053473,1
29579,2.369439819481316,0
29580,3.2312619093851627,0
29581,3.4971104705973373,0
29582,1.7236894271728178,0
29583,2.0489385773014317,0
29584,5.282214572409294,0
29585,2.2559981218181915,0
29586,2.8594021125955607,0
29587,0.5709005323863411,0
29588,2.4457283485111256,0
29589,0.746005338032433,0
29590,4.143559298705029,0
29591,0.5470043549140764,0
29592,2.681220079003486,0
29593,2.732144343854091,0
29594,0.6513590156767693,0
29595,3.8783548279271023,0
29596,1.9215753627721797,0
29597,2.498795795705499,0
29598,1.7956096746241557,0
29599,1.2841649720779515,0
29600,3.5421112222579003,0
29601,1.851628219816299,0
29602,4.069936781133838,0
29603,4.30503954307838,0
29604,0.7678414751918426,0
29605,9.509945097785574,1
29606,4.978142004763572,0
29607,0.8108379395871868,0
29608,1.720107414882012,0
29609,1.9145260834820623,0
29610,6.018672012471461,0
29611,2.1039874360653186,0
29612,5.654614237564586,0
29613,2.702920266931326,0
29614,2.6222316061791116,0
29615,3.7946589219278817,0
29616,2.695464080538124,0
29617,0.7417809980464513,0
29618,6.567879241772471,0
29619,2.492573909098651,0
29620,3.053035019746515,0
29621,2.80597054520697,0
29622,2.484193646832971,0
29623,1.1536483666859185,0
29624,0.7446758898469178,0
29625,1.0018113421743982,0
29626,0.7201455576608946,0
29627,1.817042044775755,0
29628,1.4052903818267604,0
29629,1.9225528143426962,0
29630,2.7237459330951364,0
29631,0.8331312509298613,0
29632,1.720596426518435,0
29633,4.499508312385983,0
29634,1.4614663321089332,0
29635,2.0729887152608444,0
29636,2.8433882297798245,0
29637,2.4849220967662813,0
29638,2.4846383569960175,0
29639,1.06682371045238,0
29640,3.0212423578460132,0
29641,2.230256262048243,0
29642,4.106537740329182,0
29643,4.928556854008537,0
29644,3.400064077596347,0
29645,2.114967002904118,0
29646,3.1168974453608174,0
29647,5.456571522450491,0
29648,1.6498059181364533,0
29649,9.456061310307955,1
29650,5.741139003867668,0
29651,6.8828524589154805,0
29652,9.06124912690564,1
29653,1.0080583757651018,0
29654,1.3989200226818637,0
29655,6.233518135163198,0
29656,2.7339464032238743,0
29657,0.986886023386555,0
29658,1.0975583808737959,0
29659,1.7863135188705335,0
29660,2.4908736307292347,0
29661,9.553898369965099,1
29662,0.8182330085410574,0
29663,1.1168369738215385,0
29664,2.1793329325515836,0
29665,1.494555483974903,0
29666,9.650372216539276,1
29667,3.785139540682025,0
29668,8.981697042444473,1
29669,2.523649279775154,0
29670,4.089261900633954,0
29671,1.1610158838178435,0
29672,1.145262310201548,0
29673,5.865386191813338,0
29674,1.7578319663207942,0
29675,3.9243378395188997,0
29676,7.25944423696576,0
29677,3.8298471737551174,0
29678,3.1692961524331715,0
29679,2.9580289087825657,0
29680,2.7338312116871966,0
29681,7.20473742339187,0
29682,1.187591694243874,0
29683,0.47865131529880595,0
29684,2.1231808531843157,0
29685,2.5050052911204204,0
29686,8.841009382465009,1
29687,4.0139518738368185,0
29688,6.339471790526862,0
29689,0.5286828723208316,0
29690,2.4650593387478303,0
29691,1.10729292804833,0
29692,5.980926919658626,0
29693,5.7332484714796825,0
29694,1.3906085826964505,0
29695,6.876319885335525,0
29696,2.9959077985680436,0
29697,1.266178340967861,0
29698,1.017776307766945,0
29699,5.2834691397048745,0
29700,2.4611783977578554,0
29701,6.887794140342729,0
29702,7.295841667349644,0
29703,6.829264503493883,0
29704,4.368808318361621,0
29705,2.9842905957105645,0
29706,8.500123925012598,1
29707,3.2169337834440688,0
29708,1.7095492773243768,0
29709,3.470244867956488,0
29710,2.5731655102758677,0
29711,2.8721017188534685,0
29712,4.18092039725751,0
29713,1.8669524310687533,0
29714,0.7255444383536341,0
29715,1.742963632938867,0
29716,2.2689756468297952,0
29717,3.345508937095724,0
29718,2.3641326478042823,0
29719,2.2431432406254883,0
29720,2.0078423188413472,0
29721,10.636950883253895,1
29722,5.499657592895966,0
29723,8.296352320416219,1
29724,1.480860628098749,0
29725,1.1191478230533995,0
29726,2.9567964972487184,0
29727,0.9096196676475896,0
29728,0.7794028957693554,0
29729,2.0952728578346917,0
29730,0.7547495063638584,0
29731,7.51364315731106,0
29732,3.997252639371008,0
29733,6.578011954995665,0
29734,4.307062985684685,0
29735,2.325880452163234,0
29736,1.9519533898259147,0
29737,3.198778069849151,0
29738,2.7745088626209014,0
29739,11.99094544538454,1
29740,4.6632581282802175,0
29741,1.2925727278114854,0
29742,7.465750550300547,0
29743,2.413040312692964,0
29744,6.4273425884811894,0
29745,4.762904381755742,0
29746,2.226491676561157,0
29747,4.464744106299491,0
29748,2.1009698962715975,0
29749,0.8454444205433612,0
29750,3.002131300739336,0
29751,3.8289013814443353,0
29752,0.8498471152955521,0
29753,3.3681467147203183,0
29754,0.4559968784260079,0
29755,4.546992685333764,0
29756,2.187971933043474,0
29757,0.9548975757318428,0
29758,4.873427878845171,0
29759,2.788408979093035,0
29760,0.5215631918632874,0
29761,2.861136956039187,0
29762,4.649868837017767,0
29763,1.6034640502960882,0
29764,0.8461477931004711,0
29765,3.8254121015619185,0
29766,4.20720612060543,0
29767,4.546213057117638,0
29768,2.507517321127129,0
29769,3.8534144747931673,0
29770,2.9420106321854465,0
29771,4.5101102684213235,0
29772,3.1180405735602448,0
29773,7.26614903767762,0
29774,0.9872233811919883,0
29775,2.4027578873999533,0
29776,4.550738335770315,0
29777,6.248579476385012,0
29778,4.326319093803437,0
29779,4.928287786029922,0
29780,2.4531746007505206,0
29781,3.947241012043802,0
29782,2.8546318721677504,0
29783,3.3281221227762234,0
29784,2.792416981157337,0
29785,2.070837275143473,0
29786,1.7063847956351947,0
29787,3.7353750031145543,0
29788,2.016230638711172,0
29789,4.491383417577803,0
29790,3.0382554519923333,0
29791,8.373078946297271,1
29792,1.4260921661980501,0
29793,1.3280664785952405,0
29794,3.37937892995265,0
29795,1.1070066246321835,0
29796,3.170377675544274,0
29797,1.4425582430351038,0
29798,6.804688364740071,0
29799,7.583835437438536,0
29800,2.6035962420376415,0
29801,4.29478111304081,0
29802,4.435350417928157,0
29803,1.6673810888756049,0
29804,3.1259409100329334,0
29805,0.9728614041600624,0
29806,4.669586813725604,0
29807,0.963110348076664,0
29808,2.076455231820303,0
29809,6.6938880862552335,0
29810,3.740083209127401,0
29811,4.419233738724707,0
29812,4.746742006505826,0
29813,4.0546380035057945,0
29814,5.722616232640092,0
29815,0.4704827108464803,0
29816,8.724936722160937,1
29817,2.788225518845732,0
29818,0.8220949357936613,0
29819,1.5402050010303467,0
29820,26.716736068098438,1
29821,12.9526925026082,1
29822,3.232086142228971,0
29823,0.44665469669251867,0
29824,2.645293480510581,0
29825,3.001730594178842,0
29826,1.9914950554353168,0
29827,4.406046255185159,0
29828,3.081900440872047,0
29829,1.5708790035385425,0
29830,0.549326894032861,0
29831,1.2495179713361064,0
29832,1.0012941456924493,0
29833,4.2655465276931315,0
29834,0.6273398629776008,0
29835,1.7480450604145497,0
29836,3.531761593997909,0
29837,6.232084340646448,0
29838,1.652582257126787,0
29839,5.381650716039534,0
29840,5.561384220574369,0
29841,6.600142178789254,0
29842,7.104301166231415,0
29843,3.819137747371435,0
29844,4.247116450313961,0
29845,6.154732211891778,0
29846,2.6299825599189033,0
29847,9.537912338445246,1
29848,3.1997221969838265,0
29849,1.2194298453981893,0
29850,1.4252199050172507,0
29851,4.707412929220673,0
29852,6.93448632487124,0
29853,2.9121013690016935,0
29854,2.6352529058310648,0
29855,4.740057631683002,0
29856,2.0605298275341135,0
29857,0.7267014429096618,0
29858,2.523577609274103,0
29859,1.5551169719894071,0
29860,2.266249856467918,0
29861,3.0239269280437124,0
29862,2.220058974995363,0
29863,1.9631501560322606,0
29864,7.338830012466429,0
29865,3.5215381007878626,0
29866,8.43843909623169,1
29867,16.285919977995288,1
29868,2.7594278130064436,0
29869,3.79819506769162,0
29870,0.535143242775976,0
29871,5.591417424277832,0
29872,2.1030539671729676,0
29873,1.179133521152508,0
29874,2.2516592874948542,0
29875,3.494094568054027,0
29876,2.2695896729973053,0
29877,3.844245875239792,0
29878,9.048366975786486,1
29879,1.2821970064364188,0
29880,2.283872867043363,0
29881,2.604787717760023,0
29882,2.417015902855658,0
29883,8.252430373622241,0
29884,12.818105604626437,1
29885,1.1519610800799642,0
29886,8.49511219151546,1
29887,2.1869171331955735,0
29888,8.622880890541584,1
29889,2.1301414025249548,0
29890,0.7748909829430747,0
29891,5.117569370438188,0
29892,2.4083078481426905,0
29893,3.4859037597394127,0
29894,1.2841860367035216,0
29895,2.5752704945424023,0
29896,2.7307194651369695,0
29897,1.8033741901676252,0
29898,1.2132769910888963,0
29899,3.3281884253095355,0
29900,1.0966913792928572,0
29901,2.9152266442497554,0
29902,7.6331793176672385,0
29903,10.550066650208315,1
29904,1.5817704087159323,0
29905,2.570505572539554,0
29906,18.381160945601376,1
29907,4.241545591566416,0
29908,0.4619704291479738,0
29909,0.49678598418357134,0
29910,1.0686267210651625,0
29911,1.5205691100661582,0
29912,2.5223253166288067,0
29913,6.238049738796436,0
29914,4.316780418875953,0
29915,1.61626260866345,0
29916,1.7027560481400468,0
29917,6.154099789058599,0
29918,1.7858323900869266,0
29919,4.321857526857831,0
29920,4.973721961717454,0
29921,12.120717025651624,1
29922,0.8469900376846908,0
29923,1.5692542272318009,0
29924,0.8123851914084128,0
29925,5.997757790973428,0
29926,3.952443877096432,0
29927,2.4101247521944646,0
29928,1.6434422512159326,0
29929,2.1173356775965573,0
29930,2.3109682158977303,0
29931,3.8756509086149773,0
29932,3.4822227088539193,0
29933,4.577436673896155,0
29934,1.2959910657644413,0
29935,7.77741053466843,0
29936,3.092218007458575,0
29937,1.9400432245706438,0
29938,2.0853525106817092,0
29939,5.5280473271533515,0
29940,1.9565944585117658,0
29941,2.226345023301413,0
29942,1.304577345401584,0
29943,4.61098700451654,0
29944,3.7127725906627114,0
29945,1.10371215036329,0
29946,2.7323577281081866,0
29947,1.8460021500463666,0
29948,5.070761008190213,0
29949,4.299791555163531,0
29950,3.268150892556652,0
29951,2.884291006534849,0
29952,1.9126911873097432,0
29953,2.944164852298249,0
29954,8.721004601327413,1
29955,2.960867522299266,0
29956,2.725439888026769,0
29957,12.868999277339617,1
29958,2.1963253380007335,0
29959,9.176057356328903,1
29960,1.0302205908422746,0
29961,0.5321608478941169,0
29962,3.8536446293735915,0
29963,72.95487686244657,1
29964,2.9788208908368774,0
29965,1.5545554686416296,0
29966,7.669342440008483,0
29967,5.627997606066687,0
29968,2.106599330335581,0
29969,2.309512675186888,0
29970,8.515059969065309,1
29971,1.5522869374159793,0
29972,9.207854469170792,1
29973,0.880196657361817,0
29974,2.636496676676293,0
29975,4.4328929080470365,0
29976,3.5610750441016394,0
29977,2.6235906242816514,0
29978,2.419112139769616,0
29979,0.8808058138151741,0
29980,1.8864670277873614,0
29981,2.4034460667565734,0
29982,1.1016634531801544,0
29983,2.2193363710835743,0
29984,2.337032215061756,0
29985,0.3976215423034074,0
29986,1.4387613787120666,0
29987,6.184696290298362,0
29988,6.504677554616961,0
29989,1.7307425707059652,0
29990,2.9576652016139198,0
29991,2.720317237928858,0
29992,2.416499978805502,0
29993,6.285693853075414,0
29994,2.486472193125528,0
29995,5.098056993180163,0
29996,3.3812122077649795,0
29997,5.5404318525789495,0
29998,10.216087541299872,1
29999,0.9046020118586672,0
