Index,Anomaly_Score,Is_Outlier
0,1.9507683063729397,0
1,1.768427026244969,0
2,0.43464091955891954,0
3,0.3119536587522263,0
4,1.884672908976955,0
5,0.6129941575917317,0
6,3.8292639324189284,1
7,1.1469999467607195,0
8,1.2819742929793942,0
9,1.7260863652845193,0
10,1.632808352706012,0
11,2.5501420051143113,0
12,1.7987034007731453,0
13,1.458769037680112,0
14,0.6021811051344313,0
15,1.8136194195581943,0
16,1.1384295276947176,0
17,6.10168597131186,1
18,0.7433358786388229,0
19,0.18265575508790058,0
20,1.8220878181336242,0
21,0.29123157127314625,0
22,1.328626743476232,0
23,1.1333560361013455,0
24,0.9465167662109497,0
25,0.4838920852990707,0
26,1.1866708484841162,0
27,0.5114724971486292,0
28,1.6290624909380464,0
29,0.2324638850049914,0
30,1.66978052759885,0
31,0.795136137529001,0
32,0.4413324475186615,0
33,3.6788989374908776,1
34,1.631371854068383,0
35,1.0660270097014422,0
36,0.7547887005302724,0
37,1.565502165723363,0
38,0.9767695267287949,0
39,1.6101274827616587,0
40,8.145871703870188,1
41,0.2389736866396995,0
42,0.19569764583465205,0
43,0.5276656502552419,0
44,0.7157970354593454,0
45,0.2026891846483855,0
46,1.2715538095763286,0
47,2.359538327080159,0
48,1.6892798309430352,0
49,0.18009449689920423,0
50,1.863349597146555,0
51,0.9612512825015903,0
52,0.8230244669716229,0
53,1.1011777747698364,0
54,0.8604659046967748,0
55,0.7607591213624508,0
56,1.3446255314788131,0
57,0.7253619219329858,0
58,1.7789969267309906,0
59,2.110203845189682,0
60,1.4966352437207702,0
61,1.070354755435323,0
62,0.7262174646595033,0
63,0.9694317738144502,0
64,1.1176809677447752,0
65,4.147302181067095,1
66,1.3207687805163961,0
67,0.7139807495433179,0
68,2.607497759315843,0
69,2.2513085489383475,0
70,0.4053732879200946,0
71,1.6499737484976162,0
72,1.7627509790684852,0
73,1.0032493152339088,0
74,2.7224073105290554,0
75,0.36153399168009503,0
76,0.8895914201282904,0
77,0.48755486979850293,0
78,0.2964653252045449,0
79,0.8319549214829735,0
80,2.6926236634234533,0
81,3.4108667552471257,1
82,0.43207332280165966,0
83,1.8162902711404896,0
84,0.49600778764017023,0
85,2.2615919471005403,0
86,1.6081743331100413,0
87,0.8898083407744236,0
88,2.346536349266399,0
89,1.7515064550282986,0
90,1.6497611345804122,0
91,1.2610006969825391,0
92,0.44467642523068485,0
93,0.8975336905700054,0
94,0.2642686016057652,0
95,0.643342848374801,0
96,2.784219886764356,0
97,0.7737261171719821,0
98,0.5935291872242778,0
99,0.7267025394565546,0
100,0.6600118570535503,0
101,1.762017589863856,0
102,4.07170511421836,1
103,0.3056779270798422,0
104,1.1523207115441634,0
105,1.7034361456652767,0
106,0.3150056990343376,0
107,1.1678821347700408,0
108,6.125481250519075,1
109,0.4602147778327688,0
110,1.8965619810846521,0
111,1.0568881798764815,0
112,1.9215890305054404,0
113,0.39937434125933635,0
114,0.280032869925575,0
115,2.1186170777317845,0
116,0.42416648208119123,0
117,0.6245587447067636,0
118,1.1610821198893035,0
119,1.46722170140925,0
120,1.3781082656887675,0
121,0.5490621425797595,0
122,0.6605653791487139,0
123,2.0091334205359592,0
124,0.21678109615740562,0
125,0.5719959347228798,0
126,1.399264034917654,0
127,1.1375294457522906,0
128,0.4874469774191533,0
129,1.5745849052125622,0
130,1.2649337128645295,0
131,1.4897933784054633,0
132,1.3754050549878147,0
133,1.4206606781926208,0
134,0.28033827666499395,0
135,1.7382433224032208,0
136,0.48504378870803905,0
137,0.41473367686904133,0
138,1.1753101438877378,0
139,0.4618461244759594,0
140,1.1399455818119872,0
141,0.3799868262095863,0
142,0.6909069368557507,0
143,1.2849738912700197,0
144,1.233549917358735,0
145,1.2773025435986867,0
146,0.4264670333349845,0
147,3.0795016156620476,1
148,1.2368210557205501,0
149,1.6713846563153676,0
150,1.6246203658980927,0
151,1.405422821459238,0
152,1.3877718827416377,0
153,3.4530058415198934,1
154,0.39335684168005064,0
155,0.9135992630783689,0
156,0.7142194011321207,0
157,1.0148476839115768,0
158,4.396624774343636,1
159,1.7550745678311386,0
160,1.5364924353045855,0
161,2.0048329585854163,0
162,1.159050107517856,0
163,1.6858517267076725,0
164,0.2917626710820937,0
165,0.46889683321831227,0
166,1.7489283395592976,0
167,3.1492231949986373,1
168,0.9639296561170116,0
169,0.18272008538446366,0
170,0.7038644457877443,0
171,0.41479490404211006,0
172,1.0900995911558138,0
173,0.35624376074975417,0
174,1.170159481780353,0
175,1.5943864703579642,0
176,1.3460788499167267,0
177,1.2976407858588215,0
178,0.17437467092121126,0
179,1.465438825528087,0
180,2.8523151286696296,0
181,1.192986117705484,0
182,3.8762836397010663,1
183,0.44355233192199656,0
184,0.7557345858428651,0
185,1.1519877306970125,0
186,3.6780622605292224,1
187,2.5767784409491816,0
188,1.0766223414666123,0
189,2.5035377392114957,0
190,0.9119347427130773,0
191,1.5053307745850657,0
192,1.2862115449711986,0
193,2.2075266685705888,0
194,1.272564000658074,0
195,0.6265436863448345,0
196,0.35748200320289136,0
197,1.3182050644279835,0
198,1.584985537828033,0
199,1.258991617820192,0
200,0.2519199952757946,0
201,1.8388635813495173,0
202,1.1379058468142742,0
203,0.5711208155887437,0
204,1.3321371406589688,0
205,1.495967219819717,0
206,0.5551695278724027,0
207,0.314769017910422,0
208,0.4031764138265842,0
209,1.0837101232611788,0
210,3.006008894509915,0
211,1.2556660523760934,0
212,0.3605647519424845,0
213,0.9016792147910913,0
214,4.003634146663911,1
215,1.9767828497639524,0
216,0.38750490405676563,0
217,1.1769160574844824,0
218,1.7886113923582003,0
219,0.9295426903794656,0
220,2.2095858483707316,0
221,2.06515072816007,0
222,1.3077590588702936,0
223,1.2256123084017683,0
224,2.255246296536482,0
225,0.9719764490595008,0
226,1.0990929954431568,0
227,0.27249200800536033,0
228,0.5495438741455254,0
229,0.9878529551473945,0
230,0.3516015451742012,0
231,1.4850115519181306,0
232,2.314817260233091,0
233,2.499949394142814,0
234,0.3660854638556044,0
235,1.0822702517079528,0
236,0.8156291938410337,0
237,0.9926879390778073,0
238,1.427568392695331,0
239,1.1329392200121313,0
240,1.8630869812820938,0
241,0.6096054631724109,0
242,0.19600231689903108,0
243,1.7456260639082088,0
244,1.8586127542277775,0
245,1.1535595377076755,0
246,2.1265368839002567,0
247,0.3554325425069338,0
248,1.890599866602186,0
249,0.37265064593601144,0
250,0.8717020861841821,0
251,0.39914922096643995,0
252,0.36704513802873157,0
253,2.1762030176213245,0
254,1.081066551464514,0
255,0.348581403811145,0
256,1.4609977815300774,0
257,1.844843610359051,0
258,1.007429283200183,0
259,1.8240893683180461,0
260,2.98797612272146,0
261,0.44056402041352477,0
262,2.0194889007495798,0
263,1.7806260877274807,0
264,1.0394147986317133,0
265,0.8968917733395215,0
266,0.98426935652696,0
267,0.7950899138854343,0
268,0.7951830306679217,0
269,1.221719725447134,0
270,0.6700672085015668,0
271,1.7006430808079558,0
272,1.5388516235870566,0
273,0.47304307473762414,0
274,0.37438054545688837,0
275,0.7057508667469349,0
276,1.9115612199693386,0
277,0.21931385039999166,0
278,0.6273392976156066,0
279,0.5954642332472857,0
280,1.169684449370555,0
281,3.1866242257263844,1
282,1.2277026072675017,0
283,0.3293507307009314,0
284,1.3365972647212974,0
285,2.254776762889836,0
286,1.4070697320811187,0
287,1.3609156093869343,0
288,0.6177780767595931,0
289,0.65747971024594,0
290,8.787767412018304,1
291,0.3376116364093198,0
292,1.1798629939438166,0
293,0.46602194834565075,0
294,0.2574585745099043,0
295,0.9064530806458769,0
296,0.4441528021529955,0
297,0.4926824924554659,0
298,0.9540342731885378,0
299,1.6844702954442317,0
300,0.6327541317625425,0
301,4.007165423170535,1
302,0.5059273610118386,0
303,0.6602817349905024,0
304,0.8873263508432643,0
305,0.44900037427126216,0
306,1.4382997796129506,0
307,1.3990159474444428,0
308,2.0768612545268685,0
309,1.0335193456980096,0
310,1.306219177647455,0
311,0.4900543247155981,0
312,1.169862895650076,0
313,2.2516401001239563,0
314,0.5422406270193285,0
315,0.2932329904155034,0
316,0.6006344180692592,0
317,1.408483720911333,0
318,1.3293400415918006,0
319,0.6256536541016913,0
320,1.0453560796294474,0
321,2.3918366142382523,0
322,0.6697078290017366,0
323,1.3636218580958794,0
324,1.083816202910871,0
325,2.2658061185281118,0
326,2.2656741615619036,0
327,0.832310304951381,0
328,3.548021647669122,1
329,1.2720026710916472,0
330,2.292798559671364,0
331,1.0004975688613307,0
332,1.109195770152673,0
333,2.9791459249262306,0
334,0.20655261931013427,0
335,0.47120839403439,0
336,0.5716254721239157,0
337,0.29477485825602556,0
338,0.3106592203710864,0
339,0.9415276760892767,0
340,0.2999480527375209,0
341,0.882076394328622,0
342,2.184556167504723,0
343,6.629672469027766,1
344,0.5945139986146565,0
345,1.0544371242780681,0
346,0.8206369047755545,0
347,0.2947829184500668,0
348,0.4436959725249459,0
349,0.1830933251679945,0
350,1.5303858008495126,0
351,3.898006749144417,1
352,0.5505928239029603,0
353,0.6535584762081759,0
354,1.811867194006337,0
355,1.005772488710125,0
356,0.5428190124123681,0
357,1.5332841404613615,0
358,1.3304568791668265,0
359,2.7228715170775777,0
360,4.871006947581469,1
361,0.6806093957281809,0
362,1.6108605631857638,0
363,1.312701982571428,0
364,0.21274335735388716,0
365,1.5830741282907121,0
366,0.6532548005668889,0
367,1.5543960860706643,0
368,0.4241876241940939,0
369,1.0706307053740587,0
370,1.9965177904166864,0
371,2.3497991469376385,0
372,1.0722168192860158,0
373,1.094219030935495,0
374,3.795193658856439,1
375,0.5337253981203306,0
376,1.3003805748729498,0
377,1.2178918751504377,0
378,0.6855930322390525,0
379,0.4260761206702793,0
380,0.4473735770675637,0
381,1.0049335907740888,0
382,1.370115136470124,0
383,1.2737681189846675,0
384,0.9365548374956992,0
385,3.1193832629596416,1
386,2.9947274901968965,0
387,3.0887350201800037,1
388,0.9014025706502931,0
389,3.3794427256319586,1
390,0.38429225533546735,0
391,1.9418771868460474,0
392,0.7896140741120774,0
393,0.4381886527009995,0
394,1.731941840376091,0
395,0.5314833538196583,0
396,0.5944206788166964,0
397,0.3477690413532696,0
398,0.6612377835920558,0
399,0.996074198585018,0
400,3.5226432027268344,1
401,0.8257448700374928,0
402,1.378679061017428,0
403,0.3556602498836489,0
404,1.3108551392661691,0
405,3.1423209563298165,1
406,1.0020366679318409,0
407,3.079712593199663,1
408,1.0779456264302445,0
409,0.8410984052470826,0
410,0.6606696642204503,0
411,1.052880784150279,0
412,1.0412494417462883,0
413,1.337375872424826,0
414,4.779828226817456,1
415,1.310039107706963,0
416,0.7835218879391419,0
417,0.5871428605342442,0
418,0.3814177011716409,0
419,0.5551976951407931,0
420,1.5288922405375303,0
421,1.0373893446134135,0
422,0.49551830898382837,0
423,1.7405573134882268,0
424,1.311389442983324,0
425,0.7564719837800029,0
426,1.4543416593584313,0
427,0.7347361096509714,0
428,1.4925706281914286,0
429,1.1918561051471144,0
430,0.3168350289810798,0
431,1.3239468116458124,0
432,0.29357529436838553,0
433,1.7355785843082903,0
434,1.7806355384961037,0
435,2.1250824904673697,0
436,1.809256029061211,0
437,0.605786343144905,0
438,0.6480685686967219,0
439,1.7760274640898386,0
440,1.1157562140951527,0
441,1.651722281026914,0
442,0.8520479800089614,0
443,0.6065249641602938,0
444,1.1870264925010967,0
445,0.5492339093278954,0
446,0.5900395349556012,0
447,1.6249755344732697,0
448,1.3974385037367487,0
449,1.4969629442814065,0
450,0.8484148573734892,0
451,3.115346469976679,1
452,3.9223285539937836,1
453,1.5816812121787138,0
454,1.8429834944276755,0
455,0.9257931987985732,0
456,1.4347863616878382,0
457,1.38150129525195,0
458,0.9799464561909962,0
459,0.9203944889889911,0
460,0.5983356878036717,0
461,0.6189915471123371,0
462,2.879828825397163,0
463,2.257917230720095,0
464,2.340960329183852,0
465,1.7773289505351721,0
466,1.0697005939047668,0
467,0.5093956316626681,0
468,2.5710904987488847,0
469,0.5433916600503125,0
470,2.0607413015210776,0
471,2.4483854309592714,0
472,0.376237673620243,0
473,1.7195571550348274,0
474,0.5651727114812638,0
475,0.26491706820653055,0
476,0.6591881461348581,0
477,0.8212552833119358,0
478,2.1703882339591014,0
479,0.2068771809700071,0
480,4.6720094400591705,1
481,1.872872865109404,0
482,1.1543040234569406,0
483,1.2231969661393853,0
484,0.28247388821088276,0
485,1.032916527286396,0
486,0.9091867533533347,0
487,0.8015863039079233,0
488,0.7115042785600352,0
489,0.6504676139211011,0
490,0.38154376384813493,0
491,0.9076272229576784,0
492,2.296736800430156,0
493,1.1197065791133698,0
494,0.7882310969993804,0
495,0.6717503460014984,0
496,1.2339140640555155,0
497,0.5051230445712583,0
498,0.8844617603775674,0
499,1.7690132406597927,0
500,1.3651825232908716,0
501,0.6745275964994125,0
502,2.766871555911772,0
503,0.6516063186428489,0
504,2.4584357018170917,0
505,0.32671241470209805,0
506,16.89808783314273,1
507,0.9482980774229645,0
508,0.858022499759444,0
509,1.1036993242300035,0
510,1.7395864401012018,0
511,0.5260333803192322,0
512,2.775857956327593,0
513,0.6842631692574079,0
514,0.37276950352359417,0
515,2.70580939054437,0
516,0.6545780497777235,0
517,0.34922914694662893,0
518,0.6727942407088732,0
519,0.9099560955473368,0
520,0.5753848574650369,0
521,2.2992639301848574,0
522,6.731916376486563,1
523,0.6488223475261417,0
524,0.5082051561973706,0
525,2.7926407936731508,0
526,1.1380695841495516,0
527,2.824889530892988,0
528,1.2354062578560254,0
529,2.327681314958271,0
530,0.7540492860447913,0
531,1.3903113998392265,0
532,1.743490691259253,0
533,2.3524610934272414,0
534,0.5592601707745916,0
535,1.0944107490208217,0
536,1.5474650393599503,0
537,0.7002138457277208,0
538,1.8709332586470886,0
539,1.1858469587568168,0
540,1.0478744493721104,0
541,0.7018931337849627,0
542,1.0471114521113998,0
543,1.7547648170855903,0
544,1.5153040134156257,0
545,0.6740857638018655,0
546,0.27370568781822724,0
547,0.3232155766851851,0
548,1.0930605845887003,0
549,0.5209040723398128,0
550,1.9459232921651475,0
551,1.4284761341959873,0
552,0.7621150106726555,0
553,0.9942520988712696,0
554,1.3164682788640543,0
555,2.6908662576840756,0
556,0.4490951762920231,0
557,1.339804672408778,0
558,0.626095115607463,0
559,0.8457146559734127,0
560,1.2526728835442584,0
561,1.0878666366645071,0
562,0.37026432998730574,0
563,2.6900476060736245,0
564,3.0479413828496273,0
565,1.2556114357605161,0
566,0.3984275934815395,0
567,1.094052367903702,0
568,0.34952440995711404,0
569,1.2947084385660999,0
570,1.4718271642872593,0
571,0.25359444965542155,0
572,1.1826843358142693,0
573,1.772417080441397,0
574,0.7686877428806664,0
575,2.347219470780999,0
576,1.8229619034800923,0
577,1.6971248892169202,0
578,0.407726269710884,0
579,1.3472221554555037,0
580,1.135941275825931,0
581,1.2277426294325786,0
582,1.4729442573206597,0
583,0.7279104186531653,0
584,0.6230942424860006,0
585,0.5136839550811116,0
586,0.3711588649826291,0
587,2.2451135571044745,0
588,0.9644096589785129,0
589,2.6300817044267495,0
590,2.1950419009534925,0
591,0.5720634155824097,0
592,0.6449470700988527,0
593,0.5205652082864927,0
594,0.782866897252062,0
595,0.8037401377923367,0
596,1.2587983290984903,0
597,1.0203251546155836,0
598,0.6411328000351214,0
599,2.7589508108280123,0
600,0.6448168530118978,0
601,0.9100481025941627,0
602,0.9639604148568182,0
603,1.1522659529099832,0
604,0.330573257254161,0
605,0.6604737114810206,0
606,0.8063628866794236,0
607,0.9831361700304704,0
608,1.1089309517974997,0
609,0.2868221222722129,0
610,2.4667370902113914,0
611,1.3798216479749474,0
612,0.36064908349974817,0
613,0.8038476255257642,0
614,1.2535869710739826,0
615,0.6547594823303066,0
616,0.9386623853519775,0
617,1.222661386598651,0
618,0.3808420560114172,0
619,0.5107972818003277,0
620,0.4346368952448556,0
621,0.27244315200595187,0
622,0.872571057283955,0
623,1.1136000433677216,0
624,0.39856330756906316,0
625,0.4256291446817973,0
626,0.565406341786802,0
627,0.23420927128776353,0
628,0.5061944233200133,0
629,1.9137365988869073,0
630,1.4901226147827709,0
631,0.6463926409652587,0
632,1.2116234675596769,0
633,0.3522287829117182,0
634,0.6667337103457733,0
635,0.9564127450800071,0
636,0.38543501069888025,0
637,0.24909300058464992,0
638,4.457395513618703,1
639,0.529376586613167,0
640,0.8600763858253547,0
641,1.6600557282480972,0
642,0.5251222686037553,0
643,2.3895698292813807,0
644,0.8674600860632821,0
645,3.0625954681170855,0
646,1.9284842671198235,0
647,0.3248762507183042,0
648,2.046020119347294,0
649,2.8234842284445083,0
650,0.23842306807777494,0
651,1.3497195806751876,0
652,0.1488928219041202,0
653,2.4777941324954798,0
654,0.29748947660682645,0
655,0.5571703272089322,0
656,1.3810849269514869,0
657,0.41253600015509195,0
658,0.8679253717487755,0
659,1.484107083944566,0
660,1.0403539658569172,0
661,1.1464193243190575,0
662,1.7932697920343363,0
663,0.8400367929590425,0
664,0.9786988759886721,0
665,0.6804076668603998,0
666,1.39148585166295,0
667,0.24379235117745496,0
668,1.3713662502034623,0
669,1.421120171178122,0
670,3.0355986161773822,0
671,0.26425819762147157,0
672,0.9580002298730238,0
673,1.7915127147482877,0
674,0.8077281579610988,0
675,1.41014391783719,0
676,1.6038857828134205,0
677,2.627415320313394,0
678,0.9382574489761029,0
679,2.1405040046416137,0
680,1.0182546227054565,0
681,0.19884424065330725,0
682,1.3097791836833035,0
683,0.9789541941434688,0
684,1.4013965516215672,0
685,3.867513799017331,1
686,1.3389931606635683,0
687,0.800630032586705,0
688,0.8771595341891659,0
689,0.36149487593593527,0
690,2.577463597852607,0
691,1.4958363121597622,0
692,1.4845442900710666,0
693,1.357311168383512,0
694,0.9919475493958816,0
695,0.20301327600380595,0
696,1.0358166614598951,0
697,1.5190366384458232,0
698,2.9640253460155557,0
699,1.7846324266656164,0
700,1.3495383990122756,0
701,0.7992540666020751,0
702,1.4024414990244607,0
703,2.0897808756718192,0
704,2.424634339800572,0
705,0.7016430541145783,0
706,0.8870658078866196,0
707,0.8848427486203769,0
708,0.9579992217686102,0
709,0.41250207323314636,0
710,1.2224534245347785,0
711,0.46194825184069366,0
712,1.9168656403141424,0
713,1.381903932778495,0
714,0.3640280429962463,0
715,0.3659610373949109,0
716,0.44984579562196725,0
717,0.6544973979623003,0
718,0.2966609315094772,0
719,1.1351962673871887,0
720,0.3875188033059495,0
721,0.1915884135766948,0
722,0.6130462088939989,0
723,0.9865681720523305,0
724,1.0264096097955389,0
725,1.091507347059614,0
726,1.3147935696000834,0
727,1.0306996588454371,0
728,3.6766134442040914,1
729,2.200844485070985,0
730,0.3874957548301564,0
731,0.8459651547747197,0
732,1.8207479686251562,0
733,0.34050570824902054,0
734,0.6284089539667466,0
735,1.904524201560302,0
736,0.6545671390211061,0
737,2.9589998805643556,0
738,0.3918328213087315,0
739,1.3703067040152384,0
740,0.552908174116525,0
741,0.8120181404338074,0
742,0.9003905699214513,0
743,1.5731686898030735,0
744,1.128150646593654,0
745,0.8400844281220594,0
746,0.34889924360916924,0
747,1.674485100183705,0
748,0.7908581699387494,0
749,2.7389507784724785,0
750,1.523190583560145,0
751,2.7995680725134915,0
752,1.0410384237329087,0
753,1.529139843759683,0
754,1.2987776416423458,0
755,1.4445259255830267,0
756,1.357436528057238,0
757,1.6122506549568647,0
758,2.209947646203452,0
759,0.18853110090152222,0
760,1.7992909190361206,0
761,1.1155764304916231,0
762,3.6657069178073156,1
763,1.9364137886258106,0
764,0.9491136253518453,0
765,1.4394300694714952,0
766,0.5685068044477725,0
767,1.4773220258867168,0
768,0.8903801465697484,0
769,0.3445744650551478,0
770,1.6056514817480165,0
771,0.686782734418806,0
772,0.2415831810167357,0
773,0.38479760270523505,0
774,1.8800936955421774,0
775,1.1966134315465,0
776,1.410119617907713,0
777,0.8890089926327106,0
778,1.7794923643382525,0
779,2.425532068955355,0
780,1.6097597721163164,0
781,1.8134927531738336,0
782,0.8548405651648702,0
783,0.9253428877465769,0
784,1.421923865925421,0
785,1.70249925855929,0
786,0.6678999290632712,0
787,1.5121559494679888,0
788,0.3910398231236548,0
789,1.1709344280287977,0
790,1.59903548899787,0
791,1.1907067576779788,0
792,1.0223244335586474,0
793,0.9636869536045893,0
794,0.6675432770421793,0
795,0.43694320991269886,0
796,0.20113274794087802,0
797,1.110867876334312,0
798,1.9466293120305451,0
799,0.47924373194055253,0
800,1.1419641021984797,0
801,1.5345646623938096,0
802,1.2366019364999383,0
803,0.8245246738731556,0
804,1.0163246559433956,0
805,2.3870904150457517,0
806,1.660214549623921,0
807,1.5985698664113346,0
808,1.0078506731181827,0
809,2.3881776734687263,0
810,2.252878885723231,0
811,3.713295021491412,1
812,0.8348399634966573,0
813,1.5203443922053428,0
814,1.319210071572452,0
815,1.9000372223656463,0
816,1.2645209195355964,0
817,1.8620460396967247,0
818,0.5924735037204394,0
819,1.0717550538457217,0
820,1.9655399257860786,0
821,0.5976494192992158,0
822,2.381799823378371,0
823,0.1619077897609314,0
824,0.2657069666107958,0
825,1.1379907738041586,0
826,1.352910848959976,0
827,1.2171185893091303,0
828,8.234473320158973,1
829,1.7904561243584984,0
830,1.3252760694482337,0
831,3.008717277769519,0
832,3.0873507644487868,1
833,1.4047819722179298,0
834,0.9168223182046459,0
835,1.1684516286145317,0
836,0.39909356441896815,0
837,0.6077219700314074,0
838,2.012618714817558,0
839,0.7295255775050087,0
840,0.8928580701814189,0
841,0.7175739050330605,0
842,0.764939955021004,0
843,0.9119231258160858,0
844,2.832266726180871,0
845,1.2404928267651159,0
846,2.43671830383277,0
847,2.2188452684142246,0
848,3.3812382686876106,1
849,1.9088175907741074,0
850,3.4231118993799634,1
851,0.8550492387377133,0
852,1.3055885073199147,0
853,0.34403861349592135,0
854,0.5460128356605066,0
855,1.5052180887759556,0
856,0.8250314278342716,0
857,0.8438389852266767,0
858,0.6976153478565619,0
859,0.24641018009558716,0
860,0.515336072006365,0
861,2.39625183118413,0
862,2.6731820300032854,0
863,0.2793634637065894,0
864,0.5021017568297875,0
865,0.30511180888506123,0
866,1.8577786196386732,0
867,2.5787146447470284,0
868,0.4860967911045198,0
869,1.1950433675348886,0
870,1.0898657879109597,0
871,0.396625493519404,0
872,1.2366070302292842,0
873,0.47464546198708024,0
874,0.6178918099967515,0
875,0.5799899629880072,0
876,0.696023497956435,0
877,0.6791449829034181,0
878,0.9922124441511572,0
879,1.5310276111883956,0
880,1.0536069063883382,0
881,0.30835125803576074,0
882,1.2432419607471668,0
883,0.6429949685153553,0
884,0.5637855169676825,0
885,0.32444995638221974,0
886,1.7144500138398229,0
887,0.8964707266665978,0
888,0.6060298449381329,0
889,1.4172500465515128,0
890,0.6225102596263496,0
891,2.0941053347256715,0
892,0.7925670191570007,0
893,1.2997825696088026,0
894,0.7965286636737549,0
895,0.20480502572794698,0
896,2.960665820241466,0
897,1.3202231092549634,0
898,1.8950023340951907,0
899,1.0225727632591137,0
900,1.1283574174858981,0
901,1.1626916928735747,0
902,1.276099990528686,0
903,1.8509732740652527,0
904,1.779998658392791,0
905,2.2668930655248998,0
906,2.171343108356601,0
907,0.4388348998575646,0
908,0.34590981308738006,0
909,3.3220050953430444,1
910,1.4352937877883396,0
911,4.626498485567235,1
912,0.6115904822061735,0
913,1.138080073901199,0
914,0.6349452626055904,0
915,0.32858052081319705,0
916,1.000695159309394,0
917,0.40376109207355276,0
918,2.734337213871484,0
919,0.6086106127248168,0
920,1.0057459800085178,0
921,0.6950829966717934,0
922,0.8186373255682607,0
923,1.2449051269342846,0
924,0.31318709002837947,0
925,2.3450631998997253,0
926,0.38867285731735535,0
927,0.26695087471934575,0
928,1.9379096301220342,0
929,0.41286967709301253,0
930,0.6503941421944361,0
931,3.397720483735537,1
932,1.5271585617987327,0
933,1.2906427099632702,0
934,0.309589265246966,0
935,0.7739360049779423,0
936,0.5537106220881589,0
937,2.8191317548292787,0
938,1.0719451098939423,0
939,0.9595678475174861,0
940,0.5508897051598464,0
941,0.5820355520129745,0
942,0.9071813509897765,0
943,2.1114739155371187,0
944,0.44090740439370035,0
945,1.1380372849048852,0
946,0.7335400954434133,0
947,0.571723844974984,0
948,4.467275597885398,1
949,1.8281536855408427,0
950,1.7614966662538079,0
951,0.3743967809362355,0
952,4.006022544807724,1
953,1.0373999508476242,0
954,2.6067646938047067,0
955,2.34269723184286,0
956,2.1466638562763323,0
957,1.298328191279083,0
958,2.065085046857816,0
959,1.5598817002640206,0
960,2.551013919509115,0
961,1.17759588422425,0
962,0.5137477661829336,0
963,0.8355771578168287,0
964,1.0094257829656157,0
965,1.9196636850666382,0
966,1.2923704577951507,0
967,0.8020132668548564,0
968,1.039546011517121,0
969,2.0475269260025026,0
970,2.1095641769185898,0
971,0.5499214884003536,0
972,1.3819366028686189,0
973,1.8240180684490856,0
974,0.8858613199927503,0
975,0.399245894357186,0
976,0.9156203941419502,0
977,1.9904589823653809,0
978,0.5673031264414993,0
979,2.10900618349264,0
980,0.23588906168590423,0
981,2.2678061262774163,0
982,3.3999741841144826,1
983,0.5005917948019957,0
984,1.2381029026138812,0
985,1.7678748926553165,0
986,3.4828655802649124,1
987,0.8627406417693239,0
988,5.303501457034145,1
989,1.62859221974646,0
990,2.729052964723981,0
991,1.8665161189931752,0
992,0.32379162578416937,0
993,2.59588543787812,0
994,0.374286466451147,0
995,2.6730649858834425,0
996,1.7580354190756775,0
997,0.38960782575152664,0
998,1.2198605849498165,0
999,1.572429565935573,0
1000,2.821426954132506,0
1001,2.560619233493415,0
1002,0.32819678662120216,0
1003,0.5653936129739919,0
1004,0.8225607620871362,0
1005,0.3579931980236005,0
1006,1.0917921352838207,0
1007,0.5759113519958763,0
1008,2.154909664675314,0
1009,1.1384968313885941,0
1010,1.7889481090260686,0
1011,2.2548983020415156,0
1012,2.188613572105906,0
1013,0.4941247211258304,0
1014,2.1990954154641877,0
1015,0.7320886326303401,0
1016,1.2477964874172698,0
1017,1.7532951903165381,0
1018,1.2468356906155302,0
1019,1.8205882770857016,0
1020,1.7787213466942708,0
1021,2.1028417637403702,0
1022,2.906717759397352,0
1023,0.9227169209911914,0
1024,0.6857251828904383,0
1025,1.4702722555303396,0
1026,1.4561435916577472,0
1027,3.667441639521255,1
1028,2.9101315897054176,0
1029,2.4983742403641718,0
1030,3.1601166178462696,1
1031,0.30749623570268036,0
1032,0.760318518554896,0
1033,0.4807636974878359,0
1034,1.9419165851141427,0
1035,1.4971674040860596,0
1036,1.939324434696161,0
1037,1.1470018375449889,0
1038,0.3765225100678524,0
1039,1.5649426437361056,0
1040,0.9441864472623506,0
1041,2.5415836499403275,0
1042,0.4069532057131019,0
1043,0.6120033042105092,0
1044,0.6960870430724575,0
1045,0.27321606825921985,0
1046,1.9775488652071194,0
1047,1.5672247812609592,0
1048,0.43488897389102893,0
1049,1.1526966463242003,0
1050,1.832844009975402,0
1051,4.643897185250264,1
1052,2.0873211639955653,0
1053,0.6849765776718646,0
1054,2.0630241073778293,0
1055,0.2368454595771429,0
1056,1.2101800389887536,0
1057,0.26285053398101843,0
1058,1.447083229321845,0
1059,1.792421789808228,0
1060,0.8012940487782901,0
1061,0.44272894123957013,0
1062,1.4460859151705496,0
1063,2.612231714297661,0
1064,0.8915271857165776,0
1065,3.531146215175141,1
1066,0.7786742390373906,0
1067,0.9727384006764024,0
1068,1.2818535475586903,0
1069,1.481058314466218,0
1070,1.0175552732809796,0
1071,2.286748742971515,0
1072,2.189370075245874,0
1073,9.1562579726344,1
1074,1.2720637845745069,0
1075,2.5427827689449574,0
1076,1.4600331010779573,0
1077,3.4527460147591613,1
1078,0.5115974091530797,0
1079,1.581423603088311,0
1080,0.706031320292071,0
1081,0.8319984816980744,0
1082,0.4829695180724098,0
1083,0.5823817710369125,0
1084,0.7276841102120915,0
1085,1.155659851368548,0
1086,1.5004637181348452,0
1087,1.1673357005166947,0
1088,0.3195838330734832,0
1089,1.2092957874897288,0
1090,0.34919164977146,0
1091,0.7678295887981471,0
1092,2.0598423020820302,0
1093,0.3717580998288135,0
1094,1.4411725853404953,0
1095,2.135997726785425,0
1096,1.3384680196428047,0
1097,0.9486090263151818,0
1098,1.184834175339277,0
1099,0.7010361233529584,0
1100,2.0330042704456868,0
1101,1.2502404258499722,0
1102,2.057397830840471,0
1103,1.0400283123250214,0
1104,1.2853724545273837,0
1105,2.398478975962332,0
1106,0.2755496071704348,0
1107,0.3569875339126467,0
1108,0.6272557481144048,0
1109,0.7191489173723409,0
1110,1.2507026330221505,0
1111,0.44271409315531635,0
1112,0.4735411260445575,0
1113,2.0701439801344046,0
1114,0.5847171276078933,0
1115,1.3464708696713181,0
1116,0.7728576106606552,0
1117,1.640048471779965,0
1118,0.812875143998758,0
1119,0.9542935203117475,0
1120,1.5612187882238122,0
1121,1.6233082422885112,0
1122,1.7822162844125804,0
1123,0.8971834386755652,0
1124,1.84237128270579,0
1125,0.8002413290033307,0
1126,2.504885185128408,0
1127,1.1899354932403245,0
1128,0.16885298392774076,0
1129,1.0387012227591663,0
1130,1.040444106026263,0
1131,1.118832593923466,0
1132,4.2920563897341335,1
1133,1.2462351601747037,0
1134,0.6295215452096006,0
1135,1.0397995863433307,0
1136,1.4917465844853852,0
1137,0.24595123231121852,0
1138,1.5014164310266098,0
1139,1.1501852154851708,0
1140,1.4129768833157634,0
1141,1.4433251531314724,0
1142,1.241173740383179,0
1143,1.212932775636219,0
1144,2.271994231697323,0
1145,1.9184593820862583,0
1146,2.0569926994595793,0
1147,2.7461413426533183,0
1148,1.4676016126961948,0
1149,1.5736947972099231,0
1150,0.6989821200386205,0
1151,2.0382726224242385,0
1152,1.291771187248559,0
1153,1.0604797463666455,0
1154,1.6317231375299377,0
1155,0.8830230841448364,0
1156,1.4098650553962577,0
1157,1.438072004544401,0
1158,1.249813111235695,0
1159,1.2234310501493864,0
1160,1.2194812637049486,0
1161,0.4174316523714284,0
1162,1.9652070436654305,0
1163,1.4291843328806733,0
1164,0.34220095328994315,0
1165,3.1015040213703666,1
1166,1.3199108560238555,0
1167,0.6131753467145493,0
1168,1.0837514245096065,0
1169,0.5082097298953877,0
1170,0.8026824083437413,0
1171,1.4128414333016397,0
1172,2.37706373574695,0
1173,0.24277591296029294,0
1174,1.966350676647084,0
1175,1.263132370088233,0
1176,0.27459864590232713,0
1177,0.4850086493600925,0
1178,0.4652341449185147,0
1179,0.30177327730462644,0
1180,1.2282772969223392,0
1181,2.386645489571906,0
1182,1.6235654016624943,0
1183,0.6968514484410518,0
1184,1.782494313291666,0
1185,0.7143424967236273,0
1186,1.2109567600632556,0
1187,1.012140261286495,0
1188,1.7453681098990776,0
1189,0.7587975660435211,0
1190,1.1086325948893878,0
1191,0.7400968045434794,0
1192,0.5687382384131829,0
1193,3.148405618612004,1
1194,1.1357302555667483,0
1195,0.31264885215077387,0
1196,0.528758083648066,0
1197,1.5236793499267225,0
1198,1.4115140711995016,0
1199,1.2412641441017207,0
1200,2.2642833351485794,0
1201,0.3872432256919692,0
1202,1.574562073385597,0
1203,2.244832832762668,0
1204,0.864471823285997,0
1205,1.3540576189113835,0
1206,0.6482604484644697,0
1207,1.8320842684087701,0
1208,0.8173315923085333,0
1209,1.7406726105965782,0
1210,2.2224875096455134,0
1211,0.4686809140693249,0
1212,1.6632429481249293,0
1213,0.5107281636953431,0
1214,1.2074819150565117,0
1215,1.096399975513277,0
1216,3.128384457316521,1
1217,2.111352921230239,0
1218,0.25865705404290806,0
1219,1.0078590809321626,0
1220,1.4240994935118172,0
1221,1.0961516460921248,0
1222,1.2716581914865204,0
1223,0.459869480024115,0
1224,1.0890445405466378,0
1225,1.271914866341427,0
1226,0.805968878605647,0
1227,3.466762213228373,1
1228,0.7611964876217954,0
1229,0.47478713399961003,0
1230,0.2594478980947494,0
1231,3.9666936326405136,1
1232,1.550898325471611,0
1233,0.7548709676750758,0
1234,2.9136309746827207,0
1235,0.5422572013174096,0
1236,2.614596272050549,0
1237,1.057682118771847,0
1238,1.0890469444321094,0
1239,0.992286544509426,0
1240,1.0710414124940246,0
1241,1.6920311622693625,0
1242,0.3339467525700748,0
1243,3.9032460400816364,1
1244,0.31931857552853427,0
1245,1.3193069863153915,0
1246,2.12208018087795,0
1247,0.9219423631770148,0
1248,2.36606696454953,0
1249,3.4177706116287747,1
1250,2.606555093472632,0
1251,1.6888127201120398,0
1252,0.29680928814287577,0
1253,0.3815468126765103,0
1254,3.3228519614387375,1
1255,1.5015987591098203,0
1256,0.39057269015922647,0
1257,1.1832519597540372,0
1258,0.27012742778946364,0
1259,1.0305923535436707,0
1260,0.6376083842649859,0
1261,7.251138005219228,1
1262,0.36816160014558813,0
1263,1.311551127205515,0
1264,0.5896857566031085,0
1265,0.8934784914163341,0
1266,0.8734029449293861,0
1267,0.9525341247530827,0
1268,2.0024663771362823,0
1269,1.2202941575654678,0
1270,0.5223145956840697,0
1271,1.7951585660725085,0
1272,2.138953862046468,0
1273,0.8457124420595762,0
1274,0.6990393791696958,0
1275,0.4683371201928034,0
1276,1.193001859765396,0
1277,1.1872699753671077,0
1278,0.4907596199303426,0
1279,0.5541024980213521,0
1280,0.6461438001000332,0
1281,0.9469689191517942,0
1282,3.9519663052775997,1
1283,0.7869979439057214,0
1284,1.2217584342865204,0
1285,2.5978120554947117,0
1286,1.9567416763168959,0
1287,2.5269268475000874,0
1288,1.220966408651423,0
1289,0.5784448823252641,0
1290,1.5542437993576073,0
1291,0.3267537057405759,0
1292,2.1183141275182935,0
1293,2.057520075691243,0
1294,2.2125779417379885,0
1295,0.9251744989916267,0
1296,0.9199408811331159,0
1297,1.3012081037469803,0
1298,0.2895278618604466,0
1299,1.5935965485051284,0
1300,1.6464966041803222,0
1301,1.163511244130268,0
1302,1.19331221929717,0
1303,1.5838365229189244,0
1304,0.16358471979523256,0
1305,3.4173494719218733,1
1306,0.5868454006959102,0
1307,0.7896803542401042,0
1308,0.6871866205052869,0
1309,1.1297540151527186,0
1310,1.6779504616733434,0
1311,1.7204357704641997,0
1312,0.6485138482961744,0
1313,0.9904951827914948,0
1314,2.0126118873967545,0
1315,1.844665852244641,0
1316,3.9486342037857307,1
1317,0.5316980668948348,0
1318,1.2245377770972672,0
1319,2.0248114086168685,0
1320,2.0947625182673804,0
1321,0.560114098335372,0
1322,1.4622726630291056,0
1323,1.4629128882954665,0
1324,0.4563002948715295,0
1325,1.6373789090743094,0
1326,0.7582694103445301,0
1327,1.3479121774463312,0
1328,0.6464597961150255,0
1329,1.436115155011113,0
1330,0.2963558581649179,0
1331,0.45704068719275065,0
1332,0.3473775432540556,0
1333,1.111092796774991,0
1334,1.6685857402074977,0
1335,0.6369649378840669,0
1336,0.9274284636417099,0
1337,1.8376898349459625,0
1338,0.9375192911017829,0
1339,0.8420150941155717,0
1340,2.2885749714025057,0
1341,0.6474443253474377,0
1342,0.441289570453148,0
1343,1.0488201795983323,0
1344,0.7988496942796927,0
1345,1.0463128123277576,0
1346,0.8427542278289868,0
1347,2.340609026960777,0
1348,0.7581552813074947,0
1349,1.293538717033204,0
1350,0.3945988859396958,0
1351,0.8655968069063461,0
1352,0.5673281914929864,0
1353,0.8019455132343984,0
1354,0.6362435767407317,0
1355,0.40755759764756444,0
1356,0.2912162298132409,0
1357,1.0795513670843302,0
1358,2.7449765210125032,0
1359,2.7885284990988928,0
1360,1.2919414043296593,0
1361,0.7914141842964979,0
1362,2.6529418431986405,0
1363,0.8852512773554392,0
1364,1.4408209493331714,0
1365,0.941683066079087,0
1366,1.5025579136209164,0
1367,0.4849540161558446,0
1368,1.345916890676529,0
1369,2.178350470230945,0
1370,1.1324013977648801,0
1371,0.7765243582347814,0
1372,3.2230209379499346,1
1373,0.806228083769861,0
1374,1.5607208682663907,0
1375,2.673613568248787,0
1376,1.0024224280006129,0
1377,0.7594272824729629,0
1378,1.3788287806841175,0
1379,1.4150244626182995,0
1380,1.3551316755253278,0
1381,1.5319329574971203,0
1382,0.8630392268281535,0
1383,5.247366680094313,1
1384,1.6095706227678082,0
1385,1.5555814316400256,0
1386,9.271626414635447,1
1387,1.38124009504531,0
1388,2.675573418405002,0
1389,1.4334640204190126,0
1390,1.7210476870645541,0
1391,3.091939097575171,1
1392,0.5440648771455234,0
1393,0.15467509479335673,0
1394,1.548277625915822,0
1395,1.4065118171426567,0
1396,1.2636917648882122,0
1397,1.2721631811798981,0
1398,0.9650219570205214,0
1399,0.6404001004016588,0
1400,0.560351295746438,0
1401,0.8894825948259485,0
1402,0.3438449231604936,0
1403,3.0261848791429236,0
1404,0.6409784872235231,0
1405,1.3381599768030616,0
1406,0.45244989003202335,0
1407,0.6343760633865366,0
1408,0.6483991968638797,0
1409,0.5823723754287272,0
1410,0.5818454973230603,0
1411,1.3814372358236677,0
1412,0.7207966487209255,0
1413,1.1660384062971192,0
1414,2.3876295585861476,0
1415,0.35588161816712655,0
1416,1.1445912697060947,0
1417,2.4362900555070253,0
1418,0.37418722238191193,0
1419,1.570540445427683,0
1420,2.439174973161644,0
1421,1.0682015441290669,0
1422,0.79256136255941,0
1423,1.0407064044139305,0
1424,0.9900432199463083,0
1425,0.8687634788516765,0
1426,0.563079639645715,0
1427,1.3872923275762759,0
1428,1.1919114440610856,0
1429,0.8235947967608975,0
1430,0.6966629489474717,0
1431,0.6248154693696714,0
1432,1.6329580142374138,0
1433,0.49217222025558,0
1434,1.3316061159730046,0
1435,0.7912415453751205,0
1436,1.2295895174889013,0
1437,0.9127466681431678,0
1438,1.2758271823390817,0
1439,0.6801439674695423,0
1440,1.1252253665082634,0
1441,0.5857673383285947,0
1442,0.628441199846655,0
1443,2.117521595370935,0
1444,1.7108870361932442,0
1445,1.1140387090418036,0
1446,0.8571522132855269,0
1447,1.861069320985986,0
1448,0.3189849539449624,0
1449,1.2200162015806069,0
1450,0.30292354193018006,0
1451,0.43662826441597935,0
1452,1.0041437432773326,0
1453,1.036677359370435,0
1454,0.2705715456024131,0
1455,1.1130486262398775,0
1456,0.7795165980139037,0
1457,2.653125796021104,0
1458,1.1220821269660013,0
1459,0.23127556117917056,0
1460,1.6730934240159991,0
1461,1.4403053259113008,0
1462,0.48952449870243425,0
1463,2.7985544680643923,0
1464,0.8417832874219938,0
1465,0.5064270906480635,0
1466,0.43276875616795524,0
1467,0.7927158276087549,0
1468,0.8510639789299755,0
1469,0.9761287311168403,0
1470,0.7338143717227884,0
1471,1.4336367222865447,0
1472,3.195089603605535,1
1473,0.7777650574245745,0
1474,0.7156893872504967,0
1475,2.849703571810106,0
1476,1.2543071706481335,0
1477,0.3884698667651598,0
1478,2.1895899106823866,0
1479,1.247031081607511,0
1480,3.3791734070877615,1
1481,0.9305494063455794,0
1482,0.8096211910080094,0
1483,0.6432683581685146,0
1484,0.5337991159097875,0
1485,2.9183645155435576,0
1486,0.9604017776416867,0
1487,0.9117428037461424,0
1488,1.5612731177775296,0
1489,0.8147961390266671,0
1490,1.2602725614491488,0
1491,1.6727892527436448,0
1492,1.5690335407753138,0
1493,1.5155801167382246,0
1494,2.0980544580268954,0
1495,4.1382225532554475,1
1496,3.098623285971873,1
1497,0.9300151434680596,0
1498,1.3397925741587648,0
1499,1.6637571520078738,0
1500,0.6380592111608547,0
1501,0.5186388193847062,0
1502,0.49328647339238185,0
1503,1.5998516399019913,0
1504,0.6980389266740091,0
1505,1.7970326804635344,0
1506,0.233026753614386,0
1507,2.5080275814104476,0
1508,5.400064620209344,1
1509,1.8014042581485734,0
1510,0.5831655874362265,0
1511,1.1659364562362995,0
1512,1.245626073500492,0
1513,1.1397168777561992,0
1514,0.15232018397977734,0
1515,1.1851849113515012,0
1516,2.1709600479026676,0
1517,2.0502285182341,0
1518,2.8660986700966435,0
1519,1.2036705663680194,0
1520,3.448218748937312,1
1521,2.5094829832692707,0
1522,0.364657338333989,0
1523,0.5615496004002078,0
1524,1.0705446944919794,0
1525,1.635648653646393,0
1526,0.45621793379943176,0
1527,0.4019011092389346,0
1528,0.6278966917221924,0
1529,0.9040171562931469,0
1530,0.29476532565534364,0
1531,1.7900386391549568,0
1532,1.7858488988087216,0
1533,0.48816541587565665,0
1534,0.2850480763855366,0
1535,1.8486438222236599,0
1536,2.138658176420752,0
1537,2.312995623568388,0
1538,0.6220481659102487,0
1539,1.9431937129648469,0
1540,0.4076882787361129,0
1541,0.8601060385117222,0
1542,0.8065204480679186,0
1543,1.2802012033060497,0
1544,1.2691360752288028,0
1545,0.5084209746455148,0
1546,1.9493232022739944,0
1547,0.5556134522682368,0
1548,2.1424389528070145,0
1549,0.3846245837336953,0
1550,0.8550634140896576,0
1551,0.5906500113631344,0
1552,0.893085027721362,0
1553,1.398149887057954,0
1554,1.2133808933344714,0
1555,2.6664858002211607,0
1556,0.4741784258608787,0
1557,0.7625896433914207,0
1558,0.9452733665140224,0
1559,1.5729368601975802,0
1560,0.330953690003938,0
1561,1.7863490290952633,0
1562,0.7532457594944401,0
1563,1.7371507498761176,0
1564,2.5300948975235347,0
1565,0.3915399712046898,0
1566,0.6772975602615734,0
1567,0.546996313483434,0
1568,1.5554822160705204,0
1569,1.2717827846178311,0
1570,1.1898004836999427,0
1571,1.6981091733117921,0
1572,0.9805273691271771,0
1573,0.6475095292783162,0
1574,1.9078066322550067,0
1575,1.269332730598533,0
1576,0.7127285392714454,0
1577,0.5450644901807455,0
1578,0.8931604921899565,0
1579,0.4519268686347994,0
1580,2.304141590772797,0
1581,1.1516777537983194,0
1582,0.5325418733902019,0
1583,2.6236644208037765,0
1584,0.4438185407555271,0
1585,1.2596959841837405,0
1586,3.382466237129743,1
1587,1.078868287964643,0
1588,1.1262542049185575,0
1589,1.922928449700653,0
1590,0.379311965460529,0
1591,1.146553322421803,0
1592,0.643354560483025,0
1593,1.6995236442798987,0
1594,1.3565845197663828,0
1595,4.721599566105357,1
1596,1.527885006348121,0
1597,1.0672273908092123,0
1598,1.1435783217187656,0
1599,0.6663515363868544,0
1600,0.3961357690062559,0
1601,0.22766160945426042,0
1602,1.6901195261975281,0
1603,0.3784836743756215,0
1604,0.5559108732822333,0
1605,1.4692290704411175,0
1606,2.124017572888987,0
1607,2.164837643028166,0
1608,2.1515740374270425,0
1609,1.5881267569622441,0
1610,0.5335395915578488,0
1611,1.7312537219181388,0
1612,1.734447700025285,0
1613,0.3989339180473326,0
1614,2.30791281055742,0
1615,0.5740264321112175,0
1616,1.9398281690750596,0
1617,0.5984325351513253,0
1618,2.990588598054413,0
1619,1.8731133531806605,0
1620,1.2991964145559691,0
1621,0.7668669220360679,0
1622,0.2227097003381012,0
1623,1.677794891810781,0
1624,0.7892831460408273,0
1625,1.7577745572325953,0
1626,1.281324763293372,0
1627,0.5273959205806464,0
1628,1.1378862308181898,0
1629,1.2708676834823982,0
1630,0.9781736163544884,0
1631,1.9575485481509844,0
1632,0.9236409873681128,0
1633,0.6681748361642794,0
1634,2.4500194769035994,0
1635,0.4471795799155341,0
1636,0.4733700407236545,0
1637,1.3529294872996322,0
1638,1.643167923227806,0
1639,0.5792633014725667,0
1640,0.4011165746664404,0
1641,0.7634607150134317,0
1642,0.33453090173330796,0
1643,0.715749228413111,0
1644,2.850412726093074,0
1645,0.577849449177797,0
1646,0.6463481462075937,0
1647,3.141419238866501,1
1648,0.4928692945485052,0
1649,0.6661044902324552,0
1650,2.8871029370819374,0
1651,0.6327339382083834,0
1652,1.360163064811055,0
1653,0.4596485963608376,0
1654,0.33778115584763013,0
1655,1.3385186327879393,0
1656,1.0616330897126014,0
1657,0.3386400385129265,0
1658,1.0525621922399426,0
1659,1.1156190961944885,0
1660,1.3263909076183948,0
1661,0.6208132931708857,0
1662,2.3940973545230353,0
1663,0.9473695064981478,0
1664,1.1351379947695066,0
1665,1.2763100985079345,0
1666,0.5752859012397444,0
1667,1.7880141320645355,0
1668,0.5334880616846994,0
1669,1.6856236793535326,0
1670,0.3945745727584214,0
1671,1.934467494282766,0
1672,3.1874876446326876,1
1673,0.22613669016325486,0
1674,0.9159641809146233,0
1675,1.0206180773343259,0
1676,0.6494214722261058,0
1677,1.3570979528568758,0
1678,3.431044035141409,1
1679,0.1612103870041771,0
1680,2.968916291331387,0
1681,0.9375238924799432,0
1682,0.7597263055339981,0
1683,0.9238196163736874,0
1684,0.45446893748236633,0
1685,0.8642352036594374,0
1686,0.7720856892516378,0
1687,0.38992305811319006,0
1688,0.5087611873359393,0
1689,2.074159161290998,0
1690,2.7649767376927143,0
1691,1.00636372583759,0
1692,0.19397200268724651,0
1693,1.0849420801812488,0
1694,1.0678084981907496,0
1695,0.9048025367552175,0
1696,0.873968070998363,0
1697,0.46680605907020284,0
1698,1.521505831032883,0
1699,1.253879610634138,0
1700,1.8014804093812165,0
1701,0.6319608374632218,0
1702,2.383037997841268,0
1703,3.749508300583728,1
1704,0.3234266531117081,0
1705,1.8034759417627666,0
1706,1.191292475890483,0
1707,2.352936625960889,0
1708,1.0354605454520607,0
1709,1.1782568444330497,0
1710,1.177698660879511,0
1711,1.4534835027840287,0
1712,2.623301141498137,0
1713,1.1997922714659386,0
1714,0.8577452150949519,0
1715,0.31526572029402467,0
1716,1.540779558711629,0
1717,0.6766053629704233,0
1718,1.4868960316405455,0
1719,1.1667161974375277,0
1720,0.6432435098061408,0
1721,1.4568120198980166,0
1722,1.1607066010777307,0
1723,1.4724071253049413,0
1724,1.4128517118193678,0
1725,1.0721852116717565,0
1726,1.044835315574398,0
1727,1.5569419081414324,0
1728,1.355503356113921,0
1729,1.0664178182313961,0
1730,0.47821163888313045,0
1731,2.7927671100644043,0
1732,1.0809771802919532,0
1733,0.744069462962823,0
1734,0.42492611697010046,0
1735,1.2649264874161779,0
1736,0.6877197764351443,0
1737,2.5022060723060515,0
1738,0.14480745465856293,0
1739,2.266763320362563,0
1740,3.7823924416700123,1
1741,0.47746122546784187,0
1742,0.29005242887737237,0
1743,1.6091152020332402,0
1744,0.8267019970334932,0
1745,0.4242184903859189,0
1746,0.3051539245474804,0
1747,2.087555756437938,0
1748,1.9151361349291909,0
1749,0.35220931624944035,0
1750,1.6327369697558154,0
1751,1.6225683296329738,0
1752,3.3152574428503128,1
1753,1.4301709133503835,0
1754,0.24031436077993198,0
1755,0.8057069567788744,0
1756,0.6071298688553206,0
1757,0.21465854367799478,0
1758,0.3265086777289741,0
1759,0.35757250645224103,0
1760,2.282396615165213,0
1761,2.2587917986004173,0
1762,0.5910737928206804,0
1763,1.307486728300185,0
1764,0.8293526031844561,0
1765,0.271454909790908,0
1766,0.7808852539772645,0
1767,0.38921235826493655,0
1768,0.7256281332712005,0
1769,0.5781390325368493,0
1770,1.1376388304365361,0
1771,0.45102434332591096,0
1772,1.5047301988800497,0
1773,1.3905431330571618,0
1774,0.2464012640425378,0
1775,0.5959593507965971,0
1776,1.5952784309907102,0
1777,0.4618144241706431,0
1778,0.38638525763869896,0
1779,0.6200536570473161,0
1780,0.9816239124381384,0
1781,0.32159636138967446,0
1782,1.8289488494723267,0
1783,1.4823413441915751,0
1784,1.8636562901975264,0
1785,1.060760910134867,0
1786,1.2535054673346837,0
1787,2.6280910818625762,0
1788,0.9171108262587262,0
1789,0.6973969883859701,0
1790,2.226207797525011,0
1791,0.6331386110332802,0
1792,0.8562144606731124,0
1793,0.9833259533151852,0
1794,0.7194569655145212,0
1795,0.5244304744819746,0
1796,0.9714003879248788,0
1797,0.7577711869240569,0
1798,1.8582234023456328,0
1799,1.1434144333369338,0
1800,0.25445304505604677,0
1801,0.6248251476888798,0
1802,0.8665276362461211,0
1803,0.5684244840186939,0
1804,0.8286631042703768,0
1805,3.591096483406291,1
1806,1.104682843133742,0
1807,0.38347318564096045,0
1808,0.6548056317474558,0
1809,6.625529101894914,1
1810,1.2958873488056135,0
1811,0.43674371173755416,0
1812,0.8173232814967529,0
1813,1.6799013528055295,0
1814,0.5011673249956781,0
1815,1.66450886757822,0
1816,0.9268953312507481,0
1817,0.3562137970165236,0
1818,5.807979356106324,1
1819,1.6290282347319665,0
1820,1.015309757464452,0
1821,0.4666398613400749,0
1822,2.0625638247344122,0
1823,2.6855388081989497,0
1824,2.415322777305309,0
1825,4.446126774679342,1
1826,3.073384480133356,1
1827,0.5517753303826444,0
1828,2.3793443936939975,0
1829,0.9436734029811206,0
1830,1.182740349215917,0
1831,6.753689717908086,1
1832,1.9255738139284335,0
1833,1.351253409825986,0
1834,0.8820988427303285,0
1835,0.9129263729401386,0
1836,0.23157979521864375,0
1837,1.7735104718466381,0
1838,0.702388500526099,0
1839,1.9612250392496549,0
1840,0.34671249892573874,0
1841,0.9813087625177616,0
1842,0.5837233308877744,0
1843,2.014778220980242,0
1844,0.8478085532729721,0
1845,2.467248561913839,0
1846,0.9869411125799199,0
1847,0.953424553764998,0
1848,0.6857571868131083,0
1849,1.3595567019955668,0
1850,1.1694346180754422,0
1851,1.415077016319782,0
1852,0.7054727058026871,0
1853,0.8159687077295026,0
1854,0.9275237168489471,0
1855,1.2253929961738614,0
1856,0.8004745934341526,0
1857,0.8295268980442129,0
1858,0.6333967010073742,0
1859,1.499087938546841,0
1860,1.1186303647238096,0
1861,2.8721411941259927,0
1862,1.892777312271522,0
1863,0.2921536656416062,0
1864,1.4320598145364076,0
1865,1.4929945824552986,0
1866,0.2782055617251455,0
1867,0.9338128655799393,0
1868,1.7075369026446547,0
1869,0.617301890488965,0
1870,1.6543463935027858,0
1871,0.2753781886608394,0
1872,3.190720372804058,1
1873,0.287858132566254,0
1874,0.3466782050931769,0
1875,3.4339190595952904,1
1876,0.3961662093782437,0
1877,1.60975380494844,0
1878,1.4165353555746845,0
1879,0.8636791108018337,0
1880,0.5207768507509488,0
1881,1.1588701796681868,0
1882,0.4138664518742285,0
1883,1.4142065886331396,0
1884,0.22453434889081436,0
1885,0.7285916080593153,0
1886,1.2784615668960295,0
1887,1.272614648061476,0
1888,1.127162405417086,0
1889,1.377765550120563,0
1890,1.4239829808819284,0
1891,2.956553715175045,0
1892,0.930747456826883,0
1893,1.2832372179992715,0
1894,4.139007887110785,1
1895,1.9133261859958006,0
1896,0.5634907374876126,0
1897,3.9179860126784956,1
1898,1.0422828719230073,0
1899,0.4772497582693089,0
1900,0.3120363418001357,0
1901,1.0918844296941357,0
1902,0.9182031955932078,0
1903,0.5962094834705812,0
1904,6.263584570993014,1
1905,4.278358786561037,1
1906,1.2723142480277059,0
1907,0.5791591952187325,0
1908,1.3455541868455088,0
1909,0.26167210472565744,0
1910,0.47917597236779585,0
1911,0.6350895654482154,0
1912,1.4791902598734576,0
1913,3.7921580218423143,1
1914,1.0585549416776319,0
1915,0.9798296346403622,0
1916,0.8424723110044238,0
1917,0.7550566627016305,0
1918,0.5595172037901466,0
1919,0.9953186349520045,0
1920,2.643843677068865,0
1921,0.3159525768104498,0
1922,0.8866726536904085,0
1923,0.8203418630177928,0
1924,0.8061075344138525,0
1925,1.4030671028385686,0
1926,0.4990741270268259,0
1927,0.4509104771629933,0
1928,0.27830479378443557,0
1929,1.4342062848191628,0
1930,1.212182380368771,0
1931,1.6063936036158828,0
1932,0.9864538678636076,0
1933,0.8486611044555947,0
1934,1.5847499827984632,0
1935,2.1220079079342655,0
1936,2.2511671935745596,0
1937,1.2387200761856678,0
1938,0.8685475542631446,0
1939,1.0646745290007908,0
1940,0.7010192781885505,0
1941,0.8134386888675936,0
1942,0.7050148192085354,0
1943,2.9742464700317948,0
1944,2.7954285023942487,0
1945,0.5921240798903674,0
1946,0.9264741183298939,0
1947,5.2820396423315294,1
1948,1.0032559812369475,0
1949,0.585073430069637,0
1950,2.335324063090101,0
1951,0.7125904902907441,0
1952,1.5407342608533525,0
1953,1.1378557357321617,0
1954,1.258129281536128,0
1955,1.0484911745063181,0
1956,1.3626218813135447,0
1957,0.7432886169425379,0
1958,0.4933926767929561,0
1959,0.46039342267463645,0
1960,1.4006015998949577,0
1961,2.5447465669989167,0
1962,0.48068997515352374,0
1963,0.8757828323077544,0
1964,0.29711823454350417,0
1965,0.9683681848183517,0
1966,2.4718971578994866,0
1967,1.6322140127027718,0
1968,1.0572094994985481,0
1969,0.3869236923954554,0
1970,1.6311104430108172,0
1971,0.5488669703299366,0
1972,0.7922117309015252,0
1973,0.4347506518786404,0
1974,0.4018609111841326,0
1975,1.4297978062284906,0
1976,1.249610961401938,0
1977,1.6768364787868208,0
1978,1.6572775274094884,0
1979,1.331270919874441,0
1980,0.29711823454350417,0
1981,1.4336749781844098,0
1982,0.9965610307186903,0
1983,0.6384456175657952,0
1984,0.5369573054769954,0
1985,2.217750234194918,0
1986,0.8480654058413973,0
1987,1.092275838131678,0
1988,1.3662642104518594,0
1989,0.578003254642427,0
1990,1.2447864255986758,0
1991,2.121631730139703,0
1992,7.669511674695769,1
1993,1.189397786357972,0
1994,1.4468332934105825,0
1995,1.7467060268209382,0
1996,0.23315571604950575,0
1997,1.369816045281752,0
1998,1.278860542150778,0
1999,1.0791596179252658,0
2000,0.14214247093771895,0
2001,1.536261929296796,0
2002,0.5945292839831535,0
2003,0.7456521361826153,0
2004,0.7266046467904544,0
2005,0.7599160476310012,0
2006,0.3849471708505056,0
2007,1.9317965281827567,0
2008,0.7752972032429368,0
2009,0.6193369948598695,0
2010,0.7792002590619774,0
2011,1.995993851662232,0
2012,1.752596656314293,0
2013,1.7526792952188808,0
2014,0.3623632082305338,0
2015,1.3936769354784082,0
2016,0.5667851520096835,0
2017,0.6254793010099122,0
2018,0.4793436217706825,0
2019,0.9310944373960179,0
2020,0.48098261359830285,0
2021,0.6081994420785073,0
2022,1.620249187493289,0
2023,3.4711917542133017,1
2024,0.7056780573729905,0
2025,0.7515800295047789,0
2026,0.494160482440064,0
2027,3.080987105651138,1
2028,0.8469976900251488,0
2029,0.8080801940687307,0
2030,2.424236440776796,0
2031,1.3939796266374154,0
2032,3.0241622211042536,0
2033,1.5438116314117438,0
2034,0.4244821660746922,0
2035,0.38153880777844673,0
2036,0.5809564410826609,0
2037,0.530929832161691,0
2038,1.0618728171140401,0
2039,2.6784324098306,0
2040,0.19816885051752856,0
2041,0.4025003035233474,0
2042,2.3804379235811326,0
2043,0.24001309138657845,0
2044,0.8863240993387824,0
2045,0.8277212239717546,0
2046,2.171370117413684,0
2047,1.0622830556796425,0
2048,1.0949380258748915,0
2049,1.158483255547172,0
2050,1.5632134795401385,0
2051,1.2177531852818073,0
2052,1.0386271695798475,0
2053,1.6183129351742347,0
2054,0.42883601153087053,0
2055,0.9377877157206851,0
2056,0.7432250011231489,0
2057,1.1273812410624047,0
2058,1.4876766378761836,0
2059,2.005067963085464,0
2060,1.0391369167136095,0
2061,1.7943414177596622,0
2062,0.31688376583101774,0
2063,1.2789922571643138,0
2064,3.7553965263918827,1
2065,2.10786425976914,0
2066,0.9512741229177966,0
2067,0.8852372963152498,0
2068,1.0502315102361977,0
2069,0.8460602356976299,0
2070,0.38160314871559536,0
2071,1.2055038084564131,0
2072,1.5948684994023197,0
2073,1.73424664553418,0
2074,0.8244745276281347,0
2075,1.936157693045563,0
2076,0.6359321114104268,0
2077,1.9156936370701658,0
2078,0.7551976835147189,0
2079,1.3813810962276507,0
2080,0.3274238368247765,0
2081,0.9328141823335592,0
2082,0.597714724453673,0
2083,0.9145873579459669,0
2084,0.8779213813674643,0
2085,0.44164751727847573,0
2086,0.950490784603691,0
2087,1.4094641587251073,0
2088,0.923273618772553,0
2089,1.1123544155371146,0
2090,2.2252364562157987,0
2091,1.9151392665043463,0
2092,0.18538246400766478,0
2093,2.5809762105189358,0
2094,0.9267106696439155,0
2095,1.336515303760478,0
2096,1.7031763238254205,0
2097,0.4617462471263702,0
2098,1.9869971749286819,0
2099,0.976326202528733,0
2100,0.6675136337580809,0
2101,0.9050590312321883,0
2102,1.9404485637720774,0
2103,1.06907425727006,0
2104,1.740023946444987,0
2105,1.8286048149311227,0
2106,0.4142512386746271,0
2107,1.4503059768259474,0
2108,1.1750577739459578,0
2109,1.6942074507647322,0
2110,0.5528095462059912,0
2111,0.48230306305932075,0
2112,0.29059478903745223,0
2113,0.32737335206635676,0
2114,0.7294267913496387,0
2115,1.280760077929743,0
2116,1.2915997880886585,0
2117,1.6927016659237302,0
2118,1.8262893305599257,0
2119,1.6273394961527796,0
2120,1.9228843244198528,0
2121,1.3355178561667806,0
2122,1.159677513490635,0
2123,0.5569418969640174,0
2124,2.7522874787340044,0
2125,0.8914511019023937,0
2126,1.0663794068605712,0
2127,1.3175137253778604,0
2128,0.42152308382066894,0
2129,3.2833950530583413,1
2130,1.8867912014252277,0
2131,0.40553557643236887,0
2132,1.3680518572432254,0
2133,0.30375464919465744,0
2134,1.7202379904461869,0
2135,0.749943412472503,0
2136,1.4451965687296586,0
2137,1.9660105957937841,0
2138,1.2498112821467542,0
2139,1.641205340305078,0
2140,2.0775421366384768,0
2141,0.9753546826195912,0
2142,2.0406873437122135,0
2143,1.041434352611201,0
2144,2.02972029165633,0
2145,2.8053396459289823,0
2146,2.0738124201088697,0
2147,0.42049367003733046,0
2148,1.35587090740183,0
2149,0.6863987589726926,0
2150,1.2056632050977714,0
2151,0.5015931989322588,0
2152,0.562440477956213,0
2153,2.079680051761493,0
2154,0.27345210734526953,0
2155,1.151087554254507,0
2156,1.4157967782783567,0
2157,0.9765594469915864,0
2158,0.43417034845908603,0
2159,0.7162017821142509,0
2160,1.5653741588896906,0
2161,1.465469474539962,0
2162,1.3577197456388421,0
2163,0.8316924997560416,0
2164,5.421377814391965,1
2165,0.6114966077430154,0
2166,2.2449490922088358,0
2167,2.2424667407664334,0
2168,1.1417184566964247,0
2169,0.2509406024294624,0
2170,0.4303710546552528,0
2171,0.8089564677884168,0
2172,0.3495911396732777,0
2173,0.600092239868502,0
2174,2.719750764239962,0
2175,1.2834621288343038,0
2176,0.7752167718634513,0
2177,1.8151730531780954,0
2178,1.4209479371536657,0
2179,0.8880137458610533,0
2180,0.8182925374202867,0
2181,1.1816290278083508,0
2182,1.1625664348800484,0
2183,1.2363782035689488,0
2184,1.3895958215899158,0
2185,0.8449001921461091,0
2186,1.269041731330877,0
2187,2.238746733287042,0
2188,0.787098362743227,0
2189,0.21600544410790523,0
2190,2.207550995071327,0
2191,1.0664357523954426,0
2192,2.1417884456199467,0
2193,1.293259835971753,0
2194,1.4640242095029663,0
2195,1.2252847861531058,0
2196,0.19768871323404344,0
2197,37.83105021640401,1
2198,2.28153934093543,0
2199,1.8100823653875124,0
2200,0.8135713269395896,0
2201,0.3007150754492389,0
2202,1.4888852678526934,0
2203,1.3078561497191248,0
2204,0.31190237845448343,0
2205,1.0306020719536237,0
2206,0.7835405044140488,0
2207,0.8524371383236946,0
2208,1.2475730695310618,0
2209,0.26196555388468573,0
2210,1.024857345922928,0
2211,3.9534535322631563,1
2212,0.17370741850209753,0
2213,3.06859929338906,1
2214,1.2215006246232571,0
2215,1.6518522282749204,0
2216,0.7997104801381323,0
2217,0.44557494890977517,0
2218,2.475329223983723,0
2219,2.6269676647993765,0
2220,1.0150235000513714,0
2221,1.850769250313361,0
2222,2.755526016346738,0
2223,0.9222345943918799,0
2224,1.946872587703723,0
2225,1.3987930061177694,0
2226,2.554215023700162,0
2227,1.3182719015230695,0
2228,0.30639830728957596,0
2229,1.6059243598246218,0
2230,1.3190563075455044,0
2231,2.2589521799438574,0
2232,1.3435468063982532,0
2233,1.6241927714987405,0
2234,0.7194444893225855,0
2235,1.3227890513518006,0
2236,0.25866549709451947,0
2237,0.7568420469740557,0
2238,0.5676673100373582,0
2239,1.2651052298677734,0
2240,4.57907782502045,1
2241,1.1131971221675934,0
2242,0.9413247384675731,0
2243,1.8985656793496974,0
2244,2.8963167004452015,0
2245,1.0207505295803,0
2246,0.5419287870821001,0
2247,2.0767654222633625,0
2248,0.17769894543125592,0
2249,10.497229388625643,1
2250,1.0861462080834332,0
2251,1.3352869646563805,0
2252,2.379741329279641,0
2253,0.5503457470116935,0
2254,1.6566734877911753,0
2255,0.8115917329189144,0
2256,0.41419460178067347,0
2257,0.6733539949548109,0
2258,0.7723994275737309,0
2259,1.3546307356008271,0
2260,0.3380425409560115,0
2261,0.5057774926522526,0
2262,5.441586195058605,1
2263,1.5259786930717845,0
2264,1.2218230274149227,0
2265,0.7494110950065171,0
2266,2.3720651003366955,0
2267,3.875433162352536,1
2268,1.1325564144600901,0
2269,0.992121764456894,0
2270,0.856732391110143,0
2271,0.9937683149493622,0
2272,2.2426640574317007,0
2273,3.0062941962936733,0
2274,0.6343317154512341,0
2275,1.977321459856122,0
2276,2.774129345674724,0
2277,0.7276589003731407,0
2278,1.038558941330164,0
2279,0.8600775440566665,0
2280,0.435724338132102,0
2281,1.752223627166676,0
2282,0.5925479357162377,0
2283,1.3960461228675065,0
2284,2.1460775222134916,0
2285,1.3120703923589299,0
2286,1.5938896977148582,0
2287,1.0777455134242218,0
2288,0.5720777845975644,0
2289,0.35670157987294066,0
2290,1.843790118788344,0
2291,2.5433165819162915,0
2292,1.6529388010978003,0
2293,3.3748369095569806,1
2294,2.249427807229317,0
2295,1.8684006447205037,0
2296,2.222445748352867,0
2297,0.8451274374525464,0
2298,0.9496291169299488,0
2299,1.1940649834110952,0
2300,1.8138724015703866,0
2301,1.472306898741887,0
2302,1.7549091091983102,0
2303,1.6317889819333393,0
2304,0.44581000187458236,0
2305,0.28628460804859557,0
2306,1.6539545169948418,0
2307,0.9812877418401043,0
2308,0.18687877370379802,0
2309,0.5725584540654134,0
2310,0.5217650824263512,0
2311,0.7032240620267172,0
2312,1.578034682285486,0
2313,0.8062863323562532,0
2314,0.4717932600073501,0
2315,1.2848017610904978,0
2316,1.0755321985441009,0
2317,0.5098301078045411,0
2318,1.126638299083036,0
2319,2.448206149131092,0
2320,1.553952336934871,0
2321,2.585322789810116,0
2322,0.9926535702779489,0
2323,2.7274127066698517,0
2324,3.718866627957378,1
2325,1.624006063097696,0
2326,1.1517096459301537,0
2327,1.2806014759697413,0
2328,2.2000194484923283,0
2329,0.6264717004171895,0
2330,0.695764221481116,0
2331,0.4116151161432126,0
2332,2.172820674300764,0
2333,1.969186247412936,0
2334,0.7867596930211219,0
2335,0.5168742703682453,0
2336,1.4015808495501658,0
2337,1.2950212236182792,0
2338,1.0040575432357042,0
2339,2.7004311278089546,0
2340,1.1360860268620825,0
2341,1.1795881802759374,0
2342,0.8494624932660216,0
2343,1.7478045302613394,0
2344,2.82003273257781,0
2345,1.8873528373128705,0
2346,0.5084603621085682,0
2347,0.992325860168022,0
2348,1.1156442525528931,0
2349,2.6112477045467566,0
2350,0.9856658331905224,0
2351,1.8828983472528444,0
2352,0.8386776573158161,0
2353,1.3627009390344635,0
2354,0.40353578032987425,0
2355,2.514491447774337,0
2356,2.351616206220476,0
2357,0.8256484161831862,0
2358,1.3099316269014498,0
2359,1.8774131832072738,0
2360,1.695154763196713,0
2361,0.9745445904125761,0
2362,2.4874767488130605,0
2363,0.9481304068050372,0
2364,0.7424497012256285,0
2365,1.5720826946623596,0
2366,3.5388676942644666,1
2367,0.7910104917532619,0
2368,1.1599258819625575,0
2369,0.48696052081991775,0
2370,0.7372825895501883,0
2371,0.37350663298124614,0
2372,0.5092935172986774,0
2373,0.9501792092067909,0
2374,1.114056743410812,0
2375,0.6506855152293991,0
2376,1.4841704811609973,0
2377,0.8483585260506293,0
2378,1.0524089398392111,0
2379,1.5077351869083642,0
2380,0.4257793018318946,0
2381,1.6784547702894252,0
2382,1.1686518556281122,0
2383,1.2751173149211559,0
2384,1.3420813469917539,0
2385,0.927745800402266,0
2386,1.3285567929820183,0
2387,0.38592313404431405,0
2388,1.37332986276632,0
2389,1.7346777175989763,0
2390,2.299195845631689,0
2391,3.2767675587438703,1
2392,1.4472492725255532,0
2393,1.5901946495252939,0
2394,1.015449487272154,0
2395,0.5014875357897377,0
2396,1.6268306973064068,0
2397,0.32569945966097563,0
2398,0.5950059683459491,0
2399,4.32467390250223,1
2400,0.6276803232496039,0
2401,1.3012381119404557,0
2402,1.1945784550753618,0
2403,1.900321371127615,0
2404,1.4663004988968855,0
2405,2.3268868594738037,0
2406,1.2693099135812995,0
2407,3.1040227950100756,1
2408,0.8181247626009007,0
2409,0.3751555521846252,0
2410,0.12733955129662503,0
2411,0.9607264746448615,0
2412,1.7236429178203734,0
2413,1.7026342783544963,0
2414,1.2917283021662025,0
2415,0.17787148145322987,0
2416,1.1972249112571258,0
2417,1.8650376881990056,0
2418,0.8767496420912092,0
2419,2.5623546752005937,0
2420,2.4503589025493837,0
2421,1.7361118081409177,0
2422,1.3217259274739999,0
2423,0.44954112680625313,0
2424,0.9251610371264769,0
2425,1.380976401590863,0
2426,1.4591684079646223,0
2427,1.3056405640463804,0
2428,2.0824370224813142,0
2429,1.4666776061762892,0
2430,0.406650171844275,0
2431,2.2619503778072123,0
2432,0.7788107360278183,0
2433,1.0708463111338682,0
2434,1.2909531837527213,0
2435,1.737902652421183,0
2436,1.5799625597615048,0
2437,1.4213847306572138,0
2438,0.6296969143183275,0
2439,0.6329048449922471,0
2440,2.7561631304338703,0
2441,1.2716507608438132,0
2442,1.0455480330968234,0
2443,0.7835870171650744,0
2444,1.4235246868365214,0
2445,2.3968997581838902,0
2446,1.3985580744249966,0
2447,1.9295760864780795,0
2448,0.36406188068388273,0
2449,0.9585900486756755,0
2450,0.37840497989271016,0
2451,1.1982433965481138,0
2452,0.7913289816413814,0
2453,0.9779023099252123,0
2454,1.164318713570054,0
2455,1.84458948917205,0
2456,2.019636163084627,0
2457,1.679871972616525,0
2458,0.6880231086130719,0
2459,2.0312392164735456,0
2460,0.6751975071928803,0
2461,0.45223620055816127,0
2462,0.9669735361751886,0
2463,0.7810521796132319,0
2464,1.3498773084151459,0
2465,5.033194420717127,1
2466,0.5655219774361094,0
2467,0.33712079609663786,0
2468,0.649533241357486,0
2469,0.5004454828665631,0
2470,0.9930053116738887,0
2471,1.0761831235650396,0
2472,0.4878147576055139,0
2473,0.359606236737404,0
2474,1.8995597639119408,0
2475,1.3995923265114718,0
2476,0.4842192294735514,0
2477,1.7721326880604702,0
2478,0.8014963134353364,0
2479,0.5022702372895708,0
2480,0.2911556198427861,0
2481,1.4775925787643311,0
2482,2.3028265058087753,0
2483,0.5991749596420909,0
2484,1.2284104715188093,0
2485,0.7914113022627846,0
2486,1.487401181261162,0
2487,1.0918665395283542,0
2488,1.638691141924516,0
2489,1.1683096845768337,0
2490,1.803063616932287,0
2491,0.4348416063219748,0
2492,0.9973567360481158,0
2493,0.41876378321164526,0
2494,1.2848593509408122,0
2495,1.7085356155586524,0
2496,1.0814883970578182,0
2497,1.423720629327201,0
2498,0.5725112870005612,0
2499,2.4089058265053804,0
2500,1.173060757573738,0
2501,1.1629895052441814,0
2502,0.8179228262694462,0
2503,0.3469708671327509,0
2504,1.4742653281192029,0
2505,1.625167707687467,0
2506,0.8010492919468561,0
2507,1.2072212972646426,0
2508,0.24780515739717981,0
2509,2.0577368145883157,0
2510,0.8336739723775363,0
2511,1.7170742788029563,0
2512,3.374165432009143,1
2513,0.6445312743727276,0
2514,2.9872264806511306,0
2515,0.43302302726395364,0
2516,0.33409496075775397,0
2517,0.2651808247128307,0
2518,0.28827247391455374,0
2519,0.44051962495227837,0
2520,0.7604112597462802,0
2521,1.5943448509808718,0
2522,0.4399516856757309,0
2523,0.7746117104877489,0
2524,1.027996078056033,0
2525,0.25418873646288265,0
2526,2.3888357305463415,0
2527,1.367631450418997,0
2528,0.24388830512520135,0
2529,1.1070589848203654,0
2530,1.2106513706003823,0
2531,1.5673957242227643,0
2532,0.9508689269503149,0
2533,0.4598192625385887,0
2534,0.30934566416090764,0
2535,0.30922352877858367,0
2536,0.8155123217264418,0
2537,1.0070030827506224,0
2538,1.1189939258590706,0
2539,1.3596249532342992,0
2540,0.7515125068087517,0
2541,1.6751345833708635,0
2542,1.4893305292839452,0
2543,0.30045441197065753,0
2544,0.2508510453456577,0
2545,0.3724594319723715,0
2546,3.8073294952881014,1
2547,0.30723478121481224,0
2548,0.6243817083741183,0
2549,1.2078189958356194,0
2550,1.307715020708702,0
2551,0.5726141793962136,0
2552,0.4522568560376291,0
2553,1.0840209152211249,0
2554,1.8252959629597476,0
2555,0.8599902298225743,0
2556,0.6222719824390422,0
2557,1.605500132316233,0
2558,0.4007731756657306,0
2559,1.2591106952852182,0
2560,1.9093513416773076,0
2561,1.7716162606915635,0
2562,2.5934905001425146,0
2563,0.2834275870090399,0
2564,0.5598073172429568,0
2565,1.876183445195994,0
2566,1.4650526393865477,0
2567,1.4339577661192395,0
2568,1.7888653359144777,0
2569,2.4064741759668395,0
2570,1.9067204590616498,0
2571,0.5859764476292532,0
2572,1.5069268704483127,0
2573,0.7376414294864969,0
2574,0.5314766513994249,0
2575,1.0150997650526226,0
2576,0.44468138784775557,0
2577,0.5276921412105745,0
2578,0.9647904043213293,0
2579,1.5318400214762289,0
2580,1.328470370963092,0
2581,1.7264982057134266,0
2582,1.9524813691979206,0
2583,1.5853157824029338,0
2584,1.1644163565006813,0
2585,2.1241558526467252,0
2586,0.471915000515932,0
2587,1.1065703776936,0
2588,1.0162834862257188,0
2589,1.6529228433030014,0
2590,1.333710564172026,0
2591,1.6216278118600393,0
2592,7.122436471937886,1
2593,2.6875632788340775,0
2594,0.8548818921546503,0
2595,0.32546238448280945,0
2596,3.1824123541939744,1
2597,0.2874761745714185,0
2598,1.45393979542573,0
2599,0.7974991510810927,0
2600,1.0165831495643387,0
2601,1.367008422407754,0
2602,1.6210320658496582,0
2603,1.629717048095487,0
2604,0.9661158185831795,0
2605,0.7569527133008037,0
2606,1.5811376929986187,0
2607,1.2655010239249544,0
2608,1.079528824999074,0
2609,2.2830896587798355,0
2610,0.8495053223884403,0
2611,0.3144249851302476,0
2612,1.0307299757492039,0
2613,0.5287809564906097,0
2614,3.4453301400484064,1
2615,1.5269521725791249,0
2616,1.6652064587814712,0
2617,0.6672981796649466,0
2618,0.44255535312006866,0
2619,1.1240216385096966,0
2620,1.3310143252190363,0
2621,0.496660099373661,0
2622,0.9070569471711379,0
2623,1.3660167480525147,0
2624,1.314283820680307,0
2625,0.4063952406753941,0
2626,1.5759220727697618,0
2627,0.32607011615601617,0
2628,0.7658647209050995,0
2629,1.1712939566103662,0
2630,1.3875883766339632,0
2631,0.4314131671939692,0
2632,1.3155956191177318,0
2633,1.1962109678186228,0
2634,0.28523530563936866,0
2635,2.102153849328996,0
2636,1.153595544165754,0
2637,1.4554190349122365,0
2638,2.3979978943284594,0
2639,0.9487292088365024,0
2640,1.4901032429771541,0
2641,2.091747668360951,0
2642,0.9270106593027788,0
2643,1.2338824685521965,0
2644,2.302294971612872,0
2645,0.7908776055519849,0
2646,2.3529838551243056,0
2647,0.2942682266212853,0
2648,0.68779263666159,0
2649,0.736553769562607,0
2650,0.8172466408814058,0
2651,1.6094452646211066,0
2652,1.4866259556927726,0
2653,2.607155013783759,0
2654,1.1399605265469763,0
2655,2.103229370583015,0
2656,1.083166024308236,0
2657,1.367011848819468,0
2658,1.832780921401098,0
2659,0.8945379337111347,0
2660,0.7108454323438216,0
2661,1.1094472572932652,0
2662,1.1106016128531602,0
2663,1.0355514710811968,0
2664,1.2293184769785903,0
2665,1.1362680079562055,0
2666,0.8030056414550567,0
2667,1.875894241467648,0
2668,0.35501947968961095,0
2669,2.5979623289256253,0
2670,1.0519187520809896,0
2671,0.5241353143865435,0
2672,1.8952245695123195,0
2673,2.6624276367820614,0
2674,0.6982073075317458,0
2675,1.8610125449679704,0
2676,1.7942405832406763,0
2677,1.4780466680258628,0
2678,0.9890452874111723,0
2679,1.1054948231932693,0
2680,0.6494124238979097,0
2681,1.006646172114191,0
2682,0.3414774597334983,0
2683,1.0735686905078832,0
2684,1.6906425074008113,0
2685,0.5527322128538281,0
2686,3.0704211694519463,1
2687,19.934204989384725,1
2688,1.1227303328032363,0
2689,1.022797427083807,0
2690,0.34263072352907353,0
2691,0.920347264198223,0
2692,0.7409009622684535,0
2693,0.7474546665577118,0
2694,0.631039306689195,0
2695,1.269076078696194,0
2696,1.259774147494236,0
2697,0.2791641318953589,0
2698,1.5453905104818173,0
2699,1.1253300909548964,0
2700,0.2266219139199719,0
2701,1.546419804541864,0
2702,0.8964718432749341,0
2703,0.9549156808389152,0
2704,0.35451031910137654,0
2705,1.2352313781070763,0
2706,1.068947111365695,0
2707,0.25792238137819956,0
2708,0.7364260102537902,0
2709,1.409746250742325,0
2710,1.7696621078177015,0
2711,2.04044281938525,0
2712,1.4715132539764206,0
2713,1.3722812372482156,0
2714,0.7090038627681143,0
2715,0.608062303100041,0
2716,0.23769358240328967,0
2717,1.3412222142566799,0
2718,0.9821897022376026,0
2719,2.508710097230531,0
2720,0.2155189176969525,0
2721,0.58585829382678,0
2722,2.736759516572379,0
2723,1.191971868218808,0
2724,1.5403704517891406,0
2725,0.2467448844800178,0
2726,1.1458762546443353,0
2727,1.1432740744701535,0
2728,2.0019017505262497,0
2729,0.47540093884590906,0
2730,1.3466042255453166,0
2731,0.3293911396061221,0
2732,0.38193384830237065,0
2733,1.4797655677017914,0
2734,1.9939621580078184,0
2735,0.7944845964457633,0
2736,0.32605644799876465,0
2737,1.5809131545682247,0
2738,1.1980841366092898,0
2739,0.5647930342815722,0
2740,0.36814523657064807,0
2741,0.34956687604267933,0
2742,0.6281222702386019,0
2743,0.4510823776212848,0
2744,1.440853973943388,0
2745,1.8274555256001574,0
2746,1.2491504920564394,0
2747,0.7675831448749957,0
2748,1.6672372293374067,0
2749,0.5551535593651828,0
2750,1.1265725971214016,0
2751,1.6876463108565325,0
2752,0.46845021421710575,0
2753,0.4092035300118229,0
2754,0.3259328100932992,0
2755,0.9281238076049638,0
2756,4.111766831318418,1
2757,0.834046010957394,0
2758,0.39118032958765786,0
2759,2.61683787889195,0
2760,0.44676080161195875,0
2761,2.344916434475479,0
2762,0.6510509728030718,0
2763,0.3276967082708497,0
2764,0.5216346768600245,0
2765,0.6454112721304808,0
2766,0.5866246883040155,0
2767,0.9618764530801172,0
2768,0.834049090983173,0
2769,1.07947362939111,0
2770,1.163254333919401,0
2771,3.0077834053848966,0
2772,0.8754718039210287,0
2773,1.689654651795568,0
2774,2.6298098795479787,0
2775,1.2102553310344277,0
2776,2.2126460246224564,0
2777,1.7710519608447475,0
2778,2.4217402385670592,0
2779,0.8207708056421569,0
2780,0.9862864922056382,0
2781,0.15168746869554092,0
2782,0.6937794994014443,0
2783,1.7349566200752127,0
2784,0.8458645911689872,0
2785,1.159001870148471,0
2786,1.1953020132228274,0
2787,0.7853927374111412,0
2788,1.1110160256757236,0
2789,2.3945063590368267,0
2790,1.3618345118747335,0
2791,0.9003581084294183,0
2792,1.9110059841160245,0
2793,2.4053385830480267,0
2794,0.2238234708200675,0
2795,0.44539056887504935,0
2796,2.271621642802392,0
2797,0.6998015977877775,0
2798,0.7666204605683146,0
2799,0.49648126457872915,0
2800,1.8706442586363068,0
2801,2.255491089818961,0
2802,0.923312385629816,0
2803,0.29040561983229635,0
2804,0.8488753822319342,0
2805,1.0668655392947526,0
2806,0.3120590275112834,0
2807,0.9048604853874503,0
2808,1.7974278208833678,0
2809,5.559101494320895,1
2810,1.0922857425961952,0
2811,0.26385943231469877,0
2812,0.4851536026291922,0
2813,1.0240885774687765,0
2814,0.3962974000066464,0
2815,0.5225328867894034,0
2816,0.703977422070481,0
2817,1.5291207441500134,0
2818,0.6638907429876016,0
2819,3.2969090799141525,1
2820,1.7258114172971741,0
2821,2.747653347122721,0
2822,0.8754288262343672,0
2823,0.9664916523625922,0
2824,0.45477472020369414,0
2825,1.4817001238825673,0
2826,1.5337859172466677,0
2827,1.2779829923831474,0
2828,0.6469807111862406,0
2829,3.7831893473071605,1
2830,1.185594147064396,0
2831,0.2530518937746342,0
2832,0.3902052948172513,0
2833,0.6415705764040408,0
2834,1.3892176616592085,0
2835,1.8830174609488468,0
2836,2.0129832066165103,0
2837,1.5746203169941266,0
2838,0.5357788431641766,0
2839,0.5307820308890263,0
2840,2.064227438388306,0
2841,1.7163683896097104,0
2842,1.3759524746744707,0
2843,1.1194273222556126,0
2844,0.6303048091484657,0
2845,0.46103586875859853,0
2846,4.8014232267088195,1
2847,0.5913891670272415,0
2848,0.5781837537627524,0
2849,2.1397646885685946,0
2850,0.9953947037155618,0
2851,1.4093463647436537,0
2852,1.1416612995664481,0
2853,1.8579179534344914,0
2854,0.3808476634863467,0
2855,1.8369443283620834,0
2856,0.23087686780660424,0
2857,0.41982889075698704,0
2858,1.118424560732059,0
2859,0.30671617975311144,0
2860,0.6971321121303673,0
2861,0.6299529922214998,0
2862,0.5861578755459665,0
2863,0.256446258773197,0
2864,0.6630650797343809,0
2865,0.8161650525876731,0
2866,0.23625612739128668,0
2867,0.5344893533268037,0
2868,1.3179094026688183,0
2869,0.9681606132139978,0
2870,0.23034643649416753,0
2871,1.1018861498824426,0
2872,0.36236727598098784,0
2873,0.9202638980251593,0
2874,0.2292500440114323,0
2875,1.1666092243002102,0
2876,1.1783494183293273,0
2877,1.9592357469900101,0
2878,0.43811820134029006,0
2879,0.7365104021469129,0
2880,0.8906391389801623,0
2881,1.2789721786487023,0
2882,1.9238997312182635,0
2883,2.2697673511623817,0
2884,1.8019885054830616,0
2885,1.1217417198769057,0
2886,1.0398015859801226,0
2887,3.457422270045903,1
2888,1.5919226798245227,0
2889,0.9515396231790476,0
2890,2.794135016624888,0
2891,3.367230428239869,1
2892,1.5708540316840636,0
2893,1.8253759333759183,0
2894,0.6923830442119187,0
2895,1.9864671005137466,0
2896,0.5931177186473647,0
2897,2.40238564303022,0
2898,0.7765543972023351,0
2899,1.1864655290946677,0
2900,1.81459502247887,0
2901,2.3024232537768206,0
2902,0.2482855798728272,0
2903,1.2673091766987943,0
2904,0.5051219117779674,0
2905,2.237683901197654,0
2906,0.9188372750967042,0
2907,4.563111936592046,1
2908,3.4032355281095477,1
2909,1.7359148811608303,0
2910,1.1488481301396507,0
2911,0.8796772988387678,0
2912,0.7577451536183363,0
2913,0.7672930294039577,0
2914,1.3721281496599138,0
2915,2.0834293641686634,0
2916,2.5342363391311933,0
2917,0.8091213406886991,0
2918,0.5826044049941519,0
2919,2.135708824551533,0
2920,0.5453337785867056,0
2921,3.412219412842877,1
2922,1.1044762647175344,0
2923,1.4998930741780943,0
2924,1.8207862340921264,0
2925,0.7727368986243931,0
2926,0.5367479117346081,0
2927,0.3009089758620268,0
2928,1.1045617489804722,0
2929,1.797785890955788,0
2930,0.28711284170702706,0
2931,1.5887025141683113,0
2932,0.8355147615881259,0
2933,0.33565579400405093,0
2934,0.7877091327943331,0
2935,1.6976110097174297,0
2936,0.6905971556038885,0
2937,0.869872124894346,0
2938,1.6585817283747997,0
2939,0.7905977631520535,0
2940,1.6875362914557532,0
2941,3.642745185398329,1
2942,5.0720835357981935,1
2943,0.38918287115413347,0
2944,1.4217907347699816,0
2945,1.9807296124673435,0
2946,0.3816318736680745,0
2947,2.1961815970798484,0
2948,0.72217373978301,0
2949,0.4018823926315618,0
2950,1.2054574077236369,0
2951,0.62495345181597,0
2952,0.6933066242038872,0
2953,0.8139973339246271,0
2954,0.7538096903524536,0
2955,1.5729651095273551,0
2956,0.3748540412936323,0
2957,1.894763442727844,0
2958,0.6970420149997374,0
2959,1.1174979950459738,0
2960,1.1005659943275807,0
2961,4.5886868418747895,1
2962,1.567987325955156,0
2963,1.3873634286561451,0
2964,0.735488039651172,0
2965,0.8490156683860275,0
2966,0.47507934581301436,0
2967,1.2113878133619596,0
2968,1.7313982759076418,0
2969,2.535112189951617,0
2970,1.2574727056098893,0
2971,0.34722899213908925,0
2972,3.4468617608638352,1
2973,0.9649560448408822,0
2974,1.0165640083448357,0
2975,0.8118750845163683,0
2976,1.2628704444996315,0
2977,1.2358455245653586,0
2978,0.24044606520386322,0
2979,1.5297570694934337,0
2980,1.0050381494987908,0
2981,1.565571687830601,0
2982,0.3473658655332436,0
2983,1.3581697138182915,0
2984,2.6410130278337127,0
2985,0.44637848741184377,0
2986,1.2648388810328242,0
2987,0.463696976836372,0
2988,1.218010945589613,0
2989,1.2611614002092224,0
2990,1.7736921978093418,0
2991,0.7506834137220602,0
2992,0.65668872245594,0
2993,1.579036366378131,0
2994,1.9094364435794704,0
2995,2.2227553881982582,0
2996,1.4064962760669877,0
2997,1.859084113471256,0
2998,0.9297375680562963,0
2999,1.0810623181896397,0
3000,5.223852819843734,1
3001,3.5847950882524713,1
3002,2.8671737441183476,0
3003,1.2030118846924005,0
3004,2.0111454324905296,0
3005,1.675884872034818,0
3006,0.8336398779193133,0
3007,0.879549795317683,0
3008,0.2658770246052574,0
3009,1.3887174873323878,0
3010,1.1491949113158446,0
3011,1.514371323772871,0
3012,0.2665028301498813,0
3013,0.17538448028529352,0
3014,2.0669261674212125,0
3015,2.3093473542758516,0
3016,0.21976281618912147,0
3017,1.3026897938437376,0
3018,1.9998086144305351,0
3019,1.6760146680560595,0
3020,0.8895399400967426,0
3021,1.200152786242445,0
3022,0.9141575695072904,0
3023,0.7617553433693364,0
3024,2.267248479586314,0
3025,1.2322076697609106,0
3026,1.8682346038729363,0
3027,0.4342264542086793,0
3028,0.498380100048047,0
3029,1.4316386183644312,0
3030,1.9563764788544509,0
3031,0.5777098580018404,0
3032,1.5007099857164679,0
3033,2.638165508517321,0
3034,2.703158317971471,0
3035,1.2302646781732094,0
3036,2.4004677649953003,0
3037,1.4785611776245677,0
3038,1.3439873626444223,0
3039,1.226009453237099,0
3040,1.8627020950895257,0
3041,0.25884164859925574,0
3042,1.2992996522602425,0
3043,1.627263215954972,0
3044,3.337093709757004,1
3045,0.3299488946772717,0
3046,2.842154206701399,0
3047,1.0351220630378137,0
3048,1.821833733472694,0
3049,1.674683941775322,0
3050,2.2231153230664917,0
3051,5.56765363525894,1
3052,0.9561014099787359,0
3053,0.9959428232226017,0
3054,1.6056688453477588,0
3055,0.29185696321189075,0
3056,4.313976291595271,1
3057,0.42180337243592486,0
3058,1.4189028793324816,0
3059,1.204804378410167,0
3060,0.7528563141656213,0
3061,0.7589625639403845,0
3062,0.4766644527552011,0
3063,1.5865059301756403,0
3064,0.9773346321982374,0
3065,2.0294546191856786,0
3066,1.396252304132567,0
3067,0.35376345171689466,0
3068,2.1713546249985254,0
3069,0.9642598798744119,0
3070,3.3342795789400514,1
3071,1.335015010790987,0
3072,1.3239198316125322,0
3073,2.4254175456527673,0
3074,1.527689261968137,0
3075,1.623277531628976,0
3076,1.013833185463337,0
3077,2.0558549438817275,0
3078,0.4652568587289615,0
3079,1.1571325897398663,0
3080,0.442956204626854,0
3081,1.331780380820552,0
3082,0.794534758424746,0
3083,1.1435086957940248,0
3084,0.6935639511877365,0
3085,0.5911985297496893,0
3086,1.766548499886063,0
3087,3.1481281582992913,1
3088,1.3065432453896513,0
3089,1.8727462768324281,0
3090,0.3213239019711559,0
3091,0.6154448727148739,0
3092,1.3736028324548317,0
3093,2.6899031742695505,0
3094,0.8608584998061842,0
3095,0.6215183379132438,0
3096,0.7076072254471197,0
3097,1.5016263908972292,0
3098,0.5009265348484019,0
3099,1.304692689699635,0
3100,1.2917431189945272,0
3101,0.5170986481286185,0
3102,4.652900694118078,1
3103,1.762694221749274,0
3104,2.0169145422017647,0
3105,3.2697362568803587,1
3106,2.256224755132743,0
3107,1.3346740630778702,0
3108,0.8262447759751593,0
3109,3.839502390597813,1
3110,0.8648910471264091,0
3111,0.6404896435977,0
3112,1.2428777365158437,0
3113,1.2117179029776906,0
3114,0.46154552152156403,0
3115,2.2810947918805087,0
3116,0.2699791052578568,0
3117,0.373320387258662,0
3118,0.38492345892699176,0
3119,3.228433155436778,1
3120,0.6164433250901723,0
3121,4.011287549560896,1
3122,0.6701179054058601,0
3123,0.7123773086187958,0
3124,1.6123242591728622,0
3125,1.082577220060793,0
3126,1.2894346995368038,0
3127,0.8304452257820032,0
3128,1.4330280082050526,0
3129,1.8943662278159046,0
3130,0.8493422459532093,0
3131,2.544628896934369,0
3132,2.7165588821951627,0
3133,2.033357907211599,0
3134,0.9712487996512761,0
3135,0.41375634716794746,0
3136,0.5048529883155647,0
3137,0.7960519054980437,0
3138,0.9694931071290813,0
3139,0.43178336713273885,0
3140,1.40862782539021,0
3141,0.31692701171478066,0
3142,2.8654915003756973,0
3143,0.6109758843274308,0
3144,2.0214317446753864,0
3145,0.26086159849211993,0
3146,1.08608411775513,0
3147,0.5033940695162354,0
3148,1.2484447476412648,0
3149,1.9775751117736973,0
3150,1.4238563770010537,0
3151,3.3422447839063123,1
3152,3.3438016702916453,1
3153,0.5145398604555678,0
3154,2.1476852044296506,0
3155,0.8195384311437748,0
3156,1.1976050847798592,0
3157,1.3421193141118726,0
3158,0.7803713682454474,0
3159,0.6997459745972072,0
3160,1.0802399226810617,0
3161,1.2764901820023704,0
3162,1.4193063032794284,0
3163,0.5985292991132778,0
3164,0.9473830475587278,0
3165,0.19019471994012652,0
3166,0.960221733865211,0
3167,2.2382978481059923,0
3168,1.0820812824493093,0
3169,1.3742236514746042,0
3170,0.9507333462688546,0
3171,0.6779708080843857,0
3172,4.052403165054817,1
3173,1.7841044367020922,0
3174,1.168843671849372,0
3175,0.888367556030656,0
3176,0.33137020382725374,0
3177,0.3213018678639508,0
3178,1.6069904603712404,0
3179,1.7768081729159604,0
3180,1.7887272479255898,0
3181,1.3696603855118488,0
3182,1.3498413608295043,0
3183,13.70887135144511,1
3184,1.2134505184885631,0
3185,1.5687658599626566,0
3186,1.093053534040459,0
3187,0.8267387437251538,0
3188,1.1061257258744739,0
3189,0.814867143445483,0
3190,2.1080826673567263,0
3191,1.0418344730540332,0
3192,0.4990896401063842,0
3193,0.6103615232929808,0
3194,1.8790452504953332,0
3195,1.369816958865828,0
3196,0.8604424603447449,0
3197,0.47594436111684385,0
3198,0.4508321904385315,0
3199,3.4971033957472466,1
3200,1.236595980936543,0
3201,1.6151111571186687,0
3202,0.3284710296091944,0
3203,0.9780813546730591,0
3204,3.0854766707707113,1
3205,1.5114888614294462,0
3206,0.9136212416118928,0
3207,1.488668732503177,0
3208,0.5076033093364861,0
3209,0.9001515060421345,0
3210,2.6631640433863444,0
3211,1.0265880307278645,0
3212,1.0123458232304383,0
3213,0.8601704375872934,0
3214,1.3018218682027276,0
3215,1.133483206571402,0
3216,0.7388814041530105,0
3217,1.5479118090220527,0
3218,0.4192879795510727,0
3219,0.6059080075307554,0
3220,10.688559209638248,1
3221,0.39038473216032854,0
3222,1.5715997564173176,0
3223,1.0974417506641,0
3224,1.0182341162026456,0
3225,1.7878235239639266,0
3226,1.8521633519621576,0
3227,0.79471582013463,0
3228,0.2751565514613048,0
3229,1.9669826578277008,0
3230,0.6540762444854397,0
3231,0.5869370781864901,0
3232,0.4578344994028232,0
3233,0.4895170940594176,0
3234,0.32256623519413813,0
3235,1.8160120498393217,0
3236,0.6668943644813115,0
3237,0.7954382645988031,0
3238,1.1217151382515254,0
3239,2.3116105737450057,0
3240,1.0296050855030863,0
3241,2.3943024899589225,0
3242,1.9563423546881766,0
3243,1.2166968148278474,0
3244,0.22749311258212704,0
3245,1.3481677225642696,0
3246,0.5525040231539836,0
3247,1.1553166518272293,0
3248,0.5414518845107268,0
3249,0.4247776528829,0
3250,1.9115765872389778,0
3251,1.9931842433206763,0
3252,0.8070024636057762,0
3253,1.6415533431973297,0
3254,0.5021151904901571,0
3255,0.19308629496613788,0
3256,1.4406852299882498,0
3257,1.5892022247525308,0
3258,3.448929909694997,1
3259,1.0669650308946548,0
3260,0.5809180526562553,0
3261,1.8657753879650107,0
3262,0.9185740240316963,0
3263,1.0235645660316657,0
3264,1.5457776848213152,0
3265,0.9634167044077897,0
3266,0.6267754936871532,0
3267,1.2116470711776397,0
3268,1.5738746480286747,0
3269,1.1171765841321895,0
3270,2.5401945769509147,0
3271,1.0503485746253594,0
3272,0.7533590702802536,0
3273,0.9710160952536356,0
3274,0.42545300098833844,0
3275,2.5033308993242924,0
3276,0.595849556995764,0
3277,0.25291008006548116,0
3278,1.6587045058472845,0
3279,5.299224034025166,1
3280,0.6586178793756766,0
3281,0.7318785848189101,0
3282,1.2561867788068393,0
3283,0.5843839018702641,0
3284,0.278537325734907,0
3285,5.977187686863203,1
3286,1.4549978414360134,0
3287,1.445994253011767,0
3288,0.8656861490084918,0
3289,1.388286707517911,0
3290,0.5766138127652494,0
3291,1.5310006956196862,0
3292,0.654681039147709,0
3293,0.28895197295277536,0
3294,0.9334961225959774,0
3295,3.0511836181930536,0
3296,0.2907560732882174,0
3297,1.792636094246943,0
3298,2.5516990993447126,0
3299,2.3420885263522484,0
3300,1.261145876512827,0
3301,0.14462872078084132,0
3302,0.8443849118849811,0
3303,1.2505739812292078,0
3304,0.6377889637514257,0
3305,0.5468341986389708,0
3306,0.29353341764621754,0
3307,1.353919527720645,0
3308,0.24515606688987124,0
3309,0.488025365072157,0
3310,1.8369549632315296,0
3311,0.601786554686771,0
3312,1.2726256066498038,0
3313,1.4480725761238091,0
3314,1.3222325165743278,0
3315,7.135280786201986,1
3316,4.012774528827252,1
3317,1.7605688375093158,0
3318,1.3849296242670917,0
3319,1.7320795760940106,0
3320,0.9463007581243288,0
3321,1.0235522540381623,0
3322,0.9622378367368885,0
3323,0.4718110193135155,0
3324,1.5070659943018578,0
3325,0.4522237675186247,0
3326,1.4640785896839257,0
3327,3.34451767109817,1
3328,1.3326749362783687,0
3329,1.5110580874503534,0
3330,0.9255041916895537,0
3331,1.109765540040087,0
3332,1.1193005420132567,0
3333,1.5648193530735266,0
3334,1.3949264775999353,0
3335,0.36854430070759514,0
3336,0.7029316890467847,0
3337,1.0223003789798495,0
3338,1.1054389611719604,0
3339,1.8033850806716325,0
3340,1.3795914561646108,0
3341,2.296178737884637,0
3342,0.29685154589220153,0
3343,3.815025644736825,1
3344,1.2230013962907387,0
3345,0.46369620632141834,0
3346,1.5973944525892534,0
3347,0.6311786664471815,0
3348,2.2307876249428107,0
3349,1.0516496980675805,0
3350,1.1877298247035681,0
3351,0.2276437700974965,0
3352,2.861724643945471,0
3353,1.4440413045241114,0
3354,1.0535754060504217,0
3355,1.5801114664006979,0
3356,0.8042566754074402,0
3357,1.0323073374216365,0
3358,1.0049927479298972,0
3359,1.361296315242356,0
3360,1.4146441280451116,0
3361,1.695592098681271,0
3362,3.6337407296013087,1
3363,2.02367831986892,0
3364,1.9562083379706,0
3365,0.9981441666435449,0
3366,3.127082579935348,1
3367,0.40961684168172396,0
3368,0.9507704903892005,0
3369,1.9951905829814556,0
3370,0.3764413726941727,0
3371,0.43091263632817284,0
3372,0.7742609731810457,0
3373,0.26130185488022156,0
3374,1.7632640426897201,0
3375,0.8757356791688053,0
3376,1.300772797972057,0
3377,0.6242674494877151,0
3378,2.1573594500197286,0
3379,1.3316050517264164,0
3380,1.4408270928881888,0
3381,1.3307951098991355,0
3382,0.7396495482443046,0
3383,1.5696287808367206,0
3384,1.5382331758191683,0
3385,1.4429853900636678,0
3386,0.5880021580291572,0
3387,0.8919930148060656,0
3388,1.3530885404983362,0
3389,2.391090631079473,0
3390,0.8877369048920866,0
3391,1.9409128682996706,0
3392,1.9311731549145514,0
3393,1.6643048573777146,0
3394,2.0499004913139323,0
3395,0.9151171093239394,0
3396,3.2158751201325497,1
3397,0.6255563369657512,0
3398,1.3596926922829975,0
3399,0.9532456740252292,0
3400,3.678401346077905,1
3401,0.4630126054500575,0
3402,3.097585905633758,1
3403,2.2041819902845248,0
3404,0.8477218129716134,0
3405,1.210610506647008,0
3406,0.507698254952133,0
3407,1.5720736838495826,0
3408,2.404745886662221,0
3409,1.152740250489476,0
3410,0.2322822608125114,0
3411,0.4181637938501127,0
3412,1.8406253514493514,0
3413,1.62771508669991,0
3414,1.718637254527308,0
3415,0.7142876314456896,0
3416,0.6005086722769025,0
3417,1.185327121092519,0
3418,2.677610923702031,0
3419,3.4266075989092406,1
3420,5.780235378951985,1
3421,1.5923463342602804,0
3422,1.068250039758069,0
3423,0.4851472897685577,0
3424,0.3251149832961196,0
3425,1.6494054795703013,0
3426,2.0623015977181787,0
3427,1.064231978266752,0
3428,1.0623243660852724,0
3429,1.5784605601886306,0
3430,1.5808238536689208,0
3431,0.7682579909676046,0
3432,1.5349635044518217,0
3433,0.28707328903805907,0
3434,0.7477405267182922,0
3435,0.48029312026840576,0
3436,2.553912889207948,0
3437,3.5760274231202063,1
3438,1.4846301982362897,0
3439,2.039396049784663,0
3440,0.6158522929082229,0
3441,1.2006760039653939,0
3442,0.9110506403927288,0
3443,1.4360415863857925,0
3444,0.6056933998234192,0
3445,1.8485179728785655,0
3446,0.6524265740908487,0
3447,1.3278773284693324,0
3448,5.035484458096417,1
3449,1.4021823365135788,0
3450,1.1310495199651702,0
3451,0.8789718159082102,0
3452,0.537481967811235,0
3453,1.1252581782309725,0
3454,0.8726214200934543,0
3455,0.3162869137950002,0
3456,0.799490574605857,0
3457,1.9264752641028786,0
3458,1.3664347069060296,0
3459,1.4423346183925572,0
3460,0.6024014488486883,0
3461,1.7863079473838128,0
3462,0.882681250500488,0
3463,2.830033346014663,0
3464,2.8354228889730795,0
3465,0.4283182842850286,0
3466,0.4727866167446287,0
3467,0.9613994319048774,0
3468,0.7519577191092179,0
3469,0.6768537295114398,0
3470,1.3915780582864579,0
3471,1.9079694679541597,0
3472,0.6292633025579695,0
3473,0.773791298337284,0
3474,0.2826869544151208,0
3475,0.2000535563148395,0
3476,0.28576056701580993,0
3477,2.4152465514625536,0
3478,1.6477808479710405,0
3479,3.916290422555113,1
3480,0.8202240830182252,0
3481,0.7550025708273853,0
3482,1.0005944200284675,0
3483,0.821815268960032,0
3484,0.48613129382983017,0
3485,1.6141320690973557,0
3486,1.408817510017362,0
3487,0.236572618204099,0
3488,1.1393419110907284,0
3489,0.4043907975294917,0
3490,2.1376774177866893,0
3491,1.6954919279191718,0
3492,1.048617140201222,0
3493,0.740649139438947,0
3494,1.1727115072283434,0
3495,2.4204879270846513,0
3496,0.35027267459580336,0
3497,1.8804484551869494,0
3498,1.4910337457839475,0
3499,0.3208077541807798,0
3500,0.8976902566122912,0
3501,1.3218900932198092,0
3502,0.9330452090909879,0
3503,1.784383662341876,0
3504,0.6212605439632963,0
3505,1.0549966534574975,0
3506,1.2615620982871611,0
3507,0.35107244999609677,0
3508,1.2757285437504675,0
3509,0.8234325211157875,0
3510,0.21758710503911713,0
3511,4.4560960257997,1
3512,0.5130372841192146,0
3513,0.849844433631522,0
3514,0.6066314485098466,0
3515,1.0290549786696683,0
3516,1.1353800416269342,0
3517,1.4164599516765202,0
3518,0.5321742707289668,0
3519,1.7732421739221131,0
3520,0.45008556139196493,0
3521,2.123232600872685,0
3522,0.4120992932840074,0
3523,0.2841642602557173,0
3524,0.3528390063019958,0
3525,2.569051885150228,0
3526,0.5498680250524423,0
3527,1.1446862982563537,0
3528,0.45534296289247417,0
3529,0.4845727524320077,0
3530,1.1805008457784174,0
3531,2.1402909989942756,0
3532,0.527015891695383,0
3533,1.123503607795237,0
3534,0.43809493537671423,0
3535,1.4000502307350038,0
3536,0.6672151309980474,0
3537,4.108597057339895,1
3538,0.41104350170171183,0
3539,2.2865465623092063,0
3540,1.491632230722053,0
3541,0.39331468853644264,0
3542,1.237514317696124,0
3543,0.7218658468231889,0
3544,0.3946983398919237,0
3545,0.3821771075542115,0
3546,0.456990698851385,0
3547,1.5768478564927895,0
3548,0.7542247713744313,0
3549,1.610903622015358,0
3550,1.9823945488049557,0
3551,1.9573391033476042,0
3552,1.6390829903974626,0
3553,2.255215034532566,0
3554,1.6631117027185975,0
3555,0.9940205398261586,0
3556,1.4724693015316255,0
3557,0.5817746600826936,0
3558,0.8368761794893846,0
3559,0.6294533676707276,0
3560,1.1767497566405025,0
3561,0.6980974288041111,0
3562,0.8907706463309764,0
3563,3.3031042423811248,1
3564,0.8515414369807239,0
3565,0.7333574818419327,0
3566,2.0013844192090873,0
3567,2.9373150918682907,0
3568,1.5885408263759933,0
3569,0.7245957023861126,0
3570,0.5635793938565964,0
3571,0.9399617979892337,0
3572,1.5094717341628372,0
3573,0.7530518251492111,0
3574,0.808706261966438,0
3575,1.2138608175434231,0
3576,2.126917169423889,0
3577,2.3549313284798483,0
3578,1.186228041353712,0
3579,1.7660126154197424,0
3580,0.7377192734813796,0
3581,1.007175311793674,0
3582,1.6770342740098831,0
3583,1.424007422311291,0
3584,0.7469028672322814,0
3585,0.4618308250818117,0
3586,1.364332766467838,0
3587,0.37017701222066324,0
3588,0.2765443280267533,0
3589,0.9468564754762198,0
3590,0.3232960504024119,0
3591,0.3850284574250287,0
3592,2.229745928112212,0
3593,1.7668111276791065,0
3594,2.5377511535678163,0
3595,2.04228270095981,0
3596,1.0953093441345956,0
3597,0.8756107151896443,0
3598,1.6125353091663088,0
3599,1.931575329291534,0
3600,0.30835125803576074,0
3601,0.8917394006847762,0
3602,1.5494406305202035,0
3603,1.6217822233255461,0
3604,0.8567282161223608,0
3605,1.360523167845716,0
3606,1.330248330683281,0
3607,2.193150471600336,0
3608,3.880373962979752,1
3609,2.5064906991097957,0
3610,0.7275652535859789,0
3611,7.479435827940806,1
3612,1.1437950260928829,0
3613,1.3070053876787058,0
3614,2.3310383500237686,0
3615,3.7731939813313007,1
3616,0.37069679590316545,0
3617,1.3970469807261348,0
3618,3.126042710562293,1
3619,0.4858643194604872,0
3620,0.9510617434079263,0
3621,0.46421169313448535,0
3622,0.8158421280275443,0
3623,1.667002701339124,0
3624,1.6232138449041862,0
3625,1.5905793865031348,0
3626,0.3624258982009006,0
3627,0.6377099329263634,0
3628,0.7541358010769466,0
3629,0.883513662391135,0
3630,1.2000583590285792,0
3631,1.3044807274629335,0
3632,1.5983474389009165,0
3633,2.333466790458982,0
3634,1.416169190363662,0
3635,0.7306168001117057,0
3636,1.2539882804650766,0
3637,0.3361050951573549,0
3638,0.554740460170029,0
3639,0.656905068462968,0
3640,1.4253491156528044,0
3641,1.5153244488456097,0
3642,0.6466317086921748,0
3643,0.9968200325554375,0
3644,1.5551653880060423,0
3645,0.9945495478973214,0
3646,2.699358219000349,0
3647,1.9726172005448623,0
3648,3.1064372236553557,1
3649,1.9800848537637676,0
3650,0.4822002830641873,0
3651,0.7129984041056902,0
3652,1.6917636487643455,0
3653,0.980060957903201,0
3654,1.7211965322630003,0
3655,0.8683278459615626,0
3656,1.6251629767472897,0
3657,0.8476147865089363,0
3658,0.8380263717795646,0
3659,1.7383922316699685,0
3660,0.9608082639856418,0
3661,1.1930489228392136,0
3662,1.7904537919245391,0
3663,1.6342589501500009,0
3664,1.8359518439163558,0
3665,0.6925937765772744,0
3666,2.4099077581934183,0
3667,2.2647355346113898,0
3668,2.147598513742964,0
3669,0.7675485774299322,0
3670,0.8686469892949352,0
3671,1.1571715228885535,0
3672,0.4235118862066341,0
3673,1.368961811515508,0
3674,0.8796584721569684,0
3675,0.9498640453237771,0
3676,1.0299657714567052,0
3677,0.9784334825875194,0
3678,1.2450100893112526,0
3679,1.0744301874076376,0
3680,0.6361195718352641,0
3681,2.439008162006372,0
3682,1.4641822542038272,0
3683,1.031146170301226,0
3684,0.9998407393592739,0
3685,1.628583289555003,0
3686,1.715952669992001,0
3687,0.2229171142108872,0
3688,2.293163092647395,0
3689,2.317212539007856,0
3690,3.0158409838719242,0
3691,2.7698602844814046,0
3692,1.0589697748274831,0
3693,1.1053839544125172,0
3694,1.6120008085556212,0
3695,1.0800446100529109,0
3696,0.23812756135680016,0
3697,1.4076506389567378,0
3698,1.0912133038718919,0
3699,0.3189423526606165,0
3700,2.620824987638147,0
3701,0.29853128773689797,0
3702,2.157739278052146,0
3703,0.34494851944653,0
3704,1.982039317812437,0
3705,0.9708744901164597,0
3706,0.9029320602944347,0
3707,0.807188714445471,0
3708,1.6785081013810577,0
3709,0.7797972086377761,0
3710,3.2378493666933137,1
3711,0.9469329175041182,0
3712,2.146479270454023,0
3713,1.1512805645886066,0
3714,1.0030422894129851,0
3715,2.2968832131804153,0
3716,0.29249474183280966,0
3717,0.7863812924262592,0
3718,1.5476255269470935,0
3719,1.7210968244304146,0
3720,0.927380307701346,0
3721,0.7925603405892849,0
3722,1.426086270617375,0
3723,1.009366977115103,0
3724,0.4602306200617432,0
3725,2.6861422634945877,0
3726,0.3135952577224999,0
3727,0.3579421797439244,0
3728,1.7123166027490095,0
3729,0.7391941254303792,0
3730,2.413712644318197,0
3731,1.1286972374948812,0
3732,3.0574833312737337,0
3733,6.694675328781556,1
3734,0.4107455387500118,0
3735,2.1226670706268886,0
3736,2.522819135167248,0
3737,1.790726781734537,0
3738,1.3262062473709377,0
3739,1.5668791494331902,0
3740,0.46888949689423626,0
3741,1.5023619248036346,0
3742,1.0034615422741444,0
3743,1.2415681799361162,0
3744,2.5550247707282376,0
3745,0.821551546988556,0
3746,1.0731230536274607,0
3747,1.2281637906297675,0
3748,1.3202246802768736,0
3749,0.3976837522209387,0
3750,0.8107303177133184,0
3751,0.7616416303977441,0
3752,1.5422254727407485,0
3753,1.772573306378354,0
3754,2.362847323325019,0
3755,0.6271907490912597,0
3756,0.21761100534956546,0
3757,0.20874120436082008,0
3758,1.2019588883866485,0
3759,0.9547495168949833,0
3760,1.5263719936163553,0
3761,0.5798778826184361,0
3762,0.3899272554878113,0
3763,1.1197181874947357,0
3764,1.0951157356866543,0
3765,0.2651094984175046,0
3766,0.5775853722336125,0
3767,1.267838798454226,0
3768,0.1585459229876877,0
3769,1.5724190870158417,0
3770,2.462323106856679,0
3771,2.9952544027087677,0
3772,1.5189959941481215,0
3773,3.011768766153146,0
3774,9.845431758750411,1
3775,0.742103961579767,0
3776,1.9394561133772588,0
3777,0.43642554530006167,0
3778,1.1462724373366213,0
3779,0.48703011391090006,0
3780,1.0285203980750055,0
3781,2.042441126783234,0
3782,1.142423912317293,0
3783,0.41059586825876093,0
3784,0.9172867895632025,0
3785,2.99808847282709,0
3786,1.7880865039982912,0
3787,0.1963454999867767,0
3788,2.737507236760143,0
3789,1.0280630952587784,0
3790,0.9644160798815122,0
3791,1.5785886658644737,0
3792,2.3066351332461665,0
3793,2.5922555375059004,0
3794,0.5269931212470077,0
3795,0.2537917717320376,0
3796,0.9057351595554636,0
3797,1.663085463230418,0
3798,1.3708276085797677,0
3799,0.21340527699245285,0
3800,0.8680090997599967,0
3801,2.1656636034280554,0
3802,3.8760096297012594,1
3803,1.5117311264877529,0
3804,1.1028310257507927,0
3805,1.731234483558494,0
3806,0.20347767338768774,0
3807,0.6524096617202985,0
3808,1.747152702596453,0
3809,0.7709816523181645,0
3810,0.5974667830751302,0
3811,1.1811361919790604,0
3812,0.5215506153554299,0
3813,0.4799073065073143,0
3814,1.3262670887664214,0
3815,0.38308280596356453,0
3816,0.906439017373986,0
3817,0.3780847142050129,0
3818,1.595171921250055,0
3819,0.666253091262847,0
3820,2.27795163362992,0
3821,0.9303645696559822,0
3822,2.244099505012428,0
3823,0.7924868577721484,0
3824,1.2104578118718274,0
3825,1.9957723004325325,0
3826,2.5576727137864745,0
3827,0.24603109300971523,0
3828,0.6291582975986232,0
3829,0.3670779177067349,0
3830,0.32883505190742957,0
3831,0.602693401638157,0
3832,1.540876172568782,0
3833,1.1428989219672574,0
3834,1.2631274969845165,0
3835,0.8851864220125357,0
3836,1.8749585414531984,0
3837,0.6134358997334848,0
3838,0.36483046291202215,0
3839,1.3925914734234495,0
3840,1.9343494965206258,0
3841,1.7112671876480676,0
3842,0.20229025785604474,0
3843,0.3091777102984504,0
3844,2.3396222952667514,0
3845,0.9735569688643151,0
3846,0.24263014812400685,0
3847,1.1154091525125376,0
3848,0.9902034441700455,0
3849,0.45558355860968336,0
3850,1.2512274777267725,0
3851,1.5389253086253438,0
3852,0.5569852577236866,0
3853,1.7685912845812761,0
3854,0.858209186246863,0
3855,0.4604919403430226,0
3856,0.5459789292838508,0
3857,0.7095750719408176,0
3858,1.1842644941938567,0
3859,1.2451320971599764,0
3860,0.9727477705100891,0
3861,1.564261999044833,0
3862,2.359167760614533,0
3863,1.1569289532714995,0
3864,0.1730457497742136,0
3865,0.8560880590279129,0
3866,1.594812634567067,0
3867,3.5496161641228725,1
3868,0.3453325073802241,0
3869,2.406007583500807,0
3870,0.909635948669447,0
3871,0.5634597389785122,0
3872,0.9148423026425896,0
3873,0.7989202947690043,0
3874,1.9639892911805101,0
3875,0.7813689134631063,0
3876,1.137934628891492,0
3877,0.3885482611464439,0
3878,1.7213919970538938,0
3879,0.7980833487039483,0
3880,1.9427901659651694,0
3881,1.9561606672875682,0
3882,1.2395080920748947,0
3883,0.3602356026402426,0
3884,1.4621461749872826,0
3885,4.203409992087903,1
3886,0.657343561367123,0
3887,1.3936894164123135,0
3888,0.7696427052376272,0
3889,1.2891330962991945,0
3890,0.6179421910026843,0
3891,1.0534441807771253,0
3892,0.36259194025306507,0
3893,0.8946422564614797,0
3894,0.3754218003985119,0
3895,1.448226975611149,0
3896,1.6008899072646192,0
3897,2.5707950330325335,0
3898,0.5878171703077976,0
3899,0.3756541983284499,0
3900,0.6814003273240185,0
3901,0.4755601326620694,0
3902,0.28799623551525655,0
3903,1.3758601788265683,0
3904,1.6411799791985195,0
3905,1.9420030723925643,0
3906,3.568920591488013,1
3907,0.9203702580101794,0
3908,0.2462062268389448,0
3909,5.029823831464126,1
3910,1.7069531502026514,0
3911,0.2841179080019351,0
3912,0.5944226750577352,0
3913,2.788292928014539,0
3914,0.7501649237283765,0
3915,3.8372393629548744,1
3916,1.0094521424921983,0
3917,1.6453784792307085,0
3918,2.158570152893404,0
3919,1.5602230543370614,0
3920,0.506555241398252,0
3921,1.8772796138292165,0
3922,0.308329095150115,0
3923,1.0582281846179487,0
3924,1.080154365092038,0
3925,0.24773577539969258,0
3926,0.11533554271723691,0
3927,1.1893914805819696,0
3928,1.185190009459345,0
3929,0.3107245638357543,0
3930,0.9716546605222436,0
3931,2.0260337353579345,0
3932,1.1635639433303997,0
3933,0.31290485172799465,0
3934,1.0950289025071447,0
3935,1.2932344143011958,0
3936,0.3441679950134469,0
3937,0.6353159119514227,0
3938,0.9289609619561622,0
3939,1.868097196407214,0
3940,0.4536374355874175,0
3941,1.5982038606871036,0
3942,2.6199305935863544,0
3943,0.6544755218352163,0
3944,1.9617783852261572,0
3945,0.6343205815623801,0
3946,1.085588722554409,0
3947,0.9275513179687097,0
3948,0.7817472140243164,0
3949,0.4316839501937643,0
3950,2.3252146030750462,0
3951,0.3105027631419873,0
3952,1.6923510287478782,0
3953,1.9449771145303254,0
3954,1.3082785110243877,0
3955,4.326098708793449,1
3956,1.03660412544509,0
3957,0.20823786507036354,0
3958,1.5248035929130885,0
3959,1.621585127037396,0
3960,1.0152071502682753,0
3961,0.7755159597233207,0
3962,1.351776019784627,0
3963,0.49751835621335716,0
3964,0.44101236869691335,0
3965,1.2769340201272026,0
3966,3.715522135318488,1
3967,1.5546632135384888,0
3968,1.4407700995459771,0
3969,0.3093220549955789,0
3970,1.518553563472078,0
3971,5.499273652424692,1
3972,1.410055982683337,0
3973,0.9993109409539457,0
3974,1.0450172965285558,0
3975,1.6101342001229648,0
3976,1.1270401170757993,0
3977,0.6769770242730075,0
3978,0.16113033775611027,0
3979,0.5993163196541066,0
3980,0.8508662533266098,0
3981,1.2121647214601823,0
3982,0.3011170583099995,0
3983,1.1670601493731216,0
3984,1.1183474318656201,0
3985,0.1540099797835526,0
3986,3.039276819147299,0
3987,0.813648268472389,0
3988,1.9071376850755342,0
3989,1.421307239156264,0
3990,1.736149223879962,0
3991,1.470073758166464,0
3992,1.1456718318531394,0
3993,1.6876799381642473,0
3994,1.9866437732770652,0
3995,1.627189565955687,0
3996,0.47403935237218103,0
3997,0.3035878832337358,0
3998,0.6856179381478184,0
3999,1.7567538172361608,0
4000,2.043276194758493,0
4001,0.9175415714496215,0
4002,4.109547277433218,1
4003,2.2209320383644466,0
4004,0.8510755187706135,0
4005,0.722385709116974,0
4006,1.9000099748586279,0
4007,1.2273716994980646,0
4008,0.30404585052668626,0
4009,0.6394441409952533,0
4010,0.7029209352207668,0
4011,0.797383194021894,0
4012,0.949565412815893,0
4013,1.3301096352239696,0
4014,0.8415634793016236,0
4015,2.6372434030736356,0
4016,1.5761390667185278,0
4017,0.3170624869911851,0
4018,0.588663432740883,0
4019,0.46997635950011313,0
4020,0.3690398055170664,0
4021,0.3167133949407172,0
4022,1.1345397426609571,0
4023,1.3937810261591475,0
4024,1.473161716895567,0
4025,2.8370712681184984,0
4026,0.731391272318435,0
4027,1.8894600414728466,0
4028,0.2780294911747865,0
4029,0.8026149172666919,0
4030,0.40860893032110573,0
4031,1.0304310554295606,0
4032,0.752338401119829,0
4033,1.5170431817345371,0
4034,1.4084980471443092,0
4035,1.212575263163096,0
4036,1.0416708563638684,0
4037,1.5433731100785726,0
4038,0.7305070092437472,0
4039,2.3006444687867944,0
4040,2.4188539824929487,0
4041,1.4046950487103314,0
4042,0.5179008458180854,0
4043,0.29686908932933337,0
4044,0.5527798544205976,0
4045,0.2600249638635356,0
4046,1.011251646007988,0
4047,2.2915756901978788,0
4048,1.8050208757144568,0
4049,1.1113437083836433,0
4050,1.0289346978685034,0
4051,0.4609701862566378,0
4052,1.1781480677887826,0
4053,1.3724263259297211,0
4054,0.8366773889875618,0
4055,0.4513422518534103,0
4056,0.8981580299593998,0
4057,0.5759405768701757,0
4058,3.4718037743237815,1
4059,7.333697583715585,1
4060,3.850620527113698,1
4061,1.0933773045643504,0
4062,0.972991599639015,0
4063,0.4012904249878987,0
4064,1.2646690728523808,0
4065,2.4078274733773597,0
4066,1.0132016300487567,0
4067,1.4475525435783503,0
4068,2.022865631612068,0
4069,1.3214821109491564,0
4070,0.3269842973110799,0
4071,0.32082744934562596,0
4072,1.1688050276243689,0
4073,0.7014058023432058,0
4074,1.4610193020955669,0
4075,0.4791641663747049,0
4076,1.0370485797451368,0
4077,1.0857217417074407,0
4078,0.5054968453058352,0
4079,0.8082924799463848,0
4080,0.41306456900429706,0
4081,1.0542626376407573,0
4082,1.5550153335556764,0
4083,0.8723950105260191,0
4084,1.2451337290751259,0
4085,1.1736583867111792,0
4086,4.829094883813233,1
4087,0.7744474211870749,0
4088,1.1634827273246844,0
4089,0.1963454999867767,0
4090,0.3187129745135772,0
4091,1.4635441579982134,0
4092,1.4429468197290842,0
4093,1.087921428203938,0
4094,0.9066551344425088,0
4095,1.5733423061867797,0
4096,0.8549897113905682,0
4097,0.9692305229423172,0
4098,1.7371801058179615,0
4099,3.5782203337189693,1
4100,0.4855248688886936,0
4101,3.3377960564443567,1
4102,1.9846305714421908,0
4103,0.7257453672486923,0
4104,2.0044866850671257,0
4105,1.0390866743604261,0
4106,2.644820494138867,0
4107,2.4316201768248296,0
4108,1.8183869811746434,0
4109,0.23025359572242513,0
4110,0.3300273027378869,0
4111,1.2289838625512388,0
4112,1.2237553254516673,0
4113,2.6464669252391317,0
4114,0.7877011905860335,0
4115,2.7724214423667197,0
4116,0.422312293128879,0
4117,0.4061465242819319,0
4118,0.7159541973975542,0
4119,1.1433832125604686,0
4120,0.9751566337118069,0
4121,1.4277357534808073,0
4122,0.3135334312198345,0
4123,1.7421329417213343,0
4124,1.9691416627225422,0
4125,0.677856025065061,0
4126,1.686616516896611,0
4127,1.3702303326174647,0
4128,0.40637365999438135,0
4129,1.525010035753657,0
4130,0.47183515102003104,0
4131,2.493070220705297,0
4132,3.582872278515487,1
4133,1.4721977866951124,0
4134,1.516431805570552,0
4135,1.3567534337171019,0
4136,2.0760046446839304,0
4137,1.694695114975129,0
4138,0.24560438290666595,0
4139,1.9674187635765956,0
4140,0.29176580189932866,0
4141,1.27169623261693,0
4142,0.4675018003105796,0
4143,1.4650833866382358,0
4144,2.0108019015938976,0
4145,0.8550260535348088,0
4146,0.41565806449599696,0
4147,2.168082684672906,0
4148,0.5566973014453575,0
4149,1.1603327313843124,0
4150,1.3746553016602852,0
4151,0.9182052187942126,0
4152,2.3652449281307666,0
4153,1.3184643091162456,0
4154,0.962256790146077,0
4155,1.7928558284327678,0
4156,0.5855960953353344,0
4157,1.6814516689679582,0
4158,1.0368546394495461,0
4159,1.8945022861827643,0
4160,2.648791997770978,0
4161,1.30171139988893,0
4162,0.378748923085987,0
4163,0.8958222899085534,0
4164,2.009653259023234,0
4165,3.4399070779255014,1
4166,2.223517812770127,0
4167,0.7509788366670233,0
4168,0.42859951647830263,0
4169,2.3268790956772167,0
4170,1.0732059062776176,0
4171,1.001500189131574,0
4172,1.818373990488186,0
4173,1.9403809935313103,0
4174,1.0724380701215916,0
4175,1.1343944646569015,0
4176,2.6396220595818023,0
4177,0.7312181066498022,0
4178,1.3860323579444336,0
4179,1.0037425951052978,0
4180,0.6161845654594765,0
4181,1.2167344777548068,0
4182,0.3823775798034171,0
4183,1.3476885053043304,0
4184,1.5726235214287874,0
4185,0.8280353777572114,0
4186,1.6254196762004447,0
4187,0.4033297940170838,0
4188,2.758111906389027,0
4189,1.6536195868052108,0
4190,2.1383924110218175,0
4191,0.43530313965373324,0
4192,1.883686463066487,0
4193,1.0420632038145596,0
4194,1.6322680991857272,0
4195,2.416671349482107,0
4196,0.6379282281683002,0
4197,1.4828301711190361,0
4198,1.0594660582429458,0
4199,0.3616185261984227,0
4200,1.4027904243698894,0
4201,2.8932213017129036,0
4202,1.6417316778110156,0
4203,1.4261259901633945,0
4204,0.8183296869052226,0
4205,2.18182462048753,0
4206,0.2616815534779585,0
4207,0.6464131290551907,0
4208,1.4053900574310871,0
4209,7.106121771596322,1
4210,0.7569318655769848,0
4211,2.1713342318215214,0
4212,0.9722674341280404,0
4213,1.31157695664301,0
4214,0.46929214373177786,0
4215,0.4092799381885742,0
4216,2.2232408706129965,0
4217,0.8823392829040411,0
4218,1.1978008217851326,0
4219,0.3222525606330704,0
4220,1.8092376946621307,0
4221,1.9170430749089824,0
4222,2.5202516806897393,0
4223,1.2905274696906655,0
4224,1.5182681696148999,0
4225,0.46895716030041423,0
4226,2.6860926601503308,0
4227,1.2590899059607592,0
4228,0.6770638863253906,0
4229,1.2072636105003334,0
4230,0.6748780991498057,0
4231,1.3278010512230514,0
4232,4.575583344580575,1
4233,0.8491603879186945,0
4234,1.196830421167594,0
4235,0.749221794161335,0
4236,1.2853926747227349,0
4237,0.29098916070829345,0
4238,0.3597187608300419,0
4239,0.9337963010862427,0
4240,0.90745090237763,0
4241,0.6326103022940427,0
4242,0.6327780056394633,0
4243,1.2382476044308774,0
4244,0.5161391214724846,0
4245,0.47579627900905624,0
4246,1.6677047395709663,0
4247,1.3139399194091714,0
4248,1.6649702176406884,0
4249,0.46052960960248474,0
4250,0.6314463615865145,0
4251,1.7575876831938686,0
4252,1.2433214967760884,0
4253,0.5149377621203257,0
4254,0.30099733936119366,0
4255,0.3680289481941832,0
4256,2.4721476176691897,0
4257,3.7955698571405496,1
4258,1.6834908037704068,0
4259,0.7207724306458658,0
4260,0.3329451958730243,0
4261,1.301858708814767,0
4262,1.391908970222161,0
4263,2.4697201239341813,0
4264,2.2683958990789606,0
4265,3.2136172515309394,1
4266,1.1593377782440173,0
4267,2.1376367214603773,0
4268,1.349734954757007,0
4269,0.5876434192982535,0
4270,0.6339816683676697,0
4271,0.949850152625306,0
4272,0.5430219561319336,0
4273,0.7989259583785453,0
4274,0.5839621992827176,0
4275,2.324715756141397,0
4276,0.31391758200794295,0
4277,0.9403307148830371,0
4278,0.4109711897611726,0
4279,0.5401221220204856,0
4280,0.9291669260674951,0
4281,0.21462614160723967,0
4282,1.2790887621827782,0
4283,0.9503463169419631,0
4284,0.5115602379577776,0
4285,0.877142542749823,0
4286,0.3889989970629416,0
4287,2.038300246509705,0
4288,0.3311094353306471,0
4289,0.6987505091464186,0
4290,0.6625775288460176,0
4291,0.44604366973926574,0
4292,0.3435945872736259,0
4293,0.7585278783780836,0
4294,0.3307287569490402,0
4295,2.439515763050957,0
4296,2.001847419068914,0
4297,0.49965627945636826,0
4298,0.9542766790449904,0
4299,1.8808581284489057,0
4300,1.294919008677519,0
4301,1.65003149460555,0
4302,1.583968996872733,0
4303,2.453530131852602,0
4304,0.6421942538598879,0
4305,0.5536709037629952,0
4306,0.16021263825732915,0
4307,1.445059489050421,0
4308,1.269449997400047,0
4309,0.4047107939058818,0
4310,1.1009248011213408,0
4311,0.9200775991411734,0
4312,1.139563994312448,0
4313,1.780611271997685,0
4314,1.097280470489149,0
4315,0.235829359779599,0
4316,0.2549330803278621,0
4317,0.9526987035230626,0
4318,2.496658882722099,0
4319,1.5941232919244035,0
4320,0.820400247809219,0
4321,0.2939007776022748,0
4322,1.2712453045666783,0
4323,5.258110300559068,1
4324,1.908930384213297,0
4325,0.6850186220267719,0
4326,1.2080148512022608,0
4327,0.38951565727791265,0
4328,1.0854382513298055,0
4329,1.1449518547415387,0
4330,2.034297440797522,0
4331,1.309544117258644,0
4332,2.049867042702551,0
4333,2.7286801592227774,0
4334,0.5866921318344963,0
4335,1.0230093776008944,0
4336,6.267383774638923,1
4337,1.7528659151447326,0
4338,2.2953579493449747,0
4339,1.133113440552076,0
4340,2.818757526284065,0
4341,0.38540299893467406,0
4342,0.4564000500674873,0
4343,2.009302206170795,0
4344,0.600979099734151,0
4345,1.1651327766847206,0
4346,1.3960155677164428,0
4347,2.788236471563399,0
4348,0.5411607558897163,0
4349,1.217483838417486,0
4350,0.3496231428883099,0
4351,0.9403731703060567,0
4352,1.470014685684388,0
4353,0.9349997451936197,0
4354,1.1080282179264178,0
4355,1.336065736557811,0
4356,1.2170432810005836,0
4357,1.355320479228584,0
4358,0.7326986324046477,0
4359,0.4202475129696719,0
4360,1.7280881470561278,0
4361,1.1855557285191898,0
4362,1.2343230842824806,0
4363,1.0628135096941311,0
4364,1.475031498095402,0
4365,1.5114052263008184,0
4366,1.862164375158394,0
4367,0.3196806725289061,0
4368,1.342813798968772,0
4369,0.5865026196742025,0
4370,1.6158473165352172,0
4371,0.6078265910753516,0
4372,2.7919683539457605,0
4373,0.9215043731404388,0
4374,2.7761403543698444,0
4375,1.3034047125970125,0
4376,0.7877741307735143,0
4377,1.5663673412730634,0
4378,0.9194486916542548,0
4379,1.8923013227150696,0
4380,1.998518497500971,0
4381,0.557659355516428,0
4382,2.1551626423184618,0
4383,1.953283163911421,0
4384,2.0498439662202452,0
4385,1.4245084564180197,0
4386,1.964442473464452,0
4387,3.0818274321175707,1
4388,2.113266129273087,0
4389,1.2514696271388905,0
4390,1.1822054068537555,0
4391,1.06043709164279,0
4392,0.17497019490875182,0
4393,0.32115279361674937,0
4394,3.1228330350520315,1
4395,0.9232322570744841,0
4396,1.0042948532122753,0
4397,0.6306052495128188,0
4398,2.2337965879267108,0
4399,1.0224756893508127,0
4400,1.6261416950886207,0
4401,1.7527491627661118,0
4402,1.9606313695651814,0
4403,0.3126674698591582,0
4404,2.399735092244225,0
4405,1.3855337313343044,0
4406,0.21254935320773977,0
4407,0.24174439285452123,0
4408,2.5064051024259637,0
4409,1.4766470500570106,0
4410,0.8818835475273442,0
4411,1.8760989576049387,0
4412,0.8609417464531146,0
4413,1.0266920724593402,0
4414,3.250506808731095,1
4415,1.3914545073256277,0
4416,4.035181903597699,1
4417,2.005665233992649,0
4418,0.8526955553686952,0
4419,0.9442909091971063,0
4420,0.9808878662722894,0
4421,1.3808940370158544,0
4422,0.557619913919942,0
4423,0.46631870637020423,0
4424,3.1375787513431903,1
4425,1.1351639733646313,0
4426,0.36173849396702945,0
4427,1.2440914479220777,0
4428,4.049792919162985,1
4429,1.5125189380540758,0
4430,0.80031114023575,0
4431,0.8477914799168893,0
4432,2.08291463780554,0
4433,4.132258590962866,1
4434,0.3534458978945418,0
4435,0.19394098072313165,0
4436,0.5916887959981602,0
4437,0.38141207276596245,0
4438,3.210299259701136,1
4439,1.8620523200822492,0
4440,0.8184335323961854,0
4441,0.4013802572058075,0
4442,0.8085425822677926,0
4443,2.3877365439668243,0
4444,2.913629005895984,0
4445,0.3032238341662051,0
4446,2.2611609858857533,0
4447,1.3898474164432726,0
4448,1.1125298945361837,0
4449,0.6486794331059559,0
4450,0.4342681879611797,0
4451,0.3275389964469621,0
4452,0.2971325794339133,0
4453,1.1838766212961114,0
4454,1.3620305709883316,0
4455,0.864353895172224,0
4456,0.7753225141784348,0
4457,1.5835922488286076,0
4458,0.46073769471960824,0
4459,0.8908066069015135,0
4460,1.4953217050346788,0
4461,1.1964861804907267,0
4462,0.8880211478369822,0
4463,1.0812230135813614,0
4464,0.30613763336617483,0
4465,1.8193569916763201,0
4466,0.8695755717098484,0
4467,0.7160801865088691,0
4468,1.8090519310992639,0
4469,2.2440458773190106,0
4470,2.112329137507812,0
4471,0.6901992530083052,0
4472,1.5335984956164281,0
4473,1.085066878540015,0
4474,1.2512808052010673,0
4475,0.947680913775465,0
4476,1.1632694364494542,0
4477,0.4362459926280918,0
4478,1.3708209869829526,0
4479,0.5112767768214325,0
4480,2.4513088538131216,0
4481,4.672819702066886,1
4482,2.319293054349835,0
4483,0.615736503389451,0
4484,2.0531590697531943,0
4485,0.31442091631077135,0
4486,1.3307583978752562,0
4487,0.6850627914037878,0
4488,1.2768008189565925,0
4489,0.6551639642235475,0
4490,0.48882962880807085,0
4491,0.40839190990393437,0
4492,0.5923066845995473,0
4493,1.2595735405013841,0
4494,2.298634022998734,0
4495,1.0231497441671151,0
4496,0.687471220372128,0
4497,1.2381624948626355,0
4498,1.0441110846770674,0
4499,0.24119060392932873,0
4500,0.39786804069024784,0
4501,1.6729483462854404,0
4502,0.8766378838550021,0
4503,1.2815086230676158,0
4504,0.4041581345272535,0
4505,1.4678031016733668,0
4506,1.5621059180297303,0
4507,2.2849677315042594,0
4508,1.1081839716497772,0
4509,1.4130639715521243,0
4510,0.35373014281732656,0
4511,0.47041411767919467,0
4512,1.5994642351687318,0
4513,3.030086457097303,0
4514,0.5280085392194026,0
4515,1.0816693490189935,0
4516,1.043657561938146,0
4517,0.7304375347820067,0
4518,1.5707029632956815,0
4519,0.951742525047527,0
4520,0.7840323661837313,0
4521,0.38242764609784874,0
4522,1.9425626872024864,0
4523,1.0145574209500543,0
4524,2.177609454237585,0
4525,1.1234995796175837,0
4526,1.3298579728487676,0
4527,0.9637453444659388,0
4528,2.681373726096571,0
4529,0.3375044689297137,0
4530,1.352459631390773,0
4531,0.8219062245044008,0
4532,0.30318753065136206,0
4533,1.957079662619598,0
4534,1.1721059831556466,0
4535,0.7144165905023001,0
4536,1.9602142839442136,0
4537,2.614771316139296,0
4538,0.18003801641304698,0
4539,1.1435184377766126,0
4540,0.5882607094233013,0
4541,1.2163501985418972,0
4542,0.924784558495882,0
4543,0.7562516569110961,0
4544,1.038795731874483,0
4545,1.2132813500129207,0
4546,2.439697811448377,0
4547,1.1852195530701668,0
4548,0.6115306330394497,0
4549,3.9144377471115765,1
4550,1.6100548707689935,0
4551,0.7123454314489127,0
4552,3.1142938674442244,1
4553,10.281945909607378,1
4554,2.063696463776949,0
4555,1.175191922733308,0
4556,0.742266108032864,0
4557,1.415240404857696,0
4558,0.609409303253605,0
4559,2.0075770923354255,0
4560,0.6808420664883268,0
4561,0.649056367479706,0
4562,1.2013063321269313,0
4563,1.5452432325410679,0
4564,1.3339004711062912,0
4565,1.397110148218791,0
4566,1.2024183165314493,0
4567,0.7483209831007669,0
4568,0.2642003447348737,0
4569,0.6750891792378755,0
4570,0.7346162762979576,0
4571,0.7529534233337741,0
4572,1.2770228900844698,0
4573,0.8952770877302967,0
4574,1.248822399930854,0
4575,1.2048782701096783,0
4576,0.8694462592902013,0
4577,0.33397759846822245,0
4578,1.966122130199271,0
4579,2.116411314644696,0
4580,0.5073246720949979,0
4581,0.8623535321532297,0
4582,2.229123356699847,0
4583,1.059114067841953,0
4584,1.5516610056698403,0
4585,0.22766160945426042,0
4586,0.5188624138129501,0
4587,1.117401504499886,0
4588,0.6676663836653141,0
4589,0.703414860056628,0
4590,1.088539381605158,0
4591,0.6019596740465523,0
4592,1.035480151369669,0
4593,1.518902560039239,0
4594,1.2826824975479885,0
4595,0.6433224865257375,0
4596,0.40803680785642177,0
4597,0.6684066922502058,0
4598,1.5007441515016,0
4599,0.923776408776406,0
4600,1.7756429851713722,0
4601,0.4643576014173696,0
4602,1.109167774903736,0
4603,4.677603493566369,1
4604,0.3917021291637726,0
4605,1.0047726348038863,0
4606,1.0170841223220342,0
4607,3.4524897054384107,1
4608,0.8490706289576185,0
4609,0.8081344308345517,0
4610,0.6984071645033971,0
4611,2.843572405781845,0
4612,0.14505132816512212,0
4613,0.4802612859445438,0
4614,1.6857323858074695,0
4615,0.8315478901353146,0
4616,0.7525472529475998,0
4617,0.4228956462835084,0
4618,0.484883257192008,0
4619,0.5550469825222699,0
4620,0.3854717685763004,0
4621,1.585558700541879,0
4622,0.9573727894269981,0
4623,1.0465158559256165,0
4624,1.1792876466307782,0
4625,4.098340174718493,1
4626,1.0111086711052428,0
4627,0.3053144741570254,0
4628,0.9164168582130934,0
4629,1.6392191994253624,0
4630,1.0052618371299153,0
4631,0.2592877343188066,0
4632,0.9525219172019079,0
4633,1.7558343798653564,0
4634,2.6846419023778383,0
4635,1.6177445413295959,0
4636,1.2027482906091564,0
4637,0.18805484127518224,0
4638,1.3192969033018593,0
4639,2.1859588478282697,0
4640,1.8628287464212478,0
4641,0.6324074818963894,0
4642,0.8220743954073001,0
4643,1.8741499682586462,0
4644,1.8142922455150698,0
4645,1.660760634494293,0
4646,3.1940552289461324,1
4647,0.868073701453825,0
4648,0.7136072653543191,0
4649,0.5935485838061052,0
4650,0.5079751353657179,0
4651,2.202622818027026,0
4652,0.9956746615636886,0
4653,1.7855253629174905,0
4654,0.43566616199996955,0
4655,1.4612210259631129,0
4656,0.5697191954037988,0
4657,0.3975564784378769,0
4658,1.28023213394227,0
4659,0.7325967329395012,0
4660,1.5995382885461018,0
4661,0.6332514282233803,0
4662,0.25699937997846817,0
4663,2.531545590029567,0
4664,0.4024568078438809,0
4665,3.453324195933405,1
4666,0.45444958568031485,0
4667,1.1004557546762515,0
4668,0.6910453020606027,0
4669,1.4140502079918982,0
4670,2.057245345347726,0
4671,0.5733781301812094,0
4672,0.9798640292569213,0
4673,0.8475298034302134,0
4674,4.575411502361765,1
4675,0.39151477738258417,0
4676,1.9716217618927196,0
4677,0.7895761749696419,0
4678,1.746719123562224,0
4679,2.080682859415386,0
4680,0.8428093243043875,0
4681,1.364731132401282,0
4682,4.015410638994283,1
4683,2.1482400974854174,0
4684,0.3562466039210579,0
4685,1.2253523391467003,0
4686,0.3915757658746956,0
4687,0.33225937275436146,0
4688,0.6083311576155506,0
4689,2.237503463488585,0
4690,1.8451804327570283,0
4691,0.3668472027851047,0
4692,1.0859736495879337,0
4693,0.5026433324734698,0
4694,0.4350618429225043,0
4695,1.9668798317361478,0
4696,1.3403683636179877,0
4697,1.562045680997112,0
4698,0.5577355436768489,0
4699,0.5797354332936496,0
4700,1.9591697504348986,0
4701,0.544050043082236,0
4702,1.401394631293468,0
4703,3.257134452183858,1
4704,1.4479015337012535,0
4705,1.996472361301106,0
4706,0.37585158466165663,0
4707,0.8152247115798753,0
4708,0.30388961651730434,0
4709,1.4560137943625802,0
4710,3.670034485925072,1
4711,0.6289754481313601,0
4712,1.5413887882711024,0
4713,1.1560139278887411,0
4714,0.6425438453375257,0
4715,1.887773970581785,0
4716,0.455332008419626,0
4717,0.3219083475111085,0
4718,1.5821232294424257,0
4719,0.8767425781083886,0
4720,0.8023032623268712,0
4721,0.7541985329101113,0
4722,1.5998735265874948,0
4723,1.1870696656763575,0
4724,1.3993630005722109,0
4725,1.0659006844193812,0
4726,1.4496517568166805,0
4727,0.7859158526667734,0
4728,0.8538924243088092,0
4729,1.0543965037350893,0
4730,0.6386465137715124,0
4731,2.001431331540088,0
4732,1.2645538612213634,0
4733,2.3332649335938216,0
4734,2.6219763587645275,0
4735,3.1255260752533185,1
4736,0.7984924583576549,0
4737,0.9423475521886303,0
4738,1.7433147274686385,0
4739,0.6756260122578843,0
4740,1.6091821028170352,0
4741,2.412673307878111,0
4742,0.2510754364130993,0
4743,1.7031949204552006,0
4744,2.5105497035397972,0
4745,1.6067052122373537,0
4746,1.1675963539716103,0
4747,1.4620287165419554,0
4748,1.6712696466822872,0
4749,0.9363619717421733,0
4750,0.2736709471303156,0
4751,0.38612108626194513,0
4752,1.9169222080518422,0
4753,3.3053218562049986,1
4754,2.086016366905928,0
4755,2.361977467018417,0
4756,0.45690061323551173,0
4757,0.9456881892502066,0
4758,3.2846258654900202,1
4759,1.5385808189975805,0
4760,1.2943161294312209,0
4761,3.057496850346553,0
4762,0.7943136152539434,0
4763,1.3656301125366415,0
4764,0.8654355080485809,0
4765,4.505972687777736,1
4766,1.0232104737329526,0
4767,2.3202018887849007,0
4768,2.10379365301286,0
4769,1.9653333893481777,0
4770,1.0177437729138463,0
4771,2.520218857330236,0
4772,0.44288070551052655,0
4773,0.3919119874457721,0
4774,0.5940435869277404,0
4775,1.4658306983280054,0
4776,0.4643716154420233,0
4777,0.49520838584392346,0
4778,1.8856158371988256,0
4779,0.39676074874117123,0
4780,1.7490382895616772,0
4781,1.5130087376562824,0
4782,0.4593151855255673,0
4783,1.6392281334547911,0
4784,0.35463192837132607,0
4785,3.070879060441136,1
4786,1.9095276557079395,0
4787,1.626873090657163,0
4788,1.4784177638526788,0
4789,1.295150527295034,0
4790,1.8766940540150068,0
4791,2.043297131601922,0
4792,0.6689293730752487,0
4793,1.0725209672369298,0
4794,1.762122388426401,0
4795,0.463364368291458,0
4796,0.28622590084016825,0
4797,0.7067496178782796,0
4798,2.2861037699833,0
4799,1.1151123613286904,0
4800,0.9825922432202424,0
4801,7.8031569816455315,1
4802,0.3561778888065515,0
4803,0.779750210534168,0
4804,0.23705430775044917,0
4805,3.651789113450566,1
4806,0.4041749356904353,0
4807,2.0803598927079823,0
4808,2.194932111039057,0
4809,4.495614397246603,1
4810,1.3620839374244007,0
4811,0.3061845042943874,0
4812,1.891525795156247,0
4813,0.5879134418935261,0
4814,1.1665613011572342,0
4815,0.9288637811223961,0
4816,0.3434309989852948,0
4817,0.36732814109485795,0
4818,1.027602314904052,0
4819,0.6137739671616634,0
4820,0.4848664777027798,0
4821,2.404766401862664,0
4822,2.6685303220141194,0
4823,1.283490568206678,0
4824,1.3464577541419918,0
4825,0.6608782715989255,0
4826,1.4316772028707154,0
4827,0.42401635724347525,0
4828,1.9304925583122983,0
4829,0.9674477998129121,0
4830,0.5828105734622772,0
4831,1.2451510716824354,0
4832,1.624721698417173,0
4833,0.6045536101157423,0
4834,2.444681220193325,0
4835,0.48728813390881215,0
4836,1.8981599926313104,0
4837,0.3829180571828761,0
4838,0.46364238315080136,0
4839,0.6992750174527196,0
4840,1.2815138777829593,0
4841,2.818050736688424,0
4842,1.158044903547748,0
4843,0.3053699761288108,0
4844,0.5089527400639852,0
4845,0.4190938708737361,0
4846,0.12299223036923354,0
4847,1.7388132277888289,0
4848,0.42196990033659776,0
4849,0.3441344966035106,0
4850,0.3814202164361638,0
4851,2.001516524274249,0
4852,0.998333703385497,0
4853,1.1827121716916658,0
4854,0.7943899556872671,0
4855,0.7242438352338993,0
4856,0.4528181043495466,0
4857,1.29105410272914,0
4858,1.5762741733403516,0
4859,1.3549474306672502,0
4860,1.092949627969729,0
4861,0.24666102594171377,0
4862,1.537462266906108,0
4863,0.4464441614705576,0
4864,0.16532861808936403,0
4865,4.471617898635336,1
4866,0.944084089232909,0
4867,3.630852415934875,1
4868,1.2199884624431787,0
4869,2.728564649550242,0
4870,0.35581209213618775,0
4871,0.4052671928608953,0
4872,0.46013457026455273,0
4873,2.5785845667400715,0
4874,3.062056480091075,0
4875,1.1620528916593182,0
4876,3.4762649860247437,1
4877,0.6746286486920297,0
4878,0.7148097827491091,0
4879,0.7092830672886022,0
4880,1.0204229907033984,0
4881,0.31502667054864836,0
4882,0.6873214339705895,0
4883,2.156572248233586,0
4884,1.107823275060675,0
4885,0.9984530573703851,0
4886,1.5384817617481241,0
4887,1.078911162439821,0
4888,0.3495937761993678,0
4889,0.5127723840090848,0
4890,1.3628322226653502,0
4891,9.685716760252856,1
4892,0.463916503018207,0
4893,1.2353970534488286,0
4894,1.166198196549621,0
4895,1.1373172817982218,0
4896,1.8278124143511738,0
4897,0.3145440728453497,0
4898,0.5737137029574568,0
4899,0.45414922919824513,0
4900,0.9398944254712712,0
4901,1.060594806979483,0
4902,1.4176631499040802,0
4903,1.476831152396433,0
4904,0.5215215553472058,0
4905,1.305281995423186,0
4906,0.3593798935344659,0
4907,0.36554586905399655,0
4908,1.446563678971298,0
4909,1.4781586116362666,0
4910,1.216254777181924,0
4911,2.806937751927561,0
4912,0.7838803944636387,0
4913,3.855249026402793,1
4914,1.0975087030736008,0
4915,1.288955688526233,0
4916,0.4208888386222254,0
4917,1.1242621546619609,0
4918,2.2592324189909223,0
4919,9.349085238562083,1
4920,0.4515814625706824,0
4921,1.3010630597399868,0
4922,0.20199036833001183,0
4923,0.37110204895123255,0
4924,2.3271667988057216,0
4925,1.0894201995362964,0
4926,1.7917132011548873,0
4927,1.0216883361859808,0
4928,2.45547101238811,0
4929,1.2021204344548384,0
4930,0.4897761537403581,0
4931,0.5553212094988542,0
4932,0.3642358150481188,0
4933,1.0909995428427028,0
4934,1.4079171477768349,0
4935,0.9662561755553689,0
4936,0.8920055265456415,0
4937,1.4220218473736805,0
4938,1.143893003481064,0
4939,1.1745512915512406,0
4940,0.3806297526203213,0
4941,0.2571551838011629,0
4942,0.4060453713793762,0
4943,0.20740720407276453,0
4944,3.154654640515175,1
4945,0.7329870653385656,0
4946,0.705196062265257,0
4947,1.9569919121236439,0
4948,0.7069151395474285,0
4949,1.0349864270997449,0
4950,1.5758996502589853,0
4951,0.9786893971074986,0
4952,1.2015712435372317,0
4953,1.4485987955071915,0
4954,1.0293677617398882,0
4955,2.005962819530771,0
4956,2.8291567869022938,0
4957,1.0584406506584647,0
4958,1.7523139736790398,0
4959,0.6696439491294082,0
4960,1.2269898843961589,0
4961,0.29193969724228114,0
4962,0.21956630051044623,0
4963,1.9859936848514361,0
4964,1.501894354326345,0
4965,1.1130605788247192,0
4966,0.4513675266942784,0
4967,0.24038177417391715,0
4968,0.6078229100154398,0
4969,0.4151351458157736,0
4970,0.7383439140682692,0
4971,1.3886841133374241,0
4972,0.4101093819715161,0
4973,2.7353709390009016,0
4974,0.7576449317833098,0
4975,0.59705597077326,0
4976,0.17964651808205484,0
4977,0.8422476747670679,0
4978,1.1860654619916267,0
4979,1.3764755430290827,0
4980,0.3531107501777501,0
4981,2.1972306553619685,0
4982,1.2273091366919198,0
4983,2.069308545917619,0
4984,0.8256271208658162,0
4985,1.0421612135173857,0
4986,1.388349240280856,0
4987,0.2803691781295008,0
4988,1.3788943077153704,0
4989,0.7854490549144081,0
4990,1.5796617301727678,0
4991,1.2206345028902497,0
4992,0.9602318043324526,0
4993,3.072118998580833,1
4994,2.4648277371999643,0
4995,0.2988551038089048,0
4996,1.6051425224024873,0
4997,1.103066672168128,0
4998,1.6917618810798927,0
4999,0.4244832143921339,0
5000,1.459675975404171,0
5001,3.5584537475548403,1
5002,1.5932195063097758,0
5003,0.4827617133368234,0
5004,2.154839812200382,0
5005,2.8245266926734565,0
5006,0.2326364950998195,0
5007,1.4116532568979678,0
5008,1.382353442689774,0
5009,0.22909372049352042,0
5010,0.9684116419494323,0
5011,2.6763447147060813,0
5012,1.4436729959285455,0
5013,0.9467740347096903,0
5014,1.5376466998966407,0
5015,1.354971273933121,0
5016,1.2174319739899353,0
5017,2.101393229415532,0
5018,0.8462900133113537,0
5019,1.4447461862523647,0
5020,0.8635801924266199,0
5021,1.3620704098661838,0
5022,1.393165366115778,0
5023,0.5265062963418319,0
5024,1.209842659599624,0
5025,0.8338207712400939,0
5026,0.46900906244774365,0
5027,1.0400759036408391,0
5028,0.48380230939730595,0
5029,1.9685696201184275,0
5030,1.1151282954713497,0
5031,1.129145258780387,0
5032,0.1492429586423235,0
5033,0.9072230784047127,0
5034,0.41088280523236287,0
5035,7.17917619482616,1
5036,1.732246773065685,0
5037,0.9098357329362481,0
5038,1.2547140821455034,0
5039,1.3114433989319327,0
5040,0.6998423881000602,0
5041,1.7133747242848147,0
5042,0.5296467332474596,0
5043,2.2836748393780026,0
5044,1.306970069596749,0
5045,1.6400007519121034,0
5046,1.697596521916128,0
5047,0.9469591279691512,0
5048,1.7266067242273482,0
5049,2.205881664757607,0
5050,0.4425678837711804,0
5051,1.2532480543352722,0
5052,1.3825470183928452,0
5053,0.751161400703959,0
5054,1.016877044822999,0
5055,0.2579334173772789,0
5056,0.7956822497599082,0
5057,0.389330097878995,0
5058,0.8727423518183346,0
5059,0.49592018064121646,0
5060,1.3362189390364676,0
5061,1.6942324141414795,0
5062,0.3143156240471515,0
5063,0.7810735832320951,0
5064,1.4614088687314006,0
5065,0.7334833444460996,0
5066,1.9860998117290707,0
5067,0.9557395059596883,0
5068,1.4529589620674583,0
5069,0.4383824074076971,0
5070,1.7942366679347657,0
5071,0.9263928696128538,0
5072,1.457630214009684,0
5073,1.211067937693854,0
5074,1.4540526074641227,0
5075,1.2170947435231834,0
5076,0.8413337275966448,0
5077,3.7412855503097147,1
5078,1.822868186459605,0
5079,1.7918615215433458,0
5080,1.5445016091581492,0
5081,0.3395077754296988,0
5082,1.168210979117571,0
5083,1.255360467442658,0
5084,1.7516190613761362,0
5085,0.25741146034226337,0
5086,0.8299738282031563,0
5087,0.3667052111523303,0
5088,0.4231704160595841,0
5089,0.44006856930835603,0
5090,0.41609420038868605,0
5091,1.5606442586922142,0
5092,3.28897596178805,1
5093,0.36231400948813336,0
5094,1.4422815212646627,0
5095,2.199971752293552,0
5096,0.7054032372902344,0
5097,1.9071019565396787,0
5098,0.5310531059439558,0
5099,1.301038102522392,0
5100,1.2837971155113266,0
5101,0.4820109376131324,0
5102,0.39623706098002937,0
5103,2.2143916058518314,0
5104,1.1219976446934405,0
5105,0.8506505522258416,0
5106,2.195937903317839,0
5107,1.594572455164026,0
5108,0.3949266695645782,0
5109,1.3008001963184517,0
5110,1.2378443869545752,0
5111,0.27810360155929303,0
5112,1.8143203647332455,0
5113,1.0672279402651195,0
5114,0.5697298181273499,0
5115,2.4419242034632367,0
5116,0.7186149768462458,0
5117,1.6106986994145351,0
5118,0.5591950199668847,0
5119,1.5717522356447178,0
5120,0.9937649420972879,0
5121,1.4576366329161023,0
5122,0.3772238202663376,0
5123,1.0351554190932155,0
5124,1.8656482983248064,0
5125,1.1244572374392139,0
5126,2.9947670752994404,0
5127,1.0222241337966256,0
5128,0.6935061591000913,0
5129,1.5607674659607187,0
5130,2.078821504546778,0
5131,0.8305817130696445,0
5132,0.9684811954479814,0
5133,0.8583447071763437,0
5134,1.2873341598975683,0
5135,1.0314699632413158,0
5136,1.3904109683838046,0
5137,0.9691837952713318,0
5138,0.6347894938222616,0
5139,1.434507907817575,0
5140,3.979678348239963,1
5141,0.3328606511565228,0
5142,0.5568960280231784,0
5143,1.4662333755376897,0
5144,0.9985488178652676,0
5145,1.2460650509811553,0
5146,1.0941362789031475,0
5147,0.42842991287006643,0
5148,1.7467404099899582,0
5149,1.2309260645755293,0
5150,0.895846327743841,0
5151,2.167633184799007,0
5152,1.209436332167406,0
5153,0.5095458752327432,0
5154,0.957798880465658,0
5155,1.7619600200700822,0
5156,1.028473323309037,0
5157,0.4239704446910973,0
5158,1.3497226185880271,0
5159,1.4538316838360992,0
5160,2.1306403802602865,0
5161,0.7775309389857262,0
5162,0.4851555509194599,0
5163,1.0184529518333947,0
5164,0.2915004678012201,0
5165,1.3154084417043932,0
5166,0.8024972285100002,0
5167,1.512644462022636,0
5168,4.326892666533308,1
5169,5.130319064052895,1
5170,0.5271851034686068,0
5171,0.8985219876286075,0
5172,1.3404582303521757,0
5173,0.3680449681632852,0
5174,1.8377572887924842,0
5175,1.558099123287465,0
5176,1.8390094579286331,0
5177,1.270690144623475,0
5178,1.4885042019304504,0
5179,1.9535728429603074,0
5180,2.0212660570714758,0
5181,1.2542261935404158,0
5182,1.3500752763899668,0
5183,1.7073351768384037,0
5184,1.231220782907811,0
5185,1.8152690695648992,0
5186,1.489353071955894,0
5187,1.728799345404083,0
5188,1.100608177024714,0
5189,0.29659493970822015,0
5190,2.092733608828136,0
5191,0.9589323478698099,0
5192,0.8268980044534683,0
5193,2.1924437518620317,0
5194,1.7532998976818044,0
5195,0.33223650163791724,0
5196,0.9075859785890786,0
5197,0.331074722584907,0
5198,1.126872904154786,0
5199,1.3999818925948675,0
5200,0.5513754005801801,0
5201,3.4113261386316127,1
5202,1.829119469742948,0
5203,2.4920274007224212,0
5204,0.9342789555089414,0
5205,0.6746511067620007,0
5206,1.0056839825292423,0
5207,0.8421119995787205,0
5208,1.0106233796101771,0
5209,0.3415483668814231,0
5210,0.4093402362830645,0
5211,2.2005363659092225,0
5212,1.0140338569831648,0
5213,1.0043445879111343,0
5214,2.3261568748934924,0
5215,1.2276412959345124,0
5216,0.3785986474080027,0
5217,1.6417706687583407,0
5218,0.79911092349548,0
5219,1.245697866364424,0
5220,2.078701633790323,0
5221,0.5394514427519118,0
5222,2.59810833554021,0
5223,2.1878640297358087,0
5224,0.8013575702536843,0
5225,1.0761284219351936,0
5226,1.444481983849825,0
5227,1.4803533756410023,0
5228,2.0946791797260365,0
5229,0.7475829166875777,0
5230,0.11875199289633104,0
5231,0.18995025455127268,0
5232,1.389170451036663,0
5233,1.4865190047443422,0
5234,0.573634424716689,0
5235,1.754762689270526,0
5236,2.021372410400408,0
5237,1.7704996153548198,0
5238,1.7469631488690895,0
5239,1.067493596164508,0
5240,0.5081909490104145,0
5241,0.9808836954603759,0
5242,1.2426739787233694,0
5243,0.2854928036374328,0
5244,0.5494666550732926,0
5245,0.2554093350771968,0
5246,0.3439522774196127,0
5247,0.6278982837872024,0
5248,0.865904987460657,0
5249,0.6530463561405763,0
5250,0.45027594966983536,0
5251,1.0226586976408412,0
5252,0.5606677792751124,0
5253,1.0769246815263256,0
5254,1.6915809289339607,0
5255,0.8905607042808228,0
5256,2.297131253808805,0
5257,0.6781736025077205,0
5258,0.3216465195539046,0
5259,0.6888025280149979,0
5260,0.9687347640601431,0
5261,1.106327563678818,0
5262,0.9197040912775205,0
5263,1.2122183170773517,0
5264,0.2989647731829311,0
5265,1.769461495005602,0
5266,0.9527246119610999,0
5267,0.3047524352300341,0
5268,0.46660516836935806,0
5269,0.9523347314402605,0
5270,1.616262648732715,0
5271,0.3713437624054261,0
5272,1.1436349463117348,0
5273,1.3051050789304317,0
5274,1.0278837230468936,0
5275,0.4675305401694288,0
5276,1.2898113512453608,0
5277,2.407029330795462,0
5278,1.8440375453654887,0
5279,0.48878016048709433,0
5280,1.8994581464943436,0
5281,0.4052767248658967,0
5282,0.49707853646193545,0
5283,0.25748718446570495,0
5284,2.128521417629027,0
5285,1.1614514495314503,0
5286,4.119580430530935,1
5287,1.848245989227107,0
5288,0.9947379494821054,0
5289,0.5027158413984479,0
5290,1.560065692392906,0
5291,0.40336726131617895,0
5292,0.4824058934800531,0
5293,0.5153627303079976,0
5294,0.555769129695747,0
5295,1.19298186371335,0
5296,57.575596363479725,1
5297,0.32537399887507956,0
5298,2.049669896377888,0
5299,1.2579318035416376,0
5300,2.3237514220129274,0
5301,1.0900533415664484,0
5302,1.4220280990145668,0
5303,1.90612784385103,0
5304,0.9208820914046923,0
5305,1.6856463693669153,0
5306,2.3542763619343856,0
5307,2.6763855438796944,0
5308,0.5804370566563584,0
5309,1.5417694994643343,0
5310,1.4528353544208827,0
5311,1.0980971383082654,0
5312,0.731456523329922,0
5313,0.8619293131432977,0
5314,3.0975438972092286,1
5315,0.6194757721053156,0
5316,1.3311403849356935,0
5317,0.618855347420126,0
5318,0.9541068721577098,0
5319,1.4372242561505777,0
5320,1.4867842177086208,0
5321,1.2992541392068695,0
5322,0.7537941631731113,0
5323,0.29108837140807103,0
5324,0.9578238744226582,0
5325,0.40980519230289053,0
5326,0.5750760967239708,0
5327,0.9255479454255909,0
5328,0.23122717514492364,0
5329,1.4266819981140584,0
5330,0.6216233969781816,0
5331,1.8209208726491484,0
5332,0.2785336038242618,0
5333,2.9577403569872556,0
5334,0.5160616475853943,0
5335,1.2647759566501862,0
5336,0.7235987816514218,0
5337,0.3297332358161921,0
5338,1.8603064667152325,0
5339,1.1879946557188865,0
5340,0.8593233845596917,0
5341,2.161739500715384,0
5342,1.457694943485916,0
5343,1.152704941197259,0
5344,1.6014051387593071,0
5345,1.9553272306621197,0
5346,0.8515896667651163,0
5347,2.140534308203058,0
5348,2.887797002040129,0
5349,1.572903360081707,0
5350,0.9119486111326522,0
5351,2.075300932653856,0
5352,1.501839924085572,0
5353,1.271458347479221,0
5354,1.0957008818700942,0
5355,0.40620352722174224,0
5356,0.9198782663053995,0
5357,0.8915362786557924,0
5358,1.279973059812407,0
5359,0.44747640996395066,0
5360,0.20187481917975994,0
5361,0.7066230121381744,0
5362,0.5244297920329085,0
5363,1.753536614540939,0
5364,2.075758179961428,0
5365,1.0978712817230059,0
5366,0.5260009706699061,0
5367,1.0881319232755744,0
5368,0.9051631871022442,0
5369,1.1898707629650325,0
5370,1.4704352039767559,0
5371,1.3712422771725166,0
5372,1.2342891801662932,0
5373,0.6449326240032054,0
5374,0.35716556173158853,0
5375,0.8730878419671348,0
5376,0.989314327661651,0
5377,1.0536445237047416,0
5378,0.7774576256723904,0
5379,2.1600550908700606,0
5380,0.2915309756901932,0
5381,0.43462194117548364,0
5382,0.3147607153383566,0
5383,1.1289867719543891,0
5384,0.17212806283376658,0
5385,1.468326622685351,0
5386,2.1169140131262614,0
5387,1.5341127773218093,0
5388,0.9027694181396696,0
5389,0.5503005621035205,0
5390,1.4320920747100483,0
5391,0.5634847391067149,0
5392,1.403715737866174,0
5393,0.8514824443619161,0
5394,1.7508529921444391,0
5395,1.499229726217335,0
5396,0.9658927200730206,0
5397,2.1885862727582204,0
5398,1.3636539202094633,0
5399,1.2349382560349578,0
5400,7.548773577396848,1
5401,1.9254735534941825,0
5402,0.594866739715416,0
5403,2.8389488132824447,0
5404,1.3296853347121407,0
5405,1.2668221503905859,0
5406,0.2502938197153029,0
5407,3.160945134158696,1
5408,1.0344343091920054,0
5409,1.4484702255778679,0
5410,0.37199657975824507,0
5411,0.3160000486681326,0
5412,1.7491539658325077,0
5413,1.182106161652053,0
5414,0.9458050729553986,0
5415,2.345835519462699,0
5416,0.3549944082230768,0
5417,1.2640000241525164,0
5418,1.0743145067779374,0
5419,1.4714102612162954,0
5420,2.194286630775211,0
5421,1.1068012366292197,0
5422,0.3794016210557956,0
5423,0.3694680403103414,0
5424,0.5983342433416842,0
5425,1.6003892259380104,0
5426,1.4803607963120435,0
5427,0.9883659623092913,0
5428,1.6731943224410812,0
5429,0.9211729489452973,0
5430,0.4960255966651814,0
5431,0.8602036525992425,0
5432,1.775498777358014,0
5433,0.8176129629004797,0
5434,1.9555935001255733,0
5435,0.8733709236802579,0
5436,1.2865479952697998,0
5437,1.0470749444119436,0
5438,0.6714873451952871,0
5439,0.9556258431108551,0
5440,0.8469023492670639,0
5441,0.8762988531904515,0
5442,1.967383207763166,0
5443,1.3741550992163272,0
5444,2.489582567175584,0
5445,0.2369815102134856,0
5446,0.9515172833967398,0
5447,3.1708715081589864,1
5448,0.7793794547852383,0
5449,7.058275970668144,1
5450,1.0729959100029385,0
5451,0.6636895749717338,0
5452,0.3593128101178977,0
5453,2.0932136852757446,0
5454,1.3812846390657512,0
5455,1.2614987900631889,0
5456,0.9197924531704663,0
5457,2.6199034448293443,0
5458,1.8395836306005617,0
5459,7.1853068513538485,1
5460,1.7738156547367232,0
5461,0.9893909785345988,0
5462,0.7505098654236685,0
5463,1.711360587969566,0
5464,1.189214390717839,0
5465,1.1671919827955373,0
5466,1.2963977360889765,0
5467,0.33507166715469927,0
5468,0.24859907449698426,0
5469,1.437049034643509,0
5470,1.6569827946964837,0
5471,1.2432659887681923,0
5472,2.3253255751857607,0
5473,1.7085779328146122,0
5474,2.2736046902064686,0
5475,0.4071899636767948,0
5476,1.034852634609639,0
5477,0.4314225297178017,0
5478,1.4470006019656032,0
5479,1.113631774219183,0
5480,0.43287295555172034,0
5481,3.3014546561901588,1
5482,1.2519107856689156,0
5483,1.0987340985318705,0
5484,1.531865333577162,0
5485,1.380905104191031,0
5486,0.5804425656473416,0
5487,0.7593879790110788,0
5488,1.12625247631719,0
5489,0.7352656033638257,0
5490,1.1073425767485683,0
5491,1.3602466063362317,0
5492,1.0455921417628469,0
5493,0.3714387811115077,0
5494,10.829549866286381,1
5495,1.6987399084808947,0
5496,3.8498111222838958,1
5497,1.1691222268919483,0
5498,3.220518791384623,1
5499,4.286025581864367,1
5500,0.7991405136987881,0
5501,2.354657657725227,0
5502,0.5272081748894345,0
5503,1.4604454736828065,0
5504,1.2916825190381074,0
5505,0.24613412090514453,0
5506,0.4287374590697596,0
5507,0.4617212185985718,0
5508,0.579416883764781,0
5509,1.2195326641561055,0
5510,1.3466406617847952,0
5511,1.2891675748284723,0
5512,2.9598142264979876,0
5513,0.8397581166790912,0
5514,2.2309734459131434,0
5515,0.7752095888578027,0
5516,1.0930318200099705,0
5517,2.200407789903397,0
5518,0.4586551015263351,0
5519,1.208605905142983,0
5520,0.32504086923483,0
5521,0.16663706247094165,0
5522,0.44092907020517863,0
5523,2.3317302864228098,0
5524,0.9301601463515107,0
5525,0.8392375014053429,0
5526,0.961346342686793,0
5527,0.46461644264205965,0
5528,2.3673883304400687,0
5529,1.7830902785488638,0
5530,0.44102461875076476,0
5531,1.4120862597474493,0
5532,1.7294800117793672,0
5533,3.054558134921094,0
5534,0.6673132987543405,0
5535,0.8271551949625261,0
5536,1.4320820989802507,0
5537,2.0671805535190404,0
5538,0.9282774674794063,0
5539,3.372536242566653,1
5540,0.6924570010291651,0
5541,1.157743449637868,0
5542,1.8779943634246874,0
5543,1.2910441164266804,0
5544,1.2413108780096038,0
5545,0.5819843905300978,0
5546,0.40043056129058247,0
5547,0.6954307713454184,0
5548,2.9912474344985536,0
5549,1.116378840671904,0
5550,0.9726856710384343,0
5551,0.8104343723907538,0
5552,1.034189817220575,0
5553,1.123378235318257,0
5554,1.2475548609205673,0
5555,2.297794885403827,0
5556,0.4139429907409717,0
5557,1.1015584202798754,0
5558,0.8424339094095196,0
5559,0.6078330769586813,0
5560,1.6537522446726964,0
5561,0.5741786505477301,0
5562,0.8827360113837777,0
5563,2.8151919552247517,0
5564,1.0079145810797816,0
5565,1.048161368533973,0
5566,1.013747734550869,0
5567,1.0530273702522983,0
5568,0.28847082067279756,0
5569,0.4185937656486598,0
5570,1.3247676535205102,0
5571,0.6274830287816907,0
5572,1.432456034937222,0
5573,0.8296355219699852,0
5574,0.3100956589519291,0
5575,3.563070301753599,1
5576,0.4289087357885084,0
5577,0.7410528155052148,0
5578,0.5878746787931531,0
5579,1.3890825809045104,0
5580,1.449262138160596,0
5581,1.2899923869299728,0
5582,0.8835711603386779,0
5583,1.1111280366805467,0
5584,0.8920444326648067,0
5585,2.4257854513081725,0
5586,0.3763766609767271,0
5587,0.7991595331171919,0
5588,1.3049522337223856,0
5589,0.38712944183235815,0
5590,0.4095869088103476,0
5591,1.1375712562914138,0
5592,1.1679051115298986,0
5593,0.3271276835304447,0
5594,1.0976543456889076,0
5595,0.35197412013476786,0
5596,2.7539215655721505,0
5597,1.7440221241976497,0
5598,1.307041637505799,0
5599,1.4008174377612994,0
5600,1.4168301026358388,0
5601,0.8061002541032599,0
5602,0.40658337030484826,0
5603,0.7858366812204434,0
5604,1.3312123137243654,0
5605,1.3494632281022754,0
5606,0.9270336264708213,0
5607,0.8647241242067826,0
5608,0.16133746434991264,0
5609,1.5143640876505378,0
5610,1.621277067997025,0
5611,0.6149517348202009,0
5612,0.3770946695721032,0
5613,1.331606920662621,0
5614,0.26444072102220106,0
5615,3.4459587914699696,1
5616,0.35731326100795496,0
5617,1.1063059050042992,0
5618,0.6725441352417972,0
5619,0.29954107949935443,0
5620,0.45805087209859735,0
5621,0.9864002958994648,0
5622,1.445676540810335,0
5623,0.5361758956808859,0
5624,1.324855945831782,0
5625,1.933600199099609,0
5626,2.4640364208920618,0
5627,1.0342047112207011,0
5628,0.7291833048804867,0
5629,0.3600619651862065,0
5630,0.5300024800726573,0
5631,1.0458307261925295,0
5632,1.9686902877870802,0
5633,1.596500288881653,0
5634,1.4144147480068125,0
5635,0.6499754782879033,0
5636,0.9813286347898348,0
5637,2.0990487037502255,0
5638,0.8187923929690065,0
5639,0.6567403247367823,0
5640,1.7630134597173988,0
5641,0.606174186150692,0
5642,2.1631535824237313,0
5643,0.9994618230079472,0
5644,5.737667681920977,1
5645,0.7565756414326457,0
5646,0.8189632805873873,0
5647,0.65360194450641,0
5648,1.2030895602711922,0
5649,2.7297550686786347,0
5650,2.4617207203194638,0
5651,1.9358059241741115,0
5652,1.2573540630194002,0
5653,0.3591404332691506,0
5654,2.1039669668678984,0
5655,1.5050501802232898,0
5656,2.755717506000399,0
5657,2.1331418027495324,0
5658,1.0520806635351254,0
5659,0.48950915601349576,0
5660,1.10537748061298,0
5661,1.707480233152077,0
5662,1.108224505609695,0
5663,2.30640620462803,0
5664,0.8515460821520295,0
5665,1.7692814460111748,0
5666,5.227790259485254,1
5667,2.3948584617983286,0
5668,0.6111315026403521,0
5669,0.854305035861605,0
5670,0.32473441959716,0
5671,0.7347907958860111,0
5672,1.9460771370045586,0
5673,1.0067700222060914,0
5674,1.6225359046580146,0
5675,1.0505779768916745,0
5676,1.4314256533003389,0
5677,0.9011427815952348,0
5678,0.3985866559078053,0
5679,0.5878746797371779,0
5680,0.6014090613879798,0
5681,0.6704864714784142,0
5682,1.5542605891566443,0
5683,0.5011319579512407,0
5684,0.88843301679858,0
5685,2.413915670300607,0
5686,2.3584780824574128,0
5687,6.835744522164395,1
5688,1.3200453646139805,0
5689,0.6453027365043613,0
5690,0.9968203741445659,0
5691,3.409042256569825,1
5692,1.3608444330927945,0
5693,0.5323728510905198,0
5694,1.183501348786252,0
5695,0.23481684635638264,0
5696,0.3757427483042194,0
5697,1.5491037841029534,0
5698,0.5600862965485365,0
5699,0.4631692391628083,0
5700,0.6489752655127867,0
5701,2.774944953614004,0
5702,1.107296403688433,0
5703,0.5591981315082913,0
5704,1.0685431591916676,0
5705,0.8612658494744285,0
5706,5.405875421732018,1
5707,1.9924860689117128,0
5708,1.544640981315261,0
5709,2.1689712611555847,0
5710,2.0123893729854148,0
5711,0.8863560679696721,0
5712,3.7906967640646743,1
5713,1.6713625251799784,0
5714,1.2101865943611623,0
5715,0.957911805269868,0
5716,0.8202041435921154,0
5717,2.0757731681439107,0
5718,2.4214242136346837,0
5719,0.548214013122164,0
5720,1.9460202249520162,0
5721,1.0415802415795303,0
5722,1.9137638607263885,0
5723,1.7116494601509236,0
5724,0.6188480217916101,0
5725,1.1410940230894722,0
5726,1.8439348053811209,0
5727,0.5400682831149877,0
5728,5.237479462837027,1
5729,0.7608766568071003,0
5730,2.0239829322822196,0
5731,2.7587178964593018,0
5732,1.2572340163961533,0
5733,1.595827270675857,0
5734,0.45257079070649425,0
5735,0.5885667107582118,0
5736,1.5678090079424416,0
5737,0.36152047147938,0
5738,1.35268909977659,0
5739,0.6169397101055585,0
5740,0.9687868059738735,0
5741,3.40244649233836,1
5742,1.615858141573883,0
5743,1.226459944937824,0
5744,0.894623326973301,0
5745,0.3928761811786521,0
5746,1.1605848282537405,0
5747,2.00984857992872,0
5748,0.8127001961809739,0
5749,1.4324942841676107,0
5750,1.5254331579662892,0
5751,1.4429368238208378,0
5752,0.8018598105157252,0
5753,0.3264913831082599,0
5754,1.656666434697393,0
5755,1.092596811153693,0
5756,2.3369638450313155,0
5757,1.309954122512374,0
5758,0.8567711976155472,0
5759,1.4921980987867771,0
5760,0.32915013243738517,0
5761,1.714365905514619,0
5762,1.0797405454028635,0
5763,0.7350699955881698,0
5764,1.633494295462819,0
5765,1.0190584956826416,0
5766,0.45435860911344095,0
5767,0.6935400836306783,0
5768,1.7877209034753747,0
5769,1.8926509336986468,0
5770,1.3389565349430288,0
5771,0.61080969534144,0
5772,0.9634846855761786,0
5773,0.49394771369980134,0
5774,0.3898870993413093,0
5775,0.7909626389612624,0
5776,0.5083329013539308,0
5777,0.8499950587081064,0
5778,0.5130148527314691,0
5779,0.4079018394406144,0
5780,0.533757401285267,0
5781,1.1109703866036882,0
5782,1.0219548166396046,0
5783,1.1894477827151635,0
5784,0.4007658156477779,0
5785,1.4287167843317863,0
5786,2.4070298092655245,0
5787,1.8999512071078257,0
5788,1.6764411191683946,0
5789,1.380094239889201,0
5790,0.30811694747328505,0
5791,1.3293484005196847,0
5792,2.3169092057220357,0
5793,1.174326099666581,0
5794,1.4224952450314485,0
5795,0.4431542729474264,0
5796,0.2960155159706278,0
5797,0.28536517494617153,0
5798,2.0037786059343308,0
5799,2.1675490326900024,0
5800,1.6353343613106723,0
5801,1.2648232947127924,0
5802,1.5533114780658714,0
5803,0.4410942495805744,0
5804,0.7610232583303558,0
5805,0.3198916865916967,0
5806,2.8298532555349842,0
5807,0.4267574468827045,0
5808,2.1983766452910607,0
5809,2.5840316399751453,0
5810,0.38389274204729273,0
5811,1.3664009493215858,0
5812,1.07411225471357,0
5813,1.0767437094350079,0
5814,1.1311084326972793,0
5815,1.171877566187416,0
5816,1.480275070065371,0
5817,3.7960366405894814,1
5818,1.5434103749197303,0
5819,1.4387633451268822,0
5820,1.0286007998610875,0
5821,0.4570229251571247,0
5822,1.680543304001747,0
5823,0.8826196535622045,0
5824,1.680930091799739,0
5825,0.9233160894481792,0
5826,0.26111394385535913,0
5827,1.811953052677376,0
5828,1.1304619190883194,0
5829,0.24560490894748968,0
5830,0.6808834494942372,0
5831,1.8956782747933443,0
5832,1.300490914488994,0
5833,1.3612287522991446,0
5834,2.172786523876399,0
5835,2.718983655685113,0
5836,1.2528390775262885,0
5837,1.7721026826520858,0
5838,1.055607719103138,0
5839,0.2729950254960959,0
5840,0.4481772612898783,0
5841,3.2660325629332756,1
5842,0.8540547791592612,0
5843,1.7559793452386683,0
5844,2.1477845168880996,0
5845,3.0675019978874456,0
5846,2.055305242820202,0
5847,0.7366631260068301,0
5848,0.7617080562049495,0
5849,1.385075737672626,0
5850,4.169391601173836,1
5851,0.45784294823456956,0
5852,1.5689858166590567,0
5853,0.26815392326901183,0
5854,1.2781309814630155,0
5855,1.521107541123206,0
5856,1.0806542953253522,0
5857,1.3103143021461967,0
5858,1.7285183303635707,0
5859,0.3998691875762869,0
5860,1.0750352188928949,0
5861,1.5203075452294135,0
5862,0.5602187272764991,0
5863,2.1272606541675763,0
5864,1.3944618034141953,0
5865,0.9645320628959414,0
5866,0.7055389220251198,0
5867,1.1607235526605726,0
5868,0.4756691388456461,0
5869,1.1445057368586926,0
5870,1.8593052500269016,0
5871,0.6438416204221971,0
5872,1.5303501978561078,0
5873,1.0909403642132391,0
5874,2.324032843136496,0
5875,1.272702920630303,0
5876,3.4961551609018064,1
5877,5.304037325798915,1
5878,2.462173743249031,0
5879,0.1967702770372289,0
5880,0.6091229365245826,0
5881,0.7465688119511723,0
5882,0.4774015055778515,0
5883,1.6655790119131582,0
5884,0.7983470503501198,0
5885,0.6225751999146555,0
5886,1.034345152526263,0
5887,0.9540558164986396,0
5888,1.7772464884415673,0
5889,0.8284670323289142,0
5890,1.5599469102038022,0
5891,0.6756743630524767,0
5892,0.785219427006844,0
5893,0.7047740708400141,0
5894,2.7889954036587095,0
5895,0.507804823797234,0
5896,0.8375604169741897,0
5897,3.341659589620868,1
5898,1.8158736555526833,0
5899,1.2058381983915532,0
5900,1.4470348851951245,0
5901,1.5150906784301579,0
5902,1.745537302144832,0
5903,1.1481159898518323,0
5904,0.7601298879118289,0
5905,0.4491553591519333,0
5906,0.3406089078551011,0
5907,1.8442641628827094,0
5908,0.5932214087550727,0
5909,0.4329862519134136,0
5910,0.8691934987350256,0
5911,0.35205445729122603,0
5912,1.0630972481323941,0
5913,0.41679552322082203,0
5914,2.3122849929748925,0
5915,2.5584634348627886,0
5916,0.5171105617533888,0
5917,1.1564801753857792,0
5918,2.0663492709759117,0
5919,0.8480692648300381,0
5920,0.20308866645619514,0
5921,1.056670479594482,0
5922,0.799287372608947,0
5923,0.5298227947124451,0
5924,9.833031480679713,1
5925,0.8689781703717949,0
5926,0.43942512415228413,0
5927,1.5225997861993394,0
5928,1.8073862486134875,0
5929,0.32967351798445355,0
5930,2.062306690797439,0
5931,0.6461885215665288,0
5932,2.3812284938774977,0
5933,0.5907548409343968,0
5934,1.1868873937055624,0
5935,1.2450571216815651,0
5936,1.1979353945301525,0
5937,0.3216553040124474,0
5938,0.38184253925732625,0
5939,2.3723588056351406,0
5940,0.38092947815737893,0
5941,0.8016713909103539,0
5942,1.9721613140530347,0
5943,0.6381465136065443,0
5944,0.9883083931108784,0
5945,3.192179750587103,1
5946,1.712758539861022,0
5947,2.9967166651963435,0
5948,0.5181796961143683,0
5949,0.32094180268508643,0
5950,0.44896505468523795,0
5951,0.46687622671826595,0
5952,0.9296391359587663,0
5953,0.2326934601731736,0
5954,0.6334921442227899,0
5955,0.22780760079911327,0
5956,1.5559111602706284,0
5957,0.35364509624379115,0
5958,1.181996594398777,0
5959,0.529908438723446,0
5960,1.5789164523695545,0
5961,0.435494427704043,0
5962,0.8496647324507359,0
5963,2.020152233117016,0
5964,0.4592357356214924,0
5965,0.3138040372958979,0
5966,0.4022144086076044,0
5967,3.4225078895095904,1
5968,1.2409507069761632,0
5969,0.4997617918418784,0
5970,0.6450781231825966,0
5971,0.566175043721595,0
5972,0.37592999847222475,0
5973,2.6070921774953817,0
5974,1.1933749796477777,0
5975,1.8711938308502263,0
5976,0.9086039364574525,0
5977,1.2363358657187056,0
5978,1.6043656141579659,0
5979,0.7198561346255646,0
5980,1.353144053749483,0
5981,0.8521317497914116,0
5982,1.1085162797742645,0
5983,0.5982905254265621,0
5984,0.8397897551250169,0
5985,0.9877308456347306,0
5986,0.8588130118490465,0
5987,1.1679450594312186,0
5988,5.041205611153652,1
5989,0.5661937641074188,0
5990,1.8853136431347581,0
5991,0.7398433842867581,0
5992,0.9126838638287887,0
5993,0.43339326450623167,0
5994,1.0284601770899096,0
5995,0.9904222719101827,0
5996,0.487396945255607,0
5997,1.4393434350017966,0
5998,1.2880765762244448,0
5999,2.8286291292502472,0
6000,0.3178866984272609,0
6001,0.7054032874420916,0
6002,1.1553384082756533,0
6003,1.6962875783865423,0
6004,0.6340883439773851,0
6005,1.9839320117347552,0
6006,0.18048225307837082,0
6007,0.7908722526824654,0
6008,3.0427922021690637,0
6009,0.5467080835322329,0
6010,1.661161792073947,0
6011,0.5955253761966226,0
6012,0.9093721402963502,0
6013,0.18272622878412567,0
6014,1.3297970939708164,0
6015,0.7059026452063578,0
6016,0.8704776821306257,0
6017,0.9839090263118896,0
6018,1.818810300720894,0
6019,2.039890663857945,0
6020,0.2852445277279497,0
6021,1.2094517117028307,0
6022,0.496660099373661,0
6023,1.8934812543517126,0
6024,1.882194708852147,0
6025,4.939071861784187,1
6026,1.4899307201813228,0
6027,1.0749589808387572,0
6028,1.3937812233855964,0
6029,1.6833309654237956,0
6030,0.8978032339214085,0
6031,2.54036801246578,0
6032,3.3191215540608416,1
6033,2.5050466723899856,0
6034,0.7257396582843769,0
6035,1.5350226534534142,0
6036,0.9871174678013939,0
6037,0.6281811014652258,0
6038,1.2954994486517455,0
6039,0.8518979848831124,0
6040,1.8776370724436895,0
6041,1.3095229671023865,0
6042,0.5053692860642838,0
6043,0.6351245183670097,0
6044,2.2723272877420873,0
6045,2.0324416675306356,0
6046,0.9577254749448202,0
6047,0.8107764793540858,0
6048,1.865553427582337,0
6049,2.3687247165115273,0
6050,1.9340885723168608,0
6051,1.0464802883975108,0
6052,1.6211159609120738,0
6053,0.5486396126084594,0
6054,1.11461313586748,0
6055,2.8669257378816115,0
6056,3.265054289852948,1
6057,0.8305549547833326,0
6058,1.3359155308646151,0
6059,1.8910280192922992,0
6060,1.2287608805026935,0
6061,1.2708952067050967,0
6062,1.3511692208194541,0
6063,1.0752370596973688,0
6064,1.316697713710827,0
6065,1.0497044731603442,0
6066,1.3890350348001037,0
6067,0.9755589525407762,0
6068,3.5090233194957445,1
6069,4.505756498787418,1
6070,0.6437916604692087,0
6071,0.720666113713992,0
6072,2.396815725063511,0
6073,2.5960830364649263,0
6074,2.471554071887559,0
6075,0.5673069444982032,0
6076,2.747867666912803,0
6077,0.9538285341722936,0
6078,1.5869872798997917,0
6079,1.9664012733986198,0
6080,2.7967562583813117,0
6081,0.5482685051959334,0
6082,1.0366809139959616,0
6083,2.1313581150881165,0
6084,1.546513351108731,0
6085,2.1467498734034676,0
6086,0.27237026829976496,0
6087,0.6818448989631233,0
6088,0.8555077839645839,0
6089,1.8520175368025649,0
6090,2.3777188621656125,0
6091,3.2668306677105177,1
6092,2.3148157557086844,0
6093,1.532142871084408,0
6094,0.6934967686776587,0
6095,2.502796928606908,0
6096,2.700152339913015,0
6097,0.3707401154359436,0
6098,0.9892968084448519,0
6099,0.46590240956546325,0
6100,2.01018160716047,0
6101,1.8942117181797031,0
6102,0.7546733279566242,0
6103,0.6357702957096211,0
6104,0.4233238778274568,0
6105,0.34046650601094763,0
6106,1.604584667398412,0
6107,0.2620739424915436,0
6108,1.5286754110704996,0
6109,0.9265672104653799,0
6110,2.4249448376168945,0
6111,1.7845525354766059,0
6112,2.6184758526017142,0
6113,0.5117865241161217,0
6114,1.5687458565712897,0
6115,1.8675502230515264,0
6116,0.3403639760969746,0
6117,1.576728771225775,0
6118,1.2035452255700965,0
6119,1.171668218060193,0
6120,0.9478061242048048,0
6121,2.193054653688569,0
6122,1.4703576107031393,0
6123,1.1870016797042229,0
6124,0.35628677823635496,0
6125,2.764931380528505,0
6126,1.274332087116142,0
6127,2.485434353402657,0
6128,1.250553328401397,0
6129,1.7095195108289614,0
6130,1.1016314591380827,0
6131,6.694176320604398,1
6132,1.1799113305816362,0
6133,0.734739848488475,0
6134,0.5578262387309221,0
6135,0.46884066296794186,0
6136,0.6643804253755743,0
6137,1.2866305525118054,0
6138,1.1531631142479408,0
6139,2.3543941484299467,0
6140,0.9852952471918536,0
6141,2.289256036516345,0
6142,1.317233001995538,0
6143,1.8151535492782815,0
6144,1.5826692831377895,0
6145,2.1335836740551075,0
6146,0.9764987329597529,0
6147,1.424192798628077,0
6148,1.533711768709329,0
6149,1.021625514824365,0
6150,7.304921368947919,1
6151,1.9627857884288624,0
6152,0.7732145629589783,0
6153,1.7834888682394676,0
6154,0.8557329301047247,0
6155,2.082917630956777,0
6156,0.2504646679074509,0
6157,2.3742956059648774,0
6158,1.2740094365450891,0
6159,2.0189045269693477,0
6160,0.3905025809759354,0
6161,1.9726447241866687,0
6162,0.9041036339271507,0
6163,1.31511070115713,0
6164,1.2258595464675097,0
6165,2.713551760242524,0
6166,1.4993294224511333,0
6167,3.432791126794024,1
6168,0.8554396078069403,0
6169,0.33637806607199916,0
6170,0.29381860675197374,0
6171,1.1775160987384425,0
6172,1.641201451744497,0
6173,0.5185644387572785,0
6174,2.0897074892824756,0
6175,1.2265207033705343,0
6176,1.1062562959553215,0
6177,1.2837920236695908,0
6178,1.4679659486781764,0
6179,0.5802091877562615,0
6180,1.5325051512853187,0
6181,1.362305118539163,0
6182,0.8104217047903723,0
6183,1.3922410391460953,0
6184,3.5685205582217554,1
6185,2.0725713057115533,0
6186,0.27351268138267937,0
6187,0.4049569246687818,0
6188,1.2290919650479564,0
6189,2.4781373047465354,0
6190,0.43863169956229286,0
6191,0.48113365210452597,0
6192,1.2745758099592792,0
6193,1.7084695078037386,0
6194,1.200968283610052,0
6195,0.4825019104917174,0
6196,1.4257839098749823,0
6197,0.3820168346178195,0
6198,1.471194851563522,0
6199,1.3416956030756542,0
6200,0.3681278252072363,0
6201,0.5280022047246467,0
6202,2.004902825788076,0
6203,0.46229704532257687,0
6204,1.17523342429,0
6205,1.9220588050802765,0
6206,0.5784634812599307,0
6207,1.2782206241802063,0
6208,1.6911237050705483,0
6209,0.5713463327772396,0
6210,0.6706158671665523,0
6211,0.35869052045567507,0
6212,0.352466118487902,0
6213,0.645058491695389,0
6214,2.779979311855141,0
6215,1.633569564842891,0
6216,1.0870177552882103,0
6217,1.8991454563987238,0
6218,0.733692652173982,0
6219,0.36663373715087955,0
6220,1.2163955765159535,0
6221,0.7491546792249689,0
6222,0.5093578771449607,0
6223,1.4009902906551128,0
6224,2.1448785637161594,0
6225,0.41342870820501487,0
6226,1.1802295770867812,0
6227,0.4859231503954923,0
6228,4.60443782214745,1
6229,0.8234699426949864,0
6230,1.3969954976487955,0
6231,0.8883333203958776,0
6232,0.7574012267932234,0
6233,1.2196799889075423,0
6234,0.6798149746803042,0
6235,0.35190918476401567,0
6236,0.9219201532594028,0
6237,0.7348821074743926,0
6238,0.2591349000735498,0
6239,1.2915594018637035,0
6240,2.345830863266535,0
6241,0.8530736414377941,0
6242,0.2860575824157523,0
6243,1.5801199901341256,0
6244,3.9094465551664803,1
6245,0.632309644642718,0
6246,0.6279438525317832,0
6247,0.6477535395866397,0
6248,2.378834905230224,0
6249,1.7706738996694436,0
6250,0.263456230435415,0
6251,0.30926440948401274,0
6252,1.1672205147532027,0
6253,0.32403896841033764,0
6254,0.508521404106544,0
6255,1.368496918735184,0
6256,1.3072092634973513,0
6257,1.745426793037472,0
6258,1.1205394135051927,0
6259,1.6117640892986524,0
6260,0.4235965605205038,0
6261,0.6762396851467246,0
6262,0.8876224828287659,0
6263,0.5828880373497327,0
6264,1.4320907916533845,0
6265,0.5986179136573742,0
6266,1.6660354494278296,0
6267,3.824886850729741,1
6268,2.1005483299569843,0
6269,1.4531120307917151,0
6270,0.9123849911176368,0
6271,2.10660300338489,0
6272,0.48051100260607343,0
6273,1.83291459466865,0
6274,0.9857166395629389,0
6275,1.362228269932646,0
6276,0.9691973221607763,0
6277,1.5490222540769827,0
6278,2.061765995472342,0
6279,0.5209429662310403,0
6280,0.8058807457417078,0
6281,2.2952026508272265,0
6282,0.5143621887566735,0
6283,1.5283558563475965,0
6284,1.2954289685338878,0
6285,1.9381426210810855,0
6286,0.5925136357542496,0
6287,1.1810724102537022,0
6288,0.680151075326539,0
6289,1.3218263215631119,0
6290,0.21321776499927544,0
6291,3.0150751905486444,0
6292,1.0529957160353052,0
6293,2.1988920353988393,0
6294,1.552869879379917,0
6295,0.9889608592962573,0
6296,0.4138444605864178,0
6297,1.2145191619804203,0
6298,1.6753106089859549,0
6299,2.34348970304424,0
6300,0.43801582477416,0
6301,1.538051612971202,0
6302,1.7044815712202819,0
6303,0.38716360582185894,0
6304,0.9229282417375502,0
6305,1.4095454282835518,0
6306,1.9777087069144315,0
6307,2.1509184650735236,0
6308,0.3820660339883334,0
6309,0.9964284620534126,0
6310,0.9230228099862259,0
6311,4.683344080223976,1
6312,2.0900318033679635,0
6313,0.5150550792148232,0
6314,0.6665221037211594,0
6315,0.7974905714075062,0
6316,0.7642604394822382,0
6317,0.9706547660911756,0
6318,1.43873673733217,0
6319,0.39439016290010176,0
6320,2.649714453443133,0
6321,1.0392510951686125,0
6322,1.763685338056081,0
6323,0.4240153625705567,0
6324,5.5640276569171885,1
6325,1.1723093999626975,0
6326,1.662407422460214,0
6327,0.9981394049725056,0
6328,1.5617769966554818,0
6329,0.49136849394179377,0
6330,2.621308189624128,0
6331,0.5543958727724515,0
6332,1.5869466907353236,0
6333,2.0641135888550615,0
6334,1.1430454393678557,0
6335,0.862378527683547,0
6336,1.9531732218467142,0
6337,2.206931978327336,0
6338,1.6933483242384129,0
6339,1.963043817134158,0
6340,0.3294942978862263,0
6341,1.3811536331662653,0
6342,0.6898491094036389,0
6343,1.5967912884523459,0
6344,1.2568878834197983,0
6345,1.046966633613534,0
6346,0.8863141615214256,0
6347,2.842904668104018,0
6348,0.7960062354499329,0
6349,0.7107870885485432,0
6350,0.38110351699000955,0
6351,1.4443428401763057,0
6352,1.8506308195895604,0
6353,1.1190386903797718,0
6354,0.8451874749535975,0
6355,0.9704370834203152,0
6356,1.099804639167817,0
6357,2.5902064350187803,0
6358,1.9150947575378263,0
6359,0.38323858821340856,0
6360,0.7891163632876113,0
6361,1.5663845337165734,0
6362,0.8024643601278776,0
6363,0.7611525564977621,0
6364,0.5380586784014503,0
6365,1.4122944946898253,0
6366,1.1385419579714489,0
6367,1.3582434106194126,0
6368,0.9629215000855367,0
6369,0.9571477995952075,0
6370,3.159644228529606,1
6371,1.0407483154992003,0
6372,0.7143601753643369,0
6373,3.4271645008982756,1
6374,3.8070429930270557,1
6375,0.428818760573979,0
6376,1.0903105395207122,0
6377,1.9893988210082376,0
6378,1.8010013886276197,0
6379,1.2800340946825914,0
6380,0.7344439642570065,0
6381,1.3465624056531653,0
6382,0.8916054407847267,0
6383,0.5546423348960705,0
6384,0.35006680986755967,0
6385,1.4200655540281126,0
6386,1.3313322852312375,0
6387,2.775051429953537,0
6388,1.0990139501310767,0
6389,2.05439930753022,0
6390,2.785217090653858,0
6391,1.1311468542042913,0
6392,1.302968106191021,0
6393,1.3582140809688614,0
6394,0.9417751662938322,0
6395,2.0103122651707537,0
6396,0.6797100579501923,0
6397,0.36470992426843823,0
6398,0.42988939689729294,0
6399,1.1911136429980433,0
6400,0.3177602419511805,0
6401,0.4645353073887108,0
6402,0.252274306047657,0
6403,1.1452037328387625,0
6404,0.5449100603560296,0
6405,0.7094809740677877,0
6406,0.6252779168088554,0
6407,1.1781148920692492,0
6408,0.23745460030476184,0
6409,0.660018970988611,0
6410,1.1176991228911637,0
6411,1.8608775329310587,0
6412,0.9622845357661177,0
6413,1.1242114911698537,0
6414,0.974217399938653,0
6415,0.4127897750197555,0
6416,1.7980814338383135,0
6417,1.2783688035393053,0
6418,1.3042353606319177,0
6419,0.5418968622116987,0
6420,1.3863643774088918,0
6421,0.6356858463434147,0
6422,0.6505186715091918,0
6423,1.5162783531110735,0
6424,1.336459590041316,0
6425,1.05813206601209,0
6426,1.6817660110047543,0
6427,0.27704160865109534,0
6428,1.4756494212534006,0
6429,0.2174103993049094,0
6430,1.5689005527830788,0
6431,0.916995253477253,0
6432,1.2658376858135012,0
6433,1.219510612782173,0
6434,2.3155386848693893,0
6435,2.2205400801912205,0
6436,0.8374519013461621,0
6437,1.37490935080319,0
6438,2.330532348244072,0
6439,0.22772098914542274,0
6440,1.8238559055666026,0
6441,0.2997679028598837,0
6442,0.7656267850490903,0
6443,0.38514107695061683,0
6444,2.614015004132361,0
6445,1.0344814714544244,0
6446,1.7172596554708124,0
6447,0.8967258217443674,0
6448,0.20155734128682162,0
6449,0.4580224517345826,0
6450,0.35350389519814224,0
6451,0.8513357262344285,0
6452,1.6348223497641121,0
6453,1.6497418952977443,0
6454,0.6140705518567395,0
6455,0.6119111025184734,0
6456,1.735225628674041,0
6457,1.0829065000584166,0
6458,1.45075064596233,0
6459,1.9263475354300457,0
6460,4.044087847062881,1
6461,0.5447711365708597,0
6462,1.4252780235132634,0
6463,1.3064858346199144,0
6464,0.5088638516030692,0
6465,2.087116930843776,0
6466,0.30835125803576074,0
6467,1.2516023528611788,0
6468,2.7808047391482433,0
6469,0.7656667345800788,0
6470,2.083434169834534,0
6471,4.380546999205753,1
6472,0.3554186568266784,0
6473,0.8880188191457667,0
6474,1.8603605842566233,0
6475,0.7594281947053453,0
6476,3.3373000023363435,1
6477,2.003921485182386,0
6478,1.3115196249489964,0
6479,0.4591567427072293,0
6480,2.2591020264261243,0
6481,1.5490697433027003,0
6482,0.9045091839678799,0
6483,0.9062570319051891,0
6484,2.6504477576930063,0
6485,1.1885808432736904,0
6486,0.9060408489708301,0
6487,0.8817600878383997,0
6488,1.7390290361867955,0
6489,2.9352968619097357,0
6490,0.9375246904372151,0
6491,2.6519519423758404,0
6492,1.2656640352854371,0
6493,1.7201511757844818,0
6494,0.383987322641519,0
6495,1.9185832637913096,0
6496,0.3356256616120211,0
6497,1.7525813936994574,0
6498,1.443891320235709,0
6499,1.8293533742132413,0
6500,1.5594753985549192,0
6501,1.7532603386301706,0
6502,1.2228153560760466,0
6503,1.0416778581967487,0
6504,1.2463084104308193,0
6505,0.3197545302826857,0
6506,1.7696130689896523,0
6507,1.2060059741404863,0
6508,2.9123728173595835,0
6509,1.2658675969447846,0
6510,0.6236122991383277,0
6511,1.0499747167450644,0
6512,1.3390648534024727,0
6513,1.4252861712980343,0
6514,2.5511635375510187,0
6515,0.38448183222246624,0
6516,1.5025536414509368,0
6517,2.125732163549531,0
6518,0.5155075834270803,0
6519,0.5083319339121408,0
6520,1.8034036400499516,0
6521,0.41619116400709333,0
6522,0.9403427469398614,0
6523,0.8636102919529406,0
6524,0.2857937624542687,0
6525,1.9627444932633753,0
6526,1.2708843221515058,0
6527,0.8751391459884755,0
6528,0.9619049115957654,0
6529,0.11140792545223922,0
6530,1.5571688094667473,0
6531,1.717049725900988,0
6532,0.32309034474500503,0
6533,1.1545730363525568,0
6534,0.8803335876471886,0
6535,0.4510138127340396,0
6536,0.6672919066583228,0
6537,2.1117830253952645,0
6538,0.9064190419428225,0
6539,1.3093915316987215,0
6540,2.9797865034355975,0
6541,0.5666096862901869,0
6542,0.7290903664487847,0
6543,0.8953016147881938,0
6544,3.153767104126632,1
6545,0.9919746006198797,0
6546,0.5560044673768376,0
6547,1.226632578796028,0
6548,0.9531159919646672,0
6549,0.2762122660996351,0
6550,1.9242985580466343,0
6551,1.1382774506718651,0
6552,0.7542021892469335,0
6553,1.2529309355084848,0
6554,1.5419199781107586,0
6555,1.6148456185364302,0
6556,1.1876510017541786,0
6557,1.88716079409241,0
6558,1.023915825111285,0
6559,0.6088892355564558,0
6560,1.0086760855578298,0
6561,1.052751516642862,0
6562,0.5984442618500162,0
6563,0.8226736465957575,0
6564,0.7996625844078529,0
6565,0.6474698016552474,0
6566,1.1666490495010884,0
6567,1.165601363659115,0
6568,2.6718336620969967,0
6569,1.4951943115448405,0
6570,1.2269402298403569,0
6571,0.3368615317649381,0
6572,0.30406009507292403,0
6573,1.2151826876200162,0
6574,0.3590835840268907,0
6575,0.9190148810883508,0
6576,1.0720121868593524,0
6577,0.6830196016909955,0
6578,2.853283934840466,0
6579,0.6492378530751448,0
6580,0.5784304754924487,0
6581,2.375087488156595,0
6582,1.4979101999586277,0
6583,1.2433122079255672,0
6584,0.8138993522288622,0
6585,3.728174705365597,1
6586,2.0429085100932545,0
6587,6.643450278123324,1
6588,1.5895900639725749,0
6589,1.8170825858581063,0
6590,1.6313536061274303,0
6591,1.9573400071402642,0
6592,7.74536668745965,1
6593,0.649620200509244,0
6594,2.8657886285319836,0
6595,1.2826452180536876,0
6596,0.46714836261099896,0
6597,1.1204377422515213,0
6598,1.3674496912628036,0
6599,0.5850743028704923,0
6600,1.0750316727666236,0
6601,2.6665920950572835,0
6602,0.33134648898982294,0
6603,0.5547330055074567,0
6604,2.527374858440949,0
6605,0.5433418654449774,0
6606,0.6782893097515181,0
6607,1.688013473536294,0
6608,0.6785982452470709,0
6609,4.173020070585063,1
6610,0.6841356036646046,0
6611,0.575402037613073,0
6612,0.3837242340818783,0
6613,0.1942242970692531,0
6614,1.2479100478007517,0
6615,0.9553224827391578,0
6616,0.8013236178226031,0
6617,1.50347209263142,0
6618,3.358326698555437,1
6619,1.2081661428301949,0
6620,0.9898580944235918,0
6621,0.8081063128561955,0
6622,0.6526161448632286,0
6623,1.339494502414561,0
6624,2.3022701076994405,0
6625,1.607395868901137,0
6626,2.9807114268075376,0
6627,2.534177359773868,0
6628,1.167353328062256,0
6629,0.6305440787550738,0
6630,2.0115258861475707,0
6631,0.7014961646624518,0
6632,0.6122290449119482,0
6633,1.609525241404222,0
6634,1.1925252067738052,0
6635,1.5670596401532413,0
6636,0.8586254427483418,0
6637,1.7508199259628872,0
6638,1.3043459292487938,0
6639,1.6489484435012902,0
6640,0.6148139303665582,0
6641,1.8198836778173482,0
6642,2.1053867885674915,0
6643,0.7192864408829908,0
6644,0.6488318663086414,0
6645,0.706227479021841,0
6646,0.7083354194867252,0
6647,1.129701545301709,0
6648,1.0712717339587043,0
6649,1.7750479586374017,0
6650,0.7715236318890909,0
6651,0.4295223813347912,0
6652,2.2096854621921214,0
6653,0.4471212250864051,0
6654,1.671217699041803,0
6655,1.765406194608975,0
6656,1.3183845232915539,0
6657,0.8112268013185526,0
6658,1.4304787076273222,0
6659,1.3061160804689238,0
6660,0.5960922272150923,0
6661,1.329202476781269,0
6662,2.4175255637506434,0
6663,0.7099067644815199,0
6664,1.0584488320053005,0
6665,1.5850267128236313,0
6666,2.7252193505178024,0
6667,0.948923376560926,0
6668,0.49812028488784993,0
6669,2.087538411239923,0
6670,3.460701485035073,1
6671,1.8193040292787523,0
6672,0.5411245994733125,0
6673,1.4099783395804228,0
6674,1.7271632374858983,0
6675,0.9537530541373324,0
6676,1.56611403476778,0
6677,0.804985575912445,0
6678,0.24903730456455317,0
6679,1.3269316911583358,0
6680,0.5179017590141748,0
6681,0.41891462608347435,0
6682,0.713526174784056,0
6683,2.141837748420845,0
6684,1.271893960889269,0
6685,1.1299067210616955,0
6686,1.7689457233720063,0
6687,2.5447582097576755,0
6688,1.34449291415401,0
6689,1.9466445690902596,0
6690,0.9958575485027973,0
6691,0.6527161851987837,0
6692,1.2590003367599065,0
6693,3.2017472578491284,1
6694,0.1887954094884145,0
6695,1.2788605646595146,0
6696,1.9339825449992114,0
6697,0.5481040963237687,0
6698,1.2362504400255656,0
6699,1.5415638410404682,0
6700,0.6797930262625519,0
6701,0.281448766184509,0
6702,2.9162523551105775,0
6703,1.646582337762557,0
6704,1.7971108247078718,0
6705,0.47050880945389345,0
6706,1.0711681009362077,0
6707,1.2460737362476337,0
6708,0.5254749969783646,0
6709,0.38299269965692256,0
6710,1.7245719360167686,0
6711,1.0678119282543637,0
6712,0.7786243348134058,0
6713,1.7161429054062762,0
6714,1.077669596974491,0
6715,1.4432537571971382,0
6716,1.1853806071322903,0
6717,1.0695046897883107,0
6718,2.3878352915903927,0
6719,1.3301269216530476,0
6720,1.13852154262704,0
6721,3.588111663050135,1
6722,4.847258036281691,1
6723,2.5834383960560947,0
6724,1.1194516449931917,0
6725,1.9343625220519234,0
6726,0.9355618778295939,0
6727,0.8012664054499646,0
6728,0.4350611816187423,0
6729,2.0452258519988495,0
6730,0.4197563151512895,0
6731,1.9508269587139633,0
6732,0.758073081695447,0
6733,0.38429639772342516,0
6734,2.5716495193006486,0
6735,0.858717298505535,0
6736,0.5340748512653671,0
6737,1.700153963115775,0
6738,0.7472224495353622,0
6739,0.35025900497695595,0
6740,0.20289080671642784,0
6741,0.48267066507283857,0
6742,1.8554157393299813,0
6743,0.33976166583570583,0
6744,1.4074280946437578,0
6745,0.6271503577225872,0
6746,1.2233899659484848,0
6747,1.0202527433788597,0
6748,0.3468162338833388,0
6749,1.7068047651522456,0
6750,1.006056536584134,0
6751,0.5481034038694427,0
6752,0.6972319972867532,0
6753,2.7419073430912193,0
6754,0.1293654065784344,0
6755,1.1941955072741126,0
6756,1.2282794228954972,0
6757,1.860299216915002,0
6758,1.619806705302732,0
6759,2.0843450801987324,0
6760,1.1982810605864667,0
6761,1.846394114796068,0
6762,0.5111116665220891,0
6763,0.5523784422195239,0
6764,1.3220194574587805,0
6765,0.9062112404555973,0
6766,1.0057349498974524,0
6767,1.1704391389118303,0
6768,2.9466010017116484,0
6769,0.7131769767227354,0
6770,1.1846219847265536,0
6771,2.302564638521579,0
6772,0.8471050733569668,0
6773,15.7053712524285,1
6774,3.0209859448632312,0
6775,0.4746863084102626,0
6776,0.7849043810639779,0
6777,0.4426452762263937,0
6778,1.6837939637538595,0
6779,1.534660152928137,0
6780,1.2198427042989195,0
6781,6.092918745588426,1
6782,2.9891279332459435,0
6783,0.661645225156209,0
6784,1.676170669789626,0
6785,0.4697275071270945,0
6786,0.45109375334530843,0
6787,0.43536399442738877,0
6788,1.3195753545264408,0
6789,0.45245718787113315,0
6790,1.2639224112583063,0
6791,1.6315909087261047,0
6792,0.8723481943568141,0
6793,1.0047134439281131,0
6794,2.623514340700927,0
6795,0.35020862588265717,0
6796,1.8081212362975128,0
6797,1.8135787783818935,0
6798,0.44742755409017526,0
6799,0.49608876342925906,0
6800,1.009914246688732,0
6801,0.6639305542592004,0
6802,0.808343142996296,0
6803,0.4864609481586527,0
6804,0.28963303736731255,0
6805,0.4668431277686383,0
6806,1.9441951382222837,0
6807,1.8449564508782548,0
6808,0.5699914626080361,0
6809,0.5276209787956649,0
6810,0.3697263576094086,0
6811,2.3580086861979224,0
6812,4.138590634784048,1
6813,0.357460191910247,0
6814,0.4412668858801855,0
6815,2.4111696898863633,0
6816,2.8401944114221123,0
6817,0.6293368842324172,0
6818,3.0267293591676947,0
6819,0.533115556232237,0
6820,5.2589871658886524,1
6821,0.3531156948892758,0
6822,0.5396292073522095,0
6823,0.72549427378536,0
6824,0.19908938553864164,0
6825,1.1195531266008818,0
6826,2.0706670717878803,0
6827,0.9948289042931704,0
6828,2.3966921165159927,0
6829,1.0780396475456915,0
6830,0.6178708842502493,0
6831,0.5530281073160909,0
6832,0.9568686175859192,0
6833,2.0470080110641793,0
6834,0.26238297832775254,0
6835,2.280673102158129,0
6836,0.39430437596711587,0
6837,0.9667765812276311,0
6838,1.2928104611374733,0
6839,4.183754377288654,1
6840,1.1729746314040637,0
6841,0.3590999090377659,0
6842,0.9455948591616468,0
6843,1.084444269852674,0
6844,0.42262566509140725,0
6845,1.548136552511201,0
6846,1.1396581149182843,0
6847,1.8451131044986298,0
6848,2.296119161094839,0
6849,0.5891705896356,0
6850,1.383841002284256,0
6851,0.428925085373715,0
6852,1.2064782756579646,0
6853,2.756574290394154,0
6854,1.62847951430687,0
6855,0.9398402800785026,0
6856,0.4861332452971519,0
6857,0.9738688405329003,0
6858,0.363951652765475,0
6859,0.45107550166576943,0
6860,0.6014430766936897,0
6861,1.624838532244586,0
6862,0.5604353252285893,0
6863,2.576027776025797,0
6864,6.7602261788909015,1
6865,0.42088714907126507,0
6866,1.6475266892106621,0
6867,0.35604499258120975,0
6868,3.4550368010507735,1
6869,2.680208216639729,0
6870,1.7301824284549536,0
6871,1.9913225361100508,0
6872,1.4021190882791648,0
6873,1.6537164463565437,0
6874,1.1178282988299366,0
6875,0.33850944046799175,0
6876,2.4113820925176768,0
6877,0.5643146234900157,0
6878,0.5011876165046824,0
6879,1.2311862678915693,0
6880,0.617692480796948,0
6881,2.1240051429950113,0
6882,1.9843712333823036,0
6883,2.2762785755425843,0
6884,1.836053165812122,0
6885,0.6592601460037923,0
6886,2.2269372355421444,0
6887,0.29498959569387007,0
6888,1.667900486385776,0
6889,0.47513359852309306,0
6890,0.5124529799910377,0
6891,0.5141697128911985,0
6892,1.436636474328824,0
6893,3.6650516491760827,1
6894,0.9341579748890041,0
6895,2.6444899890209834,0
6896,1.1069289133048463,0
6897,0.901830579452427,0
6898,1.768237715498146,0
6899,0.4186904254957987,0
6900,2.1673344084447095,0
6901,3.042876431757617,0
6902,1.0106423269901945,0
6903,1.0658480873199072,0
6904,2.3090341218723442,0
6905,1.1221950176647257,0
6906,1.4431460355526962,0
6907,1.678116863153115,0
6908,2.4393211228603695,0
6909,1.5269105997661114,0
6910,1.0180045198662497,0
6911,0.47471257281137713,0
6912,13.163109857748713,1
6913,0.4385252841345651,0
6914,2.3065342204707693,0
6915,0.9042061847843131,0
6916,1.5210842797049176,0
6917,3.227291415415784,1
6918,3.5538537911257486,1
6919,0.7440740665040966,0
6920,0.32279074277517256,0
6921,1.9514061774757374,0
6922,1.2147286953745449,0
6923,0.9527672235228297,0
6924,1.754141759848509,0
6925,0.8524462211137317,0
6926,1.4957572915223338,0
6927,0.4335582286548335,0
6928,0.4880669529370249,0
6929,1.332371453625244,0
6930,1.2092859116077115,0
6931,1.5826886797101438,0
6932,7.2408126355805065,1
6933,1.26173609152566,0
6934,1.9987993830873998,0
6935,1.5792934493020505,0
6936,1.4434760670514701,0
6937,1.3465181181232109,0
6938,0.8039108822065333,0
6939,0.9292360096204803,0
6940,0.6153854591426159,0
6941,1.831626511185803,0
6942,0.4226505721076761,0
6943,1.3787969284630601,0
6944,0.5160046234302593,0
6945,0.9721070018233322,0
6946,1.581369717476965,0
6947,1.2851941126340989,0
6948,2.0035484161324217,0
6949,0.908582317145483,0
6950,1.3830368386449665,0
6951,0.7527517248235156,0
6952,0.6763550385560773,0
6953,1.037060066822084,0
6954,0.2507952877427154,0
6955,1.952681290808359,0
6956,1.9224021008712084,0
6957,0.8298648897922406,0
6958,0.6045961611618745,0
6959,0.9724312255305727,0
6960,0.9801120600960577,0
6961,2.173662410785997,0
6962,0.699257031444254,0
6963,2.245407392407455,0
6964,1.0321208484361315,0
6965,0.3351871557753146,0
6966,0.6262052732164018,0
6967,0.6025619417244928,0
6968,0.46123818491258395,0
6969,1.6083089223197957,0
6970,3.111918400852145,1
6971,1.562441921416124,0
6972,0.28162423428377514,0
6973,1.5765545712053686,0
6974,1.3229651301405692,0
6975,1.0356325867986247,0
6976,0.36754863319237624,0
6977,2.473384196096378,0
6978,1.2239954502237262,0
6979,2.889773524500766,0
6980,0.4065677825418866,0
6981,0.2554276309494854,0
6982,0.9681656018795706,0
6983,1.0729241101806897,0
6984,1.294029436676039,0
6985,0.6385152991706271,0
6986,1.2148801000871516,0
6987,1.611624895657275,0
6988,0.8428613686777549,0
6989,0.9638445087094625,0
6990,1.7808778613589054,0
6991,0.3104927040272678,0
6992,0.8882491051919835,0
6993,0.16887739065808738,0
6994,3.482801014345839,1
6995,1.6741678663169257,0
6996,0.6986737113418365,0
6997,1.2876930029480211,0
6998,1.7393341500704815,0
6999,1.0739639448530613,0
7000,0.46836427174661127,0
7001,1.7937949530383017,0
7002,0.760068415538269,0
7003,1.8611898884099687,0
7004,1.6286891515249522,0
7005,0.4677707256382002,0
7006,1.0570221034049319,0
7007,1.1731085210367325,0
7008,0.9959469385262296,0
7009,0.6965473580254514,0
7010,1.1659127705500332,0
7011,1.265954776175543,0
7012,1.4978287644926636,0
7013,0.3469856404775888,0
7014,1.899592590136463,0
7015,2.2529926875630086,0
7016,0.7186126515203878,0
7017,0.3571641830036284,0
7018,0.4604574124279189,0
7019,0.33112812988306134,0
7020,0.90460783424077,0
7021,2.874240520103347,0
7022,1.200825522130862,0
7023,1.6370374734172504,0
7024,0.6185159829751213,0
7025,1.7756206863867283,0
7026,1.602029805834463,0
7027,2.1052116851663536,0
7028,1.9433556415260917,0
7029,1.4030590792247317,0
7030,0.3527616665292504,0
7031,0.7565932991413022,0
7032,0.4902404146355484,0
7033,0.547084841522841,0
7034,0.303278713876265,0
7035,0.5871679574661696,0
7036,0.39537595442523027,0
7037,1.7243811596389185,0
7038,1.7423241844746993,0
7039,1.3179906014456995,0
7040,2.2527885013424505,0
7041,0.3973878312638475,0
7042,1.9241445212171395,0
7043,0.8049896041595518,0
7044,0.2911672359034856,0
7045,1.8200505207047286,0
7046,1.0881464747245484,0
7047,1.3745759619160884,0
7048,2.8925369284914835,0
7049,0.6180232627398586,0
7050,1.4514514729997898,0
7051,1.5230592443640998,0
7052,1.431331727136515,0
7053,1.9838709928860538,0
7054,0.28676994595240674,0
7055,1.8705423702969564,0
7056,1.4867311160912449,0
7057,0.8758310871731454,0
7058,1.4003790970147767,0
7059,1.8861750214967137,0
7060,0.9193048355310788,0
7061,1.0440917210099188,0
7062,0.5981583224895747,0
7063,1.3548203325627337,0
7064,0.5725347847380972,0
7065,0.24216347688235845,0
7066,1.0783459596567222,0
7067,1.7671638634039417,0
7068,1.1246083259435478,0
7069,1.1758179320527933,0
7070,1.2634890273907324,0
7071,1.5870051489911068,0
7072,1.4658115719422384,0
7073,1.5035139259522565,0
7074,2.322835774929212,0
7075,1.1536629005339647,0
7076,0.40374067415318743,0
7077,1.2889554060255004,0
7078,0.9453258441540034,0
7079,1.1892939758223946,0
7080,4.116999349811676,1
7081,2.5926980315508747,0
7082,1.8953753422308894,0
7083,3.4336087151485595,1
7084,1.0196352798055812,0
7085,0.19735754527744165,0
7086,0.955843538793364,0
7087,1.756016009803958,0
7088,0.9123204893197848,0
7089,0.6044542627473288,0
7090,0.2930430718768272,0
7091,0.3670324087071172,0
7092,0.7431004102635144,0
7093,2.1093116755842645,0
7094,1.1311065772788642,0
7095,0.5268795437924546,0
7096,0.8331882392098894,0
7097,1.9978121097989614,0
7098,0.6890587780894049,0
7099,0.9681224902679517,0
7100,0.46519099533710573,0
7101,0.23099107739158248,0
7102,1.357029678072723,0
7103,1.7987910252785544,0
7104,1.4393354990460687,0
7105,0.5729804591353068,0
7106,0.483747514718449,0
7107,0.8559670852654566,0
7108,0.9127269986901808,0
7109,0.8454548538205146,0
7110,3.6967616099211553,1
7111,1.9299778847456208,0
7112,2.8704987413545116,0
7113,0.570052963418516,0
7114,0.9970509671107578,0
7115,0.885971562326818,0
7116,3.6744405805129876,1
7117,1.8216121965996421,0
7118,1.7493823439494307,0
7119,2.22477836467115,0
7120,1.0111009933934956,0
7121,0.969532912876821,0
7122,2.2243841621245877,0
7123,3.241321901982717,1
7124,2.8702875397925003,0
7125,0.6548580387628641,0
7126,0.6312436426875135,0
7127,4.366840652052029,1
7128,1.0005468967322277,0
7129,1.2705506167962428,0
7130,1.6310476716199358,0
7131,2.6113342827210873,0
7132,1.243800193875727,0
7133,1.1018024300434381,0
7134,1.8188340809012273,0
7135,1.392168060797118,0
7136,0.8399207875705809,0
7137,1.196915698053809,0
7138,0.355576473064617,0
7139,0.39498328524534804,0
7140,0.37359408872998884,0
7141,0.5142944786641327,0
7142,0.41674780684951,0
7143,1.221971626559648,0
7144,0.9411750704750578,0
7145,1.230515364786641,0
7146,5.329462743128844,1
7147,1.1821176998122422,0
7148,0.30613091976355444,0
7149,1.5693660355367562,0
7150,0.794137078788901,0
7151,0.5112963480119107,0
7152,0.5851744077490213,0
7153,1.968386118579889,0
7154,0.7476040936892954,0
7155,0.8145957594478218,0
7156,0.5702358671346345,0
7157,0.3470705665686478,0
7158,0.4038815602237443,0
7159,0.8854674750088415,0
7160,0.3711193263782906,0
7161,1.5447410098062566,0
7162,1.2246956756564296,0
7163,0.25031370611727066,0
7164,0.38292634435999157,0
7165,3.6048211016368237,1
7166,3.130013975188219,1
7167,0.3293663253751882,0
7168,1.5941394327443248,0
7169,1.4658123849139477,0
7170,0.39073891543217004,0
7171,1.2559158443697562,0
7172,1.0914900421933065,0
7173,0.47699669004960543,0
7174,0.6102196298466904,0
7175,0.6726070209637688,0
7176,2.2415614012991445,0
7177,1.7056051851528715,0
7178,1.5653236182853296,0
7179,1.2459966609432622,0
7180,0.744798632352375,0
7181,1.7914220542701607,0
7182,0.9593096491881931,0
7183,0.9514708459387584,0
7184,1.7619927747925657,0
7185,1.2273351206368133,0
7186,1.3667913273419414,0
7187,0.8804494528692455,0
7188,1.0642710549342413,0
7189,0.48430195688987526,0
7190,1.921510163432778,0
7191,0.30747872376147484,0
7192,0.879771184440124,0
7193,0.8417863776964251,0
7194,2.681351051806106,0
7195,0.9011767696976011,0
7196,1.49044842740358,0
7197,0.4517510314355968,0
7198,0.7757144257722683,0
7199,0.49033920753812804,0
7200,1.6091876924323267,0
7201,1.4147335718490632,0
7202,1.0859383469166728,0
7203,0.3379998193586482,0
7204,2.151606931141492,0
7205,2.1511446724074044,0
7206,2.1026622175084855,0
7207,3.0708348269582495,1
7208,1.6183607561389792,0
7209,6.314699461871778,1
7210,1.719994239925545,0
7211,1.6581047692330746,0
7212,1.048647970500467,0
7213,2.0722181505451545,0
7214,0.8880994498989575,0
7215,1.1076939682871287,0
7216,2.0888166388334986,0
7217,1.0144053887041837,0
7218,1.3009059598745658,0
7219,0.4531897753175606,0
7220,0.6786476793487713,0
7221,0.9866850732939778,0
7222,1.3770675194927189,0
7223,1.8541388992837544,0
7224,0.26787927994239374,0
7225,0.7997081182724836,0
7226,0.6081277453168763,0
7227,1.9696421941367563,0
7228,0.28428143708855447,0
7229,0.1558754877947794,0
7230,0.8356418068162752,0
7231,0.6257100305753769,0
7232,1.1893721973470153,0
7233,1.3681967277040015,0
7234,1.3883321784376965,0
7235,0.5533005980235407,0
7236,2.1190822668328146,0
7237,0.36160488052031364,0
7238,1.9585762886704894,0
7239,2.3853196156426293,0
7240,0.49090572379143194,0
7241,0.26135899979582444,0
7242,3.6924094521189534,1
7243,1.0399751570268874,0
7244,2.143300854868988,0
7245,0.5425893835434754,0
7246,0.2549481558926138,0
7247,1.5720595325727362,0
7248,1.9626281949569446,0
7249,0.3629532175501949,0
7250,2.4827063059293413,0
7251,0.22088762149115848,0
7252,1.7171976119778347,0
7253,1.4411019860470264,0
7254,1.377110935452765,0
7255,1.3343997810805344,0
7256,2.355762883034572,0
7257,0.4832807339605748,0
7258,1.2812873988417488,0
7259,3.2045702989460088,1
7260,1.318104256242537,0
7261,1.6323412885693303,0
7262,2.368479798794631,0
7263,1.0036819599159816,0
7264,1.0246775532207928,0
7265,0.891973077938789,0
7266,0.3961924310676929,0
7267,0.758379286381216,0
7268,0.8451422741963852,0
7269,1.577474510186821,0
7270,0.8529211939225855,0
7271,3.66659784073294,1
7272,2.2377905334665886,0
7273,1.3617336221229606,0
7274,1.2249780482316142,0
7275,0.6301185980438737,0
7276,1.6095563484965096,0
7277,2.5824797867128733,0
7278,2.054877509019575,0
7279,1.6051080800337592,0
7280,1.3120320728260235,0
7281,5.496042933499848,1
7282,1.0345906434612033,0
7283,2.0203507845718187,0
7284,2.841086848204201,0
7285,2.0626201803041266,0
7286,0.35917564426518334,0
7287,1.3050036409252352,0
7288,1.1864122913937198,0
7289,0.4152592253784703,0
7290,0.4941784395751708,0
7291,2.328014823286198,0
7292,6.06038992958573,1
7293,0.4252909944243964,0
7294,0.5692344113551928,0
7295,0.3132632697758272,0
7296,0.5446315051632599,0
7297,8.959489493825505,1
7298,0.9663443102463387,0
7299,0.8665264970022322,0
7300,1.0904932055037244,0
7301,0.7095427162737078,0
7302,2.361760166335985,0
7303,1.0895975451277313,0
7304,0.4689941111109913,0
7305,1.216832681225479,0
7306,0.619110813944913,0
7307,1.632832892244397,0
7308,1.125032071251168,0
7309,1.6298469536081919,0
7310,1.3225204966948643,0
7311,1.2138564874533053,0
7312,3.7078120568460946,1
7313,0.7996008697944014,0
7314,1.1391348005005428,0
7315,0.9955159467642182,0
7316,0.9506514386279382,0
7317,0.9902290413137235,0
7318,2.835479037476431,0
7319,0.7295255775050087,0
7320,3.7444870421204453,1
7321,4.026683233876361,1
7322,2.740671404208347,0
7323,1.0919841519245563,0
7324,0.9543043890940405,0
7325,0.46068191803468866,0
7326,1.1562380965559542,0
7327,1.0616292213562828,0
7328,5.136682921999553,1
7329,1.8154545637463353,0
7330,0.6257237139936005,0
7331,1.0283041949476819,0
7332,0.7174404300786762,0
7333,1.4694739833729713,0
7334,1.722675195406218,0
7335,1.303218194006034,0
7336,0.7721298654631483,0
7337,1.106078054443574,0
7338,0.730449359299263,0
7339,2.1937912878527457,0
7340,1.6643590099718282,0
7341,0.443535102480436,0
7342,2.1451669595389173,0
7343,0.6738576551441952,0
7344,1.7565554832301684,0
7345,1.306435807795939,0
7346,0.35365782942821417,0
7347,0.5975860232688398,0
7348,0.4886069798856963,0
7349,1.3234351864208669,0
7350,2.5821225780322035,0
7351,1.9416847486154676,0
7352,0.3424443146872036,0
7353,0.3719622713899312,0
7354,0.16488674834111372,0
7355,0.5219499885828297,0
7356,2.218737027919222,0
7357,0.37037954459997213,0
7358,0.8209663549966043,0
7359,1.129599414876052,0
7360,1.8697255923922618,0
7361,0.6119858834870123,0
7362,2.412482321113034,0
7363,2.0122094202732517,0
7364,1.0861443733597214,0
7365,4.666346996180471,1
7366,0.3308057648095126,0
7367,0.8663638847528558,0
7368,0.44038096047120256,0
7369,0.8835047163698323,0
7370,1.0021707327127973,0
7371,1.9490332761938138,0
7372,0.5514281383627788,0
7373,0.3766972770416049,0
7374,1.6925958821842875,0
7375,1.4493292644764737,0
7376,1.4010073688908251,0
7377,1.5840672839861942,0
7378,0.8016082230467272,0
7379,0.5212142110620509,0
7380,1.593761753433018,0
7381,0.3132000763940788,0
7382,0.9260556073829259,0
7383,1.3436575601109477,0
7384,1.261474004774873,0
7385,0.38291521710795595,0
7386,0.9539073644966091,0
7387,0.6028623930440904,0
7388,3.213604565696204,1
7389,1.3910287590248653,0
7390,1.781150185653117,0
7391,0.5276612283624794,0
7392,0.5376475103077676,0
7393,0.5497034449241806,0
7394,1.0419521160755187,0
7395,3.1613049039511765,1
7396,0.9377518501749722,0
7397,0.43619455207213403,0
7398,0.9096166390566296,0
7399,0.9847939543824253,0
7400,0.36539679688396753,0
7401,0.2515515825612519,0
7402,1.06477468147457,0
7403,2.171286486647317,0
7404,0.552136534163461,0
7405,1.4087878123038944,0
7406,0.8183136378437375,0
7407,0.47572799871621113,0
7408,1.0230045383726336,0
7409,2.3410844040218106,0
7410,0.3471284523275635,0
7411,1.330337724920767,0
7412,0.32111044183827947,0
7413,0.335559127854237,0
7414,0.4449509762559939,0
7415,1.387999879005933,0
7416,1.7903182158161923,0
7417,0.6454490652685607,0
7418,3.5673459880287597,1
7419,1.1975720306868392,0
7420,1.1287758062964701,0
7421,1.559014182310857,0
7422,0.8079988096757867,0
7423,1.6869195903954808,0
7424,1.8407794068651835,0
7425,1.7221282373710778,0
7426,1.1200531621454484,0
7427,1.541296636660821,0
7428,0.5124862721298032,0
7429,1.4939338197599112,0
7430,0.2917855807700035,0
7431,2.30575964916618,0
7432,1.212759043421618,0
7433,0.4296600118709249,0
7434,1.624384482732378,0
7435,0.749041298161289,0
7436,0.731812132071041,0
7437,0.3054454054934166,0
7438,0.8358034108929134,0
7439,1.0191732187229396,0
7440,1.1977824398519796,0
7441,1.0584773315225353,0
7442,1.4325775471570144,0
7443,1.4260950199217857,0
7444,0.2845445949370414,0
7445,0.38975253334697396,0
7446,1.0412896908009062,0
7447,1.3406676511816469,0
7448,2.576399309705112,0
7449,0.4542778806046769,0
7450,0.8338379383377043,0
7451,0.9596598949875238,0
7452,0.21736889945938317,0
7453,1.1436197319463481,0
7454,0.4801717839816328,0
7455,0.44971931857947695,0
7456,3.9069626090725644,1
7457,0.4629714956310981,0
7458,1.4303007700553059,0
7459,1.0700418365839386,0
7460,2.0679187334002753,0
7461,0.9406009537157127,0
7462,0.6440375561741237,0
7463,1.1840855232759364,0
7464,0.8698317294647244,0
7465,0.8809559271196626,0
7466,2.3956125527769085,0
7467,0.9512178772782316,0
7468,1.0069711868891453,0
7469,0.5650574080533004,0
7470,0.5990533905639068,0
7471,0.7444963587820407,0
7472,2.287498418689633,0
7473,1.1088380795036465,0
7474,0.7193986313589912,0
7475,3.6032441411548515,1
7476,0.3945754356529237,0
7477,1.0048139691308862,0
7478,0.4969886046733288,0
7479,0.37214920129566936,0
7480,1.4550936983558043,0
7481,0.6168951468405892,0
7482,0.524331735289288,0
7483,3.4700327074105295,1
7484,0.9047459271736924,0
7485,1.1762673953322542,0
7486,1.224177523199384,0
7487,0.39439227928555637,0
7488,0.5473102064125391,0
7489,1.6067901243482807,0
7490,1.0579339017759817,0
7491,0.5527564422089569,0
7492,0.29554755829650287,0
7493,1.6954719401967904,0
7494,0.9940271904506385,0
7495,1.5516289613602945,0
7496,1.2833315777280576,0
7497,1.1664784464356055,0
7498,1.3039318665298232,0
7499,2.072706002452674,0
7500,2.3249541657652637,0
7501,2.7266474885213055,0
7502,1.0245977333208365,0
7503,1.0419590734191748,0
7504,1.1234375969804342,0
7505,0.9316947035285815,0
7506,0.3091760395532962,0
7507,1.468015430291687,0
7508,0.7654414385423369,0
7509,3.1443380705588937,1
7510,1.6219549113218368,0
7511,1.0078243900550332,0
7512,0.6822324829547526,0
7513,1.879163017641128,0
7514,1.2073404507948584,0
7515,0.5959276370240262,0
7516,1.4740923500624767,0
7517,0.2743670269788561,0
7518,0.6080372620937055,0
7519,0.98731495941445,0
7520,3.6448901343214986,1
7521,0.29603167489384535,0
7522,0.686045269607257,0
7523,1.6064921374603616,0
7524,1.7389664791131263,0
7525,1.7933145747532686,0
7526,2.7287991724935137,0
7527,1.781674928662329,0
7528,0.3880850167181075,0
7529,0.6033194414610832,0
7530,3.493961900707839,1
7531,0.890052259523628,0
7532,0.8938277752733553,0
7533,0.6573438274783513,0
7534,1.4008819493893343,0
7535,1.2635919336545172,0
7536,0.9992698837447165,0
7537,1.6623545877334254,0
7538,1.2226699646252202,0
7539,1.3113263350574005,0
7540,0.5043476499569203,0
7541,1.5326920119264087,0
7542,0.7721526415663517,0
7543,1.7957104591085682,0
7544,0.34748846371160896,0
7545,0.947980558784148,0
7546,2.519161911511371,0
7547,0.7022025512010835,0
7548,0.9974564542638039,0
7549,0.9661597665453237,0
7550,1.251637458056642,0
7551,0.9696295236658674,0
7552,0.24259850485660028,0
7553,0.8522931282219167,0
7554,0.55952877050234,0
7555,2.0368462870235926,0
7556,0.8608811561291827,0
7557,0.3812715285304076,0
7558,1.9064699513103636,0
7559,0.7286330896734344,0
7560,0.7475419106289042,0
7561,1.5062143990827097,0
7562,0.7920135677914723,0
7563,0.9360874565557784,0
7564,0.4996037061307915,0
7565,1.7252562477152558,0
7566,0.6360574762559035,0
7567,1.4057850576794328,0
7568,0.5895495118835649,0
7569,0.5898270608528969,0
7570,0.4649901109143601,0
7571,1.2547587453023727,0
7572,0.6601280096211735,0
7573,2.751706364289966,0
7574,0.7518622648931815,0
7575,0.7773624819524658,0
7576,0.3300885425453876,0
7577,1.0183271031446828,0
7578,0.36682489258770695,0
7579,1.629107037927197,0
7580,3.550580049419393,1
7581,0.6135652834809654,0
7582,0.9087320395671018,0
7583,0.49170403811663527,0
7584,1.2486397270413279,0
7585,2.099127389606888,0
7586,0.3732281615492142,0
7587,0.84056643321453,0
7588,1.5458285705869743,0
7589,0.9068585639958082,0
7590,0.32228117888258817,0
7591,0.8409490903480284,0
7592,0.5078712335664758,0
7593,2.0579067050725066,0
7594,0.36043997540836004,0
7595,0.44327396657772655,0
7596,0.8872626748660646,0
7597,1.0230237818340746,0
7598,1.4205651395729966,0
7599,2.638086952169838,0
7600,2.1919854451006042,0
7601,0.32535341913640003,0
7602,0.4225519962633353,0
7603,0.8045570372729399,0
7604,1.2740101852280474,0
7605,1.173816185290042,0
7606,0.304259370066265,0
7607,1.0465050583266613,0
7608,2.470407211491053,0
7609,0.9774615023763273,0
7610,3.186281307895859,1
7611,0.9321073160606045,0
7612,0.6613681102706693,0
7613,0.7819510646798254,0
7614,0.593803798638924,0
7615,1.1098387117844621,0
7616,0.9683111966040177,0
7617,1.1920355681668748,0
7618,1.805544093114155,0
7619,0.9911664940359765,0
7620,2.3686705731617423,0
7621,1.0632405266019527,0
7622,0.1625178849733828,0
7623,0.7497343825189536,0
7624,1.0097916885867515,0
7625,0.8155614126765819,0
7626,0.8508710814846572,0
7627,0.31199297361486333,0
7628,1.3970161717525549,0
7629,0.5573738844404054,0
7630,1.3941159539032715,0
7631,0.6238655614625269,0
7632,1.450176673249112,0
7633,0.9777067393970768,0
7634,0.3069979566573918,0
7635,0.46350442710127154,0
7636,0.9285620463532069,0
7637,0.6037716792131218,0
7638,1.13660274156675,0
7639,2.6230889928352954,0
7640,0.2477678225801928,0
7641,0.5452976486444622,0
7642,0.4151321678222588,0
7643,0.7832026840086042,0
7644,2.1881128122624154,0
7645,0.3284682154250676,0
7646,3.181542117707751,1
7647,2.0528537081457734,0
7648,0.3734788024459933,0
7649,1.5324625614848266,0
7650,2.118138201060322,0
7651,0.9194903941328555,0
7652,1.0722026586935756,0
7653,0.36066752132253505,0
7654,0.2262970622761664,0
7655,1.1808083579251387,0
7656,0.4240438809016016,0
7657,1.5636078843442671,0
7658,1.2099326141217472,0
7659,1.5543105016258396,0
7660,2.254421259446269,0
7661,0.2917681784479101,0
7662,1.2250748091001589,0
7663,1.6746641782260692,0
7664,0.35293432351564963,0
7665,2.2007959166057995,0
7666,3.0621770392462224,0
7667,1.4444323606671563,0
7668,0.7062058094956059,0
7669,3.0822988884829736,1
7670,0.8769758958384838,0
7671,3.8546291034238025,1
7672,1.5708119383277712,0
7673,0.8419058905887452,0
7674,0.5303703534593225,0
7675,0.6504061128711207,0
7676,1.428582204873859,0
7677,1.5870525372883928,0
7678,0.30116487613437226,0
7679,1.0382095504359354,0
7680,1.9649212874818178,0
7681,2.205395733216929,0
7682,1.208445143108242,0
7683,0.9843748279432616,0
7684,1.5240099984529016,0
7685,0.9147030467932533,0
7686,0.7496762051435487,0
7687,3.3341354419711973,1
7688,1.6377225760982073,0
7689,1.558905084854365,0
7690,1.005160777832234,0
7691,1.091071869676913,0
7692,2.5953217227865704,0
7693,2.616412455531142,0
7694,0.3043077353025293,0
7695,1.7237442000085255,0
7696,0.9027564218117425,0
7697,0.9520767762969401,0
7698,0.6095354073317198,0
7699,1.5478613181940946,0
7700,1.3538140093373494,0
7701,0.9480788690413114,0
7702,1.4012521216457692,0
7703,0.8918960143665517,0
7704,2.5291406093006072,0
7705,0.7843353106033673,0
7706,1.2114640301605353,0
7707,1.2909714423454477,0
7708,3.3151249984785314,1
7709,2.210482779224159,0
7710,0.4636016016920093,0
7711,1.169244578433889,0
7712,0.4686672358379231,0
7713,0.9675757964855595,0
7714,1.8832447956097704,0
7715,1.120439183808797,0
7716,0.5998189979559184,0
7717,0.9146069298103418,0
7718,1.0351429554545177,0
7719,1.1686686243860223,0
7720,0.15677084846114242,0
7721,0.5225312908228199,0
7722,1.0475495986692744,0
7723,0.7758069640254793,0
7724,1.2740003115422458,0
7725,1.661203490788725,0
7726,0.3800719489211749,0
7727,0.8550711262431536,0
7728,1.0174019738634912,0
7729,1.8002025597845361,0
7730,0.7774282102607959,0
7731,2.147901311968454,0
7732,0.853171502977229,0
7733,1.2752295737387518,0
7734,0.8180137024660735,0
7735,0.9362158723112801,0
7736,0.9139021861191322,0
7737,2.9528783526481512,0
7738,0.6141186717499082,0
7739,1.1654460328164211,0
7740,0.5051068411529428,0
7741,1.6037820242462317,0
7742,1.4985877496497146,0
7743,0.9474859069817685,0
7744,0.2562768149406695,0
7745,0.4421410420002386,0
7746,0.2258932066430405,0
7747,2.5190559084842596,0
7748,1.2075570778999385,0
7749,2.7127369256787186,0
7750,0.4602405401466445,0
7751,2.529831283642781,0
7752,4.436811843699229,1
7753,0.837082635468384,0
7754,1.3338535629594321,0
7755,2.4514463248553224,0
7756,1.1966002462090732,0
7757,0.7158696691144919,0
7758,3.159960033011902,1
7759,1.36050339907504,0
7760,2.183215072172597,0
7761,0.5295021668223182,0
7762,0.31584667856985765,0
7763,0.2650430890160166,0
7764,0.6317087998311313,0
7765,4.552409285003028,1
7766,0.7757329502632262,0
7767,0.7287114201352608,0
7768,1.6600495786641052,0
7769,1.6769497143420202,0
7770,1.3369321197136934,0
7771,0.858712119321098,0
7772,0.40660503010347104,0
7773,1.1548909525846456,0
7774,2.549298052836326,0
7775,0.9944927303646748,0
7776,0.6355212439677355,0
7777,0.857428491403423,0
7778,0.7733699297866546,0
7779,1.0066426066469762,0
7780,0.3147234230128749,0
7781,0.3600845721275268,0
7782,2.176088048358335,0
7783,0.3199492481475473,0
7784,1.4399419510556084,0
7785,2.1000641281674564,0
7786,0.7023323606984472,0
7787,0.8282691723123412,0
7788,1.2443871055981703,0
7789,0.8708674661915443,0
7790,0.23319902163741785,0
7791,0.9991371236439633,0
7792,0.6410308652947967,0
7793,0.2998186669043036,0
7794,2.7955213842699913,0
7795,2.5363016124111435,0
7796,1.1889845520919924,0
7797,2.1894581321217164,0
7798,1.455319076403665,0
7799,1.580127799557456,0
7800,0.7562228335567343,0
7801,0.7021020999629942,0
7802,0.5704375228707862,0
7803,0.5911209571755403,0
7804,1.0213770572402523,0
7805,0.8417541665892124,0
7806,1.3174849459892748,0
7807,0.888054120620051,0
7808,0.440667251951171,0
7809,0.4272521492493383,0
7810,2.155931201493529,0
7811,0.3692258889064084,0
7812,1.7626948434405463,0
7813,0.8628147192314657,0
7814,0.4592293173781166,0
7815,0.8134291872598022,0
7816,1.8173911455534701,0
7817,0.44540671230100465,0
7818,1.1931560767041647,0
7819,0.4352781196549564,0
7820,1.023716243385489,0
7821,1.9872412309663348,0
7822,0.27921874723750295,0
7823,1.4928831870860166,0
7824,1.2901466128638919,0
7825,2.083756018013192,0
7826,1.4873852353341617,0
7827,1.9150276652199305,0
7828,1.4062741852180634,0
7829,1.259764855903224,0
7830,0.6216327412417947,0
7831,1.0384365669632925,0
7832,0.4356164035816069,0
7833,0.6760134919894474,0
7834,1.4156385413625026,0
7835,1.6761518752815066,0
7836,1.1612952426954337,0
7837,3.8267057636853523,1
7838,0.9554708246876562,0
7839,2.1014866663156555,0
7840,2.2562093356394444,0
7841,0.6539050892101632,0
7842,0.2903236122367258,0
7843,0.7857402826886108,0
7844,0.9249779142772426,0
7845,0.9538883326633922,0
7846,0.6871699687616779,0
7847,2.0090426868279128,0
7848,0.5154594002438336,0
7849,0.3798612162048068,0
7850,2.618255083976722,0
7851,0.9361146467398551,0
7852,0.8511869969171786,0
7853,1.2563281552219288,0
7854,0.4792620068254657,0
7855,0.14354466104937272,0
7856,4.275985012444505,1
7857,0.331850754271616,0
7858,0.35426449730120546,0
7859,0.5967549689833164,0
7860,1.4587785125985469,0
7861,3.893861420660246,1
7862,0.8707691475430515,0
7863,0.8853219516810761,0
7864,0.5242551074454866,0
7865,0.6547775040902651,0
7866,0.587619358465281,0
7867,1.4521171665708392,0
7868,1.426147190264279,0
7869,6.178343619318463,1
7870,0.8079967241169254,0
7871,2.582140346796818,0
7872,1.3509662380454293,0
7873,0.3828758642612146,0
7874,0.596825209858816,0
7875,1.8717263706808194,0
7876,0.42982617733314077,0
7877,4.106577941304046,1
7878,0.5471050726646316,0
7879,1.855961811436543,0
7880,1.7682728328491137,0
7881,0.9096494181704747,0
7882,1.3956806532079287,0
7883,1.045851973659731,0
7884,0.6210629925060418,0
7885,0.9095467591525654,0
7886,4.280156566938952,1
7887,1.9273079617250317,0
7888,1.4682934347346743,0
7889,0.8545526541667728,0
7890,1.4868032279667078,0
7891,5.758580588616694,1
7892,0.25613500246490983,0
7893,1.4607690472099577,0
7894,1.4199724966341905,0
7895,0.8557544060975145,0
7896,0.4552804468289708,0
7897,2.7119112341397416,0
7898,1.0339798484659097,0
7899,0.5728569705306422,0
7900,0.3623785115293214,0
7901,0.9424341006303976,0
7902,0.28993477999551265,0
7903,1.1422534524607313,0
7904,0.8757601834942977,0
7905,0.33957937116806336,0
7906,0.2878237468776384,0
7907,1.3133236002168922,0
7908,1.2071586580091789,0
7909,0.5341837535866001,0
7910,2.6507205798659106,0
7911,1.7069205749191456,0
7912,0.5008688678030048,0
7913,0.4020734764859812,0
7914,2.5973180883867806,0
7915,2.1684761697706407,0
7916,2.5243115815107213,0
7917,0.4657372353413484,0
7918,0.44431150988504603,0
7919,0.20125149389706548,0
7920,1.7983568771934317,0
7921,0.3778927318814303,0
7922,1.3789206002756953,0
7923,1.5489548495966652,0
7924,0.6906824081805041,0
7925,0.6941639259930145,0
7926,1.8536112863315701,0
7927,0.8816269904135514,0
7928,0.818498834223621,0
7929,0.85653448180881,0
7930,1.2280351241548773,0
7931,1.417187242881336,0
7932,1.7562798171490037,0
7933,1.284440458255302,0
7934,1.8886838262816772,0
7935,0.36041848382129377,0
7936,1.2728858534213,0
7937,1.127397711260753,0
7938,1.2716051040925,0
7939,2.0582839009376723,0
7940,1.76718174782436,0
7941,0.44863157759826744,0
7942,2.9094153465721906,0
7943,0.3591740802872162,0
7944,1.1645407897219369,0
7945,0.9479676436678905,0
7946,3.0251304615226213,0
7947,0.37771288439680684,0
7948,2.471631271121082,0
7949,1.9773657681635008,0
7950,0.6699518467327724,0
7951,0.6737437128836082,0
7952,0.4662778472804194,0
7953,2.009025278125114,0
7954,1.6157078794196345,0
7955,2.7910658205693464,0
7956,0.826048503427487,0
7957,1.266025882191692,0
7958,0.7150206164195064,0
7959,1.1335943084997735,0
7960,0.18943888750804072,0
7961,2.4236149610670865,0
7962,0.33901947114799186,0
7963,0.6982832088682945,0
7964,0.3750733751364455,0
7965,1.3477000681495246,0
7966,1.2648454024334101,0
7967,0.4272617038074333,0
7968,1.2775736435122351,0
7969,1.5197698590649353,0
7970,0.7067887706917941,0
7971,1.0365069413497399,0
7972,1.1265043334481284,0
7973,1.9776754655636615,0
7974,0.28622466249930173,0
7975,0.6837476216971342,0
7976,0.38203576587592347,0
7977,0.24082360017769294,0
7978,0.2943024171556029,0
7979,1.755957839739685,0
7980,1.3919009708246435,0
7981,1.3846784876223448,0
7982,2.044501396130677,0
7983,0.774342094267946,0
7984,1.04817818268623,0
7985,3.229508050454368,1
7986,0.749009186104328,0
7987,0.3651403381444689,0
7988,0.2612158019026728,0
7989,0.7147847578550042,0
7990,0.9133991572146838,0
7991,1.3739206413711356,0
7992,0.8395211107012781,0
7993,2.060537355635378,0
7994,0.41160344797994086,0
7995,0.6239099733173137,0
7996,0.7177861711167685,0
7997,0.6529815600369787,0
7998,0.7805557660649727,0
7999,1.5620191544688427,0
8000,1.7819985775251541,0
8001,0.48352143992211194,0
8002,3.7140433435412334,1
8003,1.189427591912747,0
8004,0.5768004367166779,0
8005,1.0483929000916334,0
8006,0.40395023409234926,0
8007,1.6482985170123454,0
8008,0.7382132051041218,0
8009,1.028229382113661,0
8010,0.6036053787160236,0
8011,2.2099985360076952,0
8012,1.7571725885866414,0
8013,0.17001350881893945,0
8014,0.5587759615896618,0
8015,0.9097959178276085,0
8016,1.5453692456859005,0
8017,2.5656729203628927,0
8018,0.38530699365837456,0
8019,4.274671926494979,1
8020,0.30944895980952286,0
8021,1.2063289661639192,0
8022,1.0940779311918993,0
8023,3.244818465285674,1
8024,1.5508646406537268,0
8025,0.38116390935113975,0
8026,1.7768035912548825,0
8027,1.3675752197526065,0
8028,0.621672210178794,0
8029,1.4880323409693426,0
8030,0.40184316137329523,0
8031,1.866773113882376,0
8032,2.0515639529815988,0
8033,1.083260836142245,0
8034,3.1081026250977786,1
8035,0.7611501809152436,0
8036,0.3099669764563212,0
8037,0.6902681232647242,0
8038,0.2852805344000951,0
8039,0.40313228880404123,0
8040,0.4848653410998617,0
8041,1.9871673366534317,0
8042,1.7280997597898178,0
8043,1.8785195084289121,0
8044,1.594576375697962,0
8045,1.0848730345688418,0
8046,1.3535658161597972,0
8047,0.4645049203328845,0
8048,1.404871223744901,0
8049,0.5959948181586938,0
8050,1.2759273409538285,0
8051,1.4395098708893153,0
8052,2.2127175124810416,0
8053,1.4676404759019905,0
8054,0.4593928079810254,0
8055,0.4093257413619296,0
8056,2.5442990125681293,0
8057,1.106485183319068,0
8058,0.3753508708178817,0
8059,2.4849753858864605,0
8060,1.3246219350026296,0
8061,0.25414556603733085,0
8062,1.3124870665864787,0
8063,3.3518999096145077,1
8064,1.1925756576655795,0
8065,0.5855032528133162,0
8066,0.46924862181088084,0
8067,1.092595385610166,0
8068,0.9912373784248593,0
8069,0.7283644005762083,0
8070,1.2460736859395127,0
8071,1.2858364421932513,0
8072,1.9692799461534711,0
8073,1.667861394071137,0
8074,0.7621746703620519,0
8075,2.374474333819918,0
8076,0.24308035867535177,0
8077,1.008789731899634,0
8078,0.8750687696765066,0
8079,0.7968043294541941,0
8080,1.2348948234705408,0
8081,1.496762720811483,0
8082,1.5417870129731535,0
8083,2.878960318792941,0
8084,1.6267850352586166,0
8085,2.1062582999750497,0
8086,0.349794387894491,0
8087,0.6695763731403936,0
8088,0.9393845352805186,0
8089,0.9440821707478323,0
8090,2.3489380932810193,0
8091,0.4954173755757537,0
8092,0.6219147240485917,0
8093,0.3847904280708547,0
8094,0.26325385475656243,0
8095,0.6570770847496843,0
8096,1.3569851693440405,0
8097,2.7077384035183765,0
8098,0.5951306239684103,0
8099,0.5351465446546074,0
8100,0.5032282909247275,0
8101,0.32965468577837564,0
8102,3.888381389353761,1
8103,5.547017468818506,1
8104,2.4416834310702513,0
8105,2.721954758373067,0
8106,0.6525694332348945,0
8107,0.27020930983220437,0
8108,0.5803119413394671,0
8109,1.0438425243847889,0
8110,0.9730323150832606,0
8111,1.1359577662246838,0
8112,0.7087565991673345,0
8113,2.0320540350126146,0
8114,3.1283859765079267,1
8115,0.4981309240278508,0
8116,1.6285098046588045,0
8117,1.9180583304302758,0
8118,1.8905602806439568,0
8119,3.0583585791449672,0
8120,1.9231520234339767,0
8121,1.3716355128594122,0
8122,1.5183633428902266,0
8123,3.6649832883993647,1
8124,1.9848684723937757,0
8125,0.8512366907645074,0
8126,0.5362592518984696,0
8127,0.403706151946953,0
8128,0.35438659922882826,0
8129,1.866501642749403,0
8130,0.8941706636177578,0
8131,1.4535172517573611,0
8132,0.9417157512078089,0
8133,1.9333284865854792,0
8134,1.1183184773285173,0
8135,2.0679568171305234,0
8136,0.6393346345063473,0
8137,2.9758955931862046,0
8138,1.8935849414483277,0
8139,1.4442864708484828,0
8140,0.27546901738173557,0
8141,1.0599947763145674,0
8142,0.7196968698387771,0
8143,1.5846265526754169,0
8144,1.2850348077428224,0
8145,1.109950144516111,0
8146,0.28560301971914426,0
8147,0.20662906656874916,0
8148,1.7171035450990764,0
8149,1.716566632469552,0
8150,1.1523239823561902,0
8151,0.4332913611893069,0
8152,1.020257494733363,0
8153,1.3486477995516457,0
8154,0.8239443275951672,0
8155,4.136475392881615,1
8156,0.768671118216419,0
8157,1.0026010695573218,0
8158,1.8135139802489901,0
8159,1.7629625798042623,0
8160,0.8097070438376406,0
8161,1.2089363991770135,0
8162,0.7199724991782301,0
8163,0.7820897352528458,0
8164,2.810796853908969,0
8165,0.9536925271966626,0
8166,0.47024026394441815,0
8167,1.5458309810496005,0
8168,1.2340785781155252,0
8169,0.34067443955547316,0
8170,1.7880311483150637,0
8171,0.9889009043910394,0
8172,4.677385873171131,1
8173,4.6184058156628955,1
8174,0.8162245553222222,0
8175,1.5254263530105658,0
8176,1.062438718534408,0
8177,3.3787510025454415,1
8178,0.5811949570633053,0
8179,1.8843229127489614,0
8180,0.8747558747731431,0
8181,1.1319848548404896,0
8182,1.5895517439861457,0
8183,1.7663745612420103,0
8184,1.8990999543242169,0
8185,1.098399640754984,0
8186,1.0965179339180586,0
8187,1.471605952496019,0
8188,2.156903800465388,0
8189,2.197660367775493,0
8190,1.6261746992708719,0
8191,0.3882435750076709,0
8192,1.9763972968777668,0
8193,1.9970620063772855,0
8194,0.34488491859683285,0
8195,2.4885248525267114,0
8196,0.4854544851514832,0
8197,3.5899911031632192,1
8198,1.2084854323939387,0
8199,2.669586397537219,0
8200,1.2825027883816489,0
8201,2.1218218017991126,0
8202,1.1335254351839508,0
8203,0.6556427645139599,0
8204,3.3882188741748296,1
8205,1.5327664415027356,0
8206,0.3724323848826462,0
8207,0.49875711031430886,0
8208,1.2164744007075368,0
8209,0.25638616187141966,0
8210,1.9986207802720872,0
8211,5.796612738709942,1
8212,1.3905097367839565,0
8213,0.7660035167362537,0
8214,0.4540953442376536,0
8215,3.3866797864822984,1
8216,1.0858636314078145,0
8217,1.4071702590969037,0
8218,0.6223168511008388,0
8219,1.5364718954351437,0
8220,2.9739774435909356,0
8221,1.874035950549741,0
8222,1.5718981851070606,0
8223,2.3246719315528623,0
8224,1.2203812457231964,0
8225,0.7034684807990288,0
8226,1.9745010063815798,0
8227,0.6150823378899187,0
8228,3.331583488417033,1
8229,4.007735819675638,1
8230,2.83054625707976,0
8231,1.1800162634986686,0
8232,0.8271413884184949,0
8233,1.4902129462154743,0
8234,0.22572093881646776,0
8235,2.5059868434321726,0
8236,2.915981702966631,0
8237,1.293086764604279,0
8238,1.0058536825314206,0
8239,0.7317971837194261,0
8240,0.6115213257763707,0
8241,1.5740012484073587,0
8242,0.3677703032044006,0
8243,2.064813162622353,0
8244,0.7942121794433606,0
8245,0.1872361033156477,0
8246,1.3241857263239212,0
8247,6.285596392093098,1
8248,0.9347448191799064,0
8249,1.7220098851899017,0
8250,1.6693878792711596,0
8251,0.6344963169878794,0
8252,0.9568940498467305,0
8253,3.5152320452443755,1
8254,1.6105600402675355,0
8255,0.7868499939181652,0
8256,0.647883520857158,0
8257,4.358592285307555,1
8258,0.6808999514483389,0
8259,0.4620813038718062,0
8260,0.8369416725817472,0
8261,2.294728296160905,0
8262,1.140993365975405,0
8263,1.174272706296793,0
8264,1.3622742428055445,0
8265,2.7516158888144764,0
8266,1.915937829534648,0
8267,0.9373283793531282,0
8268,1.6430873335239486,0
8269,1.1349303679892955,0
8270,0.9800455188314257,0
8271,0.40523103660361043,0
8272,0.2231722457339652,0
8273,0.8019482101612443,0
8274,1.2101389425000806,0
8275,2.4356234448033645,0
8276,0.1876337840600818,0
8277,0.34973559571130025,0
8278,1.2829751813022314,0
8279,0.5668368490041568,0
8280,1.0107263981271801,0
8281,0.9525341538799851,0
8282,1.4911273348229026,0
8283,1.2753806748415206,0
8284,0.6515530999463727,0
8285,2.9083606565669267,0
8286,0.4886113952854582,0
8287,1.5092615175571034,0
8288,0.31353416994820266,0
8289,0.2979349326174676,0
8290,3.597996311621688,1
8291,0.28887224987506094,0
8292,1.2047616702797366,0
8293,1.081349702179775,0
8294,0.6914339151494882,0
8295,0.8553019581181652,0
8296,0.2810895360747585,0
8297,0.3376116364093198,0
8298,1.5477702060291498,0
8299,1.7635332660658292,0
8300,0.9623935231553797,0
8301,0.94790417648741,0
8302,1.5617225581532848,0
8303,0.8352341570300525,0
8304,1.6508667523484795,0
8305,1.3015191538348219,0
8306,0.9251727482416267,0
8307,0.37955146796842526,0
8308,0.4850262835442878,0
8309,0.46576750916059045,0
8310,0.5297700005440559,0
8311,0.40799068154669627,0
8312,1.0522122830310725,0
8313,0.4780720634178757,0
8314,1.5359920914418574,0
8315,0.6617248300385692,0
8316,2.3014051644999394,0
8317,0.5827585907188411,0
8318,1.0230136672126953,0
8319,1.0948372064870098,0
8320,0.3717580998288135,0
8321,0.5291862840243645,0
8322,3.8130177060408985,1
8323,0.5843689095117202,0
8324,3.281180106152189,1
8325,0.624493599705247,0
8326,1.0485845471466428,0
8327,1.0865754552130147,0
8328,0.8808070530037724,0
8329,0.5928811004799116,0
8330,3.1696664401013197,1
8331,0.8588646351183339,0
8332,0.6040279819353364,0
8333,2.8106275678811268,0
8334,0.4452598296202853,0
8335,0.637248857245766,0
8336,0.7011358209635588,0
8337,0.6542901828289299,0
8338,7.302399130229243,1
8339,0.48246634213948203,0
8340,1.6857249067575943,0
8341,0.42118092475758656,0
8342,0.6245106736179943,0
8343,0.39133424841802555,0
8344,1.9139734241365,0
8345,1.2293006373371707,0
8346,1.1223487096828562,0
8347,3.8281801435878835,1
8348,1.1855021837807775,0
8349,1.158537053483921,0
8350,0.14413102873034694,0
8351,1.1569829065179131,0
8352,0.7427280125311183,0
8353,1.3917054142306509,0
8354,0.68375804516474,0
8355,7.534742234178561,1
8356,1.313118941329251,0
8357,2.09060635794095,0
8358,0.920709803706566,0
8359,0.26483990036567695,0
8360,1.9499730884367357,0
8361,0.8687279645346256,0
8362,1.5026147311726936,0
8363,1.5415788592509594,0
8364,1.3149919471668658,0
8365,0.6271188169055377,0
8366,1.0170712537949145,0
8367,0.4347470102232754,0
8368,0.5733940666425518,0
8369,1.0133703884649345,0
8370,1.594271055309523,0
8371,1.4798881342733334,0
8372,1.4135093621004424,0
8373,1.780210167754903,0
8374,2.0655867605254463,0
8375,1.3308179483465712,0
8376,0.5555364106567716,0
8377,0.7519577191092179,0
8378,0.8201449181437808,0
8379,0.4685881624752028,0
8380,0.45173813331088175,0
8381,1.4047597327106798,0
8382,0.9817141423570173,0
8383,1.2413316720697987,0
8384,4.235171758880605,1
8385,1.4053111427170928,0
8386,0.46892731993009823,0
8387,0.597374766349194,0
8388,0.9468781140984563,0
8389,0.8986884756882282,0
8390,0.8956039864901075,0
8391,2.4900336042037265,0
8392,2.8134829255272438,0
8393,0.3348410286475541,0
8394,0.18171380140440346,0
8395,1.4179601059079119,0
8396,0.8194088883856715,0
8397,0.9517825454512521,0
8398,0.6049768278877458,0
8399,0.33340062330381226,0
8400,1.5038595114332314,0
8401,1.306523786521518,0
8402,0.4514673062362712,0
8403,1.0823237058763213,0
8404,1.0804861790176299,0
8405,0.8995018403383125,0
8406,0.8346797516172231,0
8407,0.4617993105165283,0
8408,0.6708118467739019,0
8409,0.309518722902186,0
8410,0.7387953511054367,0
8411,0.3452714323251811,0
8412,0.20481594175729254,0
8413,0.15863870634766825,0
8414,0.2472789627687966,0
8415,0.9564403397394641,0
8416,0.783367984409325,0
8417,0.7617974142433794,0
8418,0.8131778401081672,0
8419,1.457227253178154,0
8420,0.29187913589560205,0
8421,1.7192292221592491,0
8422,2.794634440231016,0
8423,4.638919158053097,1
8424,0.7204066635518055,0
8425,0.8782277906346864,0
8426,0.1983952648521378,0
8427,0.502667397503967,0
8428,1.4007826434878092,0
8429,0.9539151057820343,0
8430,2.268728642838881,0
8431,1.1148457019212827,0
8432,1.9741551276100118,0
8433,0.8382462965256011,0
8434,0.5859880163225846,0
8435,0.7252737860441254,0
8436,1.1883208454859344,0
8437,1.2121935591791428,0
8438,2.488088828643461,0
8439,1.0327822998423077,0
8440,1.3452618127539124,0
8441,1.3034671155213953,0
8442,0.5257493249830982,0
8443,0.624589753195938,0
8444,0.4730779072758046,0
8445,0.9202652109779063,0
8446,2.129274583216213,0
8447,0.35255127875233055,0
8448,1.8620475475801166,0
8449,1.8773344007485078,0
8450,2.740683535552508,0
8451,1.0345176907997016,0
8452,1.6370854896511606,0
8453,3.901668624137651,1
8454,1.2330310372949929,0
8455,2.00835924056914,0
8456,2.20095213458013,0
8457,2.3043174791441188,0
8458,1.015357757698094,0
8459,0.8606537741149759,0
8460,1.5898584866382164,0
8461,0.8726131719673867,0
8462,1.8849011793666963,0
8463,1.9272449753324663,0
8464,1.3931143085949609,0
8465,0.8527215273862387,0
8466,0.657472359214625,0
8467,1.147260539483331,0
8468,1.1715476832398104,0
8469,1.547634391690804,0
8470,1.5152896679972576,0
8471,1.5957347900358114,0
8472,0.5532458683963916,0
8473,1.403513242150736,0
8474,3.3471421873161797,1
8475,1.2300343728838592,0
8476,1.358760359186617,0
8477,2.316435805249735,0
8478,0.24279215107004024,0
8479,1.1309738912333762,0
8480,0.4282740286685031,0
8481,0.6528094593554259,0
8482,0.9943609187991052,0
8483,0.6891172984076023,0
8484,1.624727336780063,0
8485,0.37899538211867895,0
8486,5.109848816671073,1
8487,1.8060170982579622,0
8488,0.6457573453345289,0
8489,0.3839151351862686,0
8490,1.2271617404618584,0
8491,0.5352577822421314,0
8492,1.0373302177077348,0
8493,1.3378746093080864,0
8494,2.0480494363282546,0
8495,2.764942447877197,0
8496,1.5706792879308564,0
8497,0.27874947699569386,0
8498,0.280329475195802,0
8499,0.4735087668862606,0
8500,10.597402910050567,1
8501,0.39351339288811743,0
8502,0.6649275309673901,0
8503,1.3479155390489717,0
8504,0.25225154495370083,0
8505,0.8547452059086883,0
8506,0.5810134007058125,0
8507,2.4871350512898953,0
8508,0.45212652823533933,0
8509,0.9731649117574138,0
8510,0.5614817863375677,0
8511,0.9423245635248795,0
8512,1.3866703729801035,0
8513,0.9153951599086054,0
8514,1.3613679964412249,0
8515,0.9217006165681627,0
8516,0.18171229975755127,0
8517,0.8927895773865994,0
8518,0.8187476971969928,0
8519,2.5402799385943244,0
8520,0.9451074559694476,0
8521,2.237385216720294,0
8522,0.26820690606463404,0
8523,1.1154582282751884,0
8524,2.9301550089742334,0
8525,2.230194039798455,0
8526,0.4153253761184621,0
8527,0.6633849505060698,0
8528,0.5847443641806483,0
8529,2.4666410680247757,0
8530,0.16469601302566841,0
8531,0.4766995636422069,0
8532,1.881352440989395,0
8533,1.6723065876308807,0
8534,1.3007320596568765,0
8535,1.4319972506928949,0
8536,1.1181207663149673,0
8537,0.9448955496133759,0
8538,0.7677922851658248,0
8539,1.4583278538530573,0
8540,2.2705017064824613,0
8541,0.963816290588602,0
8542,1.899956677677356,0
8543,1.1712155853367405,0
8544,0.6715417799284167,0
8545,0.37840403307639886,0
8546,1.4969952814885554,0
8547,0.9414034275641108,0
8548,2.1027640292277328,0
8549,1.8528583232629974,0
8550,0.28303737012999086,0
8551,0.7888511044345689,0
8552,0.8175640546703714,0
8553,0.3771865452428417,0
8554,2.290859042518923,0
8555,1.4380863665798143,0
8556,0.889001932843703,0
8557,1.599958717218294,0
8558,0.7711334130828504,0
8559,0.6125145740795913,0
8560,0.5282938618928067,0
8561,1.4944741063268479,0
8562,0.3190141159354072,0
8563,1.9952896518439533,0
8564,1.1662835747110307,0
8565,0.824673348656988,0
8566,1.2849926794968085,0
8567,0.44580960703220346,0
8568,0.5896861613497947,0
8569,1.291733950878877,0
8570,0.34200967196442156,0
8571,1.5289268459927676,0
8572,0.44721713835789045,0
8573,1.1183952088942253,0
8574,0.20289080671642784,0
8575,0.8355376073827299,0
8576,1.9118194610021897,0
8577,1.660636049513488,0
8578,1.5507716274817498,0
8579,0.518622923310303,0
8580,2.9640013170885964,0
8581,0.5554967289709332,0
8582,5.328347212363378,1
8583,1.717006976418704,0
8584,1.3536344226438837,0
8585,1.919915479369668,0
8586,1.3942944599227205,0
8587,1.1194014567775061,0
8588,1.2747501468448614,0
8589,0.36361782293859923,0
8590,1.19627335182072,0
8591,1.088204595483687,0
8592,1.5793503179555732,0
8593,1.5361806397617124,0
8594,0.22493889504625403,0
8595,2.0503880777966614,0
8596,2.520998076376086,0
8597,1.2845225633506583,0
8598,0.655461797564455,0
8599,1.3593613084238572,0
8600,1.2546898477890525,0
8601,1.1862680027616828,0
8602,2.146042504344984,0
8603,0.344539418091473,0
8604,0.3090922457199582,0
8605,2.33888807837563,0
8606,0.5169809835486522,0
8607,1.2725021539840715,0
8608,1.1844520359013797,0
8609,0.9624845494361695,0
8610,0.664689001554443,0
8611,0.31376803375999623,0
8612,1.4267554829901476,0
8613,0.4349521946081498,0
8614,1.0877090816034023,0
8615,3.2741943832289606,1
8616,0.4193610032830799,0
8617,0.5613887910513358,0
8618,0.8027543586915817,0
8619,1.7669205273540611,0
8620,1.0231268954718769,0
8621,0.40152811937184085,0
8622,0.4625827068169367,0
8623,0.7326580838360042,0
8624,1.0909413595519297,0
8625,2.880811419807051,0
8626,0.6270240362638069,0
8627,1.394269646495935,0
8628,2.4375598387741797,0
8629,0.9030903934808729,0
8630,2.0854274321463864,0
8631,0.4530940693508339,0
8632,2.174288967098924,0
8633,0.5221253560779389,0
8634,0.4172483134430403,0
8635,1.1397615364367488,0
8636,0.451874140012208,0
8637,1.2838694597749851,0
8638,0.3952280891128693,0
8639,0.357026124640009,0
8640,0.8849265239256069,0
8641,1.1902810791894818,0
8642,1.955185607638032,0
8643,0.3481379288878659,0
8644,0.9977714395091486,0
8645,0.6535617872131005,0
8646,1.6814198583910056,0
8647,0.5412253288439808,0
8648,0.8667277126484635,0
8649,1.039662138496168,0
8650,0.34543938582233946,0
8651,0.6914506956483614,0
8652,0.7640629868115648,0
8653,1.2722320165378662,0
8654,3.07544165284297,1
8655,0.94090873010027,0
8656,2.7202935482378487,0
8657,0.31411945848992295,0
8658,6.560595499710915,1
8659,0.2921198539557327,0
8660,0.43861819048357575,0
8661,1.148083280163713,0
8662,5.700677665260867,1
8663,1.0500231631199586,0
8664,1.858605916997747,0
8665,0.49608358393012586,0
8666,0.9680507235745388,0
8667,1.8494538241159624,0
8668,2.178738162750101,0
8669,0.5634521438805631,0
8670,3.4888463182872735,1
8671,1.7474721219522955,0
8672,0.4821759948989441,0
8673,0.7616531306787642,0
8674,2.865585203647194,0
8675,0.5338950812883103,0
8676,3.220491392325777,1
8677,3.769753435790215,1
8678,2.0247537939778275,0
8679,0.21282449588866126,0
8680,0.44702652876456417,0
8681,2.163344473428602,0
8682,0.5800512430693759,0
8683,0.9695162481222871,0
8684,1.0665806206082065,0
8685,0.228462746925776,0
8686,0.2739888692773456,0
8687,0.49361177490594116,0
8688,0.37253156031748597,0
8689,0.6716935384875211,0
8690,0.8861222080463205,0
8691,0.6568014930957671,0
8692,0.40431027115351115,0
8693,0.6430397800077868,0
8694,0.9735065844830283,0
8695,1.3892556104561216,0
8696,0.9484539874052891,0
8697,0.5364815348430224,0
8698,1.673821360081843,0
8699,1.2146748020270812,0
8700,1.636296570550075,0
8701,2.2526671891499634,0
8702,0.710195501208202,0
8703,3.4079725100107003,1
8704,1.8170342532457768,0
8705,1.164253015032505,0
8706,6.574206612351748,1
8707,0.7233243980137589,0
8708,1.7751450706111476,0
8709,0.5358725344102903,0
8710,1.4993680333194497,0
8711,0.4654942885242047,0
8712,1.1255280943516175,0
8713,1.0260697374488525,0
8714,2.0791257763157436,0
8715,1.7618312576672897,0
8716,2.6745631914976005,0
8717,0.606134931414227,0
8718,0.4494331077393617,0
8719,0.421754585648604,0
8720,1.7482414793545098,0
8721,0.7174821645370368,0
8722,1.6256792049827906,0
8723,0.8036066857371087,0
8724,1.3623860991133876,0
8725,1.831055445251234,0
8726,0.4303944869136775,0
8727,1.513316250697468,0
8728,1.7296564900067273,0
8729,0.3185652925268499,0
8730,1.2648141172139153,0
8731,0.4246580948729815,0
8732,1.5069993328150015,0
8733,0.5759337645498419,0
8734,0.4977311255309736,0
8735,1.0201725845861154,0
8736,0.4867328082990231,0
8737,0.5001079215378085,0
8738,0.9579507045436696,0
8739,1.4486394692878275,0
8740,0.5482481115681423,0
8741,0.5476625663552075,0
8742,1.7069432598660026,0
8743,1.035693601695218,0
8744,1.1717451741096945,0
8745,1.39506460868168,0
8746,0.4225197305179455,0
8747,4.709547889861765,1
8748,0.4329579255033213,0
8749,0.3225119376692838,0
8750,0.698151896731513,0
8751,3.6340268376198717,1
8752,0.8746954526521943,0
8753,0.6277083447710795,0
8754,0.9283261580931134,0
8755,0.3869719084450838,0
8756,1.9212937977581535,0
8757,0.5080350155659101,0
8758,0.8961843686113349,0
8759,0.7851384644385657,0
8760,0.9511984276836928,0
8761,0.9863572971103071,0
8762,0.833222046367649,0
8763,11.323578107288483,1
8764,0.2551598057726162,0
8765,1.6951414873333206,0
8766,0.1853215228536667,0
8767,0.46941667714805896,0
8768,0.6494576814961744,0
8769,3.376011227332137,1
8770,1.6993162820304806,0
8771,3.424171612668087,1
8772,4.256855466852257,1
8773,0.8661813584199425,0
8774,0.8450997705376568,0
8775,3.257869055723648,1
8776,3.051660497733695,0
8777,0.6445785270398005,0
8778,0.38312194424441237,0
8779,1.7505493625674702,0
8780,1.0390925698709654,0
8781,1.3174189292419043,0
8782,1.539792254620072,0
8783,1.3497658623603133,0
8784,0.19883443169247914,0
8785,2.573108548341379,0
8786,1.3870418384737349,0
8787,1.5182725164384996,0
8788,0.7308852698736104,0
8789,1.72784233899118,0
8790,1.964392337256148,0
8791,2.06224855035773,0
8792,0.8791655198974628,0
8793,2.344973916482952,0
8794,1.070769236290971,0
8795,1.788569250812386,0
8796,0.42558209059015795,0
8797,0.6740962044822648,0
8798,2.8255639371502586,0
8799,0.9799313033825883,0
8800,0.4456436066379416,0
8801,1.9735434465529116,0
8802,1.0774609742487287,0
8803,0.5345238126193427,0
8804,0.3069955090337594,0
8805,1.0764722138517875,0
8806,0.3174210313268168,0
8807,1.0135239841910664,0
8808,1.3043923734224168,0
8809,0.5888678951761359,0
8810,1.692231317962015,0
8811,2.1062904916241583,0
8812,0.7130722696189497,0
8813,1.0974963146758414,0
8814,0.8998143622706658,0
8815,0.7301621640085467,0
8816,0.7606565291198449,0
8817,0.9302533763410064,0
8818,1.4718828939173578,0
8819,0.6226853942162338,0
8820,1.6583222350516045,0
8821,1.4854552295038157,0
8822,1.5855285489057285,0
8823,0.9444703668736231,0
8824,0.4338297722734274,0
8825,1.0735462449855941,0
8826,0.9749344410907628,0
8827,1.3476330439210062,0
8828,1.9553925022291248,0
8829,0.8035299755287405,0
8830,1.7047789663965565,0
8831,1.331154489544735,0
8832,1.7099020923792851,0
8833,3.1414591043847846,1
8834,1.2280963875682431,0
8835,3.6600453884197224,1
8836,3.302765075038249,1
8837,1.0466569195671687,0
8838,1.529516227447546,0
8839,1.32842817306114,0
8840,0.4338360195063565,0
8841,0.6752784769310897,0
8842,1.8069614607769722,0
8843,5.063782220646051,1
8844,2.7409357021152156,0
8845,1.2094429028743032,0
8846,0.8755098236645421,0
8847,1.0424504450830614,0
8848,4.595919633267753,1
8849,0.744243396927024,0
8850,0.24399858209689593,0
8851,1.1960725940682253,0
8852,3.3036135336431673,1
8853,0.3168586847288259,0
8854,0.3403088275263902,0
8855,0.5787530207234369,0
8856,1.550330666207468,0
8857,2.174073329334258,0
8858,0.23930082868911118,0
8859,0.3431906300798702,0
8860,0.6769546231397977,0
8861,1.4301814373024504,0
8862,0.31353640721975906,0
8863,0.4270648191591086,0
8864,2.111082530444337,0
8865,1.0050499113866442,0
8866,0.9756428717555105,0
8867,1.7517272996489408,0
8868,1.38949576586636,0
8869,0.37676610617106887,0
8870,0.7937523808123219,0
8871,0.6384456175657952,0
8872,1.027810729065074,0
8873,1.8944991722077986,0
8874,1.17096955475866,0
8875,0.2873398133926456,0
8876,0.2909976950923745,0
8877,1.1026907020510124,0
8878,1.4460007203364011,0
8879,11.932642418203006,1
8880,2.4518260285582603,0
8881,1.0392829910623351,0
8882,4.276887810289354,1
8883,1.109650417874265,0
8884,0.6482396454398182,0
8885,1.6165565201214844,0
8886,2.3416456923223516,0
8887,1.682923835330853,0
8888,2.582927695920775,0
8889,1.3197183480478016,0
8890,1.2379045678474994,0
8891,1.0356563509756542,0
8892,0.42754419239353963,0
8893,1.291635396369728,0
8894,0.40258134201437357,0
8895,0.7840658644002584,0
8896,0.5583557374883762,0
8897,1.8842562685830113,0
8898,0.7525580304214678,0
8899,0.5015037431169586,0
8900,3.1594165638365737,1
8901,1.088857442503336,0
8902,1.5212513351126504,0
8903,0.9269445259571688,0
8904,0.6380059698882588,0
8905,1.7306087972627267,0
8906,2.9186066618820212,0
8907,0.288154809613056,0
8908,1.0789435689818103,0
8909,1.0687043388205133,0
8910,1.4329486763992214,0
8911,0.2901168916871936,0
8912,1.108142388343079,0
8913,1.8427126059317098,0
8914,0.6560467375480636,0
8915,0.3892729724730023,0
8916,1.9981955668054232,0
8917,0.23185313517622033,0
8918,0.9434397658039353,0
8919,1.4522069074906037,0
8920,0.24662099096836004,0
8921,0.5575746380184506,0
8922,0.8227637615674416,0
8923,3.0202395102480852,0
8924,0.584076857688704,0
8925,1.6199376191226322,0
8926,1.0219490177674124,0
8927,0.5385402593080514,0
8928,1.474542795332355,0
8929,1.0470834029707439,0
8930,0.7878587699536511,0
8931,0.542706339762206,0
8932,2.125035763315619,0
8933,0.9512338873545929,0
8934,1.0456489787212908,0
8935,1.0960816056417635,0
8936,1.744302898094882,0
8937,0.9333547013627439,0
8938,0.5936685241469903,0
8939,1.5169428283881319,0
8940,1.6468906191962063,0
8941,0.7773336949146178,0
8942,1.0154996877302,0
8943,0.6338870459365608,0
8944,1.0395484410599474,0
8945,0.9320629493075578,0
8946,0.4857073591095738,0
8947,0.8257436727326469,0
8948,0.28066548655635803,0
8949,0.8261031306756366,0
8950,4.138111880040667,1
8951,1.1083287927004393,0
8952,1.4516705418437812,0
8953,1.526374802361602,0
8954,2.402809521522284,0
8955,0.7958559562482116,0
8956,1.1151374914752248,0
8957,0.9876646082977064,0
8958,3.1376066548482737,1
8959,0.4906464875958076,0
8960,0.8255408060863522,0
8961,0.7986385723250364,0
8962,2.1811800325409494,0
8963,0.9937446118260221,0
8964,0.5579137769661762,0
8965,1.641501711176758,0
8966,1.0448451839436848,0
8967,2.0845487998203573,0
8968,0.28680353339568493,0
8969,2.0462326303506786,0
8970,0.8507766193255198,0
8971,0.629483400879352,0
8972,0.6767254079580879,0
8973,2.2097165937983143,0
8974,2.0980921234353667,0
8975,2.2429828341218836,0
8976,1.1237925311400907,0
8977,4.025400014261614,1
8978,1.2470199273555933,0
8979,2.5557884054788813,0
8980,1.7797985211657206,0
8981,1.064275669126839,0
8982,2.46162336801801,0
8983,1.0962539667165918,0
8984,2.200223006549302,0
8985,0.47051444664982806,0
8986,2.8546787577870623,0
8987,2.0501247139368504,0
8988,2.194504037672604,0
8989,2.5237066881380374,0
8990,0.9330572169602184,0
8991,1.5391429332734368,0
8992,0.6464339590998545,0
8993,0.5046769856923452,0
8994,1.4083124999234782,0
8995,0.45629783460855877,0
8996,0.8673051282559892,0
8997,2.9235965857994186,0
8998,1.608457615766382,0
8999,1.7626671273921484,0
9000,1.2248102799290068,0
9001,1.0160238632535254,0
9002,0.7857126204205844,0
9003,0.6658066939888002,0
9004,1.8754298402126597,0
9005,1.4968632015136634,0
9006,1.4218933269006335,0
9007,1.3580731460911541,0
9008,3.186201312714119,1
9009,1.9368365779406886,0
9010,0.5309584238176995,0
9011,2.2645918444893534,0
9012,2.0298642207624598,0
9013,0.3506992807048968,0
9014,1.336147874651709,0
9015,0.5987101781276619,0
9016,1.3742814483395838,0
9017,1.41785595894849,0
9018,0.5800841352826693,0
9019,1.8113640205926085,0
9020,0.37131282906257107,0
9021,0.6734007337657739,0
9022,1.3237279920702,0
9023,2.0487274733832397,0
9024,0.7049846655579046,0
9025,0.19217626163564525,0
9026,0.92247677904546,0
9027,2.8029136128781533,0
9028,1.462328470460481,0
9029,1.6522845803095614,0
9030,0.48280458868675236,0
9031,2.4010922348367782,0
9032,1.0434682338495294,0
9033,0.9970576898902491,0
9034,2.1370493270186794,0
9035,2.3273409133787744,0
9036,0.4234843074634386,0
9037,0.7247313051052178,0
9038,0.8642958386191779,0
9039,1.8350900611649323,0
9040,1.6853863881354298,0
9041,1.4309134534366357,0
9042,1.3821627828469196,0
9043,1.2695443958121786,0
9044,6.972227635364366,1
9045,1.2655165459874418,0
9046,1.5970817616855804,0
9047,1.7656272111398905,0
9048,0.6070787464789837,0
9049,1.1988218597315334,0
9050,0.4342662153823555,0
9051,0.31410525453397115,0
9052,2.5748193917856645,0
9053,0.615323668171805,0
9054,1.423042802647185,0
9055,1.9640941626516575,0
9056,0.30400837831669786,0
9057,1.5481126887631176,0
9058,2.2385775313551592,0
9059,0.3893097578707115,0
9060,0.6705802474009569,0
9061,2.168720467435502,0
9062,0.6153069523340151,0
9063,0.7973014978963334,0
9064,0.49765443887907806,0
9065,0.31829703786473773,0
9066,1.761138849419518,0
9067,0.7444740987122365,0
9068,1.7440375462456206,0
9069,0.46880835236734786,0
9070,0.8653080697795762,0
9071,1.2791741906540293,0
9072,2.6675239234813994,0
9073,1.1996492368899128,0
9074,0.6543997475382493,0
9075,0.7677881965651079,0
9076,0.9489736302362992,0
9077,2.975858884166598,0
9078,1.2853089354902456,0
9079,4.05796681167198,1
9080,0.8342189481507615,0
9081,1.7456201812789083,0
9082,0.8294474502958723,0
9083,2.421717106512565,0
9084,0.4948624475141467,0
9085,1.1725088786715863,0
9086,0.40790061479441964,0
9087,0.9794218251338805,0
9088,2.090048469174778,0
9089,6.088678332595208,1
9090,1.5540210343553595,0
9091,1.389857907615096,0
9092,1.1772338101101858,0
9093,1.7807792012810302,0
9094,1.7545709961988725,0
9095,0.6764200546126291,0
9096,1.6946817486893515,0
9097,0.5191988996209943,0
9098,0.9092139164954282,0
9099,1.4089931068768622,0
9100,0.22173727679996158,0
9101,1.1333807378345082,0
9102,1.305705140623367,0
9103,1.6790045195558605,0
9104,1.436598054818726,0
9105,0.725510161704119,0
9106,1.0402768807766771,0
9107,1.4097776577442294,0
9108,0.43494145013735813,0
9109,1.7694812074551813,0
9110,1.8009109347239303,0
9111,2.2774565633612784,0
9112,1.0116176469008917,0
9113,4.300523934362554,1
9114,1.2162982188162135,0
9115,1.6809470107172608,0
9116,2.585980216867319,0
9117,0.5343324714984835,0
9118,1.820944647103079,0
9119,2.095161950510183,0
9120,0.5145633339917597,0
9121,0.30297907877341107,0
9122,1.569492017863842,0
9123,1.0627932928548285,0
9124,1.615592776460987,0
9125,1.0112106555924274,0
9126,0.8473132098798649,0
9127,1.7677500100599135,0
9128,1.5190399433139268,0
9129,0.5315658410766549,0
9130,0.7644278515366215,0
9131,0.5257682607547289,0
9132,0.8821695960298509,0
9133,1.7745688478253097,0
9134,2.244374032739105,0
9135,3.6392051533068868,1
9136,1.534098915613903,0
9137,1.4750653654803918,0
9138,2.283419268746939,0
9139,1.537728076000309,0
9140,0.4590484091938513,0
9141,3.1004453615648284,1
9142,0.8254477922630058,0
9143,0.40737941779866715,0
9144,0.7790737583312244,0
9145,1.250337462923063,0
9146,1.447371764077279,0
9147,2.1514268017376756,0
9148,1.9063091059218236,0
9149,1.1314606911641691,0
9150,0.5619770850988836,0
9151,3.233408515784296,1
9152,1.064663826279671,0
9153,2.0760726429919583,0
9154,3.0119358896169524,0
9155,0.7618362108727432,0
9156,0.5471377361354597,0
9157,1.0342532637798307,0
9158,0.6806983303604053,0
9159,0.46382076518858717,0
9160,0.6813980036133237,0
9161,3.7604475178795864,1
9162,0.5970034049838493,0
9163,1.074301203479963,0
9164,1.2917281437963444,0
9165,1.4492883397801082,0
9166,1.553080266055172,0
9167,2.464005883252518,0
9168,0.6510254132115718,0
9169,0.6573694872622337,0
9170,1.3555985357451934,0
9171,0.6325626734787212,0
9172,1.910573332829079,0
9173,0.3173542523554301,0
9174,0.6132792380716268,0
9175,2.0310969884474295,0
9176,0.8170185518745062,0
9177,1.2040447884424197,0
9178,0.20392638781092584,0
9179,1.367665346757414,0
9180,1.4186028084262394,0
9181,0.5996205415936393,0
9182,0.33504169055008126,0
9183,0.41458225049858677,0
9184,0.4453736987984753,0
9185,1.3010439864214418,0
9186,0.4626904178823752,0
9187,1.6675813435837543,0
9188,1.2426992106426888,0
9189,1.5396690323657267,0
9190,1.3848742493038977,0
9191,6.979496168856127,1
9192,1.2355336365044256,0
9193,2.2947885182303236,0
9194,4.100158505209318,1
9195,1.1583537548028644,0
9196,0.8199128791033419,0
9197,1.7581501055774487,0
9198,1.57140363986682,0
9199,0.6211785824945029,0
9200,2.840653451415565,0
9201,0.601893767018986,0
9202,1.2479064949758294,0
9203,2.1615922044211744,0
9204,0.6351901919561029,0
9205,0.31577719666685966,0
9206,1.2467096430573192,0
9207,1.300892111568207,0
9208,0.8116881327000615,0
9209,1.5201223596584021,0
9210,2.561475973540893,0
9211,1.6981487135734707,0
9212,1.5506204736319698,0
9213,4.005115321019932,1
9214,1.830159222072582,0
9215,2.411640362766548,0
9216,1.980712151713645,0
9217,1.574511203635065,0
9218,1.1210666796844009,0
9219,1.0801986835692492,0
9220,3.445977497303468,1
9221,0.3532959855974873,0
9222,0.9023469436665332,0
9223,0.47893645699916926,0
9224,0.4995696254998993,0
9225,1.4307596335622816,0
9226,1.4900238233558114,0
9227,2.420492996834646,0
9228,1.3018110096266944,0
9229,1.1150075913363304,0
9230,0.39273275863302265,0
9231,2.3014572825283603,0
9232,1.3764049734916364,0
9233,1.9545774781766594,0
9234,1.2104711293383248,0
9235,0.4897213502205643,0
9236,1.0875759766240345,0
9237,1.4408769564316837,0
9238,2.9831616963797862,0
9239,2.0608255300603715,0
9240,1.3060306667123185,0
9241,1.366213603890118,0
9242,1.2329667151773298,0
9243,1.2988334440770943,0
9244,0.8598528066386378,0
9245,1.1508307055995246,0
9246,1.166814565949598,0
9247,1.7726632365723372,0
9248,1.0797436100803932,0
9249,0.9094917287820773,0
9250,2.2435128204865813,0
9251,0.5292236828323196,0
9252,0.84012793183416,0
9253,1.0512610530709685,0
9254,0.5850466972066054,0
9255,1.820623541926382,0
9256,2.329709921933363,0
9257,0.7121134237774452,0
9258,0.23987029210118346,0
9259,1.7320155557838064,0
9260,0.8671332213034073,0
9261,0.5672819211235716,0
9262,0.38654393435261686,0
9263,2.937928602963132,0
9264,1.4902556904967275,0
9265,0.21782884781244177,0
9266,0.8105762829702594,0
9267,0.4439299667594986,0
9268,1.180282022222958,0
9269,0.2231830757022659,0
9270,0.7013104778762332,0
9271,0.8989093727702185,0
9272,0.5727785308340054,0
9273,1.2425661152032077,0
9274,1.046667887287393,0
9275,0.8548143625118274,0
9276,1.6754794279955476,0
9277,0.34025715377516275,0
9278,5.833825519874258,1
9279,1.5768000562627837,0
9280,2.5249202073211703,0
9281,1.1543628408416875,0
9282,1.214119794084885,0
9283,3.7938517987051004,1
9284,0.12335875894734089,0
9285,0.37359792683790494,0
9286,0.8997011367741808,0
9287,2.1818112121461057,0
9288,0.9102278319850633,0
9289,4.100154930090465,1
9290,0.6787111934057081,0
9291,2.889123278753054,0
9292,2.488376304903217,0
9293,1.389337511765748,0
9294,3.114836049126957,1
9295,1.4784688378400659,0
9296,0.4866236487786998,0
9297,0.8045797445642247,0
9298,0.33353125973917225,0
9299,0.8874730212386717,0
9300,1.13526454594437,0
9301,1.264020542013857,0
9302,0.6608694316501905,0
9303,3.723592608229469,1
9304,0.33214159326588694,0
9305,2.533314605305835,0
9306,1.532020489759572,0
9307,0.9143552580609101,0
9308,2.1514594648222225,0
9309,0.9554841900030936,0
9310,1.6068741082458697,0
9311,5.494577437464651,1
9312,1.576082063808052,0
9313,1.6796710855261154,0
9314,0.8931522253651683,0
9315,2.5559827403506015,0
9316,2.8574022249724944,0
9317,2.538539678429896,0
9318,2.0012469522788257,0
9319,1.4987158191267416,0
9320,0.7148237509046107,0
9321,9.40451911369838,1
9322,0.16140325404626907,0
9323,5.579262790746162,1
9324,1.696288425479023,0
9325,1.709210385461595,0
9326,0.7229558598639351,0
9327,1.7047574815559858,0
9328,1.7538422779010083,0
9329,2.214305933446014,0
9330,0.834504245701378,0
9331,0.8804127864212525,0
9332,2.08890634836898,0
9333,2.2589404240645186,0
9334,0.22992256646287093,0
9335,1.516756086380615,0
9336,1.10047387333759,0
9337,0.7639682967364579,0
9338,0.33308398005939144,0
9339,1.8893824599218159,0
9340,0.8701934099611501,0
9341,0.47767641538783073,0
9342,0.4063536268133461,0
9343,2.4235422539531473,0
9344,0.8168070999110738,0
9345,3.0741377471407136,1
9346,0.2003147938137268,0
9347,0.32334484626663745,0
9348,1.0811638424964016,0
9349,0.8023795074693292,0
9350,1.784371148880409,0
9351,0.7739547310870569,0
9352,0.9132459085130109,0
9353,1.0947616273743312,0
9354,1.5793797940940129,0
9355,0.8840751885213817,0
9356,0.23918874336017132,0
9357,2.190029196237122,0
9358,1.480283307322622,0
9359,6.004236408852944,1
9360,0.46365739445119514,0
9361,0.696881461609356,0
9362,2.6642826175086056,0
9363,3.7357171047572493,1
9364,0.6150379068506242,0
9365,0.8148295389737227,0
9366,0.42882965864926786,0
9367,0.4636908387293864,0
9368,1.0438740432995337,0
9369,2.044918558685845,0
9370,1.054619645278897,0
9371,1.501014370059406,0
9372,1.1213269970820166,0
9373,1.035116713631398,0
9374,0.34620101227383354,0
9375,0.32148634838595574,0
9376,1.9624917257332106,0
9377,0.47290118532061304,0
9378,0.8647412699216471,0
9379,2.7537242405616804,0
9380,1.7592270793592748,0
9381,1.95945756141246,0
9382,0.5977498511514197,0
9383,0.7269094180358493,0
9384,1.4177275340698232,0
9385,0.8767921537105802,0
9386,2.5430601197235627,0
9387,1.2833974876098393,0
9388,1.5324253321389028,0
9389,0.7158801156072265,0
9390,4.884455137240726,1
9391,1.554515073275695,0
9392,1.615970514232504,0
9393,0.767539385901865,0
9394,2.5583832051058226,0
9395,2.0342237434218005,0
9396,0.9651390578757841,0
9397,0.27699527408456937,0
9398,1.5174445087609765,0
9399,1.5476045754327967,0
9400,0.3353605320507444,0
9401,0.6432642702217254,0
9402,0.23506684067276404,0
9403,2.392971079843375,0
9404,0.47523165014003943,0
9405,1.0776542201010535,0
9406,0.921115190693916,0
9407,0.3766207459241691,0
9408,1.2305537512772815,0
9409,2.5721616092363435,0
9410,2.0232891392304797,0
9411,0.8722660032656785,0
9412,0.8116181584535082,0
9413,1.1767624159839154,0
9414,0.6554958759500621,0
9415,2.488154193251413,0
9416,0.7889385826617744,0
9417,2.266440806340661,0
9418,3.117329272629841,1
9419,3.935792796828092,1
9420,0.4086993182643305,0
9421,1.1834305076009952,0
9422,3.334635960328477,1
9423,0.46390845046067797,0
9424,1.008227758980039,0
9425,1.4994952496094107,0
9426,2.018986001698827,0
9427,1.1793155783005935,0
9428,1.7118243378953328,0
9429,1.7489674454932447,0
9430,1.550368101063807,0
9431,1.7373149141863524,0
9432,0.8898900086106709,0
9433,0.5023233157845183,0
9434,0.953965524101948,0
9435,2.800229715363298,0
9436,0.4232789309740205,0
9437,1.222992231100702,0
9438,1.6102947518072301,0
9439,0.8676612961447714,0
9440,2.1313849967691483,0
9441,0.6460691064048402,0
9442,0.3169964050043135,0
9443,0.8899281400798081,0
9444,1.6473338690413155,0
9445,1.7656288787440102,0
9446,2.0514543174992905,0
9447,0.3136731974546889,0
9448,1.001791277743801,0
9449,0.8719956323455709,0
9450,2.83509132984827,0
9451,0.7528422205328068,0
9452,0.5347613529125353,0
9453,1.1023353073262903,0
9454,0.2569579493784916,0
9455,0.6250921996426169,0
9456,3.4035300773637505,1
9457,2.197614669754524,0
9458,0.4221159525446992,0
9459,2.075734581055177,0
9460,0.8856008837386569,0
9461,1.5812841336230676,0
9462,1.3335932968352735,0
9463,0.6876017882784036,0
9464,0.31459756840232317,0
9465,0.9864872355071168,0
9466,1.4549526612506998,0
9467,0.8197658219402855,0
9468,0.45483460340682813,0
9469,0.20919293549678494,0
9470,0.7211917153284981,0
9471,1.5072229690685182,0
9472,2.4744833333041023,0
9473,1.0384200886173185,0
9474,0.49560791745929766,0
9475,0.4202876437641565,0
9476,1.3075128837535746,0
9477,0.989493801159149,0
9478,1.4017202472090624,0
9479,0.5442890682111956,0
9480,1.5810591723091578,0
9481,1.0271486575226239,0
9482,4.4767513233318414,1
9483,1.3841587609967745,0
9484,1.5004514572047534,0
9485,0.9940040954504262,0
9486,1.3229644242397607,0
9487,1.8971114287419786,0
9488,1.2890848654395157,0
9489,1.0742454048812284,0
9490,1.4600421707166624,0
9491,0.6004374295344433,0
9492,2.7447437341623324,0
9493,0.44608145447570974,0
9494,1.8356014854268978,0
9495,0.38152524400172644,0
9496,0.8914594727595866,0
9497,1.1743609081296447,0
9498,0.751907705043104,0
9499,1.4946965304991768,0
9500,1.238077427337344,0
9501,0.8764306530058852,0
9502,1.162704220709487,0
9503,3.1105379263382518,1
9504,1.171733567939064,0
9505,1.9694838321198636,0
9506,0.1900954681812271,0
9507,2.3387014356663802,0
9508,0.830068132976977,0
9509,0.45974858608681335,0
9510,1.9295085388834796,0
9511,0.2900279508730002,0
9512,1.1086623613074755,0
9513,3.897918341240319,1
9514,1.5264886093520844,0
9515,0.4578822115600291,0
9516,2.1135787847012972,0
9517,0.625429657066123,0
9518,1.0365830086027819,0
9519,1.6063329947835472,0
9520,0.8434611144600235,0
9521,5.719858605447443,1
9522,0.5815209786414941,0
9523,0.32230134476437483,0
9524,0.5557734198655674,0
9525,1.1811937529492615,0
9526,1.2148223408482413,0
9527,1.0606286486011622,0
9528,0.4603960773361529,0
9529,1.7320112736890505,0
9530,1.5305720396506204,0
9531,0.27160032946969415,0
9532,0.8109654967117702,0
9533,1.135494306011963,0
9534,0.8555495922566233,0
9535,1.475442471274625,0
9536,0.5320744419870105,0
9537,1.10190368642829,0
9538,1.1637018538084203,0
9539,0.3806495869790531,0
9540,1.156876072710262,0
9541,0.8146253592280588,0
9542,1.1113196482672996,0
9543,1.3170069042733707,0
9544,0.24209535174951247,0
9545,0.9344723108807828,0
9546,0.8766823103976346,0
9547,4.876092435407624,1
9548,1.4591508872980283,0
9549,0.8722874626668029,0
9550,0.7899356174499562,0
9551,0.926050829864531,0
9552,0.31032706172906405,0
9553,1.1517262625552978,0
9554,0.5047226555653184,0
9555,3.757732537321935,1
9556,2.7502347987306917,0
9557,0.6268752164644282,0
9558,0.7397028492345823,0
9559,0.7935964168483604,0
9560,1.5630803061065452,0
9561,0.5754977061372896,0
9562,1.6922029153030789,0
9563,0.8528655799193303,0
9564,2.7062154291462175,0
9565,2.1150409210872003,0
9566,0.9665551092786789,0
9567,0.19609998629013875,0
9568,0.37865169967922957,0
9569,1.290523123354118,0
9570,1.3107732248598494,0
9571,0.5165531947932188,0
9572,1.677111189337066,0
9573,1.6610546857837996,0
9574,0.9042915429749965,0
9575,2.163049671472629,0
9576,0.5427878041027779,0
9577,0.5124347308021981,0
9578,0.9130200367128085,0
9579,1.5332354310438394,0
9580,0.35283849585780114,0
9581,0.38503229172707987,0
9582,1.7850761738043919,0
9583,0.9468649544871537,0
9584,1.1025469449676588,0
9585,1.3092192147188537,0
9586,0.8695158878148459,0
9587,1.6127575390604052,0
9588,3.023305165283348,0
9589,0.977071379547846,0
9590,0.5883885330351197,0
9591,0.48675412255150435,0
9592,1.0494114093469418,0
9593,0.9088296398932368,0
9594,0.38425248904462034,0
9595,2.795635487350031,0
9596,1.763899797793978,0
9597,0.6396554472178452,0
9598,1.6516813565955093,0
9599,0.8973186969869857,0
9600,0.377102379392643,0
9601,1.2217438821763396,0
9602,0.9635237082458533,0
9603,0.6295966872640995,0
9604,2.6674176768476983,0
9605,0.9719361039524274,0
9606,0.587945790008108,0
9607,1.2918622778322424,0
9608,0.5134229449661593,0
9609,0.5755160353123732,0
9610,0.9872770708376201,0
9611,1.3686369676098342,0
9612,0.8912967611620926,0
9613,1.3224006090814313,0
9614,1.7684660332867574,0
9615,0.9004576079663766,0
9616,1.8068291317208423,0
9617,0.4083573801019708,0
9618,1.723093847693981,0
9619,0.37658205591336563,0
9620,1.5194997188850996,0
9621,1.9005335365770777,0
9622,0.9263426675140651,0
9623,0.9438008892338536,0
9624,1.3999107060641163,0
9625,1.0882700038449324,0
9626,1.1889125207772944,0
9627,1.9726915950866832,0
9628,2.0223148014036068,0
9629,2.178190372112186,0
9630,1.9379014072098022,0
9631,3.8214775951607103,1
9632,2.5910841193337126,0
9633,0.4205661224089433,0
9634,0.5282193136175437,0
9635,1.8792368799551307,0
9636,1.2162493060168424,0
9637,0.5821610523060854,0
9638,1.8461616568864196,0
9639,1.582695440365174,0
9640,1.7438173046759358,0
9641,0.49989017378097034,0
9642,1.3292104006134153,0
9643,0.7954997068746844,0
9644,0.3522466954954282,0
9645,1.105304965700347,0
9646,0.8506323741164219,0
9647,1.6252483283785844,0
9648,1.159138180493382,0
9649,0.3436543943192773,0
9650,1.2542858088942317,0
9651,1.0102212557631696,0
9652,0.8101851924818172,0
9653,1.9166957791292134,0
9654,1.2539817388105163,0
9655,0.30559180120484686,0
9656,2.2824827150190754,0
9657,0.598414886408617,0
9658,1.0963840593549625,0
9659,1.2585890134716438,0
9660,0.6872366809858702,0
9661,0.5757528196054508,0
9662,0.449886428728811,0
9663,1.7064684051848173,0
9664,1.3750284328606461,0
9665,1.6255877915748556,0
9666,0.29731642541061215,0
9667,1.488731504314451,0
9668,4.307097719684539,1
9669,1.2170302669095823,0
9670,1.0376651173160225,0
9671,2.6878787489604696,0
9672,2.789334423080234,0
9673,1.4224380552557256,0
9674,1.2103938886819763,0
9675,1.0861532227577333,0
9676,0.6660071319497916,0
9677,1.7706991681338637,0
9678,0.4094030500855086,0
9679,1.0266321165176302,0
9680,1.6859229468159265,0
9681,2.544348037110586,0
9682,0.4423165534781684,0
9683,2.084010154542997,0
9684,1.9745212952071465,0
9685,1.8153150408270085,0
9686,0.31359332279372015,0
9687,0.7806046494846482,0
9688,0.9569994174298814,0
9689,0.4501877986093781,0
9690,1.2035221585108287,0
9691,1.698005237083428,0
9692,0.36047882210175836,0
9693,1.811811131717468,0
9694,1.3552619082458872,0
9695,0.3624249031778787,0
9696,0.7910580888963162,0
9697,0.5832997831772972,0
9698,1.063353947873261,0
9699,1.3345576900951635,0
9700,1.3250967122090056,0
9701,0.8147731756846759,0
9702,0.3218059556166379,0
9703,0.4867988423614426,0
9704,0.7840974022729452,0
9705,1.3156561628308396,0
9706,1.3620965452583385,0
9707,0.9793222721581952,0
9708,1.595906199495553,0
9709,1.9515400341049174,0
9710,0.9723404683197848,0
9711,0.4112062581345509,0
9712,0.9872713057440227,0
9713,1.9452828908355861,0
9714,1.5363326460605136,0
9715,1.8874733975049558,0
9716,1.1444376652062762,0
9717,1.399493862416715,0
9718,1.3392545931949562,0
9719,3.731107274913512,1
9720,1.8010163106140678,0
9721,2.005762891417355,0
9722,3.7577487750056364,1
9723,1.6074180296407414,0
9724,1.3303686541455242,0
9725,0.37355204906129363,0
9726,0.3492806417431107,0
9727,0.4255861468522579,0
9728,0.8643818828108124,0
9729,1.5888182569045817,0
9730,0.8075484527013139,0
9731,1.875948891804369,0
9732,1.1315261770757628,0
9733,0.40465615270691085,0
9734,0.36461646568995637,0
9735,1.11303172220502,0
9736,0.6135178913287658,0
9737,0.46144543625881645,0
9738,2.8496908284503855,0
9739,0.9942680529277049,0
9740,0.3443207737666175,0
9741,0.39354621056303185,0
9742,2.315176176532708,0
9743,1.1269725778154431,0
9744,0.29991644614300417,0
9745,2.414490171130041,0
9746,0.7736386201787524,0
9747,0.7061119904511165,0
9748,1.1338139464616883,0
9749,2.0253348381099117,0
9750,0.6218754951022,0
9751,1.004569935417421,0
9752,0.6537609784702302,0
9753,0.3723805585855284,0
9754,0.36589628120309026,0
9755,1.9484888929306732,0
9756,1.8617438034511467,0
9757,0.8736929406042642,0
9758,0.7362983338242699,0
9759,1.2459758165017756,0
9760,1.4536731549097328,0
9761,7.500669296678785,1
9762,0.8351515650036312,0
9763,3.8314583334788987,1
9764,1.4752132253349106,0
9765,0.6254807271115423,0
9766,1.1586581830380733,0
9767,0.8462376527755882,0
9768,2.2494748402481233,0
9769,2.079769468224136,0
9770,1.767684628383993,0
9771,0.8591162905135696,0
9772,2.009128194580131,0
9773,0.5794968346112881,0
9774,1.1108827207416345,0
9775,0.30855109242057094,0
9776,0.7867457736217144,0
9777,1.5285901433408313,0
9778,0.9752852052542201,0
9779,3.0220394530824737,0
9780,0.36316003610920866,0
9781,1.2828774669873664,0
9782,0.3363015732296077,0
9783,0.4294083361372946,0
9784,0.45333819290136734,0
9785,1.3688357732289267,0
9786,1.349352519658013,0
9787,1.7173710021124076,0
9788,1.6266618903267032,0
9789,3.4575159154575497,1
9790,1.9613396717160865,0
9791,1.0313206146282672,0
9792,0.5353638947419339,0
9793,3.914467982630737,1
9794,1.4433007074230852,0
9795,0.9796568210728901,0
9796,0.32229298375426946,0
9797,1.0403341325165303,0
9798,1.0497480152867675,0
9799,1.2051822938730943,0
9800,0.2406158792811802,0
9801,0.5127921339602087,0
9802,1.0173379504601934,0
9803,1.7063078809918293,0
9804,0.8524645022357276,0
9805,0.4173087410810637,0
9806,0.5732180265564006,0
9807,1.1565265233242807,0
9808,1.3786504999344404,0
9809,0.6089435113630326,0
9810,0.9722685382256352,0
9811,1.1842258545729394,0
9812,1.7427223843488873,0
9813,0.44463917289223753,0
9814,1.075651880398692,0
9815,1.5237629540054882,0
9816,2.0397401740220618,0
9817,0.40830521436439776,0
9818,0.6688011162578409,0
9819,0.39449657232430724,0
9820,1.0159017560026624,0
9821,1.1378651266647517,0
9822,1.6398215982346687,0
9823,0.5136313082932128,0
9824,0.4268896404274046,0
9825,2.965927076489933,0
9826,2.047022237766735,0
9827,1.1970484869608693,0
9828,1.0642143884339466,0
9829,1.3123915091710618,0
9830,3.3234767419921734,1
9831,0.44667812409574137,0
9832,1.5199475432970846,0
9833,1.484912294803138,0
9834,3.033111591880896,0
9835,1.2184829770269523,0
9836,2.5625693862798093,0
9837,2.3184580338324063,0
9838,0.8913918145762305,0
9839,0.33149339892813,0
9840,2.0982231528922743,0
9841,1.3191679972684265,0
9842,2.1247104871461375,0
9843,1.0057288124755184,0
9844,2.1124035739023577,0
9845,1.3817783400839676,0
9846,2.3735379259872342,0
9847,0.9243992891000055,0
9848,1.4763467610335421,0
9849,0.3134948007533163,0
9850,0.7313607121623297,0
9851,2.3075131466347734,0
9852,0.3440248483954654,0
9853,0.41116906321630214,0
9854,0.34369592277659256,0
9855,1.4194934759249571,0
9856,1.6644800620061047,0
9857,1.7357321481909933,0
9858,0.598696956779937,0
9859,0.7679784920823687,0
9860,1.1955911803033954,0
9861,4.670063014969593,1
9862,1.2825675303273265,0
9863,1.4925215213217449,0
9864,0.2406762434516763,0
9865,1.2473341558947832,0
9866,1.732798325805255,0
9867,0.9196842355784826,0
9868,1.4879610013225983,0
9869,0.8576801480295154,0
9870,1.1345428459465596,0
9871,0.8600083662233591,0
9872,0.2040288824581948,0
9873,0.7363871873447068,0
9874,0.3253928542094522,0
9875,0.45726896475604634,0
9876,1.2450434349586097,0
9877,3.4080307591756123,1
9878,0.9055895127104691,0
9879,0.25330190845694195,0
9880,1.5854260805681268,0
9881,1.1276217871523273,0
9882,2.5477944400343895,0
9883,0.5159235404993817,0
9884,0.790320214335312,0
9885,2.098215910066313,0
9886,0.6709276150412237,0
9887,3.014449325120272,0
9888,1.815963530033488,0
9889,0.7981366026171359,0
9890,1.478490706444918,0
9891,0.4802681613934974,0
9892,2.1056787812293676,0
9893,0.9069872692490679,0
9894,5.102272754476315,1
9895,0.6797372157198783,0
9896,1.3394301306372363,0
9897,1.2776199227366134,0
9898,3.1774705742012035,1
9899,1.1277988843785898,0
9900,0.7681378481090317,0
9901,2.0769458041337243,0
9902,1.9193842829067607,0
9903,0.6294155987037257,0
9904,0.8134247349303574,0
9905,1.1431654044381674,0
9906,2.367891687383725,0
9907,0.424787475961773,0
9908,1.0363008849106319,0
9909,1.6793400390205524,0
9910,0.47503348143533125,0
9911,3.4280690557648836,1
9912,0.7385012180774376,0
9913,1.1270466492472315,0
9914,3.226912403426605,1
9915,0.5286740490617016,0
9916,1.6485783030181898,0
9917,1.7203886625731144,0
9918,1.1973882785255425,0
9919,1.027095224864536,0
9920,2.9234223389743,0
9921,0.4295821219936787,0
9922,1.6723138847774124,0
9923,0.333607435710234,0
9924,0.37491529955228464,0
9925,0.8881972538081733,0
9926,0.3526279149333376,0
9927,2.562561289653654,0
9928,1.268897451128954,0
9929,0.25683136902753495,0
9930,1.240318448558338,0
9931,1.6814925778722107,0
9932,0.921564795797561,0
9933,1.1911620837364247,0
9934,0.8663862994699749,0
9935,0.4021934664406594,0
9936,0.3660867832378854,0
9937,1.0905715470833586,0
9938,0.6101536669510466,0
9939,0.9182676233846877,0
9940,2.016741815887867,0
9941,0.4195904290018523,0
9942,1.1801193842972137,0
9943,0.7593064975876282,0
9944,0.7125880510477459,0
9945,1.1162156141698338,0
9946,0.9636913413668182,0
9947,0.750780991074592,0
9948,0.47378211788488317,0
9949,0.8730727247760424,0
9950,1.38396452786695,0
9951,1.103625999985712,0
9952,1.408004221307683,0
9953,0.7867921080352543,0
9954,1.6558917517553857,0
9955,1.156563968703026,0
9956,1.4492290425342802,0
9957,1.6709683121717618,0
9958,2.2869036521754755,0
9959,1.2892792701760711,0
9960,0.48548511614176915,0
9961,1.0825766549101943,0
9962,2.7186588697091585,0
9963,1.7589653061866166,0
9964,2.097097524688347,0
9965,0.44345726824253945,0
9966,0.9870381540496218,0
9967,0.3514865690027096,0
9968,1.3979985033611888,0
9969,0.7143069897322257,0
9970,0.2998534301465123,0
9971,0.5859408376770806,0
9972,0.7430039257031072,0
9973,1.8184412746882834,0
9974,0.4415662545845507,0
9975,0.4279864730720586,0
9976,1.4902138257903785,0
9977,3.5979512845282584,1
9978,1.2009154752821338,0
9979,2.8808980302854157,0
9980,0.6437988657151579,0
9981,0.958331226930321,0
9982,0.889423770775713,0
9983,0.5675345924299661,0
9984,1.779778533907942,0
9985,1.4521177791024513,0
9986,0.5272923202878796,0
9987,0.798708074502015,0
9988,1.0952697179486401,0
9989,2.4572029823720194,0
9990,0.7074219850300797,0
9991,1.6493712083728802,0
9992,1.9608153426125046,0
9993,0.5036215452132942,0
9994,1.0977844709802231,0
9995,0.2132515838537342,0
9996,0.4955806044842009,0
9997,1.6786295155813715,0
9998,1.5059709186318981,0
9999,0.5088498541372881,0
10000,0.3016893709670263,0
10001,0.41374091999759816,0
10002,0.47654385828726487,0
10003,0.5557826428938204,0
10004,1.6471029057539823,0
10005,0.6404042785331019,0
10006,1.4162778962599325,0
10007,1.2135624246508754,0
10008,1.1769773838597468,0
10009,0.7719527271844452,0
10010,0.9202746637917226,0
10011,1.0266320217129765,0
10012,0.8351099284247495,0
10013,1.5409004621774767,0
10014,0.6210513047093491,0
10015,1.1623832197087787,0
10016,0.9233333672877474,0
10017,3.3884133801856993,1
10018,0.8373824565662061,0
10019,0.7401701472402663,0
10020,0.8540235393545569,0
10021,3.121243640547343,1
10022,0.9186324854972974,0
10023,1.915388941187337,0
10024,0.6433769468225481,0
10025,0.2419615021028575,0
10026,0.7124559672783526,0
10027,1.043094594538419,0
10028,1.2791726286309109,0
10029,2.1267078577682423,0
10030,1.468596085635389,0
10031,1.2075482420608485,0
10032,1.3646811313549538,0
10033,2.0127608298150643,0
10034,3.8708233951170428,1
10035,1.1478057428707478,0
10036,1.448660077015933,0
10037,1.9097161398281457,0
10038,1.4961922671994974,0
10039,2.3855277362813263,0
10040,2.4930975651464595,0
10041,3.317306155500701,1
10042,1.5786195888480676,0
10043,0.40859214248085846,0
10044,0.3646340924109253,0
10045,0.2985326558472628,0
10046,0.5589517914896018,0
10047,0.7673061804712212,0
10048,1.5198070191699316,0
10049,1.1332468746176871,0
10050,0.5138363506034681,0
10051,2.0536867445700158,0
10052,0.6322435764342059,0
10053,3.7383991952880673,1
10054,1.0696409594623761,0
10055,0.7200406269440759,0
10056,0.33666882597665665,0
10057,3.8420571672673045,1
10058,0.5944784497978166,0
10059,0.6530158340478028,0
10060,1.3197769011260325,0
10061,1.440633608492095,0
10062,1.5177922662530685,0
10063,2.113161956414836,0
10064,1.3039230420963717,0
10065,1.037612155124579,0
10066,0.7784309573619906,0
10067,1.705488799340869,0
10068,0.8216211341133397,0
10069,1.9997763703281173,0
10070,1.78971906932618,0
10071,1.7625845664429813,0
10072,0.5330908675555411,0
10073,2.5558856729906463,0
10074,1.7686703426981027,0
10075,1.2234545650291575,0
10076,2.0828479314862944,0
10077,3.4889237973733294,1
10078,0.5398683855969294,0
10079,3.0662647248617976,0
10080,0.45521847493901396,0
10081,1.0397912369562208,0
10082,1.8560765592101056,0
10083,0.9993828119042564,0
10084,1.9915697944262598,0
10085,0.3551712936340329,0
10086,1.7885298340915567,0
10087,1.3131662671230122,0
10088,1.9382435413644707,0
10089,3.719755825183567,1
10090,0.9213566124711564,0
10091,1.6247890907082658,0
10092,1.5874782945454036,0
10093,1.1989390026031939,0
10094,2.759617502067755,0
10095,2.121510257018167,0
10096,0.4090832690285982,0
10097,1.342917097732889,0
10098,0.74138372874986,0
10099,1.0698526605426708,0
10100,0.967577251506481,0
10101,1.0163116157590542,0
10102,1.4991008686756033,0
10103,0.30455017528113587,0
10104,0.29557105200701816,0
10105,1.7704663641778342,0
10106,0.4213265553999515,0
10107,0.5967672945541818,0
10108,0.4100060948795125,0
10109,2.5724368415865415,0
10110,0.36670357514871255,0
10111,1.9211356848389685,0
10112,1.2261749444296828,0
10113,1.401748766327739,0
10114,0.46903332964555466,0
10115,0.5289394639518045,0
10116,1.6932088159292291,0
10117,0.6507975385312851,0
10118,1.7453054001444266,0
10119,1.0779726587493266,0
10120,1.7138190139281702,0
10121,0.9792772350522511,0
10122,1.0558132888999447,0
10123,0.36038447793418393,0
10124,0.7638586508122708,0
10125,0.6732768391514825,0
10126,0.44596185791372356,0
10127,0.8363128963870959,0
10128,1.1619219732721897,0
10129,2.334355242888111,0
10130,1.4736266223059962,0
10131,1.9235456589672133,0
10132,1.6455429175618044,0
10133,0.6911037165643364,0
10134,1.464555329831852,0
10135,1.1755327499935462,0
10136,0.35770986826813417,0
10137,0.7650696307405498,0
10138,1.5064853247588261,0
10139,1.1502023328778748,0
10140,2.4590109509750167,0
10141,0.18380051046688523,0
10142,2.0936288377149546,0
10143,1.1226847512734592,0
10144,1.7370706906203786,0
10145,2.0159292172265655,0
10146,0.8986610352895367,0
10147,1.338281630063203,0
10148,1.4795352276248337,0
10149,0.38462941213653334,0
10150,0.8830672740381124,0
10151,1.6812070462969961,0
10152,0.5149303836080219,0
10153,0.654172211246625,0
10154,1.0547970174376156,0
10155,1.1282732866717362,0
10156,0.31303169194953423,0
10157,1.8219662272097412,0
10158,1.5420230122419862,0
10159,1.0610681350695124,0
10160,1.449350830592869,0
10161,0.5059119169858655,0
10162,0.7145242659757627,0
10163,1.227256357710265,0
10164,3.261701942504865,1
10165,0.6755046805214542,0
10166,0.6175771154871541,0
10167,0.5861181602902755,0
10168,1.312236143334757,0
10169,0.4888546566924396,0
10170,0.3816635369088072,0
10171,0.6272504871462782,0
10172,2.2330069328473012,0
10173,0.972061459749288,0
10174,0.231749238305272,0
10175,1.0046727067279118,0
10176,2.1197185288496483,0
10177,0.35285152938833453,0
10178,1.9224834863830884,0
10179,1.159836581857865,0
10180,1.321552525664316,0
10181,0.8483314917730284,0
10182,0.6295997477646734,0
10183,1.4590058359668687,0
10184,3.5322944684210102,1
10185,0.5800228856638782,0
10186,0.9261215525221277,0
10187,0.584740604190774,0
10188,0.9209351496347007,0
10189,6.467841513855704,1
10190,0.9190035219411876,0
10191,1.0575416125038613,0
10192,0.29428542782762374,0
10193,0.94528117702836,0
10194,2.459890845902786,0
10195,0.5178608457302089,0
10196,0.9234789624571011,0
10197,0.6367030853858198,0
10198,0.27943701789076575,0
10199,0.3897323365393988,0
10200,0.7511876500485182,0
10201,2.6225652358695464,0
10202,2.140953999154265,0
10203,0.4690114893797149,0
10204,1.6723539434662966,0
10205,3.106544886462706,1
10206,0.5550678046590284,0
10207,0.6072845401813944,0
10208,2.8073352091540116,0
10209,1.4931437330067847,0
10210,0.89880273225801,0
10211,0.41328357961165735,0
10212,1.162165813239331,0
10213,1.7068375847634436,0
10214,0.7074221892059787,0
10215,1.3062832203673456,0
10216,1.5790160889913902,0
10217,1.1498630729948494,0
10218,0.9458928681854833,0
10219,1.140692588016615,0
10220,2.708519580942091,0
10221,0.3358033971278249,0
10222,0.6023738348024,0
10223,0.9890948776609754,0
10224,1.9838665156040345,0
10225,0.9662806208335871,0
10226,0.5413231506671541,0
10227,1.1472215210525691,0
10228,0.5152082952478699,0
10229,1.035167829147377,0
10230,1.3959450949232965,0
10231,1.1267255229422333,0
10232,0.3375025732486912,0
10233,0.7465808029596293,0
10234,0.747792583759007,0
10235,1.7715148285351556,0
10236,0.8442910145919714,0
10237,1.642764981420894,0
10238,0.680012346800006,0
10239,1.104728225294629,0
10240,1.8202985918877863,0
10241,1.672483132404215,0
10242,0.9634434551562732,0
10243,0.4556253891849595,0
10244,0.522908107536743,0
10245,1.618020775645095,0
10246,0.6583451795239104,0
10247,2.9831990939383055,0
10248,2.4140245051052607,0
10249,1.0062307624946913,0
10250,0.35757250645224103,0
10251,0.7761686868659773,0
10252,1.4003134363777776,0
10253,0.8288702399598512,0
10254,1.3367020504944631,0
10255,1.168802655641626,0
10256,1.9442679743777307,0
10257,0.7302976117167048,0
10258,0.6111990417373823,0
10259,2.1126619519200696,0
10260,1.210189392819459,0
10261,1.9950103768596528,0
10262,0.3765178057934505,0
10263,0.8970885956885606,0
10264,2.503191834222769,0
10265,0.19048885920298722,0
10266,0.35958800698027005,0
10267,1.458331286023069,0
10268,0.6411563480535525,0
10269,2.322913595200903,0
10270,1.0967947619676282,0
10271,0.4722705166866538,0
10272,0.39208671289698765,0
10273,0.6030140036622236,0
10274,1.251509307672888,0
10275,2.3575921839610996,0
10276,0.9890236500226485,0
10277,0.4236153707051248,0
10278,1.0795689923143745,0
10279,1.9580024473248077,0
10280,7.660425419764419,1
10281,1.0985052038616208,0
10282,0.6898837997396552,0
10283,0.69798576435772,0
10284,1.406708098956191,0
10285,2.559336135049641,0
10286,0.432918441028192,0
10287,1.5774967343309076,0
10288,1.2674625352147435,0
10289,0.23989100140157704,0
10290,0.37487228468008654,0
10291,0.9187036703109805,0
10292,0.8070121476988583,0
10293,1.9651049942432774,0
10294,0.6813772972647641,0
10295,1.1686020119110436,0
10296,0.2635771679926572,0
10297,1.652620301035326,0
10298,0.9796585312220235,0
10299,1.674723333089728,0
10300,2.658087334854289,0
10301,0.49768979156264254,0
10302,1.2358711973335734,0
10303,0.8972966062386892,0
10304,1.0400592249705352,0
10305,0.7870900102631821,0
10306,1.2240744512162327,0
10307,1.801769877809844,0
10308,1.4311961214590772,0
10309,2.5697945379254157,0
10310,0.8911506540819772,0
10311,0.6603804011370707,0
10312,2.3361213687033113,0
10313,1.504605288180755,0
10314,1.5518784506994117,0
10315,0.32196468402173367,0
10316,1.3995968905308105,0
10317,0.7191944436872789,0
10318,1.8715694126745828,0
10319,1.332738836229762,0
10320,0.44178258167996515,0
10321,1.0067235884033487,0
10322,0.3274427154063281,0
10323,0.8243995853562558,0
10324,3.246683808227455,1
10325,1.381485158559246,0
10326,0.7675545189372934,0
10327,0.8154863220326777,0
10328,0.9698449098711511,0
10329,1.6437343606187624,0
10330,1.1721348857173506,0
10331,0.5070929997721646,0
10332,0.7616893334743702,0
10333,1.2656245640204664,0
10334,2.1495271096591444,0
10335,0.4905686736066929,0
10336,0.6136891194087412,0
10337,0.9734398661891054,0
10338,1.1284646985352842,0
10339,1.5062786790347817,0
10340,2.127160643163466,0
10341,4.886575476714305,1
10342,1.4444557116577135,0
10343,1.0717635274006723,0
10344,0.5561539362367791,0
10345,0.49099479431249726,0
10346,0.9532498951429246,0
10347,2.5667710992302237,0
10348,3.302061156752723,1
10349,0.7546333452873738,0
10350,0.23340165580404923,0
10351,0.27126198245382255,0
10352,1.3754135503767388,0
10353,1.7711125620748325,0
10354,1.0813586588904192,0
10355,0.8486939971968368,0
10356,1.4974992149311686,0
10357,3.894982649751761,1
10358,0.6009472698508146,0
10359,1.9533813769905384,0
10360,1.6449439259773446,0
10361,0.9130266003605979,0
10362,0.4903211652735307,0
10363,0.9478549706136986,0
10364,1.3409311539157664,0
10365,1.060541602581439,0
10366,0.9409057326938381,0
10367,0.3282887591491932,0
10368,0.46907265013208266,0
10369,1.632302282912358,0
10370,1.1157473239741227,0
10371,0.37373992514749665,0
10372,0.7408113080217468,0
10373,0.32717473808233094,0
10374,0.26602700460420226,0
10375,0.2435877741286712,0
10376,2.214493508888442,0
10377,1.2540743006338302,0
10378,0.9097325255991192,0
10379,3.1621501908613316,1
10380,0.9476340537357714,0
10381,0.3399967671771026,0
10382,1.3151076528216128,0
10383,0.3280910455162983,0
10384,0.6015959104336316,0
10385,1.3699790643080534,0
10386,0.38575621701736323,0
10387,0.5938527719139797,0
10388,0.13890123542690536,0
10389,2.4240881372122187,0
10390,1.6821200736368567,0
10391,1.003867727334377,0
10392,0.8891793453335642,0
10393,0.4639263587546781,0
10394,0.3375072638650513,0
10395,1.7074722250945238,0
10396,0.19881525382279275,0
10397,0.8937234594825448,0
10398,0.7165306552936571,0
10399,2.2943287569191018,0
10400,1.68634799831719,0
10401,0.8913804956895018,0
10402,0.9521514302308709,0
10403,0.6178609988561994,0
10404,1.3389887557776596,0
10405,1.5841144743371205,0
10406,2.6538781222782357,0
10407,3.5705060066079874,1
10408,1.9868537773210497,0
10409,1.1223242651608438,0
10410,1.065765520540811,0
10411,0.6297049454905355,0
10412,0.5784672018469751,0
10413,1.3761601457404007,0
10414,0.8239598351660521,0
10415,0.7624413808798074,0
10416,0.27007405745747454,0
10417,0.7262514598182023,0
10418,1.2694420367988306,0
10419,1.0887878593636564,0
10420,1.422449291478223,0
10421,0.47858557859479267,0
10422,1.7043299638131864,0
10423,1.2299571479722682,0
10424,1.2933679535424225,0
10425,1.0622805884852773,0
10426,0.7222096877982696,0
10427,0.45630410731805954,0
10428,4.524971713756056,1
10429,0.37214955225841767,0
10430,0.2925689260029372,0
10431,1.751481073938258,0
10432,5.193096866648628,1
10433,0.3758631698730237,0
10434,0.4141382676385248,0
10435,0.8641990775902878,0
10436,1.1701338407963884,0
10437,0.8423807719574689,0
10438,1.1403864882666317,0
10439,0.9583752977656734,0
10440,2.7212084487161223,0
10441,1.1079398006968328,0
10442,2.499473466283045,0
10443,6.559444664309919,1
10444,1.357388897117823,0
10445,1.2677939311527102,0
10446,1.554458671644127,0
10447,2.2384296279805844,0
10448,0.3765559605521267,0
10449,1.0387324989227043,0
10450,1.3017937376228907,0
10451,1.1749319557919713,0
10452,0.39078278278490514,0
10453,0.5301197273095795,0
10454,1.8571341146232425,0
10455,0.6812592557257344,0
10456,2.098422992221844,0
10457,0.9746240910736839,0
10458,4.602488039565758,1
10459,0.953298854267701,0
10460,2.1124480884054475,0
10461,1.1640366521120356,0
10462,0.886071437308239,0
10463,0.6925513160860048,0
10464,0.8875255554564633,0
10465,2.8264572017827123,0
10466,1.4433414895080445,0
10467,1.2326442103023967,0
10468,0.7211826458688317,0
10469,1.3796765309080734,0
10470,1.0693721235879072,0
10471,1.0729548170983974,0
10472,3.2006966714062473,1
10473,1.5918513391373497,0
10474,1.0847745139815428,0
10475,0.5932557436691145,0
10476,0.9299747508077054,0
10477,0.7210642331217635,0
10478,1.0673323620420774,0
10479,4.375703315097408,1
10480,0.8573555748135939,0
10481,3.870633783037698,1
10482,0.6762110591360553,0
10483,2.2024082994477734,0
10484,0.29465261709955554,0
10485,0.45902714952764406,0
10486,0.2528585072752392,0
10487,1.3911220736285501,0
10488,1.4258344879057152,0
10489,1.3833152341565562,0
10490,2.2564681741463355,0
10491,2.3344448206003916,0
10492,1.0493421687445978,0
10493,0.5532045865529852,0
10494,0.6807233188016009,0
10495,1.5249903607935968,0
10496,2.1945078879408224,0
10497,1.3615655897228534,0
10498,0.5079190225916577,0
10499,0.905638332835143,0
10500,0.48955546839395375,0
10501,0.4258979028995251,0
10502,1.1925686491307805,0
10503,3.5328956861292746,1
10504,2.050740423390676,0
10505,0.2289231702855658,0
10506,0.8071190644919172,0
10507,0.5512014690415297,0
10508,0.5311186721416713,0
10509,2.0822296842325927,0
10510,1.525187364218508,0
10511,1.1713888178685203,0
10512,1.6298149283634296,0
10513,3.4094674045822986,1
10514,1.8498320390093155,0
10515,1.2025980868298034,0
10516,2.960761954421794,0
10517,2.7966852706544336,0
10518,2.4289253387634875,0
10519,2.4497683358674913,0
10520,0.9037068893690111,0
10521,2.0001236828930518,0
10522,0.27427176550662674,0
10523,1.1189632163532575,0
10524,0.90742202522225,0
10525,1.4008660855340371,0
10526,0.970830645466713,0
10527,0.8231148775277215,0
10528,0.7031065120575317,0
10529,0.5665672541851875,0
10530,0.7539724659614561,0
10531,0.9898924283977267,0
10532,1.1497448127753431,0
10533,0.9535018286001792,0
10534,1.4610445602081066,0
10535,0.7514402320778193,0
10536,1.946318127286331,0
10537,0.8669348029673977,0
10538,0.6537120957946783,0
10539,2.6587671073065566,0
10540,1.2573822501002823,0
10541,1.3675082358274646,0
10542,1.355705641688503,0
10543,1.7341149771534574,0
10544,0.7383874906905745,0
10545,2.4256865776882277,0
10546,2.215601555102474,0
10547,1.9160775482993435,0
10548,0.7245434253415611,0
10549,2.1197161910426816,0
10550,0.4659819601597024,0
10551,0.8785267644511202,0
10552,0.6845987110156103,0
10553,1.8621266207615499,0
10554,0.39168403111352557,0
10555,2.1337298350763674,0
10556,0.4704467532059829,0
10557,0.38955107785397114,0
10558,1.2557462889385527,0
10559,1.0883894027250915,0
10560,0.27127299098237645,0
10561,0.849225729393787,0
10562,0.6722182216672732,0
10563,1.0874192524451312,0
10564,1.0312038850129503,0
10565,0.6984641120850236,0
10566,0.9797378757896625,0
10567,2.592962163188044,0
10568,1.6014391837337314,0
10569,2.398683737996141,0
10570,2.122380234387186,0
10571,1.0725881360045186,0
10572,1.0638958388466249,0
10573,1.0043882766968377,0
10574,1.182970785488653,0
10575,0.8619223273769011,0
10576,1.173306544918112,0
10577,1.4023788708237859,0
10578,0.2602136689575484,0
10579,2.286194014386315,0
10580,2.49184163689755,0
10581,0.7076918702160597,0
10582,1.4763698209288627,0
10583,1.0990480136284655,0
10584,0.6254156890233261,0
10585,1.5100027210187035,0
10586,2.085983899720406,0
10587,0.9381921821373541,0
10588,1.5746456031178597,0
10589,0.3658298542307033,0
10590,0.6186355749772887,0
10591,0.8477012874091767,0
10592,0.5932918931932761,0
10593,1.3112168713544272,0
10594,0.9208140173703747,0
10595,1.4410292965531661,0
10596,0.44132800205304146,0
10597,1.7312682366020455,0
10598,2.700279324250879,0
10599,0.5083778380772921,0
10600,2.1803443543199186,0
10601,1.0006167107402872,0
10602,0.5584323907516445,0
10603,0.44805771648931686,0
10604,0.8763326845976593,0
10605,1.002103193455121,0
10606,2.176864279936505,0
10607,1.0983589579364061,0
10608,0.990139948374375,0
10609,1.8425724553353846,0
10610,1.4753228813833041,0
10611,0.3006967259016564,0
10612,0.6629061263514759,0
10613,1.4892418489132149,0
10614,1.5517436935450535,0
10615,2.579654377245477,0
10616,1.7572767950382047,0
10617,3.671948490664761,1
10618,1.948496052032695,0
10619,0.6812844615024917,0
10620,0.5679536362942043,0
10621,0.1625168630427068,0
10622,0.47005696787373635,0
10623,0.8989029367591393,0
10624,1.0609865570660766,0
10625,0.42481477447081706,0
10626,2.714571969709552,0
10627,1.5073318339193968,0
10628,2.226517409419255,0
10629,1.8720387883324738,0
10630,1.8554696335960201,0
10631,1.4489598923847185,0
10632,1.502653665806824,0
10633,0.962031563189632,0
10634,0.8591369863949142,0
10635,1.0421358975115065,0
10636,1.8411482985531007,0
10637,0.27813173224073107,0
10638,1.0654631157276375,0
10639,0.3711642416742903,0
10640,1.1773722821971293,0
10641,0.6638266066669577,0
10642,1.2188987147711674,0
10643,2.154794577999817,0
10644,2.161311259442752,0
10645,0.4879094539919038,0
10646,1.7491135950804577,0
10647,2.259132225347028,0
10648,1.3585527530489618,0
10649,1.944617023328526,0
10650,5.566393810149623,1
10651,2.6641239310315834,0
10652,0.37747891780310905,0
10653,0.3937507814097035,0
10654,1.0744288453679158,0
10655,2.4079672535753236,0
10656,0.4457996466500967,0
10657,1.1742467744656442,0
10658,1.313407665842721,0
10659,0.2923501527431119,0
10660,0.5834245259509393,0
10661,2.7519516761255542,0
10662,1.8113263277060165,0
10663,1.5965102169903902,0
10664,2.8763961609208897,0
10665,1.0879617444129974,0
10666,1.8240553774764927,0
10667,1.4444074184191962,0
10668,1.9802849390490287,0
10669,1.8988784753277579,0
10670,1.9480862030915465,0
10671,0.39647609213780866,0
10672,1.3603518146455096,0
10673,0.9543509998297244,0
10674,3.015754996279038,0
10675,0.25218270756960626,0
10676,2.54923097777942,0
10677,1.4682177773385616,0
10678,1.0848623928549235,0
10679,1.326731824117492,0
10680,1.614923450818704,0
10681,0.5241797246186662,0
10682,2.4581222080639487,0
10683,0.441440892931414,0
10684,1.1428693645869599,0
10685,0.6787174317842356,0
10686,0.8482393363287203,0
10687,1.601359932906024,0
10688,0.30859895710137797,0
10689,0.34601368027417345,0
10690,1.8511012042195012,0
10691,2.3646437371016464,0
10692,1.2249897763174116,0
10693,4.336388390701389,1
10694,0.5965861300563903,0
10695,2.054902094252297,0
10696,0.997942048379187,0
10697,2.547561637349899,0
10698,0.2082116967620517,0
10699,1.8785275308209508,0
10700,1.822907803506614,0
10701,0.5013093402549027,0
10702,0.7101024110890946,0
10703,0.6906557989541307,0
10704,0.5660369230540477,0
10705,0.1866606087463503,0
10706,0.21911425572434842,0
10707,0.8095340855773593,0
10708,0.6544807348214741,0
10709,0.24851621901557033,0
10710,2.1823986525536183,0
10711,0.46059448770243977,0
10712,1.3187374137441341,0
10713,0.4266757579546399,0
10714,1.0009097898847712,0
10715,1.7833231264362095,0
10716,1.9576697726786174,0
10717,0.49247399900836036,0
10718,0.8014682233012361,0
10719,1.9862490623436568,0
10720,2.0850654774260637,0
10721,0.3522116522244744,0
10722,1.8604344275894702,0
10723,2.5345752982266205,0
10724,0.6441217388318653,0
10725,0.6516141365823144,0
10726,0.7609369125591204,0
10727,0.2714655211110256,0
10728,1.4409352284133072,0
10729,1.9547549508668027,0
10730,0.8486414972182625,0
10731,0.9445719048811339,0
10732,1.9517343358387838,0
10733,0.8069439138077256,0
10734,1.0370390145001196,0
10735,0.5661783240258939,0
10736,1.7066464197364621,0
10737,0.2958549088811993,0
10738,1.1007189815543126,0
10739,2.2808984091060913,0
10740,1.750731404603314,0
10741,0.3961924310676929,0
10742,0.5100516218777379,0
10743,0.9972184738522397,0
10744,1.409486150362059,0
10745,0.987913092421063,0
10746,1.3843369156235326,0
10747,1.7082349703747342,0
10748,1.717621831863911,0
10749,0.33973166295823776,0
10750,0.8923978483493081,0
10751,0.3370278131195787,0
10752,1.3285124111728954,0
10753,1.4423235753303383,0
10754,0.31962248710593266,0
10755,0.2605313505778771,0
10756,0.7535028301549568,0
10757,0.9881951976548069,0
10758,0.7123640223915785,0
10759,1.3356762007785832,0
10760,0.5728307691382534,0
10761,0.3329301624236205,0
10762,0.3640179006517419,0
10763,0.238619679839943,0
10764,0.8714798946718971,0
10765,0.6317033142269923,0
10766,0.7440879457764612,0
10767,1.3629764219422327,0
10768,3.1929180128669516,1
10769,0.3923681323727417,0
10770,1.5688206406236638,0
10771,1.116868029861711,0
10772,0.5265686750717128,0
10773,0.9434400107531793,0
10774,1.0764596166228786,0
10775,1.6724330007614794,0
10776,1.3914307947507758,0
10777,0.9545624640526381,0
10778,0.5626548800120718,0
10779,1.4528880627780396,0
10780,3.658387137632205,1
10781,0.6767954702227447,0
10782,0.8874814082605809,0
10783,1.0882461198086741,0
10784,0.7009707145596447,0
10785,1.4536832069442842,0
10786,0.6863729121525595,0
10787,1.373832781088626,0
10788,0.30417690924246765,0
10789,0.8374960862264202,0
10790,1.8681839953545507,0
10791,0.6860680222866083,0
10792,1.418409353720432,0
10793,3.0704674740299893,1
10794,0.8177742578550485,0
10795,3.188352091643944,1
10796,1.1939383061779103,0
10797,1.829304461866791,0
10798,0.4648358373880894,0
10799,0.6194937846239609,0
10800,1.7163442991879754,0
10801,2.1025097914157245,0
10802,0.7790502319223498,0
10803,0.8720588215989886,0
10804,0.3326652149383928,0
10805,1.0309026633332954,0
10806,0.7943591933677727,0
10807,2.0791500413655744,0
10808,1.087108094412821,0
10809,1.566012735439009,0
10810,1.6358412271133425,0
10811,0.8623024695887432,0
10812,0.44857005764568914,0
10813,3.587760038630349,1
10814,0.43973844053492617,0
10815,2.671489400295117,0
10816,1.8080322446212027,0
10817,1.8063418394145903,0
10818,2.0288456289459025,0
10819,0.47913916082820246,0
10820,0.24933096632355353,0
10821,0.5910378920206051,0
10822,0.9874178629007102,0
10823,0.9310971562941882,0
10824,0.9924659428913059,0
10825,0.9160592359706644,0
10826,0.31437323751116153,0
10827,1.5183020165313208,0
10828,3.1035853789327152,1
10829,0.9780987608881966,0
10830,1.622661493160894,0
10831,0.4650168749706801,0
10832,0.3579306621730413,0
10833,1.4798397086076078,0
10834,2.1867631083065655,0
10835,1.3927489767929373,0
10836,0.3270350499518899,0
10837,0.3311744274327453,0
10838,1.984922479752163,0
10839,1.0578076139497137,0
10840,1.766356191252877,0
10841,0.7598102578535535,0
10842,1.7686247459480742,0
10843,0.34797394594997244,0
10844,1.0026661118659834,0
10845,1.1387844862941923,0
10846,1.6571792325659835,0
10847,1.1310643923105466,0
10848,1.084107531080695,0
10849,1.2382077697408378,0
10850,0.9327833837826048,0
10851,0.3456106383762603,0
10852,0.3965504168058925,0
10853,1.0886709488813777,0
10854,1.74740890661856,0
10855,0.6410929120716561,0
10856,6.618088419846865,1
10857,1.222820492354552,0
10858,1.0910206558968454,0
10859,2.7200806687845667,0
10860,1.2792913707310296,0
10861,1.9761141948549452,0
10862,1.096876364745781,0
10863,0.4734789234649139,0
10864,1.016774218088963,0
10865,1.0558887388240605,0
10866,1.3445225564769812,0
10867,1.1651168096460571,0
10868,0.3835636574212849,0
10869,0.35794667869280367,0
10870,0.7215759767875544,0
10871,0.540771707155433,0
10872,1.0476518291231882,0
10873,0.873614275744178,0
10874,1.2645021573484156,0
10875,1.168829864530928,0
10876,2.1623718472889197,0
10877,1.1417647156341932,0
10878,1.094415006177011,0
10879,4.6768980638510795,1
10880,1.75483144116702,0
10881,4.0428824069335265,1
10882,2.4577301690499893,0
10883,1.2913532603196254,0
10884,1.2884050268117924,0
10885,1.0064616439171723,0
10886,0.5189320561114025,0
10887,0.5001226876031634,0
10888,0.5678989700709145,0
10889,0.4467199032678825,0
10890,1.2099960695558818,0
10891,0.6607228164913199,0
10892,0.97345275423525,0
10893,1.012300034174061,0
10894,1.4227743606244165,0
10895,2.867825394536512,0
10896,1.7309050770956949,0
10897,2.66575816169144,0
10898,0.7683507131285113,0
10899,2.5230379886838823,0
10900,0.47556008840377045,0
10901,0.5075744234332422,0
10902,0.2532363978554433,0
10903,1.3349239605350502,0
10904,1.209615749205649,0
10905,0.3501513240268952,0
10906,1.586649117471308,0
10907,0.9608435134126775,0
10908,1.6376525521310767,0
10909,1.7727181658842208,0
10910,1.1857807580864785,0
10911,1.0466076528780661,0
10912,0.8698554432970499,0
10913,1.6876019385092662,0
10914,2.880093164199713,0
10915,0.7718321144699609,0
10916,1.6677617902404662,0
10917,3.5161865945787896,1
10918,0.7811824940578461,0
10919,4.212794242361324,1
10920,0.7547656989747861,0
10921,1.7529689777689523,0
10922,0.4179317195530782,0
10923,2.0226323608852406,0
10924,0.8464739286932328,0
10925,3.3373613753353415,1
10926,0.47646225433428424,0
10927,0.7588119713235366,0
10928,0.5292751559990976,0
10929,0.2711173613831081,0
10930,3.0515050248328515,0
10931,0.48732970122171615,0
10932,1.6464027629411604,0
10933,1.4718305447859323,0
10934,0.36737563586498734,0
10935,1.252020623852674,0
10936,1.0489941757156422,0
10937,5.603380112111099,1
10938,3.495218009079774,1
10939,2.9519625480812057,0
10940,0.29682551377855154,0
10941,2.1275237062629393,0
10942,1.8475598026787827,0
10943,0.6595538835244986,0
10944,2.416473017950983,0
10945,0.9964174868346177,0
10946,1.1423049838718204,0
10947,0.7137308234167541,0
10948,1.8155066925638879,0
10949,0.391854371717015,0
10950,0.8438711664931741,0
10951,1.6224347586965315,0
10952,1.6188042979419004,0
10953,0.44593747130300865,0
10954,0.863993954872102,0
10955,2.50489035695845,0
10956,1.4358256941577043,0
10957,2.254799870104754,0
10958,2.5179368185023674,0
10959,0.4323593944730667,0
10960,9.738198063179645,1
10961,0.6704480155450465,0
10962,0.4201700332965468,0
10963,0.5377198424172817,0
10964,1.9010332357812607,0
10965,0.44761146536572355,0
10966,0.7665548618422616,0
10967,1.2195229626965516,0
10968,2.143694040074247,0
10969,0.5537431612448745,0
10970,0.4782577566529793,0
10971,1.9322499284100745,0
10972,0.4404563629426249,0
10973,1.4635082188699906,0
10974,0.5625253291266111,0
10975,0.4526382264126039,0
10976,0.41814701096961293,0
10977,2.1910259207214455,0
10978,1.8694406325546746,0
10979,1.138411518407815,0
10980,0.26033630273356567,0
10981,0.9115725955226154,0
10982,2.8649251548084655,0
10983,1.2952724081742812,0
10984,1.0226476993547657,0
10985,0.25964000269509196,0
10986,0.28087176166477845,0
10987,1.4494780044293583,0
10988,0.4825969507920277,0
10989,1.107688584412195,0
10990,2.5671490745197874,0
10991,2.3294161700211693,0
10992,0.881207785843754,0
10993,0.886530739921961,0
10994,2.556253443511694,0
10995,7.92598479526758,1
10996,1.3223932344195246,0
10997,2.4019188380083523,0
10998,1.5510414508127341,0
10999,0.2461539285439666,0
11000,0.8089183469975204,0
11001,1.2781436770230055,0
11002,3.6785041194094528,1
11003,1.0926639334268609,0
11004,0.32922092889815036,0
11005,0.7732216364946378,0
11006,1.034191666275056,0
11007,1.3263862711359315,0
11008,1.293142259033546,0
11009,1.501442192024194,0
11010,1.2464039461355685,0
11011,4.609575248316702,1
11012,1.8624292363239787,0
11013,1.943840726909529,0
11014,0.6985623494729251,0
11015,0.44510348354228507,0
11016,1.821960133600198,0
11017,0.7635229883398851,0
11018,0.5704565893367395,0
11019,0.960664876854867,0
11020,1.6511001334822144,0
11021,3.2755753396727583,1
11022,1.0349818415347158,0
11023,1.0045121822302157,0
11024,0.9699410966960651,0
11025,0.45142549361433526,0
11026,0.7095883417431591,0
11027,10.531074611645037,1
11028,0.7784695282644215,0
11029,1.3598726631450817,0
11030,0.907494179015675,0
11031,0.8391559066436544,0
11032,2.3775438739400334,0
11033,0.9367926332423226,0
11034,1.7445685853811626,0
11035,0.8355237105927571,0
11036,1.8827515100888226,0
11037,1.6890565644029616,0
11038,0.8973995926823014,0
11039,0.552601799684407,0
11040,2.140594417197007,0
11041,0.9797547723684069,0
11042,1.0047572744341395,0
11043,1.7754673327092045,0
11044,1.7619223316623769,0
11045,0.4305544659745274,0
11046,1.9886765604391026,0
11047,1.3383062240838186,0
11048,0.46569876344070255,0
11049,0.9518550237549988,0
11050,0.2760326658330152,0
11051,0.5979878907620845,0
11052,2.061887297132665,0
11053,1.8408624224917614,0
11054,1.4543769054048996,0
11055,0.4106668274160873,0
11056,0.4122025159726556,0
11057,1.933842371236836,0
11058,1.2249726515777088,0
11059,1.6442820424296825,0
11060,0.42379165520772427,0
11061,0.613146282597308,0
11062,1.7379643829561175,0
11063,1.521650607225356,0
11064,1.8583061060770736,0
11065,0.8468877691834192,0
11066,0.5584348009670429,0
11067,0.8752112031450686,0
11068,1.1384918024396435,0
11069,0.47217464429570655,0
11070,0.7631246784748715,0
11071,1.8102342546973134,0
11072,1.7756780879307852,0
11073,0.9259543413927516,0
11074,1.4212598403517618,0
11075,2.010069899878241,0
11076,1.2622557300863249,0
11077,0.31262974507548724,0
11078,3.065586529696486,0
11079,2.697447888359081,0
11080,0.9599088892444342,0
11081,0.40268961722885205,0
11082,0.2875996512036435,0
11083,0.7940459629655431,0
11084,1.3097649512920988,0
11085,1.5397070235422903,0
11086,1.9136900783288193,0
11087,2.5099027829598684,0
11088,0.9459281566876113,0
11089,3.444392718086549,1
11090,1.4491643274145478,0
11091,0.7343342410684243,0
11092,0.8267973805502755,0
11093,1.472386050223005,0
11094,2.0222444669138633,0
11095,1.3123682822130125,0
11096,1.4942324439572257,0
11097,0.3360819799919018,0
11098,1.8878465291284425,0
11099,2.375642086549132,0
11100,0.8221148442312273,0
11101,1.0632732608199855,0
11102,0.9323671661186403,0
11103,1.2210711766522067,0
11104,1.301439707747259,0
11105,0.9496711493893333,0
11106,1.6894641040646976,0
11107,4.583334300638816,1
11108,0.8489601572378475,0
11109,1.35878527892758,0
11110,1.0394166728350267,0
11111,1.016262494707159,0
11112,0.8515466910539927,0
11113,0.40724587118300287,0
11114,0.5861706564397317,0
11115,0.9576056945672834,0
11116,1.73579162786625,0
11117,1.318419323407954,0
11118,1.652213291627582,0
11119,1.1324676023679328,0
11120,0.5015991593481873,0
11121,0.30322809571257187,0
11122,1.089871426778102,0
11123,0.7153024007329203,0
11124,0.631472700770274,0
11125,0.5343047538844397,0
11126,0.5133980906386904,0
11127,1.9270951067686721,0
11128,1.2856762956177543,0
11129,1.159013842768682,0
11130,1.7457152142577361,0
11131,0.7927525224727023,0
11132,1.0983721856693043,0
11133,3.555031562519661,1
11134,0.2667669588400833,0
11135,0.2928263254090607,0
11136,0.5175083762156424,0
11137,1.4255547841772127,0
11138,1.6318481422233106,0
11139,1.0704183163890826,0
11140,1.2369292847624889,0
11141,1.5258636830285837,0
11142,1.2026237105704771,0
11143,0.6094149623884403,0
11144,1.3090001275666703,0
11145,1.1498384648091682,0
11146,0.9959655198090674,0
11147,0.8589883637007474,0
11148,1.626040395663208,0
11149,2.0623224878370947,0
11150,0.6496563869395576,0
11151,1.6411642618396713,0
11152,2.3427357297630844,0
11153,0.3210117306571537,0
11154,1.8408332302394368,0
11155,1.3591694945530237,0
11156,0.6457707542777859,0
11157,0.3642033248247989,0
11158,0.846543813710555,0
11159,1.5896568432373712,0
11160,0.2522491693164462,0
11161,1.4077525861645106,0
11162,1.043947861151898,0
11163,0.4132854069069963,0
11164,0.46342634856269865,0
11165,1.5328361764293637,0
11166,2.3125717428329353,0
11167,1.2996277000489096,0
11168,0.14376574503143835,0
11169,1.6186135888773558,0
11170,1.7419797636917684,0
11171,1.550197559444133,0
11172,0.4328545738694006,0
11173,2.989913996975479,0
11174,0.9225016268498992,0
11175,1.9968860492625675,0
11176,1.260753525901085,0
11177,0.4583069334386633,0
11178,0.7331318308915803,0
11179,0.6483020492290604,0
11180,1.6060780263879146,0
11181,0.45341450534983685,0
11182,1.4402743081776057,0
11183,1.052614154004416,0
11184,2.134833248538126,0
11185,1.7891921303459977,0
11186,1.1481989042585221,0
11187,1.080921887590139,0
11188,1.377010118401727,0
11189,0.9978188542799968,0
11190,1.3303593015051474,0
11191,1.9951525716369531,0
11192,3.6861224745924246,1
11193,1.1838248808203282,0
11194,0.40105823054621875,0
11195,1.42790549510995,0
11196,0.8885339605253707,0
11197,2.562695914699849,0
11198,1.6205103964363812,0
11199,0.7341136362539851,0
11200,1.1874051981852545,0
11201,1.6745722318573357,0
11202,1.7641088155157378,0
11203,0.9703586474257044,0
11204,1.026421022975719,0
11205,1.2394631365397182,0
11206,2.499533946796637,0
11207,1.9718784975317165,0
11208,0.8191698565781608,0
11209,1.6805190590671717,0
11210,1.8848969567685052,0
11211,2.6660633919067367,0
11212,0.9321781013597852,0
11213,1.381794849284136,0
11214,0.4298750484579309,0
11215,1.608449859723463,0
11216,0.45087970230608637,0
11217,1.8658524211337046,0
11218,2.44911596817225,0
11219,1.4736732342026404,0
11220,1.87834847337254,0
11221,0.3489628781813309,0
11222,1.044144085782414,0
11223,0.433156528207802,0
11224,0.4720713113188109,0
11225,1.3648343899775395,0
11226,1.5554152859786057,0
11227,2.329336070305814,0
11228,2.6950966295127454,0
11229,2.568612010874115,0
11230,0.26625519017331006,0
11231,0.44595710296552865,0
11232,0.9609079349149229,0
11233,1.8846560577606821,0
11234,0.21401484228079978,0
11235,2.0572598300231424,0
11236,2.3884314515509555,0
11237,2.8970840494281704,0
11238,0.4191972853723308,0
11239,2.2701770192034516,0
11240,1.3876997699603004,0
11241,0.31234138491594504,0
11242,1.8911813703484677,0
11243,2.0045178369037804,0
11244,1.2585636072824742,0
11245,3.3413224287014955,1
11246,1.6975142093008195,0
11247,0.9901437211027897,0
11248,0.3842017607105641,0
11249,0.7954657658914626,0
11250,0.9116029379395966,0
11251,1.8454944199194054,0
11252,0.6902173272462195,0
11253,0.762474100109571,0
11254,0.7503601419393708,0
11255,0.5771638711677427,0
11256,0.7892388095050349,0
11257,1.8270465496863408,0
11258,2.0833087628501556,0
11259,1.9768040090288985,0
11260,1.493835748614089,0
11261,0.7285122201642351,0
11262,1.0636447066645016,0
11263,1.0386262190217355,0
11264,1.3292677683067706,0
11265,1.7275459758626515,0
11266,0.5208613161197829,0
11267,1.094960159612605,0
11268,0.8136135918445935,0
11269,1.346508586413215,0
11270,1.1295695157050745,0
11271,1.6889771892865233,0
11272,1.8055040124037813,0
11273,0.35386577537011404,0
11274,0.4740472240636036,0
11275,1.203895930927828,0
11276,0.6308864655162749,0
11277,1.2530229443711762,0
11278,0.5417776039421245,0
11279,0.6737855955246065,0
11280,0.29062319111285884,0
11281,1.527064757060306,0
11282,1.0988012349670717,0
11283,0.5710555769941446,0
11284,1.528793817520274,0
11285,1.0426616697167952,0
11286,1.758610845466606,0
11287,1.5890267714543411,0
11288,1.2017447440208406,0
11289,0.2344069462931239,0
11290,0.718909399459731,0
11291,0.5653217756193044,0
11292,1.4210468836381192,0
11293,0.8888640273271768,0
11294,0.21578014801163237,0
11295,1.314386736752264,0
11296,0.647759056698905,0
11297,1.4411040064313085,0
11298,0.6698048424059608,0
11299,2.240609563844248,0
11300,0.3757158841246548,0
11301,0.8950051270001244,0
11302,2.169112134911662,0
11303,1.1421205881757135,0
11304,6.366906003319569,1
11305,0.451961739336179,0
11306,1.5788281531648773,0
11307,1.14424474677288,0
11308,0.6246536141557295,0
11309,0.7259580949399168,0
11310,0.20211110902345045,0
11311,2.1276816527762588,0
11312,1.4657805124431966,0
11313,1.1965183415523406,0
11314,0.8854876416245592,0
11315,1.5213349782010928,0
11316,1.8270991278099058,0
11317,1.025357792150927,0
11318,1.9705894135017235,0
11319,0.5698286779679791,0
11320,2.3739263741265453,0
11321,0.8854770496949909,0
11322,1.133534349383378,0
11323,1.597988422662752,0
11324,0.41951291660482987,0
11325,0.4759599472927505,0
11326,1.9891177717099808,0
11327,0.32382932050862856,0
11328,0.779296682857239,0
11329,4.036538870337698,1
11330,1.9450309191822461,0
11331,1.7911395297458939,0
11332,1.0297817778327352,0
11333,1.3322650906914915,0
11334,1.6373991856335042,0
11335,0.2314326082372471,0
11336,0.9369597262406598,0
11337,1.3057572918662324,0
11338,2.1602041610733065,0
11339,0.8020846792077168,0
11340,1.139148634706257,0
11341,0.24162708251168666,0
11342,0.939996447919626,0
11343,1.3780833298975093,0
11344,1.3869310580208856,0
11345,0.7669662751039173,0
11346,1.4051763913608568,0
11347,1.9040584409537942,0
11348,0.6388606330844367,0
11349,0.8215911782368015,0
11350,0.1947001969585398,0
11351,0.5604100661579989,0
11352,2.037842069195484,0
11353,1.3727345677838787,0
11354,1.5644434595368861,0
11355,1.0257549614195642,0
11356,0.8882322971984782,0
11357,0.9825139212366769,0
11358,0.3326708253596167,0
11359,1.6196841652498795,0
11360,0.5769533744745785,0
11361,3.4173412917578374,1
11362,0.9838303989829285,0
11363,1.459440196820524,0
11364,1.5020906253159774,0
11365,1.5210459823114006,0
11366,0.5646953056633879,0
11367,0.18952286133627824,0
11368,1.3499364985054771,0
11369,1.0037202751241652,0
11370,0.9828681570933704,0
11371,1.0716131574668262,0
11372,1.2480389618885523,0
11373,0.9579045059175257,0
11374,1.4126278246242614,0
11375,1.0805718860258824,0
11376,1.6784197925102886,0
11377,0.34101122591969363,0
11378,1.2037334597055394,0
11379,0.34508938872862377,0
11380,0.8431270204519933,0
11381,1.1766252068140415,0
11382,0.4150223880262153,0
11383,0.6303175276974202,0
11384,0.7880958031349281,0
11385,0.29894245996394625,0
11386,0.3139839188666188,0
11387,1.132726057538427,0
11388,1.7931609608520744,0
11389,3.0422477628653124,0
11390,1.307442208811494,0
11391,0.7825403046426184,0
11392,1.4865403642392936,0
11393,0.8338351840133803,0
11394,1.1527860411752238,0
11395,0.807196876700099,0
11396,0.850512948492131,0
11397,1.088935723683089,0
11398,1.0988216778706061,0
11399,0.42854880179671245,0
11400,0.7611780372406028,0
11401,1.9430298054791375,0
11402,0.6067445219007248,0
11403,1.7813866557415259,0
11404,0.8697491968634445,0
11405,1.3063135430482156,0
11406,0.34427717106277406,0
11407,1.9875436761475875,0
11408,3.1204547074688085,1
11409,0.6159647927111114,0
11410,1.0935822075141741,0
11411,0.7017078500700129,0
11412,0.3706108802923077,0
11413,0.9505482517864877,0
11414,2.273560733476969,0
11415,2.3959379531542293,0
11416,1.4363167009551494,0
11417,1.3767585097617314,0
11418,0.2879223389156458,0
11419,1.3479654205952334,0
11420,1.6944180394940112,0
11421,1.972085972145539,0
11422,1.4081746920337728,0
11423,0.9675765393583968,0
11424,1.259886464647227,0
11425,1.7865544666767808,0
11426,1.5129586785310307,0
11427,2.44736647974928,0
11428,0.6129057684886282,0
11429,0.9248025550701215,0
11430,1.0352542794716637,0
11431,0.6186655033796087,0
11432,1.2250025837301943,0
11433,1.1985126913939828,0
11434,1.7510687669334264,0
11435,0.4892992878899014,0
11436,1.6813961782187374,0
11437,0.2605089812616957,0
11438,0.23018075551929612,0
11439,2.5239228713252384,0
11440,2.145829866015795,0
11441,1.0718020113834221,0
11442,1.095768447387939,0
11443,1.427847967278995,0
11444,1.518651411101733,0
11445,1.9420257978641386,0
11446,1.0072439870508385,0
11447,1.6605186533527896,0
11448,2.293205101300367,0
11449,0.6441259997674101,0
11450,1.107338783404791,0
11451,2.633420208175586,0
11452,0.8950576405565182,0
11453,1.3988719816733124,0
11454,1.2066455122760429,0
11455,0.4175991698247596,0
11456,1.2012554472257662,0
11457,2.3105366815761195,0
11458,0.32238639328294416,0
11459,0.5794414217961266,0
11460,1.154237024014488,0
11461,1.6806341620356309,0
11462,1.6070422682742957,0
11463,0.5762231198224619,0
11464,1.5281863400921918,0
11465,0.1729030119395041,0
11466,2.1428150862204167,0
11467,1.6813482776614015,0
11468,0.8401072269120118,0
11469,0.9173632621084482,0
11470,0.32574453777660073,0
11471,0.3360440193378704,0
11472,1.3342849140938102,0
11473,0.5632299217352418,0
11474,0.43291488338352585,0
11475,1.1217805053378211,0
11476,1.3805426394467069,0
11477,0.6800148164744874,0
11478,2.5209249340241207,0
11479,1.2043305369031225,0
11480,0.4290615765142698,0
11481,1.32795260512283,0
11482,0.5448488073950306,0
11483,0.35883332784823163,0
11484,0.5990620357657566,0
11485,1.020822670296153,0
11486,0.264377471513567,0
11487,0.6343802925457879,0
11488,0.48920775729779914,0
11489,0.8689184533066717,0
11490,2.6682463786191364,0
11491,0.6872290315727057,0
11492,0.8045469522215577,0
11493,0.7628607522867169,0
11494,1.368997782450195,0
11495,0.4597271411974804,0
11496,0.5692435452057278,0
11497,6.537086668323832,1
11498,0.2674955611918766,0
11499,1.1590632422771856,0
11500,2.1577924295868485,0
11501,0.6211717141727273,0
11502,1.4037578927425776,0
11503,0.3913729014224045,0
11504,0.9692424703889522,0
11505,1.202608299806543,0
11506,0.7220778790043137,0
11507,3.536743420980657,1
11508,2.9127225492288624,0
11509,0.6097295743823087,0
11510,3.0149766982954205,0
11511,1.0932323127649053,0
11512,0.6731639481943734,0
11513,0.38548593297289124,0
11514,2.9078298581874162,0
11515,1.3896298368453797,0
11516,2.3712404802656297,0
11517,1.6439994170186494,0
11518,0.581186023237127,0
11519,1.31551595657876,0
11520,1.102642939423113,0
11521,0.2522445310545185,0
11522,0.41342598935363184,0
11523,0.369145716707513,0
11524,1.0763330032420477,0
11525,1.440971538794947,0
11526,0.9170515727552039,0
11527,1.4732082168988105,0
11528,0.7383521735608424,0
11529,1.1139429505487086,0
11530,1.3807857248944597,0
11531,8.152121717209315,1
11532,0.753513080946075,0
11533,4.391091004116787,1
11534,0.3554808846424397,0
11535,1.630316096424182,0
11536,3.925808132268725,1
11537,1.1356978793708634,0
11538,1.2172839716817099,0
11539,0.3753765794234605,0
11540,1.434487504778734,0
11541,0.7334763516866055,0
11542,1.8074967624672398,0
11543,1.153654325669904,0
11544,0.5556535573580673,0
11545,0.5436575878911675,0
11546,0.25643584959538845,0
11547,4.378835299310718,1
11548,0.29095204327635016,0
11549,0.6002841850543228,0
11550,0.3905025809759354,0
11551,1.6210798228768288,0
11552,0.4422737589335449,0
11553,2.907378650005456,0
11554,3.7950596770387945,1
11555,0.461011090398537,0
11556,1.0309007200661828,0
11557,13.405539716856575,1
11558,0.8794954862044047,0
11559,2.4088547644854446,0
11560,1.325484247107828,0
11561,0.40353150050108894,0
11562,2.2458718867255474,0
11563,0.5679473748372692,0
11564,1.4346295548260646,0
11565,1.7434657835850913,0
11566,0.8512234732086724,0
11567,2.4350797066629073,0
11568,5.697306498295106,1
11569,0.9551084278523683,0
11570,4.317098238003168,1
11571,0.9722680576718545,0
11572,2.231558824160201,0
11573,0.6088955718424383,0
11574,0.49292608822961154,0
11575,0.9538756348845421,0
11576,0.972507180462005,0
11577,0.6225359822336621,0
11578,0.45389978285664057,0
11579,1.0974179381398514,0
11580,0.44624840449727493,0
11581,1.747282475848682,0
11582,2.175532657558968,0
11583,1.3941642364015014,0
11584,1.7630618818702188,0
11585,1.7334537938583745,0
11586,1.8849897164095561,0
11587,4.62393068395472,1
11588,0.5546585134302248,0
11589,0.46688053761262704,0
11590,1.9436219205394762,0
11591,2.2030965124144757,0
11592,0.7790506902803714,0
11593,1.593997055843165,0
11594,0.8957150620855062,0
11595,0.6435469723520515,0
11596,0.23916727098561041,0
11597,1.5078465291387044,0
11598,1.4716837940281036,0
11599,2.0450001809870133,0
11600,1.4631575405730837,0
11601,0.7407524733703601,0
11602,0.8570359857448148,0
11603,0.8081343026891759,0
11604,0.9398569187143021,0
11605,0.7988435210763233,0
11606,1.2446503430267477,0
11607,1.152252660086397,0
11608,1.2881506849361863,0
11609,0.742094626078245,0
11610,0.3090514421523121,0
11611,1.1174346098031098,0
11612,2.031801223120533,0
11613,0.7512404688117684,0
11614,1.9431749316567382,0
11615,0.8292299936099129,0
11616,1.4549768808748476,0
11617,1.8880134755334261,0
11618,0.44069822910642514,0
11619,1.081840941721755,0
11620,0.4574128512091807,0
11621,2.089523821511405,0
11622,1.4025602038515406,0
11623,1.22995039479148,0
11624,2.5409032148232877,0
11625,0.9332914172402901,0
11626,2.634342730031568,0
11627,1.0949054012550052,0
11628,1.2818123371634356,0
11629,1.4880847186573143,0
11630,1.492980665407951,0
11631,0.5146358668705026,0
11632,1.450939767703077,0
11633,1.3175956992561073,0
11634,2.8733953620074555,0
11635,0.7822085888189209,0
11636,0.2361261744424642,0
11637,0.86835816868006,0
11638,0.8471351539929286,0
11639,0.8982281857814508,0
11640,0.3164731518820787,0
11641,1.206009139854274,0
11642,1.2056157305543074,0
11643,2.112677183731697,0
11644,0.4092346283469436,0
11645,1.587021918622503,0
11646,2.736725475706961,0
11647,1.9413850645555728,0
11648,1.2433334935702969,0
11649,0.5710476552390649,0
11650,0.9873857168782282,0
11651,0.20381998851530192,0
11652,1.1388391526084176,0
11653,0.5479032574650226,0
11654,0.43818648568457197,0
11655,1.3012063804462406,0
11656,0.4157894321111938,0
11657,1.42565523635012,0
11658,1.1728336187892976,0
11659,0.5625516611188253,0
11660,1.910855312562503,0
11661,1.224563246599042,0
11662,0.5341310191383678,0
11663,0.7615112315316421,0
11664,3.1034955215052467,1
11665,1.5573320259525298,0
11666,2.3472070122153004,0
11667,0.5955865407019695,0
11668,0.20248311791879123,0
11669,3.355936286032181,1
11670,1.003303141612857,0
11671,1.8059897946336847,0
11672,3.11238666644065,1
11673,0.46490947514400544,0
11674,2.6417299567662984,0
11675,1.6672064766006083,0
11676,1.0841241994454218,0
11677,1.1779378174266177,0
11678,0.5475055655105472,0
11679,2.4747140355085926,0
11680,3.324547694366963,1
11681,1.3176057482956514,0
11682,0.3876188693237747,0
11683,0.9067856635831032,0
11684,0.8350004964782592,0
11685,1.0159924995467664,0
11686,1.5605828276970388,0
11687,1.813703666802104,0
11688,1.356717965381818,0
11689,0.5389401877127152,0
11690,1.1379956284279908,0
11691,1.1353369477331527,0
11692,3.2437588417513887,1
11693,0.30687397515338605,0
11694,0.944548695872731,0
11695,1.4895401086578155,0
11696,1.6438093580619797,0
11697,0.3557786471458971,0
11698,0.9098728450953768,0
11699,1.096784987057693,0
11700,0.5659808759024219,0
11701,1.4191572957507563,0
11702,2.5650097089561315,0
11703,0.34323612450350666,0
11704,2.8247815777425527,0
11705,1.2474401431567899,0
11706,1.5521996570713033,0
11707,1.7463201426881356,0
11708,1.1538857554375264,0
11709,1.3519809792426363,0
11710,1.675371701341184,0
11711,1.8743463232593127,0
11712,2.0992854169728017,0
11713,0.9537507267438042,0
11714,1.7934731824081547,0
11715,0.9852828069706642,0
11716,0.7929731420344024,0
11717,0.5026756025025131,0
11718,0.7912905247809696,0
11719,0.4983895949803862,0
11720,2.7794240306049187,0
11721,1.845418482704335,0
11722,2.0258730744902445,0
11723,1.4879126566794862,0
11724,1.9407614588818916,0
11725,1.5291915366676467,0
11726,0.6078538493659094,0
11727,1.0116289306615946,0
11728,1.184250649429002,0
11729,0.12036487806453212,0
11730,1.7610462844872146,0
11731,0.3601503474274254,0
11732,0.9452537924246779,0
11733,1.5967605601037187,0
11734,1.2100712266630014,0
11735,0.21051348277336984,0
11736,4.144362485877779,1
11737,0.44175716747779936,0
11738,1.9324610101806887,0
11739,1.6642815144423175,0
11740,1.0906440566415625,0
11741,0.6737409789594786,0
11742,1.011984024935154,0
11743,1.3462676231109718,0
11744,2.890587574749303,0
11745,2.1516889963171026,0
11746,2.0752443066353603,0
11747,0.6098315955719319,0
11748,1.1917586157350069,0
11749,1.3275848305583398,0
11750,1.5077867244139147,0
11751,0.8615889519073903,0
11752,1.9359066971695638,0
11753,0.7516055155406384,0
11754,1.4458049205998804,0
11755,2.6581378729250322,0
11756,1.9910188379535603,0
11757,0.5360992788139978,0
11758,0.5985543405618023,0
11759,0.6786027079328506,0
11760,1.1092182306495428,0
11761,1.216379378052283,0
11762,5.10132125695636,1
11763,0.27941444739844,0
11764,0.3340681766531218,0
11765,2.4317722717502996,0
11766,2.943248850705356,0
11767,1.7379683110428392,0
11768,2.428445293604731,0
11769,1.783807353922649,0
11770,1.7747649749914294,0
11771,1.1774889662233494,0
11772,2.1032792701301024,0
11773,0.3789743966665438,0
11774,1.061754067821812,0
11775,0.7809948295070063,0
11776,1.6152474560121959,0
11777,2.0101633744232132,0
11778,0.574567504179326,0
11779,2.291389193457767,0
11780,0.30536239449329033,0
11781,0.9674846419346574,0
11782,1.305898563809537,0
11783,1.5544394717137835,0
11784,2.880576414604628,0
11785,1.5270677013393383,0
11786,0.3529733456886425,0
11787,2.512706751390843,0
11788,1.5013689022442793,0
11789,3.581962647239478,1
11790,0.49816619694261793,0
11791,1.560428744954692,0
11792,1.4725755254424766,0
11793,1.7908865140589223,0
11794,0.8809256619460316,0
11795,2.969753940703887,0
11796,0.48290536230059894,0
11797,0.4910791495761898,0
11798,0.6284414780725052,0
11799,0.9932000340338509,0
11800,0.29334177240923726,0
11801,1.4502861481628082,0
11802,1.3541359475322488,0
11803,2.2938251131755445,0
11804,0.988177757937924,0
11805,0.4025391073962279,0
11806,2.0079781073898157,0
11807,0.9305375979692372,0
11808,1.449718062940257,0
11809,0.9285214032415553,0
11810,0.3161725779250506,0
11811,1.190311333783363,0
11812,0.45679085318437623,0
11813,1.5791886495280962,0
11814,1.4101978009749632,0
11815,0.4753516806803164,0
11816,2.4166797869304077,0
11817,0.7211414410307737,0
11818,1.5806708569379304,0
11819,1.1579789774010463,0
11820,1.4499606942746224,0
11821,0.3045886772266705,0
11822,0.4179027391180227,0
11823,2.196615739274692,0
11824,1.7618146562217627,0
11825,0.38856198404350123,0
11826,0.6643636425888378,0
11827,1.1528271580531588,0
11828,1.7204370969654812,0
11829,1.263179005735247,0
11830,1.3570050474619917,0
11831,1.887808069702325,0
11832,0.44642014149527914,0
11833,3.5105211404241334,1
11834,0.8183726749162896,0
11835,1.841995561153209,0
11836,2.974208143915429,0
11837,2.2572732654539442,0
11838,1.1017655755425504,0
11839,1.0895024473421147,0
11840,2.9346229679918605,0
11841,4.997910292580568,1
11842,0.905749200810451,0
11843,1.0905612830967266,0
11844,2.9068614188681616,0
11845,0.3649320416244158,0
11846,1.0839495123869958,0
11847,1.4724277126742975,0
11848,1.9976886887545195,0
11849,4.4845776414841625,1
11850,0.570654475951904,0
11851,0.41370773352796547,0
11852,1.4880482596094855,0
11853,7.403367226223898,1
11854,0.9548547189141843,0
11855,3.444729329497107,1
11856,1.8248341693694565,0
11857,1.5938058088837295,0
11858,1.702267625727014,0
11859,0.8820847159320926,0
11860,1.4415793220505628,0
11861,0.28390035536026,0
11862,0.7128958200778633,0
11863,1.2538494661212534,0
11864,1.0665241140812953,0
11865,1.297435247757382,0
11866,3.361916822709637,1
11867,5.921487042785714,1
11868,1.6859160869047776,0
11869,0.3288536515680961,0
11870,1.6769729560203765,0
11871,0.8958043296164676,0
11872,1.0873939447974814,0
11873,1.6365396172176931,0
11874,1.074420085900743,0
11875,0.6337931193337677,0
11876,1.1131392288690478,0
11877,0.7221177274620056,0
11878,0.7753592953208261,0
11879,1.236296116880925,0
11880,3.2729567994093918,1
11881,1.4123528868688182,0
11882,0.5546741287592255,0
11883,1.7774597946945208,0
11884,0.3957156485022295,0
11885,0.5461355956698942,0
11886,1.1827513968113952,0
11887,1.92961573606364,0
11888,1.983951848075983,0
11889,0.39918351530462964,0
11890,0.3559951373522898,0
11891,1.0751880453657487,0
11892,2.0448379209301266,0
11893,0.4115544347589336,0
11894,0.46821502928871533,0
11895,1.228066048578948,0
11896,1.1660120432745307,0
11897,1.3295322088623807,0
11898,1.9479304461938802,0
11899,0.4324733696130174,0
11900,0.6043299993125337,0
11901,1.2222212522395812,0
11902,0.7601845285697681,0
11903,0.7794679887505936,0
11904,1.0053723847297786,0
11905,0.8827518576344687,0
11906,1.0489485625029018,0
11907,1.1905745330232262,0
11908,1.269511355188861,0
11909,1.7896403640867529,0
11910,1.1171675374394026,0
11911,1.0173023405778279,0
11912,2.868318907034026,0
11913,1.3625215159191586,0
11914,0.284430659001031,0
11915,2.1823338699383035,0
11916,1.9767843199550248,0
11917,1.1695311856189254,0
11918,0.6891668416943706,0
11919,0.5119535816431634,0
11920,1.6016856294461086,0
11921,1.6858564933919888,0
11922,0.37379004993573745,0
11923,0.9508727520622615,0
11924,0.8701694493317066,0
11925,1.983400662012225,0
11926,1.2878719668787653,0
11927,3.520161380179571,1
11928,1.2893202541874171,0
11929,1.5783095558036355,0
11930,1.6251397644757448,0
11931,2.670600049251289,0
11932,0.41138751087299374,0
11933,1.5204208950807365,0
11934,0.4719899180828178,0
11935,0.9940839622388792,0
11936,1.9890155346901992,0
11937,1.9811969319022051,0
11938,1.1707773851252528,0
11939,1.7550420459743836,0
11940,0.9730205538939568,0
11941,1.5746199155218503,0
11942,1.9033838875036457,0
11943,0.3019550259436872,0
11944,0.42235534106692046,0
11945,0.3839237327065479,0
11946,1.2213818783574553,0
11947,0.7850143384159121,0
11948,1.8619439980619221,0
11949,4.235154355618807,1
11950,1.2940145007033765,0
11951,1.1179134923145073,0
11952,1.4219221548874004,0
11953,1.3747100161678525,0
11954,0.529682761178606,0
11955,3.218883686604244,1
11956,0.8151377665007613,0
11957,1.778381514837796,0
11958,6.052521592305967,1
11959,0.9373595879972076,0
11960,0.83373682324099,0
11961,2.785419619647723,0
11962,0.378004120809787,0
11963,1.201982269979205,0
11964,0.8453273813712483,0
11965,1.2172821043486448,0
11966,1.9105021662288162,0
11967,1.2943791056041758,0
11968,1.567183362576153,0
11969,0.9697503336033323,0
11970,1.1584727928627103,0
11971,0.6740026331493489,0
11972,0.7942512205791304,0
11973,0.12277134540913752,0
11974,1.37722521784028,0
11975,2.1478329059517614,0
11976,0.3772193137099561,0
11977,2.584339491845894,0
11978,0.42825356587541935,0
11979,0.8673039762470963,0
11980,3.1891999286606096,1
11981,2.4548452258943203,0
11982,1.9776544001556213,0
11983,1.9066277746389018,0
11984,2.1531541871548003,0
11985,0.5037609179387955,0
11986,0.4830688410730461,0
11987,1.7923035273554373,0
11988,1.121938397087422,0
11989,0.5014678756293435,0
11990,1.354944815560366,0
11991,0.9020133278712853,0
11992,2.886590524022783,0
11993,1.848798423456404,0
11994,1.6309885611279293,0
11995,0.31476900156187415,0
11996,1.8142779156791975,0
11997,2.805865176989755,0
11998,0.4160495031102631,0
11999,1.3089188531410683,0
12000,4.192006484410347,1
12001,0.6856516893847352,0
12002,1.257667253771896,0
12003,3.1362245045166923,1
12004,1.3219493237128075,0
12005,1.5890402444830223,0
12006,1.780977626939063,0
12007,1.5065686722540037,0
12008,0.15059818121094773,0
12009,0.3447396944141057,0
12010,1.1907173493595633,0
12011,0.32512795285251517,0
12012,0.4405936146627086,0
12013,1.82960998753489,0
12014,0.665547963491981,0
12015,1.2613024126662187,0
12016,1.1466736397433304,0
12017,1.5360011769954827,0
12018,1.8257516302713939,0
12019,0.8587120569627171,0
12020,0.30835099764364987,0
12021,1.132074187930543,0
12022,0.8376743952385393,0
12023,0.39766428074090904,0
12024,1.5563621748324619,0
12025,0.9882751353200715,0
12026,1.064877298532696,0
12027,3.089255127317861,1
12028,1.1616348731340491,0
12029,1.2797836626325643,0
12030,0.36977475815259436,0
12031,0.3856201861437157,0
12032,0.6285872485694761,0
12033,1.2512741513775139,0
12034,0.8311024788594052,0
12035,2.381195641583949,0
12036,1.736060397553267,0
12037,2.184250246418314,0
12038,0.5845215031957223,0
12039,1.185365993425753,0
12040,0.6730172246640131,0
12041,1.532597710011998,0
12042,0.25987398711549414,0
12043,1.1395832266257875,0
12044,1.2094726078491083,0
12045,0.5130788447570013,0
12046,0.2641509906524659,0
12047,1.4514666931816345,0
12048,1.0241839690790435,0
12049,0.36712763847216745,0
12050,1.7389188252040504,0
12051,0.6376232270376813,0
12052,0.329131842025753,0
12053,1.1575366304972183,0
12054,1.3632834137436702,0
12055,1.3914058869710972,0
12056,0.6053779633536351,0
12057,2.110184312494968,0
12058,0.7619215365081546,0
12059,2.948702092591036,0
12060,0.86300610871359,0
12061,5.251260515136226,1
12062,0.8056173405076223,0
12063,1.0808040485072832,0
12064,1.9750459733610344,0
12065,2.1417084811039326,0
12066,1.0618409413538723,0
12067,1.2353368669269564,0
12068,2.240962570917761,0
12069,0.3861274994115175,0
12070,1.1186392815712127,0
12071,1.2065790007077135,0
12072,2.003370533396377,0
12073,1.7012210320325132,0
12074,0.3315565146176922,0
12075,0.2809615633080233,0
12076,0.48200844421619604,0
12077,2.071434094914932,0
12078,1.8516785882373568,0
12079,2.5395747731383933,0
12080,0.8779747902061331,0
12081,1.172841813229096,0
12082,1.3383242112947349,0
12083,2.0622027088611015,0
12084,0.8187558612775299,0
12085,1.2400827167555961,0
12086,0.5589186162766738,0
12087,0.7940459629655431,0
12088,2.7612617217578954,0
12089,2.073199752041756,0
12090,2.2981475177700568,0
12091,1.7498200105081818,0
12092,1.0629539506156656,0
12093,0.6556896338212036,0
12094,1.205597180714837,0
12095,0.47732015585335147,0
12096,1.7507621568033362,0
12097,0.598174201748548,0
12098,2.2457226153386727,0
12099,0.6589333368470509,0
12100,1.0306917589574194,0
12101,1.0016371683675132,0
12102,1.1995314280567002,0
12103,1.719541627126774,0
12104,1.1003963958200604,0
12105,3.658254488125729,1
12106,0.35227792079345777,0
12107,0.4781178342111193,0
12108,0.3909185463639948,0
12109,1.519835841739416,0
12110,1.5175831763071423,0
12111,0.9246129888604614,0
12112,0.795518804659436,0
12113,2.5246317413837787,0
12114,2.4035778646654427,0
12115,0.23764110573386985,0
12116,3.0369549907030278,0
12117,1.0839042666733185,0
12118,0.3821491175923429,0
12119,1.4395925563343186,0
12120,5.0090749191765775,1
12121,2.277669926671195,0
12122,0.8982856647548039,0
12123,1.757280423668641,0
12124,1.49215088021293,0
12125,1.1800331737813332,0
12126,0.36229809914094613,0
12127,0.5327391732006511,0
12128,0.8981179632514785,0
12129,0.37548757330929255,0
12130,1.1139722479019956,0
12131,1.603558825537913,0
12132,0.6271145097008967,0
12133,0.48985264122006916,0
12134,0.5512038395252085,0
12135,1.3176181526285147,0
12136,0.8921202534930968,0
12137,0.44986906247800734,0
12138,0.2994655238445533,0
12139,0.3574673505916936,0
12140,0.9032755708377828,0
12141,0.5234688171094023,0
12142,1.7209260694159325,0
12143,2.0666704166887073,0
12144,1.4212817274627332,0
12145,0.28740570027913176,0
12146,0.791967264032696,0
12147,0.43115437870787593,0
12148,0.4845293399684365,0
12149,1.5855136330782473,0
12150,1.1566189971097283,0
12151,1.1926325755818077,0
12152,0.24274645637042971,0
12153,0.8274776389603865,0
12154,2.466513619848256,0
12155,1.6534027670437397,0
12156,1.8625775716653437,0
12157,1.1276831135457186,0
12158,1.2712250994870766,0
12159,0.9492739761426344,0
12160,1.4356964784542672,0
12161,0.3756488397480589,0
12162,0.9016153322112608,0
12163,1.124795558362341,0
12164,0.5650670436060837,0
12165,0.668345400297693,0
12166,0.5351795269471076,0
12167,1.9197354616236664,0
12168,0.7392966917308607,0
12169,1.349218553281813,0
12170,1.458583237000515,0
12171,1.6115067705070867,0
12172,0.28064248826989885,0
12173,0.9503341272050195,0
12174,1.2819927246789669,0
12175,1.3213808975678534,0
12176,1.0652082109801582,0
12177,0.8900684993870484,0
12178,0.7359637761004872,0
12179,1.4322052945346877,0
12180,0.4993936460916123,0
12181,1.8817204229795899,0
12182,1.337868193753336,0
12183,1.1606773637559877,0
12184,0.3483380187909952,0
12185,0.7198251073605133,0
12186,0.44941088241354005,0
12187,0.840027233760098,0
12188,0.6205470600502413,0
12189,1.5747857274383383,0
12190,4.413544439546702,1
12191,2.8793434377256677,0
12192,1.4904894864558955,0
12193,1.2613761601245304,0
12194,1.5492990147719428,0
12195,1.5535266817724287,0
12196,1.590715122134928,0
12197,2.126603816182906,0
12198,0.7113524593424769,0
12199,0.5979978124357264,0
12200,1.784696931910466,0
12201,1.7302175971232459,0
12202,0.582368974883467,0
12203,2.1268180462004254,0
12204,1.088635067648835,0
12205,1.446673902296752,0
12206,2.3879484049449333,0
12207,0.47779142304519945,0
12208,1.3203099785738388,0
12209,1.9130495149555555,0
12210,0.2966955795314302,0
12211,0.3130111423324051,0
12212,0.4557674082332987,0
12213,0.276058490226523,0
12214,1.2228895582948889,0
12215,0.9830288424945974,0
12216,1.938697676413523,0
12217,0.9146091772382342,0
12218,2.120018140172863,0
12219,0.2917958245680097,0
12220,1.3563028485318422,0
12221,1.2202605840204943,0
12222,2.473464215224159,0
12223,0.5974234335833987,0
12224,1.5994627965362398,0
12225,0.26643095076988904,0
12226,2.794265716849408,0
12227,2.4312378969457544,0
12228,0.400298111157337,0
12229,1.4990875168453135,0
12230,1.317191542264329,0
12231,0.7419276602120036,0
12232,0.3293178224269552,0
12233,1.6372173662643421,0
12234,1.4959652165310053,0
12235,1.556825608682253,0
12236,1.5464578490212537,0
12237,1.7645430864576435,0
12238,1.3679733320680003,0
12239,1.0778764214133332,0
12240,1.9742324822672375,0
12241,1.742068786395177,0
12242,0.9845610369934626,0
12243,1.1210007734213037,0
12244,1.6463805021739017,0
12245,0.37709545665506156,0
12246,0.6811194419232537,0
12247,0.9619074738505454,0
12248,3.980337773454074,1
12249,1.4701714408128261,0
12250,2.657734899477983,0
12251,0.2883949631682139,0
12252,0.9667852534891562,0
12253,0.939329933250568,0
12254,1.4459994998922192,0
12255,1.342405626330571,0
12256,0.9827106363231901,0
12257,0.33514650755423664,0
12258,0.3190133761085948,0
12259,0.8594615844892668,0
12260,2.464786513543274,0
12261,2.4318678771384517,0
12262,0.7243248822675724,0
12263,0.6698427382437362,0
12264,0.9567056646348606,0
12265,0.3727424252178531,0
12266,0.929107606641092,0
12267,1.2898234593006823,0
12268,1.0001196258259075,0
12269,0.23951552405983492,0
12270,0.4213778141994043,0
12271,1.4330185918116798,0
12272,0.49398965107005544,0
12273,1.0517510848936966,0
12274,0.5642530797699332,0
12275,1.2558517366688695,0
12276,4.553815275424031,1
12277,0.5763265602845026,0
12278,1.3235842739732115,0
12279,0.5983173415756976,0
12280,1.9165653348402587,0
12281,1.9559334671709379,0
12282,1.345127995092049,0
12283,1.7492479400240053,0
12284,1.3417526334620649,0
12285,0.5264538004661723,0
12286,1.5107722909722203,0
12287,0.8454302062074995,0
12288,1.8019693603376283,0
12289,0.5303095052219018,0
12290,0.2644654840322546,0
12291,1.4494131951523002,0
12292,1.7177831146760585,0
12293,2.2293558573418264,0
12294,0.8267228740933501,0
12295,1.1761328496733432,0
12296,0.9944515711171983,0
12297,1.5906148246444185,0
12298,0.6204111216104274,0
12299,1.5282031022203701,0
12300,0.402690354282009,0
12301,1.4069012888404098,0
12302,2.3377436653045067,0
12303,3.5753366339372823,1
12304,1.3003216782666553,0
12305,1.4937161188677597,0
12306,1.1783642845119506,0
12307,3.2860852895743076,1
12308,0.4075150756074464,0
12309,0.5240408243367527,0
12310,0.5285033278755444,0
12311,1.4604156224673184,0
12312,1.5432681789346485,0
12313,0.7421875530917981,0
12314,0.35759582769650794,0
12315,0.9988010607940188,0
12316,1.8726528913099385,0
12317,0.5978522164099821,0
12318,1.6430151274324163,0
12319,1.625890416281146,0
12320,1.9991022262682292,0
12321,1.7447180243131097,0
12322,1.1269798032998954,0
12323,0.709026451113105,0
12324,0.22943339100685803,0
12325,0.3229134298589941,0
12326,0.6182317052683909,0
12327,0.3153043831834561,0
12328,3.0591906304114795,0
12329,1.3094889800522282,0
12330,14.771524879776775,1
12331,1.203937916714543,0
12332,0.5308290668833998,0
12333,0.8160138297693981,0
12334,0.22482427038180838,0
12335,1.023632305789285,0
12336,0.23167723322312977,0
12337,2.8154772696607964,0
12338,0.2568054699731521,0
12339,2.3078335654428455,0
12340,1.1545132286319755,0
12341,4.3814057328242875,1
12342,0.8186169138205768,0
12343,0.7239109712118933,0
12344,1.7505411424298205,0
12345,1.1494136606096057,0
12346,1.2753789925368437,0
12347,1.790638325595527,0
12348,0.6914456571797164,0
12349,0.7361610691532962,0
12350,0.7734940946127923,0
12351,1.1435871292936854,0
12352,2.164168530675937,0
12353,1.6914898078652871,0
12354,0.6200574524248114,0
12355,0.34551369921878794,0
12356,3.187411161710035,1
12357,0.3989598106548985,0
12358,0.690548306315849,0
12359,0.6461149130872725,0
12360,1.405284886790202,0
12361,1.2411061649255921,0
12362,1.0814710669640426,0
12363,2.0663434468890935,0
12364,2.2766820143080726,0
12365,1.1632020719330887,0
12366,1.2363951797079196,0
12367,1.2552613056888449,0
12368,1.437059827793838,0
12369,0.9055640621831937,0
12370,1.0673589121807803,0
12371,1.0489888272648524,0
12372,1.7618395661280206,0
12373,3.2704713569793267,1
12374,1.8728306748091417,0
12375,0.696881618662145,0
12376,1.4681376933399652,0
12377,0.6283313025415317,0
12378,1.2587943285954617,0
12379,0.6099941456153243,0
12380,2.0219973339774318,0
12381,3.4052279279322573,1
12382,0.3745769632523921,0
12383,0.6861760609907257,0
12384,2.700580965241307,0
12385,0.5845894743056158,0
12386,2.2281852030275897,0
12387,1.3018297030269312,0
12388,2.5749342052927546,0
12389,0.2702415245690034,0
12390,2.428597567875232,0
12391,1.5168588357470736,0
12392,0.6316387514800054,0
12393,0.47765829916358565,0
12394,1.4441455977318043,0
12395,1.1498802592198545,0
12396,1.3278132432399976,0
12397,2.12022004564727,0
12398,1.7922650666857909,0
12399,0.5218482169847497,0
12400,1.5995941546142791,0
12401,2.7636061436087362,0
12402,0.5711034464599181,0
12403,1.5741162189307543,0
12404,1.8188003692790544,0
12405,0.19412214119304985,0
12406,1.3364680999230818,0
12407,1.6522633777703328,0
12408,2.1055599241729763,0
12409,1.9914587283730674,0
12410,2.1334614513482566,0
12411,0.5585333459615326,0
12412,0.980842975072946,0
12413,1.5581583699912736,0
12414,0.43304096549684373,0
12415,3.693850916580645,1
12416,0.49964489006460766,0
12417,0.3685993602330504,0
12418,3.4277224941478948,1
12419,0.4395561772295157,0
12420,3.1553848186559317,1
12421,1.3770708256271835,0
12422,1.2227014719084819,0
12423,1.7973445602981768,0
12424,1.3373508723237189,0
12425,1.1534777801763747,0
12426,0.7759013009464623,0
12427,0.4478230904290867,0
12428,0.8617933811746068,0
12429,0.865396321460464,0
12430,1.5390814738340717,0
12431,1.1551984892924603,0
12432,1.5390814738340717,0
12433,0.8309540160703056,0
12434,1.8598975635804436,0
12435,0.9517709615124446,0
12436,0.7432148902342146,0
12437,0.18668074350749236,0
12438,0.3169085573165466,0
12439,0.3312659748320937,0
12440,0.9042937980273323,0
12441,2.1724056796697417,0
12442,1.9772579432928823,0
12443,1.0533788491606932,0
12444,0.19934698828853556,0
12445,0.9801774154439691,0
12446,1.0346018794378813,0
12447,0.913443545102737,0
12448,0.7537863910681081,0
12449,1.4992821972255508,0
12450,1.3522767484090923,0
12451,1.7120236172152365,0
12452,0.356181039099717,0
12453,0.8748242654636796,0
12454,1.4726944742435244,0
12455,0.16033365373097963,0
12456,0.8093707057207704,0
12457,0.2889829083053673,0
12458,0.8786691302344661,0
12459,1.9376689541659515,0
12460,0.4723149475766945,0
12461,1.5993712699505847,0
12462,2.179375310008085,0
12463,2.397254483897024,0
12464,1.5153781687819816,0
12465,2.228250572155541,0
12466,0.4887879393349081,0
12467,1.1670610300885995,0
12468,1.0177487758674335,0
12469,0.6132199153988417,0
12470,0.8297226981289471,0
12471,2.142696719361292,0
12472,1.3113785601328254,0
12473,0.9363307554799597,0
12474,3.00460033455708,0
12475,0.5375388675427477,0
12476,1.8766570566496283,0
12477,0.9751180756003727,0
12478,0.24510585599221227,0
12479,0.29913020712960486,0
12480,2.1287400550925946,0
12481,1.500975323828307,0
12482,1.1752580166635098,0
12483,0.9756701305444064,0
12484,0.4912901384786705,0
12485,0.5984041976078718,0
12486,0.8012803335326768,0
12487,0.4882137246951129,0
12488,2.6804733646926326,0
12489,2.1391250032823175,0
12490,0.3086112944582012,0
12491,1.81240940749876,0
12492,0.6029182010107339,0
12493,1.0122948908876632,0
12494,4.51247079755893,1
12495,1.2630257211628684,0
12496,1.342492076945969,0
12497,2.186375376443545,0
12498,1.1649120001678561,0
12499,0.9055898009554133,0
12500,0.6649263086259898,0
12501,2.120341911110187,0
12502,2.3448107385290444,0
12503,1.432109677315426,0
12504,1.7287966310843932,0
12505,0.4741729324706305,0
12506,1.055527950348028,0
12507,1.3600209871848585,0
12508,1.7363432307930806,0
12509,0.8664108907806746,0
12510,0.2519236580961894,0
12511,1.014715749075673,0
12512,1.008224161970786,0
12513,1.5608085411051722,0
12514,0.4806732169317912,0
12515,1.1619362448500115,0
12516,1.1945434440304021,0
12517,0.35897430915884576,0
12518,1.9380835701963615,0
12519,1.5086869533898999,0
12520,1.8283563476802513,0
12521,0.8180422967600675,0
12522,1.2805935499987071,0
12523,1.6774631156061026,0
12524,1.1787052064192325,0
12525,1.9360532114570461,0
12526,0.978864986008107,0
12527,0.32757443297464983,0
12528,0.6753361143711687,0
12529,1.5807486677330533,0
12530,1.9463817876631184,0
12531,1.3838812606057223,0
12532,1.056280484242633,0
12533,0.9180964713477441,0
12534,0.6955583542464427,0
12535,1.2034473476815342,0
12536,0.9903853348696489,0
12537,1.1765656116337284,0
12538,0.6582160998616078,0
12539,0.5459215037604267,0
12540,0.9588742978745444,0
12541,4.265781949864749,1
12542,1.2664178648539621,0
12543,0.4627030555146321,0
12544,0.2674841395259777,0
12545,0.4552279917511838,0
12546,1.7847138177630422,0
12547,2.145847026510742,0
12548,0.45538632531854345,0
12549,0.32796357018231415,0
12550,2.4647347825001478,0
12551,0.9915222488305603,0
12552,0.7510374463521751,0
12553,0.8604099859253396,0
12554,0.33446416386111827,0
12555,0.5238995805166764,0
12556,1.5010346224127986,0
12557,0.1333930231646767,0
12558,1.3859485627067272,0
12559,1.2884568850140072,0
12560,0.973143524341619,0
12561,2.4521674514136214,0
12562,0.7376294306476873,0
12563,1.0326093854188065,0
12564,0.7706428708844179,0
12565,1.74799874405921,0
12566,0.5278491691922321,0
12567,5.54982374001741,1
12568,0.5316686072423852,0
12569,1.085971999244805,0
12570,0.20901024113799435,0
12571,0.3712396161802619,0
12572,1.0788139587406855,0
12573,2.63214000825721,0
12574,0.63856121279135,0
12575,1.4429225926523659,0
12576,1.0396539211004217,0
12577,0.45657145523979026,0
12578,4.086227246182397,1
12579,2.3969072784250236,0
12580,1.68111524542796,0
12581,0.6393296820606824,0
12582,2.706825090332762,0
12583,1.3152601050481647,0
12584,1.051017320819889,0
12585,1.2496981866090926,0
12586,2.1176516389419153,0
12587,1.0424486525040664,0
12588,1.006223385894091,0
12589,0.8419723793800897,0
12590,1.0055686113292732,0
12591,1.0133967233942967,0
12592,1.574029339708382,0
12593,0.8313194475332892,0
12594,0.36801702794522834,0
12595,0.3160687322771692,0
12596,0.4548475641033235,0
12597,1.3627426313877125,0
12598,1.5009823713077592,0
12599,0.6426754718766096,0
12600,1.8456681719632886,0
12601,0.8393311872168834,0
12602,0.3862793042670291,0
12603,1.588272903803207,0
12604,1.628344965919777,0
12605,0.5810571436385082,0
12606,0.757961325993224,0
12607,0.3176407795165342,0
12608,1.2623472230550046,0
12609,1.6641461633556243,0
12610,0.6592492444247002,0
12611,0.5554916037230876,0
12612,0.35254668662128247,0
12613,1.5393367297752973,0
12614,1.8865297606054823,0
12615,4.487145810804438,1
12616,1.2194231663683184,0
12617,0.5583012368239458,0
12618,1.1258646183506413,0
12619,1.17378657156322,0
12620,1.7806239558840202,0
12621,1.048530268840113,0
12622,2.3146396752797243,0
12623,1.2168309931400427,0
12624,0.5187421348713188,0
12625,0.7232605144722623,0
12626,0.9386312609687641,0
12627,0.4108084288675823,0
12628,2.2030914261342662,0
12629,0.7668560836776959,0
12630,0.38449036787040747,0
12631,1.1916428973067454,0
12632,1.078752417142587,0
12633,0.8134740111079799,0
12634,5.277755312467314,1
12635,1.633185431116974,0
12636,2.186918519911843,0
12637,2.015333778590843,0
12638,1.8650082465885371,0
12639,2.7836522948522204,0
12640,0.15742226454829314,0
12641,3.131782177280416,1
12642,1.3831633763275477,0
12643,0.5211350873242462,0
12644,0.7349797484478984,0
12645,1.0043125485356708,0
12646,3.539069678844384,1
12647,0.9216686597160304,0
12648,0.364354765038575,0
12649,1.8067001430233167,0
12650,1.380904109204072,0
12651,0.9475656173236349,0
12652,1.4078408497639872,0
12653,1.504263015584982,0
12654,0.8189961113931337,0
12655,3.536382077341543,1
12656,3.044802375148311,0
12657,0.7832765303876822,0
12658,1.2002026647116426,0
12659,0.8972459697943173,0
12660,0.4639992300978168,0
12661,0.4209782983574123,0
12662,0.4394026656202131,0
12663,1.5707028573909392,0
12664,1.5533486924367452,0
12665,1.1468395701787997,0
12666,4.482400419538689,1
12667,1.270733149443671,0
12668,1.0600075651491538,0
12669,1.1532562791754255,0
12670,0.8862305866953107,0
12671,1.8856638803246228,0
12672,8.707136365297014,1
12673,2.779293505929253,0
12674,1.062755341768576,0
12675,0.3874018753662618,0
12676,1.766446572834471,0
12677,0.26863347141464555,0
12678,0.792960257693688,0
12679,0.9576327854783985,0
12680,1.055404855109635,0
12681,0.6530753146072106,0
12682,2.2242085930874267,0
12683,1.2139718332016656,0
12684,0.5795352336980052,0
12685,2.1044282699957924,0
12686,0.4872669984523796,0
12687,1.2894948920109648,0
12688,2.0148561958435236,0
12689,1.1397395236039463,0
12690,0.8253531575573415,0
12691,0.43464890960421804,0
12692,0.4428316511978092,0
12693,0.5949374518863837,0
12694,1.8133133805116886,0
12695,1.8302996614301632,0
12696,5.275826842195815,1
12697,0.47778005732018464,0
12698,1.9274547437992324,0
12699,0.9949826602501571,0
12700,3.8368254971488573,1
12701,1.3830837047790394,0
12702,0.23772716332478333,0
12703,1.3113520756296195,0
12704,1.265706227646051,0
12705,0.5115483444837429,0
12706,1.3235562149209177,0
12707,1.7751926505476994,0
12708,1.6689830614452568,0
12709,1.4815754104445995,0
12710,0.36140568514235044,0
12711,0.6238554310309203,0
12712,2.3818143217832333,0
12713,0.3259668865950756,0
12714,1.339424555432122,0
12715,1.9339703298500959,0
12716,1.2918000667646763,0
12717,0.4609798369691591,0
12718,1.3602859494063382,0
12719,1.52865273371337,0
12720,0.262110360295872,0
12721,1.3869847322320894,0
12722,3.7846341214272,1
12723,0.7263363173077539,0
12724,1.0883999928153316,0
12725,3.794319530686807,1
12726,1.7671632797463357,0
12727,0.6046103701386922,0
12728,0.279231191609547,0
12729,1.9102166656336594,0
12730,1.0279941063860485,0
12731,1.6718522936481899,0
12732,1.9300454322596037,0
12733,0.5157574024038829,0
12734,0.45206202919965477,0
12735,0.2637170757287076,0
12736,0.5689951174354363,0
12737,0.3450922096626926,0
12738,1.047103138068566,0
12739,0.7555416601467041,0
12740,0.22863746909694127,0
12741,2.7465045702466733,0
12742,0.9013698896005958,0
12743,6.475848948400274,1
12744,1.42011681279885,0
12745,1.9578335505951008,0
12746,0.5474322555678338,0
12747,0.456441403541137,0
12748,0.14911372014772514,0
12749,0.562414310208007,0
12750,1.7175806833121259,0
12751,6.115769124951726,1
12752,1.3759113596161183,0
12753,1.2257827199708937,0
12754,0.819522783643599,0
12755,0.8947852898760379,0
12756,0.8276148974189914,0
12757,0.2932077183072956,0
12758,0.9320775811487486,0
12759,1.3749706822047547,0
12760,1.1214391992346102,0
12761,0.5509660153385172,0
12762,2.275273633737697,0
12763,1.497947295013313,0
12764,3.3440272315851844,1
12765,1.2188212979400985,0
12766,1.864543457032901,0
12767,2.569154385569126,0
12768,1.0062599771950036,0
12769,1.7569783512117252,0
12770,1.8021147889085576,0
12771,1.095525212183543,0
12772,1.7781951080812013,0
12773,1.1527657948492136,0
12774,1.794829065859498,0
12775,0.31181762238732896,0
12776,0.9381367869858738,0
12777,0.6813987327403318,0
12778,1.0408807712482853,0
12779,0.9028286173458323,0
12780,2.5011527088798147,0
12781,3.067047886763276,0
12782,0.48358148488441727,0
12783,0.9735394238611084,0
12784,1.4818754350257448,0
12785,0.5862421947280306,0
12786,3.503484147261049,1
12787,1.5644260876862035,0
12788,1.9081948120895527,0
12789,3.0463470836799273,0
12790,0.42802278580264264,0
12791,0.4186473241390375,0
12792,1.2911050119528478,0
12793,1.2049081281728224,0
12794,1.3602491244030424,0
12795,1.630176623015361,0
12796,0.9257310164056831,0
12797,1.7635643718624294,0
12798,0.9419724821454668,0
12799,2.3873858817639984,0
12800,1.4107784603677516,0
12801,0.20238710878965668,0
12802,2.019190007139488,0
12803,0.9425646539383159,0
12804,2.461333674180129,0
12805,1.0075492791495113,0
12806,0.7153457030909802,0
12807,0.6085997146567294,0
12808,1.6672935205297115,0
12809,1.0633106468206905,0
12810,0.9085695987838853,0
12811,3.539313003812614,1
12812,1.4487268076372444,0
12813,0.7471043970795838,0
12814,1.4801962006902825,0
12815,0.2733849271400073,0
12816,0.30673321599580156,0
12817,1.559791015152817,0
12818,1.4039946295311403,0
12819,2.243265791287696,0
12820,0.8513276707008411,0
12821,2.7815846096661145,0
12822,1.5601225842895756,0
12823,1.046120038831307,0
12824,2.1812419236706315,0
12825,2.206030544882291,0
12826,1.0912091886718964,0
12827,0.9720084701268213,0
12828,5.010864250800563,1
12829,6.58219178723011,1
12830,1.0593725114432426,0
12831,1.3437044587568594,0
12832,0.9852433555035999,0
12833,1.0776987636595226,0
12834,0.612718465551496,0
12835,2.208350040589976,0
12836,0.7738778831802839,0
12837,0.48958589056420465,0
12838,1.3794592578362157,0
12839,0.7481508733588188,0
12840,0.884714959478081,0
12841,2.6913471318095366,0
12842,4.52445182985175,1
12843,0.7812102686411007,0
12844,1.3473160650094087,0
12845,1.6815547460986986,0
12846,0.3631177885627662,0
12847,0.6893115793107426,0
12848,0.3437974754070023,0
12849,1.0762845205380616,0
12850,1.152700729973632,0
12851,1.5658948043412895,0
12852,1.3018587554509924,0
12853,3.0481375589149127,0
12854,2.373511335225599,0
12855,3.7521023739621597,1
12856,1.1558867506437074,0
12857,1.308546684808095,0
12858,1.0533910460117077,0
12859,1.215965753182791,0
12860,0.5432135868910417,0
12861,0.8133143143358177,0
12862,0.3025776694267631,0
12863,1.305544681821523,0
12864,1.0343300813954854,0
12865,5.218094736738457,1
12866,0.34139348796598123,0
12867,1.6525797423762292,0
12868,0.8894791384755858,0
12869,0.9956742888484301,0
12870,0.6710888435046136,0
12871,1.4744373093271261,0
12872,0.6883388492616471,0
12873,0.18408607945901362,0
12874,0.697579246294538,0
12875,1.702886486033649,0
12876,2.9513873104430175,0
12877,1.8100274530429885,0
12878,3.0557751527084482,0
12879,1.5126244887373603,0
12880,0.8748831487004988,0
12881,1.2432374825352708,0
12882,0.7451512482352017,0
12883,1.7209979573618026,0
12884,1.9873025994314701,0
12885,1.2771423591603153,0
12886,0.9817963953316207,0
12887,0.5950628249782777,0
12888,1.6813357132683193,0
12889,1.0338586793078646,0
12890,0.47508553141412174,0
12891,0.8449256851877454,0
12892,1.0232161685814096,0
12893,0.7312699774501051,0
12894,2.0991459300199913,0
12895,0.4815169924788013,0
12896,5.264752476722028,1
12897,1.6209333156508763,0
12898,1.3776390272650056,0
12899,1.4563309114160032,0
12900,0.7399400672035217,0
12901,1.5005877799711278,0
12902,2.1478943747188217,0
12903,0.7438778318226645,0
12904,1.4971661593070418,0
12905,1.9634726226080583,0
12906,2.9801956701884036,0
12907,1.397893866568602,0
12908,1.7897401657206176,0
12909,0.6138392655533074,0
12910,1.8663420505008497,0
12911,1.1491042183554199,0
12912,0.9344180039511304,0
12913,1.3179308611045935,0
12914,1.027258580858444,0
12915,0.9517313739212503,0
12916,1.7447019963502846,0
12917,3.09336874765839,1
12918,2.703322806171037,0
12919,0.42522416973554866,0
12920,0.5959323984012226,0
12921,1.0598970203953593,0
12922,1.4227926916314482,0
12923,1.5712564747294302,0
12924,2.1818813848757728,0
12925,0.45352336964245343,0
12926,4.01636746039623,1
12927,0.8120133350235259,0
12928,1.0581181845529897,0
12929,0.6548241311769494,0
12930,1.094951430395331,0
12931,0.9043892521804308,0
12932,0.6793498739048283,0
12933,2.6336817614920127,0
12934,0.8082571460818487,0
12935,2.24411555156429,0
12936,1.9708654663091667,0
12937,1.1085366554583933,0
12938,0.6631421571687217,0
12939,1.9686080762316949,0
12940,0.40508637626473487,0
12941,2.355999024268244,0
12942,0.8521887882755672,0
12943,0.36166250960826474,0
12944,2.554551384138247,0
12945,2.243110401352198,0
12946,1.249433862422527,0
12947,0.7813455496376993,0
12948,1.300362971827449,0
12949,0.4369436378244816,0
12950,0.4538917564848287,0
12951,0.25432982323158904,0
12952,1.1797532394097712,0
12953,0.2396315356737665,0
12954,1.0666182683436536,0
12955,2.44671846896649,0
12956,2.6251278989330133,0
12957,1.3760486254678923,0
12958,0.8741436036359386,0
12959,1.6252753521133156,0
12960,0.9624443752429299,0
12961,0.7988570696737631,0
12962,1.3195327272756237,0
12963,0.7255865345711967,0
12964,2.117283793840704,0
12965,1.2024181368096833,0
12966,6.395251540564399,1
12967,1.1191569618500097,0
12968,0.9474895696294434,0
12969,1.489983090452969,0
12970,1.3466565404769921,0
12971,0.25343535447648663,0
12972,0.8611287583703706,0
12973,0.35269359564202746,0
12974,2.6128684368643027,0
12975,0.19781090902403156,0
12976,1.319428695748048,0
12977,1.8096979952451855,0
12978,1.3246664661746559,0
12979,0.9949237451738657,0
12980,0.9466555298980016,0
12981,2.0736644698134654,0
12982,1.2766343234670074,0
12983,0.4241156846160684,0
12984,2.398018875027867,0
12985,0.7389616186808987,0
12986,1.2820138819713138,0
12987,1.1240762421491257,0
12988,0.5799849055757197,0
12989,0.890346533287295,0
12990,1.3265886751632807,0
12991,0.3760530274066895,0
12992,1.1883385809697735,0
12993,0.34779869883704506,0
12994,2.104530376037053,0
12995,0.2075477877338002,0
12996,2.1041936987334475,0
12997,1.8882715050362693,0
12998,1.1691243567501926,0
12999,1.6408044669697557,0
13000,1.213572048956269,0
13001,0.2652382822855318,0
13002,0.5959712827636456,0
13003,2.4734290473876386,0
13004,0.23678438258136955,0
13005,1.6549822139321146,0
13006,0.23730075760026964,0
13007,0.3808974991791089,0
13008,0.5230060595409578,0
13009,3.027371191766858,0
13010,2.142181306247275,0
13011,0.5851833892592547,0
13012,2.170290478823426,0
13013,1.7502491566918623,0
13014,0.24681139061705953,0
13015,0.7260411248696462,0
13016,0.9582013528797376,0
13017,0.26424184870225276,0
13018,1.4919373950863253,0
13019,1.1562439839895715,0
13020,1.344340589063382,0
13021,0.2855131494348555,0
13022,0.39776028333699326,0
13023,1.545336488522783,0
13024,0.4118079160292502,0
13025,0.9510547395843248,0
13026,1.2071671975781764,0
13027,0.45767489691305374,0
13028,1.9077034646376905,0
13029,1.2297090447144006,0
13030,0.38083550755567025,0
13031,0.5274214624642204,0
13032,0.3860275133991395,0
13033,0.9010317833963455,0
13034,0.42714651392368463,0
13035,0.43658750050379297,0
13036,1.0068622783179708,0
13037,0.6711815081173335,0
13038,0.6896179213782464,0
13039,0.850992766687096,0
13040,1.6625865382025204,0
13041,0.19589535204415345,0
13042,1.2774522914822577,0
13043,2.5495129971453974,0
13044,0.26894004058217136,0
13045,1.5634186054403294,0
13046,2.6814598332413566,0
13047,1.6971880701264652,0
13048,0.9144235493340648,0
13049,0.9264488447439446,0
13050,0.6470563111365472,0
13051,0.9289840111810607,0
13052,0.7079177220111234,0
13053,2.56476555565379,0
13054,1.4220039103052107,0
13055,2.6281873847866364,0
13056,0.7242721333070575,0
13057,1.2114078299462099,0
13058,1.6916401810225998,0
13059,2.1199895617707765,0
13060,0.7294103183701818,0
13061,1.3484823129964019,0
13062,0.4642820963599582,0
13063,0.4449992701057766,0
13064,0.47599834847042233,0
13065,0.43172352143999343,0
13066,1.3117538580906394,0
13067,1.7189947563067711,0
13068,0.46135441300558866,0
13069,1.5700631306248947,0
13070,1.4477490110636826,0
13071,1.3619512640637792,0
13072,1.9100145853943642,0
13073,4.102838294944156,1
13074,7.1245226115787625,1
13075,1.6368103130438194,0
13076,0.3858553472843359,0
13077,1.3407986660499154,0
13078,1.1881113569952781,0
13079,1.4036406590959878,0
13080,0.7371094870504675,0
13081,1.6948186303101793,0
13082,0.8446489271243774,0
13083,1.4760512393433443,0
13084,2.1801717213455993,0
13085,2.796636077299381,0
13086,1.6537226862846917,0
13087,2.3643325573538063,0
13088,1.748585455233363,0
13089,0.8742181842118758,0
13090,1.070928914975839,0
13091,1.6170262192521818,0
13092,0.9849789503762886,0
13093,1.4718325934205254,0
13094,0.8950862196170485,0
13095,0.41761433046057866,0
13096,0.84253360562203,0
13097,0.8255789534102823,0
13098,8.0791660723487,1
13099,0.5516488767198676,0
13100,1.0613309580889903,0
13101,0.3447594567746851,0
13102,1.368993245063787,0
13103,0.2735638067559901,0
13104,0.5019246814649023,0
13105,1.308705744681992,0
13106,0.7433358786388229,0
13107,1.8607206182073253,0
13108,3.471066306156471,1
13109,0.4924739811819128,0
13110,0.4339211523305929,0
13111,1.995389354613945,0
13112,1.6516345574292808,0
13113,1.0022228777359643,0
13114,1.128549609957044,0
13115,0.6300327523283287,0
13116,6.561708520461167,1
13117,1.5077199362191014,0
13118,0.7496618378350874,0
13119,1.0428451870731696,0
13120,0.5786367689144007,0
13121,1.0451257450969595,0
13122,0.4527429970032179,0
13123,0.41033600186909464,0
13124,2.1163940755312054,0
13125,0.547100280107495,0
13126,1.094337372088957,0
13127,1.0669796921801185,0
13128,1.5263261143303986,0
13129,1.2128036299249154,0
13130,0.4965687907663909,0
13131,0.3315242259115242,0
13132,0.22618143802070606,0
13133,4.024112510923699,1
13134,1.4643426406195428,0
13135,0.9330051939352526,0
13136,0.9839563768671936,0
13137,0.5755987878868759,0
13138,1.3251237092136747,0
13139,1.258066968753271,0
13140,0.41535445587180014,0
13141,0.5487805772667188,0
13142,1.951780472295581,0
13143,0.35399345926383563,0
13144,1.6374004572876986,0
13145,0.8931135399845486,0
13146,0.8289826496288129,0
13147,3.6055395902424747,1
13148,2.2093337110456477,0
13149,0.5162170583717234,0
13150,2.200341251235422,0
13151,1.6008837762964132,0
13152,1.3176874511386674,0
13153,1.5041171457251898,0
13154,1.7955315287256022,0
13155,0.6646936338970245,0
13156,1.5084859208684192,0
13157,1.7013941174190432,0
13158,1.555103939181676,0
13159,0.6706610710621607,0
13160,0.2741252465243616,0
13161,1.1389669775006026,0
13162,1.5773492126424697,0
13163,2.0873992329506668,0
13164,0.562370320594103,0
13165,0.6806047993381615,0
13166,3.5836543736474953,1
13167,1.5697957343234419,0
13168,1.7205358381616271,0
13169,1.4731315299208747,0
13170,0.5968717632348396,0
13171,2.2792705520640717,0
13172,0.9579955920203147,0
13173,2.5514315856432535,0
13174,0.8520491722134369,0
13175,1.8739540404989383,0
13176,0.2652208734215614,0
13177,2.416274662145197,0
13178,1.2990285303443267,0
13179,0.8026753252745216,0
13180,1.2988683682647104,0
13181,0.3058182807218236,0
13182,3.328097697808145,1
13183,2.5984945156142754,0
13184,1.1775202803195661,0
13185,4.6290009838136035,1
13186,24.19165400193816,1
13187,1.502184442866102,0
13188,1.5508271318970324,0
13189,0.6898079719310627,0
13190,0.47489139030583344,0
13191,0.5890827940396889,0
13192,0.6565177929811993,0
13193,0.8206845732497285,0
13194,0.6604115043947048,0
13195,0.3214884206187469,0
13196,1.3007963124541246,0
13197,1.3911095576885386,0
13198,6.533124344978512,1
13199,0.7308637206696631,0
13200,1.277186884122558,0
13201,2.412995282356055,0
13202,0.32113977630579,0
13203,0.4772650652830303,0
13204,2.719259836925129,0
13205,0.5094912378310731,0
13206,0.39410542511639296,0
13207,0.6311674171962605,0
13208,0.31934384561420714,0
13209,0.4510450500428286,0
13210,1.1501009621665625,0
13211,1.5903312921212593,0
13212,2.751625638132942,0
13213,0.6518250187152167,0
13214,1.49233669660209,0
13215,0.47924349357013407,0
13216,1.2297035211779495,0
13217,2.7423522694046625,0
13218,1.6714272221067992,0
13219,0.3213322633579556,0
13220,0.31831785274974617,0
13221,0.7373636461127853,0
13222,0.3959966496413832,0
13223,0.32989713878827837,0
13224,0.622352903206238,0
13225,0.6432159644537964,0
13226,1.8600181005990069,0
13227,0.30836229488697137,0
13228,1.3983336362172702,0
13229,0.8990917300464625,0
13230,0.29356722765220383,0
13231,2.2465828391833,0
13232,0.579542898874375,0
13233,0.5858784872101094,0
13234,1.019085229060863,0
13235,1.2397180415486801,0
13236,0.25248025972683036,0
13237,1.3550987409098199,0
13238,1.0524052697707746,0
13239,2.038611843254213,0
13240,1.932872313937503,0
13241,0.8431725788412261,0
13242,0.6861197274521895,0
13243,1.6845199165885958,0
13244,1.3312863374182973,0
13245,2.286985596318557,0
13246,1.0568670603975021,0
13247,1.0434185396340718,0
13248,1.1491039852309046,0
13249,2.3964144255418924,0
13250,1.2328724617811606,0
13251,1.0861747957930068,0
13252,1.7440225054500398,0
13253,1.3454463951378852,0
13254,2.2356819787693047,0
13255,0.5132943085589127,0
13256,0.8497390767523593,0
13257,0.977684516671103,0
13258,2.4112820444126126,0
13259,0.6302432166199338,0
13260,0.22288224512359497,0
13261,3.501327559301072,1
13262,1.5784161362151534,0
13263,1.2611021740207746,0
13264,0.863988274514295,0
13265,1.766895153911394,0
13266,1.901500300530979,0
13267,0.7143068681109555,0
13268,2.674635972738841,0
13269,1.02702176538732,0
13270,0.9313471496958482,0
13271,2.26166919641956,0
13272,1.3254360467509778,0
13273,0.9072759112044898,0
13274,0.24806359844657594,0
13275,0.40634471660005567,0
13276,0.6377791212943312,0
13277,1.6146032761162339,0
13278,5.283481779926282,1
13279,1.6651324643556658,0
13280,1.6255756137818678,0
13281,0.6469350967987318,0
13282,1.2089617913540562,0
13283,0.6653236911137687,0
13284,1.2091849747712735,0
13285,1.082785538983981,0
13286,0.36837702818321544,0
13287,0.8559394863283585,0
13288,3.7953843391197015,1
13289,1.7339206433860133,0
13290,1.2786502114285896,0
13291,0.694604321191097,0
13292,0.43128720949573773,0
13293,1.2185395145869298,0
13294,2.230013306152068,0
13295,0.3774842599458713,0
13296,0.5471045383346816,0
13297,1.2932137296302386,0
13298,2.7578147662933596,0
13299,0.23617809288485744,0
13300,1.3137369644056291,0
13301,0.41768441038809134,0
13302,0.979252397045708,0
13303,0.6137343681037372,0
13304,0.9256687381569307,0
13305,0.8959718464423595,0
13306,0.6922591727489895,0
13307,1.4443880635693729,0
13308,1.5423563157505094,0
13309,0.5746345285573439,0
13310,0.9716829033504388,0
13311,1.8677263710954581,0
13312,1.5217222341837224,0
13313,1.1914437665546913,0
13314,0.5228354375738469,0
13315,0.25912512381991626,0
13316,2.8169925166828893,0
13317,5.725206244520019,1
13318,0.7837431111617694,0
13319,0.7519611767304241,0
13320,0.9046616538470468,0
13321,2.191279051322538,0
13322,1.1621503151419423,0
13323,0.6275387198271498,0
13324,1.262697880439105,0
13325,1.5501576730598576,0
13326,0.23684140725828912,0
13327,0.9807127767526052,0
13328,2.284742486093605,0
13329,2.184256379379084,0
13330,1.127717946204864,0
13331,0.3609836282034499,0
13332,0.4294270433448345,0
13333,1.5491558803603576,0
13334,1.1681705126558073,0
13335,3.37502423630307,1
13336,0.8217856605398134,0
13337,1.3541436115338894,0
13338,1.9506432757832262,0
13339,1.8663147111455802,0
13340,3.1538537171560383,1
13341,0.39934692412345035,0
13342,0.17341486473081183,0
13343,1.0023835953947364,0
13344,0.3738111014117698,0
13345,0.510202100211523,0
13346,2.1483579133608623,0
13347,0.7734239071252522,0
13348,1.0513801036228017,0
13349,0.9544725500589692,0
13350,0.9886226416469159,0
13351,0.42610065435722305,0
13352,0.4372024891375427,0
13353,1.35675856466765,0
13354,0.5213218064786759,0
13355,0.7982670193557007,0
13356,1.7819788148719633,0
13357,0.8853827020915426,0
13358,2.0666302086403467,0
13359,1.7222463433319737,0
13360,0.9427647083112061,0
13361,0.5033542319163665,0
13362,1.5685996594579188,0
13363,2.6810347918158843,0
13364,1.2626405506164673,0
13365,1.3486165228469424,0
13366,1.0958043754154903,0
13367,1.7615159497650554,0
13368,0.322902610924252,0
13369,1.6858370235626785,0
13370,0.8861909877560448,0
13371,1.9150096816263396,0
13372,1.2511988002521561,0
13373,0.740877153413909,0
13374,2.0372957276967543,0
13375,0.44039252952180646,0
13376,0.9469936995515109,0
13377,2.250852496979062,0
13378,1.9963914581833895,0
13379,0.4452637890765035,0
13380,3.4215446726936367,1
13381,1.0480907285601657,0
13382,0.7007794195285916,0
13383,0.4246464740504863,0
13384,0.699941432099968,0
13385,1.1250642865522251,0
13386,0.585961375629871,0
13387,1.8146299920839024,0
13388,2.1038535172547763,0
13389,4.189258371308728,1
13390,0.7516680748429941,0
13391,1.0702452490555123,0
13392,0.28675036041851815,0
13393,0.4772031992768987,0
13394,1.1901830576995052,0
13395,0.8040317033676545,0
13396,1.5228331309225722,0
13397,1.1352093809382962,0
13398,2.6060182351325936,0
13399,1.0473683101105153,0
13400,0.6616617280200463,0
13401,3.207778340646118,1
13402,3.426064314752744,1
13403,1.0618877800707207,0
13404,0.4537310165878543,0
13405,1.3162625975866222,0
13406,1.8377806029282864,0
13407,0.7270022173567852,0
13408,2.2625058458065173,0
13409,1.1844423585700048,0
13410,1.4634448987860822,0
13411,2.5832254584378243,0
13412,0.4646271511790562,0
13413,0.6788812709824587,0
13414,1.9325738025730101,0
13415,3.1893762988741274,1
13416,3.1676841862491756,1
13417,1.0878658856901773,0
13418,1.1185246270333,0
13419,0.2894010165088059,0
13420,1.4033078006551958,0
13421,0.8668418263031586,0
13422,1.8598176999265925,0
13423,1.5812081090169534,0
13424,2.135389349794947,0
13425,0.27864124263804196,0
13426,0.47791927823164404,0
13427,0.27944267680295043,0
13428,1.193836098511747,0
13429,1.8670739929848092,0
13430,1.3118764525163882,0
13431,0.8044223970391893,0
13432,1.5551267654392478,0
13433,0.25894597759339655,0
13434,0.49997513391663573,0
13435,1.11454748443741,0
13436,4.286495434894535,1
13437,3.681762831224112,1
13438,0.9296685923409901,0
13439,2.0785794596028158,0
13440,0.417002068077935,0
13441,0.9224052046350627,0
13442,2.462291797264285,0
13443,0.5877009209724707,0
13444,2.0260240705799624,0
13445,8.173390603696914,1
13446,0.36622653836614677,0
13447,3.931458763745319,1
13448,0.6435461093198858,0
13449,0.5687357335866676,0
13450,2.196355508740032,0
13451,0.48367753838579197,0
13452,1.0632160244554378,0
13453,0.7695544089947014,0
13454,1.2233889066511638,0
13455,1.5404523613989307,0
13456,0.6064237576288211,0
13457,2.284905579323157,0
13458,1.7192317319671462,0
13459,2.6643355530459294,0
13460,1.1701605946087485,0
13461,0.3932175407750678,0
13462,0.4568682785689665,0
13463,1.230439427192793,0
13464,0.7774816288481274,0
13465,1.829542930262906,0
13466,2.4412219765524883,0
13467,1.67907898457274,0
13468,1.6951545747558394,0
13469,2.3315493827079714,0
13470,0.3206218299613928,0
13471,0.35956425583971907,0
13472,1.1897664931090786,0
13473,0.6789420071755212,0
13474,0.3997659356885154,0
13475,1.5946073117897681,0
13476,1.3537385839706484,0
13477,5.632772680403336,1
13478,2.006415573676403,0
13479,1.9887965255329185,0
13480,0.8390136967146852,0
13481,1.485199388780266,0
13482,0.38824232529127506,0
13483,0.5367613859711433,0
13484,1.7291911355769787,0
13485,1.2102492491546857,0
13486,1.0146869156938134,0
13487,0.6144127965470734,0
13488,1.2682975250287278,0
13489,0.19504406217201942,0
13490,2.2091204286108796,0
13491,0.9043867137424945,0
13492,1.0794333546464767,0
13493,0.8102994218267949,0
13494,0.49558705065488823,0
13495,1.3374772433761983,0
13496,3.097364421350376,1
13497,0.9035054697406177,0
13498,1.6562925299966111,0
13499,3.1363075748319003,1
13500,1.0021425233478356,0
13501,0.9423286192478618,0
13502,1.0721919217155498,0
13503,0.2902351449666434,0
13504,1.5427309208581048,0
13505,1.266362995967944,0
13506,0.9789116316822464,0
13507,1.1132442884202178,0
13508,0.780178709381191,0
13509,1.7729359865540568,0
13510,2.9020176920183003,0
13511,0.7521280814880587,0
13512,0.5645715706276768,0
13513,1.485471839106831,0
13514,0.4888139820781469,0
13515,1.6080943666192138,0
13516,1.2575608808000183,0
13517,1.0847662715409616,0
13518,2.0717466574389167,0
13519,0.8603709716189913,0
13520,0.8101349270995916,0
13521,4.642473520505507,1
13522,1.4690956610197186,0
13523,0.7885059939055015,0
13524,0.7211853572778806,0
13525,0.7460697942027108,0
13526,1.6732960376725317,0
13527,0.831198704218079,0
13528,1.1235313009306966,0
13529,0.8060988125664056,0
13530,1.1697192692253509,0
13531,2.3115219763943626,0
13532,0.5231366737699399,0
13533,0.36405779858190374,0
13534,0.3731347784879317,0
13535,0.5948806009210293,0
13536,0.6250638482658459,0
13537,1.2727739839047767,0
13538,1.1623972199572143,0
13539,3.5506581785773608,1
13540,1.2675468784381718,0
13541,1.4006893691537408,0
13542,0.6360404601539353,0
13543,1.451230200259131,0
13544,2.3960367765710737,0
13545,1.588477502349066,0
13546,1.3155596505609313,0
13547,1.1871366245686938,0
13548,0.9401446663946409,0
13549,0.8295248057281194,0
13550,0.41518502277607683,0
13551,0.8771373515894691,0
13552,0.9945697165980961,0
13553,4.324785967079212,1
13554,2.458817585917326,0
13555,0.7985626826693627,0
13556,0.19066425859432365,0
13557,0.3640437719295387,0
13558,0.8453068335626952,0
13559,1.6848405489995626,0
13560,1.0533817190038681,0
13561,3.534499867046176,1
13562,2.844860590872659,0
13563,0.2859335289970699,0
13564,1.7406137649313813,0
13565,1.2479171713444361,0
13566,2.407130261487494,0
13567,0.5964386616911207,0
13568,1.0446998821940352,0
13569,1.1484120188505502,0
13570,1.8658648350714961,0
13571,3.423018992271762,1
13572,0.8915868903796661,0
13573,1.4485827945676981,0
13574,0.47433857121634726,0
13575,0.5750621333832444,0
13576,1.2952401122260515,0
13577,2.028542798210755,0
13578,1.560772427086519,0
13579,1.1580253538962333,0
13580,1.1086003183955278,0
13581,0.19214259917879922,0
13582,0.9603333647547354,0
13583,1.9849577604615518,0
13584,1.2829208013837294,0
13585,1.1413584487724402,0
13586,1.3012872354339768,0
13587,0.6327691048066427,0
13588,0.4231139409383886,0
13589,1.9451774850721635,0
13590,1.0320500731094908,0
13591,0.5427855199902702,0
13592,2.6160344460841194,0
13593,2.367492255598068,0
13594,0.7222796370797105,0
13595,0.2907745197566583,0
13596,1.5161537970789674,0
13597,0.39308371357681465,0
13598,0.33807921372804156,0
13599,1.5313269182847926,0
13600,1.211322230962852,0
13601,1.3957011367232985,0
13602,1.5268402734695536,0
13603,0.365063200335635,0
13604,3.634027562382665,1
13605,0.905171753800883,0
13606,1.815522563897003,0
13607,1.02173154901615,0
13608,3.338027622329393,1
13609,0.6354685771209347,0
13610,0.8068385559370034,0
13611,0.6130973947359811,0
13612,0.4411757854803103,0
13613,2.7200511935254768,0
13614,1.5598302781970712,0
13615,1.6340528446008673,0
13616,0.628416234896805,0
13617,0.40756297815063613,0
13618,0.30949939946233485,0
13619,2.046199935257765,0
13620,0.35152281176337014,0
13621,0.6861020585002916,0
13622,0.9744286242501058,0
13623,2.82663592807606,0
13624,2.2587851569903776,0
13625,1.6035327710603546,0
13626,1.0494283529468116,0
13627,0.9456413527305604,0
13628,0.8361527512468331,0
13629,1.8816337936670253,0
13630,0.8188079842553174,0
13631,0.3572531985683794,0
13632,0.5786940285942096,0
13633,1.0723369315606743,0
13634,0.6457456468009417,0
13635,2.6562012239652555,0
13636,0.514950191935769,0
13637,1.0919081822096717,0
13638,1.0112981324517285,0
13639,0.4202088407738287,0
13640,1.8181552303249917,0
13641,0.267548180969969,0
13642,0.6773252672919713,0
13643,1.194811799239299,0
13644,0.6983876188264658,0
13645,0.6738654835979024,0
13646,2.9923056611647545,0
13647,0.7756969306156465,0
13648,2.018201268253213,0
13649,2.454069959812365,0
13650,0.7010177599198911,0
13651,0.24400574000419156,0
13652,1.610069081941987,0
13653,1.0453501942443155,0
13654,0.49396134875012354,0
13655,1.334926554902376,0
13656,1.761777742532519,0
13657,2.631909962445144,0
13658,0.9657349572452797,0
13659,5.1639084070902275,1
13660,1.2273563270859595,0
13661,0.9156887452628016,0
13662,0.5523566347422538,0
13663,0.3697579097627324,0
13664,1.0158956176723046,0
13665,0.7123795876386142,0
13666,0.8847403537959335,0
13667,0.7550341772388711,0
13668,0.561515581715666,0
13669,2.477564349945362,0
13670,0.4535151048974539,0
13671,0.5467666287557965,0
13672,1.1382697187067081,0
13673,0.25465785093984844,0
13674,0.9873177376835564,0
13675,1.6589835414398757,0
13676,0.9480161318578759,0
13677,0.7218523853952189,0
13678,0.5253709950882082,0
13679,1.2139303317190364,0
13680,1.0026025791773188,0
13681,0.8416325052759486,0
13682,2.781947090012873,0
13683,6.271452283245936,1
13684,0.3602259027034932,0
13685,6.767945067676494,1
13686,1.341546478148651,0
13687,0.6003947822658433,0
13688,0.621979767187247,0
13689,2.004291990615577,0
13690,1.0223171763237329,0
13691,1.3466111935677747,0
13692,0.6147464422672484,0
13693,1.3491797104104708,0
13694,1.8198755505660322,0
13695,1.5872913295618925,0
13696,0.9639384251350354,0
13697,1.8401658945293025,0
13698,1.2496143391392214,0
13699,0.5925879713823861,0
13700,0.8092783408043739,0
13701,0.5537469518389604,0
13702,1.2912176112018618,0
13703,1.6244759642301922,0
13704,2.0783423493798145,0
13705,1.0493799153606376,0
13706,0.210599425114191,0
13707,2.7620109955430245,0
13708,1.8600834185253246,0
13709,0.7869061785589812,0
13710,1.0309081041948358,0
13711,1.6230112776120427,0
13712,2.4337116325851524,0
13713,0.7304842028101306,0
13714,1.8613143266693977,0
13715,0.9516434864765799,0
13716,2.3304589445599926,0
13717,0.7832708300638695,0
13718,0.8065505395408292,0
13719,1.8696268853151945,0
13720,1.0126346539993696,0
13721,0.3566258933095663,0
13722,1.0800727183205,0
13723,0.4483942400300037,0
13724,1.2947382208167608,0
13725,1.5367555525800884,0
13726,1.9240477300225542,0
13727,0.3070999194807689,0
13728,1.3390136581068852,0
13729,1.3324428738362253,0
13730,2.882646387798529,0
13731,0.22448570595374068,0
13732,5.6197382967015885,1
13733,0.8031335894692777,0
13734,0.2890211671991016,0
13735,0.9063364208353536,0
13736,0.9627080771334581,0
13737,0.8990707536960472,0
13738,0.43404274754351957,0
13739,2.219033433607939,0
13740,0.40419858482411014,0
13741,0.5473816176173002,0
13742,1.8622476406904234,0
13743,1.484972157872967,0
13744,1.5809952547224675,0
13745,0.38946251858072384,0
13746,1.3149916789707299,0
13747,0.6107244947271316,0
13748,1.8964806951454092,0
13749,1.748152784240521,0
13750,1.752796429844617,0
13751,1.5274424873132866,0
13752,3.0223723751002844,0
13753,0.7975875496990983,0
13754,1.4446718654479365,0
13755,0.9044098775341606,0
13756,0.4515798299553719,0
13757,1.3779428241528373,0
13758,0.5694115655100389,0
13759,1.6000197975192862,0
13760,3.183294830604276,1
13761,0.5514416434171461,0
13762,1.305324113731333,0
13763,0.5650204042597624,0
13764,0.9602577239084585,0
13765,0.9244077763614905,0
13766,0.3889077837177766,0
13767,0.28817138961492134,0
13768,0.6174854627513472,0
13769,8.371528182488909,1
13770,0.4672795097527121,0
13771,3.0650961683152795,0
13772,0.8369429338277335,0
13773,0.29931701234246433,0
13774,1.4649298429053492,0
13775,4.008688051686357,1
13776,0.9961759078555749,0
13777,0.30728529590218034,0
13778,0.3605438524107667,0
13779,1.83664413526932,0
13780,1.336556999377612,0
13781,1.0922659792263982,0
13782,3.8162069377752417,1
13783,2.173786493385998,0
13784,0.3967618868290598,0
13785,1.1469589375329965,0
13786,1.2957849166444053,0
13787,1.6987509501776517,0
13788,0.6345791428875243,0
13789,0.9212254929149056,0
13790,0.5721115460983219,0
13791,0.596039313600735,0
13792,0.33014360621791944,0
13793,0.5026510351156486,0
13794,3.2382535443827947,1
13795,1.9972684584643903,0
13796,1.3605951147799253,0
13797,1.140568068271296,0
13798,0.5358550475998511,0
13799,0.39586269673242075,0
13800,1.998306423500314,0
13801,1.2890073457698665,0
13802,1.40814059587917,0
13803,0.9070217434050274,0
13804,1.9099171796336507,0
13805,0.5121365600968798,0
13806,0.9237348740253508,0
13807,0.9898618689344035,0
13808,0.7603104363283776,0
13809,0.9666789911405178,0
13810,1.2509983885594658,0
13811,0.3948932856361166,0
13812,0.7857608203875569,0
13813,1.9161554156169842,0
13814,1.6324281834067025,0
13815,1.0021719993097689,0
13816,1.2947681974487006,0
13817,0.9424760970487444,0
13818,2.341407924123547,0
13819,1.0941176306709606,0
13820,0.5056325052076064,0
13821,0.871359225689808,0
13822,1.3380447251185736,0
13823,0.504680690338178,0
13824,2.059605350872862,0
13825,2.1882260037677566,0
13826,1.2679466884840334,0
13827,1.2472681656916016,0
13828,2.046245410265551,0
13829,1.0641084329899448,0
13830,0.654420103360639,0
13831,0.5287206279698811,0
13832,0.32605358061513584,0
13833,0.7947948796707557,0
13834,0.7995455736622284,0
13835,1.7830749001800827,0
13836,1.0080043758530128,0
13837,0.5566265720863914,0
13838,3.448353483583522,1
13839,1.9251417697659103,0
13840,0.5901436248868791,0
13841,1.6165287171283056,0
13842,1.9361365749759112,0
13843,0.3753130939765661,0
13844,0.8261821352046161,0
13845,1.0287881869374327,0
13846,0.4142215362329225,0
13847,2.0071730538501424,0
13848,1.648056602844233,0
13849,1.850510749517778,0
13850,3.2728836369179164,1
13851,0.959250860608702,0
13852,1.5888231848809922,0
13853,1.009689751763257,0
13854,0.6219978065699444,0
13855,1.6146218368809617,0
13856,0.2596419995565224,0
13857,2.4813708834458077,0
13858,0.5757190960289542,0
13859,0.36381922047238663,0
13860,1.2368866373196448,0
13861,2.1973052346815933,0
13862,0.8094840574470346,0
13863,7.571052519580925,1
13864,1.2594798700588865,0
13865,0.9507171644191652,0
13866,1.0899346813975597,0
13867,2.2149254934935416,0
13868,0.8029055431938803,0
13869,0.9018663923873004,0
13870,0.7409878930501289,0
13871,1.565884694623738,0
13872,1.3880971467799779,0
13873,2.421712112414766,0
13874,0.5376527047817922,0
13875,0.4547217050900052,0
13876,1.513285719163343,0
13877,0.31366358961187457,0
13878,0.6636728325655873,0
13879,1.342842877739343,0
13880,1.7696109238913407,0
13881,0.7633015357749305,0
13882,0.5175368860898234,0
13883,3.1740733945072708,1
13884,0.4046127991678128,0
13885,0.7297483551098524,0
13886,1.4744142777793336,0
13887,2.886513198477247,0
13888,0.6346028685909556,0
13889,0.8683727194608629,0
13890,1.2839712915228783,0
13891,0.5401903508687446,0
13892,0.574943934913182,0
13893,0.7329404730461334,0
13894,0.792244852333208,0
13895,1.7417699211958722,0
13896,3.2319771301203257,1
13897,1.8195678366217958,0
13898,0.42116468158495,0
13899,1.2865656500661455,0
13900,0.20741554334072262,0
13901,1.5477847941137879,0
13902,1.1952046977423345,0
13903,0.8522899844102924,0
13904,1.2754742051482415,0
13905,1.1451606829833303,0
13906,1.3064564077736034,0
13907,0.301989833299226,0
13908,1.1972518456633225,0
13909,0.6681618363174201,0
13910,0.6863156671848033,0
13911,4.132577625470458,1
13912,0.24632071858756988,0
13913,1.7819144868670678,0
13914,1.2217265053364055,0
13915,8.395828833282918,1
13916,1.160096180756631,0
13917,1.6593835197354003,0
13918,0.7829778436221496,0
13919,0.6017530759410262,0
13920,1.0848323364769332,0
13921,1.2437471995464129,0
13922,0.8669015602221051,0
13923,4.30304280259772,1
13924,1.4883921280714651,0
13925,1.18118003799034,0
13926,0.5190452468152505,0
13927,0.8798970905678506,0
13928,2.2397458819409386,0
13929,2.504586071868409,0
13930,1.0100819808966541,0
13931,0.3429256816235371,0
13932,0.5888714528985898,0
13933,1.530663882729259,0
13934,0.8161422621045668,0
13935,1.7640177639533394,0
13936,3.833188935887217,1
13937,1.00128491255499,0
13938,0.5849753331767261,0
13939,0.26456820691965727,0
13940,0.9479699569052473,0
13941,1.5011692964840408,0
13942,1.1757146951776543,0
13943,1.8530596180248007,0
13944,1.3877329784108772,0
13945,0.25040189653300865,0
13946,2.825015373213523,0
13947,2.090549715110571,0
13948,1.392101399147,0
13949,2.0251652242687883,0
13950,1.323901067585384,0
13951,2.049355796987136,0
13952,1.2789652096155388,0
13953,2.881374463001157,0
13954,1.672688241862204,0
13955,3.9620557974618023,1
13956,1.202308113527273,0
13957,1.3437667241456788,0
13958,0.908411219143345,0
13959,0.8778342733294332,0
13960,1.4764836201642975,0
13961,5.000797938477195,1
13962,1.8568288181517196,0
13963,8.441705405266488,1
13964,0.5383329629831209,0
13965,0.8496341379984972,0
13966,2.936643106192167,0
13967,1.6397163275924584,0
13968,1.8236871442146005,0
13969,1.6052341582892444,0
13970,2.5148873442529447,0
13971,0.5958479582090173,0
13972,0.6523422406555971,0
13973,2.0609950150273586,0
13974,0.41079625183291135,0
13975,1.221332801971044,0
13976,0.638447432622259,0
13977,0.6366359776837884,0
13978,0.4824273869858208,0
13979,0.8115218964631634,0
13980,0.2286378918714588,0
13981,0.2635489322920955,0
13982,0.9500990776730777,0
13983,2.7588032425368234,0
13984,0.8297578510922988,0
13985,0.26263327141577103,0
13986,7.089215262886366,1
13987,2.016256609782775,0
13988,0.5291033304495419,0
13989,2.0084780741557484,0
13990,1.4591047589022785,0
13991,2.3668734072896376,0
13992,1.347507125960496,0
13993,0.5774898261901085,0
13994,2.34046842022471,0
13995,1.6593006960094112,0
13996,0.7166061295514101,0
13997,3.223682480328567,1
13998,2.681380487465797,0
13999,0.5299302600416812,0
14000,1.634991010367554,0
14001,2.2391407974500335,0
14002,0.8933850594840889,0
14003,0.3045380383572511,0
14004,4.606092234736358,1
14005,2.0599855000875005,0
14006,1.2432990236230201,0
14007,1.055093269131296,0
14008,1.6014247306145712,0
14009,0.3137150483577988,0
14010,1.2038538835574946,0
14011,1.4424363003008822,0
14012,2.4345735315747765,0
14013,0.5527651799078029,0
14014,0.769710823303581,0
14015,0.9670871435629493,0
14016,2.3790570225381598,0
14017,2.085027026938318,0
14018,0.37073286312565,0
14019,5.372396323842289,1
14020,1.9250497119185055,0
14021,1.3858301916950615,0
14022,1.1725686370379864,0
14023,0.778326477484294,0
14024,1.5175836270267007,0
14025,1.4582853714540325,0
14026,0.7139014891398199,0
14027,0.44142972386370644,0
14028,1.3652172868421035,0
14029,0.4794558253210928,0
14030,0.8721343671814981,0
14031,0.23930539012652258,0
14032,1.8337636467414349,0
14033,1.0260319918711311,0
14034,1.607467564604671,0
14035,0.7051736281792884,0
14036,2.561981869296611,0
14037,0.8777364368652445,0
14038,1.1939420095531237,0
14039,1.5336712770499652,0
14040,3.281532860967812,1
14041,0.4087175512632243,0
14042,1.4783256228698571,0
14043,2.9743447339261926,0
14044,1.8613590245178455,0
14045,0.21847299869615278,0
14046,0.8355808709364233,0
14047,0.9186641445862272,0
14048,1.8416598270312352,0
14049,1.1431590145003707,0
14050,2.8798872854457347,0
14051,0.5138752745099228,0
14052,1.3539089604085879,0
14053,1.4033407995032101,0
14054,0.3090763514006323,0
14055,0.5846572409921355,0
14056,1.5381457067199398,0
14057,2.8525754767512166,0
14058,0.43105936110423765,0
14059,1.6282754594708428,0
14060,0.25006205743041743,0
14061,1.8279633037449108,0
14062,1.0975544936992483,0
14063,0.6623256492239123,0
14064,0.5886318007108956,0
14065,1.2533460012278148,0
14066,1.6128458095146196,0
14067,1.3515140988638976,0
14068,1.6412183030844114,0
14069,0.7426633814251541,0
14070,2.4156757870605277,0
14071,3.5960264719976354,1
14072,1.30232489399198,0
14073,0.553901086945442,0
14074,1.4622186337271275,0
14075,1.2490384384008926,0
14076,2.5257879865149997,0
14077,0.9387021779757225,0
14078,2.0163129348372766,0
14079,1.3214331379528064,0
14080,1.4398805642175891,0
14081,1.2156106598093548,0
14082,0.9999382330607547,0
14083,1.9300147465712325,0
14084,1.1548089215451869,0
14085,1.7612676959958846,0
14086,1.9019593463009614,0
14087,1.1422126636102587,0
14088,1.565273799888297,0
14089,1.0562287016285852,0
14090,2.1317603278687667,0
14091,1.392779197637285,0
14092,0.5022800259187551,0
14093,2.231663265117214,0
14094,3.981185667902128,1
14095,0.23467899098920617,0
14096,1.6663627584141252,0
14097,1.7523313269680978,0
14098,0.9846970740440352,0
14099,0.5889357448128528,0
14100,0.4163464032709454,0
14101,1.5722307530029724,0
14102,1.3926485803028512,0
14103,1.476633504283871,0
14104,1.3680464382822741,0
14105,3.2212338349674137,1
14106,1.8111966648914004,0
14107,1.4521204436702293,0
14108,1.3226671173473004,0
14109,1.1538622955408462,0
14110,1.3286619962090938,0
14111,0.8325291567880323,0
14112,2.4498539019899206,0
14113,1.7563859702003655,0
14114,0.32491080776539893,0
14115,0.28793021227149146,0
14116,1.5560843739765933,0
14117,1.9177899658268318,0
14118,0.6307595390285352,0
14119,1.29658398270925,0
14120,1.1108749871039485,0
14121,1.811580580164097,0
14122,0.4192922513641984,0
14123,0.43102843776463934,0
14124,2.602672590086885,0
14125,2.913020837114895,0
14126,1.3897312139232127,0
14127,2.2289437402729373,0
14128,1.4064085618895097,0
14129,0.6030916983943889,0
14130,1.195647274680725,0
14131,0.5564562802956272,0
14132,1.8322918928852236,0
14133,2.266957216200709,0
14134,0.7201980023489586,0
14135,5.125200717728306,1
14136,2.2828544527789756,0
14137,2.412611903347221,0
14138,1.5443468572645362,0
14139,2.5241870606276566,0
14140,1.4341881972808224,0
14141,1.0676443169081533,0
14142,0.5242476051676188,0
14143,1.703339153167898,0
14144,2.537317188587382,0
14145,0.8999656114944056,0
14146,1.1305289666215816,0
14147,0.3584784855729228,0
14148,1.627402165437849,0
14149,2.540992644475277,0
14150,1.2216302358804279,0
14151,2.275675550660976,0
14152,0.6431084853407423,0
14153,1.0140191718323532,0
14154,0.6566098873728906,0
14155,1.0106786827564629,0
14156,0.8881969228091022,0
14157,0.3587904939764532,0
14158,0.4834073435612244,0
14159,0.4935787565793627,0
14160,1.022305786615204,0
14161,1.7128657141382253,0
14162,1.757953104849109,0
14163,0.8789524821953888,0
14164,0.5645066031024865,0
14165,1.2606516031156232,0
14166,1.3600961747760436,0
14167,0.3032275336244652,0
14168,0.26049997141276177,0
14169,2.014407907427052,0
14170,0.5008169366262402,0
14171,2.340057762885268,0
14172,2.5283526471710442,0
14173,0.8752405613780907,0
14174,2.1065825218866623,0
14175,6.350031828846379,1
14176,0.6491446498731882,0
14177,0.7567517505310485,0
14178,1.3775749903942176,0
14179,4.988395620484774,1
14180,2.1354362093564223,0
14181,1.0014199363639695,0
14182,0.5049960913223646,0
14183,1.4689604894107893,0
14184,1.6737545549250443,0
14185,2.7071271688805894,0
14186,1.904261807222206,0
14187,2.141652674283478,0
14188,0.3897014394464546,0
14189,1.7230174304435228,0
14190,0.8760976356000116,0
14191,1.6777068788963843,0
14192,1.0239255869631994,0
14193,0.5493991749386616,0
14194,7.13468916338626,1
14195,0.275772627704687,0
14196,0.8113151642101388,0
14197,1.4577494021872313,0
14198,2.1580581242117858,0
14199,1.8877653350457755,0
14200,1.6345982601034021,0
14201,3.238844515640299,1
14202,1.2190830174373937,0
14203,0.4547168679295893,0
14204,1.18739099626104,0
14205,0.6085232170289482,0
14206,1.075461298058069,0
14207,1.042371666887513,0
14208,0.3923799147661676,0
14209,1.784627037222013,0
14210,0.8284631556730112,0
14211,1.5868486558898849,0
14212,0.4310636439618298,0
14213,1.489737867651296,0
14214,1.3646454723161852,0
14215,1.1432055918247381,0
14216,1.5837044404932448,0
14217,1.014923995135055,0
14218,0.4045164223090797,0
14219,0.3469222136317733,0
14220,1.0659511839832723,0
14221,0.32390329406382584,0
14222,1.9482276319475853,0
14223,1.5758769450043855,0
14224,2.2292320867122855,0
14225,1.6008853933282987,0
14226,1.1560624459183062,0
14227,0.7249862534350119,0
14228,0.34778986853596394,0
14229,0.397670593062082,0
14230,0.5151251156030111,0
14231,1.7654044875740218,0
14232,1.2586964567022847,0
14233,0.9016366777513783,0
14234,0.9670149227619919,0
14235,0.9883318793718648,0
14236,1.1623893129062433,0
14237,1.6424013426160455,0
14238,2.8588842275601816,0
14239,0.32053572452991674,0
14240,1.0521966235926585,0
14241,2.6998488177750186,0
14242,0.7816218850831091,0
14243,1.2414235096501478,0
14244,2.463327861321708,0
14245,0.7650614618585324,0
14246,1.3849330176293804,0
14247,0.967036529553352,0
14248,3.2504197127546544,1
14249,0.755550615082798,0
14250,4.059761245518604,1
14251,1.1322516080292262,0
14252,0.5850344392872641,0
14253,0.6182063449689134,0
14254,0.6548125855853945,0
14255,0.6291016964561202,0
14256,1.1190886234923423,0
14257,0.5078226119933921,0
14258,0.8103364679747751,0
14259,1.2809984535756402,0
14260,1.2172480496325226,0
14261,1.41944795482634,0
14262,0.9043847689356164,0
14263,1.6980514583248971,0
14264,1.811323717089011,0
14265,0.8574344009309399,0
14266,3.1893090569084728,1
14267,1.082975079799357,0
14268,1.7197725952123828,0
14269,1.4950644707779936,0
14270,0.8284742682775335,0
14271,0.8739756201395762,0
14272,2.328190830267897,0
14273,2.031892752603975,0
14274,2.9056801276533104,0
14275,3.6047410392190695,1
14276,0.32803831084407636,0
14277,1.9837025908405042,0
14278,2.7461135967177404,0
14279,0.861726753911259,0
14280,1.8591918424686704,0
14281,1.0740041556226976,0
14282,0.32561039040972056,0
14283,2.964923958619309,0
14284,0.9092955486007328,0
14285,2.860055413832995,0
14286,1.3671230758706916,0
14287,1.541097740088864,0
14288,1.1865911949306809,0
14289,1.3883086591105724,0
14290,0.3265027179960366,0
14291,1.3948227850952029,0
14292,1.501707631806263,0
14293,0.4067250277242299,0
14294,1.5390814738340717,0
14295,1.6610654771668638,0
14296,6.231190576643647,1
14297,0.9001200489970612,0
14298,0.9785670165300051,0
14299,1.9148890112944355,0
14300,2.759018548466193,0
14301,1.198820711834624,0
14302,2.925866211627557,0
14303,1.8518087796591027,0
14304,0.8995648528242712,0
14305,1.6206079537277571,0
14306,1.37520141033619,0
14307,2.751260677748559,0
14308,5.890249743222768,1
14309,0.7204209854977536,0
14310,0.6144305277427117,0
14311,0.5656982938853038,0
14312,0.942054177544532,0
14313,0.31932148370467855,0
14314,1.1308826885804732,0
14315,1.0189841403880824,0
14316,0.5646942195768807,0
14317,1.8207992188970572,0
14318,0.3827374056077527,0
14319,3.1772262830795506,1
14320,0.4015671958950823,0
14321,0.5447233443702632,0
14322,2.4019182714626988,0
14323,0.6811903105967215,0
14324,0.29564838798538645,0
14325,1.6290004731298082,0
14326,0.6550713692922595,0
14327,0.4045234871064812,0
14328,1.941392878023997,0
14329,0.7679450986696246,0
14330,1.3170707086621474,0
14331,1.586669215471122,0
14332,7.48042982540668,1
14333,1.6778785151304527,0
14334,1.0182244122556952,0
14335,0.9257181729098949,0
14336,0.8814559782680498,0
14337,3.107664833641936,1
14338,1.1563856335095344,0
14339,1.3218184240651274,0
14340,0.44502160958022013,0
14341,0.9868156040725865,0
14342,1.141795294895196,0
14343,3.721945028178573,1
14344,1.4231182878939828,0
14345,1.138868500231178,0
14346,1.7865303944032156,0
14347,1.1279431349348434,0
14348,0.44406131582276587,0
14349,0.4476700827465442,0
14350,0.24825013262373927,0
14351,2.696813528798634,0
14352,1.2039615096739937,0
14353,1.179061893702902,0
14354,0.7610170082865646,0
14355,5.1835062641226894,1
14356,1.02623796691336,0
14357,1.7907422653454188,0
14358,1.2621048408331097,0
14359,0.560440127062907,0
14360,1.713987138374663,0
14361,2.38191052744728,0
14362,0.6536143087648559,0
14363,1.3997409501101747,0
14364,2.661858745925289,0
14365,0.9075900457605326,0
14366,1.0673744630092885,0
14367,1.3743909126794889,0
14368,2.4586674041307974,0
14369,1.2671493871450834,0
14370,3.932371635344817,1
14371,2.7356332323327734,0
14372,0.7408077586623666,0
14373,0.7111045895644099,0
14374,1.8695797449842728,0
14375,1.5179548985326057,0
14376,1.0244234172677322,0
14377,1.5559570600716344,0
14378,1.8946641325042142,0
14379,0.6942965236524616,0
14380,0.8775722552129724,0
14381,2.134579175745123,0
14382,1.1396522018531525,0
14383,3.0282987159857466,0
14384,3.2940412117303874,1
14385,0.8948503307071173,0
14386,0.8703981148264676,0
14387,0.21887526406610117,0
14388,0.5485519257183801,0
14389,1.0524100870107331,0
14390,0.8703005742386235,0
14391,1.7533382260343362,0
14392,1.8626513163154346,0
14393,1.0068880517766277,0
14394,1.039538892500992,0
14395,1.1188775250417708,0
14396,1.7706718458874953,0
14397,1.7011694532497281,0
14398,1.958581336280503,0
14399,2.1207718856535296,0
14400,0.7028555953717883,0
14401,2.409260632229755,0
14402,0.32518373154979757,0
14403,3.860114451541035,1
14404,1.250411959633151,0
14405,2.233477653908777,0
14406,0.516469447006275,0
14407,0.6057737351436876,0
14408,0.35460390024982985,0
14409,0.4188211186235463,0
14410,1.7757232054002552,0
14411,1.4362994208437585,0
14412,1.1123778818240087,0
14413,0.39252866296774885,0
14414,1.638483059010471,0
14415,0.4639786122011954,0
14416,1.5729336164469048,0
14417,1.588696267429816,0
14418,1.8371624170292973,0
14419,2.744480198638892,0
14420,0.32570522197994944,0
14421,0.5737548263841139,0
14422,1.293993475881468,0
14423,2.868609943730838,0
14424,2.0927222690019045,0
14425,3.498316267605806,1
14426,1.3133939501628604,0
14427,0.2828719660681885,0
14428,1.243616135219439,0
14429,0.9020178221914683,0
14430,0.6249892441880064,0
14431,0.48483529627154714,0
14432,1.3234160283772274,0
14433,0.4882553368327762,0
14434,0.6748351239828316,0
14435,1.3803883947558049,0
14436,0.38910866807255595,0
14437,0.38808026092264236,0
14438,1.0615446059866238,0
14439,2.926938536932266,0
14440,1.607499932415611,0
14441,2.1048511638819907,0
14442,0.5115726346896431,0
14443,0.5246594828284712,0
14444,2.2118227247336875,0
14445,0.6539247885041508,0
14446,2.24662745686887,0
14447,0.3178697319783973,0
14448,3.4089183917233306,1
14449,0.7769074423416804,0
14450,1.4095237711233752,0
14451,0.663040390831472,0
14452,0.7989528910148433,0
14453,2.471786133513795,0
14454,2.319733762372869,0
14455,0.3857977375572642,0
14456,1.8916075138705601,0
14457,1.2931209771310843,0
14458,1.5936272977961226,0
14459,0.7273533818508191,0
14460,0.5393125643348605,0
14461,0.34387517497500564,0
14462,0.31477545929499734,0
14463,1.501189440273322,0
14464,1.5762865079361341,0
14465,1.5513385412536251,0
14466,1.064131831401645,0
14467,2.0727108457486154,0
14468,1.2943525203975277,0
14469,0.6888062275655159,0
14470,2.5958901379779222,0
14471,0.9627333443282133,0
14472,0.625772788476443,0
14473,0.7619804603316691,0
14474,1.4780282049261686,0
14475,0.39827410820472703,0
14476,0.7521659134021111,0
14477,0.5364075066716419,0
14478,0.8895046574300741,0
14479,0.5303383587167657,0
14480,0.707949497276686,0
14481,1.2397082267062463,0
14482,0.3534062855838846,0
14483,1.179298365056414,0
14484,1.0600682989163555,0
14485,0.8589468120410146,0
14486,0.6233752750644952,0
14487,0.8214682940739846,0
14488,1.2254245605056426,0
14489,1.7415897051898486,0
14490,0.8283036749945828,0
14491,0.5777856742275753,0
14492,2.277511377554772,0
14493,0.4051655052199069,0
14494,0.9812449171735289,0
14495,1.321382072996676,0
14496,0.38912887412777847,0
14497,1.2444093462340127,0
14498,4.610337227908771,1
14499,1.330496410079102,0
14500,2.8459905639659997,0
14501,0.9639031310763987,0
14502,3.6585995121334913,1
14503,0.4078217142490864,0
14504,0.457926725758995,0
14505,1.7384443359704889,0
14506,0.2674594642552058,0
14507,2.257434010762055,0
14508,0.8318152622353998,0
14509,1.4483580923152468,0
14510,1.6793709485895691,0
14511,16.4800627977689,1
14512,2.5488665349157666,0
14513,12.379597501439113,1
14514,0.35955667677839026,0
14515,2.3381783290249847,0
14516,0.439680644987592,0
14517,0.46341892524228495,0
14518,2.2106831292693605,0
14519,1.2013166883229132,0
14520,1.6434288449401593,0
14521,1.5357475496984052,0
14522,0.9135951451127581,0
14523,0.7519628949236222,0
14524,6.926531136491868,1
14525,0.9752201392836294,0
14526,1.1954830754194201,0
14527,2.305185097579538,0
14528,0.8468329359920281,0
14529,3.89972479608257,1
14530,0.9049565956986944,0
14531,0.29087022626157816,0
14532,0.9233069308257994,0
14533,1.1690002767002603,0
14534,1.6655051327966526,0
14535,0.8712377703063853,0
14536,2.063641931814176,0
14537,0.5032321293462009,0
14538,0.6591491112762907,0
14539,1.3737124719119318,0
14540,0.8409462768704911,0
14541,1.5265041574035527,0
14542,1.7574610635322705,0
14543,0.6635710462408481,0
14544,0.6910783570159309,0
14545,0.32200690911823576,0
14546,1.9574527369938661,0
14547,1.3881895076848676,0
14548,2.9116319889805706,0
14549,0.19807444678251876,0
14550,0.6085066440900628,0
14551,1.8528751823187417,0
14552,0.8810702361912426,0
14553,15.226611885712677,1
14554,0.6123457579400979,0
14555,0.5347987707183716,0
14556,0.7459252656741838,0
14557,2.8172604045777003,0
14558,0.43947013592147427,0
14559,0.593101439048006,0
14560,1.6172947011870817,0
14561,1.2355557865616338,0
14562,2.0302221995739487,0
14563,0.9185998324943901,0
14564,4.758504123921846,1
14565,1.5795413362366304,0
14566,3.2685412026631098,1
14567,1.2002960704927021,0
14568,1.6059295746683,0
14569,1.4058555328959228,0
14570,2.5479150766645264,0
14571,1.7307723513064392,0
14572,1.10009769590909,0
14573,0.9009784956620563,0
14574,1.0366073452067772,0
14575,2.7558762932968484,0
14576,1.4354533535867722,0
14577,0.8881274381351645,0
14578,0.6280669857824404,0
14579,0.4397501533919679,0
14580,0.4654564887927521,0
14581,1.3189179842804502,0
14582,2.451070268733898,0
14583,1.9687944255080665,0
14584,1.3290870567179383,0
14585,0.2177905040091522,0
14586,2.1250054483406977,0
14587,2.200094045543965,0
14588,4.413858563206366,1
14589,0.9485134825518998,0
14590,0.4601892278934336,0
14591,1.2592442400595598,0
14592,0.2751163366160005,0
14593,1.4124827215440527,0
14594,1.3693882311287378,0
14595,1.8515877697669993,0
14596,0.8908262938996888,0
14597,0.4534328616606716,0
14598,1.179695506471151,0
14599,0.744811342801263,0
14600,0.765966844173927,0
14601,1.6196002448279947,0
14602,0.36426744927256893,0
14603,1.101031866328062,0
14604,1.6079648729548863,0
14605,0.28165807910745805,0
14606,2.0767220556887414,0
14607,1.0317733127063244,0
14608,2.9331498703420023,0
14609,0.3039927781351352,0
14610,1.2474521167352164,0
14611,0.7058991004305123,0
14612,0.4006965391542884,0
14613,0.6750704016529593,0
14614,2.4371047934896053,0
14615,3.925707801008362,1
14616,0.22825131849508945,0
14617,2.9567294755134172,0
14618,1.2289221639381998,0
14619,1.1877517637296198,0
14620,2.2011762215854445,0
14621,2.646076751972831,0
14622,0.545123525216692,0
14623,0.6127148203672166,0
14624,0.9762408766949203,0
14625,1.7388465694836481,0
14626,0.48466761248904416,0
14627,1.7846654027532554,0
14628,0.38604564584252093,0
14629,1.7669683302527484,0
14630,0.9121770023736434,0
14631,2.9179350495658474,0
14632,0.35818437334701597,0
14633,1.9074642152247383,0
14634,0.8758986656333876,0
14635,0.6150365500651833,0
14636,1.865435324359541,0
14637,2.406959123158925,0
14638,1.2897251182120002,0
14639,0.9399038767651092,0
14640,0.3125113243055605,0
14641,1.0172510506667487,0
14642,0.8033468158096807,0
14643,1.2196791044720077,0
14644,0.8916574753423603,0
14645,1.035645062064819,0
14646,0.6002345371140887,0
14647,0.3588108463438994,0
14648,1.8206980783391784,0
14649,1.3584706350401907,0
14650,1.679982921308785,0
14651,0.7495920245930249,0
14652,0.5843035185713358,0
14653,3.740942906235707,1
14654,0.8099682411942087,0
14655,1.3099125541721164,0
14656,0.22828312449263452,0
14657,0.6329224893256499,0
14658,0.38163006584897413,0
14659,0.37254996671514895,0
14660,0.15944534015216083,0
14661,0.48004747688113364,0
14662,2.544721585185368,0
14663,0.6164575141764886,0
14664,0.1512643339609373,0
14665,0.46750825169246907,0
14666,2.8181352649127973,0
14667,0.7384759574578759,0
14668,1.0664991936313177,0
14669,0.6603724438283692,0
14670,2.5971869137843373,0
14671,0.24121749094952247,0
14672,1.1555433432321605,0
14673,1.3386982225949593,0
14674,0.1884352362677123,0
14675,0.9149695889817624,0
14676,0.5128059647148705,0
14677,0.839292648983939,0
14678,0.8157871861644519,0
14679,0.8481692523024542,0
14680,0.8246861909442379,0
14681,1.5704764017377617,0
14682,1.185409656132476,0
14683,1.3242463943233607,0
14684,0.23508309436486355,0
14685,0.5858960716412509,0
14686,0.45396482479512773,0
14687,0.7693651443798145,0
14688,3.464374526616311,1
14689,0.29594064898375677,0
14690,0.40083764667508703,0
14691,0.6278995543178119,0
14692,1.762226691018814,0
14693,0.4300165626373901,0
14694,1.4544660656657247,0
14695,1.713787258253877,0
14696,1.7352013989823298,0
14697,2.642355416231104,0
14698,2.0588120812719652,0
14699,0.6930405656405472,0
14700,1.8078264627775305,0
14701,3.3507521110290517,1
14702,0.8442711391282054,0
14703,0.5388709445919062,0
14704,1.5805303491253928,0
14705,0.9506262680165529,0
14706,0.714279100084933,0
14707,0.8863991818208388,0
14708,1.1401600331992734,0
14709,3.903855630487122,1
14710,0.3688530415929885,0
14711,1.3214137003695907,0
14712,3.387246893107076,1
14713,1.7349028788695258,0
14714,0.34160601396530677,0
14715,0.5482408767588106,0
14716,0.47043882773840023,0
14717,1.447285110390506,0
14718,2.1625425243495804,0
14719,2.70187901470451,0
14720,1.8384757565003187,0
14721,3.640489213615849,1
14722,0.6578135278602918,0
14723,1.6373371763328852,0
14724,0.5166609370834793,0
14725,0.46015418622226834,0
14726,1.9363686601692132,0
14727,0.6692433228604836,0
14728,1.841091634690054,0
14729,1.1417925101624655,0
14730,0.3646752135353141,0
14731,0.4802560701390562,0
14732,1.8471108508498923,0
14733,0.45298812094011764,0
14734,0.2853357621325773,0
14735,3.1177986471382133,1
14736,0.4350811581899911,0
14737,1.8581316245709099,0
14738,7.783622708752099,1
14739,0.7099913585138053,0
14740,1.4933547565339296,0
14741,1.2751133471800071,0
14742,0.8630871482130221,0
14743,4.619915400909266,1
14744,0.7169882092935249,0
14745,1.1855884832922259,0
14746,1.275082097225183,0
14747,0.26048559711117697,0
14748,0.9296336813944762,0
14749,2.273695257315762,0
14750,1.404292589131142,0
14751,1.7305935227359228,0
14752,1.8407854244612352,0
14753,1.2486834024918605,0
14754,0.8321939662415362,0
14755,2.853132436344302,0
14756,0.9394596968300436,0
14757,1.124265089338734,0
14758,7.045809883962662,1
14759,0.812695453543227,0
14760,1.752595294706419,0
14761,0.890814318935384,0
14762,0.6655302588011461,0
14763,2.069545325821483,0
14764,0.310608508514447,0
14765,1.7208626677937984,0
14766,0.25377945312992634,0
14767,0.753352074334344,0
14768,4.4853002170737595,1
14769,0.6260824252135616,0
14770,1.6465120536023439,0
14771,0.9113327110166175,0
14772,0.30547485407963676,0
14773,3.0898995800223275,1
14774,0.7201527926762349,0
14775,2.623389179852455,0
14776,0.8626707335796017,0
14777,0.5429299584395078,0
14778,1.423328095364196,0
14779,0.9285117202676545,0
14780,1.3499489263625448,0
14781,0.3901029797086277,0
14782,0.6029450301714654,0
14783,1.4804741317000691,0
14784,2.3873381965956924,0
14785,0.6707467594741667,0
14786,0.20838253576378837,0
14787,5.238330751124199,1
14788,2.16899580887345,0
14789,1.6021431394772112,0
14790,0.3811935911323563,0
14791,2.079097000993054,0
14792,1.157585484837058,0
14793,2.5608158121210227,0
14794,0.9493568296017989,0
14795,1.1908454466563474,0
14796,0.7883408535810008,0
14797,1.513498215681614,0
14798,1.5569629701592498,0
14799,1.3838581832412524,0
14800,1.3347609108057823,0
14801,1.5608228585060429,0
14802,1.135359400144892,0
14803,0.9624008727579677,0
14804,1.195371291571514,0
14805,0.6202893373967772,0
14806,3.1982593674892934,1
14807,1.0085416075665026,0
14808,0.3919172012799522,0
14809,2.0421774223484954,0
14810,1.9761361955998236,0
14811,1.6572620798075037,0
14812,0.4570353262980774,0
14813,1.6592303655900762,0
14814,0.393970107985658,0
14815,1.3365343672468073,0
14816,1.8932527045968108,0
14817,0.9530235525129115,0
14818,0.9827360410916637,0
14819,2.1568296777722753,0
14820,1.0417666064064066,0
14821,1.5284349117458405,0
14822,1.0180792909492242,0
14823,0.5971419135284276,0
14824,0.8359904476519261,0
14825,0.8316216851489233,0
14826,0.6349222879748154,0
14827,1.684979399972153,0
14828,1.2109136449287552,0
14829,0.3121010393391772,0
14830,1.763412423015771,0
14831,1.2624714189456987,0
14832,1.6158575730414677,0
14833,2.114717837227882,0
14834,1.3838937314276316,0
14835,0.6492500266544216,0
14836,0.5179873921876891,0
14837,1.8696735255648156,0
14838,0.3446719873076616,0
14839,1.1086788061419015,0
14840,1.807725058675233,0
14841,1.954745270808462,0
14842,1.9257873513250188,0
14843,0.22810526352627075,0
14844,4.022400287698242,1
14845,0.646205870723239,0
14846,0.4222551390932588,0
14847,4.16172268766858,1
14848,0.42245966138847185,0
14849,0.7248722721328505,0
14850,0.9160591631889153,0
14851,0.5012672027853167,0
14852,1.444671548109345,0
14853,1.003788231044087,0
14854,1.298825356126548,0
14855,1.9362489608937337,0
14856,0.29379894119924105,0
14857,2.5227625106802374,0
14858,1.9404064112789443,0
14859,1.2856291417814176,0
14860,1.714110264539934,0
14861,1.7643022871071645,0
14862,0.5133927339477679,0
14863,0.9001922144332838,0
14864,0.226405830517745,0
14865,0.2670487978291723,0
14866,1.7516280241933049,0
14867,1.5815741102222396,0
14868,0.563793942379494,0
14869,0.4210639743926739,0
14870,4.142556603349268,1
14871,1.5589831872107676,0
14872,0.7774137123012391,0
14873,1.3920150871240515,0
14874,1.6879999249538677,0
14875,0.16786629543620188,0
14876,0.5056144975499923,0
14877,3.1220909086399162,1
14878,0.35382578860196345,0
14879,0.5034195733942297,0
14880,1.6613285336381578,0
14881,1.5029633182670266,0
14882,2.4576291873842897,0
14883,1.0683239088660412,0
14884,1.1181607257847486,0
14885,0.9130173462607455,0
14886,1.2948654660165364,0
14887,1.4510544641515724,0
14888,1.9584741890733355,0
14889,0.5983814732538172,0
14890,1.3516578978664837,0
14891,2.3480405249487952,0
14892,0.7017597469976806,0
14893,0.56981458727074,0
14894,0.36791211282335656,0
14895,0.8475234906031137,0
14896,0.2569196361097229,0
14897,1.2982369730147214,0
14898,0.3520445918146077,0
14899,1.2420493215302615,0
14900,1.474839006819885,0
14901,0.33451269027473995,0
14902,1.1476009868592747,0
14903,1.29911495774802,0
14904,1.0609253236311589,0
14905,2.5406460101887363,0
14906,0.3623213679656996,0
14907,0.8216817543330512,0
14908,1.6443175023370713,0
14909,0.34070133036674605,0
14910,0.633219534622526,0
14911,2.468705921424646,0
14912,2.1518595632250457,0
14913,2.268732815888153,0
14914,0.7731233333178739,0
14915,3.5297542161275954,1
14916,1.3130090052988237,0
14917,0.345413873202339,0
14918,0.6039510166039407,0
14919,4.0928685683795445,1
14920,1.0167409942608758,0
14921,0.6953634123868117,0
14922,0.8012346677658042,0
14923,0.9867429085337669,0
14924,1.0362776761045325,0
14925,0.8589176245433134,0
14926,2.2867565128953724,0
14927,1.5424436311963396,0
14928,2.384776132359708,0
14929,0.6165736072289442,0
14930,1.4575441183760525,0
14931,0.3752901713479391,0
14932,0.9720095282457274,0
14933,1.1092434211620557,0
14934,0.6131220694557721,0
14935,1.7874607686872304,0
14936,0.4153561959485629,0
14937,1.0599060633308601,0
14938,0.9949779676444248,0
14939,1.4892754820226628,0
14940,0.35053451964097476,0
14941,0.9766447887093631,0
14942,0.7343612462546101,0
14943,0.5463287946214187,0
14944,1.2095514160802068,0
14945,0.9028509067127832,0
14946,0.38514113181830073,0
14947,0.3492609343047613,0
14948,2.3350699741629017,0
14949,0.6953481449386256,0
14950,1.3489044177238176,0
14951,1.655231171433866,0
14952,0.70327793906418,0
14953,0.44291538513165013,0
14954,1.139593145799212,0
14955,0.27169810915423526,0
14956,0.11785115729800383,0
14957,0.4806746859623544,0
14958,1.2598401537582053,0
14959,0.23346236450015828,0
14960,0.788931962225705,0
14961,1.5394434453090466,0
14962,0.6018779416019242,0
14963,0.46590634700933636,0
14964,0.4635597661975035,0
14965,0.9939755227683232,0
14966,0.4072725987956371,0
14967,0.2334324991704003,0
14968,1.5215504113494986,0
14969,0.561122939344708,0
14970,1.5736559915464248,0
14971,1.0544872343590344,0
14972,2.2273475516761416,0
14973,2.8098961227251755,0
14974,1.6740227725517642,0
14975,1.3862541303990072,0
14976,0.9994511940376414,0
14977,0.7224052331675873,0
14978,1.0817701028818398,0
14979,1.2295740162525057,0
14980,1.1228607789793095,0
14981,0.37782661041234683,0
14982,1.438903683166717,0
14983,1.6143187628386833,0
14984,1.0822871991531866,0
14985,0.8855402381955705,0
14986,0.5763996697271365,0
14987,2.248712338328056,0
14988,1.1554451263646588,0
14989,0.5213291271282106,0
14990,5.7146790492782715,1
14991,1.2800707530781361,0
14992,1.844626556152894,0
14993,4.303514632883595,1
14994,1.5019328358317543,0
14995,1.1401091409561532,0
14996,0.7391883462181181,0
14997,1.4467975472397137,0
14998,0.46521706780850397,0
14999,0.280732340170367,0
15000,1.1796161388622801,0
15001,0.9033153829320034,0
15002,0.356591421339524,0
15003,0.6778800285833152,0
15004,0.6685639552758739,0
15005,0.8880965539199092,0
15006,0.29025289544144167,0
15007,2.930361549100223,0
15008,1.1713611606257273,0
15009,0.967849580161316,0
15010,1.8859640133327402,0
15011,0.8266559352293545,0
15012,1.023525547161087,0
15013,1.6328095914397929,0
15014,1.911930176796774,0
15015,0.6164272053906229,0
15016,1.3063342742569084,0
15017,0.9271298465872118,0
15018,1.5950566178992724,0
15019,0.7046015280341914,0
15020,1.6856350990073032,0
15021,0.6485772832737733,0
15022,0.22283741917960764,0
15023,0.4898606416404505,0
15024,0.6742835569262355,0
15025,0.5541220518417218,0
15026,1.7949672520231663,0
15027,0.9896118918740205,0
15028,2.485193697025857,0
15029,0.8373557772921154,0
15030,4.321819728163927,1
15031,0.5008303419874253,0
15032,1.6777247463395502,0
15033,1.2904506307551438,0
15034,1.2438404852625697,0
15035,0.26224532488723945,0
15036,0.8250789444223113,0
15037,2.081274212600813,0
15038,0.5116787063528888,0
15039,1.6156532301492412,0
15040,2.6561944775543522,0
15041,0.5766854695815159,0
15042,2.0784796534024284,0
15043,1.8824314470460497,0
15044,1.2063606394210542,0
15045,0.8976571211563553,0
15046,0.45634244255994966,0
15047,0.2846756090252863,0
15048,2.2103845540767972,0
15049,1.4154214608711357,0
15050,0.9228504913948363,0
15051,1.8862881579740474,0
15052,4.75032392398097,1
15053,0.21645188287206407,0
15054,1.1793847668635136,0
15055,1.4868802670306025,0
15056,1.4236436703757722,0
15057,0.30820616680707147,0
15058,2.5753174496969007,0
15059,0.5502265575893898,0
15060,1.648633181352388,0
15061,0.2604334997904682,0
15062,1.1201240989668315,0
15063,1.0719971167784867,0
15064,3.4750457896040836,1
15065,3.5271743734152348,1
15066,1.7023356247272148,0
15067,0.9286666646512383,0
15068,6.533267049167825,1
15069,2.132315084547022,0
15070,0.2785781753097685,0
15071,1.3886878136826624,0
15072,1.9125874893362882,0
15073,0.7667640843702078,0
15074,0.3732703195636302,0
15075,1.3137497819624775,0
15076,1.5065653430768822,0
15077,2.1736998119733473,0
15078,2.301729597803997,0
15079,0.4540585024719539,0
15080,9.09462353807366,1
15081,1.0729595473166307,0
15082,0.6274533958402309,0
15083,1.486955167627613,0
15084,1.2864010626045352,0
15085,1.1729004662638922,0
15086,2.317825942104055,0
15087,0.6993328519005009,0
15088,1.5542954862886313,0
15089,0.8430988901738186,0
15090,0.3310449526089695,0
15091,1.2745308731529292,0
15092,2.211309645949515,0
15093,1.3416871123226781,0
15094,2.4774200716158865,0
15095,1.8671150741895053,0
15096,0.31492194574639415,0
15097,1.5725202785246235,0
15098,0.2402448094875956,0
15099,1.0842282981372273,0
15100,1.5703435266782129,0
15101,0.5496978294599443,0
15102,1.1986700745266718,0
15103,1.2830819179431043,0
15104,7.128040376905987,1
15105,1.8534790367197107,0
15106,0.7059609262877691,0
15107,1.5620295542354055,0
15108,1.071500118170554,0
15109,2.1872835141927935,0
15110,1.2480799958519753,0
15111,0.9403329907617708,0
15112,0.7504932997499353,0
15113,1.566684317377079,0
15114,0.4529133429457119,0
15115,0.43872421775201287,0
15116,1.327429904814584,0
15117,1.5016165688369043,0
15118,2.042393276727963,0
15119,1.6007267590758831,0
15120,2.5547121230578913,0
15121,0.37831486102738215,0
15122,0.47360824477358826,0
15123,0.5089012680081643,0
15124,1.4644604869118356,0
15125,4.038547218413199,1
15126,2.4812377859546815,0
15127,0.6688861058604432,0
15128,1.2601593022292217,0
15129,5.580532526001609,1
15130,0.7415489604550074,0
15131,1.3989556500497595,0
15132,2.2234054544227178,0
15133,4.270120413087995,1
15134,0.42964521301529374,0
15135,2.229306232131623,0
15136,2.0773464195345497,0
15137,1.7903026783423137,0
15138,2.3725404306399422,0
15139,2.7403969629153773,0
15140,2.539420294871296,0
15141,2.884684549601999,0
15142,0.4453974243121702,0
15143,1.5989270842746364,0
15144,0.4832356112822334,0
15145,0.7440185730212164,0
15146,1.1356823709387114,0
15147,1.473939694665322,0
15148,0.6252634629242956,0
15149,1.6249477048690468,0
15150,1.4200979138739955,0
15151,1.6998666871693875,0
15152,0.5835891905659845,0
15153,1.7060290931658004,0
15154,1.7806151508345325,0
15155,1.7052327656419728,0
15156,0.2668919675223173,0
15157,0.35969067711012087,0
15158,0.9742168110101426,0
15159,1.1146727569098176,0
15160,0.8586082705739175,0
15161,0.1727399485423561,0
15162,1.9184268734217724,0
15163,1.1848782385110004,0
15164,0.35562011364547236,0
15165,1.6301887865202966,0
15166,1.072330907611491,0
15167,0.3913334982195059,0
15168,0.39735073965601975,0
15169,0.6943841605816345,0
15170,2.0350866478798246,0
15171,0.4656413670638678,0
15172,0.42569187229171895,0
15173,1.4536276734321585,0
15174,0.18912226090629053,0
15175,0.9548622864114833,0
15176,0.29285404044104274,0
15177,0.5727964106575765,0
15178,1.008330994288545,0
15179,1.5518253464017995,0
15180,0.5045451143378563,0
15181,0.4901598443831923,0
15182,0.2716466370598589,0
15183,0.41724001385646653,0
15184,0.4200712741825005,0
15185,0.7756800578919483,0
15186,1.1756468754662237,0
15187,2.026512779216633,0
15188,1.5852361858415132,0
15189,0.8118477893658229,0
15190,1.9269602273567976,0
15191,0.8074043238877987,0
15192,0.5413214910227304,0
15193,0.9013926714240422,0
15194,1.9315230475933893,0
15195,0.2376695508119733,0
15196,0.488703577076042,0
15197,0.9980327104517305,0
15198,0.7948291358517393,0
15199,1.4615656093520688,0
15200,1.7165094888071466,0
15201,1.192889054193929,0
15202,3.5536808509444584,1
15203,0.21366537441224315,0
15204,1.1534451284318437,0
15205,1.1644428753357476,0
15206,2.03931585724727,0
15207,1.44382567272279,0
15208,1.3210891055680745,0
15209,1.4715755047740786,0
15210,0.588902300610692,0
15211,0.732669328418735,0
15212,0.3892219951809392,0
15213,1.582645165825734,0
15214,1.1191977346395496,0
15215,0.9246169377946111,0
15216,1.2402875142932381,0
15217,0.5147803222106032,0
15218,1.6681210096984544,0
15219,2.1055676350086943,0
15220,1.1149870418582823,0
15221,0.8868811992825475,0
15222,0.530172237211825,0
15223,2.168919213731224,0
15224,0.35384834294350825,0
15225,1.4563531678864938,0
15226,3.5815183885420643,1
15227,0.7600795667274033,0
15228,1.1429193022106185,0
15229,1.3140529933912428,0
15230,1.0364528717139523,0
15231,1.125762818434339,0
15232,0.39896607055288524,0
15233,1.4083399690124838,0
15234,1.4009436119288865,0
15235,0.4417566427904312,0
15236,0.8423080335433224,0
15237,0.913100391781618,0
15238,0.7801324714531136,0
15239,1.5015489634943697,0
15240,0.3521858041571858,0
15241,0.4077654103148786,0
15242,0.3409754692214286,0
15243,0.7067034314890533,0
15244,1.2919876182085968,0
15245,0.5123360787375562,0
15246,0.9285366300723952,0
15247,0.9496926837996925,0
15248,1.961914792821596,0
15249,1.8485115804163545,0
15250,0.8007988081552007,0
15251,1.1299429670676568,0
15252,0.3112281446546721,0
15253,1.0038902101342315,0
15254,0.8416306648956249,0
15255,1.1704691037745045,0
15256,2.4523144349958512,0
15257,1.2172313470968377,0
15258,0.21073587798438903,0
15259,0.43490417915416063,0
15260,1.1685079293287008,0
15261,1.5809894295659583,0
15262,0.8809945723816104,0
15263,0.4273043071935588,0
15264,1.024571270089465,0
15265,1.8516328116803804,0
15266,1.0697489946389582,0
15267,0.8198846025041154,0
15268,0.5013856372324781,0
15269,1.3968592661309853,0
15270,0.2635473144848556,0
15271,1.6950552641367118,0
15272,1.8227102675608906,0
15273,0.8262040933053705,0
15274,0.8635500958227599,0
15275,0.8762578946264746,0
15276,0.4933786213667882,0
15277,0.5711364689389067,0
15278,1.0027001808215947,0
15279,0.9362583517749151,0
15280,0.512534260372083,0
15281,1.2169995039072492,0
15282,0.5839591049258023,0
15283,1.1600957070575817,0
15284,2.3273306183682,0
15285,0.2583526063512464,0
15286,1.7451776470202536,0
15287,2.2942006666695542,0
15288,1.2938884227095038,0
15289,1.7102008437177765,0
15290,0.543369427254132,0
15291,0.2659376834664224,0
15292,0.36634038207662645,0
15293,0.973709470599387,0
15294,0.8923426515915337,0
15295,1.9452968445644638,0
15296,1.7755168566460753,0
15297,1.086156475439235,0
15298,1.5734425539387682,0
15299,0.8704134113910666,0
15300,2.2130563517614608,0
15301,0.8902545320859064,0
15302,0.2935151162873975,0
15303,0.6104087665580253,0
15304,1.0008390612918214,0
15305,1.3449022302272455,0
15306,2.1822511324686884,0
15307,1.7221939254007121,0
15308,1.1780495088740595,0
15309,2.0437211046102766,0
15310,1.5635251493043507,0
15311,1.2229033100966347,0
15312,2.0688702261760175,0
15313,0.41232493325180947,0
15314,0.5606591383697267,0
15315,3.853388092348069,1
15316,2.4610084450904157,0
15317,0.915066538412507,0
15318,0.4630799389307691,0
15319,2.056234971646372,0
15320,0.44107528303387755,0
15321,2.0501675105839587,0
15322,0.8487894421640234,0
15323,1.4063600200540975,0
15324,0.8573226356837806,0
15325,0.5378887081909252,0
15326,3.013059880283761,0
15327,0.5806878799764962,0
15328,0.5141510819879929,0
15329,0.6890053635610315,0
15330,2.3504233258538303,0
15331,1.3901345667957907,0
15332,1.3799094113571264,0
15333,0.7815641736334612,0
15334,0.907171495521211,0
15335,1.5656968435301377,0
15336,0.32075271754053464,0
15337,3.688118981730972,1
15338,2.387571887728777,0
15339,1.4634288124107726,0
15340,1.5784701503878817,0
15341,0.5900192238571811,0
15342,1.376867977339424,0
15343,1.1264420495832566,0
15344,1.3206232523721348,0
15345,2.171044263265345,0
15346,0.37957747932754554,0
15347,0.585176814036079,0
15348,0.8349504509391419,0
15349,2.1536786418842424,0
15350,1.9217657078888977,0
15351,1.684269493907699,0
15352,0.34774218279064756,0
15353,3.789568648096808,1
15354,0.9953491659327967,0
15355,2.8336506478354173,0
15356,5.195991488316733,1
15357,1.4191064892731036,0
15358,0.7151805637209787,0
15359,1.0056054115251034,0
15360,1.0594048493972026,0
15361,3.7004937226701045,1
15362,0.9874387109244931,0
15363,0.6163114761249158,0
15364,1.1787159307287898,0
15365,1.5292285006021344,0
15366,0.5243162684327026,0
15367,2.0151821778427155,0
15368,2.0038537481548984,0
15369,1.5416731842155615,0
15370,2.7710111310800367,0
15371,2.029321153368262,0
15372,2.6898211723699115,0
15373,0.4995029961295091,0
15374,1.143889822059686,0
15375,1.6997182113268614,0
15376,0.6265447034717617,0
15377,0.6481439032894173,0
15378,1.148096068186507,0
15379,1.2232252874068907,0
15380,0.6543531941737917,0
15381,0.45051074758757176,0
15382,3.0434366396449395,0
15383,1.398073955564726,0
15384,0.5264977105510139,0
15385,1.4748513631816105,0
15386,0.37304692992537897,0
15387,1.5128512616432617,0
15388,0.7823012710850592,0
15389,1.1328334073494608,0
15390,0.8736780585411325,0
15391,0.8250322786232338,0
15392,0.5076083280459625,0
15393,1.3333080981590486,0
15394,1.9212344111267718,0
15395,0.9796212354244663,0
15396,0.5736350622244787,0
15397,1.6877448213375175,0
15398,0.7803251234069707,0
15399,0.44739880494067735,0
15400,1.7860410518870606,0
15401,1.2794287826220379,0
15402,1.7481395143971172,0
15403,0.7555819855174045,0
15404,1.2526961497181779,0
15405,1.4801282590447822,0
15406,1.2056015615149005,0
15407,1.4233589323901128,0
15408,1.790018601633598,0
15409,1.6194429364346072,0
15410,0.3592791571523261,0
15411,1.548659197044482,0
15412,5.628024037496302,1
15413,0.7812057539402241,0
15414,1.1498818456709168,0
15415,1.5708706589802246,0
15416,2.964141777068812,0
15417,3.765081184667208,1
15418,0.8025229194162206,0
15419,1.4328418293061211,0
15420,1.8775012318533717,0
15421,2.0430543712164093,0
15422,2.289329224706597,0
15423,0.47024108684677923,0
15424,3.2583154920761452,1
15425,1.2595793137582045,0
15426,1.3411202296532838,0
15427,2.086047344811471,0
15428,0.4991336293673044,0
15429,1.483928425750878,0
15430,1.1166030429395735,0
15431,0.7327419836451817,0
15432,0.22107700839163466,0
15433,0.8934927208344554,0
15434,2.05284415745976,0
15435,0.37768252557591386,0
15436,1.878912394741146,0
15437,0.9049078154444713,0
15438,0.7612687311221962,0
15439,1.6606522405091637,0
15440,2.1354571037472443,0
15441,0.9526225527483757,0
15442,1.1316405227112483,0
15443,1.47157284287754,0
15444,1.2761546960591752,0
15445,1.4008569612523532,0
15446,0.8005013046576298,0
15447,0.8773640739708927,0
15448,0.49488570903031576,0
15449,1.9978293348779108,0
15450,2.0967051312158658,0
15451,2.2158389471926743,0
15452,1.445325913927366,0
15453,1.2374136665715583,0
15454,1.6131884184459773,0
15455,0.423277735865282,0
15456,3.6369490779872904,1
15457,0.9788957294888264,0
15458,0.3766207459241691,0
15459,1.3980130993102244,0
15460,0.6500486643570024,0
15461,1.8310088344728137,0
15462,0.5323229350710851,0
15463,1.421451311502885,0
15464,1.3116461101998675,0
15465,3.2728509355976096,1
15466,1.5528759087255297,0
15467,0.8375635651232738,0
15468,0.4190934987630512,0
15469,1.7830206403595878,0
15470,1.0864971309595068,0
15471,0.8540960140798032,0
15472,3.5519651293151475,1
15473,1.255851803470114,0
15474,0.699427531743546,0
15475,2.431850181145882,0
15476,2.0276531853401183,0
15477,1.5571313802423004,0
15478,2.1842751738494863,0
15479,0.9423239764576701,0
15480,1.61716372328829,0
15481,0.8864646784595981,0
15482,1.097558128982819,0
15483,1.2977760543146881,0
15484,0.5012438918711436,0
15485,0.7958067203516442,0
15486,1.4944026662921586,0
15487,0.3978490887625021,0
15488,0.8292689081624213,0
15489,2.3900023313161,0
15490,1.8642475876943854,0
15491,0.7429639224590813,0
15492,0.7248841515622335,0
15493,1.8394925504182489,0
15494,0.24154875944791096,0
15495,1.0855602954205037,0
15496,1.0972964896067126,0
15497,1.0005230981162965,0
15498,1.382182082688382,0
15499,0.838851920571908,0
15500,1.341156714061623,0
15501,2.1080046099375425,0
15502,1.5601935118959274,0
15503,1.1860507425870133,0
15504,1.1220353228309368,0
15505,1.6048809929817032,0
15506,0.9061926426654572,0
15507,0.8197601543905897,0
15508,0.6312456604917773,0
15509,1.3554347319608433,0
15510,0.8016792477733693,0
15511,0.3851401603529629,0
15512,0.5648852887077385,0
15513,0.8281620784551311,0
15514,3.2146969313294673,1
15515,0.6969187143579233,0
15516,0.22480430883701363,0
15517,2.341527528007029,0
15518,1.0110234446743305,0
15519,1.4308119881676993,0
15520,3.0988565349816835,1
15521,2.5394344956263626,0
15522,1.2311889764942407,0
15523,1.2288119448237493,0
15524,1.7758447217066016,0
15525,0.9565170405294194,0
15526,1.622738587874768,0
15527,0.7983441632423839,0
15528,1.515899540584639,0
15529,2.0754639980039173,0
15530,0.9804965249264336,0
15531,1.7840420931984837,0
15532,0.5096371122121371,0
15533,0.44559930112623264,0
15534,0.7828276455977332,0
15535,1.2744489564750752,0
15536,0.5982692845071717,0
15537,2.5274773643310033,0
15538,0.7815236068989908,0
15539,1.1396180339550455,0
15540,3.2367947026488095,1
15541,0.42079423768170626,0
15542,1.4303305645038378,0
15543,0.3555321215228125,0
15544,1.8123201962100075,0
15545,1.905146686281673,0
15546,0.5828942990481478,0
15547,0.26342031209804206,0
15548,1.122991365943875,0
15549,2.425869647980844,0
15550,0.810655517128237,0
15551,1.089081657613952,0
15552,1.7485052644058174,0
15553,1.21759435798679,0
15554,2.766416357738597,0
15555,1.4843961302201685,0
15556,1.7305960725344363,0
15557,0.9183076049892699,0
15558,2.2184721818888273,0
15559,1.1027147707104077,0
15560,0.7711260148835959,0
15561,1.9087281236812763,0
15562,1.1188090962996509,0
15563,0.6393784836416014,0
15564,1.2780972881563502,0
15565,1.7216392100011026,0
15566,0.5786718010537907,0
15567,2.0507182038186915,0
15568,0.9623857586198088,0
15569,2.0885201011059285,0
15570,1.1104786142545895,0
15571,1.2361253812122477,0
15572,0.6083370752748909,0
15573,2.614720195044122,0
15574,0.3644703339742072,0
15575,3.522076024613218,1
15576,0.6494697810309911,0
15577,0.44639179901314086,0
15578,2.0431586126218986,0
15579,2.270784528697294,0
15580,1.8299255144813806,0
15581,1.0454068876958311,0
15582,1.818197020310432,0
15583,1.681991210396114,0
15584,0.9195553689456697,0
15585,2.22882583398128,0
15586,3.024011871644568,0
15587,1.3558001651549438,0
15588,0.5851660529533892,0
15589,4.206929845490352,1
15590,0.8817714082613844,0
15591,2.0186279026992864,0
15592,0.41109594304070607,0
15593,3.3632299042141462,1
15594,1.746082178695982,0
15595,1.4125544987080205,0
15596,0.5303080691906394,0
15597,1.1832996661939648,0
15598,0.5892528128688919,0
15599,2.2950364866759676,0
15600,0.7335933590362509,0
15601,0.5007389398753906,0
15602,2.005077827377969,0
15603,1.7431558254311768,0
15604,0.7870001745628241,0
15605,1.1550493271921611,0
15606,0.33307178061017745,0
15607,1.2092142442712221,0
15608,0.4992576825792187,0
15609,0.6299090463610143,0
15610,0.9473538539019402,0
15611,1.8991596572082938,0
15612,0.618571121514441,0
15613,0.46820054421960366,0
15614,1.5830952813394217,0
15615,2.009121425646563,0
15616,1.5197622211034705,0
15617,0.26602700460420226,0
15618,1.2842551677134535,0
15619,1.6367293722460654,0
15620,1.0139267130233647,0
15621,0.5880202298710613,0
15622,0.9704375348000305,0
15623,1.2132931508700946,0
15624,1.1360063052941922,0
15625,1.2760849308955917,0
15626,1.4738221451658624,0
15627,0.696691638632006,0
15628,2.244499226846387,0
15629,1.442190107147983,0
15630,0.5344485584003728,0
15631,0.7511739519889707,0
15632,1.8047993549445793,0
15633,0.4103057603101164,0
15634,1.0077466143336578,0
15635,2.678713254384033,0
15636,0.31724807125988197,0
15637,1.0868218184815328,0
15638,2.295224281007239,0
15639,2.232487077607304,0
15640,0.7852557064285589,0
15641,3.9129947498394344,1
15642,1.6034350886624835,0
15643,0.9096418279913103,0
15644,2.3666937977969043,0
15645,0.8235980795747148,0
15646,2.4753111158471444,0
15647,1.0455775277562445,0
15648,0.6470891667824439,0
15649,0.8217889996676692,0
15650,2.7236748519693723,0
15651,1.3558995291709928,0
15652,1.2284611610505478,0
15653,0.9135986404252571,0
15654,1.2014844196824102,0
15655,0.9902780449007026,0
15656,1.2639420158718646,0
15657,3.391930648099111,1
15658,2.864865873802193,0
15659,1.1388302929770735,0
15660,1.113166302319091,0
15661,0.4020326946547213,0
15662,0.6928348937062854,0
15663,1.4996343112334336,0
15664,1.012340834943271,0
15665,1.34866002555254,0
15666,1.8868257765495418,0
15667,1.4912435767430094,0
15668,2.435982359438484,0
15669,0.2915375353009141,0
15670,2.6874916333760064,0
15671,2.4979237824849974,0
15672,0.5981434829482014,0
15673,4.067290320074237,1
15674,2.9515908777146698,0
15675,2.6469936144886077,0
15676,0.3417378774319291,0
15677,0.9314463540552883,0
15678,1.6277962940186919,0
15679,1.2467901537615584,0
15680,3.753154900736791,1
15681,1.6939217219341856,0
15682,4.793188713778491,1
15683,1.458106632294498,0
15684,0.894462129814809,0
15685,0.5150550792148232,0
15686,3.4309307824080775,1
15687,0.8469321240768914,0
15688,2.4924980900718534,0
15689,0.24509042252530866,0
15690,0.4630062064424147,0
15691,0.23809311516586754,0
15692,0.98056124749167,0
15693,3.061286375249051,0
15694,1.0487406572633744,0
15695,0.43646246911395015,0
15696,0.702445925895894,0
15697,0.6723510155961853,0
15698,2.9793364556457087,0
15699,1.9538806827097115,0
15700,3.3541028850396204,1
15701,0.5502288501837177,0
15702,1.2631869840801777,0
15703,0.2223974445988641,0
15704,3.2750150719795017,1
15705,0.44599649792161444,0
15706,0.575284019272871,0
15707,2.6421708182645043,0
15708,1.0346647042372796,0
15709,0.5626798116024587,0
15710,0.914201505374573,0
15711,0.8076955903228971,0
15712,0.5378077845943613,0
15713,1.1269724161412458,0
15714,1.2186421827106708,0
15715,5.636401478604415,1
15716,0.4548411763610874,0
15717,1.0511313771220656,0
15718,1.0715681784817734,0
15719,1.1895955288779299,0
15720,1.1755614127282805,0
15721,1.189825942299659,0
15722,1.8010575010331873,0
15723,4.559865545003149,1
15724,1.6950602198997424,0
15725,0.24932103499734934,0
15726,1.586295132965073,0
15727,1.5741976130097024,0
15728,0.4681451510808538,0
15729,0.32197613742291825,0
15730,0.49838685091908114,0
15731,2.0882367693564707,0
15732,1.7170282828050014,0
15733,0.22180518076777822,0
15734,0.376922157998002,0
15735,0.8671604607047292,0
15736,1.0062771364956897,0
15737,1.6959859698367397,0
15738,0.5121610669303569,0
15739,0.7444360736266941,0
15740,1.62605884593413,0
15741,3.0348586335452508,0
15742,1.365368388504214,0
15743,1.1802059405891974,0
15744,1.757164222405531,0
15745,0.6121505054242028,0
15746,1.087001432652337,0
15747,1.094778475816113,0
15748,1.4358531703724513,0
15749,1.0710859612009938,0
15750,1.2743338222059526,0
15751,0.6102025314319544,0
15752,2.249795989426183,0
15753,1.810119784054497,0
15754,1.484199892137329,0
15755,0.46697266901580137,0
15756,1.1306915278922787,0
15757,2.834634707019879,0
15758,1.9380858678210393,0
15759,1.4049018445306227,0
15760,1.5531276561569725,0
15761,1.692248702727407,0
15762,1.844786427806806,0
15763,0.933772870024532,0
15764,0.44867787054080116,0
15765,1.5328900977953037,0
15766,1.4847736414026353,0
15767,0.6789719499989509,0
15768,0.3233762779609599,0
15769,0.3757614509669945,0
15770,0.1555108586221933,0
15771,1.1908024045133405,0
15772,1.5390776192330737,0
15773,1.4858203402890668,0
15774,0.8197826964191682,0
15775,1.1142251677016526,0
15776,1.6459445116615576,0
15777,0.9384841466955031,0
15778,0.902915213910309,0
15779,1.109850953654508,0
15780,0.40997746053017736,0
15781,1.092736981812488,0
15782,0.3652981734662613,0
15783,0.6308472674442385,0
15784,1.458214019082529,0
15785,0.9002296671231373,0
15786,1.412165284117058,0
15787,0.4651681433794617,0
15788,0.4708405387538291,0
15789,1.1029531900296823,0
15790,0.3715518006774881,0
15791,0.32357173090571645,0
15792,0.3626083359808064,0
15793,0.2896592126230766,0
15794,0.4735474692573009,0
15795,1.048878487091292,0
15796,0.7714875437758728,0
15797,0.9659776380581445,0
15798,0.679426004708706,0
15799,0.41893230908804174,0
15800,0.7068990917131982,0
15801,0.8859331932724358,0
15802,1.3871219437408595,0
15803,0.3895269995490652,0
15804,1.162619729170025,0
15805,1.203483198150139,0
15806,0.3264470781583377,0
15807,0.9812571063416589,0
15808,1.2649554448146323,0
15809,0.6638564809821565,0
15810,1.5591932330089875,0
15811,0.38845300250605297,0
15812,1.3798449618610111,0
15813,1.0490304335514629,0
15814,1.619535096905081,0
15815,0.21562895786570682,0
15816,0.3719506022036609,0
15817,0.6764337379709927,0
15818,0.9103749736600317,0
15819,1.0918687112139023,0
15820,0.5853254071804705,0
15821,0.2160581499058295,0
15822,0.8918885791303323,0
15823,1.9251068131975695,0
15824,1.8111361369202554,0
15825,0.2433293775427647,0
15826,1.0196144503259292,0
15827,0.2672436131987599,0
15828,1.0904424292883925,0
15829,1.1764549957770762,0
15830,0.8926591259100081,0
15831,1.793199524925219,0
15832,0.2632503091816373,0
15833,1.9668436697410103,0
15834,1.9488483031962764,0
15835,1.1934585359344263,0
15836,0.32492714071785544,0
15837,2.713748534593075,0
15838,1.1360554386449904,0
15839,1.597182365767847,0
15840,1.0246266398095605,0
15841,3.092898606899192,1
15842,2.7725150673565433,0
15843,0.7106412893704932,0
15844,0.8578438607413807,0
15845,1.3293239237995995,0
15846,0.9058016883704542,0
15847,1.3401746035010507,0
15848,0.36830844447466726,0
15849,1.5792225554447543,0
15850,0.6073780445486352,0
15851,0.8739602235661453,0
15852,1.1928293829568397,0
15853,1.9484948481280635,0
15854,0.4510183101294778,0
15855,1.070240292182253,0
15856,1.3641805792378021,0
15857,1.036788937263347,0
15858,0.7235993872741247,0
15859,1.5075047438968256,0
15860,1.3237800170075955,0
15861,0.7077476212099129,0
15862,1.3687093593281032,0
15863,1.6489601822000215,0
15864,0.6291136507982309,0
15865,1.87920214945985,0
15866,1.3431209819690688,0
15867,1.6741961644767893,0
15868,1.141719275820019,0
15869,2.4520228036159053,0
15870,4.269249397676234,1
15871,0.44307321087340423,0
15872,0.43932192810131704,0
15873,0.5245618788671822,0
15874,0.2818618537403696,0
15875,1.1056549970806178,0
15876,0.2476365881947684,0
15877,0.9104172182763066,0
15878,0.47947780065858037,0
15879,0.6043907408159213,0
15880,0.8383362222357019,0
15881,0.27107222250731483,0
15882,0.21948946939310912,0
15883,0.6331225029650543,0
15884,0.35555528482370496,0
15885,1.146736355916931,0
15886,1.3849441550513248,0
15887,0.8217260766276323,0
15888,1.6451608987753634,0
15889,0.9119028996703388,0
15890,1.147654314011333,0
15891,0.30198918415056075,0
15892,1.189926779836816,0
15893,1.5321007706700982,0
15894,0.9452395211252047,0
15895,1.5747214851482825,0
15896,0.18910569619247344,0
15897,1.718343819990197,0
15898,2.8920054483674895,0
15899,1.341420287821959,0
15900,0.355252949635655,0
15901,0.6839213717701107,0
15902,3.2361623773612385,1
15903,1.0564898767198587,0
15904,3.7958538498868646,1
15905,1.088028356782145,0
15906,0.4768085186751417,0
15907,3.0315919508145965,0
15908,0.3752350432819052,0
15909,1.4797340856497376,0
15910,0.5817276782432419,0
15911,1.0301107749367544,0
15912,0.8247550585107868,0
15913,1.0221182037575993,0
15914,0.25298600172295616,0
15915,1.7999174276693386,0
15916,1.150183484830965,0
15917,1.1602351875183352,0
15918,0.9248082245295386,0
15919,0.564251868684888,0
15920,0.5298356829349053,0
15921,0.457920333504151,0
15922,1.3374018968934889,0
15923,1.4225578621480284,0
15924,1.1887953374774163,0
15925,0.5368310579010563,0
15926,1.0701627273101322,0
15927,1.110348828739121,0
15928,3.393434669061248,1
15929,0.48355771764478794,0
15930,0.5840795301164164,0
15931,5.228111620658125,1
15932,0.28383629558586726,0
15933,0.3769164957306374,0
15934,1.0333405372598734,0
15935,0.4996096791964971,0
15936,1.7372579732552953,0
15937,0.9338282566467088,0
15938,0.9126070540836808,0
15939,1.4061293429605213,0
15940,0.7348311570819798,0
15941,1.5981331270876555,0
15942,2.1410686313081846,0
15943,1.995087659577946,0
15944,0.6115239371567538,0
15945,0.45672828934637427,0
15946,0.3808647067309738,0
15947,1.636416944043837,0
15948,0.30612672663151214,0
15949,0.38526408534857876,0
15950,1.1737340251303052,0
15951,0.6615350455103839,0
15952,2.165018018923177,0
15953,1.3054434952592888,0
15954,1.2827876993691614,0
15955,0.4624577126741817,0
15956,1.0387653069834701,0
15957,2.019339465687111,0
15958,1.6978778952056979,0
15959,1.801581471308271,0
15960,0.9003262317244498,0
15961,0.7005206095630696,0
15962,0.7432627022567412,0
15963,0.3914452211309616,0
15964,2.688590943362124,0
15965,1.2287340824621125,0
15966,1.3679231128198561,0
15967,0.9983428192081056,0
15968,0.9310960008156495,0
15969,1.2230037349874499,0
15970,0.8921626774637336,0
15971,0.9910643126747959,0
15972,1.5201656950340423,0
15973,0.8099636087014407,0
15974,0.45113302839814734,0
15975,1.272741429885757,0
15976,0.5381969221812096,0
15977,0.38049311270326636,0
15978,1.0897741750984349,0
15979,0.6767916505032215,0
15980,1.077699754856971,0
15981,1.4640512583996625,0
15982,1.092856925260004,0
15983,1.7782609112473022,0
15984,1.264876928553946,0
15985,1.0382618531032706,0
15986,1.1800299010604534,0
15987,0.5659816766548834,0
15988,1.5410451686061888,0
15989,0.46370690182889224,0
15990,1.717979596923971,0
15991,1.355942614692007,0
15992,0.966011845601295,0
15993,1.9247037571101164,0
15994,0.9920371091229597,0
15995,0.5656437438636954,0
15996,0.8430262242599361,0
15997,2.7062366673178087,0
15998,1.0046670085508176,0
15999,0.7670378315810631,0
16000,3.012174486970339,0
16001,1.4250618720872523,0
16002,1.1567698058145826,0
16003,0.6035335152905094,0
16004,0.43672865098619695,0
16005,1.6856534336648428,0
16006,1.6122086357347527,0
16007,1.0702977343510198,0
16008,0.21989246234186946,0
16009,0.9774314919849793,0
16010,1.1572894658913662,0
16011,0.5158383513492258,0
16012,1.2692875544268118,0
16013,1.1954900061779197,0
16014,0.7859559526488222,0
16015,0.39131647779614137,0
16016,3.646830210156934,1
16017,0.24325115761956156,0
16018,1.8585392952722457,0
16019,0.868369188303306,0
16020,0.5393068476766814,0
16021,1.0816405802211697,0
16022,2.37126211313506,0
16023,1.0207019127397083,0
16024,1.4004937928958,0
16025,2.6117149914521933,0
16026,1.4330227609510675,0
16027,0.8978653370311961,0
16028,2.118633637036439,0
16029,1.7107440799450346,0
16030,5.5319016079672725,1
16031,0.7038466032990602,0
16032,0.35957677920777703,0
16033,2.160383528778204,0
16034,1.4269240094891782,0
16035,1.1891001222564965,0
16036,0.29357859051217455,0
16037,0.2706995543206956,0
16038,1.9972027584181202,0
16039,1.3982668978134905,0
16040,0.3215591484055047,0
16041,0.3352815682606853,0
16042,2.2273149549678974,0
16043,0.46203272797646106,0
16044,1.530946058571654,0
16045,1.9894124411247642,0
16046,1.53461496429374,0
16047,0.677675201766147,0
16048,0.6699974437170836,0
16049,2.0540762330458406,0
16050,1.858365221027505,0
16051,2.4716916426105864,0
16052,1.1676959325141951,0
16053,1.4218098829314123,0
16054,2.9861026209888624,0
16055,1.5205934646693071,0
16056,1.2143413186611756,0
16057,0.3683457297285718,0
16058,1.152756184646684,0
16059,0.5444903034143348,0
16060,1.3029772750465842,0
16061,0.37896910074363643,0
16062,0.3174009139479092,0
16063,0.9478118967913601,0
16064,1.6627164462135435,0
16065,0.5177151482728594,0
16066,1.3985797613405027,0
16067,1.5620903215767048,0
16068,1.1511569259492327,0
16069,0.655278910359121,0
16070,0.4918870671407333,0
16071,0.43271561251470825,0
16072,0.9329164745490133,0
16073,2.1493524959589845,0
16074,0.9748269098935267,0
16075,1.5588401873980837,0
16076,0.3956499716101879,0
16077,1.4032110702969678,0
16078,0.8090938103306443,0
16079,0.3799043366509622,0
16080,0.7274368266459655,0
16081,0.4458170744170401,0
16082,1.5711068412537477,0
16083,2.031464092009225,0
16084,1.4567238830524998,0
16085,0.45784805894708114,0
16086,0.470666806478832,0
16087,0.31993099402113956,0
16088,0.4023261183821025,0
16089,1.742214995832755,0
16090,1.103314409958172,0
16091,1.9097123313945021,0
16092,0.8031672101738884,0
16093,0.7620891000387421,0
16094,1.9647322774704346,0
16095,3.5994185465979625,1
16096,3.1381341131622427,1
16097,1.7896081414922655,0
16098,0.6634813166225065,0
16099,1.0000623160081872,0
16100,0.9362539809849812,0
16101,0.8889018977722742,0
16102,2.475716223605459,0
16103,2.2778544671347016,0
16104,0.43303816285928043,0
16105,2.0572945048816798,0
16106,0.6101667722316529,0
16107,1.6250809734148108,0
16108,0.34730601404007333,0
16109,0.8125805146106937,0
16110,1.095121974106721,0
16111,2.6968714764836337,0
16112,4.900465842510231,1
16113,0.458968516518674,0
16114,1.0671288130583505,0
16115,0.8946024885108546,0
16116,1.1077632623695943,0
16117,1.6157833694746977,0
16118,0.8928552800209829,0
16119,0.47763399998269185,0
16120,0.23158043170141937,0
16121,1.9682386952679518,0
16122,1.386401930872482,0
16123,1.300451885232003,0
16124,0.8597577062357264,0
16125,1.3274535951673476,0
16126,0.9027908709408801,0
16127,0.29306126200932303,0
16128,2.2388344173096537,0
16129,0.28500063838922096,0
16130,1.361785739249185,0
16131,0.48841465488453223,0
16132,0.686115169706356,0
16133,0.30726758194346054,0
16134,1.753093781117716,0
16135,1.2497270046746392,0
16136,2.814327703556379,0
16137,2.411530993585929,0
16138,1.7698760870259282,0
16139,0.5959628639438481,0
16140,2.0567853241741547,0
16141,1.1537028942694671,0
16142,0.3533639733055182,0
16143,1.2948500012506445,0
16144,0.5951551800244858,0
16145,0.9029151247145968,0
16146,1.1857842252563606,0
16147,0.7017698190305849,0
16148,3.1737347320323006,1
16149,0.8437913092062649,0
16150,1.6944109544931292,0
16151,1.3860477985845054,0
16152,0.4980830766118381,0
16153,2.1393146476554032,0
16154,1.6439024311546857,0
16155,0.42562034273991595,0
16156,1.2844912408580105,0
16157,1.3596588905020477,0
16158,0.9090523076555294,0
16159,0.5624132640562364,0
16160,0.8020746808928965,0
16161,0.48534190609182104,0
16162,1.6481761805292325,0
16163,0.7581796270540598,0
16164,0.44364299713739314,0
16165,0.3879284533932638,0
16166,0.35081076546821066,0
16167,3.1723971260100527,1
16168,0.3967424566439069,0
16169,0.5349948421340556,0
16170,1.1729474074767172,0
16171,1.8907896109100912,0
16172,1.3034034098785765,0
16173,1.755584560029337,0
16174,1.0876487811177098,0
16175,0.6509235164439747,0
16176,0.35177509964933157,0
16177,0.49228804611456406,0
16178,0.2814197110426514,0
16179,0.2262803548126366,0
16180,1.4065341237658335,0
16181,1.3742387577861446,0
16182,1.0795462613279032,0
16183,1.0215968796252801,0
16184,1.5418347664455072,0
16185,1.9995142546413347,0
16186,0.7239852741830753,0
16187,0.9269112183568884,0
16188,1.337243505119919,0
16189,3.0860899900305565,1
16190,0.8665561308304481,0
16191,0.8118101671905047,0
16192,2.0748249291646483,0
16193,0.9934113663877415,0
16194,0.6531413589027142,0
16195,1.5171036730938907,0
16196,0.6368997758446108,0
16197,0.7947696653115097,0
16198,0.3191157846172309,0
16199,0.6227272434819252,0
16200,0.18952286133627824,0
16201,2.554948800214711,0
16202,0.9591222885565768,0
16203,1.3001800482462547,0
16204,0.41168742213187,0
16205,1.249833605223161,0
16206,0.7486882111391817,0
16207,0.8138698922371527,0
16208,4.1385277386126385,1
16209,1.5039823090888496,0
16210,0.3408572917931173,0
16211,1.4738479983405226,0
16212,0.875198203809731,0
16213,2.5179936623929895,0
16214,1.7138026232556562,0
16215,0.41576414311704635,0
16216,1.5265141835146705,0
16217,1.2548841942853735,0
16218,1.6676822794231325,0
16219,1.4909213731076192,0
16220,1.7333356895696435,0
16221,1.0219767504310924,0
16222,1.4893433440659547,0
16223,1.2546403092968044,0
16224,0.9474666877043016,0
16225,1.2744955402694453,0
16226,1.3442959609051264,0
16227,0.7442700922525078,0
16228,1.8253922525066537,0
16229,3.7426975802944225,1
16230,0.489548976661462,0
16231,6.1586323694365985,1
16232,1.6239242904510784,0
16233,0.9392138788550084,0
16234,1.013603314882619,0
16235,1.6027780363900306,0
16236,0.8963194163645544,0
16237,1.8572579336452348,0
16238,1.6255340947675363,0
16239,3.237938692425614,1
16240,1.4677094305663538,0
16241,1.0549995765691838,0
16242,1.8562130648231523,0
16243,2.1489126884698826,0
16244,0.37653798805870964,0
16245,1.178051374882544,0
16246,1.3938886023347967,0
16247,1.3334855140604873,0
16248,1.9870954820470297,0
16249,0.33694169389994644,0
16250,1.4651580209297408,0
16251,1.0820403270339372,0
16252,0.8543184085051018,0
16253,0.6342061360266378,0
16254,1.5736503417230516,0
16255,0.30150493584987476,0
16256,0.32303559004105653,0
16257,1.9307571124164524,0
16258,1.6743974711328105,0
16259,0.8832546580306444,0
16260,1.0672031994051567,0
16261,0.43847915137010435,0
16262,1.0951791465813263,0
16263,0.9252584203436945,0
16264,1.0618018136353151,0
16265,1.8480931640117706,0
16266,0.9758299224346527,0
16267,0.5114191507530166,0
16268,1.600063676174266,0
16269,1.3031187457011035,0
16270,2.9072238777370907,0
16271,2.0288770869287767,0
16272,1.9354285794131803,0
16273,0.47469000503246195,0
16274,1.9891466949872254,0
16275,0.3398335566034632,0
16276,1.7416209789513337,0
16277,1.1431793618551205,0
16278,1.8730140299744178,0
16279,0.4799225395975923,0
16280,3.4579886756208817,1
16281,0.37927989946281965,0
16282,1.6089403301342955,0
16283,0.6638122175935626,0
16284,1.749588775159968,0
16285,1.340705314430116,0
16286,1.910549676016754,0
16287,0.8417580503973336,0
16288,0.31678856863610033,0
16289,1.615006061794572,0
16290,1.66792938906805,0
16291,0.9944329254241571,0
16292,0.8766038254060565,0
16293,0.368895069790476,0
16294,2.066184339592049,0
16295,1.9261801098014228,0
16296,0.9617703316773638,0
16297,0.9782060424035105,0
16298,1.1988049973887165,0
16299,1.5620544874220648,0
16300,1.4408119586801693,0
16301,2.205504939810647,0
16302,0.7930157405098913,0
16303,1.7918675835761573,0
16304,2.1097250253336473,0
16305,1.6738958958437669,0
16306,0.3155539468132437,0
16307,1.1206172342885177,0
16308,2.0142054560157936,0
16309,1.0047088930580763,0
16310,1.7364271994753613,0
16311,0.6969164935563246,0
16312,0.8581209910877334,0
16313,1.2868553264219602,0
16314,0.9076243285521133,0
16315,2.169625046525719,0
16316,1.9684937956590853,0
16317,1.2804862589096595,0
16318,1.1608587787054445,0
16319,1.0412512510519454,0
16320,0.35542623330632783,0
16321,1.9530844847025963,0
16322,1.1120831826231956,0
16323,2.639938868961437,0
16324,1.1487081552449672,0
16325,1.3410814140235994,0
16326,2.6561644027953855,0
16327,0.4574005624701532,0
16328,0.9817770857345185,0
16329,0.870761943034735,0
16330,0.6944403014711841,0
16331,0.616035839071515,0
16332,0.8814390083700467,0
16333,0.3088424222375023,0
16334,1.0868293186982139,0
16335,0.48733073689201806,0
16336,0.3271162568590847,0
16337,1.7905665132924988,0
16338,1.7539151159556214,0
16339,0.686782626420034,0
16340,1.1377317685537642,0
16341,0.6898962642133467,0
16342,0.6761809694261519,0
16343,2.455460002865839,0
16344,0.774668643157161,0
16345,1.551927847883771,0
16346,2.432929509235149,0
16347,1.649750405576448,0
16348,2.0298603676019287,0
16349,1.2504374496239234,0
16350,1.3150299280816422,0
16351,1.799979606049901,0
16352,1.8575787957446592,0
16353,1.3777325027715936,0
16354,0.7236583523671707,0
16355,1.4009614003361779,0
16356,1.114891190957293,0
16357,1.0032148897690083,0
16358,1.0896991450319526,0
16359,2.522448500911814,0
16360,0.2611666441489218,0
16361,0.8806758643203086,0
16362,2.2617505195209775,0
16363,0.3608260845197616,0
16364,0.9080068421594792,0
16365,0.4796131850878909,0
16366,1.1044151982300543,0
16367,1.7124492249189516,0
16368,0.5575513475548463,0
16369,3.2984131481929393,1
16370,0.9532463387666767,0
16371,0.8741373001079038,0
16372,0.34849747860608865,0
16373,2.2478218218977464,0
16374,1.0800141429010706,0
16375,1.6428711455575276,0
16376,1.0484107980236255,0
16377,0.7121636125660289,0
16378,0.7290017507122412,0
16379,0.843977055010338,0
16380,0.9287473654668186,0
16381,0.46157804994613494,0
16382,1.7900046681858905,0
16383,1.2131264606021046,0
16384,1.3675155400406878,0
16385,0.3567724798276333,0
16386,1.0849273855583392,0
16387,3.1061310140121807,1
16388,1.4670948242631519,0
16389,0.8557358315633738,0
16390,0.30474857541126465,0
16391,1.290317010672479,0
16392,1.0654018288496547,0
16393,1.1403717895897352,0
16394,1.2695437032486185,0
16395,0.7605586367269506,0
16396,1.1026472678360524,0
16397,0.2964377765012546,0
16398,0.6262904138231723,0
16399,0.7547644937195618,0
16400,1.1606626958665323,0
16401,0.7899708568368773,0
16402,0.41612472341268725,0
16403,1.08610068736928,0
16404,1.0094384695689493,0
16405,1.874141224633031,0
16406,0.7556581221039518,0
16407,0.2335635488143895,0
16408,0.8879396768725379,0
16409,4.180000212844035,1
16410,1.1046543037501884,0
16411,0.5800004345183982,0
16412,0.7222076872382343,0
16413,0.6434355564863841,0
16414,0.39319989357697804,0
16415,0.9878696161839288,0
16416,0.5880579497740716,0
16417,1.8568205710631411,0
16418,0.7326322487933546,0
16419,0.37762540000580813,0
16420,2.442256332957418,0
16421,0.3627390973314111,0
16422,0.4832602490377643,0
16423,1.3890614622822792,0
16424,1.2325126865622658,0
16425,0.8258596563280993,0
16426,2.3530807513883243,0
16427,1.4912716735339189,0
16428,1.209699064950943,0
16429,1.5763307572683367,0
16430,2.138342413866438,0
16431,1.7012736849832364,0
16432,3.7117667823531777,1
16433,0.33122033644977267,0
16434,1.2123479258933887,0
16435,0.5362430036021198,0
16436,1.3912940326366285,0
16437,1.4660024807132739,0
16438,0.9267811768793426,0
16439,1.0301775483491236,0
16440,1.9981862076112629,0
16441,2.8026002988114724,0
16442,1.1995198937393463,0
16443,1.194309977996477,0
16444,0.3560597414008609,0
16445,0.6707502456998385,0
16446,2.6418574378922117,0
16447,0.4005930001127277,0
16448,0.3493951449885444,0
16449,1.370315274284254,0
16450,0.4884357888918813,0
16451,0.9968999491664939,0
16452,0.5786854042452652,0
16453,1.8400765179165104,0
16454,1.3519467888887455,0
16455,1.8465203257874458,0
16456,0.5728142383039653,0
16457,1.3607980699381101,0
16458,1.075317362663798,0
16459,2.152281964344354,0
16460,0.9377471579546043,0
16461,2.0971151427220693,0
16462,2.685388129758471,0
16463,1.9758448209565826,0
16464,0.5533948736592239,0
16465,0.5026846051043338,0
16466,0.5102168093889982,0
16467,1.3664256823278362,0
16468,0.401070901256935,0
16469,0.7345361522260543,0
16470,0.9746079623723747,0
16471,1.0338112466646474,0
16472,3.248239499039916,1
16473,2.224359081679237,0
16474,1.171322479923999,0
16475,2.358749063188202,0
16476,1.0901929853304366,0
16477,0.8774169658940568,0
16478,0.8092261794702966,0
16479,1.8311616711929488,0
16480,1.4234412008874353,0
16481,2.236189103342391,0
16482,1.8357589496639442,0
16483,1.3282869124685612,0
16484,1.0228777301703473,0
16485,1.4382979129829996,0
16486,0.7244672326967939,0
16487,1.4125147135480416,0
16488,1.384919203058626,0
16489,1.304475413288978,0
16490,1.6019830834457551,0
16491,1.2065703159351164,0
16492,0.5028490964601375,0
16493,0.925281008578965,0
16494,2.1789548533874,0
16495,1.4400411693641995,0
16496,1.14608421739935,0
16497,0.7865701238545145,0
16498,0.875016596202094,0
16499,1.7740779213916889,0
16500,0.30238230093556423,0
16501,1.035788110344256,0
16502,1.0334248265409371,0
16503,0.16056418865713856,0
16504,1.4582863260921848,0
16505,1.7744560059954004,0
16506,7.234419744868204,1
16507,1.5162495096187432,0
16508,0.752603884322791,0
16509,1.7776143943649394,0
16510,1.7534147807718257,0
16511,1.4431160072728408,0
16512,1.1805741749263423,0
16513,1.6556338303235536,0
16514,1.9572196360012362,0
16515,1.258968020451442,0
16516,0.9420187115539418,0
16517,1.6804546004129386,0
16518,0.22127803970722323,0
16519,2.9668955938833137,0
16520,1.2292972644853417,0
16521,1.4784175885248891,0
16522,0.2931745576926665,0
16523,0.2430741546536305,0
16524,1.7021352742610387,0
16525,0.42952835058232364,0
16526,1.336794602222683,0
16527,2.968618990547278,0
16528,0.3342838505587183,0
16529,2.438419656622412,0
16530,0.4202439188851551,0
16531,0.6415838195089933,0
16532,0.5827000837240568,0
16533,1.819177758488517,0
16534,1.7561420540534287,0
16535,0.8967580931049557,0
16536,1.584874170833716,0
16537,0.35080173843102463,0
16538,0.35269057543994686,0
16539,1.285940158063597,0
16540,1.1182193131497382,0
16541,0.9355565715229804,0
16542,1.9616076444907777,0
16543,1.7982390040732095,0
16544,0.36338702292357533,0
16545,0.5022589870072065,0
16546,0.4871783671513095,0
16547,2.564454132208567,0
16548,0.5408788017375817,0
16549,1.30142125470359,0
16550,2.1514111043175004,0
16551,1.340841799565969,0
16552,1.777299722888849,0
16553,1.3103587781538546,0
16554,1.854736599974951,0
16555,1.2961682489947892,0
16556,0.5339067949784696,0
16557,0.5482237027761211,0
16558,1.652598717784284,0
16559,2.319053082660923,0
16560,1.9807656105372173,0
16561,1.4581227837577353,0
16562,0.8588074315699838,0
16563,0.5091688665054493,0
16564,3.1249669690334825,1
16565,0.909008708054602,0
16566,0.5372273146773594,0
16567,1.723058857282628,0
16568,2.6251106837425326,0
16569,0.2976555552271558,0
16570,1.1252469329818782,0
16571,1.8690840552907342,0
16572,0.41162784747928705,0
16573,1.4035429294262258,0
16574,1.3705426219400958,0
16575,0.15235315628426027,0
16576,1.5909289783741767,0
16577,3.4245757478735137,1
16578,0.6831975615976607,0
16579,0.31410440682538165,0
16580,2.899941649743178,0
16581,3.1714308559856543,1
16582,1.201202954291748,0
16583,3.003587950724873,0
16584,0.23778817777016883,0
16585,1.3084334077252193,0
16586,0.8613972824818613,0
16587,2.29994060437858,0
16588,1.3352770075023224,0
16589,0.26984533931323734,0
16590,1.0255921527713876,0
16591,1.1069102210475854,0
16592,0.7812812917213742,0
16593,1.6397317175907833,0
16594,2.415633373607148,0
16595,2.3389168092473716,0
16596,0.5453210861346017,0
16597,2.7029595114324523,0
16598,1.1892651416875917,0
16599,0.23621436892213085,0
16600,1.8341365893988424,0
16601,0.5072870274103495,0
16602,2.7735468104769607,0
16603,0.8364158038781375,0
16604,3.37731308008714,1
16605,0.752501620630922,0
16606,0.8526265091662689,0
16607,1.0702408137004735,0
16608,0.4621555458404193,0
16609,1.0493770269443252,0
16610,2.4093996863237614,0
16611,2.201002352368022,0
16612,1.4259969910683665,0
16613,0.6287891678567058,0
16614,1.2126333927309678,0
16615,0.9410581781535653,0
16616,1.9914760610363056,0
16617,2.298344964197839,0
16618,0.8722629915320005,0
16619,2.4191746486104435,0
16620,1.394057202716154,0
16621,0.37847636813727803,0
16622,1.2328072982991842,0
16623,0.5631773315292137,0
16624,3.3972215988119525,1
16625,0.7379923431289424,0
16626,4.217056049293601,1
16627,0.5463233631839074,0
16628,1.6889990808716604,0
16629,1.6427979932439163,0
16630,0.8224539446062253,0
16631,1.1238740772494153,0
16632,1.607903450561364,0
16633,0.679802048159744,0
16634,1.2131970000911005,0
16635,3.3561463392787574,1
16636,0.18287102733956892,0
16637,1.9809493898199684,0
16638,1.6160121665097325,0
16639,1.7617680783988223,0
16640,0.8406161666473693,0
16641,1.0963133380219219,0
16642,0.9974059898477049,0
16643,1.2578802406455116,0
16644,0.4925379700040852,0
16645,1.316881652345252,0
16646,0.4411386749760836,0
16647,0.9597615427289483,0
16648,0.38469375941646683,0
16649,0.8890005350349806,0
16650,0.48378909525139435,0
16651,1.3532379955119833,0
16652,0.282694475160801,0
16653,2.4989758000545725,0
16654,1.1322245344895137,0
16655,0.5180247571291298,0
16656,1.169288485574938,0
16657,3.151966788870318,1
16658,0.32625904539552525,0
16659,0.2623783772831284,0
16660,0.4573495510752404,0
16661,0.8770608899864918,0
16662,2.230112225661225,0
16663,0.30897479431183533,0
16664,3.344262309188683,1
16665,2.6210560603387316,0
16666,2.139294996115554,0
16667,1.1742656685413435,0
16668,0.5029743708559821,0
16669,2.728728864026417,0
16670,1.152671449810776,0
16671,2.0776644686354753,0
16672,1.313675570773268,0
16673,0.6789244961312286,0
16674,1.3496714099072753,0
16675,0.7288184063959451,0
16676,0.5472119132470316,0
16677,0.3084391446305207,0
16678,0.5996142758614941,0
16679,1.2470086812070713,0
16680,0.5780722536454242,0
16681,1.1701449400380988,0
16682,1.0527424396629628,0
16683,1.3884671129594446,0
16684,0.32882965301766603,0
16685,1.9562113804140553,0
16686,0.9870030069633949,0
16687,0.6736235701318056,0
16688,1.9359241833900123,0
16689,1.3197773903516132,0
16690,1.5060684236440245,0
16691,0.4308382715193993,0
16692,1.5726950979884253,0
16693,1.7506372312590073,0
16694,1.7961448793226107,0
16695,0.4518229806513154,0
16696,2.157919392604889,0
16697,1.454490418539199,0
16698,0.7489871038254043,0
16699,2.5417536522582784,0
16700,2.3523544958627736,0
16701,1.340086513742146,0
16702,1.880826052423134,0
16703,0.42376454893446436,0
16704,1.917467806676464,0
16705,1.3971715286465571,0
16706,1.1995290346890473,0
16707,0.7920268985954362,0
16708,1.476595425318441,0
16709,0.805082711844347,0
16710,1.140252180372144,0
16711,2.1387092658162397,0
16712,0.3417798465735816,0
16713,2.646982705738011,0
16714,1.0266752769594043,0
16715,4.302946522552798,1
16716,0.9515492435505661,0
16717,1.6129267471154691,0
16718,1.240198216005613,0
16719,1.0735465925600083,0
16720,1.447014979410338,0
16721,0.4371313775436229,0
16722,2.156011630345551,0
16723,0.44375181327734,0
16724,1.314312717783326,0
16725,0.8215923395781952,0
16726,2.2194718778859577,0
16727,0.9886579878626327,0
16728,0.4178220817771631,0
16729,1.2167097667391693,0
16730,1.0314695237718956,0
16731,0.890760823748206,0
16732,2.5218861155249157,0
16733,0.48941233757758085,0
16734,0.39554007390677903,0
16735,0.9216576419549624,0
16736,0.7360845890920101,0
16737,1.1063606643016084,0
16738,0.395402264128346,0
16739,1.8910432622883098,0
16740,1.559002700300972,0
16741,0.40393027650952146,0
16742,1.2601610450670033,0
16743,1.256954585803322,0
16744,0.47848743220936607,0
16745,0.754981600728261,0
16746,1.59279534591686,0
16747,1.0767095021864983,0
16748,1.2662337221817483,0
16749,1.2891839873952984,0
16750,0.853318087804422,0
16751,1.2808956536128688,0
16752,0.6254535286362118,0
16753,2.0496179557567507,0
16754,0.8879298112850551,0
16755,0.5531852145494507,0
16756,2.148788025804853,0
16757,1.6478118702440128,0
16758,0.29014916552014847,0
16759,0.36452374405861704,0
16760,0.5691170325027806,0
16761,0.6442161333407426,0
16762,1.6227641824090566,0
16763,0.2551748156188401,0
16764,1.9552482437463061,0
16765,0.2851716804175316,0
16766,1.1383891301690696,0
16767,1.6536703407243185,0
16768,2.6704175144077165,0
16769,0.8146275196662321,0
16770,2.009366711106603,0
16771,1.846494413345752,0
16772,0.9615868379743121,0
16773,0.5253744476471429,0
16774,0.7181160081329153,0
16775,0.9853647575441115,0
16776,2.0669734980267953,0
16777,1.486999502873981,0
16778,2.2837251690521736,0
16779,3.1280031205832457,1
16780,0.5491485680621018,0
16781,1.349285732535509,0
16782,0.9783287903328302,0
16783,0.42547351992340615,0
16784,0.3284967248301781,0
16785,1.4086607383750462,0
16786,0.6246638056014123,0
16787,1.1237168478964643,0
16788,1.6031468744523152,0
16789,1.9484106395324943,0
16790,1.7599867784387249,0
16791,1.4382138120294765,0
16792,2.2262699335432674,0
16793,0.4939297014120852,0
16794,0.315732894678556,0
16795,1.5872868417421082,0
16796,0.7375303786752667,0
16797,2.3021377017418625,0
16798,1.9604214459358646,0
16799,1.3046559407785352,0
16800,0.44643144434660825,0
16801,0.7954419138562748,0
16802,1.0602647568702228,0
16803,0.8637865953295804,0
16804,0.7585495568438531,0
16805,1.3921375412955237,0
16806,0.9025812223011577,0
16807,0.8053385270581427,0
16808,0.389579686293249,0
16809,3.587333861844464,1
16810,0.9138456272155409,0
16811,1.1521070742378092,0
16812,1.5499147962550652,0
16813,1.1843697262922406,0
16814,0.4707938415686911,0
16815,0.8682449941726803,0
16816,0.47952489733645115,0
16817,0.49401451995730367,0
16818,0.5311224948291657,0
16819,1.5518932777434442,0
16820,2.4091466951418012,0
16821,1.154914850185136,0
16822,0.8755865151472328,0
16823,1.6293758885504146,0
16824,0.37754516483018324,0
16825,1.248092877284269,0
16826,0.9860289169625217,0
16827,1.237255890332492,0
16828,0.7304450396214949,0
16829,3.578872423771914,1
16830,0.5762674815387956,0
16831,1.7959086082555156,0
16832,1.0127093972454513,0
16833,1.1598153701517055,0
16834,1.7650471584921101,0
16835,0.9023429303421423,0
16836,1.7077826150145563,0
16837,0.4420187901116165,0
16838,1.107995963733861,0
16839,2.0090936924894214,0
16840,0.749443306946964,0
16841,1.0526546046084873,0
16842,0.6702781859931451,0
16843,0.3447957242341187,0
16844,0.49330051933816915,0
16845,0.73887468519089,0
16846,0.6599691401302098,0
16847,1.6796772631598265,0
16848,0.40024870174125843,0
16849,2.0681686161468624,0
16850,2.06139584337414,0
16851,0.38971426675745474,0
16852,1.4176905509289672,0
16853,1.8219004815953297,0
16854,0.4067152750221367,0
16855,0.30430939866862183,0
16856,2.305771647964419,0
16857,0.5453076386917616,0
16858,1.4947793176066952,0
16859,0.5139390157751987,0
16860,1.0540087616835747,0
16861,1.1786597417137654,0
16862,0.9633266740382724,0
16863,1.5126165913869842,0
16864,2.42340163772505,0
16865,2.330437031541885,0
16866,0.5282944051128857,0
16867,4.1647547980644655,1
16868,1.325463383152886,0
16869,1.7459053336859314,0
16870,1.257310395270138,0
16871,1.2573428539626745,0
16872,0.3712740579407975,0
16873,0.3509358425871642,0
16874,2.764499659279757,0
16875,1.515244353120697,0
16876,1.4351966336724498,0
16877,3.5016607668401414,1
16878,2.918944771792659,0
16879,0.37347192598197315,0
16880,1.2538879710454893,0
16881,1.7723503709751918,0
16882,0.6705142224315745,0
16883,1.6238677175079854,0
16884,0.33578847736695366,0
16885,0.431186599473748,0
16886,0.362286882057929,0
16887,0.5937288716885987,0
16888,1.0585911657481228,0
16889,1.0610077340703858,0
16890,2.7056872029951,0
16891,1.192962754166538,0
16892,0.3870670909229741,0
16893,0.36467148852856923,0
16894,1.5685187521128667,0
16895,0.8645648397454482,0
16896,1.81474020111963,0
16897,1.698861907497534,0
16898,2.351283446399984,0
16899,1.0802275343448697,0
16900,1.0326734198356684,0
16901,0.7954959460227613,0
16902,0.3689245926204771,0
16903,2.4808574731478683,0
16904,1.6046783502226052,0
16905,1.8410270535612505,0
16906,0.8609103974303286,0
16907,1.0093837286442353,0
16908,1.214663915324768,0
16909,0.8078998165215706,0
16910,0.8800863226893152,0
16911,1.8873531485813155,0
16912,1.2905593706010285,0
16913,0.8513743330772859,0
16914,1.8144014039772902,0
16915,1.5553257869361523,0
16916,1.1667932591873589,0
16917,6.058342828285405,1
16918,2.5915760227034874,0
16919,1.8546561357521136,0
16920,0.9602251191397518,0
16921,1.12798687047273,0
16922,1.9519501173564253,0
16923,1.639825579704654,0
16924,1.564215635741711,0
16925,2.342654454253399,0
16926,0.8750577444905343,0
16927,3.584975601327917,1
16928,1.9263252240908348,0
16929,0.4592448325109653,0
16930,0.7580475176901088,0
16931,0.6635752091673258,0
16932,2.271781582221016,0
16933,1.0293200410011132,0
16934,0.7987112488572682,0
16935,1.9974105555737667,0
16936,0.7731025628809591,0
16937,2.346276510085288,0
16938,0.6062104292291395,0
16939,3.792427806835156,1
16940,1.9305701815959202,0
16941,1.7483217765402537,0
16942,2.4393030704905256,0
16943,1.7856907237690407,0
16944,1.051769515500043,0
16945,2.1150317242212404,0
16946,1.197546604068291,0
16947,2.391856206238941,0
16948,1.0918228595062198,0
16949,1.3595703807295763,0
16950,1.0174573722571891,0
16951,3.6229212420114107,1
16952,1.812937443416182,0
16953,2.5830780033298004,0
16954,1.7340937194430985,0
16955,1.8756723799010366,0
16956,3.077682310751733,1
16957,2.020988449887704,0
16958,1.4474754576546507,0
16959,1.401607816318331,0
16960,0.9570939611380472,0
16961,1.642162400892981,0
16962,1.5044196775764198,0
16963,1.0500625950930615,0
16964,0.7695613078753133,0
16965,0.8124761124136106,0
16966,0.7949663917061034,0
16967,2.637309459044251,0
16968,1.3875400102405995,0
16969,1.4255036064990665,0
16970,2.0015072981739785,0
16971,0.9878391867415348,0
16972,1.3039882845999544,0
16973,0.6303198325456051,0
16974,0.8264143653629508,0
16975,0.28470354088710814,0
16976,0.4218077344780885,0
16977,0.9818795049849588,0
16978,1.3077081725021862,0
16979,0.7832962470975341,0
16980,1.6402795551409843,0
16981,1.0791529430645848,0
16982,1.5230915203358673,0
16983,0.4025077090446194,0
16984,1.7611499319666093,0
16985,0.8507592375370052,0
16986,0.30924571037115267,0
16987,1.3675612714951006,0
16988,0.9195730645502543,0
16989,2.3633386241278185,0
16990,1.3076576802952367,0
16991,0.6318572047306876,0
16992,1.066015936916343,0
16993,0.4759205634316214,0
16994,0.6599076755458614,0
16995,2.424428887166227,0
16996,1.4110085442129658,0
16997,2.4353947900113004,0
16998,0.2952638894882303,0
16999,0.555178925875364,0
17000,0.23407557562404416,0
17001,1.0055243762884867,0
17002,0.5236888812800804,0
17003,0.25096020870921876,0
17004,0.8688267736587678,0
17005,1.8133000642111259,0
17006,1.5952351316792892,0
17007,1.4253310104577437,0
17008,0.6259526570082501,0
17009,4.79276790823901,1
17010,0.11361447909805208,0
17011,2.6308540725274434,0
17012,1.1605584485812892,0
17013,0.21184012981798478,0
17014,0.6090157211919374,0
17015,0.8908551177621485,0
17016,0.34514216010369064,0
17017,1.3048836705656228,0
17018,0.24825248518217172,0
17019,0.6855560301995399,0
17020,1.7043628414409195,0
17021,0.6171236549017642,0
17022,1.3310095001368574,0
17023,0.2464848166575266,0
17024,1.2075461679219026,0
17025,0.6138580759054542,0
17026,0.1647526316429061,0
17027,0.725433496732308,0
17028,0.2380752472881639,0
17029,0.23195234616930366,0
17030,1.1057848392819214,0
17031,1.0418986192837096,0
17032,0.39073891543217004,0
17033,2.140983357813182,0
17034,0.33797909317280644,0
17035,1.7170101173867762,0
17036,0.3695660145086209,0
17037,1.75331611942706,0
17038,0.2186400130583726,0
17039,1.194479662303935,0
17040,1.0682029639077442,0
17041,1.2761372543947493,0
17042,1.3145203583214993,0
17043,0.7832262822896072,0
17044,1.0761070465165732,0
17045,1.152999874952748,0
17046,1.9970129545343467,0
17047,1.4273203425365883,0
17048,1.1538061303635545,0
17049,1.3726994163296449,0
17050,1.2568030718972794,0
17051,3.0756643352455457,1
17052,1.1835881548544938,0
17053,1.2484539962843715,0
17054,0.5471186180490032,0
17055,0.961994479250743,0
17056,0.29614998062453457,0
17057,1.0698688208952774,0
17058,0.14813147591559783,0
17059,0.6545340484445271,0
17060,1.370999938412107,0
17061,0.9159756571713946,0
17062,0.17399409810965072,0
17063,1.3546969741506918,0
17064,0.5518010361562982,0
17065,3.0529657476016845,0
17066,0.9821477304306538,0
17067,0.5767210554828528,0
17068,0.672682292458608,0
17069,0.7419567248086772,0
17070,2.6149960377849166,0
17071,0.4432452107693542,0
17072,0.3544598510331526,0
17073,0.3926787173549691,0
17074,2.8791701349341605,0
17075,0.20210143028956176,0
17076,1.1112703224986709,0
17077,1.7891220374713577,0
17078,0.28670832718154987,0
17079,0.48417743636224864,0
17080,0.5201939277031961,0
17081,0.3515447937242515,0
17082,1.547688238913975,0
17083,0.7495309514639826,0
17084,1.003452394858043,0
17085,1.4394522715558797,0
17086,2.2578344068931018,0
17087,1.1752182110503477,0
17088,0.5438887992780609,0
17089,0.7648507933451688,0
17090,0.5701879385470904,0
17091,1.3342372850221869,0
17092,0.2973561153752245,0
17093,0.5553881761536609,0
17094,0.6679737533429859,0
17095,0.37122438259859997,0
17096,0.239517891709797,0
17097,2.517100403027954,0
17098,0.35692305395352525,0
17099,0.4961991695746848,0
17100,2.7487832740134612,0
17101,0.6664131873858337,0
17102,0.7188703998272745,0
17103,0.9072984768218236,0
17104,0.29723881723878637,0
17105,0.6391129127034357,0
17106,0.19753731105592112,0
17107,1.2273055725870496,0
17108,0.660366697975835,0
17109,1.2225833467947709,0
17110,0.20877025204312855,0
17111,1.652252190375887,0
17112,3.8485058650591335,1
17113,0.4913658383723766,0
17114,0.2480039483497792,0
17115,1.1598430350809472,0
17116,0.5304008366104308,0
17117,0.32384956424976624,0
17118,2.1347697127852494,0
17119,1.276475681919095,0
17120,0.9443837636889216,0
17121,1.8265747281617282,0
17122,0.3099964464868247,0
17123,0.3345189896936095,0
17124,1.6917034734196341,0
17125,2.0559614588479476,0
17126,0.5790834298447486,0
17127,0.7389549340793532,0
17128,0.7327401738304113,0
17129,0.4275496226736562,0
17130,0.8019207278491229,0
17131,0.12432287318578893,0
17132,0.8638074505417674,0
17133,1.491740825701226,0
17134,0.3582244714930822,0
17135,0.9735738563343558,0
17136,1.4777931534949,0
17137,1.1251358523751671,0
17138,2.3594495077048565,0
17139,1.7159494468312853,0
17140,0.39916442218920356,0
17141,1.3721598711718703,0
17142,2.061568752293883,0
17143,2.1267562243045135,0
17144,1.7349742825423324,0
17145,0.5050575362510801,0
17146,0.3575267091484926,0
17147,1.383203292735369,0
17148,0.6478447731133296,0
17149,1.49835027062593,0
17150,0.3537909451947268,0
17151,1.4793504962006032,0
17152,2.253693417341422,0
17153,2.2477915676513383,0
17154,0.7151364933311481,0
17155,1.330924371130675,0
17156,4.374778524248415,1
17157,0.2573492368738078,0
17158,0.7302809032094157,0
17159,1.824805650043377,0
17160,0.598087088422416,0
17161,0.5289963237414322,0
17162,1.6784651953788947,0
17163,0.380766740438501,0
17164,1.4382980410973298,0
17165,1.3603744082849554,0
17166,0.18794997201362465,0
17167,1.9137502890806102,0
17168,0.6071183246366549,0
17169,0.29144042238936074,0
17170,0.6522113515818336,0
17171,0.6588172017826699,0
17172,0.2992861364170841,0
17173,0.2815268322408395,0
17174,2.4670150508687936,0
17175,0.5557212830384817,0
17176,0.9915155862655262,0
17177,2.4471350940408922,0
17178,1.2043813806166865,0
17179,1.7502852295322109,0
17180,2.1342096950977396,0
17181,0.9176793067395336,0
17182,1.0337411525113536,0
17183,1.6537920744853054,0
17184,1.2813178921706576,0
17185,0.34525605146313326,0
17186,0.716389213907589,0
17187,0.8282010420612423,0
17188,2.976229083211456,0
17189,1.6587907516337832,0
17190,1.2588426466936453,0
17191,1.6143915220665248,0
17192,3.2394923466724523,1
17193,1.8726513119534332,0
17194,3.2463851593455257,1
17195,1.321642562419929,0
17196,1.0283905238369573,0
17197,0.4990728520606473,0
17198,0.30386005932497795,0
17199,0.5067099749667594,0
17200,0.3169664704971511,0
17201,3.7368069527201304,1
17202,1.3597507618749949,0
17203,1.0704219454080615,0
17204,3.2366237994158453,1
17205,1.0749871914635025,0
17206,1.3570308268479379,0
17207,0.8420623254912244,0
17208,0.9110515636224147,0
17209,0.4594655926622522,0
17210,0.7370762741005278,0
17211,0.2489547743597918,0
17212,1.2362997737706116,0
17213,1.5407637441035966,0
17214,0.3265359955503344,0
17215,0.26937934570969096,0
17216,2.1493253333060025,0
17217,0.13604989184474967,0
17218,0.8093792924869395,0
17219,1.2795481255793897,0
17220,0.2743109536221121,0
17221,0.3224207361534772,0
17222,0.5031458525006475,0
17223,0.5841411613576624,0
17224,0.4023476181495998,0
17225,1.3953279579284903,0
17226,0.5102272484268784,0
17227,0.9744237345797074,0
17228,0.5414465464648378,0
17229,0.5447189003486999,0
17230,1.168753135094169,0
17231,1.787824462154887,0
17232,2.564648408875008,0
17233,0.5276215225972689,0
17234,1.160806118110098,0
17235,0.6320055205205544,0
17236,0.9814775581902305,0
17237,0.5846508341947873,0
17238,0.7999214431148111,0
17239,1.8729077962119582,0
17240,1.6194718023332628,0
17241,1.0436760096878996,0
17242,1.1816044516312294,0
17243,0.5162426671937526,0
17244,1.731277193848036,0
17245,0.8500493612490955,0
17246,0.8517727966180945,0
17247,2.140936446649894,0
17248,1.7136585006862752,0
17249,0.8084949853884494,0
17250,0.5025808830613931,0
17251,1.2854820662937905,0
17252,1.867245433439719,0
17253,1.388987889307363,0
17254,1.5401848029954972,0
17255,0.9531307450126588,0
17256,0.6563740961685318,0
17257,0.5396774453722365,0
17258,1.3524024145474967,0
17259,2.32655637158512,0
17260,0.9415505598204609,0
17261,0.6143458127928748,0
17262,0.3680737866981662,0
17263,0.7079390380671919,0
17264,2.082182810621837,0
17265,2.494522595391224,0
17266,0.6170356144884442,0
17267,1.2482514129617923,0
17268,1.2665149393609467,0
17269,0.44293469627816023,0
17270,0.4313491757861166,0
17271,2.0321997320856315,0
17272,0.8543200939433478,0
17273,0.9502110171969277,0
17274,0.5688340668515008,0
17275,1.1988524400486895,0
17276,0.4524634535917844,0
17277,0.4708126208247371,0
17278,0.6637155240433914,0
17279,1.5232805073237345,0
17280,0.414615451785663,0
17281,1.8383615065437722,0
17282,0.4844350003330117,0
17283,0.7986084802563861,0
17284,0.4419010743179922,0
17285,2.1618196589973695,0
17286,1.223932053956172,0
17287,1.653473567512813,0
17288,0.9860374731785679,0
17289,2.6577830079656652,0
17290,3.3660366200179146,1
17291,0.49220426172447557,0
17292,1.9495907361325395,0
17293,0.9313424853734699,0
17294,1.3585038057811618,0
17295,4.412875256604265,1
17296,3.737588172172218,1
17297,0.880133408402073,0
17298,0.5596797779336598,0
17299,0.5474566684056725,0
17300,0.5858754848286198,0
17301,0.6980864222430128,0
17302,1.0115651678145972,0
17303,1.4173497112632538,0
17304,1.6857461580319963,0
17305,0.3111656460357903,0
17306,1.111879089505424,0
17307,1.26740562515852,0
17308,1.1861775461161483,0
17309,1.58094884600012,0
17310,1.620678224847657,0
17311,1.6353740971549147,0
17312,0.6239869115881567,0
17313,0.30168325577150146,0
17314,0.9624677666771302,0
17315,1.213056411306978,0
17316,1.9901359591286591,0
17317,1.2856429499947422,0
17318,2.471047663227694,0
17319,1.9665777008273682,0
17320,1.6575472117987444,0
17321,3.698444560587269,1
17322,1.6950392919469346,0
17323,1.9252874367943633,0
17324,2.841801625714827,0
17325,0.3415267589811167,0
17326,1.373925346243511,0
17327,1.407599399697684,0
17328,1.671722313213252,0
17329,0.5896062384131943,0
17330,0.7986143200269884,0
17331,1.0667640935802258,0
17332,0.31504667267803044,0
17333,0.6553653508112979,0
17334,2.495412930507001,0
17335,4.273284618224295,1
17336,0.9366484553045205,0
17337,1.8306502967951108,0
17338,1.8724988337129358,0
17339,1.699466443882941,0
17340,6.590461455244059,1
17341,0.7264154358443817,0
17342,1.3916345367177336,0
17343,1.0299188666429968,0
17344,1.1051764053964406,0
17345,0.8559857549689384,0
17346,0.7956918521810984,0
17347,0.5684552790533905,0
17348,1.0854206782079474,0
17349,2.0508615429914507,0
17350,0.6650951913551989,0
17351,1.0343103279406647,0
17352,0.4878916082185863,0
17353,0.3163200782991608,0
17354,0.5541718393286897,0
17355,0.42993671629476254,0
17356,2.3093867523243943,0
17357,0.9147230203405775,0
17358,1.3120481205258396,0
17359,2.804769459223455,0
17360,1.9702934233235045,0
17361,1.482879425629636,0
17362,1.4369580634986086,0
17363,1.2515961149838384,0
17364,1.2276955573343389,0
17365,1.8901557614644788,0
17366,1.5216977480035916,0
17367,2.3740786189167045,0
17368,1.743139093436661,0
17369,0.5625968050058823,0
17370,1.0559914308119829,0
17371,1.0214073780774346,0
17372,1.4468586891607413,0
17373,0.3465967759168676,0
17374,1.1082722217480765,0
17375,2.0800324592637405,0
17376,0.2623981649993474,0
17377,0.9208401779184691,0
17378,2.054226928420616,0
17379,1.4821880592147734,0
17380,2.6106422314874833,0
17381,0.7054219377401595,0
17382,0.9946943532374214,0
17383,1.132340745041975,0
17384,0.7605150869225845,0
17385,3.3863187689108347,1
17386,1.2098731494659392,0
17387,0.4481175171988057,0
17388,2.097161351835142,0
17389,1.314442005444602,0
17390,0.5566373090142354,0
17391,0.45696878370082705,0
17392,1.6200742833104091,0
17393,0.8106632051482703,0
17394,0.2519986747097198,0
17395,0.9780582639822417,0
17396,0.4796846405856082,0
17397,0.205048736768907,0
17398,2.9879099834545153,0
17399,0.4425749787974155,0
17400,0.44653523456806715,0
17401,1.3039591367063883,0
17402,2.6197277245474098,0
17403,0.8757905009811952,0
17404,1.3326856272293208,0
17405,0.3363895382262619,0
17406,0.9944784938714732,0
17407,1.4429826725060042,0
17408,0.26212433472934865,0
17409,1.128207413155022,0
17410,0.34201809838633956,0
17411,0.4035056402506835,0
17412,0.31080271500292406,0
17413,0.8660102690893728,0
17414,2.3487931532096704,0
17415,3.0861045558217066,1
17416,1.7377772796402229,0
17417,1.662396510242638,0
17418,0.8843352087564665,0
17419,0.7354698245151636,0
17420,1.7938432716867838,0
17421,1.763049111381583,0
17422,2.2075997377739465,0
17423,0.9414518088379774,0
17424,0.869682258960146,0
17425,0.3603090336202015,0
17426,1.1407402295018723,0
17427,1.9987898794683752,0
17428,0.4353662407470332,0
17429,1.2110866922163734,0
17430,0.6155923349508755,0
17431,1.4976243416055086,0
17432,0.7861269330173086,0
17433,0.8640670157096919,0
17434,0.7006209700467402,0
17435,1.6767119619644812,0
17436,0.7450478548582851,0
17437,0.4959701379439467,0
17438,0.541854444965092,0
17439,1.0080353735922953,0
17440,1.097229981610423,0
17441,0.7385232049970593,0
17442,0.5594566979934523,0
17443,0.6347831096557767,0
17444,0.40621084375365285,0
17445,2.6928482752943474,0
17446,0.6715627495100435,0
17447,0.8286479294422678,0
17448,1.3023142434393007,0
17449,1.8960808632075745,0
17450,0.7737032489064376,0
17451,2.744513362071561,0
17452,0.5636241645795639,0
17453,1.8831559807544072,0
17454,1.1161033943731877,0
17455,0.9605905311293199,0
17456,1.4804276355333397,0
17457,1.9342579606344572,0
17458,1.733962502213284,0
17459,1.0613943377011876,0
17460,2.0269866676502213,0
17461,1.4034046915083849,0
17462,0.9267872905854715,0
17463,0.8272812108632834,0
17464,1.8521568167061573,0
17465,3.234811736929833,1
17466,0.9131666952293269,0
17467,0.4668800043832185,0
17468,1.1167926744292807,0
17469,0.4028403504929352,0
17470,0.32020657689893367,0
17471,1.9590433642544143,0
17472,0.3298065099922706,0
17473,2.025012400616677,0
17474,1.8083567041863986,0
17475,3.4700010968528674,1
17476,0.8187091993111337,0
17477,1.4526411657344613,0
17478,0.35558584080278394,0
17479,1.8385362041401612,0
17480,0.9113220815647985,0
17481,0.45866651456829416,0
17482,2.097248627849034,0
17483,0.8993896060304358,0
17484,1.915649899264815,0
17485,1.0376358016568015,0
17486,0.30626290989379534,0
17487,0.8194263995950052,0
17488,0.905464493670689,0
17489,2.3213562127589373,0
17490,1.0836857785435725,0
17491,1.2318923315619512,0
17492,0.3659431914083093,0
17493,1.4741731081816625,0
17494,0.4858051971838956,0
17495,0.49462824330419425,0
17496,0.744018694817476,0
17497,0.7626625612251721,0
17498,1.2249733027775305,0
17499,0.5149391789790061,0
17500,1.7515899279356342,0
17501,0.7804756629577901,0
17502,0.667110164704098,0
17503,1.4284022197054134,0
17504,1.2943243252857666,0
17505,2.40152385876732,0
17506,1.5248657608926381,0
17507,1.6733368037614218,0
17508,2.2723090784920736,0
17509,0.8723681027462465,0
17510,0.7424941566849977,0
17511,0.7934890779005331,0
17512,0.571888182227232,0
17513,0.7486623553108454,0
17514,1.1023461708691897,0
17515,1.4972009926362477,0
17516,1.2689491418225678,0
17517,1.0180365894472607,0
17518,1.258471951108447,0
17519,1.450623764577217,0
17520,0.9116720657416705,0
17521,2.0307997677460676,0
17522,0.4994429375524362,0
17523,1.259084588963315,0
17524,0.3663841185162957,0
17525,0.7492724893881213,0
17526,1.2335574119068862,0
17527,1.0740984823109965,0
17528,6.747887409945432,1
17529,1.7638698328881306,0
17530,0.3637650662386683,0
17531,0.9296345830197464,0
17532,0.7828230748525324,0
17533,1.4482708604282963,0
17534,0.6288021443682327,0
17535,0.7263397424635796,0
17536,1.9135918106484804,0
17537,0.7942215550817828,0
17538,0.48423663589869703,0
17539,1.198440754599595,0
17540,1.0628780141201448,0
17541,1.377571003058567,0
17542,0.2830353732125127,0
17543,1.2701889787071645,0
17544,1.4628002590106453,0
17545,0.380692069669003,0
17546,1.7675364936573013,0
17547,1.373518917224559,0
17548,0.4374465489868313,0
17549,1.7482121623503717,0
17550,2.468548005844708,0
17551,0.4053751748531905,0
17552,0.394919955822377,0
17553,1.1147689827141274,0
17554,1.3087425494324143,0
17555,1.0158064405982552,0
17556,0.4966299054293543,0
17557,0.9561247379295835,0
17558,0.7096920731641172,0
17559,0.34227529482098895,0
17560,0.32992620882000345,0
17561,2.063962903637317,0
17562,1.0603644732390856,0
17563,0.8428602587839868,0
17564,0.9353495367056088,0
17565,1.0191968358964099,0
17566,1.00096307068985,0
17567,0.4287175891302939,0
17568,0.8117950656938203,0
17569,0.9744422641955514,0
17570,3.571725088431543,1
17571,0.9098720291206973,0
17572,2.312740486856958,0
17573,1.3231546299173351,0
17574,0.43247850802731475,0
17575,2.0282797243504564,0
17576,1.794799501192238,0
17577,1.2072284674107068,0
17578,0.5846464478938935,0
17579,0.7106624597123425,0
17580,1.4450751386047336,0
17581,0.8732189259969824,0
17582,1.975079423550505,0
17583,1.271325458984575,0
17584,0.48157737507492965,0
17585,1.276144372244723,0
17586,0.7611538741246785,0
17587,0.9631798163975485,0
17588,0.3318826397655249,0
17589,0.8777010503805488,0
17590,1.8455172352175946,0
17591,1.905465395345024,0
17592,0.7261746149506126,0
17593,1.5822057924520485,0
17594,1.321341159890212,0
17595,1.4528123931419472,0
17596,2.2474124901933097,0
17597,0.3222306978639415,0
17598,1.0811022406745203,0
17599,2.2555549562340804,0
17600,1.600531927901117,0
17601,0.39157594549756847,0
17602,0.47994987414730417,0
17603,0.5627890797307843,0
17604,0.9208973994519648,0
17605,0.911762380913274,0
17606,1.3073603174059298,0
17607,1.1147458083618444,0
17608,0.9487456723596179,0
17609,1.0127623118959737,0
17610,0.5639180180243083,0
17611,0.6856125751554726,0
17612,2.184898577584724,0
17613,3.3459002319493307,1
17614,0.6507218634217845,0
17615,3.3006920002793096,1
17616,0.7794469355565047,0
17617,3.8327971326058123,1
17618,1.7893917623439037,0
17619,1.3160986456053663,0
17620,0.5682013133773424,0
17621,0.502725138091245,0
17622,1.3027690815186277,0
17623,1.0624792650139792,0
17624,1.7597094625026426,0
17625,1.5326282596874339,0
17626,1.0045849714498138,0
17627,1.5838782387379737,0
17628,0.9941219033898233,0
17629,0.5356641071564828,0
17630,1.6782473052773916,0
17631,0.7202777722906134,0
17632,0.43131478455763234,0
17633,0.31090719198797534,0
17634,2.1720349960306606,0
17635,0.5530325969449688,0
17636,1.2553415783826325,0
17637,0.5607540403138132,0
17638,1.3118684984103082,0
17639,0.45153744473160984,0
17640,0.18727298096270287,0
17641,0.455843672434671,0
17642,1.6646366906056447,0
17643,0.6987569540995421,0
17644,1.251193417309878,0
17645,1.2808317122149708,0
17646,1.265423576707119,0
17647,0.33336040744343426,0
17648,0.6891416119190803,0
17649,1.4035472547869348,0
17650,0.8280013060841436,0
17651,1.9781789768902023,0
17652,3.6361415222972777,1
17653,0.8377596229398009,0
17654,1.2146447902859832,0
17655,0.36620394975703296,0
17656,1.600955327154061,0
17657,0.32738201426525493,0
17658,2.1387249744760197,0
17659,2.0504210485973755,0
17660,4.492873812196304,1
17661,2.104285614830069,0
17662,6.051672589754085,1
17663,1.3295664861099588,0
17664,0.6897255636183731,0
17665,0.39433168635953203,0
17666,1.7403218765274209,0
17667,1.2162753963562174,0
17668,1.0935753431557744,0
17669,1.5132665803059686,0
17670,0.6629317696748652,0
17671,0.3696370607774337,0
17672,0.7813613936942032,0
17673,1.5393359140495244,0
17674,2.9141110486323494,0
17675,0.812736545252693,0
17676,2.948402603135748,0
17677,3.9352100809866237,1
17678,3.129098921990682,1
17679,0.5660679317427253,0
17680,1.1286208754259623,0
17681,0.5618152744073798,0
17682,1.782620619413692,0
17683,0.7318960835469689,0
17684,0.42333897580673435,0
17685,1.4155288874491359,0
17686,0.3934829056484905,0
17687,0.9898436889417758,0
17688,2.016665302221809,0
17689,0.7944542813459398,0
17690,1.4280065970301132,0
17691,1.4804718112954078,0
17692,0.835169045968022,0
17693,0.8321011775465773,0
17694,1.3196881954327138,0
17695,4.552309346386708,1
17696,0.8971178424040541,0
17697,1.496875084149037,0
17698,1.1562874359668562,0
17699,1.0240788529879998,0
17700,1.1136255324490605,0
17701,2.495795734979496,0
17702,0.7289852946460876,0
17703,8.05446610001243,1
17704,1.043327316889015,0
17705,1.0545888584641117,0
17706,1.7622225795416162,0
17707,1.0083321097219138,0
17708,0.7534264419204053,0
17709,0.6852763751761688,0
17710,1.8725348833354116,0
17711,1.9951860111945743,0
17712,0.9401391591287697,0
17713,0.6530278485403475,0
17714,1.558976245692104,0
17715,1.9759580567872215,0
17716,3.9399273454313026,1
17717,1.8382814114415529,0
17718,2.5266578475177854,0
17719,1.8006038832317126,0
17720,1.135748091895695,0
17721,1.7329188195818126,0
17722,0.9295488827347927,0
17723,0.40797879783233404,0
17724,2.3929243215371088,0
17725,2.745589071764501,0
17726,1.6154670266298938,0
17727,1.9778505160974598,0
17728,1.7157092357210526,0
17729,1.5135817195910615,0
17730,1.5671332047050186,0
17731,0.7843775008603976,0
17732,1.9498880986273406,0
17733,0.42275994836311204,0
17734,2.2846284234716046,0
17735,1.2753375234559425,0
17736,1.7249669018184393,0
17737,1.5379082515751017,0
17738,1.0358554475240749,0
17739,1.7296603095399634,0
17740,3.166987755017126,1
17741,2.866525428347944,0
17742,0.8305035884248465,0
17743,1.8002071057127653,0
17744,1.8500157900106529,0
17745,1.4934467451072706,0
17746,1.206017671198696,0
17747,1.76030241507424,0
17748,2.970286201174146,0
17749,1.9823295419831253,0
17750,1.108842613437788,0
17751,1.3250106321519033,0
17752,2.0689272534754357,0
17753,1.3069726139591773,0
17754,3.925016287010585,1
17755,0.8653761702747882,0
17756,2.3240752732858625,0
17757,1.4900686013907263,0
17758,1.2162414035716618,0
17759,1.2013390674441788,0
17760,0.6010176217842865,0
17761,1.2387706984679165,0
17762,2.807786556106455,0
17763,1.2473606861691247,0
17764,0.834375078248838,0
17765,1.7208679056308887,0
17766,1.2302350218854678,0
17767,4.624516829154071,1
17768,0.9825064194283064,0
17769,1.8700365277854312,0
17770,0.4918086126529817,0
17771,0.7456447898381303,0
17772,1.5479412740145853,0
17773,0.8223340924196102,0
17774,2.1013819049277283,0
17775,1.8118758529709225,0
17776,2.7304911954790487,0
17777,0.679908424187096,0
17778,3.3998469268711196,1
17779,1.0110124078135363,0
17780,2.3216765993479314,0
17781,1.3721950674373915,0
17782,2.154459440092149,0
17783,0.8459094918073672,0
17784,1.4436262471340753,0
17785,3.3823366689784233,1
17786,0.4729339450799403,0
17787,1.859908740642262,0
17788,1.7189511750307556,0
17789,1.3645212945167557,0
17790,1.6474275144135315,0
17791,2.141632825940547,0
17792,0.3830580267577085,0
17793,1.8869302194185302,0
17794,1.6232926847476759,0
17795,2.6542039757964724,0
17796,0.8388446117302047,0
17797,1.8226749874229318,0
17798,0.9931686215624497,0
17799,0.31409630075384937,0
17800,0.409109919239172,0
17801,1.1171657397186472,0
17802,1.653025075817164,0
17803,0.6671418504097741,0
17804,0.694608150136219,0
17805,1.7336801127389971,0
17806,1.385939710979739,0
17807,0.5080098510495542,0
17808,1.2842542207474597,0
17809,1.0293356351942857,0
17810,0.5339486432076743,0
17811,0.4549655950979545,0
17812,0.5669521411866324,0
17813,0.31644070231455446,0
17814,1.1844791017296687,0
17815,0.4114457509039879,0
17816,0.32470355034506854,0
17817,1.006936036824718,0
17818,0.8547501457910437,0
17819,0.5740165851773872,0
17820,1.2053674360196012,0
17821,0.34797489729488335,0
17822,0.8125163469490794,0
17823,1.5699797742802657,0
17824,0.41085182793046365,0
17825,0.526688046840311,0
17826,0.7260805479506502,0
17827,2.5628311107623256,0
17828,0.4676987322690514,0
17829,0.6450671358224167,0
17830,5.563474352566206,1
17831,1.4822867049980946,0
17832,1.5363989260705935,0
17833,1.0532870226798638,0
17834,0.5484238683588465,0
17835,0.9291984916139547,0
17836,1.2599590427406804,0
17837,0.3834638679198477,0
17838,1.4931217707692155,0
17839,1.9939040818529354,0
17840,0.9754886226246551,0
17841,0.42754516961599187,0
17842,0.6183720826290443,0
17843,2.9389020144220956,0
17844,1.4371855328095626,0
17845,2.529252885950442,0
17846,1.6888157869870235,0
17847,0.6613752339285541,0
17848,0.6075156449643032,0
17849,1.0779277601546264,0
17850,0.6005982643026417,0
17851,0.6234400268315717,0
17852,0.5383983073968497,0
17853,0.9184662518573052,0
17854,0.6999872928783304,0
17855,1.1753614448638934,0
17856,0.5771487362985677,0
17857,0.4741788491132734,0
17858,1.0260124779032982,0
17859,0.5098254653031514,0
17860,1.8395683030056333,0
17861,0.19148040332405245,0
17862,1.9258138870431256,0
17863,0.7743503426542689,0
17864,0.9042573007578993,0
17865,1.745839973834727,0
17866,2.099017498485337,0
17867,0.8046466711277572,0
17868,0.42756747680151236,0
17869,2.591322377303297,0
17870,0.4039491794834403,0
17871,0.5801882321594153,0
17872,0.34489937027096984,0
17873,1.3815526695017324,0
17874,2.064379534133214,0
17875,2.815470702266345,0
17876,1.880088321525095,0
17877,0.3487103615141591,0
17878,0.5184583992321521,0
17879,0.782648507466838,0
17880,1.2577430350024175,0
17881,0.592032543363172,0
17882,0.94279439882456,0
17883,0.16711709461379626,0
17884,0.530119315051386,0
17885,0.3149516383514833,0
17886,0.5261924412045218,0
17887,0.9318232113066159,0
17888,4.06154940154251,1
17889,2.0258030143487447,0
17890,0.5357889498270136,0
17891,1.393387902979489,0
17892,1.3037371876496755,0
17893,1.9706625136130895,0
17894,1.8247419064169854,0
17895,1.2747837894041647,0
17896,1.2194180160466246,0
17897,0.49784371520924275,0
17898,0.3375869682820175,0
17899,0.3537167811321648,0
17900,1.995383747654294,0
17901,0.938497177117696,0
17902,1.1699278047327855,0
17903,1.961267675084215,0
17904,1.0775170560249598,0
17905,0.6924081805965959,0
17906,1.4772857049242665,0
17907,1.4017486207383612,0
17908,1.6288851043174017,0
17909,1.3199547254932082,0
17910,1.770596339183461,0
17911,0.31636907619535154,0
17912,1.3796906213621536,0
17913,0.7293092756214749,0
17914,2.4645028406355807,0
17915,1.493560182852791,0
17916,0.6901653641335048,0
17917,0.4876616251076399,0
17918,0.9432762869727594,0
17919,1.3127807737060633,0
17920,0.24964887468831548,0
17921,1.6268400395146771,0
17922,1.6705866187234462,0
17923,1.1865205739378122,0
17924,0.7669172452919163,0
17925,0.8630167433497464,0
17926,1.5226684367376675,0
17927,0.972399982690656,0
17928,2.5714885056933623,0
17929,0.7693202036815155,0
17930,0.606837410211625,0
17931,2.9069644337543323,0
17932,0.7904666876060725,0
17933,2.3256968981303983,0
17934,1.8527052202610714,0
17935,0.5389638557266017,0
17936,0.3234179112426933,0
17937,2.4024100581725225,0
17938,2.0354723023797443,0
17939,0.6619971590282664,0
17940,1.017256930779555,0
17941,0.6741560658630309,0
17942,2.6338613476188515,0
17943,0.579470122701378,0
17944,1.7734467041983433,0
17945,1.1269120723201653,0
17946,1.5354569440381247,0
17947,0.961325398267282,0
17948,0.4629206982117879,0
17949,0.7242495199877442,0
17950,1.5131092915863182,0
17951,1.881180462514869,0
17952,0.27259820079656333,0
17953,0.7271226899880873,0
17954,0.8620883969393187,0
17955,0.5584187912250591,0
17956,0.4773319761736733,0
17957,1.000031290751565,0
17958,1.7093346284735702,0
17959,0.8474285777165175,0
17960,1.040495005431361,0
17961,0.8600716217750133,0
17962,2.044149558091509,0
17963,2.04752237614508,0
17964,0.4261090271397566,0
17965,1.0593349520991153,0
17966,0.850144292667102,0
17967,0.9977618230117675,0
17968,3.833852659419892,1
17969,0.42118674999365224,0
17970,2.4086044842701053,0
17971,0.9747033845181733,0
17972,2.668908450981784,0
17973,1.7304020224744419,0
17974,1.3829594008380837,0
17975,0.5491041818723982,0
17976,0.5534239980940884,0
17977,0.8944889336633945,0
17978,0.38484406725156195,0
17979,0.7156144156783152,0
17980,0.6398912168930233,0
17981,1.9013429722607667,0
17982,0.9745024810597281,0
17983,0.394723700581679,0
17984,2.0883362032135406,0
17985,1.680376743803688,0
17986,2.0638198470464664,0
17987,1.2939380121393251,0
17988,2.312264615679624,0
17989,0.6495452188737958,0
17990,0.7661284063817313,0
17991,0.3896902767534014,0
17992,4.01800470721042,1
17993,1.0160298067080238,0
17994,1.3359037336732498,0
17995,0.34520274243822296,0
17996,1.667377003201661,0
17997,1.156797525205784,0
17998,3.57522566750107,1
17999,0.9035261018801906,0
18000,1.571006308218323,0
18001,1.823606081385538,0
18002,0.3577629392457753,0
18003,2.511487172013163,0
18004,2.2332415575315725,0
18005,0.6756994889537299,0
18006,2.9107965373336717,0
18007,1.792377193049711,0
18008,1.888940311022091,0
18009,2.0239478562366617,0
18010,0.787880715907281,0
18011,0.3673277565742847,0
18012,2.1582644809102,0
18013,1.2094490530712814,0
18014,2.1519169910070164,0
18015,0.4636299668736644,0
18016,1.77995385326684,0
18017,0.4495937067731372,0
18018,0.5886043569667585,0
18019,2.083209628277003,0
18020,1.157626405057385,0
18021,0.9946728631169964,0
18022,0.5075884621892032,0
18023,0.3220986853578946,0
18024,1.5687814185297015,0
18025,0.38733432355320835,0
18026,1.808943846461435,0
18027,0.5321821505931975,0
18028,0.6787449564356244,0
18029,2.5414854206766395,0
18030,0.5697926995483822,0
18031,0.4167523546523963,0
18032,1.3221508647340001,0
18033,2.1977465739561977,0
18034,1.0967392318109266,0
18035,1.8262420647337285,0
18036,1.1001366234673833,0
18037,0.25170617825828917,0
18038,2.094588173137505,0
18039,1.9295671579405782,0
18040,1.659639619818545,0
18041,1.6540222617700981,0
18042,1.7743451779715753,0
18043,0.671363866687381,0
18044,0.514122829394471,0
18045,0.6053163472594479,0
18046,1.3421118117816813,0
18047,1.4434638466673448,0
18048,0.894290863480394,0
18049,0.9835687965097797,0
18050,1.0039559495336083,0
18051,0.8632469774064572,0
18052,4.3170242656258875,1
18053,0.9259602690204775,0
18054,1.4470474637045792,0
18055,0.39831046564758016,0
18056,2.180732223236894,0
18057,1.5988807606119992,0
18058,2.4639007262282555,0
18059,1.361081538612927,0
18060,1.2541447975954627,0
18061,3.0476655396214136,0
18062,1.3992862892778282,0
18063,1.1289869481338075,0
18064,1.2101600972099091,0
18065,0.6811961634987345,0
18066,1.73442867953263,0
18067,1.083809540988937,0
18068,0.73692152674547,0
18069,1.8037023091076112,0
18070,0.5966284908343058,0
18071,0.7553567249602743,0
18072,1.0824515975055,0
18073,1.2450560760753298,0
18074,1.3465373440671013,0
18075,0.9325031177590527,0
18076,0.46149204962627166,0
18077,0.8795427102260984,0
18078,2.1946718474866107,0
18079,0.4869825454942988,0
18080,0.7334774807266009,0
18081,1.171603410420851,0
18082,0.5923401629957328,0
18083,1.8851411872456,0
18084,0.24237974531274972,0
18085,1.9544576041776234,0
18086,0.7527126955778195,0
18087,1.4402616667747588,0
18088,1.627378100444879,0
18089,0.7427175212902675,0
18090,3.6115351171468983,1
18091,2.4221549381755856,0
18092,2.655708805625996,0
18093,5.057786838675993,1
18094,1.9312966297309093,0
18095,1.4972555530220566,0
18096,3.065657643691984,0
18097,1.173329534926307,0
18098,2.604683150284926,0
18099,2.085373239617672,0
18100,1.8349822255262287,0
18101,2.592554912337035,0
18102,1.851349104133311,0
18103,1.4846694230563189,0
18104,0.42000913454037625,0
18105,2.3379378741984262,0
18106,2.889846757744676,0
18107,3.877227099827221,1
18108,1.5902890749969898,0
18109,1.250555081372034,0
18110,1.8294793591791234,0
18111,1.049715527789703,0
18112,0.4661926164812636,0
18113,0.35897389607616076,0
18114,1.6324980640295073,0
18115,6.7516095142073835,1
18116,1.1590913134753291,0
18117,1.7320650581565957,0
18118,3.1141109684023145,1
18119,0.5840797028946184,0
18120,1.1031305969453036,0
18121,1.6812078985704173,0
18122,1.4749928086425572,0
18123,0.8890256530277271,0
18124,2.433702292875383,0
18125,0.8998593971820679,0
18126,2.116060667902229,0
18127,0.9452387465217063,0
18128,1.261686034696225,0
18129,0.7119314670348176,0
18130,1.2535785832103277,0
18131,3.2713618235840483,1
18132,1.5352850532711702,0
18133,1.673959238830585,0
18134,0.38091517223972776,0
18135,1.990735323566475,0
18136,2.0901217552674627,0
18137,1.5979357521899715,0
18138,1.096724892029949,0
18139,0.8338629830023405,0
18140,2.1941054355363057,0
18141,2.915261538084658,0
18142,3.2060254971850175,1
18143,4.14370966000798,1
18144,1.6106777249931528,0
18145,0.6989358032716454,0
18146,0.7354060776354326,0
18147,1.2992499928074894,0
18148,1.01669144556293,0
18149,2.870696977354325,0
18150,1.8037073065313804,0
18151,1.2668427116741912,0
18152,0.7426200069474486,0
18153,0.689761715859545,0
18154,0.44334595320028974,0
18155,1.3208914530470597,0
18156,1.0615232344220058,0
18157,2.27457125897074,0
18158,1.0936733891058699,0
18159,2.0881255471897973,0
18160,1.2702216040126855,0
18161,1.123896099599043,0
18162,1.665514856796261,0
18163,0.6385817736315517,0
18164,0.7768250528095191,0
18165,0.35264924772298356,0
18166,0.25147533518839565,0
18167,3.0223764325090796,0
18168,1.377446549284104,0
18169,1.3152604150029024,0
18170,0.4601262642540635,0
18171,1.1640784744775787,0
18172,0.6922369694402472,0
18173,0.9152489774556687,0
18174,0.7765132435912911,0
18175,1.0440813329214456,0
18176,2.223007642016592,0
18177,1.1618710772966205,0
18178,1.165104722475882,0
18179,2.3144879937252756,0
18180,0.6154611368716102,0
18181,1.2733338017690314,0
18182,0.7613649350049412,0
18183,0.5194284943968519,0
18184,0.9915832303014624,0
18185,3.59445434694202,1
18186,1.7995800956906731,0
18187,0.4387492768582355,0
18188,1.4344148268565393,0
18189,1.3687701891609558,0
18190,1.4717876898248754,0
18191,0.4865015037517868,0
18192,0.816826126032198,0
18193,1.0501381660000761,0
18194,2.540666076113686,0
18195,0.327846957661869,0
18196,0.8661430952563313,0
18197,1.6376614379073346,0
18198,1.173487645205491,0
18199,0.678407368862322,0
18200,2.2600093886541597,0
18201,1.626907107729073,0
18202,1.7035206017479405,0
18203,0.9032292136313553,0
18204,1.2542075707790457,0
18205,1.7349760623124089,0
18206,2.3833299941920445,0
18207,1.2137910456810173,0
18208,1.572635866798305,0
18209,4.554140198796426,1
18210,0.5855186848301722,0
18211,0.6157893377745244,0
18212,0.22551547449834827,0
18213,4.517362419283161,1
18214,2.1792591685309683,0
18215,2.4822686051568637,0
18216,3.3431803041191035,1
18217,1.0449307626847095,0
18218,0.7722650502708439,0
18219,0.7306521165455188,0
18220,1.8007341446633245,0
18221,1.053449102352464,0
18222,1.0132318055635712,0
18223,2.1960464351047055,0
18224,1.0890683605873537,0
18225,1.2073452113746477,0
18226,0.45725832164173824,0
18227,1.2760720460799904,0
18228,1.5206479597370544,0
18229,1.2153770352767193,0
18230,2.025456325935073,0
18231,1.7763333839151974,0
18232,1.7245344361263577,0
18233,4.711686096017186,1
18234,1.4995188368363201,0
18235,0.9748013349045208,0
18236,0.5660608545136713,0
18237,0.7380569670630569,0
18238,1.5920830904655137,0
18239,3.627592061268459,1
18240,1.5459693772343306,0
18241,1.2264438970065243,0
18242,2.5124664650562276,0
18243,1.9288858243749647,0
18244,1.7824704957674755,0
18245,3.600861835383506,1
18246,0.9253692854298768,0
18247,2.1904713107621236,0
18248,0.509093877431799,0
18249,0.7840338362076237,0
18250,1.1922505703817095,0
18251,3.1467836051375317,1
18252,2.313580533065632,0
18253,1.800126285522583,0
18254,0.6216939328918288,0
18255,2.726085987842227,0
18256,1.9811629856341326,0
18257,2.333356056716978,0
18258,2.016574627506162,0
18259,2.579646046890478,0
18260,1.261509600066112,0
18261,1.6128496229380966,0
18262,2.36441748355683,0
18263,0.901417118785358,0
18264,1.1168467100267196,0
18265,0.4483740394639571,0
18266,1.536450943750141,0
18267,1.1227846257894991,0
18268,3.4963712215149227,1
18269,1.5503579168121584,0
18270,1.8300497281945212,0
18271,2.6509816445070853,0
18272,2.3132681686163026,0
18273,1.728586403354994,0
18274,5.73395001414196,1
18275,1.3343584021431572,0
18276,2.2389953432078142,0
18277,1.3174368097980578,0
18278,1.1668121045729543,0
18279,1.4641116661639195,0
18280,1.8564735154299568,0
18281,1.3661906680639424,0
18282,3.0438184430261512,0
18283,1.3332857579185922,0
18284,1.654359957358626,0
18285,0.8095883520426324,0
18286,1.3134672824922133,0
18287,2.723255862474837,0
18288,1.19799847747836,0
18289,1.6781343753620168,0
18290,1.3787124864349318,0
18291,1.484663072146234,0
18292,2.225062334061135,0
18293,0.7362652530195668,0
18294,1.4374434208944527,0
18295,1.841142862396376,0
18296,0.9075942180853057,0
18297,1.337558741448241,0
18298,0.8850512132130137,0
18299,1.507167649482696,0
18300,0.3347229539383916,0
18301,0.2041491312167455,0
18302,1.9142946166958938,0
18303,0.969286783598392,0
18304,0.3444232167622813,0
18305,0.21049584569204044,0
18306,2.5624808094504234,0
18307,0.771015082604401,0
18308,0.7933923770893068,0
18309,1.1316750548496972,0
18310,1.1098658106732564,0
18311,0.4504015029385312,0
18312,0.1520169062882981,0
18313,0.4175728566249692,0
18314,0.9649907602376191,0
18315,0.7997588791134818,0
18316,0.2576312860336117,0
18317,0.642445289899815,0
18318,1.3759295701049183,0
18319,0.37991763656174926,0
18320,0.24544981404951,0
18321,1.7499148747061044,0
18322,0.11717283955442405,0
18323,0.28265520667371974,0
18324,0.2645767148074315,0
18325,0.3303588528353399,0
18326,4.000079311992137,1
18327,1.4188130106523924,0
18328,1.9232768925077273,0
18329,0.3741507968003841,0
18330,1.4293250144787175,0
18331,1.1974655820732132,0
18332,0.9952063998210302,0
18333,0.2775898291310116,0
18334,0.1750814029432125,0
18335,1.3914804985797262,0
18336,1.8671876293084737,0
18337,0.2898667611330465,0
18338,0.18041606417875783,0
18339,1.8790146081978774,0
18340,1.066532363256163,0
18341,1.545738097795583,0
18342,0.7611875432847782,0
18343,0.7747300691432826,0
18344,1.326732798902762,0
18345,1.2949749968692637,0
18346,1.2976586238382133,0
18347,0.6764661741824656,0
18348,0.2693050944879162,0
18349,1.548005580871074,0
18350,1.6029553731419803,0
18351,1.7690438475294392,0
18352,0.37210177137453354,0
18353,0.2713122409837682,0
18354,0.6567136436630949,0
18355,1.150293442714198,0
18356,1.8115642948730317,0
18357,0.902143295241345,0
18358,0.7270051515522501,0
18359,0.5675362375209207,0
18360,1.9856790244699847,0
18361,1.9423915830397713,0
18362,1.5623879099526867,0
18363,0.7531104858630143,0
18364,0.39915782765293734,0
18365,1.50619645469013,0
18366,0.34321052311875033,0
18367,1.4189308810009613,0
18368,0.9201856318972653,0
18369,0.8726621738511654,0
18370,1.7853502636433884,0
18371,2.0796041354860493,0
18372,1.8116556165997904,0
18373,2.921745973856048,0
18374,0.9068717923549147,0
18375,0.6014112887691124,0
18376,0.5806275939267451,0
18377,0.4991107305866784,0
18378,1.0535020346439914,0
18379,1.3148438470386195,0
18380,0.5077604809749636,0
18381,0.8922386439677422,0
18382,1.9878370542632409,0
18383,0.701862886031773,0
18384,1.3367147359716678,0
18385,0.286494490687781,0
18386,0.31240469107647467,0
18387,0.24308123118818703,0
18388,2.287495093948084,0
18389,0.5425886854082123,0
18390,0.8737827790947735,0
18391,0.4712632430570372,0
18392,1.0536871729504096,0
18393,1.014166710830426,0
18394,5.01002711456147,1
18395,0.9333182576956152,0
18396,2.161515512130054,0
18397,0.29988802234072237,0
18398,0.6859317016800831,0
18399,1.173847640394148,0
18400,0.2877307073975676,0
18401,0.381445544769965,0
18402,0.6508314205237264,0
18403,0.961318902895027,0
18404,1.6671047041510245,0
18405,0.6339310337999678,0
18406,1.0298413725673128,0
18407,0.503500440824019,0
18408,0.31753269397935224,0
18409,1.4473897101119424,0
18410,0.567854727876702,0
18411,0.28552851995752015,0
18412,0.6796835431223174,0
18413,1.3448346734191756,0
18414,1.1117414759709872,0
18415,0.27172137201656443,0
18416,0.2033080710793494,0
18417,2.342793362725796,0
18418,0.5495609250548198,0
18419,1.0337310909187243,0
18420,0.3354530795296303,0
18421,1.483259160884416,0
18422,0.43357389346054054,0
18423,1.2014088494074833,0
18424,1.1489315316523954,0
18425,1.2368205766206206,0
18426,0.519976049230518,0
18427,0.6263239357256329,0
18428,1.395033295043299,0
18429,1.508135267125237,0
18430,0.2529792030043855,0
18431,0.5400669567900207,0
18432,3.3825298886729342,1
18433,1.2375749883821041,0
18434,1.7071538366027919,0
18435,1.692251297997873,0
18436,1.6492932679358134,0
18437,1.1103072487476937,0
18438,1.2376418855340958,0
18439,0.269321889570188,0
18440,0.889865710859823,0
18441,0.6426133357235457,0
18442,0.9362711606909672,0
18443,1.5181110849600377,0
18444,0.7083049574533052,0
18445,1.5027842964678733,0
18446,0.9823794995999201,0
18447,2.0357412103432697,0
18448,0.863863715416828,0
18449,0.8965527580560979,0
18450,1.1491715356040852,0
18451,0.8118352965788646,0
18452,0.3413542357664695,0
18453,0.2836151564995844,0
18454,1.2887937208384879,0
18455,0.47540181472994714,0
18456,0.7503349845333839,0
18457,2.788934852692383,0
18458,0.33401073644584045,0
18459,0.41814489424786283,0
18460,0.37729397553575783,0
18461,0.4430464924981011,0
18462,0.3906061849969111,0
18463,0.2810834983057661,0
18464,1.0625728061441113,0
18465,0.21937944978411,0
18466,1.102807082182185,0
18467,1.3690388091799561,0
18468,0.5625320136918244,0
18469,1.6699158390490954,0
18470,0.36231645586747274,0
18471,1.01460018394676,0
18472,1.1614478077093677,0
18473,0.3617774406989803,0
18474,0.5723619866093905,0
18475,0.24037002776378244,0
18476,0.5133698706756052,0
18477,0.8366986600390405,0
18478,0.8560893594813831,0
18479,1.3009097261919582,0
18480,4.510919288625288,1
18481,1.4746875031375275,0
18482,0.3427822109878449,0
18483,0.6129731541850754,0
18484,0.8799939301976435,0
18485,1.9933121664032412,0
18486,1.9532629555030168,0
18487,0.5632741698531087,0
18488,0.62891649608031,0
18489,1.264831971844537,0
18490,0.8695986013532143,0
18491,0.7280639256930137,0
18492,1.972004725876164,0
18493,0.3175532440543256,0
18494,2.0674014321642487,0
18495,0.9211798558491664,0
18496,0.5155227691855486,0
18497,0.7108392079117859,0
18498,0.467616876987732,0
18499,1.2876790944029008,0
18500,0.34472498162597554,0
18501,0.2801016068578897,0
18502,2.263324844010533,0
18503,1.156779386473652,0
18504,1.948793797875271,0
18505,2.5720627422283813,0
18506,0.1955532342032117,0
18507,1.0872369811137352,0
18508,0.7289145458794034,0
18509,0.4840913240195531,0
18510,0.29078433065001075,0
18511,0.3611473737108447,0
18512,1.677189127569187,0
18513,0.7769452172965765,0
18514,0.5164028695649129,0
18515,1.624231327180033,0
18516,1.506798869379316,0
18517,1.629468126831422,0
18518,0.5277843048029948,0
18519,0.4243022798020311,0
18520,0.2504640380203202,0
18521,2.049386664267721,0
18522,0.23488059888741328,0
18523,0.3636732924789088,0
18524,2.015299078632948,0
18525,0.5047874398584732,0
18526,0.44823342369167585,0
18527,0.5667579743764541,0
18528,0.7506453215454826,0
18529,0.2822510374041954,0
18530,0.5184809196525302,0
18531,0.5792890458647875,0
18532,2.1162683846971886,0
18533,0.42950962558628863,0
18534,1.4894205380025922,0
18535,3.606293662142433,1
18536,0.968747788514598,0
18537,0.373012014470129,0
18538,1.1924848949988103,0
18539,1.020678373499818,0
18540,1.4919481641205268,0
18541,2.6487172691246355,0
18542,1.0997176149533106,0
18543,1.4299060750942758,0
18544,1.6072097781810046,0
18545,0.8130821889730857,0
18546,0.4015007905657136,0
18547,0.5459818406025285,0
18548,1.217314306015046,0
18549,0.9270748799928386,0
18550,0.26897170395930203,0
18551,1.1500692346947967,0
18552,0.4212931453055762,0
18553,0.8936431180678817,0
18554,0.6771573907637833,0
18555,1.8515794945105013,0
18556,0.27301442324427305,0
18557,0.45380310335258806,0
18558,0.5665993835367381,0
18559,0.22973935713320112,0
18560,1.9560262531395631,0
18561,0.6235789843409869,0
18562,0.3390497717752024,0
18563,0.6197221205942645,0
18564,2.997654109206147,0
18565,2.090477675552274,0
18566,1.571644863353478,0
18567,0.27665034213883466,0
18568,2.0652705362427377,0
18569,1.0718661316773472,0
18570,1.368441876609352,0
18571,0.31050200574353787,0
18572,1.0316130781169925,0
18573,1.5659136093080581,0
18574,1.0472823289036304,0
18575,0.673079862953729,0
18576,2.9375861973028776,0
18577,1.9565317188009665,0
18578,2.8905665482633123,0
18579,1.286474116853592,0
18580,0.9496396983817801,0
18581,0.6326269426750388,0
18582,1.784732472803793,0
18583,1.40458478083496,0
18584,0.3203844437166942,0
18585,1.2264067404803454,0
18586,0.3641811689543385,0
18587,0.6721915943593927,0
18588,0.6303234295607937,0
18589,0.6976118920452767,0
18590,1.3418501338431377,0
18591,0.6254479846649325,0
18592,1.1790681473297793,0
18593,1.211186275889188,0
18594,0.42450664787154485,0
18595,1.0678952226342833,0
18596,0.30960615778883704,0
18597,2.3619229190230455,0
18598,0.3472984633441344,0
18599,0.6486441107889412,0
18600,0.3474647348676827,0
18601,1.9795177828556538,0
18602,3.2450414108014596,1
18603,1.023372199124322,0
18604,0.6465349777883894,0
18605,0.32486161703077243,0
18606,1.3971397095414773,0
18607,0.17260111535738312,0
18608,0.6135224213402881,0
18609,0.9599613811808115,0
18610,0.8719676311259507,0
18611,0.5045757831865155,0
18612,1.377228740817166,0
18613,1.2612368788252164,0
18614,0.6916221448491946,0
18615,1.153334116037857,0
18616,0.9564031419739297,0
18617,1.5783354227914725,0
18618,1.373137925441901,0
18619,0.529028907760325,0
18620,0.5813924843297834,0
18621,1.0973553898804445,0
18622,0.49839130944400595,0
18623,2.220975709775782,0
18624,0.29242066620149504,0
18625,1.0890932884335165,0
18626,2.750068507672921,0
18627,2.289403970022937,0
18628,1.8836384184532131,0
18629,0.30295959359109376,0
18630,1.3296288318690845,0
18631,0.8094315757936009,0
18632,0.1757801156529048,0
18633,1.3705035656364601,0
18634,1.4296001372680334,0
18635,0.4608654985652114,0
18636,0.16990149028992835,0
18637,1.1889302970792817,0
18638,1.2064991907431284,0
18639,1.8471861322052838,0
18640,0.7197395341105235,0
18641,2.9676868426168435,0
18642,1.17765088590039,0
18643,1.8577744246218304,0
18644,0.9996379351708554,0
18645,0.996381024890428,0
18646,1.1596273441240341,0
18647,0.4324322138887903,0
18648,1.2403923954017302,0
18649,1.7049667689363117,0
18650,0.37171629339715817,0
18651,0.4664648418153963,0
18652,1.1615193239412462,0
18653,0.5131741976998573,0
18654,0.9991513293508391,0
18655,0.8937490727774595,0
18656,1.0623746360424806,0
18657,1.5457191217518151,0
18658,0.9233036521544861,0
18659,1.0130399346456627,0
18660,1.116140861550863,0
18661,0.2013394498703787,0
18662,0.8769889534762394,0
18663,0.39510257258369214,0
18664,0.3988067996805641,0
18665,0.1503482041859839,0
18666,0.465003439347136,0
18667,1.0812088514196805,0
18668,0.2781724551735462,0
18669,2.8859601556455017,0
18670,0.26288623713826903,0
18671,1.1704841284469987,0
18672,0.35181143464369286,0
18673,0.28624462568016434,0
18674,1.2085665265604169,0
18675,0.7224333897234755,0
18676,2.0159692800400553,0
18677,0.5684538953719012,0
18678,0.249054577984739,0
18679,1.8168132444906486,0
18680,1.4741013438144703,0
18681,0.5576756010046289,0
18682,0.427676631352177,0
18683,1.0623972259465557,0
18684,0.880419827805691,0
18685,0.9244766082723309,0
18686,1.2734193362802095,0
18687,0.6578959813172207,0
18688,1.86660134576455,0
18689,0.306606247823857,0
18690,1.0185273684933944,0
18691,1.6516608139390088,0
18692,2.988286784650903,0
18693,0.6464357729928771,0
18694,1.7785330067623562,0
18695,0.3124580963727808,0
18696,1.9606500193907237,0
18697,0.8999603558569247,0
18698,0.26467101614610783,0
18699,0.8269279197063512,0
18700,1.448928737759663,0
18701,1.505960532326233,0
18702,2.215290139925976,0
18703,0.7999805167373233,0
18704,0.6534725549349661,0
18705,1.478184045526166,0
18706,1.7615351634019292,0
18707,0.5964154914682017,0
18708,0.9914817689492393,0
18709,0.37917101444854967,0
18710,1.531647120743705,0
18711,0.2467542260308121,0
18712,0.5602491542193547,0
18713,0.4916139207357278,0
18714,2.0997971425763637,0
18715,0.32029490843233915,0
18716,1.9648870040024604,0
18717,1.1418509609770202,0
18718,1.0945917143282284,0
18719,1.0063019471840844,0
18720,1.7514322515445964,0
18721,2.9626482332843307,0
18722,0.7446113656076164,0
18723,4.227582599446833,1
18724,1.2296201020616497,0
18725,1.2596852432575472,0
18726,1.0709968320713668,0
18727,1.8450209742988049,0
18728,0.361176323806238,0
18729,0.39311855871995044,0
18730,0.3362193598786257,0
18731,1.4529111024161334,0
18732,0.6869663310316081,0
18733,1.053293807987236,0
18734,0.7934317751599852,0
18735,0.6738639149938911,0
18736,0.6319928350406432,0
18737,1.0424793191641006,0
18738,1.4051185352632711,0
18739,0.3476812577736442,0
18740,0.872681781083624,0
18741,2.980873916612657,0
18742,0.24945344356578586,0
18743,0.8141127795049566,0
18744,1.4313969240685096,0
18745,0.49353790264004743,0
18746,0.29080431562154463,0
18747,1.3619430548650702,0
18748,0.6814566668381086,0
18749,0.47418607562940024,0
18750,0.6204754219887098,0
18751,0.7785546204441043,0
18752,0.9755560007555896,0
18753,1.2963463204528614,0
18754,0.8216106747067602,0
18755,2.253478994456821,0
18756,3.10563697416565,1
18757,1.9108217316706633,0
18758,1.9268908840483934,0
18759,1.8136182134404102,0
18760,1.774592490849104,0
18761,0.7465056175571311,0
18762,2.85567775297258,0
18763,0.7090062309735006,0
18764,0.5613453245515662,0
18765,0.7014306521651165,0
18766,1.9365312566683985,0
18767,1.119880121749626,0
18768,1.154293025535763,0
18769,1.0272043430134075,0
18770,1.721886156142316,0
18771,0.8541329628180752,0
18772,0.4084529495572398,0
18773,0.8496717696402065,0
18774,2.7580558366764376,0
18775,0.6199632617022343,0
18776,0.7814684739360137,0
18777,0.20430871195823258,0
18778,1.2495170608660837,0
18779,1.0793554424280847,0
18780,1.0876446653134062,0
18781,3.9000195909322324,1
18782,0.8184328036317413,0
18783,0.938957419807154,0
18784,2.52860291092498,0
18785,0.40143815391931725,0
18786,0.3457069027219564,0
18787,0.30658204109991427,0
18788,0.4670123419683456,0
18789,1.0069636087402942,0
18790,0.3192573431964131,0
18791,1.111824387351171,0
18792,0.7014191735600204,0
18793,1.167039158238829,0
18794,1.753911913980185,0
18795,2.715995120430499,0
18796,0.32162167201711217,0
18797,0.5084343248582972,0
18798,0.46026995273808896,0
18799,1.9316728826499678,0
18800,0.290771401867276,0
18801,0.3153592415657029,0
18802,0.5006899753979709,0
18803,0.9798985594270611,0
18804,0.8017512769966171,0
18805,1.1519267653288334,0
18806,1.1109554530891281,0
18807,0.5613590198529558,0
18808,0.7856957986466024,0
18809,0.29206651505023806,0
18810,1.5090795557575036,0
18811,0.5849902019620011,0
18812,0.5085450112195133,0
18813,0.2512182813433074,0
18814,0.8213545639142829,0
18815,0.9955372111751798,0
18816,2.6083053190643843,0
18817,2.265142352874613,0
18818,0.15643139364894618,0
18819,1.8216020229775403,0
18820,1.8791567955598765,0
18821,1.7075925366242344,0
18822,1.2463145644688622,0
18823,1.5795321559035265,0
18824,0.3236137715693834,0
18825,1.871033484282869,0
18826,1.384206682430183,0
18827,0.5953493197402061,0
18828,0.58965520543614,0
18829,1.5212035605715897,0
18830,0.43290348601478945,0
18831,1.1662096865192786,0
18832,0.35984868062904174,0
18833,0.3128539787795312,0
18834,1.4261545826691526,0
18835,0.27011163585485043,0
18836,1.5182229299719945,0
18837,3.037963654939666,0
18838,1.9307657374944056,0
18839,1.3505653838961824,0
18840,1.2589445202990908,0
18841,0.46860637976588676,0
18842,0.3295898434117109,0
18843,0.20777591392658273,0
18844,0.421325568983732,0
18845,0.9620421161352888,0
18846,0.6711004250559426,0
18847,1.4942177608703762,0
18848,1.009969546106514,0
18849,2.126438639527082,0
18850,0.8463449853724668,0
18851,2.40472091186058,0
18852,0.6983837827283018,0
18853,1.5206444720836338,0
18854,0.5371586918691029,0
18855,0.16574700516921564,0
18856,0.3080132107584286,0
18857,1.2154406533258275,0
18858,0.5762433175957209,0
18859,0.5541160609260537,0
18860,2.21555011480141,0
18861,0.6106758784264305,0
18862,2.1065454684432328,0
18863,0.6670617176098391,0
18864,2.0448725007652175,0
18865,1.6858973368839414,0
18866,0.7871944882022582,0
18867,4.125007239957622,1
18868,1.751076729036894,0
18869,1.6216890114562659,0
18870,0.2960939409384606,0
18871,1.3339914342342574,0
18872,0.5999451573316831,0
18873,0.2937808581495989,0
18874,0.9581517741920723,0
18875,1.418578326305353,0
18876,5.750904001160837,1
18877,0.7234370973016203,0
18878,0.431776817626078,0
18879,0.3698477791108746,0
18880,1.569369665796055,0
18881,0.501502140043368,0
18882,0.38931224697107264,0
18883,0.2049845995057309,0
18884,1.44709034073739,0
18885,0.6075081575537974,0
18886,0.7083659596974529,0
18887,1.1872783796722721,0
18888,2.9683755053816805,0
18889,1.2506026779538857,0
18890,1.707994421962132,0
18891,1.1835414806387052,0
18892,1.9362238925859843,0
18893,0.17730867543809925,0
18894,1.5984213313436628,0
18895,0.7700892216350519,0
18896,0.27328394382315413,0
18897,2.1398892361606836,0
18898,4.208410059915547,1
18899,1.0283123648120498,0
18900,0.9524085969187233,0
18901,0.3840769585045918,0
18902,1.6810336684060194,0
18903,1.258390855063349,0
18904,2.096251877986538,0
18905,0.36615629206178874,0
18906,1.8243636081262424,0
18907,1.2643579371513078,0
18908,0.5226650299277009,0
18909,0.5441031336669754,0
18910,2.0153247209155603,0
18911,0.28479285508575936,0
18912,0.8093003129873021,0
18913,1.303339979625571,0
18914,0.9385160288531872,0
18915,1.2913930942430587,0
18916,1.4371413981114882,0
18917,0.6250785863069537,0
18918,1.2106994939776219,0
18919,0.9512200094388831,0
18920,1.1182360292457367,0
18921,0.41652792874185157,0
18922,2.695521303228046,0
18923,1.7017789102652305,0
18924,0.399629170446728,0
18925,0.5433059199317417,0
18926,1.1877473930959113,0
18927,1.8976554146667135,0
18928,0.8780319585806857,0
18929,0.7936205496370817,0
18930,0.20116598449384565,0
18931,1.9719852188408808,0
18932,0.8747713233297657,0
18933,1.0871460012829774,0
18934,1.2254251976732613,0
18935,0.9442704256128529,0
18936,1.0853130927719536,0
18937,2.7915928782136605,0
18938,1.127168522452841,0
18939,1.5834521528645569,0
18940,1.514611508780835,0
18941,0.5277424946195443,0
18942,0.6526311006294542,0
18943,2.0878566069890327,0
18944,2.3645506575165474,0
18945,0.8698872101772566,0
18946,2.7578594324007586,0
18947,1.4735316145084014,0
18948,2.3016303703170062,0
18949,0.4216489531490103,0
18950,0.6224266600056345,0
18951,1.5324725104501062,0
18952,0.6362012084304995,0
18953,1.5189984846224311,0
18954,0.16489837518452347,0
18955,0.24999074386820438,0
18956,1.8592956160515621,0
18957,1.0832996570976547,0
18958,2.2299952448771445,0
18959,1.7457607540502222,0
18960,2.1464500680147416,0
18961,0.9071548075472791,0
18962,0.40085971980493657,0
18963,1.3940787022497527,0
18964,0.42410592852502865,0
18965,2.101165382294114,0
18966,0.8776055474121643,0
18967,7.921848325288342,1
18968,1.7575034093825666,0
18969,1.9820607263755965,0
18970,1.8278808753443962,0
18971,1.826847244603764,0
18972,1.8183039245853678,0
18973,0.3235882782267714,0
18974,1.814771800342563,0
18975,0.3856889805850831,0
18976,1.5306266853701591,0
18977,0.40207851266481237,0
18978,0.2841434674087439,0
18979,1.4619936609914594,0
18980,0.5781617198881973,0
18981,1.9262826574135046,0
18982,0.780220822087656,0
18983,0.41410641329962206,0
18984,1.1119968415921317,0
18985,0.8387621536540399,0
18986,0.34536538866855265,0
18987,2.2152788469681877,0
18988,1.4649280329992276,0
18989,0.39990625877661196,0
18990,0.4728665048747291,0
18991,1.439833903010941,0
18992,0.17752608466941242,0
18993,0.25726487697008804,0
18994,0.3781113619083636,0
18995,0.2980326023981231,0
18996,1.8420771272202194,0
18997,2.153324139334606,0
18998,1.3678724932284863,0
18999,1.2507366838374234,0
19000,0.2762539731035476,0
19001,2.108646353876156,0
19002,0.3770145642449801,0
19003,0.6138407685729661,0
19004,1.9257635834276472,0
19005,0.3254151111266813,0
19006,0.9046189791142001,0
19007,0.20206713201108892,0
19008,1.8475964117254549,0
19009,0.785042728955602,0
19010,1.899342581052638,0
19011,1.7886254421810799,0
19012,1.4389707756143157,0
19013,0.5588746003730077,0
19014,0.4648865785614446,0
19015,1.1974605731833465,0
19016,0.6991635099021954,0
19017,0.2681634200609681,0
19018,0.891147741183693,0
19019,1.0094247668336096,0
19020,1.053377904563035,0
19021,1.0029924792029168,0
19022,1.352223739636677,0
19023,0.85204013631186,0
19024,1.0726459358648144,0
19025,2.367940335970588,0
19026,0.4205394117109688,0
19027,0.33156852822900296,0
19028,0.9258198514863751,0
19029,1.3012324276024798,0
19030,1.7616181530092254,0
19031,0.4990671028628605,0
19032,0.8267504123679097,0
19033,0.3938298452168945,0
19034,2.421347836615115,0
19035,0.6860889236626003,0
19036,0.3775764451050338,0
19037,1.0171587052816868,0
19038,0.2957873996843354,0
19039,0.8866158573921985,0
19040,0.6506251718445168,0
19041,1.9117758145060468,0
19042,1.0063518596598728,0
19043,1.029728025378954,0
19044,2.62095212988621,0
19045,0.3215152646005614,0
19046,0.9875082332508105,0
19047,0.6534203759265277,0
19048,0.7702693599566113,0
19049,3.276354906602113,1
19050,1.2668313909883906,0
19051,1.5080529104874263,0
19052,1.5996711525060523,0
19053,0.5078175196996354,0
19054,0.25651233769025883,0
19055,0.7452693553111307,0
19056,1.4098108306254669,0
19057,1.1215640326162202,0
19058,0.8091647590790586,0
19059,1.693265191331906,0
19060,1.0065781563403517,0
19061,3.2216771376544626,1
19062,0.5580267630306823,0
19063,0.7109712735049037,0
19064,0.9405952920811782,0
19065,1.6052381257984563,0
19066,0.38538006494251664,0
19067,0.3845696357208052,0
19068,0.32043701652195067,0
19069,0.6924110113734927,0
19070,0.6198212032383661,0
19071,1.0086250615477044,0
19072,0.3526436272151579,0
19073,1.3843605688389424,0
19074,1.0019467727565576,0
19075,2.1857164911294644,0
19076,0.6948174091989707,0
19077,1.0032594610813206,0
19078,0.4673131086591266,0
19079,0.6625663597021935,0
19080,0.8904875671923305,0
19081,0.4954033214797891,0
19082,1.3848593814944556,0
19083,1.4826977968948358,0
19084,2.7192000340538676,0
19085,0.7066411701135031,0
19086,0.4622177095404767,0
19087,1.3232157014253514,0
19088,1.9123219852480877,0
19089,0.7568653636965347,0
19090,1.1009271323251342,0
19091,1.9212192264695107,0
19092,0.4717473673860534,0
19093,0.5540514749439719,0
19094,0.49107063715848376,0
19095,0.6383711020091646,0
19096,0.31199751149122423,0
19097,0.5554043824154068,0
19098,2.3778054395693595,0
19099,0.9135484337057947,0
19100,1.4119627954370595,0
19101,0.9769607978267723,0
19102,1.005985814188414,0
19103,1.010379274584183,0
19104,1.698742654689365,0
19105,1.6568501776375906,0
19106,0.19760755347661163,0
19107,1.8904815203598138,0
19108,2.1805742155396284,0
19109,3.3655585157008887,1
19110,0.9487563326704856,0
19111,0.35506939310736035,0
19112,0.8001309587830501,0
19113,0.4986490436589403,0
19114,0.3308057648095126,0
19115,2.810463354662067,0
19116,1.908490629666336,0
19117,1.2755304591485526,0
19118,0.5843528353528565,0
19119,0.40141259228018494,0
19120,3.449905150092616,1
19121,1.595894386932281,0
19122,0.6046575911417083,0
19123,0.6100978257388623,0
19124,1.7170345915533067,0
19125,1.5986568168480373,0
19126,0.705504902699365,0
19127,0.5043248499365246,0
19128,0.4486918424950385,0
19129,0.7664399493801118,0
19130,0.7423251098813783,0
19131,0.5528757283574557,0
19132,1.320242075541342,0
19133,0.9431619848554991,0
19134,2.3311645780092087,0
19135,0.2799290824774746,0
19136,1.0840225877348912,0
19137,1.0992463651799123,0
19138,0.4661550825122387,0
19139,2.589685260921994,0
19140,0.861855756720075,0
19141,2.32172164039627,0
19142,1.856134637754006,0
19143,0.44544609762369725,0
19144,0.5489595869368732,0
19145,1.010581820306015,0
19146,1.3315767050233276,0
19147,1.2818006594522047,0
19148,0.6974647243862463,0
19149,1.6776247802123057,0
19150,2.6559757198957143,0
19151,0.44574761128763535,0
19152,0.8543950074355011,0
19153,0.5426454257786444,0
19154,1.5628627192030182,0
19155,0.8894710393600149,0
19156,0.5309872036855476,0
19157,0.8670366261888824,0
19158,1.3496536091926463,0
19159,0.38693299188849456,0
19160,1.0284356475679035,0
19161,0.9722458761162208,0
19162,1.157543351558648,0
19163,2.5827603269622394,0
19164,0.4336489002933008,0
19165,2.858638849401747,0
19166,0.4129607402497139,0
19167,1.606618329507475,0
19168,0.4481663462880819,0
19169,0.521859810330565,0
19170,2.045711734056549,0
19171,0.6607377649260544,0
19172,0.441995167071023,0
19173,1.4648669987095562,0
19174,1.8269267816343016,0
19175,1.2310386326865002,0
19176,0.2825920573175356,0
19177,2.0481900730235103,0
19178,1.5545807306559274,0
19179,0.6174173785338405,0
19180,0.7497206365540451,0
19181,0.875659403988955,0
19182,0.5621842003980202,0
19183,0.30290969522037264,0
19184,0.18627288013406967,0
19185,1.0232744497140902,0
19186,2.1819524162305197,0
19187,1.4816981379773584,0
19188,0.7431188976870218,0
19189,1.7409629453025113,0
19190,0.4322974314024948,0
19191,2.5839030514911285,0
19192,0.3534760620260625,0
19193,0.5197349049823489,0
19194,3.3448771679815206,1
19195,1.508648467489195,0
19196,0.9863474659979102,0
19197,2.359340661855944,0
19198,0.8321409886794442,0
19199,1.2804847080836113,0
19200,2.429609266708188,0
19201,0.4590880407519619,0
19202,0.8295938735688164,0
19203,1.4246326012291033,0
19204,0.3348307752866126,0
19205,0.595332872841458,0
19206,0.48661677699734157,0
19207,0.5488857028239306,0
19208,0.8158961843203951,0
19209,0.18520638998878436,0
19210,0.5601819889301429,0
19211,1.0558768545748547,0
19212,1.1152157664480815,0
19213,0.25536293869666143,0
19214,3.5517563870337705,1
19215,0.2794076669237349,0
19216,1.8889581781621991,0
19217,0.7182441839618917,0
19218,0.6603739992515265,0
19219,1.845600800248261,0
19220,0.9526902458400938,0
19221,3.9313088223041848,1
19222,0.8890789642827005,0
19223,0.4580456493254466,0
19224,3.87601479977933,1
19225,0.7628525951038214,0
19226,0.3935372913589271,0
19227,0.8475965631814112,0
19228,1.2449453332571545,0
19229,0.36988880782380046,0
19230,0.49041025486210793,0
19231,0.2754399756695707,0
19232,0.5054542110890331,0
19233,2.1561529377084403,0
19234,1.3810325666266865,0
19235,1.9595608574419852,0
19236,0.9847423469345796,0
19237,0.31562301394543174,0
19238,0.6493972435699826,0
19239,2.034326854436658,0
19240,1.5400723501738278,0
19241,1.5395815529008783,0
19242,0.5158204739641393,0
19243,2.0911664004244805,0
19244,2.008052678100683,0
19245,1.2449089313643558,0
19246,0.8993990198480096,0
19247,1.8753560807806433,0
19248,2.855108692669432,0
19249,1.8393633370072529,0
19250,0.7605434765690489,0
19251,4.16327014026024,1
19252,0.9216671605828707,0
19253,0.3768596391055094,0
19254,0.9265520688717728,0
19255,0.6545621296022884,0
19256,0.49258515038411027,0
19257,3.308516785703565,1
19258,1.4631633769484127,0
19259,0.32205486267920325,0
19260,1.3795695950881715,0
19261,0.6348766104367198,0
19262,1.0070767802112197,0
19263,0.37001321260362696,0
19264,0.9001305634237391,0
19265,0.5395069392462069,0
19266,0.2823111464105124,0
19267,1.8734207481866079,0
19268,1.1908092884998225,0
19269,0.9350619446908266,0
19270,2.320152265115388,0
19271,0.41800110633442106,0
19272,2.2975933310032883,0
19273,0.5411112326476325,0
19274,1.0970856228449615,0
19275,0.40612960749770477,0
19276,0.8285436924073332,0
19277,2.0076444811243404,0
19278,2.7273194141837798,0
19279,0.3595260860874922,0
19280,0.3855804812680052,0
19281,0.26410672899483223,0
19282,0.5391065217393665,0
19283,0.5855563245713624,0
19284,0.8640551150399537,0
19285,0.5201519855727776,0
19286,1.0523276206717374,0
19287,1.0437363826236827,0
19288,0.527965175564763,0
19289,2.881832382201524,0
19290,0.5025702847732213,0
19291,0.5387108315664321,0
19292,0.9303918295347982,0
19293,0.5788512723803624,0
19294,0.7654546208498246,0
19295,1.5291074171737304,0
19296,0.6606776957544788,0
19297,0.6243236009854904,0
19298,1.2228424596146117,0
19299,3.142010435815779,1
19300,1.5225857726405279,0
19301,4.264864268638176,1
19302,2.1467279528299317,0
19303,0.4712713872798426,0
19304,1.7800427903286413,0
19305,1.3746785508277246,0
19306,0.45006107684757324,0
19307,0.9457453872791944,0
19308,2.729230638842142,0
19309,0.9303182732827221,0
19310,0.250164349035159,0
19311,0.9582307132676584,0
19312,0.3700983117469497,0
19313,1.5206008940959919,0
19314,0.3842499072987197,0
19315,2.2131770996000113,0
19316,0.2938897157454107,0
19317,0.633310788904262,0
19318,2.5176529422029597,0
19319,2.094809195634019,0
19320,0.7901583141037347,0
19321,2.657719748178956,0
19322,3.0023406488006823,0
19323,0.23842879194898908,0
19324,0.4193214648108022,0
19325,1.3170149755582268,0
19326,0.9523880236520601,0
19327,1.5891575023815314,0
19328,1.8383433729817844,0
19329,1.5619650027413838,0
19330,1.668655319291275,0
19331,1.2429744212890916,0
19332,0.8028183461994651,0
19333,0.36198459966722046,0
19334,1.0640779296354645,0
19335,2.6675218975861763,0
19336,0.8036053843484847,0
19337,1.7558136893775744,0
19338,3.2933397217976763,1
19339,0.5871539040949645,0
19340,0.3418420437660433,0
19341,0.5120698295370679,0
19342,2.085154220855837,0
19343,2.2964025779900266,0
19344,0.6689727853733413,0
19345,0.5735418008358335,0
19346,0.9227278051111525,0
19347,0.5539139351300189,0
19348,0.6085500225236921,0
19349,0.39637554599003333,0
19350,1.5904546551176248,0
19351,1.4846946835519026,0
19352,1.0606821147489947,0
19353,1.0229602778017535,0
19354,0.9647092196294211,0
19355,1.7130033912300073,0
19356,0.4463576082598068,0
19357,1.5887307659705434,0
19358,1.7891703024425984,0
19359,0.30205176657261884,0
19360,1.6213532057688238,0
19361,0.5798774397189216,0
19362,0.6553717870917761,0
19363,0.5089171629480228,0
19364,1.3759001962495059,0
19365,0.6484679090301307,0
19366,5.069641350828273,1
19367,0.42713903521241325,0
19368,1.6074747889341015,0
19369,1.122783382644479,0
19370,1.3384139514485491,0
19371,1.8327049864986042,0
19372,3.35113608249143,1
19373,1.241209809332602,0
19374,1.2258079667751245,0
19375,1.614541853555811,0
19376,3.0752714136150088,1
19377,1.2625176771211026,0
19378,1.5766462041970348,0
19379,0.6962447519436121,0
19380,1.4606826585957615,0
19381,0.7227113665683403,0
19382,0.8634625683947146,0
19383,0.8953129720645412,0
19384,1.012876537191133,0
19385,2.506116154389825,0
19386,2.2294128674646103,0
19387,0.3945191137002077,0
19388,0.9613680171980711,0
19389,0.7551288466952955,0
19390,1.9604446493319285,0
19391,1.3833567312888626,0
19392,1.7434929760312674,0
19393,1.1284558107080547,0
19394,3.1522153003165783,1
19395,1.467723298326028,0
19396,1.2053238002590063,0
19397,0.7843867972659999,0
19398,0.2864395703505021,0
19399,2.123213523502863,0
19400,1.5078871430712426,0
19401,1.4003916717193718,0
19402,0.4468041960742998,0
19403,0.315719991690339,0
19404,0.5415795708492512,0
19405,0.855515924140353,0
19406,1.4840384026793314,0
19407,1.3767830972224737,0
19408,1.5069744998499734,0
19409,0.18647432630105878,0
19410,2.1633484510230336,0
19411,0.5258525738340473,0
19412,1.1639854370174723,0
19413,2.083246362668612,0
19414,0.5783089376545287,0
19415,0.2830120624337008,0
19416,0.37763021337933733,0
19417,1.337142411861432,0
19418,2.5490273949302886,0
19419,0.5974305150126052,0
19420,4.568378932991064,1
19421,0.780561949078166,0
19422,1.381434071099602,0
19423,1.0150560096190329,0
19424,0.5193892091969483,0
19425,1.5502711201854416,0
19426,2.202742883136912,0
19427,1.5924309448686635,0
19428,2.105116689706682,0
19429,1.4755224071239619,0
19430,2.3397966624955786,0
19431,1.4573735361395321,0
19432,0.4671127643337935,0
19433,0.3485423115307727,0
19434,0.260644988908263,0
19435,0.3459787467874444,0
19436,2.892630489535389,0
19437,2.509108213348734,0
19438,1.0800954831265404,0
19439,3.6404699617353526,1
19440,1.9541702748969956,0
19441,2.492557691946407,0
19442,0.7743171699314868,0
19443,0.7238629905173306,0
19444,0.9383899811811395,0
19445,0.36708915566057543,0
19446,1.4352943670075844,0
19447,1.3982360519278396,0
19448,1.447350658518773,0
19449,0.7594067504289314,0
19450,1.3302877623895386,0
19451,2.3359128455493403,0
19452,1.5712215437498378,0
19453,0.2896927477366004,0
19454,1.357669370302221,0
19455,1.4946541373893152,0
19456,0.36782405690627173,0
19457,0.9504059014509594,0
19458,1.5682360090845606,0
19459,1.4198121638368,0
19460,1.107553114803381,0
19461,0.7910919483802664,0
19462,0.37649184499156996,0
19463,2.8958690145321024,0
19464,1.0973637272837342,0
19465,0.7345127899014935,0
19466,0.5876026549120348,0
19467,1.2480983300155644,0
19468,0.6211637553041129,0
19469,0.927683392594718,0
19470,1.1715707544419303,0
19471,1.2706192509614798,0
19472,0.31152139624606134,0
19473,2.3326315642759754,0
19474,2.4998221082951204,0
19475,2.6164702641840574,0
19476,1.0286875080745188,0
19477,1.9899722160854147,0
19478,0.8821395946611308,0
19479,2.1968148999738757,0
19480,1.372168952129927,0
19481,0.9592601626878082,0
19482,0.6832189156003322,0
19483,0.8108847110528431,0
19484,1.6509086664529358,0
19485,5.015389866968991,1
19486,1.053975806690001,0
19487,0.16887739065808738,0
19488,1.6468666361722664,0
19489,1.5884688140677603,0
19490,1.4164441033225803,0
19491,0.2938821007922025,0
19492,1.206688528105036,0
19493,0.6775039493178413,0
19494,0.3413860650887159,0
19495,2.129461854364268,0
19496,1.620470426545279,0
19497,2.1401415672178388,0
19498,0.538852589145304,0
19499,0.3892219951809392,0
19500,1.8341999564462061,0
19501,1.7356566899808878,0
19502,0.8128808402810619,0
19503,1.5742307356171663,0
19504,0.6871758570799038,0
19505,2.9752609270374766,0
19506,1.7201776612472535,0
19507,0.276795620881478,0
19508,0.4522517676251764,0
19509,2.432547628983243,0
19510,1.198639461478725,0
19511,0.7658012900188059,0
19512,0.807441018858654,0
19513,2.319987728613404,0
19514,2.1700813210437784,0
19515,0.20022190530484843,0
19516,4.395018794025601,1
19517,0.7984085398090672,0
19518,0.8125236700881536,0
19519,1.4363552758337435,0
19520,0.8531225702956654,0
19521,2.094831678545728,0
19522,0.845439285449014,0
19523,1.8381252945679174,0
19524,0.9232028724618662,0
19525,0.8152603339078826,0
19526,1.8324306456473456,0
19527,0.4041778564849968,0
19528,2.463762849873513,0
19529,1.464645190739625,0
19530,0.8857121488251941,0
19531,0.9517222951100669,0
19532,3.644588129493632,1
19533,1.4264365705236977,0
19534,0.43517690592004554,0
19535,0.5642311455773029,0
19536,0.6300168169855148,0
19537,1.4614108923790594,0
19538,1.2780253230901037,0
19539,0.23869953062152235,0
19540,0.9349921482741881,0
19541,0.9787339971527056,0
19542,0.48042507094098125,0
19543,0.30510998035859166,0
19544,1.036536838835339,0
19545,1.8837877273877828,0
19546,0.3180290206812716,0
19547,1.1262391692562828,0
19548,0.6573476843554189,0
19549,1.0350872348759599,0
19550,2.1763775963007017,0
19551,2.09363922378511,0
19552,0.3307744992992279,0
19553,1.0574143254125241,0
19554,1.2437631725324307,0
19555,1.8163995021344337,0
19556,1.2228816872586001,0
19557,3.3030921267205335,1
19558,2.462859452378053,0
19559,0.9346972807516298,0
19560,0.2432586212066239,0
19561,1.1503253043891055,0
19562,2.1343342237433913,0
19563,0.5280990889505172,0
19564,0.5007158091513149,0
19565,1.7277972335592235,0
19566,2.1225533783855846,0
19567,3.970630155481699,1
19568,0.572041868195974,0
19569,0.3542191847029086,0
19570,0.4994823858510969,0
19571,0.25911914816198156,0
19572,0.7674974192909887,0
19573,1.5278122595760912,0
19574,0.7202833032678069,0
19575,1.083666691956801,0
19576,3.6565916006610673,1
19577,0.9355791859891943,0
19578,1.3760013640265534,0
19579,0.848564096360769,0
19580,1.3915715549837269,0
19581,5.010773182522013,1
19582,1.3768167498883308,0
19583,1.5542874328929601,0
19584,1.3304654833147889,0
19585,0.600405950441484,0
19586,2.2326222517462964,0
19587,0.5739496535547048,0
19588,0.6220663054428763,0
19589,0.5791889700171607,0
19590,1.1923370801450797,0
19591,2.1637459003257855,0
19592,0.6875045515713569,0
19593,1.0303178394597414,0
19594,1.2155987272050521,0
19595,2.7190955475683434,0
19596,1.0631423980157308,0
19597,1.604168749330049,0
19598,0.7245328236390336,0
19599,0.6751167991270004,0
19600,0.5521105580962323,0
19601,0.4365293249940761,0
19602,1.2426589842644493,0
19603,0.4060509904581656,0
19604,0.2041491312167455,0
19605,2.48671358244034,0
19606,0.9282838722085512,0
19607,0.5015063014911907,0
19608,2.02335725388711,0
19609,1.273979549048211,0
19610,0.9320374457322272,0
19611,2.3788785927619727,0
19612,0.9553690035734071,0
19613,1.7662356301936897,0
19614,1.0396485740132355,0
19615,1.0873350170221443,0
19616,2.884187266777109,0
19617,0.4451943501740976,0
19618,2.3356689143033575,0
19619,0.3285862521522246,0
19620,1.1696705827513507,0
19621,0.8367962213665312,0
19622,1.6965893463149593,0
19623,0.8234051950209389,0
19624,1.384817320199872,0
19625,1.5886080391258122,0
19626,0.4641510314234152,0
19627,0.9004071274821768,0
19628,1.2995669302929627,0
19629,1.3168921562035938,0
19630,0.5037368603147969,0
19631,0.6755238931725206,0
19632,0.4838429271928437,0
19633,7.144801844854219,1
19634,1.998904214376244,0
19635,2.1861828384362147,0
19636,2.0688096262711015,0
19637,2.0201558642789292,0
19638,2.408602625919893,0
19639,3.532915726299138,1
19640,1.176985972229851,0
19641,2.1965475609355414,0
19642,0.400253939420028,0
19643,2.639475939667764,0
19644,1.143996505640762,0
19645,0.5248936047962782,0
19646,1.6519197996138766,0
19647,2.3823363214638045,0
19648,1.072153541723433,0
19649,1.0757733094350062,0
19650,0.46381091973751126,0
19651,1.0588268840237163,0
19652,1.2901931705001415,0
19653,1.8564051789743437,0
19654,1.6930538620982105,0
19655,0.5067670795539887,0
19656,1.7086021207861648,0
19657,0.8290327159530062,0
19658,1.5470303554248876,0
19659,1.0977760231714024,0
19660,2.1604230742134183,0
19661,1.5882946816624834,0
19662,6.224056690424345,1
19663,1.3285585154171442,0
19664,1.3704772832025083,0
19665,1.989229612065762,0
19666,0.7207026549769175,0
19667,3.4620584312947553,1
19668,0.4460737713925951,0
19669,0.5555182796751371,0
19670,0.8661979649779271,0
19671,0.8718557359991539,0
19672,0.8953122439208875,0
19673,0.3406041014711661,0
19674,1.360358196705416,0
19675,1.7726335332709628,0
19676,1.9477513243206876,0
19677,0.9597437310725799,0
19678,1.4549205265526644,0
19679,0.8201922532491098,0
19680,0.9294780036133946,0
19681,0.6083280075488022,0
19682,0.7370097424657118,0
19683,1.928001731129544,0
19684,1.332352427294068,0
19685,1.3768582385896488,0
19686,0.8237451111073532,0
19687,1.317515555738839,0
19688,1.1219618350321041,0
19689,0.7235328091253475,0
19690,1.3427785780066162,0
19691,0.6838355300865009,0
19692,1.7114947501748088,0
19693,0.48571997587698507,0
19694,1.0000828531867387,0
19695,0.6886494677355999,0
19696,1.4135234454791294,0
19697,0.7317844292382347,0
19698,2.600837309033716,0
19699,0.8107503818099393,0
19700,0.41642510287380946,0
19701,0.5113222213297505,0
19702,0.5986232396717038,0
19703,1.4357057503373472,0
19704,0.962073542978285,0
19705,0.9271314152999276,0
19706,0.45052258272736295,0
19707,1.1189330325730842,0
19708,0.45926447799431486,0
19709,1.1689422122814526,0
19710,1.5921021963590851,0
19711,1.9522322877105807,0
19712,0.2734816975656477,0
19713,0.7345846710445091,0
19714,1.432144694221114,0
19715,1.6442308388780094,0
19716,2.2756128050080244,0
19717,2.577273341133783,0
19718,1.9740535280450318,0
19719,2.470741343394346,0
19720,0.7331561318666486,0
19721,0.6462544262658683,0
19722,1.565189243930785,0
19723,9.938708648126628,1
19724,0.6541418655908715,0
19725,0.42531918036969507,0
19726,1.9948144337496718,0
19727,0.49087125405518045,0
19728,0.34733002312201244,0
19729,0.7571375298993058,0
19730,1.1256416467517758,0
19731,0.41869534681317305,0
19732,0.4521193388532921,0
19733,1.9770826951932292,0
19734,0.9859101721138234,0
19735,0.43865729708485474,0
19736,1.9368205148949316,0
19737,1.1290553404474541,0
19738,0.2984078342751453,0
19739,1.5703174282662904,0
19740,0.44662538328303614,0
19741,0.5935931093554231,0
19742,1.70825415018313,0
19743,2.2657433178200317,0
19744,0.8767803744107893,0
19745,1.7433894221869268,0
19746,0.36248405459656186,0
19747,0.4593911776463501,0
19748,5.512573410629253,1
19749,0.32614535935968003,0
19750,0.40698446720157194,0
19751,1.7820731838366972,0
19752,0.8759939741396411,0
19753,1.0374392510794563,0
19754,1.0370527680528197,0
19755,0.7330622992485355,0
19756,1.2917624328672943,0
19757,1.6373807598423666,0
19758,1.8165878188208215,0
19759,1.9359393476286586,0
19760,1.5864267543853674,0
19761,1.4401703158712214,0
19762,0.5444218494998476,0
19763,1.0339575447385114,0
19764,0.44972595588156694,0
19765,1.0977279930541186,0
19766,2.9680091018668495,0
19767,0.4303952357627293,0
19768,0.9410743716196452,0
19769,0.8778772593125396,0
19770,0.7593284350682407,0
19771,2.2638833103532057,0
19772,0.8363000560619512,0
19773,1.2053594016405387,0
19774,0.70705375964245,0
19775,1.730641373122399,0
19776,1.8969431669643422,0
19777,0.4445842803033126,0
19778,0.8606430149226302,0
19779,0.8280049298453309,0
19780,1.530211321171795,0
19781,0.3085020261808433,0
19782,1.1853423614858405,0
19783,1.4500544178060342,0
19784,0.5605954097793974,0
19785,3.473828350929581,1
19786,0.9631008155485912,0
19787,0.25417552342711225,0
19788,2.444441488945058,0
19789,0.535501809502291,0
19790,0.7701858418696285,0
19791,1.1074992021256813,0
19792,1.2330830368296088,0
19793,1.5178727654722055,0
19794,1.2654868586207055,0
19795,1.4374978570726256,0
19796,9.05097313123151,1
19797,1.2131522026703232,0
19798,1.1685575654108262,0
19799,0.4610120718409575,0
19800,0.8998181216608193,0
19801,2.4894712314746665,0
19802,1.9936209921833945,0
19803,1.3706811274127255,0
19804,0.3265258375074308,0
19805,0.31620120371110616,0
19806,1.8839029156214437,0
19807,0.25449406572710537,0
19808,0.3609182522420115,0
19809,1.0179615838941567,0
19810,1.3245322116410532,0
19811,0.3181403777889254,0
19812,1.256523375420313,0
19813,0.9722123963784818,0
19814,2.3166133901820047,0
19815,0.4852956281001861,0
19816,1.1560921145928533,0
19817,0.7248901772482976,0
19818,1.245610842052235,0
19819,1.1288411536195062,0
19820,2.3259392539114656,0
19821,0.5306515978975146,0
19822,0.27972628385993403,0
19823,0.3991219551850261,0
19824,1.479856255055129,0
19825,2.5969612830792093,0
19826,0.35715230192804764,0
19827,0.9006635187191743,0
19828,1.0906741366245163,0
19829,1.199841683705173,0
19830,1.8581887857480746,0
19831,1.7699563388518742,0
19832,0.566494013190669,0
19833,0.6486151136851263,0
19834,0.7441982159561189,0
19835,0.7094984718599104,0
19836,0.38455736607738794,0
19837,1.044459269213018,0
19838,0.5823417092887267,0
19839,0.8815738196645349,0
19840,1.7103314237432625,0
19841,0.6531739648873505,0
19842,2.0532837346008117,0
19843,1.5386121634359953,0
19844,1.9907304651023667,0
19845,1.1347737942760345,0
19846,0.828740478133422,0
19847,2.1018708276165596,0
19848,0.765132317833428,0
19849,0.601719282641984,0
19850,1.9500802802288308,0
19851,0.9089730313126255,0
19852,0.5930889864365341,0
19853,0.6480993536787351,0
19854,0.4930572358290046,0
19855,1.6522151585593357,0
19856,1.121826908210337,0
19857,2.4099713079473175,0
19858,1.1761112048955675,0
19859,0.6073732106222527,0
19860,1.6456919978306777,0
19861,1.016659161347371,0
19862,2.4136402463587645,0
19863,1.4247724436235023,0
19864,3.069459829971601,1
19865,0.6954477336300364,0
19866,2.799784393827202,0
19867,0.2697134838915834,0
19868,0.5129337675102139,0
19869,0.5185018708935231,0
19870,1.3651688953008274,0
19871,3.045958781407515,0
19872,0.7997595333814265,0
19873,3.6031270375071247,1
19874,0.4352421888961544,0
19875,1.2180511516310881,0
19876,1.0406237564808618,0
19877,0.29590456403420345,0
19878,1.3448775367948136,0
19879,0.8662723706817451,0
19880,0.4584808407796756,0
19881,1.414787808620522,0
19882,0.4324856597239213,0
19883,0.9574365236439125,0
19884,2.7647145990359907,0
19885,2.994798101887302,0
19886,4.18612377497439,1
19887,1.4317944724006375,0
19888,0.35764372378791065,0
19889,1.8561820586593416,0
19890,0.4992451640565055,0
19891,0.6730668768709782,0
19892,1.2546181012248872,0
19893,0.5674504923034872,0
19894,4.684990290217962,1
19895,1.50394542841132,0
19896,1.6754160273625256,0
19897,0.5916887959981602,0
19898,1.1136182766954155,0
19899,2.1603092990043646,0
19900,1.6821175060649212,0
19901,0.44179563726954624,0
19902,0.6541748757037187,0
19903,4.89638170442384,1
19904,0.5067480877374927,0
19905,3.594038104491543,1
19906,1.036887758759535,0
19907,0.7812851530092739,0
19908,0.42827939272729026,0
19909,0.6620393898488949,0
19910,1.0474818909271553,0
19911,1.1671541711924063,0
19912,0.26832220822843705,0
19913,0.35772642591948484,0
19914,0.6904694860034559,0
19915,4.678036825774236,1
19916,1.0962847548310541,0
19917,0.41106142041647875,0
19918,9.003904392809002,1
19919,0.9684386341677301,0
19920,1.3942332204413102,0
19921,0.49427953153545706,0
19922,0.3993210539014706,0
19923,0.3401767258274162,0
19924,0.5918893794641812,0
19925,0.9500417789106893,0
19926,0.3607969970713462,0
19927,2.4238571802204874,0
19928,0.46518404845594025,0
19929,0.5336883835503949,0
19930,0.2676278870845196,0
19931,1.23809931123647,0
19932,0.6632985159586146,0
19933,2.6315516101331284,0
19934,1.8042303526575623,0
19935,2.5765822387694395,0
19936,2.5316173022127617,0
19937,1.0265777647341379,0
19938,0.5606371421709831,0
19939,0.8734111793656276,0
19940,1.3827758477172842,0
19941,0.7421732067509049,0
19942,1.613175863599737,0
19943,1.327905320999444,0
19944,1.6115984450453025,0
19945,0.7216267357419849,0
19946,0.45030057188261097,0
19947,1.5999736034325538,0
19948,3.934754770278798,1
19949,0.41806297704276835,0
19950,2.691774613531103,0
19951,0.8259518763053009,0
19952,1.2826203845832478,0
19953,0.833274091662926,0
19954,5.381106377125259,1
19955,1.031334111616096,0
19956,1.591769529429653,0
19957,1.3799630115295372,0
19958,1.2289845123786534,0
19959,1.1508376836596645,0
19960,1.5336761511255128,0
19961,1.0339008440758541,0
19962,1.7038858705511013,0
19963,2.040481560262395,0
19964,1.5438764510645224,0
19965,0.8123561305795005,0
19966,1.455351030393096,0
19967,0.5561799104291826,0
19968,2.3352399818740848,0
19969,0.941258958193537,0
19970,2.2924487452742115,0
19971,0.4507641777227767,0
19972,1.2788520637201068,0
19973,0.6634922259723939,0
19974,1.133653765706142,0
19975,1.7549386547975736,0
19976,1.140798918830406,0
19977,0.44298873118206594,0
19978,0.3085883760392642,0
19979,1.3038785846935106,0
19980,3.5287494547604723,1
19981,3.440387750736963,1
19982,1.7546644860905305,0
19983,0.5107599407608707,0
19984,1.8206844940630065,0
19985,1.217947647594422,0
19986,1.8315394576935349,0
19987,1.59527628675914,0
19988,1.8224692097090356,0
19989,0.5726882396734415,0
19990,1.8852828068296286,0
19991,0.6841369046945991,0
19992,1.2663718999796383,0
19993,1.3467732225259792,0
19994,1.6249920380754928,0
19995,0.6497061527152977,0
19996,0.30113497675676204,0
19997,1.2287190094280667,0
19998,1.0424541935242753,0
19999,1.3200814988473544,0
20000,0.8783259020035804,0
20001,2.704574222995969,0
20002,0.24582738179690147,0
20003,2.042005486814157,0
20004,0.8110072521433629,0
20005,0.46643033337068024,0
20006,0.6985744845363059,0
20007,0.3824346591841886,0
20008,1.7311096844469007,0
20009,0.906023969946128,0
20010,1.6784263723166044,0
20011,1.6485620608044835,0
20012,2.170925888952729,0
20013,1.8115581890229604,0
20014,0.9568865806323307,0
20015,0.8494638279164413,0
20016,0.7855922941138016,0
20017,0.40609062203550167,0
20018,1.9152682551230906,0
20019,0.6084422819593266,0
20020,0.8047169557194369,0
20021,2.6950436800065716,0
20022,0.695801546810635,0
20023,1.1285765425693848,0
20024,1.4060774996810728,0
20025,0.8781070686275746,0
20026,1.0846929563049663,0
20027,1.0803025837489268,0
20028,0.3189280557659749,0
20029,0.8497056110598613,0
20030,1.6871226039041192,0
20031,2.09413545538543,0
20032,1.4307013935302113,0
20033,0.7041870788857371,0
20034,0.35315603218837294,0
20035,0.9676585071571978,0
20036,0.6332816013746229,0
20037,0.9937991773905139,0
20038,6.2992809899200966,1
20039,1.9912891741942809,0
20040,1.4922002928312046,0
20041,0.8617977555197182,0
20042,1.435463180151128,0
20043,1.0214859369660496,0
20044,0.3690646535798005,0
20045,0.24329020269808813,0
20046,1.4651780664068768,0
20047,0.3226566929817576,0
20048,0.635732458619199,0
20049,1.1157871452887802,0
20050,1.870396868698961,0
20051,0.7277872471904879,0
20052,0.7667484758188384,0
20053,2.2055271094051365,0
20054,0.938328870133196,0
20055,0.29297460262760217,0
20056,3.137213945962623,1
20057,0.582206451869078,0
20058,1.1017334271033925,0
20059,1.206786424945703,0
20060,0.541646736290902,0
20061,1.9625476652875782,0
20062,2.6863987189397394,0
20063,0.8619640014321303,0
20064,2.5273036405058074,0
20065,0.780776345872131,0
20066,1.4167495329742401,0
20067,1.663596959323806,0
20068,0.3595628109797889,0
20069,1.7199539278687979,0
20070,0.6410391605451966,0
20071,0.6112125384496278,0
20072,0.5331705028133439,0
20073,0.8311755596138899,0
20074,0.7485748181807322,0
20075,2.8440430887429216,0
20076,1.2227595169276013,0
20077,4.27626441960527,1
20078,2.3226911079308996,0
20079,0.4193140105030916,0
20080,3.8827318291511985,1
20081,3.070568607482259,1
20082,2.9612166694995694,0
20083,0.23980315881844086,0
20084,3.3432473237383777,1
20085,0.5504890104208154,0
20086,1.163552607471558,0
20087,0.45311922722310893,0
20088,1.7177124422378314,0
20089,0.5132731251966892,0
20090,1.7290578384508961,0
20091,2.025145356889591,0
20092,0.3080188159503472,0
20093,0.25005321850406814,0
20094,1.175938177880113,0
20095,0.6607268241557125,0
20096,1.0843866401561284,0
20097,2.298475140816764,0
20098,0.5591697673263217,0
20099,0.7610384423380256,0
20100,0.34810760079358444,0
20101,1.633628594238173,0
20102,0.3560412739077216,0
20103,0.445547098047505,0
20104,2.1183192523557333,0
20105,1.5864751171291593,0
20106,0.7529253379156243,0
20107,0.525308238909816,0
20108,0.9782074291384929,0
20109,2.0825081107879293,0
20110,1.9234425135787985,0
20111,0.2765882849682354,0
20112,1.5208184148887833,0
20113,1.0764899885210824,0
20114,0.9715173540597013,0
20115,1.0861375108372127,0
20116,1.3861519048212387,0
20117,0.34082029241384343,0
20118,0.5665293174614717,0
20119,2.462508535054786,0
20120,0.6310136743748143,0
20121,2.576566952188982,0
20122,0.6633840085907436,0
20123,0.6634127445858043,0
20124,0.3639013650002692,0
20125,1.5924623303719778,0
20126,2.2351986391275838,0
20127,0.46624326890938855,0
20128,0.2764710809790209,0
20129,1.8994328749339922,0
20130,1.21321178105553,0
20131,0.5231590043185983,0
20132,0.680010914653551,0
20133,0.8394298646972113,0
20134,0.5992906634080912,0
20135,1.6291751587825696,0
20136,0.8698374796945424,0
20137,2.756992572669115,0
20138,2.1641929854804656,0
20139,0.6853823415246432,0
20140,0.684112646423803,0
20141,5.117049297895838,1
20142,1.4468268434285683,0
20143,5.048191204686275,1
20144,1.3184022103605233,0
20145,1.502732469528461,0
20146,1.3429049171857963,0
20147,2.3962758898116663,0
20148,1.1387175236583937,0
20149,0.5216034575084646,0
20150,0.6143297093759716,0
20151,1.0521780921571209,0
20152,1.169458564679124,0
20153,0.3077080624657061,0
20154,0.34809502823346455,0
20155,2.4196426253888914,0
20156,0.5045450635009203,0
20157,0.6058721183592944,0
20158,1.3470919961369912,0
20159,1.4321726190085569,0
20160,1.3091062939218012,0
20161,0.5383351913740875,0
20162,1.9714062838361377,0
20163,2.3117206026716746,0
20164,0.8663622946616185,0
20165,1.499953401490729,0
20166,0.5094967317442969,0
20167,0.35239574695364484,0
20168,0.35345274774946706,0
20169,2.9264345832895824,0
20170,1.352617314216146,0
20171,1.1748847053313687,0
20172,2.4723512415930244,0
20173,1.3015501868012094,0
20174,1.599246795572076,0
20175,0.8208172977240299,0
20176,1.8168355905908617,0
20177,0.39766786385575315,0
20178,0.4366786588648715,0
20179,1.2568689837226572,0
20180,1.1982043535911358,0
20181,0.45926575338783254,0
20182,2.359182860847588,0
20183,1.7612794460117935,0
20184,1.5465159072838355,0
20185,0.5162354260673765,0
20186,1.1393894158058526,0
20187,1.0615908968165297,0
20188,1.2757352079282247,0
20189,3.982096766601103,1
20190,0.8163295153453288,0
20191,0.908324189639202,0
20192,1.8122363206345151,0
20193,1.1543222743190686,0
20194,0.4593467619928262,0
20195,2.45593109093642,0
20196,0.9359545829125018,0
20197,0.7625994620589345,0
20198,2.512823036764467,0
20199,1.7788533534358006,0
20200,1.3260586751468302,0
20201,2.978818689080367,0
20202,0.2753760193305261,0
20203,1.8651241583821205,0
20204,1.6147243815671288,0
20205,1.0336387081154308,0
20206,1.8553297914928955,0
20207,0.9288917461658373,0
20208,0.68342962322051,0
20209,1.1669992505080562,0
20210,1.2337105337993326,0
20211,1.73421110018591,0
20212,1.2044577231702198,0
20213,0.31807203354715197,0
20214,1.2973725638094493,0
20215,1.508872925601302,0
20216,2.0541055777774395,0
20217,0.6501176109357645,0
20218,1.6117074704285523,0
20219,1.3072732122420156,0
20220,1.566108410426509,0
20221,0.42306795580552076,0
20222,0.4069695211261925,0
20223,1.9786231654608375,0
20224,1.6493401004943185,0
20225,0.6184552841146644,0
20226,9.602943777481482,1
20227,0.8617098058295805,0
20228,1.9794980548749141,0
20229,1.258443315341667,0
20230,0.6295537524114275,0
20231,0.9104474343091157,0
20232,1.4695067997987092,0
20233,0.46026780679984663,0
20234,1.4404130816385967,0
20235,1.6398354837291138,0
20236,0.9891415488578947,0
20237,0.4852051991883201,0
20238,2.3035185386511463,0
20239,3.5668965017569865,1
20240,0.8434279573582175,0
20241,5.740224629896047,1
20242,0.9210962987074426,0
20243,0.9629358116541911,0
20244,2.9078511960547186,0
20245,2.1846565924476424,0
20246,0.7989655115464368,0
20247,1.8845601496109723,0
20248,2.232721904134755,0
20249,0.8099582428103419,0
20250,0.5472799264064415,0
20251,0.5088539998149572,0
20252,1.1557329721009202,0
20253,1.419908594281231,0
20254,3.3732406058233817,1
20255,1.569764269448027,0
20256,0.5467545368524624,0
20257,1.9591944067396823,0
20258,0.4897072663744053,0
20259,1.8092970086624576,0
20260,2.385943384287496,0
20261,6.681542402460284,1
20262,0.5296967757999841,0
20263,1.1703356282538027,0
20264,1.5033108824790926,0
20265,0.38537713059735224,0
20266,1.1973878246056795,0
20267,1.4735033653398522,0
20268,0.8247929950026013,0
20269,1.401326514184179,0
20270,1.5026811608724802,0
20271,1.6304861385083649,0
20272,1.5716029739326425,0
20273,1.575430281438922,0
20274,1.8153094121113227,0
20275,0.5388802388992525,0
20276,2.1132750916993808,0
20277,0.6635620797113755,0
20278,1.9491427400280061,0
20279,2.844408960662417,0
20280,0.3735033603622062,0
20281,0.9631966917498487,0
20282,1.1373015103214172,0
20283,0.3734236839078665,0
20284,1.5965738151251243,0
20285,0.5723605115921682,0
20286,0.9820528437930132,0
20287,1.1748272683584535,0
20288,0.4882779332157142,0
20289,1.9149402693223532,0
20290,2.4121465904874517,0
20291,1.9206013281284706,0
20292,1.3116275154149337,0
20293,1.3202282031532484,0
20294,2.0996815323949725,0
20295,1.8333339972742104,0
20296,0.7771227771225597,0
20297,1.031213922103933,0
20298,1.809242468199684,0
20299,1.731600793446171,0
20300,1.1392992535742128,0
20301,0.6353691115984558,0
20302,0.4975762546845812,0
20303,0.39599829598418346,0
20304,2.11247736746647,0
20305,1.8546416793975344,0
20306,1.2653729720912172,0
20307,1.5896633773717532,0
20308,0.7035258632921442,0
20309,1.551074862692387,0
20310,1.5409580368547955,0
20311,0.5229643318663985,0
20312,0.4354412864309863,0
20313,2.1686124702617153,0
20314,2.2919433863535184,0
20315,2.1833539607447237,0
20316,2.5898283092372787,0
20317,2.318030030987943,0
20318,1.6427675211241881,0
20319,0.877138977963149,0
20320,1.2227434956742524,0
20321,1.5559232734713793,0
20322,1.7741310844758993,0
20323,1.41599981086018,0
20324,1.749181254191084,0
20325,0.6383019084076694,0
20326,1.532639663067456,0
20327,1.768741190280889,0
20328,1.1784772703552409,0
20329,1.4156805664445549,0
20330,2.0954586505174437,0
20331,0.5762123138512277,0
20332,1.2847154781887749,0
20333,1.6987713701811817,0
20334,2.915865938724697,0
20335,2.1449753514221475,0
20336,0.42483607362757314,0
20337,1.7794668251169332,0
20338,1.3763983950023753,0
20339,0.5405648052050357,0
20340,2.1810707660267443,0
20341,1.2872865725512643,0
20342,1.1580355837988086,0
20343,1.8714400503485658,0
20344,0.7762912848610143,0
20345,1.92193311250186,0
20346,3.1216888247471557,1
20347,0.8819208229131338,0
20348,0.6168526364823044,0
20349,2.03630172899703,0
20350,1.3922229513989686,0
20351,0.4776635273667331,0
20352,0.8090024034710661,0
20353,0.3540365100128797,0
20354,1.2442749361478194,0
20355,0.5470657128421217,0
20356,1.016360358802196,0
20357,1.3907771457249605,0
20358,0.8486943946858397,0
20359,1.1842514316830424,0
20360,2.7626160129130692,0
20361,2.5662208560092012,0
20362,1.2748723191469487,0
20363,1.2556814367618037,0
20364,0.9890643571697386,0
20365,0.3250599459266693,0
20366,0.7686010679465667,0
20367,1.5680122385713504,0
20368,1.393772057977184,0
20369,2.023680496920097,0
20370,1.1738733594624902,0
20371,0.19908283482367584,0
20372,0.8276979460032083,0
20373,0.657712482908399,0
20374,0.19663664565428976,0
20375,1.7604994463563164,0
20376,2.8040006396348454,0
20377,0.7055705824372228,0
20378,1.521436855917543,0
20379,1.0872953694960161,0
20380,1.2524193328036874,0
20381,1.3113085956388544,0
20382,0.8135027280036824,0
20383,0.1599026647464674,0
20384,1.7409723182948629,0
20385,0.8846316187462865,0
20386,0.48046158112866344,0
20387,1.5366998117017212,0
20388,0.7070402108370506,0
20389,1.2604638108627086,0
20390,1.1529965547733632,0
20391,0.15272399667955497,0
20392,0.8170473464052467,0
20393,1.4294230163152852,0
20394,1.0483739803967709,0
20395,0.8244265270608105,0
20396,0.7584718506633338,0
20397,3.6249617722259475,1
20398,1.5390978066430676,0
20399,0.16125369489482963,0
20400,0.515168305949366,0
20401,0.9726210587590989,0
20402,2.219419559919284,0
20403,1.0887588220020392,0
20404,6.287261072232889,1
20405,1.1794937292251508,0
20406,0.7677313994382226,0
20407,0.1781286139983728,0
20408,0.8378837159552468,0
20409,0.21300883172366586,0
20410,3.2094313354509296,1
20411,0.31353673941953686,0
20412,2.032619083120027,0
20413,1.1441479125904512,0
20414,0.3751455129460947,0
20415,1.6649035059799104,0
20416,0.31019441452735425,0
20417,1.4011299466106204,0
20418,0.6082080378474896,0
20419,0.8615498033633922,0
20420,1.6961873248510453,0
20421,0.4374751033325191,0
20422,0.2380148461227727,0
20423,1.090760084016648,0
20424,2.3420280888965532,0
20425,1.0713943126938559,0
20426,0.3322008262806586,0
20427,1.914867888148739,0
20428,2.1075061826184953,0
20429,0.9634661348227336,0
20430,0.5332635197724974,0
20431,0.4088208631531895,0
20432,1.511846988431823,0
20433,0.6022328409744749,0
20434,2.37806340137502,0
20435,0.38959143081937136,0
20436,0.9357123016632616,0
20437,1.2442292022473522,0
20438,1.525945498862586,0
20439,2.307444329903232,0
20440,0.5856993466067298,0
20441,0.8056167363862148,0
20442,0.7136732209696645,0
20443,0.639573957178794,0
20444,2.9913608028794973,0
20445,1.808589601468067,0
20446,1.310563395646806,0
20447,0.25637145302725617,0
20448,0.9622573041749052,0
20449,3.1143910313351637,1
20450,2.2356284268867284,0
20451,2.4292569661940053,0
20452,0.9279772639108177,0
20453,0.8108736561544418,0
20454,2.8361451094905834,0
20455,1.1076326098838112,0
20456,0.9574272373329105,0
20457,0.42187636880050505,0
20458,1.3085485942814425,0
20459,1.3329644260550586,0
20460,1.1763458504356081,0
20461,1.6500313557906279,0
20462,0.5308768523366296,0
20463,1.436662786035041,0
20464,2.178801082909791,0
20465,1.1588639950579163,0
20466,0.3907485145260875,0
20467,0.22682450425410383,0
20468,0.23773118264675755,0
20469,1.9613447806805826,0
20470,1.1766316122541156,0
20471,0.5535703694378066,0
20472,1.3433342410487208,0
20473,1.006384816402243,0
20474,0.6077047272847255,0
20475,1.0627485777456132,0
20476,0.6293041953213625,0
20477,1.468992898382996,0
20478,0.5863589874071811,0
20479,0.2790912429493959,0
20480,1.3744911642051727,0
20481,0.8556634482471737,0
20482,2.9172073707742765,0
20483,1.428139165661223,0
20484,0.6303180939498427,0
20485,0.7374497652383456,0
20486,0.24796329321833252,0
20487,0.4829684800977581,0
20488,1.4800966022455393,0
20489,0.41651798467469553,0
20490,2.115452933256052,0
20491,0.8125998487925846,0
20492,1.3920165052261735,0
20493,0.9396180513386625,0
20494,2.3773628248657124,0
20495,5.21982130270589,1
20496,1.5264003768193501,0
20497,0.8454395291376194,0
20498,0.9728956045757492,0
20499,0.7620959473839591,0
20500,0.567642885596236,0
20501,0.6319928258125788,0
20502,0.9582921079066521,0
20503,1.1851006401971855,0
20504,2.4906434942763167,0
20505,0.30173177821494507,0
20506,10.278809959806422,1
20507,2.0489541221707612,0
20508,1.4407797171204184,0
20509,0.4389116540410434,0
20510,0.573611723998224,0
20511,0.39736972166222834,0
20512,0.8716736295207119,0
20513,1.1673674556447042,0
20514,1.225374466847384,0
20515,0.48513910214563943,0
20516,3.7029575028579176,1
20517,0.4833351770256421,0
20518,1.0110326573812185,0
20519,0.34496123261728134,0
20520,1.6483180793966374,0
20521,0.9045296485632899,0
20522,0.2963526496531793,0
20523,0.5868800701710645,0
20524,0.6735790367975534,0
20525,1.4380140301439908,0
20526,0.7164114427455153,0
20527,1.2029274064801405,0
20528,0.2763877994873584,0
20529,0.32613096334401803,0
20530,1.694732738759593,0
20531,0.7378111808336407,0
20532,0.6044900450040864,0
20533,3.420795559469687,1
20534,0.5240537097237394,0
20535,2.4555803248382113,0
20536,0.7103966332946687,0
20537,1.3114422803030925,0
20538,1.374508314724259,0
20539,0.4688261285661909,0
20540,0.8715353790865907,0
20541,0.7939167508868752,0
20542,0.2861415118390153,0
20543,1.9166241520837801,0
20544,1.6172142104100042,0
20545,1.7777519761577383,0
20546,6.258600576795548,1
20547,1.5428045001433188,0
20548,0.9770723534357749,0
20549,0.5885683258869723,0
20550,1.6861313800291606,0
20551,0.45332064332414956,0
20552,0.8315665318406111,0
20553,0.5420721699534591,0
20554,0.7901309188540245,0
20555,1.3753210409565209,0
20556,0.3317374204538665,0
20557,0.4796241647223051,0
20558,0.35805365179444526,0
20559,2.0734406463924913,0
20560,0.6513128379071023,0
20561,1.1658750756437941,0
20562,1.7066415169144236,0
20563,1.0021975520219013,0
20564,0.34791658793524877,0
20565,1.4398038390122803,0
20566,1.3271344428203078,0
20567,3.4057383912423167,1
20568,0.8930796936859854,0
20569,0.7349897621875333,0
20570,1.745698217864285,0
20571,0.846503744711321,0
20572,0.99169169380752,0
20573,1.7066820456303684,0
20574,2.2518214111842805,0
20575,1.992573848913996,0
20576,0.40374261015958113,0
20577,3.167050536743486,1
20578,0.7945661487440513,0
20579,1.5194679929411126,0
20580,2.363247039633013,0
20581,1.656738885187143,0
20582,0.6457878823038339,0
20583,0.3978411654842803,0
20584,1.0735670266290391,0
20585,1.5690575741693624,0
20586,2.0440799273140087,0
20587,0.4334527255000837,0
20588,0.7837400593204881,0
20589,4.804592499032053,1
20590,1.1860287833429224,0
20591,1.9899874141551008,0
20592,0.2393854051531328,0
20593,0.937605375542285,0
20594,1.3076198387042828,0
20595,1.5610079806214772,0
20596,1.792451212990071,0
20597,1.1061667717587764,0
20598,1.0029235937522285,0
20599,1.0431935640040704,0
20600,1.5457051518111817,0
20601,1.7338448687098507,0
20602,1.59749909599704,0
20603,1.2096768132990963,0
20604,0.4255002933376053,0
20605,1.729859640279777,0
20606,0.43277701479629865,0
20607,0.4594181887616261,0
20608,1.7734829390188338,0
20609,1.0381211304929308,0
20610,1.2992289732525863,0
20611,4.376844240033517,1
20612,0.7910646809980252,0
20613,1.5150326527952405,0
20614,1.9628694883077364,0
20615,1.4752039185828365,0
20616,0.44124101016078804,0
20617,0.8419653209509017,0
20618,2.247745559659361,0
20619,0.888228166230494,0
20620,1.1960393044366624,0
20621,1.7517481564726511,0
20622,0.9453771644932814,0
20623,1.3462275890374475,0
20624,0.4100432297457236,0
20625,0.3765993193606226,0
20626,1.0004584188855201,0
20627,2.3160331304788926,0
20628,0.9640735658049349,0
20629,0.5338465910052727,0
20630,1.1373698910007546,0
20631,2.0550997811861706,0
20632,1.3055488528283627,0
20633,2.849017505086791,0
20634,4.8486062533962295,1
20635,1.5030720978344745,0
20636,1.3610529647035887,0
20637,1.2102672989573935,0
20638,0.7122436776558166,0
20639,2.8408579890304817,0
20640,0.23049698771332697,0
20641,2.760381808193059,0
20642,0.6987144376942699,0
20643,0.8340003355103953,0
20644,1.6174230781369083,0
20645,1.4570746525783411,0
20646,1.1492135685608367,0
20647,1.0752240999455123,0
20648,0.18158799312101068,0
20649,0.1239485058185807,0
20650,0.843185709290126,0
20651,2.633583082222129,0
20652,2.1184704177010407,0
20653,1.0736561530073907,0
20654,1.4795529282894042,0
20655,2.232251543738061,0
20656,1.3603966813575057,0
20657,1.0998591151086572,0
20658,0.31476493262077315,0
20659,2.15824175820015,0
20660,1.392506017567392,0
20661,1.9843249671814838,0
20662,2.5206711120465273,0
20663,2.7494434368562626,0
20664,2.6213010329827706,0
20665,2.4862565908115304,0
20666,0.3888750389776193,0
20667,0.6538404033232542,0
20668,1.4772160792952045,0
20669,0.8059886478220546,0
20670,2.1050144874760126,0
20671,0.9539273484082221,0
20672,1.140510454954426,0
20673,4.27120337936971,1
20674,0.9473453531266874,0
20675,1.5525012678749872,0
20676,1.9626523105175777,0
20677,1.4076560642565341,0
20678,1.3945813071484345,0
20679,0.763192333283031,0
20680,1.6925583528415709,0
20681,0.9943804397396689,0
20682,0.9897549143186446,0
20683,0.4909731419705092,0
20684,1.0716917320552035,0
20685,2.0257499307213145,0
20686,2.0798418228836684,0
20687,1.540702118109254,0
20688,2.0530257699183627,0
20689,1.3567853892832136,0
20690,3.3202579072615106,1
20691,1.1519644233670654,0
20692,0.26920705257587413,0
20693,0.4348796598622279,0
20694,1.4739907029736885,0
20695,1.1690996955797879,0
20696,0.31483834581378595,0
20697,0.3905772855983318,0
20698,1.3397057840446067,0
20699,0.7755116661043175,0
20700,0.9262710831525104,0
20701,0.6804627961796199,0
20702,2.283600841737171,0
20703,1.7027269290719502,0
20704,1.0077637168661153,0
20705,0.3716871632195293,0
20706,0.5469491146894485,0
20707,0.45903470195601037,0
20708,0.5517225836334968,0
20709,1.1126000395446778,0
20710,2.7550609828731356,0
20711,1.7422283668399692,0
20712,0.4579890297327271,0
20713,1.3247659007596688,0
20714,0.2673710553623466,0
20715,0.7414558006640968,0
20716,1.9824099085267173,0
20717,0.5307721305453632,0
20718,2.2793181814190357,0
20719,0.485041594913378,0
20720,1.9435301520289328,0
20721,1.6045382575493599,0
20722,1.97425936216628,0
20723,0.8643048360198292,0
20724,2.836039893492459,0
20725,0.7772103135935712,0
20726,1.8555952230600723,0
20727,2.0770861539176586,0
20728,0.3487846688849529,0
20729,1.92966524302954,0
20730,3.766319958735561,1
20731,0.4051510833686587,0
20732,1.6083418390113502,0
20733,1.4633454335245695,0
20734,2.8553659551520614,0
20735,0.46278197425946044,0
20736,1.0471344202205095,0
20737,2.773769149848361,0
20738,1.1029565423755558,0
20739,1.1031635728839615,0
20740,1.3516139641058216,0
20741,1.8562097852894623,0
20742,0.4819069037282221,0
20743,1.004389274728409,0
20744,2.1577780745341575,0
20745,0.8842550945523688,0
20746,0.8368157097376151,0
20747,0.5766478262237794,0
20748,0.9232911177399173,0
20749,0.2773496122331605,0
20750,1.6047583607998035,0
20751,0.39689526325993885,0
20752,1.740538277331095,0
20753,0.3349113317128801,0
20754,1.4491102320442122,0
20755,0.9107672424807852,0
20756,1.3728397135833181,0
20757,1.3312051505629714,0
20758,1.4424956449341622,0
20759,0.3629964535951691,0
20760,1.5678982621314606,0
20761,0.19859531108488454,0
20762,1.0842461587610877,0
20763,9.648004643039773,1
20764,0.33196314433563906,0
20765,0.4156460913673797,0
20766,1.6469842656034905,0
20767,1.4021570176210276,0
20768,1.0980945218200981,0
20769,2.9543504460915098,0
20770,1.3307390798068242,0
20771,0.4283457201607142,0
20772,0.8850007463740917,0
20773,3.141567201322585,1
20774,1.7204941695264215,0
20775,0.7492657993008077,0
20776,1.0272573646802998,0
20777,1.1486354042535458,0
20778,0.5842257604281518,0
20779,1.9783857031257406,0
20780,1.503067068599463,0
20781,3.5292433529167817,1
20782,0.8873336406784083,0
20783,2.9085014947996095,0
20784,2.9018232620076847,0
20785,0.5560204108758591,0
20786,3.2952410173783475,1
20787,0.9229594215253333,0
20788,1.0599267888780513,0
20789,1.027804671629762,0
20790,1.6050837547555799,0
20791,1.5282889207599832,0
20792,1.6797464699504587,0
20793,2.170395225324475,0
20794,1.2480633747630527,0
20795,0.39459585790231594,0
20796,1.5515918341454362,0
20797,1.2804845668838412,0
20798,0.9295360461667173,0
20799,1.9497882508183826,0
20800,1.6720756500688283,0
20801,1.1626699594021113,0
20802,1.8396700201624856,0
20803,1.244307474247075,0
20804,1.2548104725312108,0
20805,0.3032910599840234,0
20806,1.1067060000755486,0
20807,0.536485798344697,0
20808,1.8344961376569195,0
20809,2.030686649005935,0
20810,2.1004851141252354,0
20811,1.3615371519083963,0
20812,1.6556533619697171,0
20813,2.3966943042808846,0
20814,5.117525825987558,1
20815,2.6279035828407884,0
20816,0.35284608383491073,0
20817,0.658242451638274,0
20818,0.8287614728244602,0
20819,1.3930189130094979,0
20820,0.8837040894175242,0
20821,0.6112184932387916,0
20822,4.367061534105278,1
20823,0.7225294458904468,0
20824,1.2368733124931537,0
20825,0.5294402062161957,0
20826,0.9192065430460005,0
20827,1.8196303107635408,0
20828,0.3942551777888941,0
20829,1.7488837105639676,0
20830,0.3221990234946597,0
20831,0.8132471076897111,0
20832,1.8608705633193166,0
20833,1.5679193561748803,0
20834,1.8882648211102422,0
20835,0.699608224655852,0
20836,0.880826789482738,0
20837,4.342172134979455,1
20838,1.814714949917094,0
20839,0.39624166617811185,0
20840,2.7389008948977316,0
20841,0.4344709766325652,0
20842,0.29292667089063623,0
20843,6.306494800419285,1
20844,1.0052252197948828,0
20845,1.0826872872774005,0
20846,0.4290704641440416,0
20847,2.073505449915199,0
20848,2.6189127563255963,0
20849,1.0380806234290216,0
20850,2.008708933173687,0
20851,1.401567833561067,0
20852,0.8200632589593944,0
20853,0.8169111593146875,0
20854,1.543771860130677,0
20855,2.09872042612175,0
20856,1.3530575976581298,0
20857,1.8937128788607072,0
20858,0.5229505251164901,0
20859,1.310599421308597,0
20860,3.4125739044150376,1
20861,1.262544322562715,0
20862,0.9370536923332702,0
20863,1.3511550777063934,0
20864,0.6962536059637973,0
20865,1.2150025757654757,0
20866,0.8317299735261856,0
20867,1.2704676096917682,0
20868,1.6344449738957343,0
20869,1.1041897445904723,0
20870,1.8754736059499981,0
20871,0.3411815894562629,0
20872,3.339662221808408,1
20873,1.2428503735012972,0
20874,2.986049899096733,0
20875,0.23420927128776353,0
20876,1.0361383929171086,0
20877,1.686453551470653,0
20878,1.738684046347471,0
20879,1.5286373586571058,0
20880,2.13672863638218,0
20881,1.1235411012074368,0
20882,2.2543105939404415,0
20883,1.862403900495682,0
20884,0.443488867286057,0
20885,2.583263486067598,0
20886,2.3744398515978036,0
20887,0.9680021475402254,0
20888,0.943231986099822,0
20889,0.385412682474581,0
20890,0.5708549258076875,0
20891,0.7942578590460397,0
20892,7.055953831672448,1
20893,0.8363672507477408,0
20894,2.0368842201099446,0
20895,0.5531094837679268,0
20896,0.6035177105981663,0
20897,0.6264336284007105,0
20898,2.232704747662694,0
20899,1.0924275343244416,0
20900,2.1627132284362887,0
20901,2.6367221578100137,0
20902,2.1163787618531997,0
20903,2.26314906834789,0
20904,1.0635613900575112,0
20905,1.00979475537224,0
20906,1.6433294515240686,0
20907,0.44106704467040836,0
20908,0.7646028410732454,0
20909,0.5087971082410997,0
20910,0.8831763570661983,0
20911,1.557580673365881,0
20912,0.3645700314734553,0
20913,1.0146044238482566,0
20914,0.44588827595228825,0
20915,3.911104694720401,1
20916,1.7027573490547392,0
20917,2.0794877283178077,0
20918,1.4437540642434057,0
20919,1.2492672795716773,0
20920,4.212201372639532,1
20921,0.9276859218555438,0
20922,0.5433202783084147,0
20923,2.316225067013959,0
20924,2.614817820051206,0
20925,0.6128436603549025,0
20926,2.550231223898374,0
20927,1.4100705210794355,0
20928,0.36168140101085594,0
20929,1.0151475079898875,0
20930,0.39319807407198265,0
20931,1.1816484286330748,0
20932,1.300654131838268,0
20933,0.3393360628528038,0
20934,2.457476701289978,0
20935,0.34112949666141856,0
20936,0.9950444185032032,0
20937,1.7291502325138273,0
20938,1.00801577044262,0
20939,0.5445943969660919,0
20940,0.5897278490636487,0
20941,1.3215035045172312,0
20942,0.7280212058024328,0
20943,2.408470330797579,0
20944,2.5416237430732,0
20945,1.1789570810376027,0
20946,1.0952125061868692,0
20947,1.3601420080272029,0
20948,0.467125064218714,0
20949,0.9788175676445334,0
20950,1.1811430489815016,0
20951,1.2446427007091976,0
20952,0.3648726940118862,0
20953,1.8980270934044587,0
20954,0.7457797506446106,0
20955,1.5579705841563414,0
20956,0.7810061043253864,0
20957,1.9192080457946126,0
20958,0.7814456378581107,0
20959,1.1474486427174233,0
20960,1.426368696713999,0
20961,0.9869976963644509,0
20962,4.378989380270887,1
20963,1.8266285234650654,0
20964,1.4821359971342152,0
20965,0.7277209557247196,0
20966,1.2321349502148229,0
20967,4.389179249460642,1
20968,0.5901351279163445,0
20969,0.49606039168065386,0
20970,1.1534941928022866,0
20971,0.49255204630377936,0
20972,1.6884731513693587,0
20973,1.7263028856702285,0
20974,0.5683019539322969,0
20975,1.9137730327263207,0
20976,1.7777328438898883,0
20977,1.117005923402722,0
20978,0.42204346175456214,0
20979,0.6442879872818129,0
20980,2.289279019622208,0
20981,0.6123167999906935,0
20982,1.3553816496737052,0
20983,0.8484222292396921,0
20984,3.1252661017823806,1
20985,1.3423401186464312,0
20986,0.9691845481090413,0
20987,2.2625853913985425,0
20988,1.1279823449568338,0
20989,0.3972973445613277,0
20990,3.0320504901271077,0
20991,2.192232444446693,0
20992,3.1258256690259807,1
20993,2.1760027061719738,0
20994,0.5356947538638951,0
20995,1.2560392831198672,0
20996,2.164611502636104,0
20997,0.8188587035348351,0
20998,2.7840660574833387,0
20999,0.7257097192687375,0
21000,1.502454873584397,0
21001,1.7562231348711785,0
21002,1.3790385445440527,0
21003,2.495689147517877,0
21004,1.5976093853296485,0
21005,1.0784963572719242,0
21006,2.5619887661286205,0
21007,4.299445646676106,1
21008,2.284404196431997,0
21009,0.3502085843274689,0
21010,1.2270349990556113,0
21011,0.39695526901730244,0
21012,1.999308895101658,0
21013,2.012234260890736,0
21014,1.0821963902098397,0
21015,1.4626974865803826,0
21016,1.8311570934713304,0
21017,0.9594897081497076,0
21018,0.4684711017042513,0
21019,0.7084604608618092,0
21020,1.6630222188835964,0
21021,0.3498070587086207,0
21022,1.1527065285757785,0
21023,0.4515086056608861,0
21024,0.8728449199162506,0
21025,0.6670193722715518,0
21026,0.9786231326795576,0
21027,1.1535196819318267,0
21028,0.4336806993330058,0
21029,0.5662661329612633,0
21030,1.9817279349361887,0
21031,2.3493436483558754,0
21032,1.8368784154414035,0
21033,1.0052542259031343,0
21034,0.7471093998479946,0
21035,0.6937431354634837,0
21036,1.6777507744053297,0
21037,1.0759208624528287,0
21038,1.1361922111027916,0
21039,0.6837181250142416,0
21040,4.903063508442597,1
21041,0.34941322749471,0
21042,0.8062660553442124,0
21043,0.2912375406353592,0
21044,0.5523300741416257,0
21045,1.547395021347205,0
21046,2.560980686808754,0
21047,6.3503596107034435,1
21048,1.6208475359178807,0
21049,3.0611690847537614,0
21050,1.5788160529445356,0
21051,1.0383273872206111,0
21052,0.7648671367304966,0
21053,0.6731338244088039,0
21054,0.5154980157248669,0
21055,0.5067084612314585,0
21056,1.171008069373417,0
21057,2.298569795023832,0
21058,1.1520843066732642,0
21059,2.6642538484131575,0
21060,1.8435637554990525,0
21061,1.9663691051594605,0
21062,0.49181951179325983,0
21063,1.3377968051425182,0
21064,0.6529597450542108,0
21065,1.6203652650135327,0
21066,0.5653083535699407,0
21067,0.9818747147751531,0
21068,0.504783192087339,0
21069,1.39668870392191,0
21070,1.035031824413302,0
21071,2.681618353686797,0
21072,0.3057162830956352,0
21073,1.9917372155876512,0
21074,0.8342291005449469,0
21075,1.2832344107706393,0
21076,1.8037125570473966,0
21077,2.350694648687449,0
21078,0.9019447223408029,0
21079,1.247383098593237,0
21080,1.1808125430179608,0
21081,2.6719487345042476,0
21082,1.8306784191112468,0
21083,2.8323927809027314,0
21084,0.9378791840797073,0
21085,0.9647641776123674,0
21086,2.122935313230759,0
21087,1.816016089233455,0
21088,2.0046057141239335,0
21089,1.404604882393005,0
21090,1.7408823400204423,0
21091,3.146728101923716,1
21092,5.2796450556860774,1
21093,2.3573520656070106,0
21094,2.5974943936458756,0
21095,3.28351677419032,1
21096,0.5948658094419456,0
21097,1.6778224483313644,0
21098,2.1164581335899655,0
21099,0.7490952800057534,0
21100,1.0996173671554728,0
21101,1.5596113169176278,0
21102,1.9501650370084482,0
21103,0.6214544098730681,0
21104,1.9029548588022132,0
21105,1.329217213816854,0
21106,0.4684737887837581,0
21107,1.5126584599377322,0
21108,0.5776494836580353,0
21109,1.0287047628358252,0
21110,1.8189367815718678,0
21111,0.9178208170111631,0
21112,1.9140948767961814,0
21113,0.8641884826978334,0
21114,2.0649551146140315,0
21115,4.7136491177940485,1
21116,1.4209057613338678,0
21117,0.7209781444319853,0
21118,2.770582149375023,0
21119,2.2921939550959527,0
21120,1.8700571989848322,0
21121,0.5511262034798181,0
21122,3.777065562915049,1
21123,0.8033472416513431,0
21124,0.56491506119984,0
21125,2.313476932054466,0
21126,0.8555491987290348,0
21127,2.688868007171493,0
21128,1.0312668949231154,0
21129,1.7241103585111346,0
21130,0.6712098970452863,0
21131,0.8564868771797179,0
21132,1.4519592442927611,0
21133,1.7914228886625367,0
21134,2.5907162085423536,0
21135,1.6893059205313095,0
21136,1.4940607741377565,0
21137,1.0888152246974798,0
21138,0.27907493229311453,0
21139,0.8873141220566159,0
21140,2.159920648074914,0
21141,0.7123417909417972,0
21142,0.48007286861198906,0
21143,0.35160082856123825,0
21144,0.9297408095939007,0
21145,1.1363276034122365,0
21146,1.9772323045010967,0
21147,0.8139014890933602,0
21148,0.6111172471919414,0
21149,1.4409829321376872,0
21150,0.9965426061336814,0
21151,0.5322740893032182,0
21152,2.5155592206916912,0
21153,0.8693470012141058,0
21154,3.244663461567775,1
21155,2.058776168203459,0
21156,1.4021204027676966,0
21157,1.8903673840633464,0
21158,0.6539736837903796,0
21159,0.9958176636960481,0
21160,0.95236447190549,0
21161,0.7303753342350131,0
21162,0.3247484546711912,0
21163,0.4434708717324366,0
21164,1.1701048244889414,0
21165,2.586652534813166,0
21166,2.3429022284712193,0
21167,0.7700023027585338,0
21168,2.055235298355631,0
21169,1.527016412735526,0
21170,1.2067448653151518,0
21171,1.5964448586081692,0
21172,2.7448016875567576,0
21173,2.4139034767254723,0
21174,0.8272559837443683,0
21175,1.6228639016574185,0
21176,0.6061462541088879,0
21177,1.2246429844488715,0
21178,0.8804703762278139,0
21179,1.2433090416694463,0
21180,1.311229900732065,0
21181,0.8127603790415464,0
21182,0.7946902078739672,0
21183,1.3053554168206598,0
21184,0.7575110730215505,0
21185,1.6627621304325761,0
21186,1.9011226699321584,0
21187,1.6041167929815816,0
21188,0.6286754383415941,0
21189,0.8111482100398039,0
21190,1.1988841989571692,0
21191,2.0711733861421164,0
21192,0.9009870047824765,0
21193,0.9623698796438245,0
21194,2.4295737334926124,0
21195,1.1147809352659768,0
21196,0.781374088822959,0
21197,0.2904445390002502,0
21198,1.525996569111778,0
21199,1.2476781641869612,0
21200,1.9545914490853753,0
21201,2.0140215793931393,0
21202,1.1468077146562272,0
21203,1.675328295162169,0
21204,1.0359759419951746,0
21205,2.0952112195410826,0
21206,1.3818388872744107,0
21207,2.7915433003133567,0
21208,3.948334517950312,1
21209,1.7709924065394123,0
21210,0.48059336059869967,0
21211,1.199075001455057,0
21212,1.6399214081641944,0
21213,1.1767389912222745,0
21214,0.7194052615302132,0
21215,1.744723639324301,0
21216,0.622363391391758,0
21217,1.4376684762825933,0
21218,1.2239151987425956,0
21219,0.4318014290217341,0
21220,1.4005098186067069,0
21221,1.08022510552802,0
21222,0.5767367699649739,0
21223,2.888489314873672,0
21224,1.507336439448187,0
21225,0.8709973208859476,0
21226,3.0565871633739956,0
21227,3.488608915399912,1
21228,1.0797810734400064,0
21229,1.366052726953499,0
21230,0.43757159373785987,0
21231,0.8554555554817819,0
21232,2.220985267751607,0
21233,1.432752044332325,0
21234,0.7269787425528573,0
21235,3.0702895970628603,1
21236,1.0861300664340385,0
21237,0.6363359248122918,0
21238,0.802981012944479,0
21239,5.733705480563131,1
21240,3.809122770497367,1
21241,1.0687433228944472,0
21242,0.6145519801413729,0
21243,3.3029633491092496,1
21244,2.9080206479328856,0
21245,1.003603871437444,0
21246,0.81731836430233,0
21247,2.2377660019609453,0
21248,1.2594384377742185,0
21249,2.153218635216483,0
21250,6.274189599893191,1
21251,1.1432313297249896,0
21252,1.2951499750694089,0
21253,0.7620724110556619,0
21254,0.652003335332257,0
21255,1.6406556792710076,0
21256,1.566187820308816,0
21257,2.357840301904938,0
21258,4.072505602428902,1
21259,0.9764786564366407,0
21260,0.4408265338424023,0
21261,1.2366990257986425,0
21262,1.3747297468552049,0
21263,1.0904408173490432,0
21264,0.48806333706334876,0
21265,1.340797506840255,0
21266,2.3710604125689443,0
21267,0.8548356169495706,0
21268,1.691096358338683,0
21269,0.8034880185260438,0
21270,0.9467644623396443,0
21271,2.1503424860119154,0
21272,0.36554138350992793,0
21273,0.9310736641967793,0
21274,1.6155313381440235,0
21275,2.367700528128701,0
21276,0.5813878043220659,0
21277,1.3910167136578417,0
21278,0.45371114018584424,0
21279,2.1001112614312785,0
21280,0.9596524729489471,0
21281,0.809354383348899,0
21282,2.3965757276748323,0
21283,2.355321995774186,0
21284,1.759947647031736,0
21285,0.9713150004796823,0
21286,0.7057821682092661,0
21287,3.4592289332683737,1
21288,1.4455292497278012,0
21289,1.9335455450821375,0
21290,3.162592368720649,1
21291,0.5720213671297643,0
21292,1.828341554718076,0
21293,1.1530529505352687,0
21294,1.1808857153971608,0
21295,0.9012691301668803,0
21296,0.8017885239503627,0
21297,2.212605790272216,0
21298,1.7115899362396048,0
21299,2.5389043559756392,0
21300,0.9055639259747655,0
21301,2.044810551882327,0
21302,0.36890106268434447,0
21303,1.9934746021432033,0
21304,0.6240869776521909,0
21305,1.0775943092103697,0
21306,0.4550964976045407,0
21307,0.4839385036274902,0
21308,2.584454665462652,0
21309,1.0853384015672372,0
21310,1.5413244639917558,0
21311,2.4433813870051666,0
21312,1.3086887965311542,0
21313,0.5989949505767663,0
21314,2.2555155130595725,0
21315,1.1529711215198497,0
21316,0.8227821463756697,0
21317,2.1085431530818393,0
21318,4.629591736142623,1
21319,1.5394215694133329,0
21320,2.7744650150997288,0
21321,2.605873467391786,0
21322,3.0964467013176535,1
21323,1.2487721285401079,0
21324,2.0141163368555577,0
21325,1.989446242715639,0
21326,1.6002621927227703,0
21327,1.7248755088681011,0
21328,0.4616150884583143,0
21329,1.1725556390051024,0
21330,1.610591380191853,0
21331,1.714930487646894,0
21332,1.525933753264433,0
21333,2.1043205994395042,0
21334,2.269783664332335,0
21335,0.46605379005687003,0
21336,2.964713826658436,0
21337,1.2950971548754027,0
21338,0.7244924366699512,0
21339,0.7201935267001254,0
21340,1.8911600884262734,0
21341,1.1609743710098184,0
21342,1.1575187637867423,0
21343,1.8811904292985762,0
21344,0.8196265363352359,0
21345,1.936443378329963,0
21346,2.6179940808796553,0
21347,1.250333294504627,0
21348,2.911043592019853,0
21349,1.8984663775455635,0
21350,1.726700347113953,0
21351,2.771257217426857,0
21352,1.2628362426122304,0
21353,0.6695806619043673,0
21354,2.177574728061647,0
21355,0.6811093370896592,0
21356,0.5685607442421349,0
21357,0.4935246561186974,0
21358,1.4017021524288382,0
21359,1.8034547280911122,0
21360,2.040475419207724,0
21361,1.5974116064193216,0
21362,3.2427079436255406,1
21363,1.855651520990154,0
21364,0.8610710768677625,0
21365,0.5787237355033711,0
21366,0.9680085496961135,0
21367,2.345039122442691,0
21368,1.7241055510052161,0
21369,0.4509067232705811,0
21370,1.1957999066519818,0
21371,2.491763415197202,0
21372,1.8376139331511199,0
21373,1.3768169835212771,0
21374,2.6521994570131935,0
21375,3.7053955960008698,1
21376,1.4247001661185144,0
21377,2.2771271365056194,0
21378,1.40864596328505,0
21379,1.301356867410528,0
21380,1.0089824616586118,0
21381,4.121848059474993,1
21382,1.5322982367823066,0
21383,1.1291026840551899,0
21384,1.8795275908298437,0
21385,2.707384347664081,0
21386,2.210654685838924,0
21387,1.5683106951855477,0
21388,1.4186715582432687,0
21389,3.18836452418684,1
21390,3.1236198574042593,1
21391,1.1407172914540202,0
21392,1.3778031869137977,0
21393,0.9364438483280145,0
21394,0.8231594618443301,0
21395,1.7455572421137322,0
21396,1.8641564593714255,0
21397,1.6981564042166875,0
21398,1.4424291827404185,0
21399,0.7128232238789172,0
21400,1.274339687451999,0
21401,2.6961633851364533,0
21402,1.5379304858800324,0
21403,1.1855979275723767,0
21404,1.0576810230203895,0
21405,0.30242612719755885,0
21406,0.36074475709470594,0
21407,1.2198638412948841,0
21408,0.4052458716613082,0
21409,0.20942316370169056,0
21410,1.166034686559505,0
21411,0.5098732785429194,0
21412,4.979048083569402,1
21413,0.4687932515409381,0
21414,0.47867275932851533,0
21415,0.9001038688942444,0
21416,1.358340530002716,0
21417,1.0717110836888657,0
21418,0.6328211926361426,0
21419,0.4531275102348446,0
21420,1.3136123513768156,0
21421,0.7979219345396648,0
21422,1.622472804340003,0
21423,1.2933291403119165,0
21424,1.2901898544995518,0
21425,0.37579272824515475,0
21426,0.5765192993910839,0
21427,1.603419147208866,0
21428,1.1236308334231244,0
21429,1.5941747353190876,0
21430,0.3056351713456847,0
21431,1.5056987015565946,0
21432,1.6625982412172253,0
21433,1.7590161131204225,0
21434,0.6414197674131378,0
21435,1.3889578912757747,0
21436,0.2945880662811801,0
21437,1.75322417983662,0
21438,0.6527420919971142,0
21439,1.819238349171045,0
21440,1.0991378508654728,0
21441,1.4408962134958716,0
21442,0.5310281605152916,0
21443,1.25998246826656,0
21444,0.468618462527269,0
21445,1.5842793623727376,0
21446,1.0684902687037074,0
21447,2.6839621392535213,0
21448,4.42883361539465,1
21449,0.47411162573718574,0
21450,0.5301170533870242,0
21451,0.36853300842686276,0
21452,1.1949847058806158,0
21453,0.8380693768994791,0
21454,0.5512440381597726,0
21455,1.7569443386744135,0
21456,0.6755253539828326,0
21457,1.3349206501222524,0
21458,1.3504758814929019,0
21459,2.6750256113963657,0
21460,2.353640524720789,0
21461,0.28812335687170587,0
21462,1.0065803764714027,0
21463,1.6538326579889138,0
21464,1.4377477712011155,0
21465,1.2018789127071265,0
21466,0.2271477649606461,0
21467,0.7324423601562614,0
21468,5.86138829260689,1
21469,0.5129945799243093,0
21470,1.85179294439896,0
21471,1.067418695809358,0
21472,3.611909465420167,1
21473,0.7707013944655342,0
21474,0.9298825138434262,0
21475,1.4497370621505772,0
21476,1.2440972071460985,0
21477,0.23002295796922143,0
21478,0.9610106659089159,0
21479,1.2363068387915948,0
21480,3.071367338647072,1
21481,1.5893744976870978,0
21482,1.612054275956301,0
21483,0.30514401753187015,0
21484,0.7570079748271306,0
21485,0.8272962932728026,0
21486,0.9323513180973998,0
21487,0.45703513320921213,0
21488,0.2891114039236411,0
21489,0.19940109889323016,0
21490,0.9494736912088335,0
21491,3.963013948682745,1
21492,1.7238116487227724,0
21493,1.6639610104216933,0
21494,0.3015659556662577,0
21495,1.2388996878939382,0
21496,2.943927106238199,0
21497,1.32881630494883,0
21498,0.31894403429299945,0
21499,1.2528086009832118,0
21500,1.7893430090713263,0
21501,0.6963088063603021,0
21502,0.7130125850466252,0
21503,0.3203090952167454,0
21504,0.6657209108930127,0
21505,2.2701182874170525,0
21506,1.9714982610012588,0
21507,1.8998749642924095,0
21508,0.3442049092102752,0
21509,3.082412128551,1
21510,1.3782634392096702,0
21511,1.4360494398065098,0
21512,2.4207126018759664,0
21513,0.8105314531055684,0
21514,0.8805353675674524,0
21515,1.4323344145587824,0
21516,0.7058804219474838,0
21517,1.853677677585367,0
21518,0.9719453062356753,0
21519,0.45620720571814494,0
21520,0.4604939904300317,0
21521,0.23130631234674257,0
21522,0.6666213526524741,0
21523,1.8465518716760987,0
21524,1.5768006288823426,0
21525,0.582369733666751,0
21526,0.4825549518100979,0
21527,1.863413099283106,0
21528,0.520919076085429,0
21529,1.5054669850565172,0
21530,1.044414907085884,0
21531,0.24695584767336784,0
21532,1.6459011059727493,0
21533,1.4103924223693256,0
21534,1.9643807786230034,0
21535,1.8208530219563286,0
21536,1.6649676574869023,0
21537,0.4723449648410576,0
21538,0.4237387347247291,0
21539,1.6281455593830614,0
21540,0.4528434100679583,0
21541,0.6954445423251492,0
21542,0.24000137482495099,0
21543,1.9898523717859362,0
21544,1.059299611789125,0
21545,2.374236527997085,0
21546,0.17533570378960614,0
21547,1.5398639261647602,0
21548,0.42774573004905375,0
21549,1.0400981772639235,0
21550,1.4371581452788693,0
21551,0.3943966742503242,0
21552,0.4508667990109057,0
21553,0.23121732514746351,0
21554,0.2576295819153764,0
21555,1.1043726404283438,0
21556,1.427553454087357,0
21557,0.3954614532462912,0
21558,1.7686481489224435,0
21559,1.8179503266040675,0
21560,1.115498453176984,0
21561,0.7809404883627588,0
21562,0.25815207940259044,0
21563,1.4705196353306935,0
21564,1.0539591772537635,0
21565,0.2559074955454767,0
21566,0.5919728367816453,0
21567,0.23563535709848424,0
21568,0.8794689094114422,0
21569,0.6831119998679474,0
21570,1.5507628852506372,0
21571,2.829450518676475,0
21572,0.9001867498180348,0
21573,1.0673647215527,0
21574,0.7460709162424536,0
21575,0.22688434710301056,0
21576,0.7081306370468923,0
21577,0.6263702589522724,0
21578,0.7681681685820807,0
21579,0.3829736474335466,0
21580,1.7004356663901212,0
21581,0.6949324441757263,0
21582,2.2018598708513206,0
21583,0.9828983205872187,0
21584,0.8653177300789038,0
21585,1.022304413679677,0
21586,0.2368445587455065,0
21587,0.3633404398799247,0
21588,0.7060333844188172,0
21589,1.2345971324682377,0
21590,1.2758095901503252,0
21591,1.2544240871132195,0
21592,2.3390919569871795,0
21593,2.4225916828674174,0
21594,0.3755880186370225,0
21595,0.273231733964763,0
21596,0.837660969379362,0
21597,1.9511391646372345,0
21598,0.2994829769222042,0
21599,0.9266179353365261,0
21600,0.9655474011007997,0
21601,1.5260775347556037,0
21602,0.4081926468508431,0
21603,2.362872492147038,0
21604,0.5048109908454844,0
21605,0.27407189906211366,0
21606,0.4882852761760039,0
21607,1.3597248496208891,0
21608,1.0053718279786732,0
21609,0.19702506620876434,0
21610,0.8290457934239758,0
21611,0.6569812115380731,0
21612,1.109112910489676,0
21613,0.9223972513719053,0
21614,0.4107379711532362,0
21615,0.36140731178069385,0
21616,1.3208069737828643,0
21617,0.5694582379554317,0
21618,0.4066698804536301,0
21619,0.6651735027449112,0
21620,0.9394845840502012,0
21621,0.48398689162601877,0
21622,0.8089228292592275,0
21623,0.28692778615804665,0
21624,1.5573889552636617,0
21625,0.7302300475794513,0
21626,0.37927908584717274,0
21627,0.29827361716536066,0
21628,0.48290373746630405,0
21629,3.149210330413955,1
21630,3.7321980508301085,1
21631,1.053528769183171,0
21632,1.5247192312983426,0
21633,1.5695946547773665,0
21634,1.5120964685091969,0
21635,0.5805085118560005,0
21636,1.0483754212186505,0
21637,1.7131941000958884,0
21638,1.0085038996809876,0
21639,1.3795473984360456,0
21640,1.2026293900415714,0
21641,1.11908564727318,0
21642,0.5505846366922059,0
21643,0.34538182575200516,0
21644,1.1810270214854452,0
21645,0.4950304930676329,0
21646,0.6673660083254277,0
21647,0.86973028898789,0
21648,0.6676861403263258,0
21649,0.6026088119941093,0
21650,0.9416385137342094,0
21651,0.5293426590447144,0
21652,1.5019048722861321,0
21653,4.707606051011578,1
21654,1.7541444433896258,0
21655,0.29992830346162425,0
21656,0.9804372798670333,0
21657,0.4357209681544381,0
21658,0.9450954538786951,0
21659,1.7311246416601216,0
21660,0.3133218024107629,0
21661,0.7837008905437387,0
21662,0.3240628993304597,0
21663,0.2222172919138563,0
21664,0.372320445478163,0
21665,0.757380610190432,0
21666,0.4674031313582926,0
21667,1.030743610819098,0
21668,0.4185769514310476,0
21669,4.488893899184338,1
21670,1.112551259112074,0
21671,2.7798689722657124,0
21672,0.6870982292574577,0
21673,0.2855676621376519,0
21674,1.2121224791907592,0
21675,1.5907497165742506,0
21676,0.983452396549939,0
21677,0.27004971650800697,0
21678,2.028377564533293,0
21679,0.5609218027255355,0
21680,0.2467466728131815,0
21681,0.10934290771037455,0
21682,0.48917929456809,0
21683,0.10972290218899342,0
21684,0.2904331450658129,0
21685,1.8852540143849503,0
21686,0.45989692255192144,0
21687,0.9945867541010688,0
21688,0.1455001287266862,0
21689,0.4709384766246344,0
21690,0.48605923251895844,0
21691,2.139696188913862,0
21692,1.4108093792499594,0
21693,0.2324148572949148,0
21694,0.7694611101341154,0
21695,0.45969583305046324,0
21696,0.7831418677095814,0
21697,0.20551988512184546,0
21698,1.514201440067049,0
21699,0.24254866265504055,0
21700,7.864482661631069,1
21701,1.3292625598366923,0
21702,0.5803471762044757,0
21703,0.27098391198780475,0
21704,4.26787066048694,1
21705,1.8940338692181065,0
21706,2.2613208438427597,0
21707,1.200513483332085,0
21708,2.277346626289758,0
21709,1.107316774951897,0
21710,1.3775607773756462,0
21711,1.1974507049758487,0
21712,0.5102188757141467,0
21713,2.3618745839059616,0
21714,1.0463565983981025,0
21715,0.5640033558323017,0
21716,1.046230579985708,0
21717,1.1725895859515498,0
21718,1.185608082376608,0
21719,0.32810723055682817,0
21720,0.23201704751637728,0
21721,0.46429590099328405,0
21722,0.1646013285425435,0
21723,1.430166450371072,0
21724,1.297588845852601,0
21725,0.4058569989915006,0
21726,0.9098122085585387,0
21727,0.8064498245892223,0
21728,1.0610893674233686,0
21729,2.9780801691152927,0
21730,1.217602810069094,0
21731,1.3011494748554902,0
21732,1.1542177105730986,0
21733,1.048253839494766,0
21734,1.1419573273099075,0
21735,0.28549749390664225,0
21736,1.4925850357298185,0
21737,0.7604816471158163,0
21738,1.8255351625018088,0
21739,0.9824335033790853,0
21740,1.2044610669667786,0
21741,2.115321622258909,0
21742,1.4341522221722482,0
21743,1.0354497391904318,0
21744,0.3226528805515302,0
21745,0.35719146278168357,0
21746,1.296419242821473,0
21747,2.8593933255233037,0
21748,0.3458311540374717,0
21749,0.23624751396533974,0
21750,0.9830143815927628,0
21751,1.9341978463405607,0
21752,0.36435737733141454,0
21753,0.3910949956660733,0
21754,0.8792963340142532,0
21755,1.5271267583659514,0
21756,1.0271493401026663,0
21757,0.5342314427307238,0
21758,0.4703034944563107,0
21759,1.4366588856303049,0
21760,0.9358793312519715,0
21761,0.5823432894600484,0
21762,1.4073587425502039,0
21763,1.7783628150520934,0
21764,1.0385312881491855,0
21765,0.6206392001900407,0
21766,2.8539723805446355,0
21767,1.0891866944675967,0
21768,0.3289072146861359,0
21769,1.6194072325263416,0
21770,0.7636211637409567,0
21771,1.988280826621642,0
21772,0.40514234349488437,0
21773,0.6933137886870853,0
21774,1.8834949112008073,0
21775,1.5050033101387137,0
21776,2.1229802891669602,0
21777,1.2858195714733687,0
21778,1.1478912820510783,0
21779,0.5795150174368772,0
21780,0.7656211813316716,0
21781,1.8048666748493891,0
21782,0.49247349863031803,0
21783,3.566323473229467,1
21784,1.2407123787146215,0
21785,0.23393282496122886,0
21786,1.3672139585274423,0
21787,2.4047603726702556,0
21788,0.7081993371243944,0
21789,1.4122485458702931,0
21790,0.7989283305476459,0
21791,2.604195530847051,0
21792,1.175724454600338,0
21793,0.7236550149452652,0
21794,0.38519768079587074,0
21795,0.286730345952179,0
21796,0.6294976331565072,0
21797,0.527799162263249,0
21798,0.2130852621252455,0
21799,1.9315978742731847,0
21800,0.9172668421039349,0
21801,0.9624236886911295,0
21802,1.8387000427274562,0
21803,1.3372943438326035,0
21804,0.7396429985944254,0
21805,1.7184686280850519,0
21806,0.8456289640357717,0
21807,0.7021541641547233,0
21808,0.3390142264771406,0
21809,2.016225780067369,0
21810,1.6557354960814556,0
21811,1.394010340038228,0
21812,0.4875867036095476,0
21813,0.36509781797148705,0
21814,0.9559219889706208,0
21815,0.7322595296795738,0
21816,0.6753076766716932,0
21817,0.43369876323753576,0
21818,1.5315485724855846,0
21819,2.5509252127580435,0
21820,0.35141636140121424,0
21821,0.9724044310693619,0
21822,2.7801021289639762,0
21823,0.668631683466977,0
21824,1.4568524642737766,0
21825,2.350264409513518,0
21826,0.5929030919763628,0
21827,1.2952927300839854,0
21828,1.8581737852066835,0
21829,1.0046555686451062,0
21830,0.2188875959197756,0
21831,1.2402128613870433,0
21832,0.2654802158373978,0
21833,1.6405958246305128,0
21834,0.5610125189518279,0
21835,0.36105366751343404,0
21836,0.41481418873737197,0
21837,1.268610709328303,0
21838,0.5671554412386407,0
21839,1.1049480385481134,0
21840,0.8754905977474162,0
21841,2.0029441143003686,0
21842,2.8833635737972956,0
21843,0.4428698521402108,0
21844,2.216239000578208,0
21845,0.4330677454485546,0
21846,0.7897476159200999,0
21847,1.4025806911084187,0
21848,0.48258942268514127,0
21849,1.5723740495926677,0
21850,1.9832560936706864,0
21851,0.9585309967924268,0
21852,1.4415765911591174,0
21853,2.6274914282528647,0
21854,0.8588296706596082,0
21855,0.7349233447153378,0
21856,0.6599147434901659,0
21857,1.6008422317277808,0
21858,0.7640468276812175,0
21859,0.6916698183833809,0
21860,0.8566242836950979,0
21861,1.5483905609853845,0
21862,0.7440655796197642,0
21863,1.5108433003985202,0
21864,0.9609388894714492,0
21865,1.7231070980050063,0
21866,0.8352926009378971,0
21867,0.9035022970308378,0
21868,2.3038936972515027,0
21869,0.660375896957318,0
21870,1.143837666476056,0
21871,0.9868110686913408,0
21872,2.673918899953081,0
21873,0.22347937325746145,0
21874,0.30278089615125586,0
21875,0.8089135115483945,0
21876,2.207260601111318,0
21877,0.42840396155112687,0
21878,0.9289911599790308,0
21879,1.685821413543946,0
21880,1.377351307032768,0
21881,0.4686809140693249,0
21882,2.322268253240803,0
21883,1.0201715782605012,0
21884,0.8225002431016153,0
21885,1.189710868256505,0
21886,0.6597535593223062,0
21887,0.6350589212483635,0
21888,0.5961028767472597,0
21889,0.41125557623853304,0
21890,1.2528510735709906,0
21891,0.5980311175058952,0
21892,0.5183906420663718,0
21893,1.0654096675511204,0
21894,0.8660367017411091,0
21895,3.6164883378184194,1
21896,0.9323703066166176,0
21897,0.5514744094566904,0
21898,0.9556453718117166,0
21899,0.8198397088902591,0
21900,1.209767947032716,0
21901,0.5666993017325257,0
21902,1.282249634806686,0
21903,1.6373821763581229,0
21904,0.6346289677171785,0
21905,0.5056658309035422,0
21906,0.9657880542834455,0
21907,0.5826194002797072,0
21908,0.7022116371053807,0
21909,0.5987814068154386,0
21910,0.7329906896847169,0
21911,1.3587058610396467,0
21912,0.9181072591535361,0
21913,0.4382596995688169,0
21914,0.5029862895719079,0
21915,1.6278882033452886,0
21916,2.243634151670217,0
21917,2.1451699774235085,0
21918,0.4091084212485841,0
21919,0.4030485238945768,0
21920,1.1727111925139861,0
21921,0.6455088533771711,0
21922,1.4273927028247888,0
21923,0.26763034582892486,0
21924,0.5185639961840445,0
21925,0.2516582648176436,0
21926,0.25234507774009607,0
21927,0.5872555778517443,0
21928,2.0294654758227235,0
21929,1.7780039950981312,0
21930,1.41814199887866,0
21931,0.5080502534736601,0
21932,0.19718802502399854,0
21933,0.850801282439259,0
21934,0.23698210303902237,0
21935,0.5669117872230861,0
21936,1.0391725209033364,0
21937,1.012673018968892,0
21938,1.0386742109997897,0
21939,1.1032539104318684,0
21940,1.0097263685006461,0
21941,1.5866716075521223,0
21942,0.3939006639318631,0
21943,2.1770989603565933,0
21944,0.9213760063840855,0
21945,1.9496700401095561,0
21946,1.1368439394701246,0
21947,1.8766777126010914,0
21948,0.45637293187244954,0
21949,0.3821903902002242,0
21950,1.6724414990623349,0
21951,1.289251529640549,0
21952,2.2470031807019706,0
21953,0.7057177412770376,0
21954,1.3985915944353446,0
21955,0.4482633112323636,0
21956,0.38595255706562853,0
21957,0.18373749763901678,0
21958,0.23568832940305545,0
21959,1.9157084913686342,0
21960,2.2821554793892154,0
21961,1.809805781491189,0
21962,3.0058250708117824,0
21963,1.9360699014009497,0
21964,1.9062811610641082,0
21965,1.267747969751471,0
21966,3.502220041228397,1
21967,0.8522624380318412,0
21968,0.3081832287779073,0
21969,0.8871760938471809,0
21970,1.4204186444763303,0
21971,1.346987060361078,0
21972,0.860816516226475,0
21973,0.1587820803109034,0
21974,0.6486779334701546,0
21975,1.2030131711660585,0
21976,1.116430327574608,0
21977,2.4078389126897095,0
21978,0.9984539386887434,0
21979,0.22805235182333872,0
21980,2.080066701045512,0
21981,1.9231874768703798,0
21982,0.8405151543826668,0
21983,1.5678783576356876,0
21984,2.287698576253897,0
21985,3.7150635096400615,1
21986,4.2660305883997305,1
21987,0.9220332198250953,0
21988,0.8907053065344052,0
21989,0.8777243269253712,0
21990,0.29712201111344805,0
21991,1.2424580753305057,0
21992,2.0696544188696295,0
21993,0.9414945244426248,0
21994,0.3718449914427798,0
21995,0.7462056899489079,0
21996,0.1957221915596631,0
21997,0.7756196111038445,0
21998,0.4643878788341799,0
21999,0.41824563258902797,0
22000,2.497120808579862,0
22001,0.7427288053522969,0
22002,1.39703098699842,0
22003,1.374462608313467,0
22004,1.3645591125803171,0
22005,0.3616059524134522,0
22006,0.9108820325182199,0
22007,1.865402924812482,0
22008,0.722865555471715,0
22009,1.2590228685301832,0
22010,1.422206218527117,0
22011,0.8631849523089533,0
22012,0.7352578457735113,0
22013,2.2568418247827506,0
22014,1.1476361104101755,0
22015,1.0986720687820821,0
22016,1.0732106067480338,0
22017,0.31273200570159665,0
22018,0.4674723314079782,0
22019,0.8468231862213941,0
22020,0.5287932375157479,0
22021,0.15650175943264,0
22022,0.9206875810422168,0
22023,0.6225570414482507,0
22024,1.500079476815027,0
22025,0.7288186790878686,0
22026,0.7349789682335213,0
22027,3.6578266164549493,1
22028,2.451730136871898,0
22029,2.77231955478913,0
22030,0.9617176968433335,0
22031,1.3604215185651107,0
22032,0.8181930346356013,0
22033,0.9568413398361018,0
22034,0.7180928908587401,0
22035,1.7679420834838417,0
22036,1.550113485509167,0
22037,0.33697517025462537,0
22038,2.5054922053190425,0
22039,2.2249776501723706,0
22040,0.8184577806117284,0
22041,0.6391126637034691,0
22042,0.8858709024756346,0
22043,0.5228372625642403,0
22044,1.6562053334750844,0
22045,0.7036393339655074,0
22046,0.5103554211666718,0
22047,0.9935430325632894,0
22048,0.5751867748239494,0
22049,2.733364862582458,0
22050,0.24255344344252017,0
22051,0.9475470494920636,0
22052,0.8097148594448262,0
22053,1.8690028386504276,0
22054,1.5691143299596229,0
22055,1.7236329880422023,0
22056,0.5655213880989933,0
22057,0.5586441033086593,0
22058,0.3393747565804786,0
22059,0.34885025774133005,0
22060,0.9753132508008082,0
22061,0.4660069659294619,0
22062,2.3478791660284397,0
22063,2.2842587076126235,0
22064,0.8170394052504991,0
22065,0.9194023314908378,0
22066,0.838554607388038,0
22067,0.21767128163667343,0
22068,1.8861725197833414,0
22069,1.2676875854764187,0
22070,0.9932118519057056,0
22071,0.6716544194740964,0
22072,0.6792900812624206,0
22073,2.3011612186990362,0
22074,0.7714591001464463,0
22075,1.0005539240957668,0
22076,0.326674055580033,0
22077,1.3721319543780568,0
22078,1.3187180463038812,0
22079,1.05597598445247,0
22080,1.2265190257654364,0
22081,1.075799719762313,0
22082,0.8010955793335105,0
22083,1.0686912759043987,0
22084,1.3953357473408183,0
22085,1.18657179604552,0
22086,0.4468403746697087,0
22087,4.468236705750641,1
22088,0.4034229068934374,0
22089,2.658175398649394,0
22090,2.0857117410069876,0
22091,0.6838362370850116,0
22092,0.6186552679534569,0
22093,0.29807511788623614,0
22094,1.3125212206948211,0
22095,0.5168587527006424,0
22096,0.7063320662918643,0
22097,1.0915020613347772,0
22098,1.2414858206058266,0
22099,0.5931041815384092,0
22100,0.20336396350704916,0
22101,0.5552532457389163,0
22102,0.4537404826462445,0
22103,0.7691170667940088,0
22104,1.6682637876528041,0
22105,0.44625881715264565,0
22106,0.5494620371843888,0
22107,2.4156822299643195,0
22108,4.573952721274925,1
22109,0.8321224417614701,0
22110,0.7981448375054273,0
22111,0.903021204875381,0
22112,0.25914486359885647,0
22113,2.302941519271443,0
22114,3.414814528323672,1
22115,0.9065350657588493,0
22116,1.4899142207132205,0
22117,0.6711592495370133,0
22118,2.2958787544196064,0
22119,1.9286406369957274,0
22120,1.6998354835444098,0
22121,0.2745752411798454,0
22122,0.2246132590009724,0
22123,1.2770111653345615,0
22124,0.9366403843382685,0
22125,2.3348111465955124,0
22126,0.8557290994376372,0
22127,0.9071890147370701,0
22128,1.1674157688500484,0
22129,0.7978973586500792,0
22130,0.8264381936870244,0
22131,2.1743461544217935,0
22132,0.7181934199511886,0
22133,1.5436600173998907,0
22134,0.5145047304446562,0
22135,0.2281041543935599,0
22136,0.5750490352810975,0
22137,0.8244476489620574,0
22138,0.7148372846118858,0
22139,1.1433140747817945,0
22140,0.44559335904995456,0
22141,0.35353195505762103,0
22142,1.6706941499634416,0
22143,0.7908795078824777,0
22144,1.7307046405901756,0
22145,0.28533250698325824,0
22146,1.1321730044111153,0
22147,1.9545208050022918,0
22148,0.4357567660499366,0
22149,1.537999808772107,0
22150,1.23421327597628,0
22151,0.3105595376490616,0
22152,1.513029513672555,0
22153,0.4481168462350171,0
22154,2.0136569648087344,0
22155,1.5022117226894773,0
22156,0.8096909992425178,0
22157,2.6439682159068263,0
22158,1.1789360025618834,0
22159,0.20193122634674648,0
22160,1.3276532440028699,0
22161,1.1721857963709383,0
22162,0.3303588528353399,0
22163,0.7819221924088308,0
22164,2.3706210952824462,0
22165,0.24307568748263025,0
22166,1.0012457973428275,0
22167,0.3983481309067563,0
22168,0.8326023452525995,0
22169,1.3305602618436017,0
22170,0.4440050034476496,0
22171,2.955624562719914,0
22172,0.6150041805826453,0
22173,1.375398756496664,0
22174,0.5241421682556094,0
22175,2.0040098158934274,0
22176,0.8270821968063256,0
22177,0.9104274573346413,0
22178,0.629009262189128,0
22179,2.2785974929321813,0
22180,1.7055234653355775,0
22181,0.5448591547501486,0
22182,0.8363253772917912,0
22183,0.9394217633473432,0
22184,0.912030872410088,0
22185,2.3906247292207956,0
22186,0.23968132727388666,0
22187,1.1472709550690514,0
22188,1.0339898339967255,0
22189,1.2386137338504286,0
22190,2.5306664235108216,0
22191,0.7526581308882111,0
22192,1.2292838837859767,0
22193,0.4691053550756161,0
22194,0.7547769141172671,0
22195,0.3212704256429903,0
22196,1.3265405399465293,0
22197,0.4359341897183191,0
22198,1.1955266674086005,0
22199,2.89669103826936,0
22200,0.44927998590071494,0
22201,0.4593737568503978,0
22202,1.7420591254805056,0
22203,0.2703173703851691,0
22204,3.101782972990163,1
22205,0.8590245600742484,0
22206,0.1624138789959801,0
22207,1.2854982922569171,0
22208,0.7680709128901899,0
22209,1.5595671490508851,0
22210,1.0430441895762967,0
22211,0.9201421954875738,0
22212,1.5846983424252141,0
22213,1.241805146599748,0
22214,0.8269658073764852,0
22215,0.7960194607504637,0
22216,0.2759466292881784,0
22217,1.7892247677862054,0
22218,0.5865394404822856,0
22219,1.1598305550132666,0
22220,0.6979997519133117,0
22221,0.4471106621897793,0
22222,2.999624394581748,0
22223,0.852359457694392,0
22224,0.9875936065040563,0
22225,0.30636002657559364,0
22226,0.2265575319148191,0
22227,1.0304709776122833,0
22228,1.6249278073694335,0
22229,0.24391945281626182,0
22230,2.644781109427191,0
22231,2.02480192091816,0
22232,1.0447594438768115,0
22233,1.7279089087439952,0
22234,1.4489153247545512,0
22235,1.738430480082403,0
22236,0.3431078416593138,0
22237,1.0416475594975316,0
22238,0.5350124388635061,0
22239,0.9711902855600351,0
22240,0.8093036498633914,0
22241,1.0454966084662731,0
22242,2.045126024288427,0
22243,2.0887723178354176,0
22244,1.219895601967701,0
22245,1.6504387647199783,0
22246,1.6376613919643845,0
22247,1.6666387120400024,0
22248,0.4025319977418475,0
22249,0.4321134651281529,0
22250,0.36864045001753865,0
22251,1.8635550914525258,0
22252,1.5460327057017342,0
22253,0.20322885120380893,0
22254,3.021435548955714,0
22255,1.0886571597143029,0
22256,1.828754890590479,0
22257,1.6188089328396258,0
22258,0.28801349854644365,0
22259,1.6855706108009612,0
22260,0.29773734884728315,0
22261,0.36827105360671997,0
22262,2.380092723351423,0
22263,0.3370772100440171,0
22264,0.48916931255856305,0
22265,1.751245996592792,0
22266,1.5758784537373678,0
22267,1.7435266800415405,0
22268,0.6608122156256362,0
22269,1.1948232492745485,0
22270,1.0713384287964085,0
22271,0.7240024476803201,0
22272,0.510449164209115,0
22273,0.5085714509659387,0
22274,3.772421581395745,1
22275,0.6713581318683347,0
22276,0.8685202991975873,0
22277,0.4724710173135888,0
22278,0.957818940671946,0
22279,0.3007205072477322,0
22280,0.9087157857529266,0
22281,0.9672745002320585,0
22282,0.5007640219847969,0
22283,0.8066345825523283,0
22284,0.2495032105982324,0
22285,0.9646531706216728,0
22286,2.578546923732515,0
22287,2.558178306748565,0
22288,1.4825235058533255,0
22289,0.9743179136158027,0
22290,1.7535100583541094,0
22291,0.8098077789457833,0
22292,0.3982617019469013,0
22293,0.45392374020250387,0
22294,4.401351776866297,1
22295,0.5932185016524922,0
22296,0.4869409798893745,0
22297,1.560469637148032,0
22298,1.9964232077968562,0
22299,1.7626438787913925,0
22300,0.6054481046928465,0
22301,0.8183300465047734,0
22302,2.2560799534593547,0
22303,1.9859712843897341,0
22304,0.932287168183286,0
22305,0.733451744292619,0
22306,1.9777297465705237,0
22307,0.9733297991803016,0
22308,0.19028454717222912,0
22309,0.7882269895287481,0
22310,0.5744303494967854,0
22311,0.7862768488140935,0
22312,1.9991533286446213,0
22313,1.194558723079137,0
22314,1.1045610193122166,0
22315,1.5825340104079146,0
22316,1.3436276677664327,0
22317,1.663851628965472,0
22318,0.2750841885347472,0
22319,1.104628279143918,0
22320,0.7056916298745045,0
22321,1.4648963419490637,0
22322,0.887937655275667,0
22323,0.8885896122932674,0
22324,0.3324104622683415,0
22325,0.24764848007992638,0
22326,1.8630080651830292,0
22327,0.3368001739939457,0
22328,0.4414923848805597,0
22329,0.3967083493138036,0
22330,1.5179163008863321,0
22331,0.6930020507819504,0
22332,0.9722800705875123,0
22333,0.6577198975531623,0
22334,1.1678532107028659,0
22335,1.019221467447815,0
22336,0.334812354013807,0
22337,1.0096711287244595,0
22338,0.6687074019523196,0
22339,0.6582500158228883,0
22340,0.751092465837384,0
22341,1.780513788945913,0
22342,1.862708220161923,0
22343,0.6887456247663387,0
22344,1.8448201345692543,0
22345,1.414232461962351,0
22346,1.9585814025823776,0
22347,0.7201642478554712,0
22348,0.575300679434065,0
22349,2.9235027481403457,0
22350,1.151129648864327,0
22351,0.6106416930873235,0
22352,2.3351259010567924,0
22353,0.32520868778917456,0
22354,1.320207873419186,0
22355,1.0529175205011112,0
22356,0.5397354891438988,0
22357,0.9050361051342937,0
22358,0.38672098475432526,0
22359,1.6087201204276467,0
22360,2.004703878833924,0
22361,1.286210168432371,0
22362,0.3086822339697449,0
22363,1.0285376541216555,0
22364,0.46768424941437947,0
22365,1.2241415102676378,0
22366,0.9367774079853961,0
22367,1.2815192410242902,0
22368,0.7366614058021658,0
22369,0.9497885962968433,0
22370,0.6610633057894019,0
22371,0.3156710472620525,0
22372,0.9287073462998813,0
22373,5.313220389455613,1
22374,1.469395821725232,0
22375,1.2832835907566933,0
22376,0.5227348050373612,0
22377,0.4995590166452825,0
22378,0.6378884998133482,0
22379,0.2929085512725902,0
22380,1.3417866347025915,0
22381,0.5792957422908354,0
22382,0.42832379433547507,0
22383,1.4512309285420808,0
22384,1.2086120642562557,0
22385,0.8069276943110035,0
22386,1.2618224364035757,0
22387,4.839425479182969,1
22388,2.0597667827647586,0
22389,2.974563161696497,0
22390,1.600538025509713,0
22391,2.3428569853783685,0
22392,2.852373999128416,0
22393,0.39870097233411755,0
22394,0.8120404588804365,0
22395,0.6444055553230157,0
22396,3.088861892025729,1
22397,0.7511500639545899,0
22398,1.3388260840121835,0
22399,0.9329493524963212,0
22400,2.3429553712021884,0
22401,1.3271354358176022,0
22402,0.3043194732300099,0
22403,0.5134128995327633,0
22404,0.5738172899536362,0
22405,0.9259883109503044,0
22406,0.536900238945929,0
22407,1.2866252664568572,0
22408,1.1285573642889146,0
22409,0.3313950503463161,0
22410,1.243543995802507,0
22411,0.29940079375611967,0
22412,0.26631328441072033,0
22413,0.7752010358601162,0
22414,0.8947894075146879,0
22415,1.3928655734963695,0
22416,2.1254762864848735,0
22417,0.5642632795361268,0
22418,1.7053221835679957,0
22419,0.40797156389665845,0
22420,0.5503062921499241,0
22421,0.6373033089546751,0
22422,0.5408728702427266,0
22423,0.9583360061789309,0
22424,0.2545000337678577,0
22425,1.0456029027210563,0
22426,2.662679980296644,0
22427,1.1677274007089098,0
22428,0.4908143766406548,0
22429,1.7469284116667967,0
22430,1.0502043254716213,0
22431,2.759238197824405,0
22432,0.47324683048241745,0
22433,2.350525904556108,0
22434,0.42290042399422306,0
22435,2.0318839821959727,0
22436,1.3469392994002976,0
22437,1.2933353440092565,0
22438,1.7763860456172784,0
22439,0.6552309841988142,0
22440,0.7642352092875199,0
22441,0.9671479416088938,0
22442,2.968661302473807,0
22443,1.169005370538359,0
22444,0.22912337202635297,0
22445,1.640084083796626,0
22446,0.3564128460148656,0
22447,1.3582532376912133,0
22448,1.3134990452690967,0
22449,1.5036230015476089,0
22450,0.4432609696459927,0
22451,2.6621190338626604,0
22452,0.9045496388671467,0
22453,2.215114334000705,0
22454,1.2299108608520475,0
22455,1.1255246091108475,0
22456,1.823078459256972,0
22457,0.3546593932123004,0
22458,0.6049467492786715,0
22459,0.8492963460160297,0
22460,2.119036025939102,0
22461,5.257221325870545,1
22462,1.9798652931706076,0
22463,0.8065163213420173,0
22464,0.8543326889881675,0
22465,3.9606853814104523,1
22466,0.9530064425030055,0
22467,0.9388641780952728,0
22468,0.27562032510426443,0
22469,0.922081374209576,0
22470,0.33610042141735547,0
22471,0.47883100796109773,0
22472,1.9806218480564313,0
22473,0.40151842011819994,0
22474,2.4325740294119367,0
22475,0.32867364252531617,0
22476,1.5135512684752046,0
22477,2.2018926577987097,0
22478,1.9193636552126663,0
22479,2.5591262738064455,0
22480,2.7987907005724106,0
22481,1.1112039557110045,0
22482,0.8111062065276575,0
22483,1.219841973716073,0
22484,0.5636777007555671,0
22485,0.2486214759348874,0
22486,2.8169130165216307,0
22487,1.1041115775385322,0
22488,1.3214642348580594,0
22489,0.8376509525308884,0
22490,0.35404576007627203,0
22491,0.35017972315785445,0
22492,0.4476205739210584,0
22493,0.5776923096208314,0
22494,1.1938685545820873,0
22495,2.2404875177579924,0
22496,0.40528201256588503,0
22497,1.3946799652513897,0
22498,0.8271856377173924,0
22499,3.136996369841927,1
22500,0.5415985774305194,0
22501,0.5409853420420626,0
22502,1.9376184097243312,0
22503,0.8822952313003555,0
22504,1.7319766889248815,0
22505,0.35241485152709834,0
22506,0.587433861526545,0
22507,1.4656719036932462,0
22508,0.7686999139786735,0
22509,1.4875814912437428,0
22510,0.28703783410759515,0
22511,1.6160038217163633,0
22512,0.7045117376299935,0
22513,1.324838781820822,0
22514,0.4068421462574196,0
22515,0.2689297986974607,0
22516,0.8976284715204105,0
22517,1.6634623077438684,0
22518,2.445970000628964,0
22519,1.3375000974557445,0
22520,2.3858316504396115,0
22521,1.4373030037325492,0
22522,0.5786305808989322,0
22523,1.2247413467090449,0
22524,2.4604127524839847,0
22525,1.102600050165862,0
22526,1.0322657520035181,0
22527,1.3000576272976276,0
22528,1.0747392135301255,0
22529,1.8789266630807273,0
22530,2.0055520251645262,0
22531,0.3444115892876558,0
22532,3.4210335729659667,1
22533,0.5804624037780612,0
22534,1.0044614174318411,0
22535,0.3166931062339249,0
22536,1.3451417827390322,0
22537,0.3911754996203362,0
22538,1.977011834629895,0
22539,1.2432470214876126,0
22540,1.7279336821755866,0
22541,0.48440334349839903,0
22542,1.6512488643151297,0
22543,1.098756400937312,0
22544,0.47225337451271704,0
22545,0.7662484863631398,0
22546,0.9316584127671526,0
22547,0.5051327936879707,0
22548,2.0734657765206466,0
22549,1.654625905271936,0
22550,1.3416795824344383,0
22551,0.45657832683143035,0
22552,0.5043657641462828,0
22553,0.21749886817006056,0
22554,1.3241985077885199,0
22555,1.3829718467335586,0
22556,0.9229815134971493,0
22557,1.343187927472729,0
22558,0.637833187834934,0
22559,1.499360232959205,0
22560,0.8693628396873817,0
22561,0.8340557283475474,0
22562,2.3238043714608474,0
22563,1.9211369361185002,0
22564,2.571215701996935,0
22565,0.967230188976761,0
22566,0.7499500255103876,0
22567,0.2709612731607584,0
22568,1.5204987536144081,0
22569,0.6380033002218997,0
22570,0.8553559880487019,0
22571,2.9874474783348197,0
22572,1.0064086083372141,0
22573,0.6833485448658736,0
22574,2.3469507644297583,0
22575,0.45103105331816246,0
22576,0.6422518277648658,0
22577,2.078688553723448,0
22578,1.006748493564626,0
22579,0.6121664723299091,0
22580,2.637664752902767,0
22581,1.3189700585812898,0
22582,1.9268021038219525,0
22583,1.4039440988522631,0
22584,2.7987800184733826,0
22585,0.9282820311975243,0
22586,1.4493008497658557,0
22587,2.011178867547972,0
22588,1.1652793416640024,0
22589,1.7512135070907036,0
22590,2.1377832411388398,0
22591,0.9921039775426771,0
22592,0.9210815764934764,0
22593,0.8989504757239931,0
22594,0.4463355727612335,0
22595,1.5341832668817108,0
22596,1.082612103428653,0
22597,1.5693469874218402,0
22598,0.5014936366686195,0
22599,1.124159545057598,0
22600,2.5087844946268913,0
22601,0.8246166661065308,0
22602,0.6963293939109723,0
22603,1.2546910057283047,0
22604,1.9391550447498906,0
22605,0.8975832639908217,0
22606,1.2430877468661379,0
22607,1.7263375652555522,0
22608,1.300510858568339,0
22609,0.49745129100895724,0
22610,1.770536299380043,0
22611,0.9456732846402685,0
22612,2.114363778393422,0
22613,0.6944612055613298,0
22614,1.210543905883968,0
22615,0.41354649287519235,0
22616,0.46081918578589254,0
22617,0.7720901047957999,0
22618,1.6082391451936369,0
22619,2.3039574402222844,0
22620,1.984846622961456,0
22621,0.7878753696557212,0
22622,1.4572806563219085,0
22623,0.6367710107864956,0
22624,0.789681257275316,0
22625,2.768699204460893,0
22626,0.46839174362418856,0
22627,1.304322392205755,0
22628,0.9830674267093104,0
22629,0.926568256535981,0
22630,2.1427505346744367,0
22631,5.089234789640163,1
22632,1.1130037928321992,0
22633,0.8826693090828631,0
22634,0.2675940514245781,0
22635,1.8107089667913059,0
22636,0.9125871043648476,0
22637,1.4521239193988988,0
22638,1.5602396734411605,0
22639,0.38102462078574173,0
22640,0.6814500159875023,0
22641,1.7563734698812754,0
22642,1.0199320929530873,0
22643,6.283680675644717,1
22644,0.987532565953564,0
22645,3.375307172336895,1
22646,1.625863317687545,0
22647,1.0079165119241926,0
22648,0.3548809304400932,0
22649,1.0388984623448392,0
22650,0.7889996923920662,0
22651,0.25659544282309216,0
22652,1.3728409653067573,0
22653,1.1272869908326415,0
22654,1.3727870904810056,0
22655,2.1051926465995723,0
22656,2.7410202382186024,0
22657,0.5784717187251118,0
22658,0.5811594659674827,0
22659,1.3024785421299696,0
22660,1.358975848323963,0
22661,0.3670021631811794,0
22662,0.8119770631048779,0
22663,0.2741158106749389,0
22664,2.119954414211071,0
22665,2.2485387416034524,0
22666,1.228114396867319,0
22667,0.9209545057263919,0
22668,0.2836138120366326,0
22669,0.7029695467647507,0
22670,2.7086838155557427,0
22671,0.5204414957060862,0
22672,1.336976917298102,0
22673,1.70762284581223,0
22674,1.0976659206952404,0
22675,1.3689000759407226,0
22676,2.2102373574267773,0
22677,0.6758978412037877,0
22678,1.8722309674952344,0
22679,2.354698135635858,0
22680,1.667278552307486,0
22681,0.47346101667512475,0
22682,0.4677233791076638,0
22683,1.3746014572493361,0
22684,1.0534454781833136,0
22685,0.9014801113173712,0
22686,0.30464444244290245,0
22687,1.1151223206055205,0
22688,1.03621683192076,0
22689,1.205716872608356,0
22690,2.396265697216824,0
22691,2.800433818222374,0
22692,0.3538705465100269,0
22693,2.3251407414637426,0
22694,1.3630364628252765,0
22695,0.505391466896517,0
22696,0.46819022880351435,0
22697,8.732882120698807,1
22698,2.1605666351225845,0
22699,1.5185525879860005,0
22700,1.6169954753731417,0
22701,2.0635011578555464,0
22702,1.5604705472756553,0
22703,3.164698817141784,1
22704,1.0256529911886636,0
22705,0.9650942053389855,0
22706,0.6618160757321918,0
22707,0.6638252551939676,0
22708,0.7761755865570746,0
22709,0.773209520211925,0
22710,0.8568786654529409,0
22711,1.15369256115126,0
22712,7.645059729587771,1
22713,0.825933867868317,0
22714,1.1955003628258516,0
22715,1.2385292488020077,0
22716,0.9398300941399101,0
22717,1.2457838012744478,0
22718,1.727208330057675,0
22719,1.5948314394383296,0
22720,0.2967849132154335,0
22721,0.5418189889166222,0
22722,1.7556599541724967,0
22723,5.1671047472260065,1
22724,1.7230661717921218,0
22725,1.1056908585080525,0
22726,0.25130271809280547,0
22727,1.679517841127917,0
22728,1.0726475013113606,0
22729,1.3235149357004263,0
22730,0.7323838047550637,0
22731,2.078795964325805,0
22732,1.6647491766269626,0
22733,2.823938087071504,0
22734,0.29465316668683106,0
22735,1.2699161557245222,0
22736,1.0399849216004815,0
22737,3.2285835364479425,1
22738,0.9221992308813213,0
22739,1.2211085514453477,0
22740,2.593695998957041,0
22741,0.4182087074775499,0
22742,1.8516044116067552,0
22743,1.3531312234572659,0
22744,1.36225857380142,0
22745,1.2699194660806712,0
22746,1.7552420197322425,0
22747,0.4828878587301824,0
22748,1.7706822065519678,0
22749,2.1496991241465824,0
22750,2.579180761260233,0
22751,1.6152586811705414,0
22752,3.8183135975741704,1
22753,1.2782044376577961,0
22754,1.7069310107190925,0
22755,1.2243025704757262,0
22756,0.7872658902935431,0
22757,3.1609626803946314,1
22758,1.2140489672673231,0
22759,2.614534957079202,0
22760,1.2114729820414778,0
22761,0.7254763213268028,0
22762,1.6044671930376082,0
22763,2.271656395331504,0
22764,2.981576521686885,0
22765,0.8967796426889901,0
22766,1.9547088702498108,0
22767,2.61916617292865,0
22768,0.9575768604403722,0
22769,0.9617667549694838,0
22770,0.6008088927832778,0
22771,0.5409794623597394,0
22772,0.3257361807154123,0
22773,0.3882517214987782,0
22774,2.3822491684776765,0
22775,3.9056400422982267,1
22776,1.6263452752964875,0
22777,2.2319054038330113,0
22778,0.8496353404931742,0
22779,1.136910274155571,0
22780,0.3857524393917446,0
22781,0.7004141589762866,0
22782,0.39179911986472765,0
22783,2.433624160977436,0
22784,0.7975864346306115,0
22785,2.9245124008144288,0
22786,1.1992381369191552,0
22787,0.7666846409431589,0
22788,2.013729761431157,0
22789,1.2609687110512566,0
22790,0.7227731229472241,0
22791,2.1040441336052407,0
22792,2.2471628023541768,0
22793,2.5517018055045995,0
22794,0.3370394847504989,0
22795,2.290646744456298,0
22796,0.6416770000347989,0
22797,2.080386371349213,0
22798,0.3651720050668677,0
22799,3.362407831181036,1
22800,1.2911589934250642,0
22801,0.5237590547975632,0
22802,1.4730865132275683,0
22803,0.8783189274372585,0
22804,1.8037384420325049,0
22805,3.0828617734590464,1
22806,0.9885094808387399,0
22807,1.1545611821467339,0
22808,0.9714184789697301,0
22809,3.9044644452365103,1
22810,1.3862870470330926,0
22811,2.4005255774239056,0
22812,1.5943691303391647,0
22813,1.5217320912590495,0
22814,1.7444105548189417,0
22815,1.6695548768404842,0
22816,0.7294761228025876,0
22817,1.5413743900200696,0
22818,1.95107236584109,0
22819,0.8188569048753329,0
22820,4.761988918042766,1
22821,1.9233118798971511,0
22822,0.3450747063075795,0
22823,2.0162163849529926,0
22824,0.7296410278203974,0
22825,0.3888899571098262,0
22826,1.3556038368437275,0
22827,1.7447741595251425,0
22828,0.42732743232421144,0
22829,3.3810494050197963,1
22830,0.9664729618345903,0
22831,1.3909169991726877,0
22832,2.1444761279381797,0
22833,1.4654964319171595,0
22834,1.6886902193687554,0
22835,1.289756563793471,0
22836,0.4724265636118935,0
22837,5.234398465064099,1
22838,1.2567362132069393,0
22839,0.8015727842641299,0
22840,0.9930548219483174,0
22841,1.2823290324815886,0
22842,1.1736009577980682,0
22843,0.4871677884777787,0
22844,0.2604974987396736,0
22845,1.0696829786991142,0
22846,0.4217592528398512,0
22847,0.9226328122442167,0
22848,1.8022749391062598,0
22849,0.24163232203054302,0
22850,12.781812755804289,1
22851,1.673058439995622,0
22852,0.6562935826408656,0
22853,1.2685804987496985,0
22854,1.033272720328085,0
22855,1.3707402382873053,0
22856,0.9999910481328856,0
22857,1.4518348749409855,0
22858,1.604036085943783,0
22859,0.8577386966170617,0
22860,1.5059954916282334,0
22861,0.27857904640082437,0
22862,1.3517048725592062,0
22863,0.9310963217413433,0
22864,1.7126305505554382,0
22865,1.6981462894812158,0
22866,0.2849793839857677,0
22867,0.7811794336240497,0
22868,0.8102820109563815,0
22869,0.2822642143238113,0
22870,1.1262095981388498,0
22871,2.6483992698845547,0
22872,1.233711397114272,0
22873,3.957711501269514,1
22874,1.6866019028221906,0
22875,0.278220041265682,0
22876,0.46351008560934076,0
22877,0.9636116740588097,0
22878,2.46908675829729,0
22879,2.175268761341284,0
22880,0.8987654961027266,0
22881,1.2972613082670241,0
22882,1.7356139454323412,0
22883,1.068576426906326,0
22884,2.21539547193707,0
22885,1.4550446382006872,0
22886,0.8133492712113949,0
22887,1.4242658498648149,0
22888,3.1130441633531776,1
22889,2.9713704257808624,0
22890,1.1323628582758596,0
22891,1.552258463653247,0
22892,1.068973153519366,0
22893,1.659419554536594,0
22894,1.054024302949678,0
22895,1.6796534483972854,0
22896,1.8277468262584458,0
22897,0.741899930003459,0
22898,0.649013197074808,0
22899,1.7871373933866328,0
22900,0.5474993412362026,0
22901,1.0885535522882457,0
22902,1.3161824342754265,0
22903,0.29579287088130474,0
22904,1.9698586473248274,0
22905,0.5928558487941332,0
22906,2.597703036828299,0
22907,1.4958721781654172,0
22908,0.322690868358512,0
22909,0.6518563040714904,0
22910,0.3486010118332409,0
22911,3.7632946445744286,1
22912,1.1322255664334502,0
22913,0.7480200104422554,0
22914,0.365835422485907,0
22915,0.8996637750033806,0
22916,0.9706663984068072,0
22917,0.9612005639983099,0
22918,2.943109751260774,0
22919,1.3292692833425943,0
22920,2.0275439713464256,0
22921,0.2723600728097683,0
22922,0.5933002843800244,0
22923,2.607820434619379,0
22924,0.842450390950073,0
22925,5.660992060848916,1
22926,0.9821804891981729,0
22927,0.9086386583043214,0
22928,1.080087905818496,0
22929,0.5724803522867041,0
22930,0.9020808805219331,0
22931,0.42380399629708077,0
22932,1.0638204025304618,0
22933,0.8863870112852402,0
22934,0.8162603662637723,0
22935,0.5351087965411352,0
22936,1.7806758247052763,0
22937,1.2371989779501618,0
22938,0.6275249182701187,0
22939,0.7333448930266678,0
22940,0.29721328872518954,0
22941,1.9188975233018417,0
22942,0.40226375895550137,0
22943,0.41079412573239876,0
22944,0.4244479643916979,0
22945,1.6480676398050855,0
22946,3.306607304851235,1
22947,0.6617327187967862,0
22948,1.6765531020048525,0
22949,2.0977648469703065,0
22950,1.2449118520170215,0
22951,1.744479044408891,0
22952,1.3474938588498424,0
22953,1.990565728627076,0
22954,1.1436759183784109,0
22955,2.060175234630376,0
22956,0.5417882672087537,0
22957,0.42565612663835156,0
22958,0.8499787597442746,0
22959,0.5823281642411366,0
22960,0.8343850125004071,0
22961,1.575876398759436,0
22962,0.9862334464153275,0
22963,0.4638993413888256,0
22964,1.3977140363920566,0
22965,2.5121634184909527,0
22966,0.16457747835212738,0
22967,0.4875665362093739,0
22968,3.028512735401986,0
22969,1.6959423599535082,0
22970,0.5112945936230995,0
22971,1.0724146110523336,0
22972,0.76677554738167,0
22973,1.5425981474250094,0
22974,0.3060387298476343,0
22975,1.17779212212518,0
22976,0.881336651836597,0
22977,3.2991988130320986,1
22978,0.9581228700590396,0
22979,0.48596703319838513,0
22980,1.4828329786466878,0
22981,0.7919456314167577,0
22982,1.0986908319485866,0
22983,0.5383727601757574,0
22984,0.4396997760573008,0
22985,2.1936984850621832,0
22986,5.51488929813324,1
22987,1.7766426035266862,0
22988,3.704419078713124,1
22989,0.36044065836341227,0
22990,0.27957347407798966,0
22991,1.001752808652864,0
22992,1.0298339811375787,0
22993,1.6162244994625072,0
22994,1.5253779048195495,0
22995,0.8903268223199567,0
22996,0.7093964836667481,0
22997,1.008706039285983,0
22998,2.6230609587044946,0
22999,0.6538308990012809,0
23000,0.42148896492840005,0
23001,1.7148829807941521,0
23002,1.3120265438631473,0
23003,8.445784573264566,1
23004,0.9718734218057931,0
23005,4.73802218318747,1
23006,1.2130681473811933,0
23007,0.45500953547283174,0
23008,1.514270611388268,0
23009,0.32568757146187866,0
23010,1.03421838419231,0
23011,2.2706394490882773,0
23012,0.8264350302432768,0
23013,5.890523966836249,1
23014,1.7720378093778069,0
23015,0.7743647506314216,0
23016,0.6332620155373251,0
23017,1.8884173053786324,0
23018,2.2997560359194984,0
23019,1.28388774053382,0
23020,1.1507767585215647,0
23021,1.0104449052101476,0
23022,0.722570051056708,0
23023,0.9535747905844973,0
23024,1.5508705545299177,0
23025,0.6131539911653278,0
23026,3.121444702997979,1
23027,1.7022376524460694,0
23028,0.8278661743247965,0
23029,1.6954277616667954,0
23030,1.1668595472814056,0
23031,0.21953299544071578,0
23032,1.2753253164254634,0
23033,1.6831104888211026,0
23034,1.180755810003978,0
23035,2.904733167410148,0
23036,8.379848204426013,1
23037,0.9165547527497881,0
23038,2.2693747034892153,0
23039,4.619742417301552,1
23040,0.8225575713781486,0
23041,1.536982040403699,0
23042,0.9364289772363316,0
23043,1.199229113352536,0
23044,2.0661395742673903,0
23045,0.9007748569404643,0
23046,1.100800596558652,0
23047,1.1180434718630219,0
23048,2.0786437564603992,0
23049,4.92837928470393,1
23050,1.4748554566955303,0
23051,1.9071399102033184,0
23052,0.2976285876645662,0
23053,0.3487672811425258,0
23054,1.8318406024460008,0
23055,0.5577431907295837,0
23056,1.5598514389789706,0
23057,0.4242367422384501,0
23058,0.6645835726997287,0
23059,3.496430481103635,1
23060,1.4084605423270748,0
23061,1.9863397329236239,0
23062,0.6041244364156027,0
23063,1.6660215491576293,0
23064,1.0037588649802418,0
23065,0.9255409881339365,0
23066,1.2049269212684035,0
23067,1.5735495164815068,0
23068,0.5185967979806065,0
23069,2.0127983082970946,0
23070,1.093322417638316,0
23071,1.2827892198366657,0
23072,1.070793931631943,0
23073,0.9455040046315136,0
23074,0.8363352889355207,0
23075,1.3951271002003802,0
23076,1.3380575042199674,0
23077,0.28160316999532475,0
23078,2.5397642352068956,0
23079,0.6338456974729207,0
23080,1.0485537582475808,0
23081,2.813811604613819,0
23082,2.321059377265925,0
23083,0.4474727613710992,0
23084,1.0948975202323306,0
23085,0.8248098077661613,0
23086,1.314671517097943,0
23087,0.9519467596769223,0
23088,1.5108987345412337,0
23089,1.6304492088890263,0
23090,0.2549460236346795,0
23091,3.822397444346782,1
23092,1.2999227829836135,0
23093,0.3268311853840348,0
23094,0.8844116426758686,0
23095,2.543864266612867,0
23096,8.086546070084644,1
23097,1.714583333846242,0
23098,0.8868455100318844,0
23099,3.4615187030780947,1
23100,0.9432574860156583,0
23101,0.5473196575524124,0
23102,0.8511304287734174,0
23103,1.9554123980640399,0
23104,0.4991083344832306,0
23105,1.2318761808398304,0
23106,1.0323215095909335,0
23107,0.8809236736883687,0
23108,1.1385100901216576,0
23109,1.5438691091989132,0
23110,1.2699412347856984,0
23111,1.5063342333345704,0
23112,2.1608010543293386,0
23113,1.1102443637448234,0
23114,0.4074084087596337,0
23115,0.4378563631436517,0
23116,0.5191521184434678,0
23117,1.1550024802170271,0
23118,0.9887185913338746,0
23119,1.3282309205424203,0
23120,0.4977469458133147,0
23121,0.9900602103554398,0
23122,2.0537014509558866,0
23123,1.4746743591507736,0
23124,1.48773536081397,0
23125,2.6599146955939097,0
23126,0.620487781287681,0
23127,0.6159711483795641,0
23128,0.9760147596504325,0
23129,1.1793287749365855,0
23130,0.9116759907486226,0
23131,0.3641022439663212,0
23132,0.25575333648585125,0
23133,1.5485506687115047,0
23134,1.7434996364943969,0
23135,2.4899654273321947,0
23136,2.1608118518549038,0
23137,0.3802513401206748,0
23138,1.2375607883344697,0
23139,0.35183270115278376,0
23140,0.30333195600769913,0
23141,1.058842115328352,0
23142,2.2448891381016534,0
23143,0.5543542587583636,0
23144,0.5953816983472535,0
23145,0.3010046989205717,0
23146,1.9648232566323764,0
23147,0.9874480665521426,0
23148,3.6059007357121278,1
23149,0.6355854525835577,0
23150,0.32654254080990686,0
23151,0.8982454607520249,0
23152,0.8157264667004537,0
23153,0.8043409644609305,0
23154,0.3149117999557541,0
23155,1.0083042443572332,0
23156,1.6995456730862766,0
23157,2.393865271439816,0
23158,1.8063001258452767,0
23159,1.2908684115148084,0
23160,0.33611361224518616,0
23161,0.5429622150222458,0
23162,0.9207216412522158,0
23163,1.1343575901745642,0
23164,0.31099456217996835,0
23165,2.29086593172335,0
23166,1.6868925363893055,0
23167,1.30077944985265,0
23168,0.3366354055945641,0
23169,5.244899771632482,1
23170,0.8273165631792057,0
23171,1.10714623235654,0
23172,1.2530496422315942,0
23173,2.0985938649279627,0
23174,1.2437814821694102,0
23175,2.0943829136609193,0
23176,1.5394405796268371,0
23177,0.331851771516495,0
23178,2.1165959732946336,0
23179,0.3107986788786511,0
23180,0.68943015297172,0
23181,0.7300116958957393,0
23182,2.5807443511012456,0
23183,0.30172903613527996,0
23184,0.5733274660230646,0
23185,3.102126742372754,1
23186,1.1838914501312314,0
23187,0.6173038096410902,0
23188,2.034687922001697,0
23189,0.42337618320657133,0
23190,4.854671058983857,1
23191,1.4036064932289074,0
23192,0.5887325284952853,0
23193,0.43761770887707113,0
23194,5.299625232336356,1
23195,1.4618572126854383,0
23196,0.8378326957893941,0
23197,0.467985608030572,0
23198,0.9811468608864191,0
23199,0.6446828075232333,0
23200,0.7192066746952788,0
23201,4.736912618247893,1
23202,0.6428163028677379,0
23203,3.063162202513595,0
23204,1.7061354669622972,0
23205,1.7633054633994294,0
23206,1.0582350036749604,0
23207,1.6065427573111526,0
23208,3.262986765846641,1
23209,0.8260982590095013,0
23210,1.3247826284558628,0
23211,0.400990834781474,0
23212,3.124791116626076,1
23213,0.44477206250370394,0
23214,1.2417447460049378,0
23215,1.8631941224289652,0
23216,1.7475007502158428,0
23217,0.4834078542449097,0
23218,1.8785856153751834,0
23219,0.59319837214594,0
23220,2.349655053342736,0
23221,0.465101704839169,0
23222,1.1306898074034355,0
23223,1.0574582238415762,0
23224,3.4390376702668806,1
23225,2.2921568198305886,0
23226,4.67336479892722,1
23227,1.179242923369966,0
23228,0.24212786137511053,0
23229,0.7725020321532214,0
23230,0.9211409984807736,0
23231,0.629956686822489,0
23232,0.302122727012393,0
23233,1.9530598154801802,0
23234,1.2763607292779855,0
23235,0.48566257872429386,0
23236,1.1214041404399226,0
23237,1.9410626211566433,0
23238,0.36993050926244336,0
23239,2.617007070384086,0
23240,0.6897055515864443,0
23241,1.3671793256157276,0
23242,1.7048941095135737,0
23243,0.6023889197793242,0
23244,1.0370871862176498,0
23245,0.7209309176783295,0
23246,1.186260115552833,0
23247,0.3745084092304886,0
23248,1.0704871110349676,0
23249,0.8467304397389026,0
23250,0.32912985266960704,0
23251,0.2868177177735648,0
23252,2.3535672924449886,0
23253,0.5690022081151828,0
23254,1.732364332793575,0
23255,1.458550239778485,0
23256,2.4868494081475903,0
23257,1.7801543136004072,0
23258,1.24565412049963,0
23259,1.013149863096502,0
23260,1.1296351226822785,0
23261,1.6639129561366068,0
23262,1.1078767929294446,0
23263,1.391995916000854,0
23264,1.7672510644983246,0
23265,1.5561655785330666,0
23266,2.0877272541809186,0
23267,0.5643726137906758,0
23268,1.1152425201068927,0
23269,1.3199383766748107,0
23270,0.5927426544661079,0
23271,1.6942541149517392,0
23272,1.296455365987256,0
23273,0.8554895126183701,0
23274,0.6965361453632781,0
23275,4.453723997755497,1
23276,0.9052463150861579,0
23277,0.28277804709147153,0
23278,1.4458316300359386,0
23279,0.8881468564450624,0
23280,1.1446751369101795,0
23281,1.911099784810701,0
23282,1.0990349391659853,0
23283,0.8438461737213749,0
23284,2.5840061269475383,0
23285,1.6657644474773257,0
23286,1.5725377373119473,0
23287,1.3777845389123622,0
23288,0.48968030098897664,0
23289,1.1671822132594305,0
23290,1.3519835143571928,0
23291,0.3043359276848431,0
23292,1.4338019484762108,0
23293,0.43386965313188697,0
23294,1.0229794483595829,0
23295,1.2919074472882197,0
23296,1.866765724461848,0
23297,0.49133688981261275,0
23298,0.8185578600299678,0
23299,2.3457096540052293,0
23300,2.4291377921677153,0
23301,1.755924315673514,0
23302,1.36388252736242,0
23303,0.24943573287391588,0
23304,0.786268252897517,0
23305,0.3278893081655515,0
23306,1.8821310324950924,0
23307,0.5319791964195025,0
23308,1.180215685255156,0
23309,1.8258674124971952,0
23310,1.8323261696617377,0
23311,0.9743169624983682,0
23312,1.2501329684125309,0
23313,0.910439902589457,0
23314,0.7122884216892497,0
23315,1.0600004876945708,0
23316,1.7925813481305153,0
23317,0.3653424736578373,0
23318,1.123717211648707,0
23319,0.38346104273506576,0
23320,1.0284872308707902,0
23321,0.9272749585207261,0
23322,1.3831587436131971,0
23323,1.672652086535029,0
23324,1.144625756409263,0
23325,1.2143115052112845,0
23326,8.240279790263019,1
23327,0.8501297003014214,0
23328,1.1595972104492474,0
23329,1.1138235483127095,0
23330,0.4138131268307255,0
23331,1.4641521925212173,0
23332,1.1442935908901959,0
23333,0.6649157509768799,0
23334,2.1993098549552688,0
23335,1.264798663373868,0
23336,1.1369527233554864,0
23337,1.0278521599950978,0
23338,1.29081729577536,0
23339,1.7707493267563537,0
23340,0.21533124218114766,0
23341,0.7721048315846033,0
23342,1.5473014356923216,0
23343,1.122767953782694,0
23344,1.623875185033117,0
23345,1.7860763425880168,0
23346,0.9652326369188539,0
23347,1.2153076182346643,0
23348,0.2705141396677759,0
23349,1.9070177300950324,0
23350,0.6377499946479699,0
23351,1.1139124861871643,0
23352,0.8120836770560309,0
23353,0.2658412548096076,0
23354,1.620485132016859,0
23355,2.220783108561412,0
23356,1.4867581241773316,0
23357,1.4472023124793603,0
23358,0.47774437338203213,0
23359,2.3307065956968853,0
23360,2.1924824630095503,0
23361,3.06997156217033,1
23362,0.3909340147049146,0
23363,3.232865431855294,1
23364,2.8819768645620694,0
23365,1.2193976970618827,0
23366,0.7337183663999779,0
23367,0.825201102460756,0
23368,2.475301780480211,0
23369,0.6216185572532335,0
23370,1.0475337436096126,0
23371,1.0290040475987965,0
23372,2.233796504108556,0
23373,0.9608652923694111,0
23374,1.194029631835759,0
23375,0.5122767734441663,0
23376,1.1932065624433905,0
23377,11.29016197438259,1
23378,1.2802750511929726,0
23379,0.5156962523473336,0
23380,0.47194348260876257,0
23381,0.5597231101387569,0
23382,0.3375944277856616,0
23383,0.9607255412175417,0
23384,0.6868507209865363,0
23385,2.157673580732835,0
23386,0.34638735567958023,0
23387,1.4805113186028405,0
23388,0.8897528313860616,0
23389,1.0423961737348184,0
23390,0.5511761252653566,0
23391,1.1588434081357386,0
23392,0.4615278306958042,0
23393,1.1251169700247317,0
23394,1.1919876719657827,0
23395,1.0480982935115721,0
23396,0.5557472681098238,0
23397,0.6325011408260502,0
23398,0.8496905595006997,0
23399,0.7462613268667126,0
23400,0.22660151576376952,0
23401,1.2303085535159528,0
23402,0.9410851641665242,0
23403,0.5093195912432991,0
23404,1.3394997860525215,0
23405,2.0867208691333676,0
23406,3.097619379173378,1
23407,1.918794517361976,0
23408,1.8287841017030797,0
23409,2.348442309461815,0
23410,0.9077419508199074,0
23411,0.5757187087236875,0
23412,1.6879416327070433,0
23413,0.28170025980044117,0
23414,2.837343158109689,0
23415,2.1798903853809484,0
23416,0.9724014210238232,0
23417,1.7311801027587104,0
23418,0.6482400817758057,0
23419,4.292539196336032,1
23420,0.9759064964739921,0
23421,0.5601062044615583,0
23422,2.4281141219998044,0
23423,0.3296484534926603,0
23424,3.3587618660864154,1
23425,2.769876216850642,0
23426,0.7965304987739878,0
23427,1.5714991210705456,0
23428,0.6740599960269511,0
23429,1.085612189181718,0
23430,1.0838220931122573,0
23431,0.23804773588811484,0
23432,0.2834965538858728,0
23433,1.0743137619420118,0
23434,1.9759308221046743,0
23435,0.5102048162040903,0
23436,1.7854842080838251,0
23437,0.2480751779037819,0
23438,3.3816423418305086,1
23439,2.7954253308861152,0
23440,1.8268726690174286,0
23441,1.1962480072289152,0
23442,1.773884768274425,0
23443,0.7305656519907995,0
23444,1.3624375015473957,0
23445,4.981473981752926,1
23446,1.2585210823826454,0
23447,1.0012644525718195,0
23448,1.8040200128799342,0
23449,8.359573838475473,1
23450,1.3228977168624076,0
23451,2.062779097744673,0
23452,0.8917009611228929,0
23453,0.33603920833771633,0
23454,0.3427297345055474,0
23455,2.283135441420362,0
23456,2.479096563344915,0
23457,0.9532664292147347,0
23458,3.352457760588808,1
23459,1.1678219409800716,0
23460,2.4010689722230882,0
23461,0.9737477658582228,0
23462,0.6791323928678429,0
23463,1.494814988175592,0
23464,1.1151943133776216,0
23465,0.7864033211255425,0
23466,2.7489158583623814,0
23467,4.03748786287809,1
23468,0.9365231611673834,0
23469,1.5084300261236427,0
23470,1.5530077211605229,0
23471,1.2413600965274307,0
23472,1.2324409921498756,0
23473,1.678943621170011,0
23474,5.488657899129751,1
23475,0.24518583474457653,0
23476,3.6835121183747854,1
23477,1.0644825746355118,0
23478,1.111889340457333,0
23479,0.40494146695197986,0
23480,0.21645684228161274,0
23481,0.9565318348665616,0
23482,0.8257894153068784,0
23483,0.30498365331560057,0
23484,2.922821480871276,0
23485,0.8026070634455452,0
23486,3.0864031856892855,1
23487,0.5632818955655348,0
23488,0.7620213100976403,0
23489,1.037482316354067,0
23490,1.283562788656781,0
23491,0.3276096376604929,0
23492,1.0345396352975202,0
23493,1.0724846444951692,0
23494,1.0984054587723393,0
23495,0.9167947436317774,0
23496,0.3544882256695274,0
23497,4.524887543457984,1
23498,3.0903697744599437,1
23499,2.2781828460075584,0
23500,0.6988729377152262,0
23501,1.0756209809846335,0
23502,1.9273590397565583,0
23503,1.632780123572661,0
23504,0.8615304503431284,0
23505,1.0855624055039732,0
23506,1.2461293703037994,0
23507,1.1602980693858735,0
23508,1.24573538837159,0
23509,3.4132738922356043,1
23510,0.6375709092625136,0
23511,1.894093543311567,0
23512,0.9351480380090691,0
23513,1.1639678659254913,0
23514,2.2778669802694638,0
23515,0.9975571509352992,0
23516,1.2671427996762636,0
23517,2.6359814558104264,0
23518,3.6458602219241696,1
23519,1.644364481151906,0
23520,0.2975143610591568,0
23521,0.29883721108446293,0
23522,0.6929518292063226,0
23523,1.4268560113091504,0
23524,0.8718573718682727,0
23525,0.6514861323003188,0
23526,2.153193714707178,0
23527,2.090531760176297,0
23528,2.080712840506618,0
23529,1.337459752959592,0
23530,1.06087069372745,0
23531,0.9439723803652309,0
23532,1.1267128279350858,0
23533,2.019556611136719,0
23534,0.65774795564196,0
23535,0.4341654115378528,0
23536,1.160950046925493,0
23537,2.072471157761982,0
23538,3.046921060237905,0
23539,0.7016341699542766,0
23540,2.6036420131186935,0
23541,0.7975450758423456,0
23542,1.182093896912782,0
23543,0.8230075096542687,0
23544,5.096178014623458,1
23545,1.5400381316640095,0
23546,1.7182010696726258,0
23547,1.4671691414498647,0
23548,0.9328067643297709,0
23549,0.4976384627390951,0
23550,0.6309883451892973,0
23551,0.8179364253119074,0
23552,1.5660491813314437,0
23553,0.7483257861449937,0
23554,1.3106762337086586,0
23555,0.8125284461390633,0
23556,4.024258081765267,1
23557,0.5264526799992871,0
23558,1.0042527465676412,0
23559,0.4940322914412968,0
23560,0.5046774626073998,0
23561,0.49169847782970244,0
23562,2.096844012048599,0
23563,1.1261604071906026,0
23564,2.1902579556552038,0
23565,1.8096576412506413,0
23566,1.605667793961541,0
23567,1.0715640334875332,0
23568,0.7952163329732922,0
23569,0.6761138845334137,0
23570,2.869251969796738,0
23571,0.40098787221272136,0
23572,1.5060462679734288,0
23573,0.3194379593986911,0
23574,1.2147675666199786,0
23575,0.22687562922860902,0
23576,0.31126942979565,0
23577,1.7439265972260272,0
23578,1.1113807209021909,0
23579,1.054711464499205,0
23580,1.1548651280525952,0
23581,1.3767939447687376,0
23582,0.8284500160071075,0
23583,0.6291914138406617,0
23584,0.8139626232219591,0
23585,2.0187859264045955,0
23586,1.65060916414732,0
23587,0.29788393257873275,0
23588,2.1532204172538867,0
23589,2.91728823937514,0
23590,0.34504182849181503,0
23591,0.680674669755018,0
23592,2.0249103520386553,0
23593,0.994792837176251,0
23594,1.2555777867755036,0
23595,1.3427596825109733,0
23596,0.9012355948832389,0
23597,1.6012682979593944,0
23598,1.4397187354632546,0
23599,0.9174093296270045,0
23600,1.2864909634104569,0
23601,0.48790155096848076,0
23602,2.234332896648414,0
23603,1.514998471255369,0
23604,0.8135610709645538,0
23605,0.7319129752860527,0
23606,2.4465941816650383,0
23607,1.7097297511307838,0
23608,0.35772215432139925,0
23609,1.1798800315709406,0
23610,0.3255565680555027,0
23611,0.8356149492017779,0
23612,3.081828799457418,1
23613,1.2860741984637498,0
23614,0.8343419321069233,0
23615,1.8497567250767217,0
23616,2.8139724552009158,0
23617,1.1963325522791792,0
23618,1.3331655854918538,0
23619,0.3045552136662249,0
23620,1.6095602196590417,0
23621,1.390577876433583,0
23622,0.5031674989032607,0
23623,2.1504173612051023,0
23624,2.0237277633483948,0
23625,1.27426115086447,0
23626,0.8048777461415811,0
23627,1.5756347287641697,0
23628,0.8042269704385695,0
23629,1.8164873562794086,0
23630,1.8412456447029535,0
23631,0.9124702445817189,0
23632,1.3275224928728244,0
23633,0.5361970564212254,0
23634,1.8674741219234456,0
23635,2.519922121806176,0
23636,3.632010247315942,1
23637,0.935742884079516,0
23638,3.648319180995338,1
23639,0.3225672219868961,0
23640,1.3395082378437873,0
23641,0.38393038446080074,0
23642,1.2864015938921198,0
23643,0.7949612791128876,0
23644,1.206696308272836,0
23645,1.2923754740653381,0
23646,1.0987388207495796,0
23647,1.6556170456381605,0
23648,0.3709645490423154,0
23649,1.7883048509417023,0
23650,0.2886517186810611,0
23651,1.5816009267856568,0
23652,2.6290118766878434,0
23653,1.147616743825688,0
23654,0.8414212773900503,0
23655,0.31376803375999623,0
23656,1.1739749407752464,0
23657,1.4956091433555265,0
23658,1.9781557124866616,0
23659,0.3765755041378937,0
23660,0.43588896684946005,0
23661,0.4498055669888916,0
23662,1.0819596560525382,0
23663,3.2789859440983546,1
23664,1.898516491377059,0
23665,1.3440017236262638,0
23666,1.8288390380541588,0
23667,0.27807017938720163,0
23668,1.1090521882333,0
23669,0.6249214405622296,0
23670,1.1297995632432953,0
23671,1.5883689762898399,0
23672,2.335404901996212,0
23673,3.1609429466075083,1
23674,1.5314627594923864,0
23675,1.275245151309652,0
23676,1.59951247127838,0
23677,0.4295512139945648,0
23678,0.8859466028270856,0
23679,0.3189280557659749,0
23680,1.4416198872997308,0
23681,1.738322094062457,0
23682,0.4737404599877485,0
23683,0.49604187025420754,0
23684,0.900245007720337,0
23685,0.7007433944142872,0
23686,3.938877851165906,1
23687,0.719559598578741,0
23688,2.108672494416382,0
23689,1.6035814341387435,0
23690,1.5726067797646368,0
23691,1.3906940503255287,0
23692,0.9593581839779681,0
23693,0.6125493307322128,0
23694,1.958912346713557,0
23695,2.3758084121175567,0
23696,2.171388787715629,0
23697,0.943794164876518,0
23698,0.70303534276432,0
23699,1.3828580902143104,0
23700,1.1189900439566074,0
23701,1.1370112906053162,0
23702,1.5303856434072856,0
23703,1.8300458697580106,0
23704,0.9095006359812245,0
23705,2.3341316477394525,0
23706,1.2405928481065691,0
23707,2.147939577444652,0
23708,1.830868121242582,0
23709,1.0351657697746854,0
23710,0.9044511322252012,0
23711,1.3691337606097675,0
23712,1.6614454407114063,0
23713,1.4014813064340472,0
23714,0.914500687697337,0
23715,2.587136416848265,0
23716,1.5624187877236797,0
23717,0.6414095992381407,0
23718,3.592762722343564,1
23719,0.5028687471603025,0
23720,0.7683203425956474,0
23721,1.6999201018474466,0
23722,1.5513313474432733,0
23723,0.5750549895561012,0
23724,0.8536399608032575,0
23725,3.260529569219122,1
23726,1.4340362011839547,0
23727,4.929826174899584,1
23728,0.5074938594751193,0
23729,0.30730754641891345,0
23730,0.3790169645231683,0
23731,1.42311974618488,0
23732,2.208951871439786,0
23733,0.6354867488912317,0
23734,1.1588791228031385,0
23735,1.4323238382336523,0
23736,0.9340621973285542,0
23737,0.4409519063746293,0
23738,0.5428154634968311,0
23739,2.3368572348398975,0
23740,0.4872697659167572,0
23741,0.6593040162223225,0
23742,1.1148481594409687,0
23743,1.5596484057669981,0
23744,0.6553620316604613,0
23745,0.8753468896863354,0
23746,1.5013715933468386,0
23747,1.5939622175582813,0
23748,2.138539751783157,0
23749,1.5350428168798553,0
23750,0.7940848812423528,0
23751,1.1450767266921789,0
23752,4.006452707650637,1
23753,1.054175030360141,0
23754,1.70582058347769,0
23755,0.5154756373356743,0
23756,3.2151989992754033,1
23757,2.006869557293661,0
23758,5.180449716777179,1
23759,1.443000146189529,0
23760,3.0913398425551377,1
23761,0.7806368305106941,0
23762,1.3233038744582832,0
23763,2.2292811687495435,0
23764,1.003902231915288,0
23765,1.7779237362657987,0
23766,0.9699789819967886,0
23767,0.8247214507202091,0
23768,1.0799768603523603,0
23769,0.9791398699974063,0
23770,1.494422061117448,0
23771,0.7831491769679401,0
23772,0.5263624236233259,0
23773,1.316354366193549,0
23774,0.5078739762569898,0
23775,0.6505811779079375,0
23776,0.8130242935390395,0
23777,0.6593841594993518,0
23778,1.6007522631903202,0
23779,1.6625829843630764,0
23780,0.884310805635139,0
23781,0.7411813185550797,0
23782,0.718346528659888,0
23783,1.1189458059300301,0
23784,1.1754549473852594,0
23785,2.3543611932895803,0
23786,0.8575342175336121,0
23787,2.12578284014899,0
23788,0.9049259505544366,0
23789,1.329517772851571,0
23790,0.7155633389571785,0
23791,1.7948901867596976,0
23792,0.5273921900473064,0
23793,0.53604262463029,0
23794,0.7867464617562945,0
23795,0.5168131368575096,0
23796,1.829597886865755,0
23797,2.1812290380100534,0
23798,1.4695486109255251,0
23799,3.8375113065527215,1
23800,2.4182545707934535,0
23801,0.6189113169874567,0
23802,1.5255312213909136,0
23803,0.8237020787860498,0
23804,2.8865983612494066,0
23805,0.7141772438392806,0
23806,1.7918100880553471,0
23807,1.300403037398541,0
23808,2.6821425436640904,0
23809,1.74685980172659,0
23810,0.7832130878623675,0
23811,3.131216700699575,1
23812,1.702713135896034,0
23813,0.519414090346395,0
23814,0.769488464044908,0
23815,8.865460836059542,1
23816,1.7148812573032983,0
23817,1.883085858763581,0
23818,0.45830137069393756,0
23819,3.1602618987440123,1
23820,1.1362757990367371,0
23821,1.4526661390621514,0
23822,2.182659753864984,0
23823,1.255270327651163,0
23824,0.407626412878559,0
23825,1.7915633699538336,0
23826,0.8793433145837934,0
23827,1.9189999399736617,0
23828,1.3925850772114488,0
23829,1.3719241097914938,0
23830,1.1644738333963824,0
23831,1.57349660971566,0
23832,1.3616972953865782,0
23833,1.9650677051108851,0
23834,1.8861800076462827,0
23835,1.3130679216082966,0
23836,1.0508815680080472,0
23837,1.6098191815687315,0
23838,1.0560343115201212,0
23839,1.42954460260655,0
23840,2.0731494414742957,0
23841,1.7146751190745948,0
23842,0.9528582312703097,0
23843,0.8240328426576744,0
23844,0.8396069426736639,0
23845,1.2371376692138265,0
23846,2.4741783456551025,0
23847,0.8588687795453563,0
23848,1.0378244375597399,0
23849,1.292109110169372,0
23850,2.450602917248733,0
23851,3.2750278558437507,1
23852,1.206911440734745,0
23853,5.55823962934235,1
23854,0.3466996172797836,0
23855,0.6737122152421299,0
23856,1.2049830368217338,0
23857,2.4427728526907546,0
23858,0.37446241302982025,0
23859,0.8418451939240725,0
23860,6.057312615580094,1
23861,1.9704486643420829,0
23862,1.680980081434844,0
23863,0.5757704073048475,0
23864,0.9769116087157729,0
23865,1.7604345432283093,0
23866,1.9048801913710909,0
23867,1.1704469966717226,0
23868,1.145305120450024,0
23869,1.8996184522738104,0
23870,2.2552337082546283,0
23871,0.33637806607199916,0
23872,3.014524003656343,0
23873,1.0895988521646376,0
23874,1.7356318871944463,0
23875,0.47707138502117374,0
23876,0.9690875075612662,0
23877,0.19066425859432365,0
23878,0.2676095630193209,0
23879,0.45200013330831934,0
23880,1.1783297800428325,0
23881,1.710918633002137,0
23882,0.3970913460264914,0
23883,1.4072004591956582,0
23884,0.5492398778302907,0
23885,0.4866385639561756,0
23886,1.2980648064617004,0
23887,1.664431656453485,0
23888,1.3447696554523383,0
23889,0.9520766892682968,0
23890,0.459111449205683,0
23891,1.6513414304882241,0
23892,0.4934697295883958,0
23893,2.8092196692617497,0
23894,1.7561721022522945,0
23895,1.136943726992236,0
23896,1.092754210977546,0
23897,0.35667572220621413,0
23898,1.8173951739896745,0
23899,2.423160779501791,0
23900,0.9887362245195869,0
23901,0.5868864426327352,0
23902,0.39420249709712135,0
23903,0.9634434070076149,0
23904,0.5934938453425784,0
23905,0.8682653555621747,0
23906,0.2960470983684375,0
23907,0.2357517065389894,0
23908,0.49937147445862223,0
23909,2.811270432133722,0
23910,0.3732538150746871,0
23911,1.022480391978746,0
23912,0.7269346910665383,0
23913,0.7687269452146,0
23914,0.2762735814652112,0
23915,1.411978229377208,0
23916,1.8084294079706973,0
23917,0.47710195098684943,0
23918,1.4035721117367406,0
23919,1.2053303858108977,0
23920,0.963243829312393,0
23921,1.0236473310846612,0
23922,0.8544616632933466,0
23923,0.39397574072338704,0
23924,2.6831548410870525,0
23925,0.40542748639030984,0
23926,1.4248060418497248,0
23927,2.0288662527809254,0
23928,0.37640954183146996,0
23929,0.2912929006750407,0
23930,0.8708364261836279,0
23931,1.3260182016991515,0
23932,0.3097441853975363,0
23933,0.9673076399721253,0
23934,1.1325284258079489,0
23935,1.3883823804150406,0
23936,0.7495560400738277,0
23937,2.689959009252877,0
23938,0.5579408285499824,0
23939,0.7223410848639247,0
23940,1.5762093860088149,0
23941,2.6341127237019486,0
23942,0.4432077263082782,0
23943,1.3679257788122319,0
23944,0.44102778162695205,0
23945,0.9382768423310869,0
23946,0.6243259538585988,0
23947,0.7889360661652772,0
23948,1.163120140837218,0
23949,1.6844719114750213,0
23950,1.2249524201344697,0
23951,1.6554379101454793,0
23952,1.189727782249189,0
23953,1.0097370501779745,0
23954,0.1708064298774298,0
23955,1.2475612095663144,0
23956,0.5016938045553638,0
23957,1.109910379527378,0
23958,1.186186215747111,0
23959,1.2744352041024338,0
23960,1.5278109722264317,0
23961,0.2881643037672853,0
23962,0.994933978861114,0
23963,0.19780680938472786,0
23964,1.7448153486806939,0
23965,0.16291586838427488,0
23966,0.14748598571374175,0
23967,2.9803053055124638,0
23968,1.4478642303277711,0
23969,1.4024332740194447,0
23970,1.4159128274895487,0
23971,0.319421912819052,0
23972,1.0385623247814455,0
23973,0.21841520622102903,0
23974,0.227588989671551,0
23975,0.3192210588546046,0
23976,0.594844927670901,0
23977,0.45811281674034826,0
23978,1.0440297400703826,0
23979,1.3665195990403671,0
23980,2.2568734982190866,0
23981,1.6111292394101313,0
23982,1.2941390034143934,0
23983,0.5825759451396222,0
23984,3.832918550942071,1
23985,0.28044565798356186,0
23986,2.348826668496613,0
23987,2.94200978477771,0
23988,0.882583025963689,0
23989,1.9923082641201613,0
23990,0.41199402974610455,0
23991,1.3389166623129172,0
23992,0.264851277919202,0
23993,0.7675888233331895,0
23994,0.2537692167753738,0
23995,1.6979202034861656,0
23996,0.31611019009197366,0
23997,0.2341914226951745,0
23998,1.655695282760551,0
23999,1.2185338874860239,0
24000,0.858409827992179,0
24001,0.3922962111585244,0
24002,0.9875667697166504,0
24003,3.757759091010401,1
24004,1.3916214963743578,0
24005,0.4214694217808109,0
24006,1.8250897989255708,0
24007,0.6638008587670612,0
24008,1.7963126324810323,0
24009,1.089818662207488,0
24010,0.5613873109858152,0
24011,0.56206316085845,0
24012,1.7774535832659606,0
24013,1.0562662063988009,0
24014,0.2048621124813385,0
24015,0.37550940249381715,0
24016,0.5143704602643054,0
24017,1.1046560742445541,0
24018,0.7928743296304213,0
24019,0.8312700800886802,0
24020,2.0613868852892896,0
24021,1.3852867919426035,0
24022,1.9303331087531153,0
24023,1.3588543212419628,0
24024,1.614356432728942,0
24025,1.5934110534745585,0
24026,1.450493172949901,0
24027,1.5265053240097022,0
24028,2.0560902188461228,0
24029,1.7592923494534374,0
24030,0.8423205233973551,0
24031,0.4542169823214728,0
24032,2.017575654653783,0
24033,0.4633205415244499,0
24034,1.1494580226374638,0
24035,1.8833248369559539,0
24036,1.1681213511164221,0
24037,1.0981887281775975,0
24038,1.5857369697724844,0
24039,1.114895079180936,0
24040,1.3100419472630027,0
24041,2.167955341922673,0
24042,1.4534575682777158,0
24043,0.9959103574111291,0
24044,0.20643743966310374,0
24045,0.2697886367422627,0
24046,0.653427444292532,0
24047,0.3944073325201746,0
24048,0.5599726672741102,0
24049,0.23431502264150067,0
24050,4.387847023920046,1
24051,3.046750301255026,0
24052,1.3652456619401752,0
24053,2.0038651112529733,0
24054,1.691586795361769,0
24055,0.31640696779845856,0
24056,1.88699650641222,0
24057,2.2469429993683314,0
24058,1.5479295260594579,0
24059,3.5783929634915075,1
24060,3.257213065213001,1
24061,0.45183039725814034,0
24062,2.004256561825297,0
24063,2.1867917105290453,0
24064,0.9348410434746711,0
24065,1.1398781810990604,0
24066,2.3379006349060822,0
24067,1.0271605876543701,0
24068,0.3502423218230586,0
24069,0.8628067246083183,0
24070,1.2600873352013577,0
24071,1.1392241064597515,0
24072,1.9507250334470079,0
24073,0.5705934606797233,0
24074,2.3057257379887335,0
24075,2.3514567241295397,0
24076,0.9288363016934966,0
24077,2.1951343310977696,0
24078,1.3614617059262772,0
24079,0.7431856652077852,0
24080,0.9720946674900685,0
24081,1.458376995050401,0
24082,0.7986135958145589,0
24083,0.6176445990272784,0
24084,1.4383452838887831,0
24085,2.430873814242775,0
24086,0.41624167174432775,0
24087,1.4355068325384979,0
24088,0.5248941207911767,0
24089,1.735124579374119,0
24090,2.208531167325261,0
24091,1.4442445181834407,0
24092,1.6078449423931431,0
24093,4.362226631052274,1
24094,2.8854451639679874,0
24095,0.878300844947542,0
24096,0.9719491384150786,0
24097,1.2921193317998498,0
24098,2.107710768187339,0
24099,0.9782284036709291,0
24100,0.3472750925990258,0
24101,1.5240495713112636,0
24102,1.4623108529789197,0
24103,2.789688689543046,0
24104,1.8517683813193562,0
24105,0.1483577859550568,0
24106,0.837160764199952,0
24107,0.5270394246824682,0
24108,0.8285670444979304,0
24109,1.607138451418159,0
24110,0.3663855337276379,0
24111,2.167999717788491,0
24112,0.35520994646493603,0
24113,2.60313584173639,0
24114,1.9156934364439202,0
24115,1.2345579545185383,0
24116,3.581391758444072,1
24117,5.701728262446287,1
24118,9.612908461106334,1
24119,1.3508940757848589,0
24120,1.2889948692292263,0
24121,1.718433937576921,0
24122,0.24632071858756988,0
24123,0.3972972513133175,0
24124,0.2658776782644908,0
24125,1.5633677654111386,0
24126,1.240070272917992,0
24127,4.552526934150391,1
24128,0.6475804244947035,0
24129,0.5081060955778702,0
24130,2.0504263015693494,0
24131,0.7518752796529237,0
24132,0.7251905537632203,0
24133,0.4444178000449337,0
24134,1.0511437699361694,0
24135,1.10653341910322,0
24136,0.725908173415668,0
24137,1.7813793163639084,0
24138,0.3374918491962698,0
24139,1.1367603767708103,0
24140,0.5096514750111595,0
24141,1.741157561706493,0
24142,0.4644272677869568,0
24143,0.13562079409797262,0
24144,0.2906408616864014,0
24145,0.6068844000350094,0
24146,2.966534364863899,0
24147,0.5879442593918097,0
24148,0.40880181757182066,0
24149,1.5745551288423827,0
24150,1.1159744199757209,0
24151,0.5153253226985747,0
24152,2.0711817403649158,0
24153,1.7024080619404793,0
24154,1.154768772807725,0
24155,2.0008981582130807,0
24156,0.3159919927079041,0
24157,1.1719451695355678,0
24158,1.990797596853534,0
24159,1.9935052646205376,0
24160,0.8284931675230477,0
24161,1.6372589574536922,0
24162,0.30721630303610925,0
24163,0.8019731257943895,0
24164,1.6301308559372594,0
24165,1.7028389295588595,0
24166,1.1827588996253102,0
24167,1.8497277118412403,0
24168,1.10152059058305,0
24169,0.6365458318440094,0
24170,3.196781783803478,1
24171,1.6546603050369666,0
24172,1.1282550709645527,0
24173,0.5972729709894912,0
24174,1.2261414035267484,0
24175,0.3818794815002959,0
24176,3.0466703731778564,0
24177,0.6496214093202201,0
24178,2.21975453249468,0
24179,3.123899497851272,1
24180,0.44471087830216677,0
24181,1.2730657080771028,0
24182,1.3865141590199335,0
24183,0.9264372409502859,0
24184,1.6617869560325826,0
24185,0.9184785886813536,0
24186,1.8325083383415535,0
24187,4.161670378283138,1
24188,0.664656630733766,0
24189,1.6973881110329336,0
24190,2.2441859559986677,0
24191,1.3782502049430116,0
24192,0.8347439257108046,0
24193,3.0349314474286078,0
24194,0.35020499018144513,0
24195,1.7967797854914767,0
24196,1.844095441380702,0
24197,0.7218855053106495,0
24198,2.0397610460301294,0
24199,1.7122841757897191,0
24200,0.6366767606364452,0
24201,0.8593154112460412,0
24202,2.5638159788927326,0
24203,0.9789063879316948,0
24204,0.39954203752029904,0
24205,1.9040618715897386,0
24206,3.580130628660706,1
24207,2.6582361955396667,0
24208,0.4611828948675296,0
24209,1.718064029766929,0
24210,3.2637948481722034,1
24211,1.0620814689877034,0
24212,1.258587424131023,0
24213,1.867233329390859,0
24214,1.0631178596210384,0
24215,3.2705740831203016,1
24216,2.1203350101514693,0
24217,1.5437192515436349,0
24218,1.2953887208488402,0
24219,3.3107578776350186,1
24220,1.8328582701231795,0
24221,0.7324228249094781,0
24222,3.987570224994217,1
24223,3.0967566366506376,1
24224,0.6389957323062622,0
24225,1.7899745126185338,0
24226,1.2010794821662878,0
24227,1.1092646527021495,0
24228,1.6098274861063866,0
24229,1.1037856329174678,0
24230,0.9325703096642269,0
24231,1.0256738751302887,0
24232,1.6870885617518583,0
24233,3.54873106022861,1
24234,1.2895569343856705,0
24235,2.037867660827347,0
24236,1.608290463866425,0
24237,0.4654064229129909,0
24238,0.3491879909985683,0
24239,2.7114031361581494,0
24240,0.793034220223889,0
24241,0.41471961897928117,0
24242,1.0634980945086625,0
24243,1.3177484693061265,0
24244,2.864783168733329,0
24245,1.31419482749279,0
24246,0.887703610948392,0
24247,2.8465197815229235,0
24248,1.0043810322646327,0
24249,2.799905448796885,0
24250,2.164257129486516,0
24251,0.7207842607921798,0
24252,1.9868473817758987,0
24253,0.603175255174113,0
24254,2.051518667830656,0
24255,0.4654963265798687,0
24256,1.4016057841989573,0
24257,1.36871826121472,0
24258,1.4960887040590667,0
24259,1.0348318889330563,0
24260,0.7585289434361971,0
24261,1.119712675777355,0
24262,3.1962617579273425,1
24263,1.4296381680877908,0
24264,0.5528176067559404,0
24265,0.9680591468511058,0
24266,1.0549520398419088,0
24267,0.963297358563278,0
24268,3.217052111197989,1
24269,0.191592686124734,0
24270,0.29314659175280605,0
24271,0.9875825077454505,0
24272,1.178654210898304,0
24273,2.7452840029238,0
24274,2.7060559692490793,0
24275,1.0687769999545582,0
24276,0.4649838574278224,0
24277,1.1546750944167237,0
24278,1.3198093276351581,0
24279,0.4206781632876364,0
24280,1.0622123836648512,0
24281,1.2171995965553024,0
24282,0.3519718071434673,0
24283,0.734609220447022,0
24284,1.316917230959404,0
24285,1.472991109877243,0
24286,3.739072419817124,1
24287,1.2668388482671054,0
24288,1.8509776563183216,0
24289,1.2266107628964804,0
24290,2.431405331818763,0
24291,1.2459203637512937,0
24292,0.4388386290222325,0
24293,0.41591576167999683,0
24294,0.7067955053168116,0
24295,3.2589883975305685,1
24296,1.2012062381910364,0
24297,0.9339827714655958,0
24298,0.8156766826492967,0
24299,1.8943537068074343,0
24300,1.7916283686031922,0
24301,2.075915321205596,0
24302,0.9396034471065791,0
24303,1.561844039821169,0
24304,0.8073405514463744,0
24305,0.7285477866620832,0
24306,3.2777889256353956,1
24307,2.6268293339395026,0
24308,0.6938085681024996,0
24309,1.4016234450777394,0
24310,1.0756104678995622,0
24311,1.8569133530346034,0
24312,1.0619283138472568,0
24313,0.41643843365423133,0
24314,4.470906645350078,1
24315,1.5383832210294224,0
24316,1.5234986148070806,0
24317,1.5076736554825556,0
24318,0.7967630119229827,0
24319,1.4501307721957153,0
24320,2.611572688537831,0
24321,2.948978415608099,0
24322,4.764788309660779,1
24323,2.915563013451377,0
24324,1.1061663379702942,0
24325,0.36298891517916787,0
24326,0.3791312294975772,0
24327,1.7847443584941516,0
24328,0.7612383299678511,0
24329,1.804440620586298,0
24330,2.034987043721418,0
24331,1.141686221085836,0
24332,1.0902514498298372,0
24333,1.6363376966294303,0
24334,1.132146341295868,0
24335,1.57701729973949,0
24336,0.7247123064004265,0
24337,2.2440538007974267,0
24338,1.7753032290131323,0
24339,1.192275352693845,0
24340,1.4585894375782067,0
24341,1.754348570913425,0
24342,1.4250200859378415,0
24343,2.5230707495976983,0
24344,2.9036108113758674,0
24345,1.4473499419046996,0
24346,1.399892788304418,0
24347,1.0013060256231037,0
24348,3.4894266780075585,1
24349,0.27095736995534636,0
24350,1.855119211106204,0
24351,1.818619742312804,0
24352,1.294514391775132,0
24353,2.5675288053463574,0
24354,1.8158723915335466,0
24355,0.28172001526324436,0
24356,3.845180035161125,1
24357,6.374767039582159,1
24358,2.176392118504909,0
24359,1.2296107304795887,0
24360,1.1105179642818082,0
24361,0.3766972770416049,0
24362,1.772443771097821,0
24363,0.7330176404474431,0
24364,1.2497985406188006,0
24365,0.9589509085029456,0
24366,0.6108220320970943,0
24367,10.875377576506907,1
24368,0.6869336549304627,0
24369,0.782293663870139,0
24370,2.311903116601106,0
24371,4.0140125677189795,1
24372,1.6919307179130607,0
24373,1.4565691902674536,0
24374,0.4817031541028295,0
24375,0.8938409936021567,0
24376,3.0664052138703233,0
24377,0.6173253439365429,0
24378,0.6914786138746877,0
24379,0.6319918196295331,0
24380,0.7350421697625686,0
24381,0.9535170933812473,0
24382,1.3354852025854398,0
24383,1.1657913472230552,0
24384,4.436720977654782,1
24385,1.5581186294725877,0
24386,1.259205680932434,0
24387,1.018236414884775,0
24388,9.16151611439562,1
24389,2.885262541438157,0
24390,0.3403762335149482,0
24391,1.5203249243233892,0
24392,2.9343813596441453,0
24393,0.5063226606429411,0
24394,1.50318338534421,0
24395,1.3918799788976652,0
24396,1.3664837894141646,0
24397,1.7267054340804529,0
24398,0.9832208617417673,0
24399,1.4197227563386388,0
24400,0.8015883215033736,0
24401,0.9205956069892622,0
24402,1.6442361638298475,0
24403,3.0158517445149537,0
24404,0.42275546080455084,0
24405,1.979767727037388,0
24406,1.1972049706674848,0
24407,0.5056841026527511,0
24408,1.618412932285173,0
24409,0.5083200552948625,0
24410,0.6319386411852167,0
24411,1.1679416701839664,0
24412,1.2256405565226454,0
24413,0.9784559803920039,0
24414,1.062238407350818,0
24415,1.2273563821446776,0
24416,0.6749034285470187,0
24417,0.8223466086538079,0
24418,1.078280517134487,0
24419,0.6010478564773286,0
24420,2.19678316259701,0
24421,1.188482763734845,0
24422,1.4107814772509024,0
24423,0.9216952104336952,0
24424,1.4083002766411308,0
24425,0.6861425273776398,0
24426,3.632125339172902,1
24427,1.182946135470163,0
24428,0.8839736761243059,0
24429,0.5599142979901859,0
24430,1.351109145294708,0
24431,0.8740835083693611,0
24432,1.4779407902037944,0
24433,0.9006691325146516,0
24434,1.3083585500526844,0
24435,1.03172628968706,0
24436,0.4283859718457069,0
24437,0.6995637317009024,0
24438,1.3706054151512923,0
24439,2.6487199323596085,0
24440,1.2458043502391327,0
24441,1.260554174261546,0
24442,0.6590849530582102,0
24443,2.1471799374060017,0
24444,1.9131572510613488,0
24445,2.0742213000167506,0
24446,2.4804554717168257,0
24447,1.8249800513214438,0
24448,2.594717359415995,0
24449,2.1485991766970773,0
24450,1.4084732968720508,0
24451,0.3647648912938688,0
24452,0.8917420393952749,0
24453,1.5498434900962148,0
24454,0.9270944963672553,0
24455,0.8006518749754299,0
24456,0.849300404097489,0
24457,1.8085396310354624,0
24458,1.3626075090980942,0
24459,1.8426889666946074,0
24460,0.7987615651328176,0
24461,0.9763166418369025,0
24462,0.7409830617764567,0
24463,0.9795173196353343,0
24464,1.2309966665938359,0
24465,0.5983357043274216,0
24466,2.11889770627057,0
24467,0.7184718241142666,0
24468,1.6684075279242936,0
24469,1.1709030806083682,0
24470,3.1406407027081538,1
24471,2.568591083655757,0
24472,1.4937317598639075,0
24473,0.9606106563353396,0
24474,0.5229210248667263,0
24475,3.377248017184011,1
24476,3.056725490304168,0
24477,0.7409405569642101,0
24478,4.559709549676181,1
24479,0.5286209720971551,0
24480,0.5756206742106741,0
24481,2.185309379018082,0
24482,0.3359906290632131,0
24483,0.40798267791596216,0
24484,1.8389773183404465,0
24485,0.8185404278685969,0
24486,0.9664232081385767,0
24487,1.1102214316284145,0
24488,0.7721572742331987,0
24489,1.642459176261926,0
24490,2.170056511097614,0
24491,2.205020461041762,0
24492,0.7174667643068536,0
24493,2.3430124843111693,0
24494,1.7369821272531338,0
24495,0.8450878626598277,0
24496,0.6526115024987855,0
24497,1.452135017611297,0
24498,1.1548934447587835,0
24499,2.94521793970694,0
24500,1.8754901995249544,0
24501,1.6295446029881155,0
24502,0.8380428850285511,0
24503,1.032617997989526,0
24504,1.0377914085842523,0
24505,0.9124535612872473,0
24506,1.6034693104719615,0
24507,2.653737984881285,0
24508,1.1912591622274604,0
24509,0.6031959445436351,0
24510,0.4043635960133812,0
24511,1.2426746621821825,0
24512,2.1170042010443617,0
24513,0.8821965598248122,0
24514,0.5017410494875282,0
24515,1.3565831036387412,0
24516,1.0737533170693327,0
24517,0.697839675304753,0
24518,3.0453502699877646,0
24519,2.6464290303808267,0
24520,1.4709636832052098,0
24521,0.6091288448637893,0
24522,0.7980475565886034,0
24523,1.7425467084768946,0
24524,2.6522355528629395,0
24525,0.9739016310850334,0
24526,1.8935959932331805,0
24527,2.2139569835476327,0
24528,0.7320638280888986,0
24529,0.5079233661319703,0
24530,1.2335188551431207,0
24531,0.4560759089457854,0
24532,1.0481255474487299,0
24533,0.815330088751595,0
24534,0.41160207338024885,0
24535,1.1902268933531515,0
24536,1.0706698131173351,0
24537,0.8508254198897274,0
24538,0.5972911633272934,0
24539,0.8010960430556963,0
24540,0.5415171032575541,0
24541,1.8007225263672915,0
24542,0.41875322568999274,0
24543,0.3588665425535753,0
24544,1.7955505466158532,0
24545,1.7281817465655707,0
24546,0.9457190387918591,0
24547,0.9876506104392228,0
24548,1.8725086482795812,0
24549,2.09382355033022,0
24550,2.477117082257897,0
24551,2.922150634759666,0
24552,2.144039331734258,0
24553,3.280936128791932,1
24554,2.1478109468680993,0
24555,1.4476467452554405,0
24556,0.35325679928546366,0
24557,1.6387192813304547,0
24558,1.6893868242343926,0
24559,3.0713085948903314,1
24560,0.4154886771198307,0
24561,0.6403643547712982,0
24562,1.273606182470747,0
24563,1.3116547313194744,0
24564,0.4761301565065375,0
24565,0.794553823346645,0
24566,0.683700422579681,0
24567,1.8625185024078335,0
24568,1.8237380580415896,0
24569,4.029953648009359,1
24570,1.5788707687443495,0
24571,0.34264735117454587,0
24572,0.35263767667057183,0
24573,2.049213470170552,0
24574,0.5028736297989983,0
24575,1.899980575804474,0
24576,0.5097935768613622,0
24577,0.4327112846367253,0
24578,1.5188283225804318,0
24579,1.1113564806252605,0
24580,0.8174499084756821,0
24581,0.3528307311399217,0
24582,2.035855191078842,0
24583,1.8032435439496266,0
24584,0.9945599467573965,0
24585,0.3242106812523315,0
24586,0.26205616590270486,0
24587,2.2694730106057994,0
24588,1.0861590810323405,0
24589,1.232874169747771,0
24590,1.0190642956361093,0
24591,2.4869358310153435,0
24592,1.286115757484478,0
24593,0.8488904518702797,0
24594,0.6804035638286351,0
24595,0.8812062618961778,0
24596,0.4284424764764735,0
24597,4.4794683889470255,1
24598,1.3310519318696845,0
24599,1.4776662661492537,0
24600,1.8150306971672796,0
24601,2.06382430346677,0
24602,0.9923898481868739,0
24603,1.492877738883368,0
24604,1.3138978247021207,0
24605,0.6559048411992648,0
24606,1.7508504811237098,0
24607,1.9627541410695388,0
24608,1.8770894287587259,0
24609,0.3850790935718085,0
24610,0.7704293344496899,0
24611,0.9690089872512085,0
24612,0.6575392358300347,0
24613,0.7453318045321172,0
24614,0.728845826172743,0
24615,0.6583614023349729,0
24616,1.058708787668089,0
24617,1.2696105337277446,0
24618,0.38781055850017293,0
24619,2.445157652303683,0
24620,0.2943959656118185,0
24621,0.4307261860896366,0
24622,0.871786723251055,0
24623,0.5568115406147768,0
24624,1.6635550197552242,0
24625,1.9068741466397958,0
24626,0.4468818901907422,0
24627,0.7396020231086636,0
24628,1.402952656166653,0
24629,0.694597406590528,0
24630,1.3450649699559942,0
24631,0.35066588541495675,0
24632,1.2461359852298584,0
24633,4.318982312880163,1
24634,2.7791886861732444,0
24635,2.659088004176646,0
24636,1.3742476680880638,0
24637,1.2706777672926945,0
24638,2.2983058820960434,0
24639,0.39288141945242216,0
24640,0.31746532109474795,0
24641,0.5697324853390798,0
24642,4.409978395392258,1
24643,0.9749876807478104,0
24644,0.791754993718578,0
24645,1.0799117941304401,0
24646,1.1971285896568171,0
24647,0.5637164922732368,0
24648,1.8820062049480202,0
24649,0.5063849416016991,0
24650,0.8007165339893729,0
24651,1.836971504345592,0
24652,1.055645347412497,0
24653,2.8870086720701624,0
24654,0.7109325545471145,0
24655,0.7653612411515739,0
24656,2.1418219951774717,0
24657,0.7143123145098336,0
24658,1.6882953558492793,0
24659,1.2148571969257016,0
24660,0.4557946739210163,0
24661,0.6977014743424843,0
24662,1.3752061158246385,0
24663,1.6998258324443902,0
24664,2.0836442380057965,0
24665,1.4805622606017854,0
24666,2.0381087064362884,0
24667,0.31304120636058674,0
24668,0.30232575674578377,0
24669,2.0774294777186357,0
24670,4.8799545947526335,1
24671,0.7204794422685823,0
24672,0.8268976830616313,0
24673,0.8040006462497701,0
24674,2.0398799484865564,0
24675,2.287566805397255,0
24676,1.7757400948551936,0
24677,2.0844431866466047,0
24678,1.089122549466263,0
24679,1.7151914828392998,0
24680,1.1917725666298453,0
24681,0.9709459587544923,0
24682,1.3508503374873297,0
24683,1.7506478047462757,0
24684,1.0900656745285147,0
24685,0.5993429788912883,0
24686,15.326365063917187,1
24687,1.4499838404706806,0
24688,1.549925121305274,0
24689,1.3752238251750826,0
24690,1.2955992663025209,0
24691,0.6166365792300057,0
24692,2.3056421450088567,0
24693,1.411760654354349,0
24694,1.2349196139579486,0
24695,1.6344384968249637,0
24696,0.30836381843016986,0
24697,1.2951324317353026,0
24698,1.285028562965759,0
24699,2.3180351653540714,0
24700,1.0927868630051103,0
24701,0.9835179326470408,0
24702,0.9293813528628492,0
24703,1.3680568695139919,0
24704,1.1809623602734753,0
24705,3.6922328507944444,1
24706,0.5337688431529485,0
24707,2.4273499681819906,0
24708,1.30891465223133,0
24709,1.1836886411645267,0
24710,0.4475407223838176,0
24711,2.2188642452263125,0
24712,1.3009789283707245,0
24713,0.8431417408747938,0
24714,1.4958099147923312,0
24715,2.6319777966769085,0
24716,1.544104571311489,0
24717,0.9969048008756727,0
24718,1.0858173792968915,0
24719,1.6872471821266257,0
24720,0.645896137441214,0
24721,2.1631639692265017,0
24722,1.3624613751094625,0
24723,2.1779166770776834,0
24724,0.911823517383862,0
24725,1.1616622326772048,0
24726,1.0500742260957443,0
24727,2.3725279266568235,0
24728,1.1895303362679357,0
24729,1.817410125292998,0
24730,1.8527537617402532,0
24731,5.956324380346172,1
24732,1.3897075852750145,0
24733,1.8022487254751076,0
24734,1.108386593282559,0
24735,0.8532310591926546,0
24736,1.416686612174051,0
24737,0.6152575687057469,0
24738,0.6444042956417488,0
24739,0.8678896571122188,0
24740,1.7893660369473907,0
24741,1.4089757884880847,0
24742,4.462572270643964,1
24743,0.338002087183775,0
24744,0.5329814206401182,0
24745,1.5947563368619062,0
24746,2.4789988461773245,0
24747,1.0254280203428816,0
24748,0.9353719823944693,0
24749,1.147939497617552,0
24750,2.112747076054677,0
24751,0.4607609429330633,0
24752,1.3295702256608493,0
24753,0.5996844835374062,0
24754,1.119882132083013,0
24755,1.3417420185298237,0
24756,0.9366463647558252,0
24757,1.8965777970218725,0
24758,2.3746484452818657,0
24759,2.6147587796076976,0
24760,1.5669078466565043,0
24761,0.5798775379066066,0
24762,2.487682164385663,0
24763,2.4378340237124174,0
24764,1.6418895190094949,0
24765,2.581536093649991,0
24766,2.8902565082594314,0
24767,1.1456920042960264,0
24768,1.1109590958245026,0
24769,0.8277794770688077,0
24770,1.6514439456944965,0
24771,0.8760296531234871,0
24772,1.2328433648967339,0
24773,1.5948369697710187,0
24774,1.2547978398807207,0
24775,1.3597743986318813,0
24776,1.0794739290647273,0
24777,2.1469560681713404,0
24778,5.3567351047847955,1
24779,0.5857035295717828,0
24780,1.0578095969077377,0
24781,1.3278647609115053,0
24782,0.5597442504566346,0
24783,2.3371858254644655,0
24784,1.7850203749702775,0
24785,0.9305124350138,0
24786,0.394308910349469,0
24787,0.7497812464480188,0
24788,0.3167984461188846,0
24789,0.43255342099165645,0
24790,0.6937828030526864,0
24791,2.145085659012213,0
24792,0.5361513283372201,0
24793,2.6438782670781227,0
24794,1.2053447150737873,0
24795,2.7697641317410837,0
24796,1.6284535268041387,0
24797,1.7005059952197652,0
24798,1.7943892482796884,0
24799,3.115786793897445,1
24800,0.6184588107645664,0
24801,1.5996575043807946,0
24802,0.4939305897957557,0
24803,1.780031145597565,0
24804,1.0343597254993655,0
24805,1.0661950913690967,0
24806,1.3498785327212113,0
24807,1.4372971514590869,0
24808,1.6780929413291317,0
24809,1.2508624319304789,0
24810,1.1556009672210323,0
24811,0.6231851225970985,0
24812,1.2051274456816625,0
24813,0.3690292996668732,0
24814,0.4166285343992128,0
24815,1.1583644992870994,0
24816,1.515206479029419,0
24817,1.1521847846239412,0
24818,1.4590443665736892,0
24819,0.7429307368737817,0
24820,0.5516702462566061,0
24821,0.7445025795685555,0
24822,0.46764241065309675,0
24823,1.5056718069498352,0
24824,3.562280033711382,1
24825,2.0404133396918285,0
24826,0.8493062728703747,0
24827,0.9588940260066293,0
24828,1.3104346633760284,0
24829,0.786504196788237,0
24830,0.3338693818446625,0
24831,0.5040814130212109,0
24832,0.8906858666376916,0
24833,0.8103262251588151,0
24834,2.59010378712141,0
24835,0.47737142111650405,0
24836,0.71024410031099,0
24837,0.41953390217483005,0
24838,1.2649708174075533,0
24839,0.26466640283216125,0
24840,0.6907645116309116,0
24841,2.011353288983549,0
24842,8.053730801524143,1
24843,3.1225534280347507,1
24844,1.6552945522976077,0
24845,0.46748898320883636,0
24846,0.2936008993757204,0
24847,5.4357981262333634,1
24848,1.2081428665407634,0
24849,1.7298972064200764,0
24850,1.7588584110664633,0
24851,1.8141056514423732,0
24852,1.4779461326942493,0
24853,2.5616558901081685,0
24854,0.35162436259110863,0
24855,1.071250078263177,0
24856,3.799448174192228,1
24857,2.144154432664936,0
24858,1.2440084751299523,0
24859,1.140617716173189,0
24860,1.3596782748744727,0
24861,0.8721500539794491,0
24862,0.5143708950432748,0
24863,1.0610153083569585,0
24864,0.8310538791153537,0
24865,1.8667086900563954,0
24866,1.095444756715526,0
24867,1.018098655118402,0
24868,1.2336994223276287,0
24869,1.2904138193776074,0
24870,0.9938490419700804,0
24871,1.5087220382917808,0
24872,0.5021381406809868,0
24873,0.6234087113742486,0
24874,2.577441311920526,0
24875,2.505276928281667,0
24876,2.340208234883991,0
24877,3.1687870425023945,1
24878,2.198713410372172,0
24879,3.1156251600060068,1
24880,1.1640519856202074,0
24881,0.7960723360646625,0
24882,1.5894341746866223,0
24883,1.6613702790722538,0
24884,2.0196275806419512,0
24885,1.2031098027851235,0
24886,2.346889067333071,0
24887,1.8287116085485429,0
24888,1.526341946480686,0
24889,2.434661161395684,0
24890,3.5102799668344153,1
24891,0.9661689916754521,0
24892,1.1924447931502398,0
24893,0.7687361811890893,0
24894,2.5212886699657613,0
24895,0.506780538756811,0
24896,0.6264807990457951,0
24897,0.5339007042593117,0
24898,1.278505888209163,0
24899,1.3639324074824357,0
24900,0.8621777878503613,0
24901,4.755887619024068,1
24902,1.7104538546985646,0
24903,1.098123346072483,0
24904,0.6334427170344125,0
24905,1.3776348628901727,0
24906,2.1350623045550967,0
24907,2.1113273250642135,0
24908,0.8673223666005568,0
24909,2.717016402348757,0
24910,1.1390646457456834,0
24911,0.8735770539521553,0
24912,1.321182730150848,0
24913,1.669805851364373,0
24914,2.1293708049687257,0
24915,2.2557732339924144,0
24916,1.2272117499735586,0
24917,0.3157046396222906,0
24918,1.2421813678904166,0
24919,1.5563898947198118,0
24920,13.151889084784226,1
24921,0.41594246122035294,0
24922,1.089053917788114,0
24923,1.1648374702517557,0
24924,0.9429987117271271,0
24925,0.40035076880189585,0
24926,0.8119981624336317,0
24927,0.4193598308948693,0
24928,0.9923728909317355,0
24929,2.172514299155503,0
24930,0.915024969799244,0
24931,0.4730040812100324,0
24932,0.8884397481376174,0
24933,0.9107109836415664,0
24934,1.0508178794995946,0
24935,2.1432152268804088,0
24936,0.7508871135770935,0
24937,2.7271141121549904,0
24938,1.901249822465897,0
24939,0.8359850759720312,0
24940,1.3475697178847275,0
24941,1.7790123583675883,0
24942,1.9278784258446828,0
24943,3.069367502867153,1
24944,0.5112559925653808,0
24945,1.3474556599370469,0
24946,0.6785204806061799,0
24947,0.9279726561818832,0
24948,2.2385226874168938,0
24949,1.0963072865189971,0
24950,1.765773742045368,0
24951,0.5923956776754549,0
24952,1.177929848500738,0
24953,0.36004239976382035,0
24954,0.8252533917127404,0
24955,2.385195950686468,0
24956,1.5704479133041898,0
24957,0.8604416486871731,0
24958,0.6807661530748931,0
24959,1.7489544066565694,0
24960,0.8546902269368796,0
24961,0.598723932532483,0
24962,1.2101680307390075,0
24963,2.129556222820412,0
24964,0.2900595029413587,0
24965,0.3950316391258323,0
24966,1.833929086201413,0
24967,2.0106212821574996,0
24968,1.8535999631919944,0
24969,1.0696488441504362,0
24970,1.2670455997047716,0
24971,1.0287731812160292,0
24972,1.2603529414938073,0
24973,1.1596690222565484,0
24974,0.9219448958921329,0
24975,0.3904928227600928,0
24976,1.94951815527924,0
24977,1.990808341863338,0
24978,5.89853866361462,1
24979,0.5412468316259414,0
24980,1.6457167561494874,0
24981,0.35327578266153825,0
24982,1.6916998135703962,0
24983,1.1985883005748912,0
24984,1.7674425154315108,0
24985,1.4449260995141997,0
24986,1.0489230389783015,0
24987,0.7806058627032777,0
24988,1.2960447231022543,0
24989,1.3164708600521136,0
24990,0.9505994999917319,0
24991,0.9966788263822011,0
24992,1.9158294913397846,0
24993,1.7127423271895854,0
24994,0.4418943557752558,0
24995,2.3241831527764334,0
24996,1.8398486685313626,0
24997,2.586558795459325,0
24998,0.6495130060740668,0
24999,1.5526889658236596,0
25000,1.630196660740161,0
25001,5.7160174508634345,1
25002,0.48629617742273135,0
25003,1.3741107746273393,0
25004,0.5354224026291108,0
25005,2.211683679334615,0
25006,2.0053546877045543,0
25007,1.7027774888768048,0
25008,3.164085113275741,1
25009,2.1563569271392513,0
25010,1.447130048560345,0
25011,0.8834175199397646,0
25012,0.889414575162642,0
25013,7.914178915213398,1
25014,0.44473407344588634,0
25015,2.412718531680397,0
25016,1.2750243488579194,0
25017,1.8992566180905939,0
25018,1.1396186825523726,0
25019,1.240444331874327,0
25020,1.188133654003469,0
25021,1.1643772796107632,0
25022,0.9063031799534439,0
25023,1.4763417243049328,0
25024,1.3262525797686258,0
25025,1.8106175846443,0
25026,1.1837859580591619,0
25027,2.7205886136213815,0
25028,1.5816819518029033,0
25029,2.4167074291654327,0
25030,1.5480796087234083,0
25031,0.7843066083654886,0
25032,1.018999121576731,0
25033,0.35652915557570347,0
25034,2.1709390528714283,0
25035,0.8141622632815135,0
25036,1.0833648223342616,0
25037,1.030698663117082,0
25038,2.479935343324842,0
25039,1.366766738089774,0
25040,0.9818647712395077,0
25041,1.1862548831520316,0
25042,2.1781419427525206,0
25043,2.2251986537674355,0
25044,1.19341214645833,0
25045,0.9256377566679979,0
25046,2.420994133471114,0
25047,1.916521293880209,0
25048,3.5722008621949106,1
25049,1.1151090623901003,0
25050,1.8941362380241566,0
25051,4.3859520566692884,1
25052,0.3767477439910187,0
25053,2.3787858161072903,0
25054,1.079818221095402,0
25055,2.69504562875966,0
25056,2.9486287217984852,0
25057,0.8839920905512992,0
25058,1.2037769568511947,0
25059,2.0341099655148094,0
25060,2.7590349781462655,0
25061,2.2615400216521655,0
25062,1.922140469548005,0
25063,0.5037761433413674,0
25064,0.9831909737569996,0
25065,1.0047525942909474,0
25066,0.4201961761044775,0
25067,2.0911320682096375,0
25068,1.421797957124072,0
25069,1.6063947970938348,0
25070,1.5234225112582196,0
25071,1.377226399663191,0
25072,0.5217005914030507,0
25073,0.8876201279303718,0
25074,0.35462876999484977,0
25075,2.5869710948490106,0
25076,1.1491099706101948,0
25077,0.8002635297730446,0
25078,0.9893631536770104,0
25079,1.417984324463087,0
25080,1.392233759835386,0
25081,1.6469484951258913,0
25082,1.0093993198242928,0
25083,1.2682976995522646,0
25084,2.7487028000121065,0
25085,0.3906782800788932,0
25086,1.8199066075625272,0
25087,1.7056774244880457,0
25088,2.5436266146080824,0
25089,2.395148892964512,0
25090,3.519314149667418,1
25091,1.4087873548922367,0
25092,0.5557514868250224,0
25093,0.7756177047593842,0
25094,7.881768929533731,1
25095,1.0473353069694318,0
25096,1.6875137166819307,0
25097,1.3180207698385213,0
25098,3.7526509971855755,1
25099,2.6302000002996104,0
25100,1.634161744602515,0
25101,2.0698659361320093,0
25102,1.4631157133051658,0
25103,2.1692392656561736,0
25104,0.9726257869195051,0
25105,0.8887944069010649,0
25106,1.5453941715418151,0
25107,0.4022179439892859,0
25108,1.3423580219566453,0
25109,1.0285179615582183,0
25110,1.6212236600628127,0
25111,1.3685756480472417,0
25112,1.083359834176606,0
25113,0.4928798450842953,0
25114,2.62400759866445,0
25115,0.3891197738662728,0
25116,1.3948154154368673,0
25117,0.684779716502211,0
25118,1.80280906026005,0
25119,1.6404959008523086,0
25120,1.1516084246877014,0
25121,2.1933262549321655,0
25122,3.651787579192993,1
25123,4.965754857374595,1
25124,1.0887015327596017,0
25125,1.7681548090718762,0
25126,2.5046656517913477,0
25127,0.6792310259971571,0
25128,1.3169135918396113,0
25129,2.022476323183098,0
25130,1.4923638084290576,0
25131,1.2748916225168037,0
25132,3.398155900493958,1
25133,1.107831969869529,0
25134,0.5836321266275102,0
25135,1.77697272902155,0
25136,2.031569238252689,0
25137,1.927057371961097,0
25138,1.101082699189884,0
25139,1.1908406294215128,0
25140,0.9530707635592479,0
25141,2.2953769375450586,0
25142,3.05060919590442,0
25143,4.212851958081317,1
25144,0.7482954271906853,0
25145,0.8025100224315135,0
25146,3.9153651385375428,1
25147,2.93847884490781,0
25148,0.6622979010915948,0
25149,1.522789613835163,0
25150,0.5221670857980701,0
25151,1.1803315697131325,0
25152,0.5119769599333686,0
25153,0.5876606871298999,0
25154,0.8944110946954467,0
25155,0.7487354168933599,0
25156,0.5961526552096328,0
25157,1.757560653458675,0
25158,2.155494198526856,0
25159,2.57870691284577,0
25160,0.515741364802122,0
25161,0.27476530115413145,0
25162,1.2793448154447267,0
25163,0.5818949489802212,0
25164,0.8559498443672805,0
25165,0.27842502354398146,0
25166,1.3686049637355802,0
25167,1.109801900259534,0
25168,0.3362821594643914,0
25169,2.2818082457556503,0
25170,1.1630370670053964,0
25171,0.2863972408678766,0
25172,1.1105560480268095,0
25173,0.33415964269823334,0
25174,0.9048593192103371,0
25175,1.2771195818787495,0
25176,0.9318155305537651,0
25177,2.1316139062086146,0
25178,0.2860158727176378,0
25179,1.5293687791644757,0
25180,1.0963017508527737,0
25181,1.147473791935128,0
25182,1.2628919861860686,0
25183,0.34730381327122295,0
25184,0.22245152621057654,0
25185,1.028701047697595,0
25186,0.20301312059090132,0
25187,0.24904274471990911,0
25188,1.8009636698980043,0
25189,0.3137109379066159,0
25190,1.0292681997898199,0
25191,0.6182343126953046,0
25192,1.8239595496414007,0
25193,0.31794724119199635,0
25194,0.4932602321122727,0
25195,1.5977564961649273,0
25196,0.4703538761897195,0
25197,0.39759324760853393,0
25198,1.150568507963018,0
25199,1.1930929841322775,0
25200,0.5164167523033356,0
25201,0.17976170362585667,0
25202,0.9064961581248459,0
25203,1.0037017692629806,0
25204,0.673594351464312,0
25205,0.6883915899357936,0
25206,1.6805572016007404,0
25207,0.5621503885026101,0
25208,0.44710796219941795,0
25209,0.1372386696426578,0
25210,0.8739001250568662,0
25211,0.36049770774740736,0
25212,1.5451826140383245,0
25213,0.5632085943070241,0
25214,0.9669714351789285,0
25215,0.1365113155955588,0
25216,0.43755611244784837,0
25217,0.33123555035712804,0
25218,0.27006019779189927,0
25219,1.530278632561966,0
25220,1.3370464455098132,0
25221,0.7820237782731014,0
25222,0.8176512385041864,0
25223,1.6788519010494594,0
25224,2.824462289863224,0
25225,1.1399385964811537,0
25226,0.8030386675217139,0
25227,0.41541345642693034,0
25228,0.1630123913646116,0
25229,0.5610035027873005,0
25230,0.15661033001326202,0
25231,1.102545263566419,0
25232,1.4799598193766945,0
25233,1.3010954571467628,0
25234,0.7062231265666216,0
25235,2.1381947720174423,0
25236,1.4241179406487194,0
25237,1.207899647390019,0
25238,1.0839344821047951,0
25239,0.2969527275233876,0
25240,1.4634143070671086,0
25241,0.8678800407923165,0
25242,1.0423851717867199,0
25243,0.9269370531768021,0
25244,1.4529064697092973,0
25245,1.266409224001381,0
25246,0.5016306869570889,0
25247,0.6916130765918195,0
25248,2.2753424348805225,0
25249,0.33509721389572555,0
25250,1.147261694138648,0
25251,0.6421414588867947,0
25252,0.7882813896603326,0
25253,0.2862967565837081,0
25254,1.6803562691141924,0
25255,0.6248201827704032,0
25256,0.38464348474531806,0
25257,1.1367841305143551,0
25258,0.5667233355592131,0
25259,0.5414905324240409,0
25260,1.1316030662816001,0
25261,1.1766050423528858,0
25262,0.7922027928144321,0
25263,0.1279129935944314,0
25264,0.6978987340371068,0
25265,0.4374088000649948,0
25266,1.1283732702353342,0
25267,0.1680425127864229,0
25268,0.6617269924995824,0
25269,0.2584814205813167,0
25270,1.6098011076485095,0
25271,2.076455723623742,0
25272,1.322941612606462,0
25273,0.17143187005317853,0
25274,1.6479785963034095,0
25275,0.21461456290323142,0
25276,1.1660600463322586,0
25277,0.8926169817775611,0
25278,0.5218915371645568,0
25279,0.7731139205070442,0
25280,1.890840723294207,0
25281,1.1671578596107082,0
25282,0.5879873454772783,0
25283,1.3168527538326995,0
25284,0.5260373173258207,0
25285,0.9999475361976419,0
25286,1.005174082148836,0
25287,2.150632409818033,0
25288,0.24204415862197023,0
25289,1.0720526239132748,0
25290,0.8463943748149294,0
25291,0.3173669380577491,0
25292,0.7177301508994852,0
25293,0.406049272654023,0
25294,0.9423474508312975,0
25295,0.23986865429907894,0
25296,0.5642381567504205,0
25297,0.38527276840155833,0
25298,0.9219961524170547,0
25299,0.2505519041765285,0
25300,0.2382577471876931,0
25301,0.7193209254987983,0
25302,1.2579429701795906,0
25303,0.5044376443261815,0
25304,0.4257309570184246,0
25305,1.0573403294890937,0
25306,1.943915034984414,0
25307,0.25183018480466707,0
25308,2.444571170572873,0
25309,0.8715879592964144,0
25310,1.0083447233675238,0
25311,1.3006064405646898,0
25312,1.7303872713888082,0
25313,1.809548691609842,0
25314,0.2707639250068322,0
25315,0.45680457168926897,0
25316,0.9489444850339163,0
25317,0.5076171277547662,0
25318,0.8820775866733688,0
25319,0.7979117953557819,0
25320,1.2681290768841296,0
25321,0.6133624221236381,0
25322,0.5666301847287938,0
25323,0.4387205530999623,0
25324,1.132134296123094,0
25325,2.006966004109023,0
25326,0.2954958648835649,0
25327,1.5353174572999266,0
25328,0.5403482254721848,0
25329,0.7634712335662909,0
25330,0.6450258589783356,0
25331,0.25817039958338783,0
25332,5.2222576894260095,1
25333,1.0998717797949815,0
25334,0.7408975029329106,0
25335,0.9188371389879663,0
25336,0.31809554926496797,0
25337,1.276544669049142,0
25338,0.4914509815128381,0
25339,1.7676142601281148,0
25340,0.6421844260584113,0
25341,1.2796529468991586,0
25342,0.31072790714627413,0
25343,2.259057337612693,0
25344,0.652415721430332,0
25345,0.3157801831635768,0
25346,1.2100566581837024,0
25347,0.7026460868634256,0
25348,0.34088570674302954,0
25349,0.27004069237819406,0
25350,0.875219959830983,0
25351,1.2773800634003654,0
25352,0.4671440806302419,0
25353,2.2874447616394695,0
25354,0.8064879077836037,0
25355,0.12370800121913793,0
25356,0.4627958570835254,0
25357,0.9243830537781632,0
25358,1.1845654502692764,0
25359,0.9289244092002885,0
25360,1.0737047430898252,0
25361,0.46419059447670097,0
25362,0.25099946578337723,0
25363,0.848434394326861,0
25364,0.310370976371509,0
25365,0.7951242932057638,0
25366,0.37236478827266095,0
25367,1.2360150274776545,0
25368,0.30935805848048414,0
25369,1.6375538677171197,0
25370,0.796291239350414,0
25371,1.7189838732059675,0
25372,0.4380659830275525,0
25373,1.5236183651616113,0
25374,0.6553341690507464,0
25375,0.29633014344676245,0
25376,1.537088426948398,0
25377,1.3404049641461406,0
25378,2.3764547167386545,0
25379,0.49109655363114796,0
25380,0.6757600438477936,0
25381,1.208122023479991,0
25382,0.601631272424697,0
25383,0.9664092559012933,0
25384,1.8466751580292962,0
25385,0.6670208251218324,0
25386,1.0057421004325953,0
25387,3.4336540626507204,1
25388,0.3238852227192609,0
25389,2.5258379528154933,0
25390,1.0707694840132254,0
25391,0.45424221247754826,0
25392,0.9531777905245912,0
25393,0.9576723653735707,0
25394,0.12400266554917114,0
25395,1.3058657647903256,0
25396,0.6309466750590167,0
25397,2.066060884532649,0
25398,0.8735379244737943,0
25399,0.3594669010398853,0
25400,0.5680615146415046,0
25401,0.7170033802233039,0
25402,0.5374414570675646,0
25403,0.33331556473803714,0
25404,0.6904345035065985,0
25405,1.8062354319004679,0
25406,0.3021038101322253,0
25407,1.338089332953784,0
25408,1.20735846829671,0
25409,1.1493505680058622,0
25410,1.9305567626565643,0
25411,1.5590612169524727,0
25412,0.39654088910705254,0
25413,0.35818328002756794,0
25414,1.5765923165762183,0
25415,0.7697455553892744,0
25416,0.5798593068295015,0
25417,4.033455198632593,1
25418,0.39002135687176176,0
25419,0.3048524258012967,0
25420,1.7529626097798983,0
25421,0.767482320816635,0
25422,1.9906077158203883,0
25423,1.0862571500864637,0
25424,0.211385150251727,0
25425,0.24016984597919003,0
25426,1.1438739686420454,0
25427,0.8821330010380449,0
25428,1.6946423893493627,0
25429,0.30892606165446873,0
25430,2.066076511832084,0
25431,5.078893307225772,1
25432,0.3913546291295073,0
25433,2.3701015434042705,0
25434,0.8877852872632438,0
25435,1.1290661826917718,0
25436,1.3932739892913717,0
25437,2.876020072301537,0
25438,1.3127034040312997,0
25439,0.44466243208013856,0
25440,0.9938270662714639,0
25441,0.7304811073481843,0
25442,0.33403327321386794,0
25443,0.9199907538854829,0
25444,1.743817735580185,0
25445,0.2943145258227646,0
25446,0.2901417181708211,0
25447,1.3607138601869384,0
25448,0.5221241108514063,0
25449,2.338080336496225,0
25450,0.7660131767173958,0
25451,0.8666425111824287,0
25452,1.1436368816675673,0
25453,1.7582895375245262,0
25454,0.6040343590012275,0
25455,0.3682862758913697,0
25456,1.5331196903903614,0
25457,1.2162852478591342,0
25458,2.9656243724915234,0
25459,1.9309940296621708,0
25460,1.3599863740498968,0
25461,0.3552562345238695,0
25462,1.0527962963139799,0
25463,0.2289898876024247,0
25464,0.37715627086157666,0
25465,1.0372381069845276,0
25466,0.3729648267869346,0
25467,1.0648628959551165,0
25468,0.4408317410741131,0
25469,1.8213725016885227,0
25470,1.5650202616058047,0
25471,2.0534699807965144,0
25472,0.7502657225443564,0
25473,3.3449081800147553,1
25474,0.5023919740903058,0
25475,0.25421645652116315,0
25476,2.1705943395049547,0
25477,0.5734100407849688,0
25478,0.6882189582429085,0
25479,1.3054726031894186,0
25480,1.3419301013191494,0
25481,1.1691518995192254,0
25482,1.7610774191887049,0
25483,0.5212974374009791,0
25484,1.1257031969852591,0
25485,0.5057514151184644,0
25486,1.1266627895061438,0
25487,0.7059707004445611,0
25488,0.9356792940113026,0
25489,0.42000462657697263,0
25490,0.5784224638414773,0
25491,1.3205848412139605,0
25492,1.174427081872245,0
25493,2.774079064518793,0
25494,0.32004583885412063,0
25495,0.47785523502723765,0
25496,1.6958757659564987,0
25497,2.0391591996263854,0
25498,0.5708989958671862,0
25499,1.8038820816887264,0
25500,2.117288890391019,0
25501,0.8453806340346814,0
25502,0.9102653850834002,0
25503,1.0083372163594564,0
25504,0.7226155447865529,0
25505,0.4389450072352592,0
25506,0.5059543493418289,0
25507,3.663417827719856,1
25508,0.8371990000348087,0
25509,0.3164964651566494,0
25510,1.1464949099411383,0
25511,0.10884881131224769,0
25512,0.18788760101347865,0
25513,0.4202676443598952,0
25514,1.5408896291945402,0
25515,0.39348467363286643,0
25516,0.34237654442140875,0
25517,0.7311082811912458,0
25518,0.6977377425356652,0
25519,3.9232230652981435,1
25520,0.31998565545296326,0
25521,0.9048487148901107,0
25522,0.5721439253929151,0
25523,0.32811649620017685,0
25524,0.8643109991826975,0
25525,2.0091049999208734,0
25526,2.076638844141749,0
25527,2.127375439231528,0
25528,1.053896848951984,0
25529,1.047768692869985,0
25530,0.7146846756030348,0
25531,0.30557492824788235,0
25532,0.6049887238597935,0
25533,1.6575344989707212,0
25534,0.27946100429904924,0
25535,1.6136278862803919,0
25536,0.872660325002888,0
25537,2.66182535270726,0
25538,1.206604683672795,0
25539,0.33431088840352846,0
25540,2.334513594086088,0
25541,0.39331786171091426,0
25542,0.6700423855728262,0
25543,0.5549989615252754,0
25544,0.5141140702567851,0
25545,0.44336607869058897,0
25546,0.6935394361630969,0
25547,1.4114836530041444,0
25548,0.9366557656467495,0
25549,2.414588447178621,0
25550,2.0138418174510373,0
25551,1.7058139218240582,0
25552,1.3055145514868485,0
25553,1.0398444757977268,0
25554,1.900017371075902,0
25555,1.1023923409134844,0
25556,0.3034265335770715,0
25557,1.8959729061427297,0
25558,0.6989621485104794,0
25559,0.7684346293655344,0
25560,1.5144586718035271,0
25561,0.9105030611558661,0
25562,1.7249859942407424,0
25563,1.726676388850143,0
25564,2.748859278146897,0
25565,0.3384745812199698,0
25566,0.6118668790019112,0
25567,4.140594886887095,1
25568,1.0399673913371585,0
25569,1.1093409862862758,0
25570,0.9988061087161952,0
25571,0.5471547895539356,0
25572,1.4163168837500086,0
25573,0.4329561663870051,0
25574,1.1704418332163626,0
25575,3.91427216230051,1
25576,0.9692763923469457,0
25577,0.4337668739724426,0
25578,0.9140797315617019,0
25579,0.6182018956479414,0
25580,1.5662159209722994,0
25581,1.753023432551483,0
25582,0.8386578554749594,0
25583,3.661730641867872,1
25584,0.8882245339063926,0
25585,0.4433872126275721,0
25586,2.132184672720127,0
25587,1.7063946199209274,0
25588,0.4439968870329157,0
25589,2.0229678523075667,0
25590,1.69309967567818,0
25591,1.8761449818167655,0
25592,1.0007575565131397,0
25593,0.5604471041536286,0
25594,0.7733442956396104,0
25595,0.7787585525840517,0
25596,4.513722197943564,1
25597,0.40240804934915897,0
25598,0.9920383352130949,0
25599,1.1653956388993223,0
25600,2.510049254554365,0
25601,3.7222083949675135,1
25602,0.5958496702032084,0
25603,0.2581855885809021,0
25604,1.1340522143610374,0
25605,0.597565822668924,0
25606,1.9150117203651702,0
25607,1.4827374740394494,0
25608,0.4419010743179922,0
25609,0.21169948476068148,0
25610,0.9755634744590033,0
25611,0.543018860005898,0
25612,0.5604079512653801,0
25613,0.6799099606397707,0
25614,1.1888214063273395,0
25615,0.4656206786901648,0
25616,1.4852124616610445,0
25617,1.0736215138112695,0
25618,1.027240979431953,0
25619,1.138394669196677,0
25620,0.3369287467402697,0
25621,0.5782071382651093,0
25622,1.7467398772171019,0
25623,3.2892248779829245,1
25624,0.7526432572738513,0
25625,2.9473801383096103,0
25626,1.2148534252811123,0
25627,0.7257556765274057,0
25628,2.011148094569849,0
25629,1.0713394571682726,0
25630,0.6243314147907519,0
25631,1.5359541621013255,0
25632,1.6179448796063804,0
25633,0.6201110421930487,0
25634,0.34791418021248277,0
25635,0.29145524155294583,0
25636,1.7033177396058077,0
25637,1.2079539150089822,0
25638,0.5971965679720483,0
25639,0.35100045777877154,0
25640,2.310427474874919,0
25641,1.8286802695808646,0
25642,0.3675473698646677,0
25643,1.615141764537127,0
25644,0.37190596016037625,0
25645,0.9318019406153714,0
25646,2.8090157566339333,0
25647,0.8245493046677628,0
25648,1.4821786043973977,0
25649,0.39619520488658433,0
25650,3.6846749589596937,1
25651,0.6623719163462815,0
25652,0.24979187631998942,0
25653,0.18899751856560906,0
25654,0.19724796262060806,0
25655,1.364727713629314,0
25656,0.4680318253969169,0
25657,0.23889047744628467,0
25658,0.5892086203157135,0
25659,1.115115565328127,0
25660,0.24890783425455398,0
25661,1.2408803747841726,0
25662,0.38239981467185635,0
25663,1.504328219373401,0
25664,1.063106776503565,0
25665,1.4942987850233878,0
25666,0.5766349497954951,0
25667,0.2049034455383552,0
25668,0.9190078580758808,0
25669,1.5354167450681886,0
25670,0.4213755524144302,0
25671,1.2147443814633365,0
25672,1.4624038441893032,0
25673,1.1328163269179945,0
25674,0.43272391011657185,0
25675,0.6273718135222737,0
25676,1.344618049890525,0
25677,2.467030375746268,0
25678,0.6109228299976055,0
25679,0.5244716460063295,0
25680,1.401041918082201,0
25681,0.8790693763655199,0
25682,2.1614084190682012,0
25683,1.3464580992156436,0
25684,0.7049159496953551,0
25685,4.594493425693573,1
25686,1.4816772688190183,0
25687,0.8605381252719245,0
25688,1.9683776320162019,0
25689,3.4644179314817913,1
25690,0.5382684803732546,0
25691,1.5007184710316968,0
25692,2.7071683815611736,0
25693,1.1901889637665635,0
25694,1.2269187171500961,0
25695,2.124701982046387,0
25696,0.7313144359557886,0
25697,0.3021085176115566,0
25698,0.5690144414755308,0
25699,0.4106603365514169,0
25700,1.0831105504863199,0
25701,1.8846464954601108,0
25702,1.6339049607291178,0
25703,0.7585010818667445,0
25704,1.7921391763074823,0
25705,1.057177947561507,0
25706,1.7961457852240723,0
25707,2.105475598593292,0
25708,0.8886586758707088,0
25709,0.35545879546221026,0
25710,0.3540575621311348,0
25711,1.0291331420253036,0
25712,1.146807539935202,0
25713,0.4343192580781148,0
25714,0.9856730756295118,0
25715,1.8841811445030667,0
25716,1.0011271239513457,0
25717,0.6592742917631845,0
25718,2.227089639173472,0
25719,0.5476657338183016,0
25720,1.3223479089413923,0
25721,0.7564219263704487,0
25722,1.0442075703168665,0
25723,0.7927338848303186,0
25724,0.19012495583181913,0
25725,2.1723364783331265,0
25726,2.1763975897705476,0
25727,3.288871309192158,1
25728,1.2789728616357832,0
25729,0.5703764838495979,0
25730,1.2195122034802295,0
25731,29.65243394706655,1
25732,0.8374432285096318,0
25733,0.362935830515873,0
25734,0.9456921796966359,0
25735,0.5897580800763554,0
25736,0.9910060720925693,0
25737,0.5705246267896591,0
25738,1.2821720244508603,0
25739,0.6542373099768156,0
25740,2.3305182239257203,0
25741,1.4314820705944582,0
25742,0.8190676976872201,0
25743,1.5582637376449537,0
25744,0.6268299695695175,0
25745,1.8922072033591248,0
25746,0.9245061620762339,0
25747,1.5294549882369524,0
25748,1.2973180248683112,0
25749,0.6533392648262181,0
25750,1.5361412307873872,0
25751,1.4117623061861977,0
25752,1.6105713371981634,0
25753,1.0362298232075327,0
25754,2.3079234713538,0
25755,0.7170240228259331,0
25756,0.7189519688098375,0
25757,0.9462865449875065,0
25758,2.336234498475406,0
25759,0.37610561362938555,0
25760,1.0974724976772683,0
25761,0.7158034217011592,0
25762,3.9017492738265216,1
25763,1.6911893016877273,0
25764,0.9835429750495414,0
25765,0.638778236084863,0
25766,3.570070179225946,1
25767,2.234106784503535,0
25768,2.407942828201746,0
25769,1.041628913581746,0
25770,1.3518515064528285,0
25771,3.7715856123952056,1
25772,1.070066844348639,0
25773,1.3228028936804135,0
25774,1.352744221442557,0
25775,0.8976651378358613,0
25776,0.4267557909591986,0
25777,1.5671765500708854,0
25778,1.446774772240258,0
25779,0.8135970309658742,0
25780,1.0033315947482737,0
25781,1.3829045644033235,0
25782,0.9666009157206301,0
25783,1.4590547413606487,0
25784,1.1749194469779056,0
25785,0.6750695806369335,0
25786,0.5975445619572445,0
25787,1.2296521354408652,0
25788,0.41730863332167123,0
25789,0.9749421342086249,0
25790,0.8275834450547814,0
25791,1.3025955339974467,0
25792,2.961235077395839,0
25793,1.584961363125797,0
25794,0.5472809976908735,0
25795,0.45483098617589657,0
25796,0.47636686105369797,0
25797,0.8491636040752368,0
25798,0.3377327449610939,0
25799,2.846722368945292,0
25800,0.37443816168284466,0
25801,1.6338376382610058,0
25802,1.977249222420105,0
25803,0.9871034834131482,0
25804,1.317217947944352,0
25805,0.226581628764364,0
25806,0.6523477870870139,0
25807,3.5676998383939402,1
25808,1.4502091518281552,0
25809,2.100991120858583,0
25810,1.966304182994974,0
25811,0.7939154252357038,0
25812,2.559909174335921,0
25813,1.7772560799780723,0
25814,0.6686946703321792,0
25815,0.9531317501107445,0
25816,1.060917912470079,0
25817,3.0162632886683785,0
25818,0.4602846722686132,0
25819,0.27085210635598667,0
25820,2.496523124671889,0
25821,1.7872256021389707,0
25822,1.2387774873348971,0
25823,1.0924351897062634,0
25824,1.0509679439676747,0
25825,1.3288092680384065,0
25826,1.1726147788907535,0
25827,0.8315885351188204,0
25828,1.0162596254054437,0
25829,0.24603210044410406,0
25830,0.7946084598301447,0
25831,0.732099293941277,0
25832,0.9508371402140132,0
25833,1.6956336681179929,0
25834,1.0144063192159967,0
25835,1.574701300754333,0
25836,0.5139005659795354,0
25837,2.5981090997262326,0
25838,1.825758578964026,0
25839,1.515104259976677,0
25840,2.599837769631543,0
25841,0.6371069466100312,0
25842,1.0029933831600997,0
25843,2.070014586791503,0
25844,0.8105270172006721,0
25845,0.394447229109124,0
25846,0.4609878406998455,0
25847,2.6928613269312884,0
25848,0.7558750594114706,0
25849,1.122577921409099,0
25850,0.8017950707590156,0
25851,2.165905937759558,0
25852,0.8078307736422417,0
25853,0.9529268287819868,0
25854,0.40297786235808364,0
25855,0.2796751753108287,0
25856,1.0398345010735763,0
25857,3.6456315177090257,1
25858,0.2551580430862201,0
25859,0.28279623740525955,0
25860,3.469675624543621,1
25861,0.8997327346745142,0
25862,3.7819162623271163,1
25863,0.7857651094297545,0
25864,0.45877595492792983,0
25865,1.0210717261749314,0
25866,1.136143081122046,0
25867,0.4602464228647417,0
25868,0.5702256284732474,0
25869,8.15950023468682,1
25870,1.801425647081804,0
25871,1.6198888784648737,0
25872,1.1025615786881606,0
25873,2.342475185196479,0
25874,1.4311279569728936,0
25875,5.093748088989588,1
25876,2.2334257332375906,0
25877,5.970910563110439,1
25878,1.1360377782123166,0
25879,1.1798934722463512,0
25880,1.3851614514699098,0
25881,0.7649996558420866,0
25882,0.4477088741755553,0
25883,1.173169290857533,0
25884,1.091893444486441,0
25885,1.3437551389873597,0
25886,1.000127079461842,0
25887,1.3251362572540324,0
25888,1.060529391665423,0
25889,1.2781075125640886,0
25890,1.792390039766058,0
25891,0.3530780764268985,0
25892,1.3380517352593058,0
25893,0.37283613609118355,0
25894,1.6063405726794058,0
25895,5.6052106168310125,1
25896,0.5706880048899443,0
25897,3.238099963405388,1
25898,0.4932952204209439,0
25899,1.0787902625911052,0
25900,1.5684709014159028,0
25901,0.8540206770813169,0
25902,0.8458552643822526,0
25903,0.5326611916427272,0
25904,1.96180177170906,0
25905,0.2444944113380801,0
25906,0.3068993423146532,0
25907,0.8468748630404596,0
25908,0.9150173758341695,0
25909,0.4827551633414002,0
25910,1.4657446257089777,0
25911,0.6152055121203459,0
25912,1.2390596643447938,0
25913,4.378685719019921,1
25914,0.4006582200216962,0
25915,1.6469248057509596,0
25916,0.7175124453069428,0
25917,0.9155551663917173,0
25918,1.282361331932487,0
25919,0.801043202796936,0
25920,3.3363039875558704,1
25921,0.727696792859789,0
25922,0.23811510798455607,0
25923,1.5647305468474901,0
25924,0.47328541210859926,0
25925,1.7813298430221065,0
25926,0.986391817598956,0
25927,3.179566483540379,1
25928,0.2726419831017826,0
25929,1.231021057633807,0
25930,0.930555840655796,0
25931,1.0541634875061239,0
25932,4.982517734396014,1
25933,0.8284508944477708,0
25934,2.1975779980618366,0
25935,0.5465917033229682,0
25936,2.2124100521954606,0
25937,0.3857973739263752,0
25938,0.9093268003156558,0
25939,1.1973926406705158,0
25940,0.9764286938928223,0
25941,1.3760537399713257,0
25942,1.0962643962310927,0
25943,0.9295322300008242,0
25944,0.3640518263318373,0
25945,0.446219294950234,0
25946,1.321139540263164,0
25947,0.8519643111614106,0
25948,1.6529602163202926,0
25949,3.807114752273745,1
25950,3.3009098977277045,1
25951,0.4235781133482834,0
25952,1.5652692179531822,0
25953,1.0625327094063433,0
25954,0.88421637516394,0
25955,1.1735088162696883,0
25956,1.449919713427826,0
25957,3.4909398401636316,1
25958,0.7383200206890562,0
25959,0.8810532068576046,0
25960,1.2692728097730546,0
25961,1.7472874167776564,0
25962,0.8636246526199306,0
25963,0.8036926195310607,0
25964,0.8017136159014058,0
25965,1.3694943667967514,0
25966,0.5628950166554957,0
25967,1.488405672145017,0
25968,2.411184067604245,0
25969,0.2912345282513748,0
25970,0.9877288329298171,0
25971,1.5975361083737267,0
25972,0.23827106549297655,0
25973,1.0887167138779525,0
25974,3.10810153093675,1
25975,1.7079690390815527,0
25976,0.3945111083597654,0
25977,0.2862934734655045,0
25978,2.046109817582183,0
25979,2.5841025635596067,0
25980,0.47267570439719425,0
25981,1.570843312964992,0
25982,0.9886921318576373,0
25983,1.2474377374175374,0
25984,1.833410380057495,0
25985,0.409544157077934,0
25986,1.9554341885451434,0
25987,0.46116943964158086,0
25988,0.9384783199289717,0
25989,3.1798261627062043,1
25990,0.9318131458609518,0
25991,0.2524334687015989,0
25992,1.0537322551913866,0
25993,1.6699626915682857,0
25994,1.6196401437725283,0
25995,1.2613357543261166,0
25996,0.3981205669906895,0
25997,0.5750463563721765,0
25998,0.7540852893926335,0
25999,0.4072872609020294,0
26000,0.34383098102202414,0
26001,1.4964455439154207,0
26002,3.66792005716973,1
26003,0.43730693515875535,0
26004,1.2929246402718186,0
26005,1.7241260082678267,0
26006,2.7010495940381647,0
26007,1.038710753710776,0
26008,0.3475443276407477,0
26009,0.5326021807261436,0
26010,1.320897372147492,0
26011,0.3979132998461113,0
26012,0.9640561383822163,0
26013,1.1345995643567692,0
26014,0.6394819485008376,0
26015,0.7448710478062192,0
26016,0.9394226940155987,0
26017,0.3015654126618346,0
26018,1.085836070924018,0
26019,1.2495695637195496,0
26020,0.5733976342995196,0
26021,2.5799796485210793,0
26022,1.7110211624943237,0
26023,0.602059532981962,0
26024,0.49067397985943395,0
26025,0.5394076688346101,0
26026,0.9129943454549329,0
26027,0.936758988008589,0
26028,3.7663924492839618,1
26029,2.437859658310167,0
26030,0.6241181895579268,0
26031,0.5603023479738627,0
26032,1.9026251313428635,0
26033,1.0309631190053383,0
26034,1.5749882218100761,0
26035,0.825269053532345,0
26036,2.6737460922157354,0
26037,1.430956034966865,0
26038,0.20389649152979394,0
26039,0.690224401184545,0
26040,0.9548806100030784,0
26041,0.9522874587270784,0
26042,1.0478105261059494,0
26043,1.1687245930906534,0
26044,1.1163985716761862,0
26045,0.8355542975857371,0
26046,2.7980318960376476,0
26047,3.269490462282901,1
26048,0.5563062508728477,0
26049,1.0637122113216142,0
26050,1.88405193522823,0
26051,1.1560509061812956,0
26052,0.6333296720657811,0
26053,3.650183512101774,1
26054,2.338483472837328,0
26055,0.23343035643432544,0
26056,0.5172678215806378,0
26057,2.203578222221775,0
26058,0.20430871195823258,0
26059,0.7563448462729956,0
26060,2.0608089051827774,0
26061,6.100381241411283,1
26062,2.343282059540627,0
26063,0.8608345113581121,0
26064,0.5858194440225836,0
26065,0.31236392059537776,0
26066,1.535714311859224,0
26067,3.1377407645807365,1
26068,0.4283730890358912,0
26069,0.7636486851397937,0
26070,0.7028208198300531,0
26071,1.6670165284578704,0
26072,2.4682225819632255,0
26073,0.5208854222099827,0
26074,0.9477860883278307,0
26075,1.4163041725824586,0
26076,1.5598240451487004,0
26077,0.5215662555812387,0
26078,1.4293335262433582,0
26079,1.1304640369653582,0
26080,1.4665558916018735,0
26081,0.5810425289437895,0
26082,0.6840471977294055,0
26083,0.3846565338318047,0
26084,1.05713376662813,0
26085,1.387962707061852,0
26086,3.940747139981831,1
26087,0.5362682438117194,0
26088,2.073295868924119,0
26089,0.8775867047184183,0
26090,1.0001154713406766,0
26091,0.7911588915064145,0
26092,1.357048948556807,0
26093,1.4458718341275287,0
26094,0.8614250454711497,0
26095,1.5816603367467645,0
26096,0.299174882369719,0
26097,5.5619236960838,1
26098,1.5326384969414015,0
26099,1.1502770770340056,0
26100,0.604430035700069,0
26101,0.6405465851141086,0
26102,0.34078239926174064,0
26103,1.2122182058347057,0
26104,0.9544896080450205,0
26105,0.2964592650808362,0
26106,1.6660174167960353,0
26107,2.3560960509088793,0
26108,1.4449578314606761,0
26109,0.48294748206386895,0
26110,0.8400466742456785,0
26111,0.4875100660069256,0
26112,2.291487556606639,0
26113,0.4333318935861839,0
26114,0.4338330876130217,0
26115,0.3719855865489831,0
26116,0.41576790213446435,0
26117,2.782832668715627,0
26118,0.41656300515100314,0
26119,1.0673603077905054,0
26120,1.6848553738152365,0
26121,4.275992318971016,1
26122,0.8855313364033294,0
26123,2.269457170754178,0
26124,1.2154227430617979,0
26125,0.8780601075697398,0
26126,1.9387412686711953,0
26127,0.8361621133697406,0
26128,0.8874894863679487,0
26129,0.8524980987287946,0
26130,1.20172665920822,0
26131,0.5408009021031964,0
26132,0.7785074098327266,0
26133,2.2428878462309183,0
26134,0.9238052275839561,0
26135,0.4965052399539569,0
26136,3.0213752151391757,0
26137,0.8846464236125103,0
26138,0.7090471318747118,0
26139,0.37015698485600423,0
26140,0.5280727407422787,0
26141,1.67422842263919,0
26142,1.0253451957821633,0
26143,1.4202570550038625,0
26144,2.865639728355012,0
26145,2.508291606246398,0
26146,1.922766179791921,0
26147,0.3043633037065869,0
26148,1.386110650273538,0
26149,3.548639363207313,1
26150,1.1835788992283054,0
26151,1.9408368631758868,0
26152,1.1687070972764384,0
26153,1.1193269447799916,0
26154,1.6554831239833452,0
26155,0.17664613457830716,0
26156,0.8574917866969755,0
26157,0.9615366299623411,0
26158,2.095956771780748,0
26159,3.091687917844069,1
26160,2.3065218334033952,0
26161,0.7348352521733609,0
26162,2.329552190138064,0
26163,0.929962463699144,0
26164,2.2620236743366293,0
26165,0.4666300457159506,0
26166,0.6533665704907391,0
26167,1.4082312212503123,0
26168,1.485966990846729,0
26169,1.4383665478909942,0
26170,1.378143619885661,0
26171,0.4490729621773892,0
26172,1.0262170723940989,0
26173,1.9821823769634705,0
26174,0.9394720111499214,0
26175,0.7259481456405914,0
26176,2.0265047819743076,0
26177,0.6810092255084785,0
26178,0.3729054376686601,0
26179,0.9714213725212436,0
26180,0.8260867735150571,0
26181,0.6467232668263947,0
26182,0.9052019535312289,0
26183,1.7914957841608274,0
26184,0.6800462174470571,0
26185,1.1173188938660161,0
26186,0.43304824302301864,0
26187,0.3574853599624843,0
26188,2.340660735378106,0
26189,2.0661338946189036,0
26190,0.8651605906565967,0
26191,0.4483267223169251,0
26192,0.9020276490571185,0
26193,0.9821256942307405,0
26194,0.5079350662592005,0
26195,0.8309127192029383,0
26196,0.500882516287003,0
26197,2.228656974106005,0
26198,1.112656398304505,0
26199,0.9201482530506316,0
26200,0.9428061941535897,0
26201,0.3378652934071221,0
26202,0.46004116287305635,0
26203,0.17327888105978043,0
26204,0.3861076407353236,0
26205,0.8501460063868794,0
26206,1.7899551307242882,0
26207,2.9309252057772923,0
26208,0.8996473818070112,0
26209,1.1169894850961684,0
26210,2.771126205482123,0
26211,1.390198919049074,0
26212,0.3714262071181602,0
26213,1.8811654837105758,0
26214,7.007857147659973,1
26215,1.5447220743563037,0
26216,1.7507721913793228,0
26217,3.098556072159385,1
26218,0.39394814164782704,0
26219,0.6251806569711856,0
26220,0.360340047377043,0
26221,1.4896823633491647,0
26222,0.5063336798221163,0
26223,1.2235341795957153,0
26224,0.5587653490333045,0
26225,0.7085833157466653,0
26226,0.3066918086890398,0
26227,3.9167860752993438,1
26228,0.3532297302142687,0
26229,0.669490972917649,0
26230,2.513268543462634,0
26231,0.7574165539935396,0
26232,0.5783438552950128,0
26233,3.007215978277217,0
26234,1.9628731679577354,0
26235,0.8462727346439656,0
26236,1.2726280770238447,0
26237,2.22998496139476,0
26238,0.9752218806175897,0
26239,0.4419583726537317,0
26240,0.6828511950073232,0
26241,0.7303757165086865,0
26242,1.5102142289290283,0
26243,1.8985360194756322,0
26244,2.8030701571014744,0
26245,0.4945149377636928,0
26246,1.1159195062654872,0
26247,0.6227764333732255,0
26248,0.996670600679004,0
26249,0.25130271809280547,0
26250,3.749413420726398,1
26251,1.728145316892231,0
26252,0.26632389045549965,0
26253,0.8620973463195228,0
26254,1.1112398205812066,0
26255,1.308498745050012,0
26256,1.4896386512169044,0
26257,0.4798003679096014,0
26258,0.3631952974642948,0
26259,0.9761551308639064,0
26260,0.9928242484648254,0
26261,0.8937175770138139,0
26262,0.7101800653139275,0
26263,0.5932661961667588,0
26264,0.4698799823469179,0
26265,0.5344955282203515,0
26266,0.5113198859381188,0
26267,2.8432260827585556,0
26268,0.40609581412754875,0
26269,0.6762465808764979,0
26270,1.3538768228359053,0
26271,1.339582313961057,0
26272,0.31567118849204123,0
26273,0.8651638843327685,0
26274,1.7387765382522236,0
26275,0.959237834452782,0
26276,1.6559008241705213,0
26277,0.8380693968699512,0
26278,0.360765182740527,0
26279,0.33732725180556217,0
26280,1.908319928609015,0
26281,0.6010270137463972,0
26282,1.225746747489254,0
26283,1.7491512432563352,0
26284,0.8484990529462195,0
26285,1.735003413963976,0
26286,1.2374852431981744,0
26287,0.707708497152007,0
26288,1.2269236222014013,0
26289,0.40737125815131264,0
26290,1.0243638314748462,0
26291,2.2443934960905105,0
26292,1.3438682492974838,0
26293,1.2653342618973378,0
26294,1.5203364639879955,0
26295,1.8971271588446625,0
26296,1.4158454546397217,0
26297,2.0469473359698886,0
26298,0.44847840138401485,0
26299,0.9649062514565475,0
26300,3.0982916880885125,1
26301,0.7388534095095877,0
26302,2.9626137163922763,0
26303,1.4833723747862249,0
26304,1.7232141878573937,0
26305,0.33808049630708875,0
26306,1.9052204800734114,0
26307,0.661183830337732,0
26308,1.4824796997504006,0
26309,0.8715039601676176,0
26310,0.3644696174361236,0
26311,0.26391066929612417,0
26312,0.3453107664096259,0
26313,2.2882385216618775,0
26314,1.2780610521254583,0
26315,1.188832130672226,0
26316,3.280097177849387,1
26317,0.9099804546970672,0
26318,0.3081756499683527,0
26319,0.5066336195150903,0
26320,0.5283189537099803,0
26321,0.8548371113803979,0
26322,2.2627364151052634,0
26323,1.2391931985249474,0
26324,2.238298042561895,0
26325,0.28625571455701565,0
26326,2.016396969228633,0
26327,0.9860613329455636,0
26328,2.2711964985934343,0
26329,2.2169699505955176,0
26330,1.0610381404594957,0
26331,0.6231136866983439,0
26332,1.8609983549343978,0
26333,1.527442176784768,0
26334,0.2142513388362785,0
26335,0.7438771053802722,0
26336,1.3561636679178974,0
26337,0.5645141609201028,0
26338,1.155064737289905,0
26339,0.8161138014328501,0
26340,1.0505745765439731,0
26341,2.735714744954362,0
26342,0.537941881860277,0
26343,2.1586180084491247,0
26344,1.6511211259862726,0
26345,1.5283529454485387,0
26346,1.9361407988169617,0
26347,2.811837290282671,0
26348,0.2521507009768453,0
26349,0.5339040140709689,0
26350,0.43818056379269915,0
26351,1.1234485512946895,0
26352,0.9270175717537298,0
26353,1.8841901570550763,0
26354,1.4861770290884526,0
26355,1.0433473972983325,0
26356,2.4878771384231166,0
26357,2.094932000541253,0
26358,1.7288766632113193,0
26359,1.7158640952808824,0
26360,0.6436999617297096,0
26361,0.4574707082127541,0
26362,1.0991619440544982,0
26363,0.38530064377449175,0
26364,0.3307008659596276,0
26365,1.2487218365310082,0
26366,1.225541025252327,0
26367,1.9393790068628916,0
26368,1.488944384058109,0
26369,1.4550162272198972,0
26370,0.385544182698383,0
26371,0.8108949437347811,0
26372,1.9745387330191966,0
26373,0.8306049938541987,0
26374,1.4931861424398487,0
26375,0.6318029187797372,0
26376,0.847649323244638,0
26377,0.9535150909199998,0
26378,0.9265427839296083,0
26379,0.3953395558334101,0
26380,1.6067623185065536,0
26381,2.041442607481899,0
26382,0.4564206015104178,0
26383,0.7767793501433519,0
26384,0.7367015499485509,0
26385,1.0980366465364353,0
26386,2.561891695214965,0
26387,3.8471223878979584,1
26388,0.774402247166631,0
26389,0.5706808566644427,0
26390,2.494349887747499,0
26391,2.32987430259137,0
26392,1.1277312244270694,0
26393,0.3157434588778219,0
26394,1.4216173431488548,0
26395,1.0474022956233076,0
26396,3.1239177014892405,1
26397,0.7691283644469508,0
26398,0.576766690928587,0
26399,0.8198390584855244,0
26400,2.186715995749686,0
26401,0.8906872015348402,0
26402,0.5393079702356858,0
26403,0.779463579911988,0
26404,0.3430010073846747,0
26405,2.1502364980524673,0
26406,4.790255083380313,1
26407,1.5143585110455864,0
26408,0.988835028130272,0
26409,0.47894577921484704,0
26410,0.8678727935165322,0
26411,2.262955261369409,0
26412,1.985138342358778,0
26413,0.5948732839194568,0
26414,0.8497442988386328,0
26415,0.9878635102060512,0
26416,1.7689095859953559,0
26417,3.2659615715080497,1
26418,2.855932839553746,0
26419,0.5051772613693021,0
26420,2.2094223642645807,0
26421,0.9867162011546138,0
26422,0.7800723526436919,0
26423,1.3493069336067371,0
26424,0.6247181835588673,0
26425,0.7312823402951031,0
26426,1.0495786083107561,0
26427,0.9441506462979548,0
26428,0.5953028809834098,0
26429,0.317261437598665,0
26430,1.595499946893916,0
26431,0.43420813029066097,0
26432,1.6360142387754968,0
26433,2.196111150071651,0
26434,0.8540053974055646,0
26435,1.2391061236924081,0
26436,0.9599573167086728,0
26437,0.3442278369014913,0
26438,0.662725311096622,0
26439,1.317248115729756,0
26440,1.1198022903071394,0
26441,1.1664898228074376,0
26442,1.0398581459526777,0
26443,0.34272218504466756,0
26444,0.7338622010419267,0
26445,0.3313848701155787,0
26446,2.809454184209412,0
26447,4.873632554281295,1
26448,0.5110449099189139,0
26449,1.5598503575469467,0
26450,0.7693497063123924,0
26451,0.8653385326730488,0
26452,0.6357732082890737,0
26453,1.518467352750748,0
26454,2.187225926135028,0
26455,1.7159806887353044,0
26456,2.4562831514238326,0
26457,1.340701750439258,0
26458,0.6634085500673442,0
26459,0.3177372171896005,0
26460,0.49091087422060126,0
26461,3.547154716457592,1
26462,0.4230248504713931,0
26463,2.472183288559159,0
26464,0.44106305749810754,0
26465,1.612517819288875,0
26466,2.1884296671816585,0
26467,0.41542897865237877,0
26468,0.2967417306129576,0
26469,0.47141681686918546,0
26470,1.0051245467514633,0
26471,0.5948047205518627,0
26472,0.5108688235209148,0
26473,0.8815750548158613,0
26474,1.4333077185614311,0
26475,1.6789707743676054,0
26476,3.65684766680765,1
26477,0.9863207938262627,0
26478,0.4523776198505591,0
26479,1.8094506668830994,0
26480,0.528784454436763,0
26481,3.214329023585145,1
26482,0.6084538607749106,0
26483,1.9590438203374174,0
26484,4.334290091370504,1
26485,0.6662405185357405,0
26486,0.8582737950031161,0
26487,1.0858353742981859,0
26488,1.5014259761160582,0
26489,1.2256021671928299,0
26490,0.7484847326789514,0
26491,0.6790221807330524,0
26492,0.9338725789899495,0
26493,0.5524820108576265,0
26494,1.1397083829798313,0
26495,0.9798102281289451,0
26496,0.9965595549444618,0
26497,0.44999549872245403,0
26498,1.3747008626135937,0
26499,1.6700537248628788,0
26500,1.0213097743548096,0
26501,0.9700832789220301,0
26502,1.687607126075614,0
26503,1.4642562919915103,0
26504,1.0389170297574017,0
26505,0.884005856794358,0
26506,1.1894634770219108,0
26507,3.5456149460161455,1
26508,1.1687324496923281,0
26509,1.4867734406333388,0
26510,1.4320205729995614,0
26511,2.727161554819292,0
26512,1.9605314641078948,0
26513,0.9703388652891428,0
26514,0.5617760468727881,0
26515,0.9287986012667571,0
26516,1.0561899011005673,0
26517,1.256525177943326,0
26518,1.435290047572143,0
26519,2.7664779758660534,0
26520,1.5694879498693304,0
26521,1.7237405622191682,0
26522,0.5542015861300964,0
26523,1.7708460110861628,0
26524,1.6279740208542988,0
26525,1.2271646590687706,0
26526,1.7594485939502824,0
26527,1.4010530447230047,0
26528,2.0683973289325492,0
26529,0.7424676107749446,0
26530,1.6738486639897432,0
26531,1.9508874342366336,0
26532,0.7777832759933049,0
26533,1.65558330170819,0
26534,0.4787154386368275,0
26535,1.4892639646703556,0
26536,0.44611227399833114,0
26537,1.5366566539130722,0
26538,0.47683541414936725,0
26539,1.2420184718755556,0
26540,1.864873310996085,0
26541,1.6174189351240948,0
26542,0.7799986188753535,0
26543,0.9853038371792787,0
26544,1.166305951374977,0
26545,0.4014142490619816,0
26546,3.39483756784474,1
26547,6.205139590639111,1
26548,0.4772473888849883,0
26549,2.5923659091994185,0
26550,1.9060011152452743,0
26551,1.5855550455677054,0
26552,1.8753954346855302,0
26553,2.3295670000046163,0
26554,1.620703760114005,0
26555,0.4075945597842923,0
26556,1.0825087092351793,0
26557,3.585560977156958,1
26558,1.0516970761764777,0
26559,0.5849352589005978,0
26560,1.7841214680841972,0
26561,1.2430894800076004,0
26562,1.0352312526887433,0
26563,1.2022338150589245,0
26564,2.254205677385363,0
26565,0.8500679557219002,0
26566,0.43429780270223006,0
26567,0.5959122256847635,0
26568,0.7483392188406023,0
26569,2.044672905350212,0
26570,1.8450569906412089,0
26571,1.308167036053608,0
26572,0.43422142839769273,0
26573,0.7610218940795215,0
26574,2.573675190778354,0
26575,1.6978021839886575,0
26576,0.8519783429872363,0
26577,2.308815102058676,0
26578,1.1919631140057272,0
26579,0.9859377692912115,0
26580,2.9485568122434205,0
26581,1.4853222351420177,0
26582,0.7035094591474266,0
26583,3.0102777249651,0
26584,0.9260663386191665,0
26585,2.032661793868184,0
26586,0.1495768400917324,0
26587,1.739583206939274,0
26588,1.4465548847173502,0
26589,1.7739692255865052,0
26590,0.5931446139303422,0
26591,0.9672325910476686,0
26592,1.9691841119315734,0
26593,4.3422970614344685,1
26594,1.4161205974003217,0
26595,0.4122990091189615,0
26596,1.4423346133461188,0
26597,1.8210546191165935,0
26598,2.0317267687588627,0
26599,2.0312386853745665,0
26600,0.8213727531834396,0
26601,0.1888113715423571,0
26602,1.526282902431155,0
26603,0.3560767630962233,0
26604,1.0455661844715516,0
26605,1.9292846868216034,0
26606,0.9730556360051227,0
26607,1.9900250426120993,0
26608,0.8363420273212793,0
26609,1.8191031402550117,0
26610,0.6006464118364596,0
26611,2.05666495997624,0
26612,0.24716501038537508,0
26613,0.3265289193393038,0
26614,2.403762709086895,0
26615,1.255010330713718,0
26616,0.4467635851826708,0
26617,0.37880051497202855,0
26618,0.48956875310291004,0
26619,1.3698275841729193,0
26620,1.2835925726642379,0
26621,0.21693738088872605,0
26622,0.18427646400647588,0
26623,0.20520377535687942,0
26624,0.18198763452234973,0
26625,0.6684515769718723,0
26626,2.2221350308308323,0
26627,0.6410045073011327,0
26628,0.4799140901792334,0
26629,1.4154802393704535,0
26630,1.4324587734916776,0
26631,1.5060600812434177,0
26632,0.23446374193108327,0
26633,0.3326528240068052,0
26634,0.6421498256134727,0
26635,1.5500856196533603,0
26636,2.8017768395425113,0
26637,0.22089131860996994,0
26638,0.7610390153887645,0
26639,1.9597835622136701,0
26640,0.9500865480350031,0
26641,1.0789194675868856,0
26642,0.7117414770028884,0
26643,1.7222170087572293,0
26644,0.3221505104137345,0
26645,0.17080716601938345,0
26646,0.300701826305292,0
26647,1.9314750014021622,0
26648,0.8070933754505946,0
26649,2.0082487827995226,0
26650,0.5970385365375055,0
26651,0.47241391917236103,0
26652,0.4543352379182956,0
26653,2.530052641993413,0
26654,0.8144663176305504,0
26655,0.783558040640386,0
26656,0.21368897841737075,0
26657,0.47610465927010687,0
26658,1.4665247736480096,0
26659,3.1302917227502505,1
26660,0.9586771700006037,0
26661,0.773457058653269,0
26662,0.18615446793322757,0
26663,3.969319929319177,1
26664,1.7254290073783085,0
26665,1.1496030269513764,0
26666,1.2139635796442032,0
26667,1.5122043664961136,0
26668,0.28993904405820853,0
26669,0.6312320864680118,0
26670,3.2143183598827716,1
26671,1.3120300282882669,0
26672,2.5390201473508953,0
26673,0.9765067549695996,0
26674,1.1661364717106228,0
26675,0.3299533903408527,0
26676,0.9377514927322986,0
26677,4.114814286790049,1
26678,0.25868861898564777,0
26679,1.340703746269009,0
26680,1.7349863037967026,0
26681,1.3281401185823498,0
26682,0.3242078863557222,0
26683,0.8456559193295221,0
26684,0.37213549494315207,0
26685,0.8215699394996018,0
26686,1.0961808702925366,0
26687,0.9534491855636494,0
26688,0.17768490173834137,0
26689,1.7645624038577765,0
26690,1.0105083819180136,0
26691,0.3531764442344352,0
26692,1.0155399882155,0
26693,1.5745009738332856,0
26694,3.0806922101019363,1
26695,0.9111964626035511,0
26696,0.1644753398172808,0
26697,0.20882642940079943,0
26698,0.48164484134236024,0
26699,0.3002042926858545,0
26700,0.5579786036898896,0
26701,1.5579099764478208,0
26702,0.7212767543045973,0
26703,0.41107827546032355,0
26704,0.8566952743609287,0
26705,0.859784622375512,0
26706,1.601054926100882,0
26707,0.2267063589073611,0
26708,0.9967787931130349,0
26709,1.1252700851214008,0
26710,6.433286866032981,1
26711,1.578868932111917,0
26712,1.0706273020481314,0
26713,0.9237200813719804,0
26714,0.3153587850232338,0
26715,0.94613433475949,0
26716,3.082629945500498,1
26717,0.9327929999680257,0
26718,0.2197563227678283,0
26719,1.0932193008766258,0
26720,0.23418168384685542,0
26721,1.011318007617557,0
26722,2.9690983403379976,0
26723,0.7944170864884746,0
26724,1.2622615471548053,0
26725,0.6422314002828742,0
26726,1.3239873427857858,0
26727,1.0686147327226674,0
26728,1.3860135122747261,0
26729,0.3132061608477502,0
26730,0.3980694444655496,0
26731,0.33121547806072854,0
26732,3.4401800072569744,1
26733,2.7134548982099456,0
26734,0.4051103841084137,0
26735,0.7169646090925705,0
26736,0.8284797453029961,0
26737,1.4328533193716095,0
26738,0.5364884638029799,0
26739,1.3087941495346527,0
26740,2.053034102579676,0
26741,1.602730623962636,0
26742,0.6986420582321732,0
26743,1.41303025799345,0
26744,0.8291755067666053,0
26745,0.6362088551526827,0
26746,1.2522146875504503,0
26747,0.8995200833680003,0
26748,0.4882885426811191,0
26749,1.6111656106927907,0
26750,0.35153789661662516,0
26751,7.457070748908509,1
26752,0.42151132244218786,0
26753,1.5611443154666198,0
26754,1.4590389393410819,0
26755,0.38321142127310126,0
26756,0.9821461098346254,0
26757,0.7760029826693446,0
26758,0.23104061626232872,0
26759,1.4033847999327562,0
26760,1.0422612605668475,0
26761,1.4046803184657466,0
26762,1.0955865032780434,0
26763,0.7231877299688877,0
26764,2.0754491384915132,0
26765,0.3859603164471683,0
26766,0.2792744836570738,0
26767,0.18675298533879203,0
26768,1.7046109135032892,0
26769,1.0337530967931103,0
26770,0.506195289381506,0
26771,2.146854632649077,0
26772,2.6565569887527944,0
26773,3.518876803415658,1
26774,1.2976003178259183,0
26775,0.765053086445019,0
26776,2.6170966990770324,0
26777,0.48415070287941,0
26778,1.044003727482009,0
26779,0.9753262669788919,0
26780,2.2256452050869826,0
26781,2.275521830010275,0
26782,1.1972563537347674,0
26783,0.9115463695602111,0
26784,2.6483562029731873,0
26785,1.6429375781634723,0
26786,0.6365999193796775,0
26787,0.4077047780918906,0
26788,1.1545067719370674,0
26789,1.261488738721612,0
26790,0.9673772380196685,0
26791,2.6751038540017746,0
26792,1.329340894600745,0
26793,1.0902506723735688,0
26794,2.899418452617303,0
26795,1.3363945133559822,0
26796,0.7566553859979493,0
26797,1.44010987025273,0
26798,0.5871248974170046,0
26799,1.187080151537514,0
26800,0.7616212485921684,0
26801,1.7573542973081233,0
26802,1.5428687665707161,0
26803,2.3732975277401667,0
26804,1.4273254025135338,0
26805,0.3772193137099561,0
26806,1.0438242036325363,0
26807,2.198272732348243,0
26808,0.6317558262556718,0
26809,0.6258781562356598,0
26810,0.3329794542227453,0
26811,0.40618172903822264,0
26812,2.859307910516664,0
26813,0.5057898208129418,0
26814,2.703103408270338,0
26815,1.1581706950762078,0
26816,0.8222591904393497,0
26817,0.40673043721490626,0
26818,0.2952363803261392,0
26819,0.3135054897339792,0
26820,5.9376653808129225,1
26821,0.49047679389017024,0
26822,1.6534085002357295,0
26823,0.3673845657632561,0
26824,1.74932253054612,0
26825,0.47271736726415164,0
26826,1.4138208117237168,0
26827,0.6042965561095675,0
26828,1.6909163530156082,0
26829,0.568321962847748,0
26830,0.7823235112802981,0
26831,0.8521383562521856,0
26832,0.5872580348017362,0
26833,2.2237335865665506,0
26834,1.5450752250089494,0
26835,1.866766989521178,0
26836,1.1129777682451254,0
26837,1.071082632827372,0
26838,4.833307735152281,1
26839,1.3662810432053558,0
26840,1.8606224643159477,0
26841,1.859775760780954,0
26842,4.501689042304801,1
26843,0.5779316436624267,0
26844,0.7484966529604399,0
26845,1.3683419628524225,0
26846,1.6704185667312912,0
26847,1.374247084474862,0
26848,0.9207450352650152,0
26849,1.3947400371925363,0
26850,4.036124476459389,1
26851,1.1722655617058837,0
26852,0.676478953193672,0
26853,1.098884225478679,0
26854,0.88564709947883,0
26855,1.58282406256775,0
26856,0.4303484478156431,0
26857,1.7430962722519072,0
26858,2.010863525732818,0
26859,1.4719131407702666,0
26860,0.29181090289912265,0
26861,0.9366071079561552,0
26862,2.694247390721484,0
26863,0.6618048696098753,0
26864,0.2644238619088925,0
26865,1.3832988493153766,0
26866,0.751948290156119,0
26867,2.4064158232986648,0
26868,0.7020612060526438,0
26869,2.3807359291672103,0
26870,2.0529025729734602,0
26871,0.7689203383650117,0
26872,2.5960302667775585,0
26873,1.926802840127983,0
26874,1.5453782653497272,0
26875,1.4551492238160657,0
26876,1.253727565835836,0
26877,2.360148537015618,0
26878,1.38475714083233,0
26879,1.4082639048199355,0
26880,4.127211487525598,1
26881,1.2967096608080764,0
26882,2.3797070583804167,0
26883,4.041499236214433,1
26884,1.2365276677054264,0
26885,2.123638052934439,0
26886,0.6983914701108989,0
26887,1.9775987187377089,0
26888,2.8510863078594837,0
26889,1.3164764466285186,0
26890,4.923656681367756,1
26891,2.257925387529372,0
26892,1.1987133744919902,0
26893,3.1760813587387697,1
26894,2.1846903010313166,0
26895,0.4844819031983226,0
26896,0.5977818495529189,0
26897,1.4843773308836736,0
26898,1.58530829088372,0
26899,0.81887709359212,0
26900,0.5168402094073131,0
26901,0.39774304514528186,0
26902,0.4334869819733594,0
26903,2.2065666064835794,0
26904,2.092842746915028,0
26905,0.9306429500724037,0
26906,0.6658449633598402,0
26907,0.8417704808649386,0
26908,0.3900788708021847,0
26909,1.065508867063342,0
26910,1.5906566799302313,0
26911,0.5591076230968224,0
26912,0.5887744139277031,0
26913,0.6576974233792845,0
26914,0.8822705667709037,0
26915,1.6561427702063016,0
26916,2.667465548167695,0
26917,2.1927821918744046,0
26918,1.2704074295992593,0
26919,1.2312304186848957,0
26920,0.5428707911926711,0
26921,2.7117935327087865,0
26922,1.4321188962827982,0
26923,0.8902361347381418,0
26924,1.4209667896402824,0
26925,2.3362486979961985,0
26926,1.826121553288156,0
26927,0.551967320850433,0
26928,1.607045399062318,0
26929,1.544538662548903,0
26930,0.38446041885261545,0
26931,0.30180681157945044,0
26932,4.195569597828016,1
26933,2.109937281980288,0
26934,1.5880863277119528,0
26935,0.2802179209763028,0
26936,1.9424014502407647,0
26937,0.8415010124500363,0
26938,0.7488867222434661,0
26939,0.9612920358911279,0
26940,3.6151769826091127,1
26941,1.199367821488066,0
26942,0.5937905851187856,0
26943,0.6568692248964365,0
26944,1.6071968874716793,0
26945,1.0019251073141302,0
26946,1.2559902639746492,0
26947,1.6646017940374784,0
26948,0.7662812438356804,0
26949,3.5655989681420692,1
26950,0.7582020387904814,0
26951,0.7442191981233407,0
26952,2.125503018010625,0
26953,0.8006967967116352,0
26954,0.8770006379055655,0
26955,0.5668127909131033,0
26956,1.7051751875182906,0
26957,2.2218986539761745,0
26958,0.7368464172501675,0
26959,1.0775167575677158,0
26960,0.8331629534167411,0
26961,0.6940352188546005,0
26962,0.9919905417227924,0
26963,2.9601899878739513,0
26964,1.1398870898955973,0
26965,0.7721506907853434,0
26966,0.4329947323032215,0
26967,0.7103500213311577,0
26968,3.336036974297829,1
26969,1.0667070232139204,0
26970,1.461235655191974,0
26971,0.4957157084738654,0
26972,1.392343074408136,0
26973,1.2478595530298189,0
26974,0.7842980640273137,0
26975,2.710682966133057,0
26976,3.0500335589294783,0
26977,0.8738055252063701,0
26978,3.4980118946609626,1
26979,1.069406595781073,0
26980,1.5028917693281094,0
26981,0.7108744029754557,0
26982,1.0120321491971576,0
26983,1.9434330004850253,0
26984,1.9538588663410974,0
26985,1.018525166582386,0
26986,0.6467413769797831,0
26987,2.1477218312651813,0
26988,0.6744483449228544,0
26989,2.1965008508603936,0
26990,0.46633014973167886,0
26991,1.0963714385977552,0
26992,0.8543535232695375,0
26993,0.43445076785955467,0
26994,2.663452250326519,0
26995,1.7941492998068427,0
26996,0.7998430372968027,0
26997,1.6190526598560693,0
26998,0.5712522698914172,0
26999,1.0696549613200894,0
27000,1.4859645945188096,0
27001,0.6176886341564961,0
27002,0.8125944001664196,0
27003,2.454808523554186,0
27004,1.225959784537037,0
27005,0.8844551825222939,0
27006,1.3675281837452757,0
27007,1.9902400035441719,0
27008,1.2312279657199445,0
27009,1.7457289618726652,0
27010,1.247868057890393,0
27011,3.4763677041606083,1
27012,1.2462402353478905,0
27013,2.1354909682039844,0
27014,1.1064528861047214,0
27015,1.5103793355282147,0
27016,1.0201179332346846,0
27017,0.5119772606332562,0
27018,0.36105736464799704,0
27019,1.3388128432507254,0
27020,0.37792986878408336,0
27021,2.0663820812839817,0
27022,0.8854201075656879,0
27023,0.412739572794751,0
27024,1.177588868982958,0
27025,0.9628770104126936,0
27026,0.9010812729865346,0
27027,2.074307667633571,0
27028,0.4205197717278414,0
27029,0.6109437257359052,0
27030,1.4852422268238854,0
27031,2.702835742618527,0
27032,0.8841873905998993,0
27033,1.6685112649444698,0
27034,5.695437195084295,1
27035,1.6586136513020215,0
27036,1.7654789812919705,0
27037,1.3444198993526797,0
27038,0.8962467539421869,0
27039,0.5112633035503171,0
27040,1.7630585244593993,0
27041,1.2878200941905604,0
27042,1.4032456453588373,0
27043,1.3869545633514435,0
27044,1.2377046071020092,0
27045,1.9389083078304867,0
27046,1.0473141748811152,0
27047,1.1656118279651528,0
27048,1.0738880119483867,0
27049,2.5363075900396663,0
27050,0.7451249298016803,0
27051,1.549877510084874,0
27052,0.3135012591254473,0
27053,1.3849090515297708,0
27054,1.570361796061115,0
27055,0.4166331221494957,0
27056,0.7915496281030083,0
27057,1.411172718279959,0
27058,0.9954616406549103,0
27059,1.1958044807074768,0
27060,0.5263840772295821,0
27061,1.4046821595329873,0
27062,1.954642341033364,0
27063,1.7999572054588497,0
27064,0.2878136752542361,0
27065,2.006841349973232,0
27066,1.0366941508808318,0
27067,1.9055897976942084,0
27068,1.7931147020423164,0
27069,1.3241487667860323,0
27070,1.0045965629304912,0
27071,1.628885931111862,0
27072,1.0673654082808752,0
27073,1.711690241807778,0
27074,0.9371304472976586,0
27075,0.8549789509491099,0
27076,1.670460576418073,0
27077,0.958134759204978,0
27078,0.5120457988916117,0
27079,1.3385259122768178,0
27080,2.5294518321942956,0
27081,0.5070204058860488,0
27082,0.7393608575594414,0
27083,1.7755799641785623,0
27084,1.8725400470481188,0
27085,2.7842642511177926,0
27086,1.9359198005543743,0
27087,2.313223404959692,0
27088,1.2503560798508537,0
27089,0.5539639146728947,0
27090,0.7890446749165023,0
27091,1.5218391253653532,0
27092,1.1718341598649287,0
27093,1.9373643338901942,0
27094,1.205006726354436,0
27095,3.0880999802434492,1
27096,0.6326340570413259,0
27097,1.9240476300157174,0
27098,1.3439061903636413,0
27099,0.5765363610888167,0
27100,1.5386156441964085,0
27101,3.4427390105705955,1
27102,0.4202824589328666,0
27103,0.21881405851205543,0
27104,1.005401806454151,0
27105,1.288288978108544,0
27106,0.9120570722656539,0
27107,1.0317378187516826,0
27108,0.9435959758565978,0
27109,0.3620427195136046,0
27110,1.279210395787715,0
27111,0.9044553007453261,0
27112,4.5889136511493005,1
27113,0.36993810423632106,0
27114,2.124437194301879,0
27115,1.1677494328611717,0
27116,3.711035182154112,1
27117,1.3532372587620431,0
27118,0.602344374655008,0
27119,1.1322298339916046,0
27120,2.4753354381483503,0
27121,3.615402286907908,1
27122,3.721169152545045,1
27123,0.8586778600479464,0
27124,0.8311441268524151,0
27125,0.9938800172859923,0
27126,0.8100331823398181,0
27127,0.994268592005641,0
27128,1.594325142500439,0
27129,1.8399366368870025,0
27130,2.3700212088198755,0
27131,0.403369762232535,0
27132,1.0786142789622246,0
27133,1.5614144903590106,0
27134,0.7125504095568043,0
27135,1.9512844306460202,0
27136,2.0199969914660354,0
27137,2.0948407949299512,0
27138,1.1063989033238084,0
27139,1.3663448325954741,0
27140,2.4782012155151962,0
27141,13.361401117035216,1
27142,1.0897750954522272,0
27143,2.9888079936613874,0
27144,2.065487392355103,0
27145,1.4069340235115328,0
27146,4.621848599006742,1
27147,0.964212754759655,0
27148,0.9611046794383765,0
27149,1.3783784630540414,0
27150,1.756960661241823,0
27151,1.4234846070578036,0
27152,1.205981774483928,0
27153,0.680004599216105,0
27154,1.8011012292575936,0
27155,1.4840943802367594,0
27156,2.5401084642165705,0
27157,0.7647040312489576,0
27158,0.25609899028807864,0
27159,1.283859685720717,0
27160,1.542044558558687,0
27161,1.0403233616701602,0
27162,0.4019679651753003,0
27163,2.3315118045043977,0
27164,0.35335240059578366,0
27165,1.7826411233260726,0
27166,1.1007700969472023,0
27167,0.35670821714174306,0
27168,0.8359404521842442,0
27169,1.2834134586474886,0
27170,0.6274493805976599,0
27171,0.44699911747317866,0
27172,0.28110038215512856,0
27173,0.8386883037748493,0
27174,1.32467036116223,0
27175,0.5704731973388311,0
27176,0.8251543115712807,0
27177,1.0390170474957312,0
27178,2.0964126802170755,0
27179,0.7166990850993616,0
27180,1.1517081944760252,0
27181,0.8091316953489986,0
27182,0.680112165186743,0
27183,1.2956050119108111,0
27184,1.4611107001133277,0
27185,0.8511725480199236,0
27186,0.5763375778968346,0
27187,1.6537393831468425,0
27188,0.6646346785109958,0
27189,1.2758175150910345,0
27190,3.241108386054948,1
27191,0.37849831294670383,0
27192,1.6844192815562569,0
27193,1.3693383516424855,0
27194,1.3365945442063374,0
27195,1.8818006430171548,0
27196,1.9274071017239496,0
27197,2.1178454091499224,0
27198,2.1057786292158416,0
27199,0.4958380666959769,0
27200,0.9365886343376316,0
27201,0.5202928982235082,0
27202,0.6495376398579142,0
27203,2.45951475640253,0
27204,1.186808069592217,0
27205,2.3733152405701534,0
27206,2.4198424177200595,0
27207,2.4468168387338056,0
27208,0.7424672082511768,0
27209,1.3825162553844186,0
27210,0.7759533162292302,0
27211,1.330782722825379,0
27212,0.8004184446620755,0
27213,1.7071029028195126,0
27214,0.6352426843446941,0
27215,1.3697205878359442,0
27216,1.6178175220769606,0
27217,1.4785550667812686,0
27218,1.6821262272686928,0
27219,0.9813704173517201,0
27220,0.45310824824208756,0
27221,2.8894175374394915,0
27222,1.2220463791273652,0
27223,1.3991876774459726,0
27224,1.5728607063726543,0
27225,1.6758233031984118,0
27226,1.4212615156730675,0
27227,2.278164076266591,0
27228,1.642499111119428,0
27229,1.675039161946435,0
27230,1.7290976009317416,0
27231,2.9603006864817405,0
27232,1.1431517845769175,0
27233,0.736313630782498,0
27234,1.7381517928150327,0
27235,1.3205100745869873,0
27236,0.6680633539236098,0
27237,1.252371672762313,0
27238,1.2969808475559048,0
27239,0.9919465316762389,0
27240,0.8463960412404449,0
27241,0.6743208367934722,0
27242,0.29584892683136677,0
27243,0.9394410522164971,0
27244,1.6713431535763084,0
27245,0.5088000511347127,0
27246,1.7201130972909433,0
27247,1.668874545292559,0
27248,1.5594260336045345,0
27249,1.301600204352117,0
27250,0.837895448678475,0
27251,1.1642430951481815,0
27252,0.36087000802603914,0
27253,2.1738207627488064,0
27254,1.185407937099903,0
27255,1.904532427685703,0
27256,0.7878667318760082,0
27257,1.1398775803022332,0
27258,1.9083608108762358,0
27259,1.0417604526308226,0
27260,0.9754550730729595,0
27261,1.682712411016356,0
27262,1.2409939998137893,0
27263,3.4908957674222996,1
27264,4.231592783224718,1
27265,0.5331506856180115,0
27266,0.532172057404639,0
27267,1.986467890818455,0
27268,2.191677504001658,0
27269,1.4232445878891338,0
27270,2.0540958243267187,0
27271,5.849917353124407,1
27272,1.097836131980863,0
27273,0.44259742310143696,0
27274,0.9251756181087879,0
27275,1.1404145386936948,0
27276,1.4990176280936254,0
27277,1.1655774402834205,0
27278,0.4572560504741838,0
27279,1.5035319903179996,0
27280,0.5867704976069048,0
27281,0.6533446286313678,0
27282,0.6843628231730216,0
27283,0.6493774189698915,0
27284,0.29896060348764675,0
27285,0.7739869858784435,0
27286,2.372489699293218,0
27287,4.947639448602462,1
27288,1.9682950035217006,0
27289,0.48988302725767574,0
27290,1.6278787017122036,0
27291,2.50774544199721,0
27292,2.5989359966802823,0
27293,0.3224370840822258,0
27294,1.1356781527088926,0
27295,0.43445076785955467,0
27296,0.34584184248713484,0
27297,0.3304898132757067,0
27298,1.3516743491719083,0
27299,3.4983401345435508,1
27300,0.8624953618030934,0
27301,1.4256931802495951,0
27302,2.3503641094587238,0
27303,0.7093590507453216,0
27304,3.4581863614054154,1
27305,1.3140183942417167,0
27306,1.3913472813982088,0
27307,0.3350485525336339,0
27308,1.0984025695039887,0
27309,2.7688841037465908,0
27310,0.3400325114912285,0
27311,2.199974209770631,0
27312,2.8377630847790973,0
27313,1.869171736390953,0
27314,0.5238340511670782,0
27315,0.6190683181518223,0
27316,1.760200280324358,0
27317,1.2670840522115123,0
27318,0.5288700852184898,0
27319,3.0273360228970074,0
27320,1.8448548760602503,0
27321,1.4326231534938842,0
27322,1.8809565206423744,0
27323,1.4452008724744863,0
27324,3.0941239755607617,1
27325,0.2618213139651516,0
27326,1.5087663363935895,0
27327,2.2975465648344815,0
27328,0.9613445909595888,0
27329,0.46463142387626727,0
27330,1.6175467509600294,0
27331,0.5949838860809786,0
27332,1.8666801635582466,0
27333,2.99640468329376,0
27334,0.757660398298459,0
27335,1.2341157944970584,0
27336,0.9177837116445019,0
27337,0.9129975793359708,0
27338,1.6488213876418853,0
27339,1.2444862892199253,0
27340,0.6450504272038756,0
27341,2.2823489218367445,0
27342,1.0643140102160533,0
27343,0.8151521003910801,0
27344,0.7725074164873986,0
27345,0.5352455246562794,0
27346,0.8553767691850924,0
27347,1.2009234594549083,0
27348,0.6374177327405341,0
27349,1.8091956988720743,0
27350,0.8402335154524672,0
27351,0.3522466954954282,0
27352,1.1661185899560287,0
27353,2.053238243888133,0
27354,0.970815100345354,0
27355,1.3210244813822576,0
27356,1.6140023793807918,0
27357,0.5770856269832805,0
27358,0.4308087057856283,0
27359,2.688005732776807,0
27360,2.1275146231111726,0
27361,0.34126525340581776,0
27362,0.6449566834201038,0
27363,1.0384839622061433,0
27364,0.6141537546720678,0
27365,1.4038809480064922,0
27366,1.0937406446710571,0
27367,1.1424987384368004,0
27368,0.5125058253836235,0
27369,2.880383572052131,0
27370,0.7468763621904115,0
27371,2.7698886688444477,0
27372,1.0652078985282016,0
27373,0.8267406344730688,0
27374,1.1539656804049845,0
27375,0.5949626994860349,0
27376,1.4536802730421043,0
27377,1.5611785442463613,0
27378,4.4917949671768875,1
27379,0.6144011422956626,0
27380,1.3433814670237232,0
27381,2.7983295673341826,0
27382,0.6860424024757876,0
27383,4.676142135444849,1
27384,1.8599164177666159,0
27385,0.6640031364470842,0
27386,1.5147248933800728,0
27387,0.934088596498994,0
27388,1.1454927123549814,0
27389,2.8339258071629887,0
27390,1.0382116807393804,0
27391,1.5632781531840103,0
27392,0.6578462562072741,0
27393,1.068154676964342,0
27394,0.717879682002408,0
27395,1.4709833701782615,0
27396,2.010654997480453,0
27397,2.0210513144047138,0
27398,0.7917918619269674,0
27399,0.5464085811368157,0
27400,1.7698984126019857,0
27401,1.4786023663828707,0
27402,0.9096133387037356,0
27403,1.6925419831795137,0
27404,1.0350170922600284,0
27405,3.01036374115809,0
27406,1.0996354662329475,0
27407,2.402312431213745,0
27408,3.0990740190279142,1
27409,0.4090918527582324,0
27410,1.80792775272696,0
27411,0.4377719671957923,0
27412,1.1389244379118217,0
27413,2.2059748426354764,0
27414,0.8093302706130909,0
27415,0.48984744712033396,0
27416,2.254945523359125,0
27417,0.9507781322372647,0
27418,2.02385508753265,0
27419,0.6574417507682645,0
27420,0.5885460648611505,0
27421,0.6511300549526826,0
27422,3.186703327735335,1
27423,0.2811276342626378,0
27424,0.7690232852159622,0
27425,2.2749310979401183,0
27426,1.0598810150285545,0
27427,1.8501113637072057,0
27428,0.9267362023560739,0
27429,0.5790160746088296,0
27430,0.5090319190124544,0
27431,1.6057515955803547,0
27432,1.7680091708803998,0
27433,2.1023072728730994,0
27434,1.5437987659452805,0
27435,2.3073680543461905,0
27436,0.390430901652781,0
27437,2.934888228573722,0
27438,4.729663210743746,1
27439,1.2280230629538817,0
27440,14.612951891655575,1
27441,2.241703255034438,0
27442,0.5435971872740976,0
27443,2.6560886867844458,0
27444,1.4899739508121104,0
27445,0.5579865594306015,0
27446,1.8230721339389921,0
27447,1.0882794445149042,0
27448,1.4263111998281301,0
27449,0.5300266278090674,0
27450,0.9142189410542275,0
27451,0.7054292474420996,0
27452,1.8460118615120724,0
27453,1.0172952991277626,0
27454,1.1065020754781016,0
27455,2.2207669848378617,0
27456,0.6715051239556419,0
27457,1.4179803540516136,0
27458,1.5316177046263062,0
27459,1.864819037546746,0
27460,0.5100312924384797,0
27461,1.4936014804721818,0
27462,3.0828788512601264,1
27463,1.9220014301434702,0
27464,1.362004884663222,0
27465,2.2579639689447766,0
27466,2.3247001108773997,0
27467,4.758054060378403,1
27468,1.221913319636897,0
27469,3.0675540778014154,1
27470,0.7102402150361203,0
27471,3.6365076864159227,1
27472,1.6891539495127998,0
27473,1.9045960165074172,0
27474,1.3063690475002887,0
27475,0.7310645184802401,0
27476,1.7101674548176622,0
27477,2.6044243617305134,0
27478,1.2674703842528465,0
27479,0.7173287071059427,0
27480,2.4963070675647923,0
27481,1.8498206818160245,0
27482,1.5579015366085374,0
27483,1.4902526173668547,0
27484,1.5813782131603098,0
27485,2.071773572074548,0
27486,0.4139842832773094,0
27487,1.0067920293938397,0
27488,0.5054330703295934,0
27489,1.0226026742537704,0
27490,0.6966447932616586,0
27491,3.3123670212999943,1
27492,0.4037465982382323,0
27493,1.6383307497167967,0
27494,2.019729751495687,0
27495,1.005329207043485,0
27496,0.8023320721176069,0
27497,3.05032822212764,0
27498,6.576356664335263,1
27499,1.839813729699349,0
27500,0.43793921661157253,0
27501,2.1817862922351283,0
27502,2.704112271308156,0
27503,0.7792231161853265,0
27504,1.010204379384336,0
27505,1.051979469134846,0
27506,1.6096642867751045,0
27507,0.7537479994940536,0
27508,1.3438739802293056,0
27509,1.3655312283787349,0
27510,3.575527032927881,1
27511,1.7655645973583889,0
27512,3.8509663450023788,1
27513,0.87795664303486,0
27514,0.7081466168587519,0
27515,0.8348888733785321,0
27516,0.3703377712182705,0
27517,1.6919690042290598,0
27518,4.9695781496153915,1
27519,1.5118098396661541,0
27520,1.1086051439477063,0
27521,1.956568219395949,0
27522,1.6813011945999576,0
27523,1.2885470011866793,0
27524,1.4440072373568122,0
27525,1.7325487188875708,0
27526,2.5726193309107175,0
27527,2.157545756728148,0
27528,1.9518929064821462,0
27529,1.3745564558240724,0
27530,0.8777193069008971,0
27531,1.702187110852646,0
27532,0.5449504067229584,0
27533,2.3434038934435493,0
27534,1.0506209293097164,0
27535,2.162171777797773,0
27536,1.6062441430292274,0
27537,0.9994584161229735,0
27538,1.5421624317338392,0
27539,0.9342617174931687,0
27540,4.455610070867258,1
27541,1.7581086925214287,0
27542,1.9118224880719683,0
27543,1.5128147399138676,0
27544,1.549737056142524,0
27545,1.283204915092406,0
27546,1.0199669730226903,0
27547,3.127083439980441,1
27548,5.072588040757566,1
27549,1.0532228692881807,0
27550,1.666847218629892,0
27551,2.1972746372544316,0
27552,1.1746195520762848,0
27553,1.664854105211586,0
27554,1.5119794893383,0
27555,3.5129227428007694,1
27556,2.174173844597748,0
27557,6.19194503316812,1
27558,1.3642154968525682,0
27559,2.0906036324627424,0
27560,1.4536342884675808,0
27561,1.073167155058288,0
27562,0.44822322150400207,0
27563,1.052129424943277,0
27564,2.7323568692951357,0
27565,1.488986533775057,0
27566,1.0746220905304114,0
27567,1.5981641902284973,0
27568,2.0965235964380757,0
27569,2.1028308815588135,0
27570,1.6072985297694942,0
27571,1.022492222653632,0
27572,2.7398513349288818,0
27573,0.6648658303251322,0
27574,0.5076353537071872,0
27575,3.8553101149133955,1
27576,0.8606445073376116,0
27577,2.1890181956418946,0
27578,0.7800792221649774,0
27579,2.374218422038444,0
27580,3.020183393768289,0
27581,2.5183107858412206,0
27582,4.114987029037456,1
27583,0.9952376862343428,0
27584,0.6123862555203096,0
27585,1.943051908458546,0
27586,0.7043062087982338,0
27587,1.0400603585995671,0
27588,1.3545088775017577,0
27589,1.0023213289880293,0
27590,1.1570261636027153,0
27591,1.0641156862237904,0
27592,0.2895877063536236,0
27593,0.6893937302095844,0
27594,0.8199571126715581,0
27595,0.829435966764916,0
27596,0.8479031661422461,0
27597,0.3731038292073195,0
27598,0.31044723695842225,0
27599,1.46135244137215,0
27600,0.9582584416885712,0
27601,1.1585938733971168,0
27602,1.9463927717659701,0
27603,0.7417651106918498,0
27604,0.38671798288748926,0
27605,1.868712269312361,0
27606,0.4432639066573046,0
27607,0.7090566874991381,0
27608,0.6363368290919121,0
27609,2.1818407818039542,0
27610,0.4376142505384879,0
27611,0.2846643866140016,0
27612,0.4090842773317633,0
27613,1.21505040076832,0
27614,2.1231925434310095,0
27615,1.169357709048969,0
27616,0.26248194828034077,0
27617,0.6356019553501749,0
27618,1.511788240565104,0
27619,0.12140483213457842,0
27620,0.33184581274098884,0
27621,0.802083347966975,0
27622,0.6067817348187643,0
27623,1.3217878786562942,0
27624,0.9803981941154121,0
27625,2.1952722597103493,0
27626,0.8402196879826818,0
27627,1.163061224834949,0
27628,0.9375464331410118,0
27629,0.9407933509630672,0
27630,1.2738775587255404,0
27631,0.942527847921733,0
27632,0.5957834487380146,0
27633,0.13049447274941758,0
27634,0.8415967003345731,0
27635,0.5124985853296792,0
27636,0.47111577357956147,0
27637,0.6795997007123458,0
27638,0.3423295959777571,0
27639,1.4581742878116686,0
27640,0.2119602378507862,0
27641,0.25877517389294075,0
27642,0.33975532895436067,0
27643,1.8221886995004553,0
27644,0.48130334748240566,0
27645,2.704510869806846,0
27646,0.40628726303211943,0
27647,0.3243515693933617,0
27648,1.0353192933396707,0
27649,1.0888580451162477,0
27650,1.9135815579161057,0
27651,1.2321656042426032,0
27652,0.9215930655683066,0
27653,1.0291749975836406,0
27654,2.115897196943502,0
27655,0.22769246067488508,0
27656,0.31769869096105813,0
27657,0.4629388971300976,0
27658,0.42235438156798444,0
27659,1.294008658452769,0
27660,0.9173845810625347,0
27661,0.7377561850353488,0
27662,2.1965239424349132,0
27663,1.475520593946212,0
27664,0.9899102366863927,0
27665,2.5500336514277206,0
27666,2.628629132750774,0
27667,0.316135007238009,0
27668,2.0152309188337774,0
27669,0.7171874477492726,0
27670,2.144546547945259,0
27671,0.43917513085048104,0
27672,0.25879275760790865,0
27673,1.3845009086253337,0
27674,0.21849838907884558,0
27675,0.34896196505889765,0
27676,1.9886554739008921,0
27677,0.6894321583356178,0
27678,1.5524577240419053,0
27679,1.493443980143454,0
27680,0.5901227016076258,0
27681,1.4358556110247023,0
27682,2.036701609417331,0
27683,0.3323582250990233,0
27684,0.34774871975670874,0
27685,0.8270476624701248,0
27686,0.16545068747666394,0
27687,0.7510806921701878,0
27688,0.2913133790570422,0
27689,0.20273815613772564,0
27690,0.9235186801241813,0
27691,0.9130404549870228,0
27692,2.8747778748373194,0
27693,1.0737964448254789,0
27694,0.24162649500347946,0
27695,0.41422450887599976,0
27696,0.8937580595599355,0
27697,0.5334647344731809,0
27698,0.5061088918261752,0
27699,0.9469603089866736,0
27700,0.8390216090906918,0
27701,1.0321918088728208,0
27702,1.0026327229871979,0
27703,1.4606733002002652,0
27704,1.2464415092319892,0
27705,3.184329351068388,1
27706,0.32503528472256527,0
27707,1.98825316491965,0
27708,0.19364377953994613,0
27709,0.2254204209364444,0
27710,0.7828547059407971,0
27711,1.1903798231405522,0
27712,0.5210675494585275,0
27713,0.32504385210364284,0
27714,0.6884680590559786,0
27715,0.6957308706381988,0
27716,0.6270528888494356,0
27717,0.4131964292177958,0
27718,1.7464834241316443,0
27719,0.3685181489285741,0
27720,1.2256947815496753,0
27721,0.3294489877076047,0
27722,1.7819858035483174,0
27723,0.33491566190174094,0
27724,1.6994322827586656,0
27725,0.40798820269127023,0
27726,0.7689227953623187,0
27727,1.2261670469979356,0
27728,1.3164972249896805,0
27729,0.2798440052888246,0
27730,0.861573789405933,0
27731,0.6853902942451559,0
27732,0.3668774927073776,0
27733,0.7066429601312388,0
27734,1.6808059803604176,0
27735,0.23269077573099958,0
27736,1.3484564236875258,0
27737,0.20213423608077022,0
27738,0.5888657821455977,0
27739,1.9344848457340185,0
27740,0.3883146596090067,0
27741,0.4338703669309856,0
27742,0.6464718182936782,0
27743,0.2667292863458887,0
27744,1.2473775435752765,0
27745,1.4791927312284008,0
27746,1.5498819701509408,0
27747,1.2841985529272901,0
27748,1.2165842244726919,0
27749,0.3938065545106413,0
27750,0.3220808096830781,0
27751,0.4745870312692864,0
27752,0.44069255636349375,0
27753,0.6846783980086949,0
27754,0.9309586208394914,0
27755,0.8601874011964025,0
27756,0.4655233477271904,0
27757,0.33136386151189684,0
27758,1.40611380308633,0
27759,1.1712339804050558,0
27760,0.494979683906136,0
27761,0.9820872202862858,0
27762,1.7421828102342487,0
27763,1.273385738885995,0
27764,1.4609572826846995,0
27765,0.3289072146861359,0
27766,0.32555301632616024,0
27767,2.45953489441643,0
27768,0.5275707078269488,0
27769,1.7465002485472911,0
27770,0.618431850493008,0
27771,0.5410128123808808,0
27772,0.2874088407601417,0
27773,1.2938980416099437,0
27774,1.5702478240455637,0
27775,1.1970713046785806,0
27776,0.9374744100929834,0
27777,0.24556929780983688,0
27778,0.749890427086522,0
27779,1.1660252087422263,0
27780,0.37888522993288465,0
27781,0.3069693023315831,0
27782,0.3004234662559356,0
27783,0.8113581777836922,0
27784,0.5742762558598574,0
27785,2.8709920466502323,0
27786,0.19047467613928187,0
27787,0.8086009159035213,0
27788,1.15959443125372,0
27789,0.1646508163826361,0
27790,1.13654705052861,0
27791,0.3070258456117949,0
27792,0.4011445529557653,0
27793,2.47713265372374,0
27794,2.2789213733122637,0
27795,1.9301183371838375,0
27796,1.1936726974904355,0
27797,1.0801213961227207,0
27798,2.0525128860738127,0
27799,1.0514328800156745,0
27800,0.6359358615855495,0
27801,3.0660457705983637,0
27802,1.3898943587795238,0
27803,0.4511522963323595,0
27804,3.008505737592796,0
27805,0.2699239264093387,0
27806,0.3849595826646924,0
27807,1.8772606753569512,0
27808,1.9624065398137778,0
27809,1.583540207377003,0
27810,0.27556184485540197,0
27811,0.34356124662588877,0
27812,1.9750091308945634,0
27813,0.39486170997926057,0
27814,1.1806315710131683,0
27815,0.7211489213256337,0
27816,1.5419929623256008,0
27817,0.5964015902340282,0
27818,2.497872382815092,0
27819,2.008902529862373,0
27820,0.3332682261546666,0
27821,0.4238464616213452,0
27822,1.2571658814722368,0
27823,0.9978601509771076,0
27824,4.691458046714106,1
27825,0.9540791234679242,0
27826,1.1034488787208698,0
27827,0.853296701438863,0
27828,0.9262965007986883,0
27829,1.9166955730304396,0
27830,1.2086002393354278,0
27831,1.415070113595796,0
27832,2.114351454168307,0
27833,1.0369296651081759,0
27834,0.7115409871831463,0
27835,0.9533043262407666,0
27836,0.335008891327693,0
27837,1.4500537869170451,0
27838,2.3165028579174347,0
27839,1.6960206782391016,0
27840,1.0486729129803305,0
27841,2.044293450312284,0
27842,1.5831915137024395,0
27843,0.9236539886148097,0
27844,3.294406725198572,1
27845,1.4796464847359412,0
27846,0.3642118787584908,0
27847,0.7836853474988404,0
27848,0.890616846794337,0
27849,0.9467172979270402,0
27850,1.626118971517257,0
27851,1.3607680832989237,0
27852,1.5726057385750911,0
27853,1.5389203920279566,0
27854,0.50758976686066,0
27855,0.4140587446968119,0
27856,0.32688029729386536,0
27857,0.871258886807072,0
27858,0.7848923584062982,0
27859,0.8286905613586089,0
27860,1.7116665836801206,0
27861,0.7913153301201502,0
27862,0.7265793246664954,0
27863,0.9220237634046737,0
27864,1.0275581233337716,0
27865,2.1723262249028723,0
27866,2.0150840598151376,0
27867,2.2454266878608498,0
27868,2.03414177859347,0
27869,0.2897790029882402,0
27870,0.2305770419256713,0
27871,2.884086171567509,0
27872,0.2891541573936532,0
27873,2.9665626039190442,0
27874,0.6045048689424406,0
27875,0.6450770866840717,0
27876,0.6488691246079521,0
27877,2.3014755582606368,0
27878,1.1660962351325466,0
27879,0.5166351416202438,0
27880,2.4878835558293106,0
27881,1.4472180120396767,0
27882,0.7042383573780817,0
27883,1.141781990873425,0
27884,1.81186674863386,0
27885,1.349659803756485,0
27886,1.5489918477034605,0
27887,0.5721423434103,0
27888,1.484554017031564,0
27889,0.44681619681669466,0
27890,1.8556661669575971,0
27891,1.2024206037548,0
27892,0.4672300692783865,0
27893,0.41389372985652373,0
27894,2.837104025205888,0
27895,2.5578632329362674,0
27896,1.1520725121794302,0
27897,1.049354169557745,0
27898,1.3764236922568713,0
27899,0.5110253561806499,0
27900,0.4240478459893508,0
27901,3.2060983805081906,1
27902,0.5098677655099083,0
27903,2.8572390072624576,0
27904,1.3670191996185526,0
27905,0.7112010792696865,0
27906,2.4019146800751017,0
27907,2.8965664374757245,0
27908,0.6744044942465542,0
27909,0.2131058284881572,0
27910,2.682871893629356,0
27911,1.8755654770855554,0
27912,1.2254441095998958,0
27913,1.2309070708816825,0
27914,0.2552678496914608,0
27915,2.05303155698662,0
27916,1.4361127455822131,0
27917,0.1585459229876877,0
27918,1.1547693505395282,0
27919,2.0011544228586553,0
27920,1.850348333713875,0
27921,1.1436596572469695,0
27922,1.258429569938117,0
27923,4.553458510009291,1
27924,0.4215059802150511,0
27925,1.960379275638271,0
27926,0.4530484522992772,0
27927,1.244499852770854,0
27928,0.16532861808936403,0
27929,0.7387317173899269,0
27930,0.8537521784209894,0
27931,0.43317801972662195,0
27932,0.9845846865925997,0
27933,0.68993514817437,0
27934,1.4792884942104607,0
27935,0.6164517332567665,0
27936,0.5631869485850519,0
27937,1.4122534822208914,0
27938,1.0414280334193606,0
27939,0.8928414802541274,0
27940,0.9854792893553621,0
27941,2.609522352536217,0
27942,0.5565584885148737,0
27943,0.5847429164558408,0
27944,0.42796570693996405,0
27945,0.7403412252335436,0
27946,0.33545397294484774,0
27947,2.0331746196625025,0
27948,0.4978024104633407,0
27949,1.6788979951629461,0
27950,2.3155951382242375,0
27951,0.2887449649556903,0
27952,2.1257162982983018,0
27953,0.3001509576596259,0
27954,1.2580945563173127,0
27955,1.4499645588249264,0
27956,0.9474366857797307,0
27957,0.976299078944389,0
27958,0.618536680087806,0
27959,0.30832152588879763,0
27960,0.4557092456773994,0
27961,1.0520574885470246,0
27962,0.8712134615492022,0
27963,1.3835394467024114,0
27964,3.5718043927380165,1
27965,0.5470833622064576,0
27966,0.3892219951809392,0
27967,1.997673110490186,0
27968,0.2180301132855116,0
27969,0.39597715152059126,0
27970,0.8813181706435077,0
27971,1.0512730125481098,0
27972,1.2579852460592114,0
27973,0.8616087301426434,0
27974,1.6561805342036169,0
27975,1.3779332568737581,0
27976,1.0064257712077183,0
27977,1.1138923741922513,0
27978,0.8384934904978193,0
27979,0.3718524518022505,0
27980,0.5116301350443254,0
27981,0.4935001441030495,0
27982,0.546478967002057,0
27983,0.9762114245831555,0
27984,1.6346375990986126,0
27985,0.35647872296563354,0
27986,1.3194030822989822,0
27987,0.4568226729354588,0
27988,0.8731810524009881,0
27989,1.4158820623901667,0
27990,0.5412533980578064,0
27991,2.422748021544403,0
27992,4.960728528526821,1
27993,0.7171767510550269,0
27994,0.6956528191073883,0
27995,1.169968707977702,0
27996,0.33465392372014086,0
27997,0.8946858262048685,0
27998,0.9380933424948774,0
27999,2.1286392287260885,0
28000,0.7459425577870641,0
28001,0.6158441354650191,0
28002,0.7413503174250728,0
28003,43.91753152655823,1
28004,1.2979235685267179,0
28005,1.70196951160955,0
28006,0.34250564985900905,0
28007,0.639271523359912,0
28008,1.7990162096638913,0
28009,0.34340515033702157,0
28010,1.5897191059075744,0
28011,1.065065161939825,0
28012,1.0792699727003745,0
28013,0.4948451106982998,0
28014,1.2349607234469187,0
28015,1.084653828894082,0
28016,0.36972456276669224,0
28017,2.0180777915636643,0
28018,0.8576737505266525,0
28019,1.690098053738985,0
28020,0.9041942481928832,0
28021,1.5693706304319117,0
28022,0.5662312910298598,0
28023,0.5637505404317039,0
28024,1.414416495978823,0
28025,0.9941433516862127,0
28026,1.0112201820103541,0
28027,0.980674385229332,0
28028,1.3084788611956715,0
28029,3.6024229736910054,1
28030,0.5603189060979197,0
28031,1.2669292961197636,0
28032,1.570092788539285,0
28033,1.5952124078978895,0
28034,1.3945736823641233,0
28035,1.6867043059137654,0
28036,0.44296864268679964,0
28037,9.986562704490522,1
28038,0.740622095681955,0
28039,1.4408019558278065,0
28040,1.9792834368331682,0
28041,2.816629880936204,0
28042,0.6871703024174347,0
28043,2.3540515865005025,0
28044,0.44965617790953305,0
28045,0.3961378653573858,0
28046,3.009981279929967,0
28047,1.2638144379647023,0
28048,0.6059737703452001,0
28049,1.0340048572511373,0
28050,1.9244125401626941,0
28051,0.5085107409900179,0
28052,1.0537680256959048,0
28053,1.8974573296730701,0
28054,1.62931815325099,0
28055,1.0316056596251544,0
28056,0.940748048740194,0
28057,0.7300660275775884,0
28058,0.9904421121237179,0
28059,1.0834742740787155,0
28060,0.35083583666476176,0
28061,1.0530133563732584,0
28062,1.9932813430342304,0
28063,0.9840842857385828,0
28064,0.5470106786775722,0
28065,2.980503061298984,0
28066,1.393923051045575,0
28067,1.3405525279142272,0
28068,0.4883807953834338,0
28069,2.60260879648157,0
28070,0.6401917286128879,0
28071,0.3332814344428888,0
28072,1.4223938370809606,0
28073,1.7940972855014872,0
28074,0.2610618084000633,0
28075,0.7589205126615596,0
28076,1.1122568877597843,0
28077,0.8555148746682205,0
28078,0.8328253117023843,0
28079,1.9536656559064158,0
28080,1.2345822320517605,0
28081,2.5462593630680606,0
28082,0.7174770932520437,0
28083,1.2166636663786667,0
28084,1.6947576003424756,0
28085,0.3131426608235803,0
28086,1.5125663594908694,0
28087,0.432376936155077,0
28088,2.286818745147701,0
28089,0.9068779705217228,0
28090,0.6467098294159392,0
28091,1.6632647678242412,0
28092,0.9145407928436676,0
28093,0.5867094465621947,0
28094,2.247095190228668,0
28095,0.8157740468670455,0
28096,0.7634268696365079,0
28097,4.83832577509933,1
28098,1.0139385723764915,0
28099,2.061259537969027,0
28100,0.6572227298776366,0
28101,1.4816852934236655,0
28102,1.1446558911067768,0
28103,1.523239273936434,0
28104,1.1261704915700004,0
28105,0.8994065132325938,0
28106,1.219982056672818,0
28107,1.0575222668180067,0
28108,1.1365535560723181,0
28109,1.1114139919855204,0
28110,3.5005563259542094,1
28111,0.41485726047342697,0
28112,6.922658576075757,1
28113,0.9943165961074265,0
28114,0.8506338365353269,0
28115,1.721646144407733,0
28116,1.2191445198944029,0
28117,1.2916054842746152,0
28118,1.528244288810981,0
28119,1.2779374388120908,0
28120,0.6199635069689061,0
28121,0.8269245368953282,0
28122,1.455257056268162,0
28123,0.9477513373707649,0
28124,0.3291397390676323,0
28125,0.6306383082679813,0
28126,1.0987871292310725,0
28127,0.2652078215035132,0
28128,1.703679717833632,0
28129,0.3452069987697107,0
28130,0.444243787685734,0
28131,0.6841256260935145,0
28132,1.5934002484197778,0
28133,0.2804098918682087,0
28134,3.7261020414062975,1
28135,0.6424123314646465,0
28136,0.6893363178473072,0
28137,2.1644824148933366,0
28138,0.9856186477422354,0
28139,0.9569400634712034,0
28140,0.7081074112118262,0
28141,1.3260065775467773,0
28142,4.837779863224335,1
28143,2.485289365992799,0
28144,0.611966000444111,0
28145,2.787904000273335,0
28146,3.323751432799583,1
28147,0.6616704459787182,0
28148,1.022747808169639,0
28149,1.515754671829431,0
28150,3.0680928348740815,1
28151,2.175390208128398,0
28152,0.22301140515662443,0
28153,0.5886138814142116,0
28154,1.6407199818318579,0
28155,0.5570730279613925,0
28156,0.5045752920996083,0
28157,2.7771322127682203,0
28158,2.444250664908686,0
28159,3.1281516875463646,1
28160,1.4703677175648007,0
28161,6.838797107697199,1
28162,0.8370677588941926,0
28163,1.374807655778757,0
28164,1.3547899673426633,0
28165,0.9461015096640989,0
28166,0.5187635070831457,0
28167,0.5059272356393595,0
28168,1.1864835597911718,0
28169,0.22331049241246811,0
28170,1.4048407923934545,0
28171,0.6959663682210794,0
28172,0.42101826813571264,0
28173,0.2611956925750525,0
28174,1.0863257768068748,0
28175,0.29480725849005,0
28176,0.7340642897012762,0
28177,0.17787884047304198,0
28178,1.223029237914344,0
28179,0.7056639465349328,0
28180,0.8481448764545917,0
28181,1.016380505476205,0
28182,1.9550006560371869,0
28183,0.3190089021278254,0
28184,0.6344312764422739,0
28185,1.0136486635391928,0
28186,0.9857402607024901,0
28187,0.36626063624319266,0
28188,0.5114330559008751,0
28189,0.4013419598683979,0
28190,2.2010735136855577,0
28191,0.3925326993356189,0
28192,1.461157683714178,0
28193,3.41461317697441,1
28194,0.5646907417014136,0
28195,3.416117459621019,1
28196,1.9094526109318017,0
28197,0.4804050280336572,0
28198,0.8410598278311455,0
28199,1.6307289862168948,0
28200,1.2170401815449752,0
28201,2.5842087231485054,0
28202,1.5301053863997538,0
28203,1.0588997765170425,0
28204,0.5091276709899735,0
28205,0.39493026873556236,0
28206,0.5862893242593733,0
28207,0.3774688762501164,0
28208,2.211340096482843,0
28209,2.4617891465700286,0
28210,0.6035398249883573,0
28211,1.4027071619183096,0
28212,0.7981145300418598,0
28213,1.8668539247822382,0
28214,2.7011581778708873,0
28215,1.0050138975617835,0
28216,1.0215131194459006,0
28217,0.7661318739293292,0
28218,1.2569067662458573,0
28219,0.3466225528475942,0
28220,1.6267282653390371,0
28221,1.6014538107784113,0
28222,0.8090062463391925,0
28223,0.8192150003564314,0
28224,0.6029380294388175,0
28225,0.49545672398653784,0
28226,2.499637992981019,0
28227,0.844038896220749,0
28228,0.18952286133627824,0
28229,4.336213232503789,1
28230,0.30670338316685497,0
28231,1.330295347792014,0
28232,1.2434307268877722,0
28233,0.4272754035090648,0
28234,1.2517281971057737,0
28235,0.4894363912871033,0
28236,3.808739314711004,1
28237,2.2820573477696913,0
28238,1.342520001917802,0
28239,1.2212565305541845,0
28240,0.5326223443761868,0
28241,1.1670461011650075,0
28242,0.7606669612764771,0
28243,1.1050553209943341,0
28244,2.603655529850579,0
28245,1.1939942674154125,0
28246,1.6880420423592823,0
28247,1.0069261620372678,0
28248,1.9807095515321156,0
28249,1.2762856068605755,0
28250,0.37916390768380204,0
28251,1.231961612056565,0
28252,0.7776328285813096,0
28253,0.3135583718309175,0
28254,0.5984562517180706,0
28255,1.3461857204082972,0
28256,0.8773320917380256,0
28257,0.8659763671766335,0
28258,0.409453083245119,0
28259,1.4281807099909665,0
28260,1.376913776386405,0
28261,0.9290390253013942,0
28262,0.3213964698566099,0
28263,0.4376694311708287,0
28264,1.2561414207129447,0
28265,0.3185789632638974,0
28266,1.1199225140672275,0
28267,0.5837077140215357,0
28268,0.4366255610830222,0
28269,1.4559049436543177,0
28270,0.2615531484675177,0
28271,0.4748736634548596,0
28272,1.795013437746221,0
28273,0.386794770766276,0
28274,0.9726907433101615,0
28275,0.4486318639150228,0
28276,4.682403674690179,1
28277,8.687206721898464,1
28278,2.368726544667477,0
28279,0.8613914129686424,0
28280,0.41797933847432517,0
28281,0.8759100828140359,0
28282,0.6844465537231863,0
28283,1.149815797420804,0
28284,0.8973651234245494,0
28285,1.1436470385065507,0
28286,0.6417047978523935,0
28287,0.8094987249000063,0
28288,0.43943863799983507,0
28289,0.8115855892726097,0
28290,1.337404573846272,0
28291,1.9456535255339729,0
28292,3.1563675020216326,1
28293,1.5048795069087997,0
28294,0.4147705330701798,0
28295,0.6069941087054879,0
28296,0.6349555617479514,0
28297,1.156165614304377,0
28298,0.24682294707975816,0
28299,0.49874771323226896,0
28300,0.48849045790073836,0
28301,2.0252110203385887,0
28302,0.7023568438450941,0
28303,0.365404694375088,0
28304,1.1443968064455676,0
28305,1.116942323430913,0
28306,0.4012575136852153,0
28307,0.657711881785951,0
28308,0.4709270647859372,0
28309,1.0229268081534524,0
28310,2.4107482290908817,0
28311,1.3511040885225205,0
28312,0.7277524795455916,0
28313,1.1598411880065407,0
28314,1.8143043013455995,0
28315,1.107796886839556,0
28316,1.4434586438962171,0
28317,0.26919251262336646,0
28318,2.1701513751747323,0
28319,0.44949435828060375,0
28320,1.706939766089512,0
28321,0.8136150117646093,0
28322,0.6689395100809161,0
28323,1.0383282785389183,0
28324,0.684286466194358,0
28325,1.0178463512774525,0
28326,0.8455929576776449,0
28327,0.25263291073873106,0
28328,2.102628793571482,0
28329,1.0939545778604243,0
28330,3.1913853108094172,1
28331,1.20287866197248,0
28332,3.109086214135372,1
28333,2.427638012514532,0
28334,3.4833943556081164,1
28335,0.4675898574803486,0
28336,0.7163604553190323,0
28337,2.554210833563083,0
28338,0.42556235626755257,0
28339,0.8426995933328935,0
28340,2.320015874808327,0
28341,1.929021866382456,0
28342,0.9163934228240529,0
28343,2.2921688911940823,0
28344,2.2005842851499393,0
28345,2.1232519786462123,0
28346,0.3480138507344264,0
28347,1.2560225323517737,0
28348,0.5789347495668633,0
28349,2.056087604237961,0
28350,5.094158878172913,1
28351,1.2358375756007796,0
28352,0.6281703229509717,0
28353,1.1704860280687368,0
28354,0.34701372668510294,0
28355,3.4981729368732126,1
28356,0.6873494384785163,0
28357,2.323936129187473,0
28358,2.440556132212006,0
28359,0.975460737818361,0
28360,0.6705082725421588,0
28361,0.626885617679317,0
28362,1.2494740319329207,0
28363,0.9983874658441221,0
28364,0.6744209659603954,0
28365,1.466279957283859,0
28366,1.2841877036091034,0
28367,1.4952646533475642,0
28368,1.2131053616880796,0
28369,0.48388997645266574,0
28370,1.5689318663470886,0
28371,2.122610463819672,0
28372,0.9088620894783094,0
28373,0.7285343528345104,0
28374,1.3697910561572282,0
28375,0.4640694045969299,0
28376,0.9111250575818463,0
28377,0.6248803067780224,0
28378,1.9888090401945446,0
28379,0.31753165880658796,0
28380,1.3348762227429785,0
28381,0.6800124534923334,0
28382,1.5393324290804513,0
28383,0.8985627445125529,0
28384,1.7618627278252157,0
28385,1.1399289911922827,0
28386,1.1010626410199968,0
28387,0.5402208200450979,0
28388,2.6686918029460545,0
28389,1.9800288336540348,0
28390,0.722544549371441,0
28391,0.8937538667039866,0
28392,1.485096404260306,0
28393,0.6307948577770476,0
28394,0.9812076192673186,0
28395,0.5950525627629054,0
28396,1.5442385333935265,0
28397,1.6338893303140984,0
28398,0.40181522204383374,0
28399,1.9883925837557264,0
28400,0.49720662979738167,0
28401,1.0779022221811116,0
28402,1.0723493927803545,0
28403,1.1905083563990992,0
28404,0.306841900148929,0
28405,4.4126026258861994,1
28406,0.2271477649606461,0
28407,0.6056038412045655,0
28408,0.834893337510395,0
28409,0.7175492143365381,0
28410,0.28785094571278297,0
28411,0.3826489863725931,0
28412,2.736512346545368,0
28413,2.3197440664263382,0
28414,1.153016171053131,0
28415,0.3910936548125983,0
28416,1.1420831301765597,0
28417,0.19324340268578533,0
28418,1.2560433906874975,0
28419,0.5620057814817978,0
28420,1.3146570522141847,0
28421,2.3225320801547644,0
28422,0.7178541713708443,0
28423,0.8500793914262577,0
28424,0.9936725842489225,0
28425,1.3678278441111567,0
28426,0.630215427930232,0
28427,0.889166074458073,0
28428,0.6085256794044833,0
28429,1.0898990797963848,0
28430,0.8100368689799242,0
28431,1.3692207684878048,0
28432,3.208438185634964,1
28433,1.2737052624904632,0
28434,0.4722461075399033,0
28435,0.32038016763943084,0
28436,1.929509953326768,0
28437,0.6340236184987824,0
28438,0.282704684171337,0
28439,0.9836683770484996,0
28440,0.6021714754842722,0
28441,2.9278448731358617,0
28442,1.4036543113691073,0
28443,1.1059499263949126,0
28444,0.25870344621455454,0
28445,0.512372535714127,0
28446,1.0261904224823268,0
28447,0.8501527330387411,0
28448,1.1920776818667578,0
28449,1.2839143763935132,0
28450,12.189831842615872,1
28451,0.6606975500857556,0
28452,0.8344253110713941,0
28453,2.335123113003889,0
28454,0.47200710775344373,0
28455,0.8191867911944827,0
28456,0.9492750598137711,0
28457,1.8240404036887523,0
28458,3.1367561505041692,1
28459,1.7187662911116102,0
28460,0.5829219422665963,0
28461,1.1992397338156089,0
28462,0.7988981883734104,0
28463,1.487023523781909,0
28464,1.111138726752053,0
28465,0.2683359034826423,0
28466,0.7870286527761579,0
28467,0.7848426371183418,0
28468,2.116300579862458,0
28469,1.791121385633516,0
28470,2.8388543250032066,0
28471,1.3027459761422868,0
28472,0.48680561180344273,0
28473,1.47423478217819,0
28474,2.0156618712894194,0
28475,0.39653903301335364,0
28476,1.2056938997982463,0
28477,0.6565658446662833,0
28478,0.794003910181616,0
28479,1.0112039510119735,0
28480,0.6924358507566575,0
28481,0.9746697635601171,0
28482,1.0062728824607656,0
28483,1.5576520208067757,0
28484,0.29420837404654393,0
28485,0.4200648464867237,0
28486,1.2932984868425021,0
28487,1.0667592431347157,0
28488,0.767997845483173,0
28489,0.37908438825455154,0
28490,1.3328898911062623,0
28491,1.5096684414679395,0
28492,0.9225814003596222,0
28493,0.5900013659905067,0
28494,2.013446405912215,0
28495,0.28719949163113695,0
28496,1.215550169280117,0
28497,0.6613081292641102,0
28498,0.6328231075441361,0
28499,2.08376125532969,0
28500,1.4643537744700417,0
28501,0.7594803521183249,0
28502,0.48747131549389733,0
28503,1.0217796580318343,0
28504,1.790361041925218,0
28505,0.3063901035838522,0
28506,2.402831782131008,0
28507,2.2826974155172044,0
28508,0.57966193942028,0
28509,0.6860476736424077,0
28510,5.939039086918604,1
28511,1.0124830415984603,0
28512,0.3759131265670933,0
28513,1.7249619791002824,0
28514,0.25748826776588873,0
28515,3.7479732523842197,1
28516,2.228864230914267,0
28517,1.098733698782935,0
28518,0.5199289857959558,0
28519,0.24415909668891544,0
28520,1.7748089841507992,0
28521,1.5756905175884164,0
28522,1.6948505247102719,0
28523,0.8732575151471326,0
28524,0.26506191788155187,0
28525,0.6295206562209414,0
28526,1.8081264146616052,0
28527,0.7921069550365757,0
28528,0.38006549211788665,0
28529,1.5843036498073815,0
28530,0.510858543680446,0
28531,1.1839360194305435,0
28532,1.9223845879277301,0
28533,0.8664292018173403,0
28534,2.580112059804585,0
28535,1.1289191452410663,0
28536,1.2631214377543813,0
28537,2.4267764470445323,0
28538,0.9975854555782309,0
28539,1.3238593685406537,0
28540,3.0962286435835007,1
28541,0.9087425014399774,0
28542,1.4161424884104332,0
28543,0.5964072722171089,0
28544,2.4530972215611393,0
28545,1.3731904882065666,0
28546,1.6534757238539675,0
28547,1.1640781973142695,0
28548,1.122801152928994,0
28549,0.8232612269792371,0
28550,1.019623504380047,0
28551,0.4662923732886203,0
28552,1.7017878549404977,0
28553,2.3162694639606287,0
28554,1.0023429291435755,0
28555,2.8412915160151617,0
28556,0.8137576843893222,0
28557,1.3899629724717595,0
28558,0.7899072960879864,0
28559,1.3071947900831526,0
28560,2.3029404315741586,0
28561,2.2403607880928242,0
28562,1.6322431606801069,0
28563,0.5900507377913483,0
28564,1.2567130874305543,0
28565,3.4314597218254836,1
28566,0.7144961839475298,0
28567,0.32231709928149715,0
28568,1.345153729027557,0
28569,0.5286829583743188,0
28570,1.297522697143332,0
28571,1.3334042292749542,0
28572,0.6024394155899709,0
28573,1.3127879608410054,0
28574,1.1112737179735261,0
28575,0.40409409472210644,0
28576,1.5211483971411601,0
28577,0.4782808627266902,0
28578,2.612299706911583,0
28579,0.41100234628253945,0
28580,0.918568908174287,0
28581,1.049980438820639,0
28582,1.4051786865611662,0
28583,2.35865508304544,0
28584,0.6737061400190171,0
28585,1.2212015788089607,0
28586,1.509420681992643,0
28587,0.2228056438944125,0
28588,2.0438329515402898,0
28589,2.0562125262691473,0
28590,1.7104721824462874,0
28591,1.9403770757902166,0
28592,0.44793701889962506,0
28593,0.9136357035313115,0
28594,1.0272221227739695,0
28595,1.5486015668748194,0
28596,1.0532635376855375,0
28597,1.498988584178112,0
28598,1.9845921364379355,0
28599,0.39264256973964884,0
28600,2.033110620927156,0
28601,1.801481232340351,0
28602,2.8163885024458235,0
28603,1.8585345148451655,0
28604,2.0052973162366134,0
28605,0.38238861040900446,0
28606,0.8044360079263927,0
28607,0.3779856400289339,0
28608,1.2671993472056247,0
28609,0.49444324880661383,0
28610,0.5472563652486383,0
28611,1.3669616275711138,0
28612,1.1684597332437068,0
28613,1.1117091932014014,0
28614,1.1237169199771415,0
28615,0.6602321444634253,0
28616,0.2893573600741757,0
28617,0.5223294063970179,0
28618,1.4164817381090578,0
28619,0.5087070159971094,0
28620,0.5913913470939919,0
28621,0.28469875796135546,0
28622,1.037145283930895,0
28623,2.0338829514225893,0
28624,10.63809464516877,1
28625,1.0369438250607446,0
28626,1.0880983451710322,0
28627,0.20180015059102926,0
28628,0.46477615971739256,0
28629,12.69363182275793,1
28630,1.708652513509927,0
28631,0.906115221240171,0
28632,0.4317278722946224,0
28633,1.3630174983027326,0
28634,0.8294881884562227,0
28635,1.3200883666817274,0
28636,1.7057865189602972,0
28637,2.6466995799214255,0
28638,1.7048757177652445,0
28639,0.5702688090727928,0
28640,0.43968501355022477,0
28641,0.9525748978626051,0
28642,1.8095437103504972,0
28643,3.6400434247124442,1
28644,1.4247393670286235,0
28645,0.5414816806616211,0
28646,1.354867881690074,0
28647,0.3473412254923622,0
28648,0.567100102919622,0
28649,0.9503168199826337,0
28650,1.170696334635,0
28651,0.2444029612403971,0
28652,0.657933314678585,0
28653,2.3213361476045837,0
28654,3.1407623585844227,1
28655,0.9714064916288981,0
28656,0.7435729582152105,0
28657,1.690501758117608,0
28658,1.4924930272837302,0
28659,1.2897665797705435,0
28660,0.5198879580796031,0
28661,1.6867599012302372,0
28662,1.1742054262934625,0
28663,0.38988573647787106,0
28664,1.3155802271067962,0
28665,0.6790088881534957,0
28666,1.108444721528137,0
28667,0.5269089151272015,0
28668,2.5874511138260474,0
28669,0.8581358976749899,0
28670,3.2307252034297846,1
28671,0.7360193348328633,0
28672,0.5520657409451483,0
28673,0.5041429705776653,0
28674,0.43968754380431924,0
28675,0.8759550556511918,0
28676,1.7326897653863216,0
28677,0.9892247728386759,0
28678,0.30918063382386995,0
28679,0.7918725497190822,0
28680,1.0655007712492652,0
28681,0.46501399276923877,0
28682,0.4318080648771369,0
28683,2.557809327466468,0
28684,0.3217353044620434,0
28685,0.41411482599032656,0
28686,1.3825929446334526,0
28687,1.2774188194337746,0
28688,1.5357701827636725,0
28689,2.045976757080006,0
28690,0.668593753429413,0
28691,2.736913977479337,0
28692,0.663163269219947,0
28693,0.6057154451891121,0
28694,0.6433881200767557,0
28695,3.168065337088083,1
28696,1.1562150122954995,0
28697,4.6089028147604685,1
28698,1.2576556794155316,0
28699,0.3672877154777331,0
28700,2.653406281744805,0
28701,0.4771556185942453,0
28702,1.7975364074983138,0
28703,0.2946223344747149,0
28704,0.4938766396892158,0
28705,1.0239570612189108,0
28706,1.189623810338388,0
28707,3.257681440829265,1
28708,1.1352312038608807,0
28709,1.3932275830636867,0
28710,0.23297215939574306,0
28711,1.922026991326311,0
28712,0.6046415321600256,0
28713,0.7719621266939303,0
28714,0.8489419011656739,0
28715,7.176415658389547,1
28716,77.58910897957507,1
28717,1.7161966958568877,0
28718,0.611077589284971,0
28719,7.139150201164589,1
28720,0.7889239148007441,0
28721,2.3385346363911657,0
28722,0.7089558256334303,0
28723,0.9952783384931113,0
28724,0.810624060263592,0
28725,1.890659861702677,0
28726,0.9775997673747036,0
28727,1.4351259178309754,0
28728,0.31394589711668386,0
28729,1.278552251431507,0
28730,1.569940611150479,0
28731,0.909530179040667,0
28732,0.9278486793801928,0
28733,0.7620734823428708,0
28734,1.4583927691380796,0
28735,1.0204237104695766,0
28736,2.5893002263036005,0
28737,0.8812215589082402,0
28738,0.7023471673866616,0
28739,0.242604327102557,0
28740,1.6720306030615186,0
28741,0.34605367673396503,0
28742,4.089875761515384,1
28743,9.472816387284317,1
28744,1.722943538154572,0
28745,1.0011995975329906,0
28746,0.8911890945999097,0
28747,1.6862245345680407,0
28748,1.518246630604588,0
28749,0.20546584578616942,0
28750,1.743969976395083,0
28751,1.000019795654164,0
28752,1.7367724798638542,0
28753,0.41982993905566823,0
28754,1.10949048491234,0
28755,1.0334910865153135,0
28756,2.897238741199265,0
28757,1.016383830284835,0
28758,0.43759722621341307,0
28759,0.4442042015405333,0
28760,2.4661416289911724,0
28761,1.1253385651049033,0
28762,0.33513032623159134,0
28763,0.6939536972112613,0
28764,0.4951179608490063,0
28765,1.372556387235065,0
28766,2.559682732270332,0
28767,0.44547694309142805,0
28768,0.918738141437688,0
28769,1.9496979757431583,0
28770,0.8003048817069842,0
28771,0.645233196180269,0
28772,0.9543133842274306,0
28773,1.1082587565344069,0
28774,1.297508414597103,0
28775,0.4520407448668312,0
28776,1.0850963203821868,0
28777,1.9974226918265532,0
28778,0.8358124326487057,0
28779,0.18899751856560906,0
28780,3.239581563574235,1
28781,0.4031430142773598,0
28782,1.3454316572742415,0
28783,0.4279695282199726,0
28784,1.7428727023901742,0
28785,1.4678107699987384,0
28786,1.705581438127654,0
28787,1.8309075424660586,0
28788,1.6328602190439092,0
28789,1.2825405470273101,0
28790,1.2934021539345895,0
28791,0.7935165791844562,0
28792,0.41856373915881473,0
28793,0.7231690963000055,0
28794,2.0107026436243998,0
28795,0.6135257176056185,0
28796,0.8295628197202609,0
28797,0.4012745196781681,0
28798,2.171502365817108,0
28799,2.7895509997800216,0
28800,0.8411561564606014,0
28801,0.91526797364113,0
28802,1.2227406184677951,0
28803,1.993424098893113,0
28804,0.5286345168746629,0
28805,3.3039325866207716,1
28806,0.672426890893222,0
28807,1.1907286745486814,0
28808,1.192533021207751,0
28809,2.8147360383345172,0
28810,3.1190562920258063,1
28811,1.326970027327379,0
28812,0.9053680006158317,0
28813,0.9591086102829902,0
28814,0.39356409325991815,0
28815,1.3611019670259017,0
28816,0.5063734010435322,0
28817,0.9489467083778809,0
28818,0.5313800090484663,0
28819,0.9270287612061442,0
28820,2.6429681412922963,0
28821,2.753780297631655,0
28822,2.0327446083021785,0
28823,1.4080573211028389,0
28824,3.286013407298593,1
28825,1.180480186216028,0
28826,1.0637336435340774,0
28827,0.5614401087192288,0
28828,0.5787651917376334,0
28829,0.9609401775345849,0
28830,0.9234129157937879,0
28831,0.8625414915286451,0
28832,2.003101631473299,0
28833,1.6446711087206753,0
28834,4.035277711301669,1
28835,2.4267675920723004,0
28836,5.199693256926567,1
28837,0.9441345040282826,0
28838,1.0423181521948255,0
28839,1.378279988515036,0
28840,1.4435345394876697,0
28841,1.0045978505500204,0
28842,2.0091845166712514,0
28843,1.579314299535437,0
28844,1.9229340961683228,0
28845,1.0273281303836792,0
28846,0.8575569202085893,0
28847,0.86718297875199,0
28848,1.8110729454552439,0
28849,0.5545473737794315,0
28850,1.7248832969753995,0
28851,1.505145351381947,0
28852,2.0484983578124507,0
28853,1.2994751061932996,0
28854,1.2179780926727344,0
28855,1.264764611720706,0
28856,0.36514891630774216,0
28857,1.5907892600813842,0
28858,1.5715220994468055,0
28859,0.7041791995713103,0
28860,2.165106648108526,0
28861,2.7378859579579093,0
28862,1.1360427591943743,0
28863,0.7345687730495001,0
28864,0.7360661603913828,0
28865,0.9505145274476738,0
28866,0.9855851486829647,0
28867,0.9941127695969103,0
28868,0.47149940809292645,0
28869,0.9280670336907139,0
28870,0.4239806305772696,0
28871,0.2748662626218696,0
28872,0.9100046419940557,0
28873,0.8364157278452712,0
28874,0.8966279693037428,0
28875,2.1218348472650512,0
28876,1.0236496328704037,0
28877,1.087348968495356,0
28878,1.0087925637249902,0
28879,2.6916250359975193,0
28880,0.4650708881117405,0
28881,1.2285362944132683,0
28882,1.3700561410101977,0
28883,1.1055560154007706,0
28884,1.0203542958170333,0
28885,0.3227083125773234,0
28886,0.48329605643557333,0
28887,0.9617814471876794,0
28888,0.4973951364210357,0
28889,1.9879383789176075,0
28890,2.984519120951427,0
28891,1.2132595677675375,0
28892,1.6074306085494678,0
28893,1.9583920868456821,0
28894,1.6522699982786173,0
28895,0.34534670409833457,0
28896,1.2719031285449638,0
28897,0.846973574323775,0
28898,1.1610927308463133,0
28899,1.531239234862557,0
28900,0.7400240781460729,0
28901,1.3746376191680851,0
28902,0.6587714122800811,0
28903,1.9173658492313257,0
28904,1.2196433232145294,0
28905,1.3231419696992945,0
28906,0.9871860131844539,0
28907,0.9321548271624344,0
28908,0.9740311868317455,0
28909,2.7541486308575776,0
28910,2.7198668280181892,0
28911,2.153066259713554,0
28912,0.9237655864241922,0
28913,0.7581363706073733,0
28914,0.3677718221724991,0
28915,0.6685744285464706,0
28916,1.3177738660787133,0
28917,1.137882648992962,0
28918,1.8731715635105637,0
28919,3.4432044052305297,1
28920,0.4721158521326148,0
28921,1.235858238356804,0
28922,1.1913671287367953,0
28923,1.6922443640031422,0
28924,1.3337766987139423,0
28925,0.9359313570211579,0
28926,0.5133625393715768,0
28927,1.3203534956217917,0
28928,0.9811361665219279,0
28929,1.1201289357782767,0
28930,1.7523808015799553,0
28931,1.0781716715136058,0
28932,1.3009987803470866,0
28933,0.22092258010953666,0
28934,1.1885028219730367,0
28935,1.2823060993828586,0
28936,0.9936412815035529,0
28937,1.557047553696758,0
28938,1.1740230198067787,0
28939,1.461930638409067,0
28940,0.7550319260720181,0
28941,0.30821088137619435,0
28942,1.616477295010507,0
28943,0.4851385059491469,0
28944,0.9624411412103326,0
28945,0.4550801871365939,0
28946,3.1210442682354085,1
28947,2.4346049066803905,0
28948,0.42770469641349185,0
28949,1.7100879960650308,0
28950,2.0602450472194462,0
28951,1.0700272620711908,0
28952,2.1210523716008276,0
28953,0.3885612768667058,0
28954,0.6225012850422258,0
28955,1.0696188282543146,0
28956,1.3748319967975484,0
28957,1.156929390481352,0
28958,2.1414384034184377,0
28959,0.45635096901111605,0
28960,0.6338818153095028,0
28961,0.5287113665078585,0
28962,0.402857820587708,0
28963,3.750660816245712,1
28964,0.9109306533559008,0
28965,0.9770641745767539,0
28966,0.613433795707316,0
28967,3.5524809919825118,1
28968,0.8158278118408439,0
28969,1.2480645001920128,0
28970,1.6237329975326382,0
28971,1.009315808689951,0
28972,1.4216075195423448,0
28973,1.6684797458555414,0
28974,1.6203306760573126,0
28975,0.571109593019791,0
28976,0.5276304701034881,0
28977,1.258847613289547,0
28978,2.0913711126750703,0
28979,1.2591806459533905,0
28980,1.1679545068794688,0
28981,0.6343203326165168,0
28982,0.6384584816207937,0
28983,0.4697275071270945,0
28984,0.639076023999187,0
28985,1.0341009386242033,0
28986,2.0231586829999815,0
28987,2.207987405672915,0
28988,1.628853378782203,0
28989,0.42366263875587407,0
28990,0.4177713044394506,0
28991,0.6530407616220036,0
28992,0.5712513097327082,0
28993,6.463320131192325,1
28994,0.8645702709248935,0
28995,1.6040961077740603,0
28996,1.0417149211061614,0
28997,3.0851442696848808,1
28998,0.5639983330950378,0
28999,0.8622637038916724,0
29000,0.47470859565430856,0
29001,1.7163014542341855,0
29002,1.3961750493140168,0
29003,4.273222338782834,1
29004,1.474701416180507,0
29005,0.5289098776901284,0
29006,0.843461557732368,0
29007,0.5452200303812397,0
29008,0.6410293573783812,0
29009,3.440213070920993,1
29010,2.7596947795633016,0
29011,3.934284088335587,1
29012,0.5118936993132479,0
29013,1.02250090266518,0
29014,1.6041715047418887,0
29015,1.2636180226371239,0
29016,0.31482220394602944,0
29017,0.8937568978409234,0
29018,0.3663060966913692,0
29019,0.25140381871221384,0
29020,1.727432721659917,0
29021,0.2743005206925316,0
29022,1.4926088303732241,0
29023,0.5361844467607985,0
29024,1.0881150837164708,0
29025,1.994555056029718,0
29026,1.2140544550314731,0
29027,1.4400689779046223,0
29028,2.338466696894377,0
29029,0.39558685882577393,0
29030,0.9425087675271392,0
29031,0.3190577964191717,0
29032,0.29955259987169885,0
29033,1.2387948927510581,0
29034,1.1340828093840267,0
29035,0.6975430691066317,0
29036,0.6993992635842141,0
29037,0.5655475836884013,0
29038,2.367488730027295,0
29039,1.308809502326901,0
29040,3.324801620329183,1
29041,3.058691296231788,0
29042,2.3205041201151073,0
29043,0.48699702967432984,0
29044,0.39021933886305404,0
29045,2.9114524767334387,0
29046,0.4243942648317735,0
29047,1.0939874481476364,0
29048,1.0200422645913723,0
29049,1.3312266057490034,0
29050,0.8602279891573255,0
29051,0.979216286104683,0
29052,2.8013041445962217,0
29053,2.1683494744097174,0
29054,0.4340781669080067,0
29055,0.8130178308747372,0
29056,1.1061533326379187,0
29057,1.3741686480959783,0
29058,0.81722167150292,0
29059,0.3965662598512936,0
29060,1.8348581406672682,0
29061,1.1306922591734967,0
29062,0.9278818132318957,0
29063,5.8007271825591395,1
29064,2.08060051352423,0
29065,1.5624360896678495,0
29066,0.4916698182272205,0
29067,0.7221704549698345,0
29068,1.3215158536206242,0
29069,1.9891500931989263,0
29070,0.6350399371695836,0
29071,0.8748798572760609,0
29072,2.4762865892220725,0
29073,2.9622197980958513,0
29074,0.8579801381338605,0
29075,10.182967667821707,1
29076,1.901361077080459,0
29077,1.3599249293180888,0
29078,2.516910740967748,0
29079,2.0881814573122752,0
29080,1.305982445749937,0
29081,2.496656716279889,0
29082,0.853229557840244,0
29083,0.9097966282819924,0
29084,1.0701520666988127,0
29085,1.3802233813782472,0
29086,0.5377974184988162,0
29087,3.204906474666467,1
29088,0.48004161924637656,0
29089,1.9045825560328988,0
29090,1.4657951726456664,0
29091,0.7365492698466578,0
29092,1.8980183583561963,0
29093,2.219667596307973,0
29094,1.7556368913526323,0
29095,1.1671309921694637,0
29096,1.3383728150766376,0
29097,0.5886770052465852,0
29098,2.2676037871250387,0
29099,0.3593668709564871,0
29100,0.6714334902508142,0
29101,0.5774042026735678,0
29102,0.6921171965609731,0
29103,0.5331674053900713,0
29104,2.034500734212735,0
29105,2.2612462809386313,0
29106,1.042833948294248,0
29107,1.7726662679302265,0
29108,2.571009430830871,0
29109,1.7787824711872526,0
29110,0.6817644328407948,0
29111,1.8028098207468033,0
29112,0.5753104947360963,0
29113,0.44706795090118967,0
29114,0.6548226583763802,0
29115,2.1511410284164265,0
29116,0.477876268768317,0
29117,1.9406108179885366,0
29118,3.6188328277630357,1
29119,1.545345466884212,0
29120,2.2666645764547213,0
29121,2.6179043372167237,0
29122,1.6388268811738527,0
29123,0.4966082826853256,0
29124,1.5953054693344668,0
29125,1.5251650263343821,0
29126,1.165747040572906,0
29127,1.9365916167650932,0
29128,1.1188565528707932,0
29129,1.5336973063024464,0
29130,2.875722546660682,0
29131,1.2324278627137264,0
29132,0.7792440842513436,0
29133,2.5589441732780993,0
29134,1.4894624355256287,0
29135,1.073288423663439,0
29136,2.147032196890591,0
29137,1.9414719042524449,0
29138,0.7073819720105335,0
29139,0.8813364116998005,0
29140,1.027844249099265,0
29141,4.482459483652016,1
29142,0.8267841893430323,0
29143,0.6107472408210209,0
29144,0.32250467582271536,0
29145,1.8049057348350863,0
29146,0.5295052156857635,0
29147,1.437712710570192,0
29148,1.381832829796739,0
29149,1.89295989835007,0
29150,2.5451733015928744,0
29151,2.8102001592476595,0
29152,1.6997943075651016,0
29153,0.47070774168378543,0
29154,2.1935019320364657,0
29155,2.0071204579067157,0
29156,1.4456568875898907,0
29157,1.4482245590886165,0
29158,1.3820968802819307,0
29159,3.8413119240065927,1
29160,2.41118856199541,0
29161,1.6286282612898353,0
29162,2.2049492626072524,0
29163,1.6553537620668697,0
29164,0.8975857156204827,0
29165,0.5497323610793209,0
29166,0.33359297185606707,0
29167,1.3136280582231596,0
29168,1.0047749251251779,0
29169,1.3408025671171764,0
29170,1.830043437157488,0
29171,3.8512338906886767,1
29172,1.5850834693784355,0
29173,1.5594296744879157,0
29174,0.9799245714669663,0
29175,2.8207885526596446,0
29176,2.4194239864864757,0
29177,1.8489967743515303,0
29178,3.1906962760372455,1
29179,2.1167897579821924,0
29180,1.9692246893843444,0
29181,1.1427445497444624,0
29182,1.0385649927046618,0
29183,0.32482930961875783,0
29184,1.4886125691692138,0
29185,1.6505324299108297,0
29186,1.5626951429814218,0
29187,0.9081674257607333,0
29188,1.8067771527544887,0
29189,1.5172129151829943,0
29190,0.31572561951990236,0
29191,1.635353870474795,0
29192,1.4219711431760584,0
29193,0.7179454000904951,0
29194,2.2264999822537557,0
29195,3.351394312282188,1
29196,0.9314310819642486,0
29197,0.6515992195217368,0
29198,1.282457877965709,0
29199,0.20993182759664566,0
29200,1.6736240493203287,0
29201,1.090518593555825,0
29202,1.6648200068819918,0
29203,0.708820020531851,0
29204,0.30981736816668065,0
29205,1.2899862205777584,0
29206,0.24201743095238096,0
29207,1.7765276184834573,0
29208,0.3087841477725056,0
29209,1.3896917122247332,0
29210,0.62346008222761,0
29211,1.04216866016353,0
29212,0.5866133195835463,0
29213,0.8562073285380054,0
29214,1.1311313743442504,0
29215,0.3616022535429885,0
29216,0.16326530699377198,0
29217,0.9123776489731947,0
29218,0.3948233512938554,0
29219,1.6012463081135733,0
29220,0.5257096844604001,0
29221,0.12941872122801684,0
29222,0.7789256218870663,0
29223,0.18974499417970142,0
29224,0.5370588979378297,0
29225,0.6560965887465584,0
29226,0.16153854469387846,0
29227,0.6626150949265429,0
29228,0.14564300997035526,0
29229,0.23740297441535102,0
29230,1.3724252428436645,0
29231,2.2756219435137184,0
29232,0.8865307296018291,0
29233,0.47343489861002525,0
29234,0.5364860686870564,0
29235,0.20014610905226976,0
29236,0.14655192483669122,0
29237,0.5778377294246273,0
29238,1.490723428250289,0
29239,0.8404875459576326,0
29240,0.5145225398585203,0
29241,1.3488045220821336,0
29242,0.7858267575141543,0
29243,0.7968117033125848,0
29244,2.2064819064437087,0
29245,1.707373086072738,0
29246,0.49714071740334576,0
29247,1.1265868802008603,0
29248,0.43746799409959997,0
29249,1.8670747669150423,0
29250,0.9404391409236555,0
29251,0.45340260172669977,0
29252,0.3029282925619013,0
29253,0.589295989566528,0
29254,0.478484531798265,0
29255,0.3353539784683362,0
29256,0.24962976665799855,0
29257,0.4125073137429233,0
29258,1.6506245991404063,0
29259,0.8827483589695249,0
29260,0.15955873669803514,0
29261,1.191569393224241,0
29262,0.2698899182250193,0
29263,1.8528030428361137,0
29264,1.5405489114688153,0
29265,0.6737409789594786,0
29266,2.7608487452463337,0
29267,0.5781585791458179,0
29268,1.90979090554231,0
29269,0.6720306855802113,0
29270,1.1904992251470448,0
29271,2.5170153240676245,0
29272,1.095402111866435,0
29273,1.2655288788355874,0
29274,0.9921485868282364,0
29275,2.3961649428500635,0
29276,0.37310299789982593,0
29277,2.9728710419803064,0
29278,1.7285120309786521,0
29279,0.971311346008694,0
29280,1.1734382030595643,0
29281,1.2146932233489147,0
29282,1.929485790768201,0
29283,0.48452591613627566,0
29284,0.38789850319899205,0
29285,1.4700651112147651,0
29286,1.347166553288329,0
29287,1.3118081864554894,0
29288,0.5529247221127603,0
29289,0.6780568066823979,0
29290,1.1083437229394077,0
29291,4.431661491386938,1
29292,1.0280613588334404,0
29293,1.2820086874427674,0
29294,0.3239797200001307,0
29295,1.618275439775079,0
29296,0.3812267560490076,0
29297,1.6425877472884094,0
29298,0.533526290472517,0
29299,2.493272677507759,0
29300,1.5141156755730776,0
29301,1.2865577373732686,0
29302,2.0493825635792193,0
29303,2.0737187448510492,0
29304,0.9680408108744313,0
29305,0.4544115088018962,0
29306,0.30159199996776864,0
29307,1.2043430940776014,0
29308,1.225129859137346,0
29309,1.847774493934648,0
29310,0.32168235613459484,0
29311,1.3700064153740825,0
29312,1.1798523198127746,0
29313,0.6933682085478505,0
29314,0.3519357200692084,0
29315,3.4966657175782654,1
29316,0.782648507466838,0
29317,0.624512361824436,0
29318,2.233303979450225,0
29319,1.7518684840110967,0
29320,0.8681199668671646,0
29321,0.5387375272812309,0
29322,1.1610286819658646,0
29323,2.9165585752558223,0
29324,0.4027792019446693,0
29325,1.0311600413072433,0
29326,0.3814769918945101,0
29327,0.3220671133914352,0
29328,0.5926108604641057,0
29329,1.4193038593198009,0
29330,0.19544716325332454,0
29331,1.0604885895488247,0
29332,1.6062016429564578,0
29333,0.3675895829267367,0
29334,0.6136456420534774,0
29335,0.8901574490590399,0
29336,0.6722249402858828,0
29337,0.6562724119060026,0
29338,2.2886264748357417,0
29339,0.2825993521493249,0
29340,2.2703531350895694,0
29341,0.9870977613883665,0
29342,0.48892611897931937,0
29343,1.0489526322155813,0
29344,0.2964805677657845,0
29345,0.8977909817118448,0
29346,1.7963556097662092,0
29347,3.1024936770032863,1
29348,0.269464350923595,0
29349,0.3230088291932999,0
29350,2.108441394226642,0
29351,1.1283504960480322,0
29352,1.176755939779743,0
29353,4.925069843512746,1
29354,1.045581810607326,0
29355,1.5560120824121302,0
29356,1.4939489811287145,0
29357,1.5717487515268342,0
29358,1.2011535946754355,0
29359,1.4912022387894837,0
29360,1.4173184052098948,0
29361,2.578676751269007,0
29362,0.5084758226407927,0
29363,1.6592881598535252,0
29364,0.8080691413527625,0
29365,0.2620409064149041,0
29366,0.9954777849407678,0
29367,0.7393717505360672,0
29368,1.196376383645737,0
29369,2.7207111279620566,0
29370,0.575409345325697,0
29371,0.9550947777854102,0
29372,1.8248692806169073,0
29373,3.5015772751977345,1
29374,0.7941511262338016,0
29375,0.3053921170544844,0
29376,0.6654496207477087,0
29377,0.43511796727646146,0
29378,2.010790394114403,0
29379,0.27254723085718496,0
29380,1.5665147401861292,0
29381,0.3334953928887477,0
29382,10.223043912921279,1
29383,2.2960251550122943,0
29384,0.42920792006503766,0
29385,3.327214130438512,1
29386,0.4486031360295104,0
29387,1.0139300920398342,0
29388,0.22077497818161762,0
29389,0.18377503286524977,0
29390,2.293370301039444,0
29391,1.9988371007912553,0
29392,2.3177984573170023,0
29393,0.4403268949226853,0
29394,6.107824326967639,1
29395,1.738265953729267,0
29396,1.766107871981556,0
29397,0.8154272850663703,0
29398,1.7842482793722938,0
29399,0.659430702397846,0
29400,3.6605726180536298,1
29401,1.0604639435381427,0
29402,0.868448948063591,0
29403,0.5267956164546944,0
29404,3.275489846364586,1
29405,0.5196945674890433,0
29406,0.4264331161621663,0
29407,0.538189192544454,0
29408,1.320764340707328,0
29409,0.19931087724009092,0
29410,1.328851583321754,0
29411,1.8054122880335004,0
29412,1.8525773714860623,0
29413,2.7726139332771087,0
29414,0.4793746823992721,0
29415,0.836477826973322,0
29416,0.3410668013781766,0
29417,0.3036969993527514,0
29418,1.5133479318675493,0
29419,0.8089423505562211,0
29420,0.49954764258230777,0
29421,4.164202972929356,1
29422,1.261992469379872,0
29423,5.214604257291347,1
29424,0.41231317490881386,0
29425,1.446514011539261,0
29426,0.2863163146562009,0
29427,2.0314905049280187,0
29428,0.23084767529447434,0
29429,0.2624741512073684,0
29430,0.653471530116762,0
29431,1.0690024650551606,0
29432,1.975572129336023,0
29433,0.81802042454587,0
29434,1.171002415100619,0
29435,0.6077279165460734,0
29436,1.133966945269841,0
29437,1.332516132789847,0
29438,0.9453064023122156,0
29439,1.038288357172889,0
29440,1.1025972624622427,0
29441,1.275725914371706,0
29442,0.87411712119871,0
29443,1.994507992938717,0
29444,0.43054730027049987,0
29445,0.3940017095728002,0
29446,2.434862785814594,0
29447,1.0100661102885486,0
29448,1.244289448812325,0
29449,0.665869789486789,0
29450,1.021155345129743,0
29451,1.3286317016317677,0
29452,0.6686924727872,0
29453,0.9824788086034282,0
29454,2.25676488828047,0
29455,0.552772945170662,0
29456,2.071396926380878,0
29457,1.573862056123956,0
29458,2.3445247574622234,0
29459,1.4577074349557122,0
29460,2.139296194636134,0
29461,1.6400070433435765,0
29462,0.5377956817178979,0
29463,0.5022124311419877,0
29464,0.7169191650204481,0
29465,2.9156499834075094,0
29466,0.8875287183563717,0
29467,0.6276753456672088,0
29468,0.5046143251019783,0
29469,1.4800275624066834,0
29470,1.3273189022558114,0
29471,0.5937191940824005,0
29472,7.222258345118285,1
29473,1.8486605020195048,0
29474,2.3423721217195292,0
29475,0.5238505743639912,0
29476,4.9398128573999065,1
29477,1.3768295639545725,0
29478,1.5586619230178125,0
29479,0.6778910168977832,0
29480,1.1113785849688613,0
29481,1.3097501848494242,0
29482,1.7578041239738518,0
29483,0.6499398199513752,0
29484,1.5207287249358719,0
29485,2.4301761775855257,0
29486,1.640269949305908,0
29487,1.301804836238381,0
29488,3.2581182679518554,1
29489,1.8398190516432424,0
29490,0.4749817175961269,0
29491,1.9776052083979658,0
29492,1.6820334722225028,0
29493,1.7193116179323882,0
29494,1.4155517453382804,0
29495,0.7505299414484828,0
29496,2.0425670186998754,0
29497,2.482686115219714,0
29498,1.441388094134614,0
29499,0.5664226991181444,0
29500,1.07456472123263,0
29501,1.8838958206880012,0
29502,0.7167888215000122,0
29503,0.7340164125127907,0
29504,1.5648222546039214,0
29505,1.1493697311045261,0
29506,0.694631608692071,0
29507,1.1832609448219376,0
29508,2.062197294778921,0
29509,2.9010426755978886,0
29510,0.9670173626514573,0
29511,0.24953791872042072,0
29512,0.6025386901434295,0
29513,1.0613452791111828,0
29514,1.119582056272175,0
29515,0.45027090692043753,0
29516,1.1150798612100485,0
29517,0.5296877683675734,0
29518,2.3235037538885472,0
29519,1.1643576202048609,0
29520,1.2543625187662601,0
29521,1.0591377112131724,0
29522,0.8368350315056846,0
29523,1.7512808908529904,0
29524,0.979266936376547,0
29525,1.6871880149801106,0
29526,0.5907330778127943,0
29527,1.2793006415069794,0
29528,0.33093428083548193,0
29529,1.3460454175869216,0
29530,1.2748435292376192,0
29531,0.6165755436249658,0
29532,0.7602577925194971,0
29533,2.027924322866041,0
29534,0.8577358086482786,0
29535,0.8997654431810764,0
29536,1.4747722853554932,0
29537,1.1288470917568716,0
29538,1.2870777785773766,0
29539,0.49855481358491105,0
29540,0.3367677861157859,0
29541,1.0407976377371952,0
29542,1.6069974966623617,0
29543,3.161430545673859,1
29544,0.6583820135835085,0
29545,0.6478528511541813,0
29546,0.3700130600445443,0
29547,0.765997383648111,0
29548,2.227727346022913,0
29549,2.311644479217145,0
29550,0.8704954870544144,0
29551,1.7307922296912694,0
29552,2.2228392890376667,0
29553,1.1770941325134776,0
29554,0.40836902726158725,0
29555,0.626804960923463,0
29556,0.9678898703797837,0
29557,2.005053691520318,0
29558,2.06574055514215,0
29559,0.7179525981740239,0
29560,2.6141537223247506,0
29561,0.9319091280135704,0
29562,1.26057212334994,0
29563,1.499284924416836,0
29564,0.525275672543495,0
29565,2.498188245035505,0
29566,0.39127872114557294,0
29567,0.5552729472203999,0
29568,1.2449675619029168,0
29569,1.7846534082615102,0
29570,0.9605111258653186,0
29571,3.7686997027255495,1
29572,0.6518118492101379,0
29573,2.389110040728852,0
29574,0.33668027304477977,0
29575,1.2981500603441305,0
29576,1.3466924717195516,0
29577,1.8891974547813737,0
29578,3.725928796590057,1
29579,1.5837607944559053,0
29580,1.3829486040861563,0
29581,1.462472583610777,0
29582,0.9575226809631067,0
29583,1.00025325761278,0
29584,2.0142845274039756,0
29585,1.157177712295113,0
29586,1.1927799749946992,0
29587,0.23933151548957976,0
29588,0.9066609542539806,0
29589,0.37195246022216255,0
29590,1.6127189156753332,0
29591,0.2870395501181563,0
29592,1.4107248744878709,0
29593,1.2959368336170938,0
29594,0.38255081332089363,0
29595,1.7758085044571161,0
29596,0.7306015386789657,0
29597,1.0074368427913354,0
29598,0.6311632922001764,0
29599,0.48282559451804197,0
29600,1.6114771956538025,0
29601,0.6622258400392803,0
29602,1.5289604801064869,0
29603,2.0919017700254745,0
29604,0.3616723635285374,0
29605,3.173988764278373,1
29606,2.362252047949183,0
29607,0.42156117892276396,0
29608,0.6167331645707868,0
29609,0.89904147068874,0
29610,2.2771035406308484,0
29611,0.9985669404763897,0
29612,2.590790692044362,0
29613,1.0970423712393624,0
29614,1.6526016867068114,0
29615,1.4625149382112868,0
29616,1.0895718140031252,0
29617,0.3636800167620521,0
29618,3.1032533657727215,1
29619,1.1787782347670386,0
29620,1.42033071945554,0
29621,1.3537545935915367,0
29622,1.030622461088585,0
29623,0.4496377166120273,0
29624,0.2996339793124586,0
29625,0.5212460671490918,0
29626,0.35271322081381545,0
29627,0.7655753864747404,0
29628,0.4970304225338536,0
29629,0.8629450390812821,0
29630,1.0768826833166982,0
29631,0.3721631805486661,0
29632,0.9215741903740476,0
29633,1.8125202377848415,0
29634,0.5505187032417171,0
29635,0.9131964854630623,0
29636,1.4240181394964404,0
29637,1.3922747112481233,0
29638,1.0336906759053464,0
29639,0.4001334379502419,0
29640,1.3626694752978243,0
29641,0.8401841718585246,0
29642,1.878477519851149,0
29643,2.2141613751462694,0
29644,1.4497639044563249,0
29645,0.8606259524568529,0
29646,1.2925811590238268,0
29647,2.0918039445894108,0
29648,0.7002421661080377,0
29649,3.254549073945056,1
29650,2.2487017291212172,0
29651,2.822004876362819,0
29652,3.019165059654023,0
29653,0.4154767494451225,0
29654,0.5591548552183251,0
29655,2.3407848760437107,0
29656,1.1945661076519372,0
29657,0.4112944209698759,0
29658,0.4694664739982505,0
29659,0.5916941908837039,0
29660,1.2690095248184032,0
29661,3.8178200442364028,1
29662,0.3189630476926978,0
29663,0.4272886810891591,0
29664,1.0879673540153374,0
29665,0.6052577241214182,0
29666,3.477219559941994,1
29667,1.506764534059322,0
29668,3.191719319225958,1
29669,1.3510246705068523,0
29670,1.7344667280011017,0
29671,0.4992975478565763,0
29672,0.6893978525778631,0
29673,2.409588736763331,0
29674,0.6933025378108685,0
29675,1.522886724106585,0
29676,2.795546594173097,0
29677,1.7086404772319115,0
29678,1.6126525049759721,0
29679,1.1002588091305396,0
29680,1.572966465864695,0
29681,3.022450755783464,0
29682,0.4663876045738139,0
29683,0.23998940886263648,0
29684,0.8732602970914416,0
29685,1.003033286324836,0
29686,2.9477832608690684,0
29687,1.7599960108148252,0
29688,2.2449126129712322,0
29689,0.3578774712872309,0
29690,1.079771784414608,0
29691,0.4349679263282094,0
29692,2.561107950725747,0
29693,2.22118974004536,0
29694,0.7336752799168874,0
29695,2.52136775148083,0
29696,1.1395481933499723,0
29697,1.0266058980971289,0
29698,0.48399016624003083,0
29699,2.018508193443425,0
29700,1.5262359754779156,0
29701,2.6675857688347935,0
29702,3.0165853151579802,0
29703,3.0945216579787336,1
29704,1.9899442565747811,0
29705,1.7473271450219043,0
29706,2.9534778827467467,0
29707,1.6812383551316499,0
29708,0.8547231087266111,0
29709,1.5926486213062891,0
29710,1.2872200930803273,0
29711,1.280739258091897,0
29712,1.4673625603491196,0
29713,1.0432128609091942,0
29714,0.2719575966963628,0
29715,0.9766927549897944,0
29716,0.9790890391206621,0
29717,1.399662271128632,0
29718,1.010969000154725,0
29719,1.1509296191543241,0
29720,0.8551564990643186,0
29721,3.920031815031538,1
29722,2.441980645703624,0
29723,3.218924903962432,1
29724,0.6145564775854612,0
29725,0.4761769514786373,0
29726,1.8740586308831522,0
29727,0.3652836894943384,0
29728,0.5505076656054017,0
29729,0.9102878754781617,0
29730,0.31837796821607556,0
29731,2.750322735297665,0
29732,1.9695389584596457,0
29733,2.1352430911734364,0
29734,2.1467700734265907,0
29735,1.13289274349085,0
29736,1.0684897973142398,0
29737,1.4782113095797798,0
29738,1.0228028479526092,0
29739,4.01808124678625,1
29740,1.8697717940710978,0
29741,0.48688052597996007,0
29742,3.1187547074623168,1
29743,1.194842224042047,0
29744,2.3884706130119793,0
29745,1.904214315887524,0
29746,1.2248654010347235,0
29747,1.8472740967140129,0
29748,0.781114674206925,0
29749,0.5438892501024449,0
29750,1.4428502950702071,0
29751,1.6525773128876322,0
29752,0.6310485630818832,0
29753,1.5975468100798225,0
29754,0.3758919881121524,0
29755,2.1463496507816036,0
29756,1.1354346374666695,0
29757,0.4400155587195181,0
29758,1.8481222816931406,0
29759,1.279896049524799,0
29760,0.4250912801488245,0
29761,1.2211500800634723,0
29762,2.0824250827301345,0
29763,0.6182748547574856,0
29764,0.33364975902365507,0
29765,1.434180181196323,0
29766,2.01303831615387,0
29767,1.9024620681660311,0
29768,1.14960144660656,0
29769,1.6450846085128001,0
29770,1.8511734523769146,0
29771,2.195900823408074,0
29772,1.186595371399316,0
29773,2.6792121771101214,0
29774,0.4534836430295195,0
29775,1.4227901474324804,0
29776,1.7681954813620173,0
29777,2.3158397068911794,0
29778,1.9762510578052617,0
29779,1.8130944746128634,0
29780,1.0752636857112026,0
29781,1.7282290086475158,0
29782,1.401711590442827,0
29783,1.5940699152563647,0
29784,1.6626875604331062,0
29785,1.1940861065352502,0
29786,0.9002086651952588,0
29787,1.6942921712109689,0
29788,0.9821110032348824,0
29789,1.6945606880253627,0
29790,1.2355922228824625,0
29791,3.141729996031698,1
29792,0.8810120948597103,0
29793,0.5062196817804195,0
29794,1.4762292271648896,0
29795,0.4604245888055702,0
29796,1.4391152821103768,0
29797,0.5498705118875696,0
29798,2.6154376625976914,0
29799,2.6085146345418115,0
29800,1.0219659620940555,0
29801,1.4651206478622754,0
29802,1.9910701386695346,0
29803,0.8549954545190389,0
29804,1.3977797979513304,0
29805,0.39623920279899083,0
29806,1.9166445688090616,0
29807,0.4012062808485956,0
29808,0.8211617907348163,0
29809,2.91730760128953,0
29810,1.4700577604215908,0
29811,2.015706480760146,0
29812,1.7798985202420117,0
29813,1.530601162598791,0
29814,2.4587411311365064,0
29815,0.32253383915697875,0
29816,3.6423481059060854,1
29817,1.6536414149601102,0
29818,0.35009628531420695,0
29819,0.8922405503348505,0
29820,11.069022365073947,1
29821,4.519660801614675,1
29822,1.3537739758799177,0
29823,0.3532959855974873,0
29824,1.2551725096459692,0
29825,1.6768256214859056,0
29826,0.7771213869154264,0
29827,1.8556025694914893,0
29828,1.3669130966875047,0
29829,0.6226528978358534,0
29830,0.41987002257069944,0
29831,0.4345733261204962,0
29832,0.4420383117901007,0
29833,2.025134289106161,0
29834,0.24259951067278238,0
29835,0.7616500056203723,0
29836,2.065976808825974,0
29837,2.408556997982191,0
29838,0.6315288207309188,0
29839,2.1966263523061924,0
29840,1.9918663308810294,0
29841,2.1407482189388523,0
29842,2.7309147699403664,0
29843,1.8259840011041402,0
29844,1.5044110754031137,0
29845,2.5053710481077895,0
29846,1.2980216874718886,0
29847,3.649331959445258,1
29848,1.3414956608319466,0
29849,0.47776186780915425,0
29850,0.5752819650738625,0
29851,1.9102389158739776,0
29852,2.7899609794070206,0
29853,1.3067769079541425,0
29854,1.017288745663323,0
29855,1.9844465739826773,0
29856,0.9778920357206226,0
29857,0.30837089995338374,0
29858,1.3570068455083328,0
29859,0.6835313329490266,0
29860,0.9607500018630047,0
29861,1.4681106326888687,0
29862,0.9914068711178855,0
29863,0.8712976050176156,0
29864,2.7226412422071973,0
29865,1.8571908960119328,0
29866,2.8250930824758544,0
29867,5.2043067012714825,1
29868,1.12483554138695,0
29869,1.6000736774296236,0
29870,0.24392371563888468,0
29871,2.016565486569397,0
29872,0.8663553614145186,0
29873,0.4842184845946817,0
29874,0.9224216842233608,0
29875,1.3766061922044313,0
29876,0.8886984825776113,0
29877,1.4287587200237282,0
29878,3.2132504199443868,1
29879,0.5892606034295196,0
29880,0.9169309210414818,0
29881,0.9843229573912549,0
29882,1.51058664105864,0
29883,2.8337425622381907,0
29884,4.277513327538814,1
29885,0.4899590467839746,0
29886,3.5923434822847726,1
29887,0.7642299556174484,0
29888,3.10995136903021,1
29889,0.8464714755240853,0
29890,0.42736017321867104,0
29891,2.1010736420764378,0
29892,1.0656525028465256,0
29893,1.7686789672727368,0
29894,0.5286472978605257,0
29895,1.1129179327640317,0
29896,1.1290940082759038,0
29897,0.7752360138021999,0
29898,0.6109056022769781,0
29899,1.596711005782684,0
29900,0.7933400982701431,0
29901,1.192035857267981,0
29902,2.995187849535058,0
29903,3.5004462521655437,1
29904,0.5373917858652136,0
29905,1.3041383645114921,0
29906,5.90272581019046,1
29907,1.806871770781547,0
29908,0.3171135640950005,0
29909,0.35628677823635496,0
29910,0.5758060702339944,0
29911,0.86215075663895,0
29912,1.1590300883458524,0
29913,2.0648048094241402,0
29914,1.4884808100490166,0
29915,0.8283196602329678,0
29916,0.6648928033715636,0
29917,2.4017890134237714,0
29918,0.6543316323199054,0
29919,2.091062989766103,0
29920,2.302819415298426,0
29921,4.315048014923627,1
29922,0.6596023885284922,0
29923,0.7232246324412076,0
29924,0.383844813978347,0
29925,1.9727504250345562,0
29926,1.4829653670584926,0
29927,1.0245739359317863,0
29928,0.8063675352527953,0
29929,1.0598077338931808,0
29930,1.116920772671463,0
29931,1.753372988756673,0
29932,1.7231757212012941,0
29933,2.387404961743159,0
29934,0.6678549901488515,0
29935,3.168580881831998,1
29936,1.2502766744485347,0
29937,0.7497435617876446,0
29938,1.062578910087453,0
29939,2.392579193697335,0
29940,0.9504672054349309,0
29941,1.3187867935255733,0
29942,0.6649022566242653,0
29943,1.664932960384721,0
29944,1.5503884059455155,0
29945,0.40908254606743916,0
29946,1.1553412318503429,0
29947,1.0866399849260766,0
29948,2.0293560330658895,0
29949,1.8304108511834412,0
29950,1.6753631765424855,0
29951,0.9911676344090572,0
29952,0.916361746553864,0
29953,1.380558800845373,0
29954,3.82437209110534,1
29955,1.6756194725496605,0
29956,1.198761602355995,0
29957,4.615004145284603,1
29958,1.165366990873406,0
29959,3.191476141236281,1
29960,0.3988340560853459,0
29961,0.2703807684099097,0
29962,1.8028707755205422,0
29963,26.49840115524732,1
29964,1.2642204747242258,0
29965,0.6504205643405826,0
29966,3.25016022799794,1
29967,2.4924330501696845,0
29968,0.9610697757251477,0
29969,0.8813903790454944,0
29970,2.867178675183696,0
29971,0.584492521202116,0
29972,3.223746878093954,1
29973,0.7067244227134603,0
29974,1.1986811496424807,0
29975,1.555231594338127,0
29976,1.4509674431062645,0
29977,1.163970401379523,0
29978,0.9331653047172174,0
29979,0.5396120954857019,0
29980,0.720796072458885,0
29981,1.0068239677122688,0
29982,0.4591796018252598,0
29983,1.0140970795263202,0
29984,1.1478098169914825,0
29985,0.250448792239171,0
29986,0.9119404978355427,0
29987,2.2536062553827807,0
29988,3.2368916524590077,1
29989,0.8817184126136244,0
29990,1.2627275966222582,0
29991,1.4805118852899875,0
29992,1.3678618187247895,0
29993,2.4089628826143694,0
29994,0.9258937712000478,0
29995,1.8352097100078493,0
29996,1.5018068751778655,0
29997,2.149333281561112,0
29998,4.00214660267592,1
29999,0.39859549198871347,0
